[2025-12-11T23:01:43.781+0000] {processor.py:161} INFO - Started process (PID=1310) to work on /home/project/airflow/dags/ETL_toll_data.py
[2025-12-11T23:01:43.783+0000] {processor.py:830} INFO - Processing file /home/project/airflow/dags/ETL_toll_data.py for tasks to queue
[2025-12-11T23:01:43.785+0000] {logging_mixin.py:188} INFO - [2025-12-11T23:01:43.785+0000] {dagbag.py:545} INFO - Filling up the DagBag from /home/project/airflow/dags/ETL_toll_data.py
[2025-12-11T23:01:43.823+0000] {processor.py:840} INFO - DAG(s) 'ETL_toll_data' retrieved from /home/project/airflow/dags/ETL_toll_data.py
[2025-12-11T23:01:43.955+0000] {logging_mixin.py:188} INFO - [2025-12-11T23:01:43.954+0000] {override.py:1829} INFO - Created Permission View: can read on DAG:ETL_toll_data
[2025-12-11T23:01:43.967+0000] {logging_mixin.py:188} INFO - [2025-12-11T23:01:43.966+0000] {override.py:1829} INFO - Created Permission View: can delete on DAG:ETL_toll_data
[2025-12-11T23:01:43.974+0000] {logging_mixin.py:188} INFO - [2025-12-11T23:01:43.973+0000] {override.py:1829} INFO - Created Permission View: can edit on DAG:ETL_toll_data
[2025-12-11T23:01:43.974+0000] {logging_mixin.py:188} INFO - [2025-12-11T23:01:43.974+0000] {dag.py:3096} INFO - Sync 1 DAGs
[2025-12-11T23:01:43.990+0000] {logging_mixin.py:188} INFO - [2025-12-11T23:01:43.990+0000] {dag.py:3118} INFO - Creating ORM DAG for ETL_toll_data
[2025-12-11T23:01:44.004+0000] {logging_mixin.py:188} INFO - [2025-12-11T23:01:44.004+0000] {dag.py:3954} INFO - Setting next_dagrun for ETL_toll_data to 2025-12-11 00:00:00+00:00, run_after=2025-12-12 00:00:00+00:00
[2025-12-11T23:01:44.042+0000] {processor.py:183} INFO - Processing /home/project/airflow/dags/ETL_toll_data.py took 0.271 seconds
[2025-12-11T23:02:14.682+0000] {processor.py:161} INFO - Started process (PID=1377) to work on /home/project/airflow/dags/ETL_toll_data.py
[2025-12-11T23:02:14.684+0000] {processor.py:830} INFO - Processing file /home/project/airflow/dags/ETL_toll_data.py for tasks to queue
[2025-12-11T23:02:14.687+0000] {logging_mixin.py:188} INFO - [2025-12-11T23:02:14.686+0000] {dagbag.py:545} INFO - Filling up the DagBag from /home/project/airflow/dags/ETL_toll_data.py
[2025-12-11T23:02:14.725+0000] {processor.py:840} INFO - DAG(s) 'ETL_toll_data' retrieved from /home/project/airflow/dags/ETL_toll_data.py
[2025-12-11T23:02:14.762+0000] {logging_mixin.py:188} INFO - [2025-12-11T23:02:14.762+0000] {dag.py:3096} INFO - Sync 1 DAGs
[2025-12-11T23:02:14.802+0000] {logging_mixin.py:188} INFO - [2025-12-11T23:02:14.802+0000] {dag.py:3954} INFO - Setting next_dagrun for ETL_toll_data to 2025-12-11 00:00:00+00:00, run_after=2025-12-12 00:00:00+00:00
[2025-12-11T23:02:14.827+0000] {processor.py:183} INFO - Processing /home/project/airflow/dags/ETL_toll_data.py took 0.154 seconds
[2025-12-11T23:02:45.506+0000] {processor.py:161} INFO - Started process (PID=1444) to work on /home/project/airflow/dags/ETL_toll_data.py
[2025-12-11T23:02:45.523+0000] {processor.py:830} INFO - Processing file /home/project/airflow/dags/ETL_toll_data.py for tasks to queue
[2025-12-11T23:02:45.526+0000] {logging_mixin.py:188} INFO - [2025-12-11T23:02:45.525+0000] {dagbag.py:545} INFO - Filling up the DagBag from /home/project/airflow/dags/ETL_toll_data.py
[2025-12-11T23:02:45.568+0000] {processor.py:840} INFO - DAG(s) 'ETL_toll_data' retrieved from /home/project/airflow/dags/ETL_toll_data.py
[2025-12-11T23:02:45.616+0000] {logging_mixin.py:188} INFO - [2025-12-11T23:02:45.616+0000] {dag.py:3096} INFO - Sync 1 DAGs
[2025-12-11T23:02:45.670+0000] {logging_mixin.py:188} INFO - [2025-12-11T23:02:45.669+0000] {dag.py:3954} INFO - Setting next_dagrun for ETL_toll_data to 2025-12-11 00:00:00+00:00, run_after=2025-12-12 00:00:00+00:00
[2025-12-11T23:02:46.001+0000] {processor.py:183} INFO - Processing /home/project/airflow/dags/ETL_toll_data.py took 0.506 seconds
[2025-12-11T23:02:56.334+0000] {processor.py:161} INFO - Started process (PID=1472) to work on /home/project/airflow/dags/ETL_toll_data.py
[2025-12-11T23:02:56.336+0000] {processor.py:830} INFO - Processing file /home/project/airflow/dags/ETL_toll_data.py for tasks to queue
[2025-12-11T23:02:56.338+0000] {logging_mixin.py:188} INFO - [2025-12-11T23:02:56.338+0000] {dagbag.py:545} INFO - Filling up the DagBag from /home/project/airflow/dags/ETL_toll_data.py
[2025-12-11T23:02:56.378+0000] {processor.py:840} INFO - DAG(s) 'ETL_toll_data' retrieved from /home/project/airflow/dags/ETL_toll_data.py
[2025-12-11T23:02:56.421+0000] {logging_mixin.py:188} INFO - [2025-12-11T23:02:56.421+0000] {dag.py:3096} INFO - Sync 1 DAGs
[2025-12-11T23:02:56.463+0000] {logging_mixin.py:188} INFO - [2025-12-11T23:02:56.463+0000] {dag.py:3954} INFO - Setting next_dagrun for ETL_toll_data to 2025-12-11 00:00:00+00:00, run_after=2025-12-12 00:00:00+00:00
[2025-12-11T23:02:56.495+0000] {processor.py:183} INFO - Processing /home/project/airflow/dags/ETL_toll_data.py took 0.172 seconds
[2025-12-11T23:03:00.736+0000] {processor.py:161} INFO - Started process (PID=1476) to work on /home/project/airflow/dags/ETL_toll_data.py
[2025-12-11T23:03:00.737+0000] {processor.py:830} INFO - Processing file /home/project/airflow/dags/ETL_toll_data.py for tasks to queue
[2025-12-11T23:03:00.740+0000] {logging_mixin.py:188} INFO - [2025-12-11T23:03:00.740+0000] {dagbag.py:545} INFO - Filling up the DagBag from /home/project/airflow/dags/ETL_toll_data.py
[2025-12-11T23:03:00.791+0000] {processor.py:840} INFO - DAG(s) 'ETL_toll_data' retrieved from /home/project/airflow/dags/ETL_toll_data.py
[2025-12-11T23:03:00.834+0000] {logging_mixin.py:188} INFO - [2025-12-11T23:03:00.833+0000] {dag.py:3096} INFO - Sync 1 DAGs
[2025-12-11T23:03:00.872+0000] {logging_mixin.py:188} INFO - [2025-12-11T23:03:00.872+0000] {dag.py:3954} INFO - Setting next_dagrun for ETL_toll_data to 2025-12-11 00:00:00+00:00, run_after=2025-12-12 00:00:00+00:00
[2025-12-11T23:03:00.904+0000] {processor.py:183} INFO - Processing /home/project/airflow/dags/ETL_toll_data.py took 0.181 seconds
[2025-12-11T23:03:22.291+0000] {processor.py:161} INFO - Started process (PID=1537) to work on /home/project/airflow/dags/ETL_toll_data.py
[2025-12-11T23:03:22.293+0000] {processor.py:830} INFO - Processing file /home/project/airflow/dags/ETL_toll_data.py for tasks to queue
[2025-12-11T23:03:22.295+0000] {logging_mixin.py:188} INFO - [2025-12-11T23:03:22.295+0000] {dagbag.py:545} INFO - Filling up the DagBag from /home/project/airflow/dags/ETL_toll_data.py
[2025-12-11T23:03:22.335+0000] {processor.py:840} INFO - DAG(s) 'ETL_toll_data' retrieved from /home/project/airflow/dags/ETL_toll_data.py
[2025-12-11T23:03:22.374+0000] {logging_mixin.py:188} INFO - [2025-12-11T23:03:22.374+0000] {dag.py:3096} INFO - Sync 1 DAGs
[2025-12-11T23:03:22.413+0000] {logging_mixin.py:188} INFO - [2025-12-11T23:03:22.412+0000] {dag.py:3954} INFO - Setting next_dagrun for ETL_toll_data to 2025-12-11 00:00:00+00:00, run_after=2025-12-12 00:00:00+00:00
[2025-12-11T23:03:22.448+0000] {processor.py:183} INFO - Processing /home/project/airflow/dags/ETL_toll_data.py took 0.173 seconds
[2025-12-11T23:03:34.275+0000] {processor.py:161} INFO - Started process (PID=1555) to work on /home/project/airflow/dags/ETL_toll_data.py
[2025-12-11T23:03:34.290+0000] {processor.py:830} INFO - Processing file /home/project/airflow/dags/ETL_toll_data.py for tasks to queue
[2025-12-11T23:03:34.293+0000] {logging_mixin.py:188} INFO - [2025-12-11T23:03:34.292+0000] {dagbag.py:545} INFO - Filling up the DagBag from /home/project/airflow/dags/ETL_toll_data.py
[2025-12-11T23:03:34.377+0000] {processor.py:840} INFO - DAG(s) 'ETL_toll_data' retrieved from /home/project/airflow/dags/ETL_toll_data.py
[2025-12-11T23:03:34.489+0000] {logging_mixin.py:188} INFO - [2025-12-11T23:03:34.477+0000] {dag.py:3096} INFO - Sync 1 DAGs
[2025-12-11T23:03:34.570+0000] {logging_mixin.py:188} INFO - [2025-12-11T23:03:34.570+0000] {dag.py:3954} INFO - Setting next_dagrun for ETL_toll_data to 2025-12-11 00:00:00+00:00, run_after=2025-12-12 00:00:00+00:00
[2025-12-11T23:03:34.650+0000] {processor.py:183} INFO - Processing /home/project/airflow/dags/ETL_toll_data.py took 0.395 seconds
[2025-12-11T23:03:35.758+0000] {processor.py:161} INFO - Started process (PID=1558) to work on /home/project/airflow/dags/ETL_toll_data.py
[2025-12-11T23:03:35.759+0000] {processor.py:830} INFO - Processing file /home/project/airflow/dags/ETL_toll_data.py for tasks to queue
[2025-12-11T23:03:35.772+0000] {logging_mixin.py:188} INFO - [2025-12-11T23:03:35.771+0000] {dagbag.py:545} INFO - Filling up the DagBag from /home/project/airflow/dags/ETL_toll_data.py
[2025-12-11T23:03:35.838+0000] {processor.py:840} INFO - DAG(s) 'ETL_toll_data' retrieved from /home/project/airflow/dags/ETL_toll_data.py
[2025-12-11T23:03:35.954+0000] {logging_mixin.py:188} INFO - [2025-12-11T23:03:35.953+0000] {dag.py:3096} INFO - Sync 1 DAGs
[2025-12-11T23:03:36.069+0000] {logging_mixin.py:188} INFO - [2025-12-11T23:03:36.055+0000] {dag.py:3954} INFO - Setting next_dagrun for ETL_toll_data to 2025-12-11 00:00:00+00:00, run_after=2025-12-12 00:00:00+00:00
[2025-12-11T23:03:36.150+0000] {processor.py:183} INFO - Processing /home/project/airflow/dags/ETL_toll_data.py took 0.414 seconds
[2025-12-11T23:03:42.196+0000] {processor.py:161} INFO - Started process (PID=1572) to work on /home/project/airflow/dags/ETL_toll_data.py
[2025-12-11T23:03:42.197+0000] {processor.py:830} INFO - Processing file /home/project/airflow/dags/ETL_toll_data.py for tasks to queue
[2025-12-11T23:03:42.200+0000] {logging_mixin.py:188} INFO - [2025-12-11T23:03:42.200+0000] {dagbag.py:545} INFO - Filling up the DagBag from /home/project/airflow/dags/ETL_toll_data.py
[2025-12-11T23:03:42.244+0000] {processor.py:840} INFO - DAG(s) 'ETL_toll_data' retrieved from /home/project/airflow/dags/ETL_toll_data.py
[2025-12-11T23:03:42.286+0000] {logging_mixin.py:188} INFO - [2025-12-11T23:03:42.285+0000] {dag.py:3096} INFO - Sync 1 DAGs
[2025-12-11T23:03:42.326+0000] {logging_mixin.py:188} INFO - [2025-12-11T23:03:42.326+0000] {dag.py:3954} INFO - Setting next_dagrun for ETL_toll_data to 2025-12-11 00:00:00+00:00, run_after=2025-12-12 00:00:00+00:00
[2025-12-11T23:03:42.357+0000] {processor.py:183} INFO - Processing /home/project/airflow/dags/ETL_toll_data.py took 0.172 seconds
[2025-12-11T23:03:43.650+0000] {processor.py:161} INFO - Started process (PID=1576) to work on /home/project/airflow/dags/ETL_toll_data.py
[2025-12-11T23:03:43.658+0000] {processor.py:830} INFO - Processing file /home/project/airflow/dags/ETL_toll_data.py for tasks to queue
[2025-12-11T23:03:43.661+0000] {logging_mixin.py:188} INFO - [2025-12-11T23:03:43.661+0000] {dagbag.py:545} INFO - Filling up the DagBag from /home/project/airflow/dags/ETL_toll_data.py
[2025-12-11T23:03:43.701+0000] {processor.py:840} INFO - DAG(s) 'ETL_toll_data' retrieved from /home/project/airflow/dags/ETL_toll_data.py
[2025-12-11T23:03:43.751+0000] {logging_mixin.py:188} INFO - [2025-12-11T23:03:43.751+0000] {dag.py:3096} INFO - Sync 1 DAGs
[2025-12-11T23:03:43.790+0000] {logging_mixin.py:188} INFO - [2025-12-11T23:03:43.789+0000] {dag.py:3954} INFO - Setting next_dagrun for ETL_toll_data to 2025-12-11 00:00:00+00:00, run_after=2025-12-12 00:00:00+00:00
[2025-12-11T23:03:43.820+0000] {processor.py:183} INFO - Processing /home/project/airflow/dags/ETL_toll_data.py took 0.182 seconds
[2025-12-11T23:03:51.829+0000] {processor.py:161} INFO - Started process (PID=1607) to work on /home/project/airflow/dags/ETL_toll_data.py
[2025-12-11T23:03:51.831+0000] {processor.py:830} INFO - Processing file /home/project/airflow/dags/ETL_toll_data.py for tasks to queue
[2025-12-11T23:03:51.833+0000] {logging_mixin.py:188} INFO - [2025-12-11T23:03:51.833+0000] {dagbag.py:545} INFO - Filling up the DagBag from /home/project/airflow/dags/ETL_toll_data.py
[2025-12-11T23:03:51.915+0000] {processor.py:840} INFO - DAG(s) 'ETL_toll_data' retrieved from /home/project/airflow/dags/ETL_toll_data.py
[2025-12-11T23:03:51.972+0000] {logging_mixin.py:188} INFO - [2025-12-11T23:03:51.971+0000] {dag.py:3096} INFO - Sync 1 DAGs
[2025-12-11T23:03:52.029+0000] {logging_mixin.py:188} INFO - [2025-12-11T23:03:52.022+0000] {dag.py:3954} INFO - Setting next_dagrun for ETL_toll_data to 2025-12-11 00:00:00+00:00, run_after=2025-12-12 00:00:00+00:00
[2025-12-11T23:03:52.079+0000] {processor.py:183} INFO - Processing /home/project/airflow/dags/ETL_toll_data.py took 0.267 seconds
[2025-12-11T23:03:54.109+0000] {processor.py:161} INFO - Started process (PID=1609) to work on /home/project/airflow/dags/ETL_toll_data.py
[2025-12-11T23:03:54.110+0000] {processor.py:830} INFO - Processing file /home/project/airflow/dags/ETL_toll_data.py for tasks to queue
[2025-12-11T23:03:54.113+0000] {logging_mixin.py:188} INFO - [2025-12-11T23:03:54.112+0000] {dagbag.py:545} INFO - Filling up the DagBag from /home/project/airflow/dags/ETL_toll_data.py
[2025-12-11T23:03:54.153+0000] {processor.py:840} INFO - DAG(s) 'ETL_toll_data' retrieved from /home/project/airflow/dags/ETL_toll_data.py
[2025-12-11T23:03:54.186+0000] {logging_mixin.py:188} INFO - [2025-12-11T23:03:54.185+0000] {dag.py:3096} INFO - Sync 1 DAGs
[2025-12-11T23:03:54.216+0000] {logging_mixin.py:188} INFO - [2025-12-11T23:03:54.216+0000] {dag.py:3954} INFO - Setting next_dagrun for ETL_toll_data to 2025-12-11 00:00:00+00:00, run_after=2025-12-12 00:00:00+00:00
[2025-12-11T23:03:54.244+0000] {processor.py:183} INFO - Processing /home/project/airflow/dags/ETL_toll_data.py took 0.145 seconds
[2025-12-11T23:04:07.836+0000] {processor.py:161} INFO - Started process (PID=1632) to work on /home/project/airflow/dags/ETL_toll_data.py
[2025-12-11T23:04:07.838+0000] {processor.py:830} INFO - Processing file /home/project/airflow/dags/ETL_toll_data.py for tasks to queue
[2025-12-11T23:04:07.841+0000] {logging_mixin.py:188} INFO - [2025-12-11T23:04:07.840+0000] {dagbag.py:545} INFO - Filling up the DagBag from /home/project/airflow/dags/ETL_toll_data.py
[2025-12-11T23:04:07.911+0000] {processor.py:840} INFO - DAG(s) 'ETL_toll_data' retrieved from /home/project/airflow/dags/ETL_toll_data.py
[2025-12-11T23:04:07.971+0000] {logging_mixin.py:188} INFO - [2025-12-11T23:04:07.970+0000] {dag.py:3096} INFO - Sync 1 DAGs
[2025-12-11T23:04:08.029+0000] {logging_mixin.py:188} INFO - [2025-12-11T23:04:08.022+0000] {dag.py:3954} INFO - Setting next_dagrun for ETL_toll_data to 2025-12-11 00:00:00+00:00, run_after=2025-12-12 00:00:00+00:00
[2025-12-11T23:04:08.078+0000] {processor.py:183} INFO - Processing /home/project/airflow/dags/ETL_toll_data.py took 0.252 seconds
[2025-12-11T23:04:09.392+0000] {processor.py:161} INFO - Started process (PID=1636) to work on /home/project/airflow/dags/ETL_toll_data.py
[2025-12-11T23:04:09.393+0000] {processor.py:830} INFO - Processing file /home/project/airflow/dags/ETL_toll_data.py for tasks to queue
[2025-12-11T23:04:09.395+0000] {logging_mixin.py:188} INFO - [2025-12-11T23:04:09.395+0000] {dagbag.py:545} INFO - Filling up the DagBag from /home/project/airflow/dags/ETL_toll_data.py
[2025-12-11T23:04:09.439+0000] {processor.py:840} INFO - DAG(s) 'ETL_toll_data' retrieved from /home/project/airflow/dags/ETL_toll_data.py
[2025-12-11T23:04:09.477+0000] {logging_mixin.py:188} INFO - [2025-12-11T23:04:09.477+0000] {dag.py:3096} INFO - Sync 1 DAGs
[2025-12-11T23:04:09.514+0000] {logging_mixin.py:188} INFO - [2025-12-11T23:04:09.514+0000] {dag.py:3954} INFO - Setting next_dagrun for ETL_toll_data to 2025-12-11 00:00:00+00:00, run_after=2025-12-12 00:00:00+00:00
[2025-12-11T23:04:09.543+0000] {processor.py:183} INFO - Processing /home/project/airflow/dags/ETL_toll_data.py took 0.162 seconds
[2025-12-11T23:04:16.890+0000] {processor.py:161} INFO - Started process (PID=1655) to work on /home/project/airflow/dags/ETL_toll_data.py
[2025-12-11T23:04:16.909+0000] {processor.py:830} INFO - Processing file /home/project/airflow/dags/ETL_toll_data.py for tasks to queue
[2025-12-11T23:04:16.913+0000] {logging_mixin.py:188} INFO - [2025-12-11T23:04:16.912+0000] {dagbag.py:545} INFO - Filling up the DagBag from /home/project/airflow/dags/ETL_toll_data.py
[2025-12-11T23:04:16.996+0000] {processor.py:840} INFO - DAG(s) 'ETL_toll_data' retrieved from /home/project/airflow/dags/ETL_toll_data.py
[2025-12-11T23:04:17.095+0000] {logging_mixin.py:188} INFO - [2025-12-11T23:04:17.095+0000] {dag.py:3096} INFO - Sync 1 DAGs
[2025-12-11T23:04:17.158+0000] {logging_mixin.py:188} INFO - [2025-12-11T23:04:17.158+0000] {dag.py:3954} INFO - Setting next_dagrun for ETL_toll_data to 2025-12-11 00:00:00+00:00, run_after=2025-12-12 00:00:00+00:00
[2025-12-11T23:04:17.216+0000] {processor.py:183} INFO - Processing /home/project/airflow/dags/ETL_toll_data.py took 0.345 seconds
[2025-12-11T23:04:21.779+0000] {processor.py:161} INFO - Started process (PID=1675) to work on /home/project/airflow/dags/ETL_toll_data.py
[2025-12-11T23:04:21.835+0000] {processor.py:830} INFO - Processing file /home/project/airflow/dags/ETL_toll_data.py for tasks to queue
[2025-12-11T23:04:21.838+0000] {logging_mixin.py:188} INFO - [2025-12-11T23:04:21.837+0000] {dagbag.py:545} INFO - Filling up the DagBag from /home/project/airflow/dags/ETL_toll_data.py
[2025-12-11T23:04:21.949+0000] {processor.py:840} INFO - DAG(s) 'ETL_toll_data' retrieved from /home/project/airflow/dags/ETL_toll_data.py
[2025-12-11T23:04:22.044+0000] {logging_mixin.py:188} INFO - [2025-12-11T23:04:22.043+0000] {dag.py:3096} INFO - Sync 1 DAGs
[2025-12-11T23:04:22.150+0000] {logging_mixin.py:188} INFO - [2025-12-11T23:04:22.149+0000] {dag.py:3954} INFO - Setting next_dagrun for ETL_toll_data to 2025-12-11 00:00:00+00:00, run_after=2025-12-12 00:00:00+00:00
[2025-12-11T23:04:22.391+0000] {processor.py:183} INFO - Processing /home/project/airflow/dags/ETL_toll_data.py took 0.631 seconds
[2025-12-11T23:04:25.055+0000] {processor.py:161} INFO - Started process (PID=1683) to work on /home/project/airflow/dags/ETL_toll_data.py
[2025-12-11T23:04:25.056+0000] {processor.py:830} INFO - Processing file /home/project/airflow/dags/ETL_toll_data.py for tasks to queue
[2025-12-11T23:04:25.059+0000] {logging_mixin.py:188} INFO - [2025-12-11T23:04:25.059+0000] {dagbag.py:545} INFO - Filling up the DagBag from /home/project/airflow/dags/ETL_toll_data.py
[2025-12-11T23:04:25.108+0000] {processor.py:840} INFO - DAG(s) 'ETL_toll_data' retrieved from /home/project/airflow/dags/ETL_toll_data.py
[2025-12-11T23:04:25.147+0000] {logging_mixin.py:188} INFO - [2025-12-11T23:04:25.147+0000] {dag.py:3096} INFO - Sync 1 DAGs
[2025-12-11T23:04:25.183+0000] {logging_mixin.py:188} INFO - [2025-12-11T23:04:25.183+0000] {dag.py:3954} INFO - Setting next_dagrun for ETL_toll_data to 2025-12-11 00:00:00+00:00, run_after=2025-12-12 00:00:00+00:00
[2025-12-11T23:04:25.221+0000] {processor.py:183} INFO - Processing /home/project/airflow/dags/ETL_toll_data.py took 0.177 seconds
[2025-12-11T23:04:39.297+0000] {processor.py:161} INFO - Started process (PID=1706) to work on /home/project/airflow/dags/ETL_toll_data.py
[2025-12-11T23:04:39.299+0000] {processor.py:830} INFO - Processing file /home/project/airflow/dags/ETL_toll_data.py for tasks to queue
[2025-12-11T23:04:39.310+0000] {logging_mixin.py:188} INFO - [2025-12-11T23:04:39.309+0000] {dagbag.py:545} INFO - Filling up the DagBag from /home/project/airflow/dags/ETL_toll_data.py
[2025-12-11T23:04:39.357+0000] {logging_mixin.py:188} INFO - [2025-12-11T23:04:39.356+0000] {dagbag.py:355} ERROR - Failed to import: /home/project/airflow/dags/ETL_toll_data.py
Traceback (most recent call last):
  File "/home/airflow/.local/lib/python3.9/site-packages/airflow/models/dagbag.py", line 351, in parse
    loader.exec_module(new_module)
  File "<frozen importlib._bootstrap_external>", line 850, in exec_module
  File "<frozen importlib._bootstrap>", line 228, in _call_with_frames_removed
  File "/home/project/airflow/dags/ETL_toll_data.py", line 74, in <module>
    V
NameError: name 'V' is not defined
[2025-12-11T23:04:39.358+0000] {processor.py:842} WARNING - No viable dags retrieved from /home/project/airflow/dags/ETL_toll_data.py
[2025-12-11T23:04:39.430+0000] {processor.py:183} INFO - Processing /home/project/airflow/dags/ETL_toll_data.py took 0.151 seconds
[2025-12-11T23:04:41.478+0000] {processor.py:161} INFO - Started process (PID=1709) to work on /home/project/airflow/dags/ETL_toll_data.py
[2025-12-11T23:04:41.480+0000] {processor.py:830} INFO - Processing file /home/project/airflow/dags/ETL_toll_data.py for tasks to queue
[2025-12-11T23:04:41.482+0000] {logging_mixin.py:188} INFO - [2025-12-11T23:04:41.482+0000] {dagbag.py:545} INFO - Filling up the DagBag from /home/project/airflow/dags/ETL_toll_data.py
[2025-12-11T23:04:41.524+0000] {processor.py:840} INFO - DAG(s) 'ETL_toll_data' retrieved from /home/project/airflow/dags/ETL_toll_data.py
[2025-12-11T23:04:41.567+0000] {logging_mixin.py:188} INFO - [2025-12-11T23:04:41.567+0000] {dag.py:3096} INFO - Sync 1 DAGs
[2025-12-11T23:04:41.603+0000] {logging_mixin.py:188} INFO - [2025-12-11T23:04:41.603+0000] {dag.py:3954} INFO - Setting next_dagrun for ETL_toll_data to 2025-12-11 00:00:00+00:00, run_after=2025-12-12 00:00:00+00:00
[2025-12-11T23:04:41.630+0000] {processor.py:183} INFO - Processing /home/project/airflow/dags/ETL_toll_data.py took 0.163 seconds
[2025-12-11T23:04:50.540+0000] {processor.py:161} INFO - Started process (PID=1735) to work on /home/project/airflow/dags/ETL_toll_data.py
[2025-12-11T23:04:50.557+0000] {processor.py:830} INFO - Processing file /home/project/airflow/dags/ETL_toll_data.py for tasks to queue
[2025-12-11T23:04:50.574+0000] {logging_mixin.py:188} INFO - [2025-12-11T23:04:50.573+0000] {dagbag.py:545} INFO - Filling up the DagBag from /home/project/airflow/dags/ETL_toll_data.py
[2025-12-11T23:04:50.674+0000] {processor.py:840} INFO - DAG(s) 'ETL_toll_data' retrieved from /home/project/airflow/dags/ETL_toll_data.py
[2025-12-11T23:04:50.776+0000] {logging_mixin.py:188} INFO - [2025-12-11T23:04:50.776+0000] {dag.py:3096} INFO - Sync 1 DAGs
[2025-12-11T23:04:50.911+0000] {logging_mixin.py:188} INFO - [2025-12-11T23:04:50.911+0000] {dag.py:3954} INFO - Setting next_dagrun for ETL_toll_data to 2025-12-11 00:00:00+00:00, run_after=2025-12-12 00:00:00+00:00
[2025-12-11T23:04:51.071+0000] {processor.py:183} INFO - Processing /home/project/airflow/dags/ETL_toll_data.py took 0.554 seconds
[2025-12-11T23:04:58.640+0000] {processor.py:161} INFO - Started process (PID=1753) to work on /home/project/airflow/dags/ETL_toll_data.py
[2025-12-11T23:04:58.641+0000] {processor.py:830} INFO - Processing file /home/project/airflow/dags/ETL_toll_data.py for tasks to queue
[2025-12-11T23:04:58.644+0000] {logging_mixin.py:188} INFO - [2025-12-11T23:04:58.643+0000] {dagbag.py:545} INFO - Filling up the DagBag from /home/project/airflow/dags/ETL_toll_data.py
[2025-12-11T23:04:58.685+0000] {processor.py:840} INFO - DAG(s) 'ETL_toll_data' retrieved from /home/project/airflow/dags/ETL_toll_data.py
[2025-12-11T23:04:58.733+0000] {logging_mixin.py:188} INFO - [2025-12-11T23:04:58.733+0000] {dag.py:3096} INFO - Sync 1 DAGs
[2025-12-11T23:04:58.772+0000] {logging_mixin.py:188} INFO - [2025-12-11T23:04:58.771+0000] {dag.py:3954} INFO - Setting next_dagrun for ETL_toll_data to 2025-12-11 00:00:00+00:00, run_after=2025-12-12 00:00:00+00:00
[2025-12-11T23:04:58.800+0000] {processor.py:183} INFO - Processing /home/project/airflow/dags/ETL_toll_data.py took 0.172 seconds
[2025-12-11T23:05:03.124+0000] {processor.py:161} INFO - Started process (PID=1757) to work on /home/project/airflow/dags/ETL_toll_data.py
[2025-12-11T23:05:03.125+0000] {processor.py:830} INFO - Processing file /home/project/airflow/dags/ETL_toll_data.py for tasks to queue
[2025-12-11T23:05:03.130+0000] {logging_mixin.py:188} INFO - [2025-12-11T23:05:03.129+0000] {dagbag.py:545} INFO - Filling up the DagBag from /home/project/airflow/dags/ETL_toll_data.py
[2025-12-11T23:05:03.190+0000] {processor.py:840} INFO - DAG(s) 'ETL_toll_data' retrieved from /home/project/airflow/dags/ETL_toll_data.py
[2025-12-11T23:05:03.250+0000] {logging_mixin.py:188} INFO - [2025-12-11T23:05:03.249+0000] {dag.py:3096} INFO - Sync 1 DAGs
[2025-12-11T23:05:03.298+0000] {logging_mixin.py:188} INFO - [2025-12-11T23:05:03.298+0000] {dag.py:3954} INFO - Setting next_dagrun for ETL_toll_data to 2025-12-11 00:00:00+00:00, run_after=2025-12-12 00:00:00+00:00
[2025-12-11T23:05:03.338+0000] {processor.py:183} INFO - Processing /home/project/airflow/dags/ETL_toll_data.py took 0.225 seconds
[2025-12-11T23:05:04.413+0000] {processor.py:161} INFO - Started process (PID=1760) to work on /home/project/airflow/dags/ETL_toll_data.py
[2025-12-11T23:05:04.415+0000] {processor.py:830} INFO - Processing file /home/project/airflow/dags/ETL_toll_data.py for tasks to queue
[2025-12-11T23:05:04.417+0000] {logging_mixin.py:188} INFO - [2025-12-11T23:05:04.417+0000] {dagbag.py:545} INFO - Filling up the DagBag from /home/project/airflow/dags/ETL_toll_data.py
[2025-12-11T23:05:04.483+0000] {processor.py:840} INFO - DAG(s) 'ETL_toll_data' retrieved from /home/project/airflow/dags/ETL_toll_data.py
[2025-12-11T23:05:04.569+0000] {logging_mixin.py:188} INFO - [2025-12-11T23:05:04.569+0000] {dag.py:3096} INFO - Sync 1 DAGs
[2025-12-11T23:05:04.633+0000] {logging_mixin.py:188} INFO - [2025-12-11T23:05:04.633+0000] {dag.py:3954} INFO - Setting next_dagrun for ETL_toll_data to 2025-12-11 00:00:00+00:00, run_after=2025-12-12 00:00:00+00:00
[2025-12-11T23:05:04.682+0000] {processor.py:183} INFO - Processing /home/project/airflow/dags/ETL_toll_data.py took 0.283 seconds
[2025-12-11T23:05:07.235+0000] {processor.py:161} INFO - Started process (PID=1772) to work on /home/project/airflow/dags/ETL_toll_data.py
[2025-12-11T23:05:07.236+0000] {processor.py:830} INFO - Processing file /home/project/airflow/dags/ETL_toll_data.py for tasks to queue
[2025-12-11T23:05:07.239+0000] {logging_mixin.py:188} INFO - [2025-12-11T23:05:07.238+0000] {dagbag.py:545} INFO - Filling up the DagBag from /home/project/airflow/dags/ETL_toll_data.py
[2025-12-11T23:05:07.281+0000] {processor.py:840} INFO - DAG(s) 'ETL_toll_data' retrieved from /home/project/airflow/dags/ETL_toll_data.py
[2025-12-11T23:05:07.322+0000] {logging_mixin.py:188} INFO - [2025-12-11T23:05:07.321+0000] {dag.py:3096} INFO - Sync 1 DAGs
[2025-12-11T23:05:07.359+0000] {logging_mixin.py:188} INFO - [2025-12-11T23:05:07.359+0000] {dag.py:3954} INFO - Setting next_dagrun for ETL_toll_data to 2025-12-11 00:00:00+00:00, run_after=2025-12-12 00:00:00+00:00
[2025-12-11T23:05:07.390+0000] {processor.py:183} INFO - Processing /home/project/airflow/dags/ETL_toll_data.py took 0.169 seconds
[2025-12-11T23:05:16.581+0000] {processor.py:161} INFO - Started process (PID=1794) to work on /home/project/airflow/dags/ETL_toll_data.py
[2025-12-11T23:05:16.583+0000] {processor.py:830} INFO - Processing file /home/project/airflow/dags/ETL_toll_data.py for tasks to queue
[2025-12-11T23:05:16.586+0000] {logging_mixin.py:188} INFO - [2025-12-11T23:05:16.585+0000] {dagbag.py:545} INFO - Filling up the DagBag from /home/project/airflow/dags/ETL_toll_data.py
[2025-12-11T23:05:16.624+0000] {logging_mixin.py:188} INFO - [2025-12-11T23:05:16.623+0000] {dagbag.py:355} ERROR - Failed to import: /home/project/airflow/dags/ETL_toll_data.py
Traceback (most recent call last):
  File "/home/airflow/.local/lib/python3.9/site-packages/airflow/models/dagbag.py", line 351, in parse
    loader.exec_module(new_module)
  File "<frozen importlib._bootstrap_external>", line 850, in exec_module
  File "<frozen importlib._bootstrap>", line 228, in _call_with_frames_removed
  File "/home/project/airflow/dags/ETL_toll_data.py", line 93, in <module>
    V
NameError: name 'V' is not defined
[2025-12-11T23:05:16.625+0000] {processor.py:842} WARNING - No viable dags retrieved from /home/project/airflow/dags/ETL_toll_data.py
[2025-12-11T23:05:16.660+0000] {processor.py:183} INFO - Processing /home/project/airflow/dags/ETL_toll_data.py took 0.090 seconds
[2025-12-11T23:05:18.732+0000] {processor.py:161} INFO - Started process (PID=1796) to work on /home/project/airflow/dags/ETL_toll_data.py
[2025-12-11T23:05:18.733+0000] {processor.py:830} INFO - Processing file /home/project/airflow/dags/ETL_toll_data.py for tasks to queue
[2025-12-11T23:05:18.736+0000] {logging_mixin.py:188} INFO - [2025-12-11T23:05:18.735+0000] {dagbag.py:545} INFO - Filling up the DagBag from /home/project/airflow/dags/ETL_toll_data.py
[2025-12-11T23:05:18.800+0000] {processor.py:840} INFO - DAG(s) 'ETL_toll_data' retrieved from /home/project/airflow/dags/ETL_toll_data.py
[2025-12-11T23:05:18.872+0000] {logging_mixin.py:188} INFO - [2025-12-11T23:05:18.872+0000] {dag.py:3096} INFO - Sync 1 DAGs
[2025-12-11T23:05:18.930+0000] {logging_mixin.py:188} INFO - [2025-12-11T23:05:18.929+0000] {dag.py:3954} INFO - Setting next_dagrun for ETL_toll_data to 2025-12-11 00:00:00+00:00, run_after=2025-12-12 00:00:00+00:00
[2025-12-11T23:05:18.976+0000] {processor.py:183} INFO - Processing /home/project/airflow/dags/ETL_toll_data.py took 0.267 seconds
[2025-12-11T23:05:26.060+0000] {processor.py:161} INFO - Started process (PID=1822) to work on /home/project/airflow/dags/ETL_toll_data.py
[2025-12-11T23:05:26.062+0000] {processor.py:830} INFO - Processing file /home/project/airflow/dags/ETL_toll_data.py for tasks to queue
[2025-12-11T23:05:26.064+0000] {logging_mixin.py:188} INFO - [2025-12-11T23:05:26.064+0000] {dagbag.py:545} INFO - Filling up the DagBag from /home/project/airflow/dags/ETL_toll_data.py
[2025-12-11T23:05:26.108+0000] {processor.py:840} INFO - DAG(s) 'ETL_toll_data' retrieved from /home/project/airflow/dags/ETL_toll_data.py
[2025-12-11T23:05:26.147+0000] {logging_mixin.py:188} INFO - [2025-12-11T23:05:26.146+0000] {dag.py:3096} INFO - Sync 1 DAGs
[2025-12-11T23:05:26.186+0000] {logging_mixin.py:188} INFO - [2025-12-11T23:05:26.185+0000] {dag.py:3954} INFO - Setting next_dagrun for ETL_toll_data to 2025-12-11 00:00:00+00:00, run_after=2025-12-12 00:00:00+00:00
[2025-12-11T23:05:26.213+0000] {processor.py:183} INFO - Processing /home/project/airflow/dags/ETL_toll_data.py took 0.164 seconds
[2025-12-11T23:05:27.459+0000] {processor.py:161} INFO - Started process (PID=1826) to work on /home/project/airflow/dags/ETL_toll_data.py
[2025-12-11T23:05:27.460+0000] {processor.py:830} INFO - Processing file /home/project/airflow/dags/ETL_toll_data.py for tasks to queue
[2025-12-11T23:05:27.463+0000] {logging_mixin.py:188} INFO - [2025-12-11T23:05:27.462+0000] {dagbag.py:545} INFO - Filling up the DagBag from /home/project/airflow/dags/ETL_toll_data.py
[2025-12-11T23:05:27.506+0000] {processor.py:840} INFO - DAG(s) 'ETL_toll_data' retrieved from /home/project/airflow/dags/ETL_toll_data.py
[2025-12-11T23:05:27.545+0000] {logging_mixin.py:188} INFO - [2025-12-11T23:05:27.544+0000] {dag.py:3096} INFO - Sync 1 DAGs
[2025-12-11T23:05:27.588+0000] {logging_mixin.py:188} INFO - [2025-12-11T23:05:27.587+0000] {dag.py:3954} INFO - Setting next_dagrun for ETL_toll_data to 2025-12-11 00:00:00+00:00, run_after=2025-12-12 00:00:00+00:00
[2025-12-11T23:05:27.622+0000] {processor.py:183} INFO - Processing /home/project/airflow/dags/ETL_toll_data.py took 0.173 seconds
[2025-12-11T23:05:31.687+0000] {processor.py:161} INFO - Started process (PID=1827) to work on /home/project/airflow/dags/ETL_toll_data.py
[2025-12-11T23:05:31.689+0000] {processor.py:830} INFO - Processing file /home/project/airflow/dags/ETL_toll_data.py for tasks to queue
[2025-12-11T23:05:31.692+0000] {logging_mixin.py:188} INFO - [2025-12-11T23:05:31.692+0000] {dagbag.py:545} INFO - Filling up the DagBag from /home/project/airflow/dags/ETL_toll_data.py
[2025-12-11T23:05:31.737+0000] {processor.py:840} INFO - DAG(s) 'ETL_toll_data' retrieved from /home/project/airflow/dags/ETL_toll_data.py
[2025-12-11T23:05:31.776+0000] {logging_mixin.py:188} INFO - [2025-12-11T23:05:31.776+0000] {dag.py:3096} INFO - Sync 1 DAGs
[2025-12-11T23:05:31.811+0000] {logging_mixin.py:188} INFO - [2025-12-11T23:05:31.810+0000] {dag.py:3954} INFO - Setting next_dagrun for ETL_toll_data to 2025-12-11 00:00:00+00:00, run_after=2025-12-12 00:00:00+00:00
[2025-12-11T23:05:31.837+0000] {processor.py:183} INFO - Processing /home/project/airflow/dags/ETL_toll_data.py took 0.160 seconds
[2025-12-11T23:05:45.252+0000] {processor.py:161} INFO - Started process (PID=1860) to work on /home/project/airflow/dags/ETL_toll_data.py
[2025-12-11T23:05:45.259+0000] {processor.py:830} INFO - Processing file /home/project/airflow/dags/ETL_toll_data.py for tasks to queue
[2025-12-11T23:05:45.262+0000] {logging_mixin.py:188} INFO - [2025-12-11T23:05:45.261+0000] {dagbag.py:545} INFO - Filling up the DagBag from /home/project/airflow/dags/ETL_toll_data.py
[2025-12-11T23:05:45.354+0000] {processor.py:840} INFO - DAG(s) 'ETL_toll_data' retrieved from /home/project/airflow/dags/ETL_toll_data.py
[2025-12-11T23:05:45.429+0000] {logging_mixin.py:188} INFO - [2025-12-11T23:05:45.419+0000] {dag.py:3096} INFO - Sync 1 DAGs
[2025-12-11T23:05:45.510+0000] {logging_mixin.py:188} INFO - [2025-12-11T23:05:45.509+0000] {dag.py:3954} INFO - Setting next_dagrun for ETL_toll_data to 2025-12-11 00:00:00+00:00, run_after=2025-12-12 00:00:00+00:00
[2025-12-11T23:05:45.594+0000] {processor.py:183} INFO - Processing /home/project/airflow/dags/ETL_toll_data.py took 0.356 seconds
[2025-12-11T23:05:52.396+0000] {processor.py:161} INFO - Started process (PID=1878) to work on /home/project/airflow/dags/ETL_toll_data.py
[2025-12-11T23:05:52.398+0000] {processor.py:830} INFO - Processing file /home/project/airflow/dags/ETL_toll_data.py for tasks to queue
[2025-12-11T23:05:52.401+0000] {logging_mixin.py:188} INFO - [2025-12-11T23:05:52.401+0000] {dagbag.py:545} INFO - Filling up the DagBag from /home/project/airflow/dags/ETL_toll_data.py
[2025-12-11T23:05:52.475+0000] {processor.py:840} INFO - DAG(s) 'ETL_toll_data' retrieved from /home/project/airflow/dags/ETL_toll_data.py
[2025-12-11T23:05:52.541+0000] {logging_mixin.py:188} INFO - [2025-12-11T23:05:52.541+0000] {dag.py:3096} INFO - Sync 1 DAGs
[2025-12-11T23:05:52.610+0000] {logging_mixin.py:188} INFO - [2025-12-11T23:05:52.609+0000] {dag.py:3954} INFO - Setting next_dagrun for ETL_toll_data to 2025-12-11 00:00:00+00:00, run_after=2025-12-12 00:00:00+00:00
[2025-12-11T23:05:52.673+0000] {processor.py:183} INFO - Processing /home/project/airflow/dags/ETL_toll_data.py took 0.294 seconds
[2025-12-11T23:05:55.884+0000] {processor.py:161} INFO - Started process (PID=1890) to work on /home/project/airflow/dags/ETL_toll_data.py
[2025-12-11T23:05:55.886+0000] {processor.py:830} INFO - Processing file /home/project/airflow/dags/ETL_toll_data.py for tasks to queue
[2025-12-11T23:05:55.889+0000] {logging_mixin.py:188} INFO - [2025-12-11T23:05:55.889+0000] {dagbag.py:545} INFO - Filling up the DagBag from /home/project/airflow/dags/ETL_toll_data.py
[2025-12-11T23:05:55.932+0000] {processor.py:840} INFO - DAG(s) 'ETL_toll_data' retrieved from /home/project/airflow/dags/ETL_toll_data.py
[2025-12-11T23:05:55.969+0000] {logging_mixin.py:188} INFO - [2025-12-11T23:05:55.969+0000] {dag.py:3096} INFO - Sync 1 DAGs
[2025-12-11T23:05:56.010+0000] {logging_mixin.py:188} INFO - [2025-12-11T23:05:56.009+0000] {dag.py:3954} INFO - Setting next_dagrun for ETL_toll_data to 2025-12-11 00:00:00+00:00, run_after=2025-12-12 00:00:00+00:00
[2025-12-11T23:05:56.042+0000] {processor.py:183} INFO - Processing /home/project/airflow/dags/ETL_toll_data.py took 0.169 seconds
[2025-12-11T23:06:26.244+0000] {processor.py:161} INFO - Started process (PID=1957) to work on /home/project/airflow/dags/ETL_toll_data.py
[2025-12-11T23:06:26.316+0000] {processor.py:830} INFO - Processing file /home/project/airflow/dags/ETL_toll_data.py for tasks to queue
[2025-12-11T23:06:26.319+0000] {logging_mixin.py:188} INFO - [2025-12-11T23:06:26.318+0000] {dagbag.py:545} INFO - Filling up the DagBag from /home/project/airflow/dags/ETL_toll_data.py
[2025-12-11T23:06:26.359+0000] {processor.py:840} INFO - DAG(s) 'ETL_toll_data' retrieved from /home/project/airflow/dags/ETL_toll_data.py
[2025-12-11T23:06:26.402+0000] {logging_mixin.py:188} INFO - [2025-12-11T23:06:26.401+0000] {dag.py:3096} INFO - Sync 1 DAGs
[2025-12-11T23:06:26.517+0000] {logging_mixin.py:188} INFO - [2025-12-11T23:06:26.516+0000] {dag.py:3954} INFO - Setting next_dagrun for ETL_toll_data to 2025-12-11 00:00:00+00:00, run_after=2025-12-12 00:00:00+00:00
[2025-12-11T23:06:26.592+0000] {processor.py:183} INFO - Processing /home/project/airflow/dags/ETL_toll_data.py took 0.358 seconds
[2025-12-11T23:06:36.153+0000] {processor.py:161} INFO - Started process (PID=1977) to work on /home/project/airflow/dags/ETL_toll_data.py
[2025-12-11T23:06:36.155+0000] {processor.py:830} INFO - Processing file /home/project/airflow/dags/ETL_toll_data.py for tasks to queue
[2025-12-11T23:06:36.158+0000] {logging_mixin.py:188} INFO - [2025-12-11T23:06:36.157+0000] {dagbag.py:545} INFO - Filling up the DagBag from /home/project/airflow/dags/ETL_toll_data.py
[2025-12-11T23:06:36.199+0000] {processor.py:840} INFO - DAG(s) 'ETL_toll_data' retrieved from /home/project/airflow/dags/ETL_toll_data.py
[2025-12-11T23:06:36.240+0000] {logging_mixin.py:188} INFO - [2025-12-11T23:06:36.239+0000] {dag.py:3096} INFO - Sync 1 DAGs
[2025-12-11T23:06:36.278+0000] {logging_mixin.py:188} INFO - [2025-12-11T23:06:36.278+0000] {dag.py:3954} INFO - Setting next_dagrun for ETL_toll_data to 2025-12-11 00:00:00+00:00, run_after=2025-12-12 00:00:00+00:00
[2025-12-11T23:06:36.310+0000] {processor.py:183} INFO - Processing /home/project/airflow/dags/ETL_toll_data.py took 0.169 seconds
[2025-12-11T23:06:44.284+0000] {processor.py:161} INFO - Started process (PID=1991) to work on /home/project/airflow/dags/ETL_toll_data.py
[2025-12-11T23:06:44.286+0000] {processor.py:830} INFO - Processing file /home/project/airflow/dags/ETL_toll_data.py for tasks to queue
[2025-12-11T23:06:44.289+0000] {logging_mixin.py:188} INFO - [2025-12-11T23:06:44.289+0000] {dagbag.py:545} INFO - Filling up the DagBag from /home/project/airflow/dags/ETL_toll_data.py
[2025-12-11T23:06:44.330+0000] {processor.py:840} INFO - DAG(s) 'ETL_toll_data' retrieved from /home/project/airflow/dags/ETL_toll_data.py
[2025-12-11T23:06:44.369+0000] {logging_mixin.py:188} INFO - [2025-12-11T23:06:44.369+0000] {dag.py:3096} INFO - Sync 1 DAGs
[2025-12-11T23:06:44.406+0000] {logging_mixin.py:188} INFO - [2025-12-11T23:06:44.406+0000] {dag.py:3954} INFO - Setting next_dagrun for ETL_toll_data to 2025-12-11 00:00:00+00:00, run_after=2025-12-12 00:00:00+00:00
[2025-12-11T23:06:44.435+0000] {processor.py:183} INFO - Processing /home/project/airflow/dags/ETL_toll_data.py took 0.161 seconds
[2025-12-11T23:06:47.671+0000] {processor.py:161} INFO - Started process (PID=2005) to work on /home/project/airflow/dags/ETL_toll_data.py
[2025-12-11T23:06:47.673+0000] {processor.py:830} INFO - Processing file /home/project/airflow/dags/ETL_toll_data.py for tasks to queue
[2025-12-11T23:06:47.676+0000] {logging_mixin.py:188} INFO - [2025-12-11T23:06:47.675+0000] {dagbag.py:545} INFO - Filling up the DagBag from /home/project/airflow/dags/ETL_toll_data.py
[2025-12-11T23:06:47.738+0000] {processor.py:840} INFO - DAG(s) 'ETL_toll_data' retrieved from /home/project/airflow/dags/ETL_toll_data.py
[2025-12-11T23:06:47.799+0000] {logging_mixin.py:188} INFO - [2025-12-11T23:06:47.798+0000] {dag.py:3096} INFO - Sync 1 DAGs
[2025-12-11T23:06:47.857+0000] {logging_mixin.py:188} INFO - [2025-12-11T23:06:47.857+0000] {dag.py:3954} INFO - Setting next_dagrun for ETL_toll_data to 2025-12-11 00:00:00+00:00, run_after=2025-12-12 00:00:00+00:00
[2025-12-11T23:06:47.911+0000] {processor.py:183} INFO - Processing /home/project/airflow/dags/ETL_toll_data.py took 0.269 seconds
[2025-12-11T23:06:52.036+0000] {processor.py:161} INFO - Started process (PID=2012) to work on /home/project/airflow/dags/ETL_toll_data.py
[2025-12-11T23:06:52.038+0000] {processor.py:830} INFO - Processing file /home/project/airflow/dags/ETL_toll_data.py for tasks to queue
[2025-12-11T23:06:52.040+0000] {logging_mixin.py:188} INFO - [2025-12-11T23:06:52.040+0000] {dagbag.py:545} INFO - Filling up the DagBag from /home/project/airflow/dags/ETL_toll_data.py
[2025-12-11T23:06:52.082+0000] {processor.py:840} INFO - DAG(s) 'ETL_toll_data' retrieved from /home/project/airflow/dags/ETL_toll_data.py
[2025-12-11T23:06:52.122+0000] {logging_mixin.py:188} INFO - [2025-12-11T23:06:52.121+0000] {dag.py:3096} INFO - Sync 1 DAGs
[2025-12-11T23:06:52.159+0000] {logging_mixin.py:188} INFO - [2025-12-11T23:06:52.158+0000] {dag.py:3954} INFO - Setting next_dagrun for ETL_toll_data to 2025-12-11 00:00:00+00:00, run_after=2025-12-12 00:00:00+00:00
[2025-12-11T23:06:52.197+0000] {processor.py:183} INFO - Processing /home/project/airflow/dags/ETL_toll_data.py took 0.172 seconds
[2025-12-11T23:06:55.541+0000] {processor.py:161} INFO - Started process (PID=2028) to work on /home/project/airflow/dags/ETL_toll_data.py
[2025-12-11T23:06:55.550+0000] {processor.py:830} INFO - Processing file /home/project/airflow/dags/ETL_toll_data.py for tasks to queue
[2025-12-11T23:06:55.552+0000] {logging_mixin.py:188} INFO - [2025-12-11T23:06:55.552+0000] {dagbag.py:545} INFO - Filling up the DagBag from /home/project/airflow/dags/ETL_toll_data.py
[2025-12-11T23:06:55.618+0000] {processor.py:840} INFO - DAG(s) 'ETL_toll_data' retrieved from /home/project/airflow/dags/ETL_toll_data.py
[2025-12-11T23:06:55.661+0000] {logging_mixin.py:188} INFO - [2025-12-11T23:06:55.660+0000] {dag.py:3096} INFO - Sync 1 DAGs
[2025-12-11T23:06:55.698+0000] {logging_mixin.py:188} INFO - [2025-12-11T23:06:55.698+0000] {dag.py:3954} INFO - Setting next_dagrun for ETL_toll_data to 2025-12-11 00:00:00+00:00, run_after=2025-12-12 00:00:00+00:00
[2025-12-11T23:06:55.727+0000] {processor.py:183} INFO - Processing /home/project/airflow/dags/ETL_toll_data.py took 0.198 seconds
[2025-12-11T23:06:58.189+0000] {processor.py:161} INFO - Started process (PID=2032) to work on /home/project/airflow/dags/ETL_toll_data.py
[2025-12-11T23:06:58.190+0000] {processor.py:830} INFO - Processing file /home/project/airflow/dags/ETL_toll_data.py for tasks to queue
[2025-12-11T23:06:58.193+0000] {logging_mixin.py:188} INFO - [2025-12-11T23:06:58.192+0000] {dagbag.py:545} INFO - Filling up the DagBag from /home/project/airflow/dags/ETL_toll_data.py
[2025-12-11T23:06:58.236+0000] {processor.py:840} INFO - DAG(s) 'ETL_toll_data' retrieved from /home/project/airflow/dags/ETL_toll_data.py
[2025-12-11T23:06:58.282+0000] {logging_mixin.py:188} INFO - [2025-12-11T23:06:58.281+0000] {dag.py:3096} INFO - Sync 1 DAGs
[2025-12-11T23:06:58.324+0000] {logging_mixin.py:188} INFO - [2025-12-11T23:06:58.323+0000] {dag.py:3954} INFO - Setting next_dagrun for ETL_toll_data to 2025-12-11 00:00:00+00:00, run_after=2025-12-12 00:00:00+00:00
[2025-12-11T23:06:58.352+0000] {processor.py:183} INFO - Processing /home/project/airflow/dags/ETL_toll_data.py took 0.174 seconds
[2025-12-11T23:07:06.289+0000] {processor.py:161} INFO - Started process (PID=2048) to work on /home/project/airflow/dags/ETL_toll_data.py
[2025-12-11T23:07:06.331+0000] {processor.py:830} INFO - Processing file /home/project/airflow/dags/ETL_toll_data.py for tasks to queue
[2025-12-11T23:07:06.334+0000] {logging_mixin.py:188} INFO - [2025-12-11T23:07:06.333+0000] {dagbag.py:545} INFO - Filling up the DagBag from /home/project/airflow/dags/ETL_toll_data.py
[2025-12-11T23:07:06.375+0000] {processor.py:840} INFO - DAG(s) 'ETL_toll_data' retrieved from /home/project/airflow/dags/ETL_toll_data.py
[2025-12-11T23:07:06.412+0000] {logging_mixin.py:188} INFO - [2025-12-11T23:07:06.412+0000] {dag.py:3096} INFO - Sync 1 DAGs
[2025-12-11T23:07:06.449+0000] {logging_mixin.py:188} INFO - [2025-12-11T23:07:06.448+0000] {dag.py:3954} INFO - Setting next_dagrun for ETL_toll_data to 2025-12-11 00:00:00+00:00, run_after=2025-12-12 00:00:00+00:00
[2025-12-11T23:07:06.516+0000] {processor.py:183} INFO - Processing /home/project/airflow/dags/ETL_toll_data.py took 0.238 seconds
[2025-12-11T23:07:09.593+0000] {processor.py:161} INFO - Started process (PID=2051) to work on /home/project/airflow/dags/ETL_toll_data.py
[2025-12-11T23:07:09.595+0000] {processor.py:830} INFO - Processing file /home/project/airflow/dags/ETL_toll_data.py for tasks to queue
[2025-12-11T23:07:09.598+0000] {logging_mixin.py:188} INFO - [2025-12-11T23:07:09.597+0000] {dagbag.py:545} INFO - Filling up the DagBag from /home/project/airflow/dags/ETL_toll_data.py
[2025-12-11T23:07:09.678+0000] {processor.py:840} INFO - DAG(s) 'ETL_toll_data' retrieved from /home/project/airflow/dags/ETL_toll_data.py
[2025-12-11T23:07:09.740+0000] {logging_mixin.py:188} INFO - [2025-12-11T23:07:09.739+0000] {dag.py:3096} INFO - Sync 1 DAGs
[2025-12-11T23:07:09.793+0000] {logging_mixin.py:188} INFO - [2025-12-11T23:07:09.792+0000] {dag.py:3954} INFO - Setting next_dagrun for ETL_toll_data to 2025-12-11 00:00:00+00:00, run_after=2025-12-12 00:00:00+00:00
[2025-12-11T23:07:09.838+0000] {processor.py:183} INFO - Processing /home/project/airflow/dags/ETL_toll_data.py took 0.259 seconds
[2025-12-11T23:07:18.058+0000] {processor.py:161} INFO - Started process (PID=2073) to work on /home/project/airflow/dags/ETL_toll_data.py
[2025-12-11T23:07:18.063+0000] {processor.py:830} INFO - Processing file /home/project/airflow/dags/ETL_toll_data.py for tasks to queue
[2025-12-11T23:07:18.071+0000] {logging_mixin.py:188} INFO - [2025-12-11T23:07:18.070+0000] {dagbag.py:545} INFO - Filling up the DagBag from /home/project/airflow/dags/ETL_toll_data.py
[2025-12-11T23:07:18.319+0000] {processor.py:840} INFO - DAG(s) 'ETL_toll_data' retrieved from /home/project/airflow/dags/ETL_toll_data.py
[2025-12-11T23:07:18.381+0000] {logging_mixin.py:188} INFO - [2025-12-11T23:07:18.380+0000] {dag.py:3096} INFO - Sync 1 DAGs
[2025-12-11T23:07:18.434+0000] {logging_mixin.py:188} INFO - [2025-12-11T23:07:18.434+0000] {dag.py:3954} INFO - Setting next_dagrun for ETL_toll_data to 2025-12-11 00:00:00+00:00, run_after=2025-12-12 00:00:00+00:00
[2025-12-11T23:07:18.516+0000] {processor.py:183} INFO - Processing /home/project/airflow/dags/ETL_toll_data.py took 0.471 seconds
[2025-12-11T23:07:19.918+0000] {processor.py:161} INFO - Started process (PID=2082) to work on /home/project/airflow/dags/ETL_toll_data.py
[2025-12-11T23:07:19.919+0000] {processor.py:830} INFO - Processing file /home/project/airflow/dags/ETL_toll_data.py for tasks to queue
[2025-12-11T23:07:19.922+0000] {logging_mixin.py:188} INFO - [2025-12-11T23:07:19.922+0000] {dagbag.py:545} INFO - Filling up the DagBag from /home/project/airflow/dags/ETL_toll_data.py
[2025-12-11T23:07:20.065+0000] {processor.py:840} INFO - DAG(s) 'ETL_toll_data' retrieved from /home/project/airflow/dags/ETL_toll_data.py
[2025-12-11T23:07:20.113+0000] {logging_mixin.py:188} INFO - [2025-12-11T23:07:20.113+0000] {dag.py:3096} INFO - Sync 1 DAGs
[2025-12-11T23:07:20.152+0000] {logging_mixin.py:188} INFO - [2025-12-11T23:07:20.151+0000] {dag.py:3954} INFO - Setting next_dagrun for ETL_toll_data to 2025-12-11 00:00:00+00:00, run_after=2025-12-12 00:00:00+00:00
[2025-12-11T23:07:20.309+0000] {processor.py:183} INFO - Processing /home/project/airflow/dags/ETL_toll_data.py took 0.391 seconds
[2025-12-11T23:07:23.653+0000] {processor.py:161} INFO - Started process (PID=2087) to work on /home/project/airflow/dags/ETL_toll_data.py
[2025-12-11T23:07:23.661+0000] {processor.py:830} INFO - Processing file /home/project/airflow/dags/ETL_toll_data.py for tasks to queue
[2025-12-11T23:07:23.671+0000] {logging_mixin.py:188} INFO - [2025-12-11T23:07:23.670+0000] {dagbag.py:545} INFO - Filling up the DagBag from /home/project/airflow/dags/ETL_toll_data.py
[2025-12-11T23:07:23.741+0000] {processor.py:840} INFO - DAG(s) 'ETL_toll_data' retrieved from /home/project/airflow/dags/ETL_toll_data.py
[2025-12-11T23:07:23.830+0000] {logging_mixin.py:188} INFO - [2025-12-11T23:07:23.822+0000] {dag.py:3096} INFO - Sync 1 DAGs
[2025-12-11T23:07:23.896+0000] {logging_mixin.py:188} INFO - [2025-12-11T23:07:23.895+0000] {dag.py:3954} INFO - Setting next_dagrun for ETL_toll_data to 2025-12-11 00:00:00+00:00, run_after=2025-12-12 00:00:00+00:00
[2025-12-11T23:07:23.973+0000] {processor.py:183} INFO - Processing /home/project/airflow/dags/ETL_toll_data.py took 0.331 seconds
[2025-12-11T23:07:38.218+0000] {processor.py:161} INFO - Started process (PID=2121) to work on /home/project/airflow/dags/ETL_toll_data.py
[2025-12-11T23:07:38.310+0000] {processor.py:830} INFO - Processing file /home/project/airflow/dags/ETL_toll_data.py for tasks to queue
[2025-12-11T23:07:38.315+0000] {logging_mixin.py:188} INFO - [2025-12-11T23:07:38.315+0000] {dagbag.py:545} INFO - Filling up the DagBag from /home/project/airflow/dags/ETL_toll_data.py
[2025-12-11T23:07:38.489+0000] {processor.py:840} INFO - DAG(s) 'ETL_toll_data' retrieved from /home/project/airflow/dags/ETL_toll_data.py
[2025-12-11T23:07:38.540+0000] {logging_mixin.py:188} INFO - [2025-12-11T23:07:38.539+0000] {dag.py:3096} INFO - Sync 1 DAGs
[2025-12-11T23:07:38.598+0000] {logging_mixin.py:188} INFO - [2025-12-11T23:07:38.598+0000] {dag.py:3954} INFO - Setting next_dagrun for ETL_toll_data to 2025-12-11 00:00:00+00:00, run_after=2025-12-12 00:00:00+00:00
[2025-12-11T23:07:38.690+0000] {processor.py:183} INFO - Processing /home/project/airflow/dags/ETL_toll_data.py took 0.487 seconds
[2025-12-11T23:07:39.744+0000] {processor.py:161} INFO - Started process (PID=2122) to work on /home/project/airflow/dags/ETL_toll_data.py
[2025-12-11T23:07:39.746+0000] {processor.py:830} INFO - Processing file /home/project/airflow/dags/ETL_toll_data.py for tasks to queue
[2025-12-11T23:07:39.749+0000] {logging_mixin.py:188} INFO - [2025-12-11T23:07:39.748+0000] {dagbag.py:545} INFO - Filling up the DagBag from /home/project/airflow/dags/ETL_toll_data.py
[2025-12-11T23:07:39.788+0000] {processor.py:840} INFO - DAG(s) 'ETL_toll_data' retrieved from /home/project/airflow/dags/ETL_toll_data.py
[2025-12-11T23:07:39.831+0000] {logging_mixin.py:188} INFO - [2025-12-11T23:07:39.830+0000] {dag.py:3096} INFO - Sync 1 DAGs
[2025-12-11T23:07:39.871+0000] {logging_mixin.py:188} INFO - [2025-12-11T23:07:39.870+0000] {dag.py:3954} INFO - Setting next_dagrun for ETL_toll_data to 2025-12-11 00:00:00+00:00, run_after=2025-12-12 00:00:00+00:00
[2025-12-11T23:07:39.968+0000] {processor.py:183} INFO - Processing /home/project/airflow/dags/ETL_toll_data.py took 0.234 seconds
[2025-12-11T23:07:46.557+0000] {processor.py:161} INFO - Started process (PID=2142) to work on /home/project/airflow/dags/ETL_toll_data.py
[2025-12-11T23:07:46.589+0000] {processor.py:830} INFO - Processing file /home/project/airflow/dags/ETL_toll_data.py for tasks to queue
[2025-12-11T23:07:46.593+0000] {logging_mixin.py:188} INFO - [2025-12-11T23:07:46.593+0000] {dagbag.py:545} INFO - Filling up the DagBag from /home/project/airflow/dags/ETL_toll_data.py
[2025-12-11T23:07:46.675+0000] {processor.py:840} INFO - DAG(s) 'ETL_toll_data' retrieved from /home/project/airflow/dags/ETL_toll_data.py
[2025-12-11T23:07:46.750+0000] {logging_mixin.py:188} INFO - [2025-12-11T23:07:46.749+0000] {dag.py:3096} INFO - Sync 1 DAGs
[2025-12-11T23:07:46.800+0000] {logging_mixin.py:188} INFO - [2025-12-11T23:07:46.800+0000] {dag.py:3954} INFO - Setting next_dagrun for ETL_toll_data to 2025-12-11 00:00:00+00:00, run_after=2025-12-12 00:00:00+00:00
[2025-12-11T23:07:46.954+0000] {processor.py:183} INFO - Processing /home/project/airflow/dags/ETL_toll_data.py took 0.439 seconds
[2025-12-11T23:07:49.484+0000] {processor.py:161} INFO - Started process (PID=2146) to work on /home/project/airflow/dags/ETL_toll_data.py
[2025-12-11T23:07:49.493+0000] {processor.py:830} INFO - Processing file /home/project/airflow/dags/ETL_toll_data.py for tasks to queue
[2025-12-11T23:07:49.496+0000] {logging_mixin.py:188} INFO - [2025-12-11T23:07:49.496+0000] {dagbag.py:545} INFO - Filling up the DagBag from /home/project/airflow/dags/ETL_toll_data.py
[2025-12-11T23:07:49.537+0000] {processor.py:840} INFO - DAG(s) 'ETL_toll_data' retrieved from /home/project/airflow/dags/ETL_toll_data.py
[2025-12-11T23:07:49.577+0000] {logging_mixin.py:188} INFO - [2025-12-11T23:07:49.576+0000] {dag.py:3096} INFO - Sync 1 DAGs
[2025-12-11T23:07:49.611+0000] {logging_mixin.py:188} INFO - [2025-12-11T23:07:49.611+0000] {dag.py:3954} INFO - Setting next_dagrun for ETL_toll_data to 2025-12-11 00:00:00+00:00, run_after=2025-12-12 00:00:00+00:00
[2025-12-11T23:07:49.640+0000] {processor.py:183} INFO - Processing /home/project/airflow/dags/ETL_toll_data.py took 0.167 seconds
[2025-12-11T23:07:51.675+0000] {processor.py:161} INFO - Started process (PID=2156) to work on /home/project/airflow/dags/ETL_toll_data.py
[2025-12-11T23:07:51.677+0000] {processor.py:830} INFO - Processing file /home/project/airflow/dags/ETL_toll_data.py for tasks to queue
[2025-12-11T23:07:51.679+0000] {logging_mixin.py:188} INFO - [2025-12-11T23:07:51.679+0000] {dagbag.py:545} INFO - Filling up the DagBag from /home/project/airflow/dags/ETL_toll_data.py
[2025-12-11T23:07:51.725+0000] {processor.py:840} INFO - DAG(s) 'ETL_toll_data' retrieved from /home/project/airflow/dags/ETL_toll_data.py
[2025-12-11T23:07:51.773+0000] {logging_mixin.py:188} INFO - [2025-12-11T23:07:51.772+0000] {dag.py:3096} INFO - Sync 1 DAGs
[2025-12-11T23:07:51.814+0000] {logging_mixin.py:188} INFO - [2025-12-11T23:07:51.814+0000] {dag.py:3954} INFO - Setting next_dagrun for ETL_toll_data to 2025-12-11 00:00:00+00:00, run_after=2025-12-12 00:00:00+00:00
[2025-12-11T23:07:51.844+0000] {processor.py:183} INFO - Processing /home/project/airflow/dags/ETL_toll_data.py took 0.180 seconds
[2025-12-11T23:07:53.902+0000] {processor.py:161} INFO - Started process (PID=2159) to work on /home/project/airflow/dags/ETL_toll_data.py
[2025-12-11T23:07:53.903+0000] {processor.py:830} INFO - Processing file /home/project/airflow/dags/ETL_toll_data.py for tasks to queue
[2025-12-11T23:07:53.912+0000] {logging_mixin.py:188} INFO - [2025-12-11T23:07:53.911+0000] {dagbag.py:545} INFO - Filling up the DagBag from /home/project/airflow/dags/ETL_toll_data.py
[2025-12-11T23:07:53.991+0000] {processor.py:840} INFO - DAG(s) 'ETL_toll_data' retrieved from /home/project/airflow/dags/ETL_toll_data.py
[2025-12-11T23:07:54.027+0000] {logging_mixin.py:188} INFO - [2025-12-11T23:07:54.026+0000] {dag.py:3096} INFO - Sync 1 DAGs
[2025-12-11T23:07:54.066+0000] {logging_mixin.py:188} INFO - [2025-12-11T23:07:54.065+0000] {dag.py:3954} INFO - Setting next_dagrun for ETL_toll_data to 2025-12-11 00:00:00+00:00, run_after=2025-12-12 00:00:00+00:00
[2025-12-11T23:07:54.095+0000] {processor.py:183} INFO - Processing /home/project/airflow/dags/ETL_toll_data.py took 0.206 seconds
[2025-12-11T23:08:05.671+0000] {processor.py:161} INFO - Started process (PID=2189) to work on /home/project/airflow/dags/ETL_toll_data.py
[2025-12-11T23:08:05.678+0000] {processor.py:830} INFO - Processing file /home/project/airflow/dags/ETL_toll_data.py for tasks to queue
[2025-12-11T23:08:05.681+0000] {logging_mixin.py:188} INFO - [2025-12-11T23:08:05.680+0000] {dagbag.py:545} INFO - Filling up the DagBag from /home/project/airflow/dags/ETL_toll_data.py
[2025-12-11T23:08:05.723+0000] {processor.py:840} INFO - DAG(s) 'ETL_toll_data' retrieved from /home/project/airflow/dags/ETL_toll_data.py
[2025-12-11T23:08:05.761+0000] {logging_mixin.py:188} INFO - [2025-12-11T23:08:05.761+0000] {dag.py:3096} INFO - Sync 1 DAGs
[2025-12-11T23:08:05.799+0000] {logging_mixin.py:188} INFO - [2025-12-11T23:08:05.798+0000] {dag.py:3954} INFO - Setting next_dagrun for ETL_toll_data to 2025-12-11 00:00:00+00:00, run_after=2025-12-12 00:00:00+00:00
[2025-12-11T23:08:05.831+0000] {processor.py:183} INFO - Processing /home/project/airflow/dags/ETL_toll_data.py took 0.170 seconds
[2025-12-11T23:08:11.971+0000] {processor.py:161} INFO - Started process (PID=2196) to work on /home/project/airflow/dags/ETL_toll_data.py
[2025-12-11T23:08:12.019+0000] {processor.py:830} INFO - Processing file /home/project/airflow/dags/ETL_toll_data.py for tasks to queue
[2025-12-11T23:08:12.026+0000] {logging_mixin.py:188} INFO - [2025-12-11T23:08:12.025+0000] {dagbag.py:545} INFO - Filling up the DagBag from /home/project/airflow/dags/ETL_toll_data.py
[2025-12-11T23:08:12.082+0000] {processor.py:840} INFO - DAG(s) 'ETL_toll_data' retrieved from /home/project/airflow/dags/ETL_toll_data.py
[2025-12-11T23:08:12.134+0000] {logging_mixin.py:188} INFO - [2025-12-11T23:08:12.134+0000] {dag.py:3096} INFO - Sync 1 DAGs
[2025-12-11T23:08:12.471+0000] {logging_mixin.py:188} INFO - [2025-12-11T23:08:12.470+0000] {dag.py:3954} INFO - Setting next_dagrun for ETL_toll_data to 2025-12-11 00:00:00+00:00, run_after=2025-12-12 00:00:00+00:00
[2025-12-11T23:08:12.593+0000] {processor.py:183} INFO - Processing /home/project/airflow/dags/ETL_toll_data.py took 0.633 seconds
[2025-12-11T23:08:18.722+0000] {processor.py:161} INFO - Started process (PID=2216) to work on /home/project/airflow/dags/ETL_toll_data.py
[2025-12-11T23:08:18.924+0000] {processor.py:830} INFO - Processing file /home/project/airflow/dags/ETL_toll_data.py for tasks to queue
[2025-12-11T23:08:18.928+0000] {logging_mixin.py:188} INFO - [2025-12-11T23:08:18.927+0000] {dagbag.py:545} INFO - Filling up the DagBag from /home/project/airflow/dags/ETL_toll_data.py
[2025-12-11T23:08:18.981+0000] {processor.py:840} INFO - DAG(s) 'ETL_toll_data' retrieved from /home/project/airflow/dags/ETL_toll_data.py
[2025-12-11T23:08:19.023+0000] {logging_mixin.py:188} INFO - [2025-12-11T23:08:19.022+0000] {dag.py:3096} INFO - Sync 1 DAGs
[2025-12-11T23:08:19.243+0000] {logging_mixin.py:188} INFO - [2025-12-11T23:08:19.243+0000] {dag.py:3954} INFO - Setting next_dagrun for ETL_toll_data to 2025-12-11 00:00:00+00:00, run_after=2025-12-12 00:00:00+00:00
[2025-12-11T23:08:19.298+0000] {processor.py:183} INFO - Processing /home/project/airflow/dags/ETL_toll_data.py took 0.589 seconds
[2025-12-11T23:08:23.834+0000] {processor.py:161} INFO - Started process (PID=2227) to work on /home/project/airflow/dags/ETL_toll_data.py
[2025-12-11T23:08:23.853+0000] {processor.py:830} INFO - Processing file /home/project/airflow/dags/ETL_toll_data.py for tasks to queue
[2025-12-11T23:08:23.857+0000] {logging_mixin.py:188} INFO - [2025-12-11T23:08:23.857+0000] {dagbag.py:545} INFO - Filling up the DagBag from /home/project/airflow/dags/ETL_toll_data.py
[2025-12-11T23:08:23.951+0000] {processor.py:840} INFO - DAG(s) 'ETL_toll_data' retrieved from /home/project/airflow/dags/ETL_toll_data.py
[2025-12-11T23:08:24.032+0000] {logging_mixin.py:188} INFO - [2025-12-11T23:08:24.032+0000] {dag.py:3096} INFO - Sync 1 DAGs
[2025-12-11T23:08:24.110+0000] {logging_mixin.py:188} INFO - [2025-12-11T23:08:24.110+0000] {dag.py:3954} INFO - Setting next_dagrun for ETL_toll_data to 2025-12-11 00:00:00+00:00, run_after=2025-12-12 00:00:00+00:00
[2025-12-11T23:08:24.176+0000] {processor.py:183} INFO - Processing /home/project/airflow/dags/ETL_toll_data.py took 0.362 seconds
[2025-12-11T23:08:54.247+0000] {processor.py:161} INFO - Started process (PID=2294) to work on /home/project/airflow/dags/ETL_toll_data.py
[2025-12-11T23:08:54.249+0000] {processor.py:830} INFO - Processing file /home/project/airflow/dags/ETL_toll_data.py for tasks to queue
[2025-12-11T23:08:54.252+0000] {logging_mixin.py:188} INFO - [2025-12-11T23:08:54.252+0000] {dagbag.py:545} INFO - Filling up the DagBag from /home/project/airflow/dags/ETL_toll_data.py
[2025-12-11T23:08:54.296+0000] {processor.py:840} INFO - DAG(s) 'ETL_toll_data' retrieved from /home/project/airflow/dags/ETL_toll_data.py
[2025-12-11T23:08:54.338+0000] {logging_mixin.py:188} INFO - [2025-12-11T23:08:54.337+0000] {dag.py:3096} INFO - Sync 1 DAGs
[2025-12-11T23:08:54.381+0000] {logging_mixin.py:188} INFO - [2025-12-11T23:08:54.380+0000] {dag.py:3954} INFO - Setting next_dagrun for ETL_toll_data to 2025-12-11 00:00:00+00:00, run_after=2025-12-12 00:00:00+00:00
[2025-12-11T23:08:54.417+0000] {processor.py:183} INFO - Processing /home/project/airflow/dags/ETL_toll_data.py took 0.180 seconds
[2025-12-11T23:08:57.772+0000] {processor.py:161} INFO - Started process (PID=2300) to work on /home/project/airflow/dags/ETL_toll_data.py
[2025-12-11T23:08:57.773+0000] {processor.py:830} INFO - Processing file /home/project/airflow/dags/ETL_toll_data.py for tasks to queue
[2025-12-11T23:08:57.776+0000] {logging_mixin.py:188} INFO - [2025-12-11T23:08:57.776+0000] {dagbag.py:545} INFO - Filling up the DagBag from /home/project/airflow/dags/ETL_toll_data.py
[2025-12-11T23:08:57.818+0000] {processor.py:840} INFO - DAG(s) 'ETL_toll_data' retrieved from /home/project/airflow/dags/ETL_toll_data.py
[2025-12-11T23:08:57.860+0000] {logging_mixin.py:188} INFO - [2025-12-11T23:08:57.859+0000] {dag.py:3096} INFO - Sync 1 DAGs
[2025-12-11T23:08:58.173+0000] {logging_mixin.py:188} INFO - [2025-12-11T23:08:58.173+0000] {dag.py:3954} INFO - Setting next_dagrun for ETL_toll_data to 2025-12-11 00:00:00+00:00, run_after=2025-12-12 00:00:00+00:00
[2025-12-11T23:08:58.203+0000] {processor.py:183} INFO - Processing /home/project/airflow/dags/ETL_toll_data.py took 0.442 seconds
[2025-12-11T23:08:59.498+0000] {processor.py:161} INFO - Started process (PID=2313) to work on /home/project/airflow/dags/ETL_toll_data.py
[2025-12-11T23:08:59.500+0000] {processor.py:830} INFO - Processing file /home/project/airflow/dags/ETL_toll_data.py for tasks to queue
[2025-12-11T23:08:59.512+0000] {logging_mixin.py:188} INFO - [2025-12-11T23:08:59.511+0000] {dagbag.py:545} INFO - Filling up the DagBag from /home/project/airflow/dags/ETL_toll_data.py
[2025-12-11T23:08:59.596+0000] {processor.py:840} INFO - DAG(s) 'ETL_toll_data' retrieved from /home/project/airflow/dags/ETL_toll_data.py
[2025-12-11T23:08:59.670+0000] {logging_mixin.py:188} INFO - [2025-12-11T23:08:59.669+0000] {dag.py:3096} INFO - Sync 1 DAGs
[2025-12-11T23:08:59.751+0000] {logging_mixin.py:188} INFO - [2025-12-11T23:08:59.751+0000] {dag.py:3954} INFO - Setting next_dagrun for ETL_toll_data to 2025-12-11 00:00:00+00:00, run_after=2025-12-12 00:00:00+00:00
[2025-12-11T23:08:59.817+0000] {processor.py:183} INFO - Processing /home/project/airflow/dags/ETL_toll_data.py took 0.339 seconds
[2025-12-11T23:09:02.754+0000] {processor.py:161} INFO - Started process (PID=2322) to work on /home/project/airflow/dags/ETL_toll_data.py
[2025-12-11T23:09:02.756+0000] {processor.py:830} INFO - Processing file /home/project/airflow/dags/ETL_toll_data.py for tasks to queue
[2025-12-11T23:09:02.758+0000] {logging_mixin.py:188} INFO - [2025-12-11T23:09:02.758+0000] {dagbag.py:545} INFO - Filling up the DagBag from /home/project/airflow/dags/ETL_toll_data.py
[2025-12-11T23:09:02.850+0000] {processor.py:840} INFO - DAG(s) 'ETL_toll_data' retrieved from /home/project/airflow/dags/ETL_toll_data.py
[2025-12-11T23:09:02.923+0000] {logging_mixin.py:188} INFO - [2025-12-11T23:09:02.923+0000] {dag.py:3096} INFO - Sync 1 DAGs
[2025-12-11T23:09:02.998+0000] {logging_mixin.py:188} INFO - [2025-12-11T23:09:02.997+0000] {dag.py:3954} INFO - Setting next_dagrun for ETL_toll_data to 2025-12-11 00:00:00+00:00, run_after=2025-12-12 00:00:00+00:00
[2025-12-11T23:09:03.054+0000] {processor.py:183} INFO - Processing /home/project/airflow/dags/ETL_toll_data.py took 0.317 seconds
[2025-12-11T23:09:05.312+0000] {processor.py:161} INFO - Started process (PID=2326) to work on /home/project/airflow/dags/ETL_toll_data.py
[2025-12-11T23:09:05.314+0000] {processor.py:830} INFO - Processing file /home/project/airflow/dags/ETL_toll_data.py for tasks to queue
[2025-12-11T23:09:05.316+0000] {logging_mixin.py:188} INFO - [2025-12-11T23:09:05.316+0000] {dagbag.py:545} INFO - Filling up the DagBag from /home/project/airflow/dags/ETL_toll_data.py
[2025-12-11T23:09:05.364+0000] {processor.py:840} INFO - DAG(s) 'ETL_toll_data' retrieved from /home/project/airflow/dags/ETL_toll_data.py
[2025-12-11T23:09:05.406+0000] {logging_mixin.py:188} INFO - [2025-12-11T23:09:05.405+0000] {dag.py:3096} INFO - Sync 1 DAGs
[2025-12-11T23:09:05.470+0000] {logging_mixin.py:188} INFO - [2025-12-11T23:09:05.462+0000] {dag.py:3954} INFO - Setting next_dagrun for ETL_toll_data to 2025-12-11 00:00:00+00:00, run_after=2025-12-12 00:00:00+00:00
[2025-12-11T23:09:05.537+0000] {processor.py:183} INFO - Processing /home/project/airflow/dags/ETL_toll_data.py took 0.236 seconds
[2025-12-11T23:09:13.761+0000] {processor.py:161} INFO - Started process (PID=2336) to work on /home/project/airflow/dags/ETL_toll_data.py
[2025-12-11T23:09:13.763+0000] {processor.py:830} INFO - Processing file /home/project/airflow/dags/ETL_toll_data.py for tasks to queue
[2025-12-11T23:09:13.765+0000] {logging_mixin.py:188} INFO - [2025-12-11T23:09:13.765+0000] {dagbag.py:545} INFO - Filling up the DagBag from /home/project/airflow/dags/ETL_toll_data.py
[2025-12-11T23:09:13.810+0000] {processor.py:840} INFO - DAG(s) 'ETL_toll_data' retrieved from /home/project/airflow/dags/ETL_toll_data.py
[2025-12-11T23:09:13.845+0000] {logging_mixin.py:188} INFO - [2025-12-11T23:09:13.844+0000] {dag.py:3096} INFO - Sync 1 DAGs
[2025-12-11T23:09:14.173+0000] {logging_mixin.py:188} INFO - [2025-12-11T23:09:14.173+0000] {dag.py:3954} INFO - Setting next_dagrun for ETL_toll_data to 2025-12-11 00:00:00+00:00, run_after=2025-12-12 00:00:00+00:00
[2025-12-11T23:09:14.203+0000] {processor.py:183} INFO - Processing /home/project/airflow/dags/ETL_toll_data.py took 0.452 seconds
[2025-12-11T23:09:15.680+0000] {processor.py:161} INFO - Started process (PID=2350) to work on /home/project/airflow/dags/ETL_toll_data.py
[2025-12-11T23:09:15.681+0000] {processor.py:830} INFO - Processing file /home/project/airflow/dags/ETL_toll_data.py for tasks to queue
[2025-12-11T23:09:15.692+0000] {logging_mixin.py:188} INFO - [2025-12-11T23:09:15.691+0000] {dagbag.py:545} INFO - Filling up the DagBag from /home/project/airflow/dags/ETL_toll_data.py
[2025-12-11T23:09:15.756+0000] {processor.py:840} INFO - DAG(s) 'ETL_toll_data' retrieved from /home/project/airflow/dags/ETL_toll_data.py
[2025-12-11T23:09:15.813+0000] {logging_mixin.py:188} INFO - [2025-12-11T23:09:15.812+0000] {dag.py:3096} INFO - Sync 1 DAGs
[2025-12-11T23:09:15.860+0000] {logging_mixin.py:188} INFO - [2025-12-11T23:09:15.860+0000] {dag.py:3954} INFO - Setting next_dagrun for ETL_toll_data to 2025-12-11 00:00:00+00:00, run_after=2025-12-12 00:00:00+00:00
[2025-12-11T23:09:15.916+0000] {processor.py:183} INFO - Processing /home/project/airflow/dags/ETL_toll_data.py took 0.254 seconds
[2025-12-11T23:09:26.097+0000] {processor.py:161} INFO - Started process (PID=2369) to work on /home/project/airflow/dags/ETL_toll_data.py
[2025-12-11T23:09:26.099+0000] {processor.py:830} INFO - Processing file /home/project/airflow/dags/ETL_toll_data.py for tasks to queue
[2025-12-11T23:09:26.102+0000] {logging_mixin.py:188} INFO - [2025-12-11T23:09:26.101+0000] {dagbag.py:545} INFO - Filling up the DagBag from /home/project/airflow/dags/ETL_toll_data.py
[2025-12-11T23:09:26.146+0000] {processor.py:840} INFO - DAG(s) 'ETL_toll_data' retrieved from /home/project/airflow/dags/ETL_toll_data.py
[2025-12-11T23:09:26.184+0000] {logging_mixin.py:188} INFO - [2025-12-11T23:09:26.184+0000] {dag.py:3096} INFO - Sync 1 DAGs
[2025-12-11T23:09:26.223+0000] {logging_mixin.py:188} INFO - [2025-12-11T23:09:26.223+0000] {dag.py:3954} INFO - Setting next_dagrun for ETL_toll_data to 2025-12-11 00:00:00+00:00, run_after=2025-12-12 00:00:00+00:00
[2025-12-11T23:09:26.255+0000] {processor.py:183} INFO - Processing /home/project/airflow/dags/ETL_toll_data.py took 0.168 seconds
[2025-12-11T23:09:40.284+0000] {processor.py:161} INFO - Started process (PID=2402) to work on /home/project/airflow/dags/ETL_toll_data.py
[2025-12-11T23:09:40.286+0000] {processor.py:830} INFO - Processing file /home/project/airflow/dags/ETL_toll_data.py for tasks to queue
[2025-12-11T23:09:40.289+0000] {logging_mixin.py:188} INFO - [2025-12-11T23:09:40.288+0000] {dagbag.py:545} INFO - Filling up the DagBag from /home/project/airflow/dags/ETL_toll_data.py
[2025-12-11T23:09:40.332+0000] {processor.py:840} INFO - DAG(s) 'ETL_toll_data' retrieved from /home/project/airflow/dags/ETL_toll_data.py
[2025-12-11T23:09:40.649+0000] {logging_mixin.py:188} INFO - [2025-12-11T23:09:40.648+0000] {dag.py:3096} INFO - Sync 1 DAGs
[2025-12-11T23:09:40.688+0000] {logging_mixin.py:188} INFO - [2025-12-11T23:09:40.688+0000] {dag.py:3954} INFO - Setting next_dagrun for ETL_toll_data to 2025-12-11 00:00:00+00:00, run_after=2025-12-12 00:00:00+00:00
[2025-12-11T23:09:40.721+0000] {processor.py:183} INFO - Processing /home/project/airflow/dags/ETL_toll_data.py took 0.448 seconds
[2025-12-11T23:09:44.591+0000] {processor.py:161} INFO - Started process (PID=2406) to work on /home/project/airflow/dags/ETL_toll_data.py
[2025-12-11T23:09:44.593+0000] {processor.py:830} INFO - Processing file /home/project/airflow/dags/ETL_toll_data.py for tasks to queue
[2025-12-11T23:09:44.596+0000] {logging_mixin.py:188} INFO - [2025-12-11T23:09:44.595+0000] {dagbag.py:545} INFO - Filling up the DagBag from /home/project/airflow/dags/ETL_toll_data.py
[2025-12-11T23:09:44.642+0000] {processor.py:840} INFO - DAG(s) 'ETL_toll_data' retrieved from /home/project/airflow/dags/ETL_toll_data.py
[2025-12-11T23:09:44.687+0000] {logging_mixin.py:188} INFO - [2025-12-11T23:09:44.686+0000] {dag.py:3096} INFO - Sync 1 DAGs
[2025-12-11T23:09:44.736+0000] {logging_mixin.py:188} INFO - [2025-12-11T23:09:44.735+0000] {dag.py:3954} INFO - Setting next_dagrun for ETL_toll_data to 2025-12-11 00:00:00+00:00, run_after=2025-12-12 00:00:00+00:00
[2025-12-11T23:09:44.774+0000] {processor.py:183} INFO - Processing /home/project/airflow/dags/ETL_toll_data.py took 0.194 seconds
[2025-12-11T23:09:51.258+0000] {processor.py:161} INFO - Started process (PID=2427) to work on /home/project/airflow/dags/ETL_toll_data.py
[2025-12-11T23:09:51.260+0000] {processor.py:830} INFO - Processing file /home/project/airflow/dags/ETL_toll_data.py for tasks to queue
[2025-12-11T23:09:51.272+0000] {logging_mixin.py:188} INFO - [2025-12-11T23:09:51.271+0000] {dagbag.py:545} INFO - Filling up the DagBag from /home/project/airflow/dags/ETL_toll_data.py
[2025-12-11T23:09:51.409+0000] {processor.py:840} INFO - DAG(s) 'ETL_toll_data' retrieved from /home/project/airflow/dags/ETL_toll_data.py
[2025-12-11T23:09:51.494+0000] {logging_mixin.py:188} INFO - [2025-12-11T23:09:51.494+0000] {dag.py:3096} INFO - Sync 1 DAGs
[2025-12-11T23:09:51.553+0000] {logging_mixin.py:188} INFO - [2025-12-11T23:09:51.553+0000] {dag.py:3954} INFO - Setting next_dagrun for ETL_toll_data to 2025-12-11 00:00:00+00:00, run_after=2025-12-12 00:00:00+00:00
[2025-12-11T23:09:51.601+0000] {processor.py:183} INFO - Processing /home/project/airflow/dags/ETL_toll_data.py took 0.365 seconds
[2025-12-11T23:09:56.931+0000] {processor.py:161} INFO - Started process (PID=2436) to work on /home/project/airflow/dags/ETL_toll_data.py
[2025-12-11T23:09:57.009+0000] {processor.py:830} INFO - Processing file /home/project/airflow/dags/ETL_toll_data.py for tasks to queue
[2025-12-11T23:09:57.012+0000] {logging_mixin.py:188} INFO - [2025-12-11T23:09:57.011+0000] {dagbag.py:545} INFO - Filling up the DagBag from /home/project/airflow/dags/ETL_toll_data.py
[2025-12-11T23:09:57.084+0000] {processor.py:840} INFO - DAG(s) 'ETL_toll_data' retrieved from /home/project/airflow/dags/ETL_toll_data.py
[2025-12-11T23:09:57.142+0000] {logging_mixin.py:188} INFO - [2025-12-11T23:09:57.142+0000] {dag.py:3096} INFO - Sync 1 DAGs
[2025-12-11T23:09:57.179+0000] {logging_mixin.py:188} INFO - [2025-12-11T23:09:57.179+0000] {dag.py:3954} INFO - Setting next_dagrun for ETL_toll_data to 2025-12-11 00:00:00+00:00, run_after=2025-12-12 00:00:00+00:00
[2025-12-11T23:09:57.233+0000] {processor.py:183} INFO - Processing /home/project/airflow/dags/ETL_toll_data.py took 0.345 seconds
[2025-12-11T23:10:03.599+0000] {processor.py:161} INFO - Started process (PID=2462) to work on /home/project/airflow/dags/ETL_toll_data.py
[2025-12-11T23:10:03.692+0000] {processor.py:830} INFO - Processing file /home/project/airflow/dags/ETL_toll_data.py for tasks to queue
[2025-12-11T23:10:03.696+0000] {logging_mixin.py:188} INFO - [2025-12-11T23:10:03.695+0000] {dagbag.py:545} INFO - Filling up the DagBag from /home/project/airflow/dags/ETL_toll_data.py
[2025-12-11T23:10:03.812+0000] {processor.py:840} INFO - DAG(s) 'ETL_toll_data' retrieved from /home/project/airflow/dags/ETL_toll_data.py
[2025-12-11T23:10:03.914+0000] {logging_mixin.py:188} INFO - [2025-12-11T23:10:03.913+0000] {dag.py:3096} INFO - Sync 1 DAGs
[2025-12-11T23:10:03.996+0000] {logging_mixin.py:188} INFO - [2025-12-11T23:10:03.996+0000] {dag.py:3954} INFO - Setting next_dagrun for ETL_toll_data to 2025-12-11 00:00:00+00:00, run_after=2025-12-12 00:00:00+00:00
[2025-12-11T23:10:04.069+0000] {processor.py:183} INFO - Processing /home/project/airflow/dags/ETL_toll_data.py took 0.494 seconds
[2025-12-11T23:10:33.439+0000] {processor.py:161} INFO - Started process (PID=2521) to work on /home/project/airflow/dags/ETL_toll_data.py
[2025-12-11T23:10:33.441+0000] {processor.py:830} INFO - Processing file /home/project/airflow/dags/ETL_toll_data.py for tasks to queue
[2025-12-11T23:10:33.451+0000] {logging_mixin.py:188} INFO - [2025-12-11T23:10:33.450+0000] {dagbag.py:545} INFO - Filling up the DagBag from /home/project/airflow/dags/ETL_toll_data.py
[2025-12-11T23:10:33.521+0000] {processor.py:840} INFO - DAG(s) 'ETL_toll_data' retrieved from /home/project/airflow/dags/ETL_toll_data.py
[2025-12-11T23:10:33.577+0000] {logging_mixin.py:188} INFO - [2025-12-11T23:10:33.576+0000] {dag.py:3096} INFO - Sync 1 DAGs
[2025-12-11T23:10:33.634+0000] {logging_mixin.py:188} INFO - [2025-12-11T23:10:33.633+0000] {dag.py:3954} INFO - Setting next_dagrun for ETL_toll_data to 2025-12-11 00:00:00+00:00, run_after=2025-12-12 00:00:00+00:00
[2025-12-11T23:10:33.697+0000] {processor.py:183} INFO - Processing /home/project/airflow/dags/ETL_toll_data.py took 0.272 seconds
[2025-12-11T23:10:42.152+0000] {processor.py:161} INFO - Started process (PID=2541) to work on /home/project/airflow/dags/ETL_toll_data.py
[2025-12-11T23:10:42.154+0000] {processor.py:830} INFO - Processing file /home/project/airflow/dags/ETL_toll_data.py for tasks to queue
[2025-12-11T23:10:42.157+0000] {logging_mixin.py:188} INFO - [2025-12-11T23:10:42.156+0000] {dagbag.py:545} INFO - Filling up the DagBag from /home/project/airflow/dags/ETL_toll_data.py
[2025-12-11T23:10:42.197+0000] {processor.py:840} INFO - DAG(s) 'ETL_toll_data' retrieved from /home/project/airflow/dags/ETL_toll_data.py
[2025-12-11T23:10:42.234+0000] {logging_mixin.py:188} INFO - [2025-12-11T23:10:42.234+0000] {dag.py:3096} INFO - Sync 1 DAGs
[2025-12-11T23:10:42.270+0000] {logging_mixin.py:188} INFO - [2025-12-11T23:10:42.270+0000] {dag.py:3954} INFO - Setting next_dagrun for ETL_toll_data to 2025-12-11 00:00:00+00:00, run_after=2025-12-12 00:00:00+00:00
[2025-12-11T23:10:42.296+0000] {processor.py:183} INFO - Processing /home/project/airflow/dags/ETL_toll_data.py took 0.155 seconds
[2025-12-11T23:10:46.726+0000] {processor.py:161} INFO - Started process (PID=2546) to work on /home/project/airflow/dags/ETL_toll_data.py
[2025-12-11T23:10:46.755+0000] {processor.py:830} INFO - Processing file /home/project/airflow/dags/ETL_toll_data.py for tasks to queue
[2025-12-11T23:10:46.758+0000] {logging_mixin.py:188} INFO - [2025-12-11T23:10:46.758+0000] {dagbag.py:545} INFO - Filling up the DagBag from /home/project/airflow/dags/ETL_toll_data.py
[2025-12-11T23:10:46.798+0000] {processor.py:840} INFO - DAG(s) 'ETL_toll_data' retrieved from /home/project/airflow/dags/ETL_toll_data.py
[2025-12-11T23:10:46.839+0000] {logging_mixin.py:188} INFO - [2025-12-11T23:10:46.838+0000] {dag.py:3096} INFO - Sync 1 DAGs
[2025-12-11T23:10:46.874+0000] {logging_mixin.py:188} INFO - [2025-12-11T23:10:46.873+0000] {dag.py:3954} INFO - Setting next_dagrun for ETL_toll_data to 2025-12-11 00:00:00+00:00, run_after=2025-12-12 00:00:00+00:00
[2025-12-11T23:10:46.904+0000] {processor.py:183} INFO - Processing /home/project/airflow/dags/ETL_toll_data.py took 0.188 seconds
[2025-12-11T23:10:49.355+0000] {processor.py:161} INFO - Started process (PID=2559) to work on /home/project/airflow/dags/ETL_toll_data.py
[2025-12-11T23:10:49.357+0000] {processor.py:830} INFO - Processing file /home/project/airflow/dags/ETL_toll_data.py for tasks to queue
[2025-12-11T23:10:49.360+0000] {logging_mixin.py:188} INFO - [2025-12-11T23:10:49.359+0000] {dagbag.py:545} INFO - Filling up the DagBag from /home/project/airflow/dags/ETL_toll_data.py
[2025-12-11T23:10:49.451+0000] {processor.py:840} INFO - DAG(s) 'ETL_toll_data' retrieved from /home/project/airflow/dags/ETL_toll_data.py
[2025-12-11T23:10:49.559+0000] {logging_mixin.py:188} INFO - [2025-12-11T23:10:49.559+0000] {dag.py:3096} INFO - Sync 1 DAGs
[2025-12-11T23:10:49.670+0000] {logging_mixin.py:188} INFO - [2025-12-11T23:10:49.660+0000] {dag.py:3954} INFO - Setting next_dagrun for ETL_toll_data to 2025-12-11 00:00:00+00:00, run_after=2025-12-12 00:00:00+00:00
[2025-12-11T23:10:49.756+0000] {processor.py:183} INFO - Processing /home/project/airflow/dags/ETL_toll_data.py took 0.424 seconds
[2025-12-11T23:11:20.436+0000] {processor.py:161} INFO - Started process (PID=2626) to work on /home/project/airflow/dags/ETL_toll_data.py
[2025-12-11T23:11:20.472+0000] {processor.py:830} INFO - Processing file /home/project/airflow/dags/ETL_toll_data.py for tasks to queue
[2025-12-11T23:11:20.475+0000] {logging_mixin.py:188} INFO - [2025-12-11T23:11:20.475+0000] {dagbag.py:545} INFO - Filling up the DagBag from /home/project/airflow/dags/ETL_toll_data.py
[2025-12-11T23:11:20.550+0000] {processor.py:840} INFO - DAG(s) 'ETL_toll_data' retrieved from /home/project/airflow/dags/ETL_toll_data.py
[2025-12-11T23:11:20.635+0000] {logging_mixin.py:188} INFO - [2025-12-11T23:11:20.634+0000] {dag.py:3096} INFO - Sync 1 DAGs
[2025-12-11T23:11:20.730+0000] {logging_mixin.py:188} INFO - [2025-12-11T23:11:20.729+0000] {dag.py:3954} INFO - Setting next_dagrun for ETL_toll_data to 2025-12-11 00:00:00+00:00, run_after=2025-12-12 00:00:00+00:00
[2025-12-11T23:11:20.833+0000] {processor.py:183} INFO - Processing /home/project/airflow/dags/ETL_toll_data.py took 0.439 seconds
[2025-12-11T23:11:51.135+0000] {processor.py:161} INFO - Started process (PID=2694) to work on /home/project/airflow/dags/ETL_toll_data.py
[2025-12-11T23:11:51.363+0000] {processor.py:830} INFO - Processing file /home/project/airflow/dags/ETL_toll_data.py for tasks to queue
[2025-12-11T23:11:51.366+0000] {logging_mixin.py:188} INFO - [2025-12-11T23:11:51.366+0000] {dagbag.py:545} INFO - Filling up the DagBag from /home/project/airflow/dags/ETL_toll_data.py
[2025-12-11T23:11:51.475+0000] {processor.py:840} INFO - DAG(s) 'ETL_toll_data' retrieved from /home/project/airflow/dags/ETL_toll_data.py
[2025-12-11T23:11:51.549+0000] {logging_mixin.py:188} INFO - [2025-12-11T23:11:51.546+0000] {dag.py:3096} INFO - Sync 1 DAGs
[2025-12-11T23:11:51.614+0000] {logging_mixin.py:188} INFO - [2025-12-11T23:11:51.613+0000] {dag.py:3954} INFO - Setting next_dagrun for ETL_toll_data to 2025-12-11 00:00:00+00:00, run_after=2025-12-12 00:00:00+00:00
[2025-12-11T23:11:51.973+0000] {processor.py:183} INFO - Processing /home/project/airflow/dags/ETL_toll_data.py took 0.879 seconds
[2025-12-11T23:12:22.732+0000] {processor.py:161} INFO - Started process (PID=2761) to work on /home/project/airflow/dags/ETL_toll_data.py
[2025-12-11T23:12:22.928+0000] {processor.py:830} INFO - Processing file /home/project/airflow/dags/ETL_toll_data.py for tasks to queue
[2025-12-11T23:12:22.934+0000] {logging_mixin.py:188} INFO - [2025-12-11T23:12:22.934+0000] {dagbag.py:545} INFO - Filling up the DagBag from /home/project/airflow/dags/ETL_toll_data.py
[2025-12-11T23:12:22.989+0000] {processor.py:840} INFO - DAG(s) 'ETL_toll_data' retrieved from /home/project/airflow/dags/ETL_toll_data.py
[2025-12-11T23:12:23.026+0000] {logging_mixin.py:188} INFO - [2025-12-11T23:12:23.026+0000] {dag.py:3096} INFO - Sync 1 DAGs
[2025-12-11T23:12:23.061+0000] {logging_mixin.py:188} INFO - [2025-12-11T23:12:23.061+0000] {dag.py:3954} INFO - Setting next_dagrun for ETL_toll_data to 2025-12-11 00:00:00+00:00, run_after=2025-12-12 00:00:00+00:00
[2025-12-11T23:12:24.011+0000] {processor.py:183} INFO - Processing /home/project/airflow/dags/ETL_toll_data.py took 1.296 seconds
[2025-12-11T23:12:54.770+0000] {processor.py:161} INFO - Started process (PID=2828) to work on /home/project/airflow/dags/ETL_toll_data.py
[2025-12-11T23:12:54.992+0000] {processor.py:830} INFO - Processing file /home/project/airflow/dags/ETL_toll_data.py for tasks to queue
[2025-12-11T23:12:54.996+0000] {logging_mixin.py:188} INFO - [2025-12-11T23:12:54.995+0000] {dagbag.py:545} INFO - Filling up the DagBag from /home/project/airflow/dags/ETL_toll_data.py
[2025-12-11T23:12:55.051+0000] {processor.py:840} INFO - DAG(s) 'ETL_toll_data' retrieved from /home/project/airflow/dags/ETL_toll_data.py
[2025-12-11T23:12:55.139+0000] {logging_mixin.py:188} INFO - [2025-12-11T23:12:55.139+0000] {dag.py:3096} INFO - Sync 1 DAGs
[2025-12-11T23:12:55.182+0000] {logging_mixin.py:188} INFO - [2025-12-11T23:12:55.182+0000] {dag.py:3954} INFO - Setting next_dagrun for ETL_toll_data to 2025-12-11 00:00:00+00:00, run_after=2025-12-12 00:00:00+00:00
[2025-12-11T23:12:55.216+0000] {processor.py:183} INFO - Processing /home/project/airflow/dags/ETL_toll_data.py took 0.456 seconds
[2025-12-11T23:13:25.371+0000] {processor.py:161} INFO - Started process (PID=2895) to work on /home/project/airflow/dags/ETL_toll_data.py
[2025-12-11T23:13:25.388+0000] {processor.py:830} INFO - Processing file /home/project/airflow/dags/ETL_toll_data.py for tasks to queue
[2025-12-11T23:13:25.391+0000] {logging_mixin.py:188} INFO - [2025-12-11T23:13:25.390+0000] {dagbag.py:545} INFO - Filling up the DagBag from /home/project/airflow/dags/ETL_toll_data.py
[2025-12-11T23:13:25.432+0000] {processor.py:840} INFO - DAG(s) 'ETL_toll_data' retrieved from /home/project/airflow/dags/ETL_toll_data.py
[2025-12-11T23:13:25.475+0000] {logging_mixin.py:188} INFO - [2025-12-11T23:13:25.475+0000] {dag.py:3096} INFO - Sync 1 DAGs
[2025-12-11T23:13:25.518+0000] {logging_mixin.py:188} INFO - [2025-12-11T23:13:25.517+0000] {dag.py:3954} INFO - Setting next_dagrun for ETL_toll_data to 2025-12-11 00:00:00+00:00, run_after=2025-12-12 00:00:00+00:00
[2025-12-11T23:13:25.551+0000] {processor.py:183} INFO - Processing /home/project/airflow/dags/ETL_toll_data.py took 0.190 seconds
[2025-12-11T23:13:57.519+0000] {processor.py:161} INFO - Started process (PID=2962) to work on /home/project/airflow/dags/ETL_toll_data.py
[2025-12-11T23:13:57.648+0000] {processor.py:830} INFO - Processing file /home/project/airflow/dags/ETL_toll_data.py for tasks to queue
[2025-12-11T23:13:57.651+0000] {logging_mixin.py:188} INFO - [2025-12-11T23:13:57.651+0000] {dagbag.py:545} INFO - Filling up the DagBag from /home/project/airflow/dags/ETL_toll_data.py
[2025-12-11T23:13:57.694+0000] {processor.py:840} INFO - DAG(s) 'ETL_toll_data' retrieved from /home/project/airflow/dags/ETL_toll_data.py
[2025-12-11T23:13:57.976+0000] {logging_mixin.py:188} INFO - [2025-12-11T23:13:57.976+0000] {dag.py:3096} INFO - Sync 1 DAGs
[2025-12-11T23:13:58.057+0000] {logging_mixin.py:188} INFO - [2025-12-11T23:13:58.056+0000] {dag.py:3954} INFO - Setting next_dagrun for ETL_toll_data to 2025-12-11 00:00:00+00:00, run_after=2025-12-12 00:00:00+00:00
[2025-12-11T23:13:58.744+0000] {processor.py:183} INFO - Processing /home/project/airflow/dags/ETL_toll_data.py took 1.250 seconds
[2025-12-11T23:14:29.262+0000] {processor.py:161} INFO - Started process (PID=3029) to work on /home/project/airflow/dags/ETL_toll_data.py
[2025-12-11T23:14:29.265+0000] {processor.py:830} INFO - Processing file /home/project/airflow/dags/ETL_toll_data.py for tasks to queue
[2025-12-11T23:14:29.270+0000] {logging_mixin.py:188} INFO - [2025-12-11T23:14:29.269+0000] {dagbag.py:545} INFO - Filling up the DagBag from /home/project/airflow/dags/ETL_toll_data.py
[2025-12-11T23:14:29.316+0000] {processor.py:840} INFO - DAG(s) 'ETL_toll_data' retrieved from /home/project/airflow/dags/ETL_toll_data.py
[2025-12-11T23:14:29.363+0000] {logging_mixin.py:188} INFO - [2025-12-11T23:14:29.363+0000] {dag.py:3096} INFO - Sync 1 DAGs
[2025-12-11T23:14:29.407+0000] {logging_mixin.py:188} INFO - [2025-12-11T23:14:29.407+0000] {dag.py:3954} INFO - Setting next_dagrun for ETL_toll_data to 2025-12-11 00:00:00+00:00, run_after=2025-12-12 00:00:00+00:00
[2025-12-11T23:14:29.441+0000] {processor.py:183} INFO - Processing /home/project/airflow/dags/ETL_toll_data.py took 0.190 seconds
[2025-12-11T23:14:59.663+0000] {processor.py:161} INFO - Started process (PID=3096) to work on /home/project/airflow/dags/ETL_toll_data.py
[2025-12-11T23:14:59.665+0000] {processor.py:830} INFO - Processing file /home/project/airflow/dags/ETL_toll_data.py for tasks to queue
[2025-12-11T23:14:59.668+0000] {logging_mixin.py:188} INFO - [2025-12-11T23:14:59.667+0000] {dagbag.py:545} INFO - Filling up the DagBag from /home/project/airflow/dags/ETL_toll_data.py
[2025-12-11T23:14:59.709+0000] {processor.py:840} INFO - DAG(s) 'ETL_toll_data' retrieved from /home/project/airflow/dags/ETL_toll_data.py
[2025-12-11T23:14:59.745+0000] {logging_mixin.py:188} INFO - [2025-12-11T23:14:59.745+0000] {dag.py:3096} INFO - Sync 1 DAGs
[2025-12-11T23:14:59.783+0000] {logging_mixin.py:188} INFO - [2025-12-11T23:14:59.783+0000] {dag.py:3954} INFO - Setting next_dagrun for ETL_toll_data to 2025-12-11 00:00:00+00:00, run_after=2025-12-12 00:00:00+00:00
[2025-12-11T23:14:59.814+0000] {processor.py:183} INFO - Processing /home/project/airflow/dags/ETL_toll_data.py took 0.161 seconds
[2025-12-11T23:15:30.734+0000] {processor.py:161} INFO - Started process (PID=3163) to work on /home/project/airflow/dags/ETL_toll_data.py
[2025-12-11T23:15:30.741+0000] {processor.py:830} INFO - Processing file /home/project/airflow/dags/ETL_toll_data.py for tasks to queue
[2025-12-11T23:15:30.748+0000] {logging_mixin.py:188} INFO - [2025-12-11T23:15:30.747+0000] {dagbag.py:545} INFO - Filling up the DagBag from /home/project/airflow/dags/ETL_toll_data.py
[2025-12-11T23:15:30.799+0000] {processor.py:840} INFO - DAG(s) 'ETL_toll_data' retrieved from /home/project/airflow/dags/ETL_toll_data.py
[2025-12-11T23:15:30.845+0000] {logging_mixin.py:188} INFO - [2025-12-11T23:15:30.844+0000] {dag.py:3096} INFO - Sync 1 DAGs
[2025-12-11T23:15:30.886+0000] {logging_mixin.py:188} INFO - [2025-12-11T23:15:30.886+0000] {dag.py:3954} INFO - Setting next_dagrun for ETL_toll_data to 2025-12-11 00:00:00+00:00, run_after=2025-12-12 00:00:00+00:00
[2025-12-11T23:15:30.998+0000] {processor.py:183} INFO - Processing /home/project/airflow/dags/ETL_toll_data.py took 0.280 seconds
[2025-12-11T23:16:01.608+0000] {processor.py:161} INFO - Started process (PID=3230) to work on /home/project/airflow/dags/ETL_toll_data.py
[2025-12-11T23:16:01.609+0000] {processor.py:830} INFO - Processing file /home/project/airflow/dags/ETL_toll_data.py for tasks to queue
[2025-12-11T23:16:01.612+0000] {logging_mixin.py:188} INFO - [2025-12-11T23:16:01.611+0000] {dagbag.py:545} INFO - Filling up the DagBag from /home/project/airflow/dags/ETL_toll_data.py
[2025-12-11T23:16:01.662+0000] {processor.py:840} INFO - DAG(s) 'ETL_toll_data' retrieved from /home/project/airflow/dags/ETL_toll_data.py
[2025-12-11T23:16:01.698+0000] {logging_mixin.py:188} INFO - [2025-12-11T23:16:01.697+0000] {dag.py:3096} INFO - Sync 1 DAGs
[2025-12-11T23:16:01.730+0000] {logging_mixin.py:188} INFO - [2025-12-11T23:16:01.730+0000] {dag.py:3954} INFO - Setting next_dagrun for ETL_toll_data to 2025-12-11 00:00:00+00:00, run_after=2025-12-12 00:00:00+00:00
[2025-12-11T23:16:01.756+0000] {processor.py:183} INFO - Processing /home/project/airflow/dags/ETL_toll_data.py took 0.158 seconds
[2025-12-11T23:16:32.033+0000] {processor.py:161} INFO - Started process (PID=3297) to work on /home/project/airflow/dags/ETL_toll_data.py
[2025-12-11T23:16:32.042+0000] {processor.py:830} INFO - Processing file /home/project/airflow/dags/ETL_toll_data.py for tasks to queue
[2025-12-11T23:16:32.046+0000] {logging_mixin.py:188} INFO - [2025-12-11T23:16:32.045+0000] {dagbag.py:545} INFO - Filling up the DagBag from /home/project/airflow/dags/ETL_toll_data.py
[2025-12-11T23:16:32.089+0000] {processor.py:840} INFO - DAG(s) 'ETL_toll_data' retrieved from /home/project/airflow/dags/ETL_toll_data.py
[2025-12-11T23:16:32.130+0000] {logging_mixin.py:188} INFO - [2025-12-11T23:16:32.129+0000] {dag.py:3096} INFO - Sync 1 DAGs
[2025-12-11T23:16:32.172+0000] {logging_mixin.py:188} INFO - [2025-12-11T23:16:32.172+0000] {dag.py:3954} INFO - Setting next_dagrun for ETL_toll_data to 2025-12-11 00:00:00+00:00, run_after=2025-12-12 00:00:00+00:00
[2025-12-11T23:16:32.202+0000] {processor.py:183} INFO - Processing /home/project/airflow/dags/ETL_toll_data.py took 0.179 seconds
[2025-12-11T23:17:02.898+0000] {processor.py:161} INFO - Started process (PID=3364) to work on /home/project/airflow/dags/ETL_toll_data.py
[2025-12-11T23:17:02.900+0000] {processor.py:830} INFO - Processing file /home/project/airflow/dags/ETL_toll_data.py for tasks to queue
[2025-12-11T23:17:02.903+0000] {logging_mixin.py:188} INFO - [2025-12-11T23:17:02.902+0000] {dagbag.py:545} INFO - Filling up the DagBag from /home/project/airflow/dags/ETL_toll_data.py
[2025-12-11T23:17:02.953+0000] {processor.py:840} INFO - DAG(s) 'ETL_toll_data' retrieved from /home/project/airflow/dags/ETL_toll_data.py
[2025-12-11T23:17:02.990+0000] {logging_mixin.py:188} INFO - [2025-12-11T23:17:02.990+0000] {dag.py:3096} INFO - Sync 1 DAGs
[2025-12-11T23:17:03.027+0000] {logging_mixin.py:188} INFO - [2025-12-11T23:17:03.027+0000] {dag.py:3954} INFO - Setting next_dagrun for ETL_toll_data to 2025-12-11 00:00:00+00:00, run_after=2025-12-12 00:00:00+00:00
[2025-12-11T23:17:03.059+0000] {processor.py:183} INFO - Processing /home/project/airflow/dags/ETL_toll_data.py took 0.172 seconds
[2025-12-11T23:17:33.346+0000] {processor.py:161} INFO - Started process (PID=3431) to work on /home/project/airflow/dags/ETL_toll_data.py
[2025-12-11T23:17:33.348+0000] {processor.py:830} INFO - Processing file /home/project/airflow/dags/ETL_toll_data.py for tasks to queue
[2025-12-11T23:17:33.350+0000] {logging_mixin.py:188} INFO - [2025-12-11T23:17:33.350+0000] {dagbag.py:545} INFO - Filling up the DagBag from /home/project/airflow/dags/ETL_toll_data.py
[2025-12-11T23:17:33.393+0000] {processor.py:840} INFO - DAG(s) 'ETL_toll_data' retrieved from /home/project/airflow/dags/ETL_toll_data.py
[2025-12-11T23:17:33.430+0000] {logging_mixin.py:188} INFO - [2025-12-11T23:17:33.429+0000] {dag.py:3096} INFO - Sync 1 DAGs
[2025-12-11T23:17:33.467+0000] {logging_mixin.py:188} INFO - [2025-12-11T23:17:33.466+0000] {dag.py:3954} INFO - Setting next_dagrun for ETL_toll_data to 2025-12-11 00:00:00+00:00, run_after=2025-12-12 00:00:00+00:00
[2025-12-11T23:17:33.500+0000] {processor.py:183} INFO - Processing /home/project/airflow/dags/ETL_toll_data.py took 0.169 seconds
[2025-12-11T23:18:03.877+0000] {processor.py:161} INFO - Started process (PID=3498) to work on /home/project/airflow/dags/ETL_toll_data.py
[2025-12-11T23:18:03.879+0000] {processor.py:830} INFO - Processing file /home/project/airflow/dags/ETL_toll_data.py for tasks to queue
[2025-12-11T23:18:03.881+0000] {logging_mixin.py:188} INFO - [2025-12-11T23:18:03.881+0000] {dagbag.py:545} INFO - Filling up the DagBag from /home/project/airflow/dags/ETL_toll_data.py
[2025-12-11T23:18:03.924+0000] {processor.py:840} INFO - DAG(s) 'ETL_toll_data' retrieved from /home/project/airflow/dags/ETL_toll_data.py
[2025-12-11T23:18:03.963+0000] {logging_mixin.py:188} INFO - [2025-12-11T23:18:03.962+0000] {dag.py:3096} INFO - Sync 1 DAGs
[2025-12-11T23:18:04.000+0000] {logging_mixin.py:188} INFO - [2025-12-11T23:18:04.000+0000] {dag.py:3954} INFO - Setting next_dagrun for ETL_toll_data to 2025-12-11 00:00:00+00:00, run_after=2025-12-12 00:00:00+00:00
[2025-12-11T23:18:04.027+0000] {processor.py:183} INFO - Processing /home/project/airflow/dags/ETL_toll_data.py took 0.163 seconds
[2025-12-11T23:18:34.338+0000] {processor.py:161} INFO - Started process (PID=3565) to work on /home/project/airflow/dags/ETL_toll_data.py
[2025-12-11T23:18:34.343+0000] {processor.py:830} INFO - Processing file /home/project/airflow/dags/ETL_toll_data.py for tasks to queue
[2025-12-11T23:18:34.354+0000] {logging_mixin.py:188} INFO - [2025-12-11T23:18:34.354+0000] {dagbag.py:545} INFO - Filling up the DagBag from /home/project/airflow/dags/ETL_toll_data.py
[2025-12-11T23:18:34.418+0000] {processor.py:840} INFO - DAG(s) 'ETL_toll_data' retrieved from /home/project/airflow/dags/ETL_toll_data.py
[2025-12-11T23:18:34.493+0000] {logging_mixin.py:188} INFO - [2025-12-11T23:18:34.492+0000] {dag.py:3096} INFO - Sync 1 DAGs
[2025-12-11T23:18:34.555+0000] {logging_mixin.py:188} INFO - [2025-12-11T23:18:34.555+0000] {dag.py:3954} INFO - Setting next_dagrun for ETL_toll_data to 2025-12-11 00:00:00+00:00, run_after=2025-12-12 00:00:00+00:00
[2025-12-11T23:18:34.600+0000] {processor.py:183} INFO - Processing /home/project/airflow/dags/ETL_toll_data.py took 0.282 seconds
[2025-12-11T23:19:04.870+0000] {processor.py:161} INFO - Started process (PID=3632) to work on /home/project/airflow/dags/ETL_toll_data.py
[2025-12-11T23:19:04.872+0000] {processor.py:830} INFO - Processing file /home/project/airflow/dags/ETL_toll_data.py for tasks to queue
[2025-12-11T23:19:04.875+0000] {logging_mixin.py:188} INFO - [2025-12-11T23:19:04.874+0000] {dagbag.py:545} INFO - Filling up the DagBag from /home/project/airflow/dags/ETL_toll_data.py
[2025-12-11T23:19:04.970+0000] {processor.py:840} INFO - DAG(s) 'ETL_toll_data' retrieved from /home/project/airflow/dags/ETL_toll_data.py
[2025-12-11T23:19:05.011+0000] {logging_mixin.py:188} INFO - [2025-12-11T23:19:05.011+0000] {dag.py:3096} INFO - Sync 1 DAGs
[2025-12-11T23:19:05.047+0000] {logging_mixin.py:188} INFO - [2025-12-11T23:19:05.047+0000] {dag.py:3954} INFO - Setting next_dagrun for ETL_toll_data to 2025-12-11 00:00:00+00:00, run_after=2025-12-12 00:00:00+00:00
[2025-12-11T23:19:05.075+0000] {processor.py:183} INFO - Processing /home/project/airflow/dags/ETL_toll_data.py took 0.236 seconds
[2025-12-11T23:19:35.401+0000] {processor.py:161} INFO - Started process (PID=3699) to work on /home/project/airflow/dags/ETL_toll_data.py
[2025-12-11T23:19:35.449+0000] {processor.py:830} INFO - Processing file /home/project/airflow/dags/ETL_toll_data.py for tasks to queue
[2025-12-11T23:19:35.452+0000] {logging_mixin.py:188} INFO - [2025-12-11T23:19:35.452+0000] {dagbag.py:545} INFO - Filling up the DagBag from /home/project/airflow/dags/ETL_toll_data.py
[2025-12-11T23:19:35.532+0000] {processor.py:840} INFO - DAG(s) 'ETL_toll_data' retrieved from /home/project/airflow/dags/ETL_toll_data.py
[2025-12-11T23:19:35.614+0000] {logging_mixin.py:188} INFO - [2025-12-11T23:19:35.613+0000] {dag.py:3096} INFO - Sync 1 DAGs
[2025-12-11T23:19:35.721+0000] {logging_mixin.py:188} INFO - [2025-12-11T23:19:35.719+0000] {dag.py:3954} INFO - Setting next_dagrun for ETL_toll_data to 2025-12-11 00:00:00+00:00, run_after=2025-12-12 00:00:00+00:00
[2025-12-11T23:19:35.815+0000] {processor.py:183} INFO - Processing /home/project/airflow/dags/ETL_toll_data.py took 0.425 seconds
[2025-12-11T23:20:06.041+0000] {processor.py:161} INFO - Started process (PID=3766) to work on /home/project/airflow/dags/ETL_toll_data.py
[2025-12-11T23:20:06.107+0000] {processor.py:830} INFO - Processing file /home/project/airflow/dags/ETL_toll_data.py for tasks to queue
[2025-12-11T23:20:06.111+0000] {logging_mixin.py:188} INFO - [2025-12-11T23:20:06.110+0000] {dagbag.py:545} INFO - Filling up the DagBag from /home/project/airflow/dags/ETL_toll_data.py
[2025-12-11T23:20:06.154+0000] {processor.py:840} INFO - DAG(s) 'ETL_toll_data' retrieved from /home/project/airflow/dags/ETL_toll_data.py
[2025-12-11T23:20:06.195+0000] {logging_mixin.py:188} INFO - [2025-12-11T23:20:06.194+0000] {dag.py:3096} INFO - Sync 1 DAGs
[2025-12-11T23:20:06.233+0000] {logging_mixin.py:188} INFO - [2025-12-11T23:20:06.232+0000] {dag.py:3954} INFO - Setting next_dagrun for ETL_toll_data to 2025-12-11 00:00:00+00:00, run_after=2025-12-12 00:00:00+00:00
[2025-12-11T23:20:06.290+0000] {processor.py:183} INFO - Processing /home/project/airflow/dags/ETL_toll_data.py took 0.264 seconds
[2025-12-11T23:20:36.588+0000] {processor.py:161} INFO - Started process (PID=3833) to work on /home/project/airflow/dags/ETL_toll_data.py
[2025-12-11T23:20:36.671+0000] {processor.py:830} INFO - Processing file /home/project/airflow/dags/ETL_toll_data.py for tasks to queue
[2025-12-11T23:20:36.675+0000] {logging_mixin.py:188} INFO - [2025-12-11T23:20:36.674+0000] {dagbag.py:545} INFO - Filling up the DagBag from /home/project/airflow/dags/ETL_toll_data.py
[2025-12-11T23:20:36.714+0000] {processor.py:840} INFO - DAG(s) 'ETL_toll_data' retrieved from /home/project/airflow/dags/ETL_toll_data.py
[2025-12-11T23:20:36.753+0000] {logging_mixin.py:188} INFO - [2025-12-11T23:20:36.752+0000] {dag.py:3096} INFO - Sync 1 DAGs
[2025-12-11T23:20:36.786+0000] {logging_mixin.py:188} INFO - [2025-12-11T23:20:36.786+0000] {dag.py:3954} INFO - Setting next_dagrun for ETL_toll_data to 2025-12-11 00:00:00+00:00, run_after=2025-12-12 00:00:00+00:00
[2025-12-11T23:20:36.814+0000] {processor.py:183} INFO - Processing /home/project/airflow/dags/ETL_toll_data.py took 0.236 seconds
[2025-12-11T23:21:07.018+0000] {processor.py:161} INFO - Started process (PID=3900) to work on /home/project/airflow/dags/ETL_toll_data.py
[2025-12-11T23:21:07.020+0000] {processor.py:830} INFO - Processing file /home/project/airflow/dags/ETL_toll_data.py for tasks to queue
[2025-12-11T23:21:07.023+0000] {logging_mixin.py:188} INFO - [2025-12-11T23:21:07.023+0000] {dagbag.py:545} INFO - Filling up the DagBag from /home/project/airflow/dags/ETL_toll_data.py
[2025-12-11T23:21:07.077+0000] {processor.py:840} INFO - DAG(s) 'ETL_toll_data' retrieved from /home/project/airflow/dags/ETL_toll_data.py
[2025-12-11T23:21:07.120+0000] {logging_mixin.py:188} INFO - [2025-12-11T23:21:07.120+0000] {dag.py:3096} INFO - Sync 1 DAGs
[2025-12-11T23:21:07.163+0000] {logging_mixin.py:188} INFO - [2025-12-11T23:21:07.162+0000] {dag.py:3954} INFO - Setting next_dagrun for ETL_toll_data to 2025-12-11 00:00:00+00:00, run_after=2025-12-12 00:00:00+00:00
[2025-12-11T23:21:07.204+0000] {processor.py:183} INFO - Processing /home/project/airflow/dags/ETL_toll_data.py took 0.198 seconds
[2025-12-11T23:21:37.333+0000] {processor.py:161} INFO - Started process (PID=3972) to work on /home/project/airflow/dags/ETL_toll_data.py
[2025-12-11T23:21:37.334+0000] {processor.py:830} INFO - Processing file /home/project/airflow/dags/ETL_toll_data.py for tasks to queue
[2025-12-11T23:21:37.351+0000] {logging_mixin.py:188} INFO - [2025-12-11T23:21:37.350+0000] {dagbag.py:545} INFO - Filling up the DagBag from /home/project/airflow/dags/ETL_toll_data.py
[2025-12-11T23:21:37.513+0000] {processor.py:840} INFO - DAG(s) 'ETL_toll_data' retrieved from /home/project/airflow/dags/ETL_toll_data.py
[2025-12-11T23:21:37.710+0000] {logging_mixin.py:188} INFO - [2025-12-11T23:21:37.694+0000] {dag.py:3096} INFO - Sync 1 DAGs
[2025-12-11T23:21:37.857+0000] {logging_mixin.py:188} INFO - [2025-12-11T23:21:37.856+0000] {dag.py:3954} INFO - Setting next_dagrun for ETL_toll_data to 2025-12-11 00:00:00+00:00, run_after=2025-12-12 00:00:00+00:00
[2025-12-11T23:21:37.917+0000] {processor.py:183} INFO - Processing /home/project/airflow/dags/ETL_toll_data.py took 0.600 seconds
[2025-12-11T23:22:08.095+0000] {processor.py:161} INFO - Started process (PID=4039) to work on /home/project/airflow/dags/ETL_toll_data.py
[2025-12-11T23:22:08.098+0000] {processor.py:830} INFO - Processing file /home/project/airflow/dags/ETL_toll_data.py for tasks to queue
[2025-12-11T23:22:08.101+0000] {logging_mixin.py:188} INFO - [2025-12-11T23:22:08.101+0000] {dagbag.py:545} INFO - Filling up the DagBag from /home/project/airflow/dags/ETL_toll_data.py
[2025-12-11T23:22:08.175+0000] {processor.py:840} INFO - DAG(s) 'ETL_toll_data' retrieved from /home/project/airflow/dags/ETL_toll_data.py
[2025-12-11T23:22:08.260+0000] {logging_mixin.py:188} INFO - [2025-12-11T23:22:08.259+0000] {dag.py:3096} INFO - Sync 1 DAGs
[2025-12-11T23:22:08.337+0000] {logging_mixin.py:188} INFO - [2025-12-11T23:22:08.337+0000] {dag.py:3954} INFO - Setting next_dagrun for ETL_toll_data to 2025-12-11 00:00:00+00:00, run_after=2025-12-12 00:00:00+00:00
[2025-12-11T23:22:08.557+0000] {processor.py:183} INFO - Processing /home/project/airflow/dags/ETL_toll_data.py took 0.480 seconds
[2025-12-11T23:22:38.793+0000] {processor.py:161} INFO - Started process (PID=4106) to work on /home/project/airflow/dags/ETL_toll_data.py
[2025-12-11T23:22:38.867+0000] {processor.py:830} INFO - Processing file /home/project/airflow/dags/ETL_toll_data.py for tasks to queue
[2025-12-11T23:22:38.872+0000] {logging_mixin.py:188} INFO - [2025-12-11T23:22:38.871+0000] {dagbag.py:545} INFO - Filling up the DagBag from /home/project/airflow/dags/ETL_toll_data.py
[2025-12-11T23:22:38.951+0000] {processor.py:840} INFO - DAG(s) 'ETL_toll_data' retrieved from /home/project/airflow/dags/ETL_toll_data.py
[2025-12-11T23:22:39.049+0000] {logging_mixin.py:188} INFO - [2025-12-11T23:22:39.049+0000] {dag.py:3096} INFO - Sync 1 DAGs
[2025-12-11T23:22:39.101+0000] {logging_mixin.py:188} INFO - [2025-12-11T23:22:39.100+0000] {dag.py:3954} INFO - Setting next_dagrun for ETL_toll_data to 2025-12-11 00:00:00+00:00, run_after=2025-12-12 00:00:00+00:00
[2025-12-11T23:22:39.139+0000] {processor.py:183} INFO - Processing /home/project/airflow/dags/ETL_toll_data.py took 0.364 seconds
[2025-12-11T23:23:09.435+0000] {processor.py:161} INFO - Started process (PID=4173) to work on /home/project/airflow/dags/ETL_toll_data.py
[2025-12-11T23:23:09.470+0000] {processor.py:830} INFO - Processing file /home/project/airflow/dags/ETL_toll_data.py for tasks to queue
[2025-12-11T23:23:09.474+0000] {logging_mixin.py:188} INFO - [2025-12-11T23:23:09.473+0000] {dagbag.py:545} INFO - Filling up the DagBag from /home/project/airflow/dags/ETL_toll_data.py
[2025-12-11T23:23:09.599+0000] {processor.py:840} INFO - DAG(s) 'ETL_toll_data' retrieved from /home/project/airflow/dags/ETL_toll_data.py
[2025-12-11T23:23:09.702+0000] {logging_mixin.py:188} INFO - [2025-12-11T23:23:09.701+0000] {dag.py:3096} INFO - Sync 1 DAGs
[2025-12-11T23:23:09.780+0000] {logging_mixin.py:188} INFO - [2025-12-11T23:23:09.780+0000] {dag.py:3954} INFO - Setting next_dagrun for ETL_toll_data to 2025-12-11 00:00:00+00:00, run_after=2025-12-12 00:00:00+00:00
[2025-12-11T23:23:10.336+0000] {processor.py:183} INFO - Processing /home/project/airflow/dags/ETL_toll_data.py took 0.943 seconds
[2025-12-11T23:23:40.615+0000] {processor.py:161} INFO - Started process (PID=4240) to work on /home/project/airflow/dags/ETL_toll_data.py
[2025-12-11T23:23:40.631+0000] {processor.py:830} INFO - Processing file /home/project/airflow/dags/ETL_toll_data.py for tasks to queue
[2025-12-11T23:23:40.634+0000] {logging_mixin.py:188} INFO - [2025-12-11T23:23:40.633+0000] {dagbag.py:545} INFO - Filling up the DagBag from /home/project/airflow/dags/ETL_toll_data.py
[2025-12-11T23:23:40.715+0000] {processor.py:840} INFO - DAG(s) 'ETL_toll_data' retrieved from /home/project/airflow/dags/ETL_toll_data.py
[2025-12-11T23:23:40.796+0000] {logging_mixin.py:188} INFO - [2025-12-11T23:23:40.796+0000] {dag.py:3096} INFO - Sync 1 DAGs
[2025-12-11T23:23:40.890+0000] {logging_mixin.py:188} INFO - [2025-12-11T23:23:40.889+0000] {dag.py:3954} INFO - Setting next_dagrun for ETL_toll_data to 2025-12-11 00:00:00+00:00, run_after=2025-12-12 00:00:00+00:00
[2025-12-11T23:23:41.233+0000] {processor.py:183} INFO - Processing /home/project/airflow/dags/ETL_toll_data.py took 0.643 seconds
[2025-12-11T23:24:11.333+0000] {processor.py:161} INFO - Started process (PID=4303) to work on /home/project/airflow/dags/ETL_toll_data.py
[2025-12-11T23:24:11.418+0000] {processor.py:830} INFO - Processing file /home/project/airflow/dags/ETL_toll_data.py for tasks to queue
[2025-12-11T23:24:11.427+0000] {logging_mixin.py:188} INFO - [2025-12-11T23:24:11.426+0000] {dagbag.py:545} INFO - Filling up the DagBag from /home/project/airflow/dags/ETL_toll_data.py
[2025-12-11T23:24:11.554+0000] {processor.py:840} INFO - DAG(s) 'ETL_toll_data' retrieved from /home/project/airflow/dags/ETL_toll_data.py
[2025-12-11T23:24:11.672+0000] {logging_mixin.py:188} INFO - [2025-12-11T23:24:11.672+0000] {dag.py:3096} INFO - Sync 1 DAGs
[2025-12-11T23:24:11.762+0000] {logging_mixin.py:188} INFO - [2025-12-11T23:24:11.761+0000] {dag.py:3954} INFO - Setting next_dagrun for ETL_toll_data to 2025-12-11 00:00:00+00:00, run_after=2025-12-12 00:00:00+00:00
[2025-12-11T23:24:11.914+0000] {processor.py:183} INFO - Processing /home/project/airflow/dags/ETL_toll_data.py took 0.613 seconds
[2025-12-11T23:24:42.613+0000] {processor.py:161} INFO - Started process (PID=4370) to work on /home/project/airflow/dags/ETL_toll_data.py
[2025-12-11T23:24:42.636+0000] {processor.py:830} INFO - Processing file /home/project/airflow/dags/ETL_toll_data.py for tasks to queue
[2025-12-11T23:24:42.652+0000] {logging_mixin.py:188} INFO - [2025-12-11T23:24:42.652+0000] {dagbag.py:545} INFO - Filling up the DagBag from /home/project/airflow/dags/ETL_toll_data.py
[2025-12-11T23:24:42.771+0000] {processor.py:840} INFO - DAG(s) 'ETL_toll_data' retrieved from /home/project/airflow/dags/ETL_toll_data.py
[2025-12-11T23:24:42.915+0000] {logging_mixin.py:188} INFO - [2025-12-11T23:24:42.914+0000] {dag.py:3096} INFO - Sync 1 DAGs
[2025-12-11T23:24:43.010+0000] {logging_mixin.py:188} INFO - [2025-12-11T23:24:43.009+0000] {dag.py:3954} INFO - Setting next_dagrun for ETL_toll_data to 2025-12-11 00:00:00+00:00, run_after=2025-12-12 00:00:00+00:00
[2025-12-11T23:24:43.231+0000] {processor.py:183} INFO - Processing /home/project/airflow/dags/ETL_toll_data.py took 0.639 seconds
[2025-12-11T23:25:13.511+0000] {processor.py:161} INFO - Started process (PID=4437) to work on /home/project/airflow/dags/ETL_toll_data.py
[2025-12-11T23:25:13.513+0000] {processor.py:830} INFO - Processing file /home/project/airflow/dags/ETL_toll_data.py for tasks to queue
[2025-12-11T23:25:13.516+0000] {logging_mixin.py:188} INFO - [2025-12-11T23:25:13.516+0000] {dagbag.py:545} INFO - Filling up the DagBag from /home/project/airflow/dags/ETL_toll_data.py
[2025-12-11T23:25:13.696+0000] {processor.py:840} INFO - DAG(s) 'ETL_toll_data' retrieved from /home/project/airflow/dags/ETL_toll_data.py
[2025-12-11T23:25:13.790+0000] {logging_mixin.py:188} INFO - [2025-12-11T23:25:13.789+0000] {dag.py:3096} INFO - Sync 1 DAGs
[2025-12-11T23:25:13.876+0000] {logging_mixin.py:188} INFO - [2025-12-11T23:25:13.875+0000] {dag.py:3954} INFO - Setting next_dagrun for ETL_toll_data to 2025-12-11 00:00:00+00:00, run_after=2025-12-12 00:00:00+00:00
[2025-12-11T23:25:13.972+0000] {processor.py:183} INFO - Processing /home/project/airflow/dags/ETL_toll_data.py took 0.494 seconds
[2025-12-11T23:25:44.793+0000] {processor.py:161} INFO - Started process (PID=4504) to work on /home/project/airflow/dags/ETL_toll_data.py
[2025-12-11T23:25:44.795+0000] {processor.py:830} INFO - Processing file /home/project/airflow/dags/ETL_toll_data.py for tasks to queue
[2025-12-11T23:25:44.798+0000] {logging_mixin.py:188} INFO - [2025-12-11T23:25:44.798+0000] {dagbag.py:545} INFO - Filling up the DagBag from /home/project/airflow/dags/ETL_toll_data.py
[2025-12-11T23:25:44.839+0000] {processor.py:840} INFO - DAG(s) 'ETL_toll_data' retrieved from /home/project/airflow/dags/ETL_toll_data.py
[2025-12-11T23:25:44.881+0000] {logging_mixin.py:188} INFO - [2025-12-11T23:25:44.880+0000] {dag.py:3096} INFO - Sync 1 DAGs
[2025-12-11T23:25:44.921+0000] {logging_mixin.py:188} INFO - [2025-12-11T23:25:44.921+0000] {dag.py:3954} INFO - Setting next_dagrun for ETL_toll_data to 2025-12-11 00:00:00+00:00, run_after=2025-12-12 00:00:00+00:00
[2025-12-11T23:25:44.971+0000] {processor.py:183} INFO - Processing /home/project/airflow/dags/ETL_toll_data.py took 0.189 seconds
[2025-12-11T23:26:15.390+0000] {processor.py:161} INFO - Started process (PID=4570) to work on /home/project/airflow/dags/ETL_toll_data.py
[2025-12-11T23:26:15.392+0000] {processor.py:830} INFO - Processing file /home/project/airflow/dags/ETL_toll_data.py for tasks to queue
[2025-12-11T23:26:15.396+0000] {logging_mixin.py:188} INFO - [2025-12-11T23:26:15.395+0000] {dagbag.py:545} INFO - Filling up the DagBag from /home/project/airflow/dags/ETL_toll_data.py
[2025-12-11T23:26:15.516+0000] {processor.py:840} INFO - DAG(s) 'ETL_toll_data' retrieved from /home/project/airflow/dags/ETL_toll_data.py
[2025-12-11T23:26:15.614+0000] {logging_mixin.py:188} INFO - [2025-12-11T23:26:15.613+0000] {dag.py:3096} INFO - Sync 1 DAGs
[2025-12-11T23:26:15.696+0000] {logging_mixin.py:188} INFO - [2025-12-11T23:26:15.695+0000] {dag.py:3954} INFO - Setting next_dagrun for ETL_toll_data to 2025-12-11 00:00:00+00:00, run_after=2025-12-12 00:00:00+00:00
[2025-12-11T23:26:15.792+0000] {processor.py:183} INFO - Processing /home/project/airflow/dags/ETL_toll_data.py took 0.436 seconds
[2025-12-11T23:26:46.313+0000] {processor.py:161} INFO - Started process (PID=4642) to work on /home/project/airflow/dags/ETL_toll_data.py
[2025-12-11T23:26:46.320+0000] {processor.py:830} INFO - Processing file /home/project/airflow/dags/ETL_toll_data.py for tasks to queue
[2025-12-11T23:26:46.323+0000] {logging_mixin.py:188} INFO - [2025-12-11T23:26:46.322+0000] {dagbag.py:545} INFO - Filling up the DagBag from /home/project/airflow/dags/ETL_toll_data.py
[2025-12-11T23:26:46.393+0000] {processor.py:840} INFO - DAG(s) 'ETL_toll_data' retrieved from /home/project/airflow/dags/ETL_toll_data.py
[2025-12-11T23:26:46.452+0000] {logging_mixin.py:188} INFO - [2025-12-11T23:26:46.451+0000] {dag.py:3096} INFO - Sync 1 DAGs
[2025-12-11T23:26:46.502+0000] {logging_mixin.py:188} INFO - [2025-12-11T23:26:46.501+0000] {dag.py:3954} INFO - Setting next_dagrun for ETL_toll_data to 2025-12-11 00:00:00+00:00, run_after=2025-12-12 00:00:00+00:00
[2025-12-11T23:26:46.549+0000] {processor.py:183} INFO - Processing /home/project/airflow/dags/ETL_toll_data.py took 0.247 seconds
[2025-12-11T23:27:17.261+0000] {processor.py:161} INFO - Started process (PID=4709) to work on /home/project/airflow/dags/ETL_toll_data.py
[2025-12-11T23:27:17.281+0000] {processor.py:830} INFO - Processing file /home/project/airflow/dags/ETL_toll_data.py for tasks to queue
[2025-12-11T23:27:17.285+0000] {logging_mixin.py:188} INFO - [2025-12-11T23:27:17.284+0000] {dagbag.py:545} INFO - Filling up the DagBag from /home/project/airflow/dags/ETL_toll_data.py
[2025-12-11T23:27:17.389+0000] {processor.py:840} INFO - DAG(s) 'ETL_toll_data' retrieved from /home/project/airflow/dags/ETL_toll_data.py
[2025-12-11T23:27:17.453+0000] {logging_mixin.py:188} INFO - [2025-12-11T23:27:17.452+0000] {dag.py:3096} INFO - Sync 1 DAGs
[2025-12-11T23:27:17.524+0000] {logging_mixin.py:188} INFO - [2025-12-11T23:27:17.523+0000] {dag.py:3954} INFO - Setting next_dagrun for ETL_toll_data to 2025-12-11 00:00:00+00:00, run_after=2025-12-12 00:00:00+00:00
[2025-12-11T23:27:17.792+0000] {processor.py:183} INFO - Processing /home/project/airflow/dags/ETL_toll_data.py took 0.545 seconds
[2025-12-11T23:27:48.728+0000] {processor.py:161} INFO - Started process (PID=4776) to work on /home/project/airflow/dags/ETL_toll_data.py
[2025-12-11T23:27:48.730+0000] {processor.py:830} INFO - Processing file /home/project/airflow/dags/ETL_toll_data.py for tasks to queue
[2025-12-11T23:27:48.732+0000] {logging_mixin.py:188} INFO - [2025-12-11T23:27:48.732+0000] {dagbag.py:545} INFO - Filling up the DagBag from /home/project/airflow/dags/ETL_toll_data.py
[2025-12-11T23:27:48.773+0000] {processor.py:840} INFO - DAG(s) 'ETL_toll_data' retrieved from /home/project/airflow/dags/ETL_toll_data.py
[2025-12-11T23:27:48.811+0000] {logging_mixin.py:188} INFO - [2025-12-11T23:27:48.811+0000] {dag.py:3096} INFO - Sync 1 DAGs
[2025-12-11T23:27:48.845+0000] {logging_mixin.py:188} INFO - [2025-12-11T23:27:48.844+0000] {dag.py:3954} INFO - Setting next_dagrun for ETL_toll_data to 2025-12-11 00:00:00+00:00, run_after=2025-12-12 00:00:00+00:00
[2025-12-11T23:27:48.867+0000] {processor.py:183} INFO - Processing /home/project/airflow/dags/ETL_toll_data.py took 0.150 seconds
[2025-12-11T23:28:19.660+0000] {processor.py:161} INFO - Started process (PID=4842) to work on /home/project/airflow/dags/ETL_toll_data.py
[2025-12-11T23:28:19.662+0000] {processor.py:830} INFO - Processing file /home/project/airflow/dags/ETL_toll_data.py for tasks to queue
[2025-12-11T23:28:19.665+0000] {logging_mixin.py:188} INFO - [2025-12-11T23:28:19.664+0000] {dagbag.py:545} INFO - Filling up the DagBag from /home/project/airflow/dags/ETL_toll_data.py
[2025-12-11T23:28:19.719+0000] {processor.py:840} INFO - DAG(s) 'ETL_toll_data' retrieved from /home/project/airflow/dags/ETL_toll_data.py
[2025-12-11T23:28:19.775+0000] {logging_mixin.py:188} INFO - [2025-12-11T23:28:19.775+0000] {dag.py:3096} INFO - Sync 1 DAGs
[2025-12-11T23:28:19.824+0000] {logging_mixin.py:188} INFO - [2025-12-11T23:28:19.823+0000] {dag.py:3954} INFO - Setting next_dagrun for ETL_toll_data to 2025-12-11 00:00:00+00:00, run_after=2025-12-12 00:00:00+00:00
[2025-12-11T23:28:19.854+0000] {processor.py:183} INFO - Processing /home/project/airflow/dags/ETL_toll_data.py took 0.204 seconds
[2025-12-11T23:28:50.371+0000] {processor.py:161} INFO - Started process (PID=4909) to work on /home/project/airflow/dags/ETL_toll_data.py
[2025-12-11T23:28:50.377+0000] {processor.py:830} INFO - Processing file /home/project/airflow/dags/ETL_toll_data.py for tasks to queue
[2025-12-11T23:28:50.391+0000] {logging_mixin.py:188} INFO - [2025-12-11T23:28:50.390+0000] {dagbag.py:545} INFO - Filling up the DagBag from /home/project/airflow/dags/ETL_toll_data.py
[2025-12-11T23:28:50.474+0000] {processor.py:840} INFO - DAG(s) 'ETL_toll_data' retrieved from /home/project/airflow/dags/ETL_toll_data.py
[2025-12-11T23:28:50.544+0000] {logging_mixin.py:188} INFO - [2025-12-11T23:28:50.543+0000] {dag.py:3096} INFO - Sync 1 DAGs
[2025-12-11T23:28:50.617+0000] {logging_mixin.py:188} INFO - [2025-12-11T23:28:50.616+0000] {dag.py:3954} INFO - Setting next_dagrun for ETL_toll_data to 2025-12-11 00:00:00+00:00, run_after=2025-12-12 00:00:00+00:00
[2025-12-11T23:28:50.671+0000] {processor.py:183} INFO - Processing /home/project/airflow/dags/ETL_toll_data.py took 0.325 seconds
[2025-12-11T23:29:20.759+0000] {processor.py:161} INFO - Started process (PID=4976) to work on /home/project/airflow/dags/ETL_toll_data.py
[2025-12-11T23:29:20.761+0000] {processor.py:830} INFO - Processing file /home/project/airflow/dags/ETL_toll_data.py for tasks to queue
[2025-12-11T23:29:20.764+0000] {logging_mixin.py:188} INFO - [2025-12-11T23:29:20.763+0000] {dagbag.py:545} INFO - Filling up the DagBag from /home/project/airflow/dags/ETL_toll_data.py
[2025-12-11T23:29:20.802+0000] {processor.py:840} INFO - DAG(s) 'ETL_toll_data' retrieved from /home/project/airflow/dags/ETL_toll_data.py
[2025-12-11T23:29:20.844+0000] {logging_mixin.py:188} INFO - [2025-12-11T23:29:20.843+0000] {dag.py:3096} INFO - Sync 1 DAGs
[2025-12-11T23:29:20.884+0000] {logging_mixin.py:188} INFO - [2025-12-11T23:29:20.883+0000] {dag.py:3954} INFO - Setting next_dagrun for ETL_toll_data to 2025-12-11 00:00:00+00:00, run_after=2025-12-12 00:00:00+00:00
[2025-12-11T23:29:20.920+0000] {processor.py:183} INFO - Processing /home/project/airflow/dags/ETL_toll_data.py took 0.170 seconds
[2025-12-11T23:29:51.100+0000] {processor.py:161} INFO - Started process (PID=5044) to work on /home/project/airflow/dags/ETL_toll_data.py
[2025-12-11T23:29:51.102+0000] {processor.py:830} INFO - Processing file /home/project/airflow/dags/ETL_toll_data.py for tasks to queue
[2025-12-11T23:29:51.105+0000] {logging_mixin.py:188} INFO - [2025-12-11T23:29:51.104+0000] {dagbag.py:545} INFO - Filling up the DagBag from /home/project/airflow/dags/ETL_toll_data.py
[2025-12-11T23:29:51.143+0000] {processor.py:840} INFO - DAG(s) 'ETL_toll_data' retrieved from /home/project/airflow/dags/ETL_toll_data.py
[2025-12-11T23:29:51.178+0000] {logging_mixin.py:188} INFO - [2025-12-11T23:29:51.178+0000] {dag.py:3096} INFO - Sync 1 DAGs
[2025-12-11T23:29:51.213+0000] {logging_mixin.py:188} INFO - [2025-12-11T23:29:51.212+0000] {dag.py:3954} INFO - Setting next_dagrun for ETL_toll_data to 2025-12-11 00:00:00+00:00, run_after=2025-12-12 00:00:00+00:00
[2025-12-11T23:29:51.236+0000] {processor.py:183} INFO - Processing /home/project/airflow/dags/ETL_toll_data.py took 0.145 seconds
[2025-12-11T23:30:21.696+0000] {processor.py:161} INFO - Started process (PID=5110) to work on /home/project/airflow/dags/ETL_toll_data.py
[2025-12-11T23:30:21.700+0000] {processor.py:830} INFO - Processing file /home/project/airflow/dags/ETL_toll_data.py for tasks to queue
[2025-12-11T23:30:21.703+0000] {logging_mixin.py:188} INFO - [2025-12-11T23:30:21.703+0000] {dagbag.py:545} INFO - Filling up the DagBag from /home/project/airflow/dags/ETL_toll_data.py
[2025-12-11T23:30:21.745+0000] {processor.py:840} INFO - DAG(s) 'ETL_toll_data' retrieved from /home/project/airflow/dags/ETL_toll_data.py
[2025-12-11T23:30:21.783+0000] {logging_mixin.py:188} INFO - [2025-12-11T23:30:21.782+0000] {dag.py:3096} INFO - Sync 1 DAGs
[2025-12-11T23:30:21.818+0000] {logging_mixin.py:188} INFO - [2025-12-11T23:30:21.817+0000] {dag.py:3954} INFO - Setting next_dagrun for ETL_toll_data to 2025-12-11 00:00:00+00:00, run_after=2025-12-12 00:00:00+00:00
[2025-12-11T23:30:21.843+0000] {processor.py:183} INFO - Processing /home/project/airflow/dags/ETL_toll_data.py took 0.158 seconds
[2025-12-11T23:30:52.159+0000] {processor.py:161} INFO - Started process (PID=5177) to work on /home/project/airflow/dags/ETL_toll_data.py
[2025-12-11T23:30:52.166+0000] {processor.py:830} INFO - Processing file /home/project/airflow/dags/ETL_toll_data.py for tasks to queue
[2025-12-11T23:30:52.172+0000] {logging_mixin.py:188} INFO - [2025-12-11T23:30:52.171+0000] {dagbag.py:545} INFO - Filling up the DagBag from /home/project/airflow/dags/ETL_toll_data.py
[2025-12-11T23:30:52.221+0000] {processor.py:840} INFO - DAG(s) 'ETL_toll_data' retrieved from /home/project/airflow/dags/ETL_toll_data.py
[2025-12-11T23:30:52.263+0000] {logging_mixin.py:188} INFO - [2025-12-11T23:30:52.262+0000] {dag.py:3096} INFO - Sync 1 DAGs
[2025-12-11T23:30:52.300+0000] {logging_mixin.py:188} INFO - [2025-12-11T23:30:52.300+0000] {dag.py:3954} INFO - Setting next_dagrun for ETL_toll_data to 2025-12-11 00:00:00+00:00, run_after=2025-12-12 00:00:00+00:00
[2025-12-11T23:30:52.329+0000] {processor.py:183} INFO - Processing /home/project/airflow/dags/ETL_toll_data.py took 0.180 seconds
[2025-12-11T23:31:23.095+0000] {processor.py:161} INFO - Started process (PID=5251) to work on /home/project/airflow/dags/ETL_toll_data.py
[2025-12-11T23:31:23.119+0000] {processor.py:830} INFO - Processing file /home/project/airflow/dags/ETL_toll_data.py for tasks to queue
[2025-12-11T23:31:23.130+0000] {logging_mixin.py:188} INFO - [2025-12-11T23:31:23.130+0000] {dagbag.py:545} INFO - Filling up the DagBag from /home/project/airflow/dags/ETL_toll_data.py
[2025-12-11T23:31:23.194+0000] {processor.py:840} INFO - DAG(s) 'ETL_toll_data' retrieved from /home/project/airflow/dags/ETL_toll_data.py
[2025-12-11T23:31:23.253+0000] {logging_mixin.py:188} INFO - [2025-12-11T23:31:23.252+0000] {dag.py:3096} INFO - Sync 1 DAGs
[2025-12-11T23:31:23.298+0000] {logging_mixin.py:188} INFO - [2025-12-11T23:31:23.298+0000] {dag.py:3954} INFO - Setting next_dagrun for ETL_toll_data to 2025-12-11 00:00:00+00:00, run_after=2025-12-12 00:00:00+00:00
[2025-12-11T23:31:23.579+0000] {processor.py:183} INFO - Processing /home/project/airflow/dags/ETL_toll_data.py took 0.502 seconds
[2025-12-11T23:31:54.380+0000] {processor.py:161} INFO - Started process (PID=5318) to work on /home/project/airflow/dags/ETL_toll_data.py
[2025-12-11T23:31:54.395+0000] {processor.py:830} INFO - Processing file /home/project/airflow/dags/ETL_toll_data.py for tasks to queue
[2025-12-11T23:31:54.399+0000] {logging_mixin.py:188} INFO - [2025-12-11T23:31:54.398+0000] {dagbag.py:545} INFO - Filling up the DagBag from /home/project/airflow/dags/ETL_toll_data.py
[2025-12-11T23:31:54.455+0000] {processor.py:840} INFO - DAG(s) 'ETL_toll_data' retrieved from /home/project/airflow/dags/ETL_toll_data.py
[2025-12-11T23:31:54.520+0000] {logging_mixin.py:188} INFO - [2025-12-11T23:31:54.520+0000] {dag.py:3096} INFO - Sync 1 DAGs
[2025-12-11T23:31:54.575+0000] {logging_mixin.py:188} INFO - [2025-12-11T23:31:54.575+0000] {dag.py:3954} INFO - Setting next_dagrun for ETL_toll_data to 2025-12-11 00:00:00+00:00, run_after=2025-12-12 00:00:00+00:00
[2025-12-11T23:31:54.620+0000] {processor.py:183} INFO - Processing /home/project/airflow/dags/ETL_toll_data.py took 0.251 seconds
[2025-12-11T23:32:24.813+0000] {processor.py:161} INFO - Started process (PID=5385) to work on /home/project/airflow/dags/ETL_toll_data.py
[2025-12-11T23:32:24.815+0000] {processor.py:830} INFO - Processing file /home/project/airflow/dags/ETL_toll_data.py for tasks to queue
[2025-12-11T23:32:24.818+0000] {logging_mixin.py:188} INFO - [2025-12-11T23:32:24.817+0000] {dagbag.py:545} INFO - Filling up the DagBag from /home/project/airflow/dags/ETL_toll_data.py
[2025-12-11T23:32:24.893+0000] {processor.py:840} INFO - DAG(s) 'ETL_toll_data' retrieved from /home/project/airflow/dags/ETL_toll_data.py
[2025-12-11T23:32:24.949+0000] {logging_mixin.py:188} INFO - [2025-12-11T23:32:24.942+0000] {dag.py:3096} INFO - Sync 1 DAGs
[2025-12-11T23:32:25.001+0000] {logging_mixin.py:188} INFO - [2025-12-11T23:32:25.000+0000] {dag.py:3954} INFO - Setting next_dagrun for ETL_toll_data to 2025-12-11 00:00:00+00:00, run_after=2025-12-12 00:00:00+00:00
[2025-12-11T23:32:25.041+0000] {processor.py:183} INFO - Processing /home/project/airflow/dags/ETL_toll_data.py took 0.246 seconds
[2025-12-11T23:32:55.380+0000] {processor.py:161} INFO - Started process (PID=5452) to work on /home/project/airflow/dags/ETL_toll_data.py
[2025-12-11T23:32:55.396+0000] {processor.py:830} INFO - Processing file /home/project/airflow/dags/ETL_toll_data.py for tasks to queue
[2025-12-11T23:32:55.399+0000] {logging_mixin.py:188} INFO - [2025-12-11T23:32:55.399+0000] {dagbag.py:545} INFO - Filling up the DagBag from /home/project/airflow/dags/ETL_toll_data.py
[2025-12-11T23:32:55.470+0000] {processor.py:840} INFO - DAG(s) 'ETL_toll_data' retrieved from /home/project/airflow/dags/ETL_toll_data.py
[2025-12-11T23:32:55.525+0000] {logging_mixin.py:188} INFO - [2025-12-11T23:32:55.524+0000] {dag.py:3096} INFO - Sync 1 DAGs
[2025-12-11T23:32:55.595+0000] {logging_mixin.py:188} INFO - [2025-12-11T23:32:55.595+0000] {dag.py:3954} INFO - Setting next_dagrun for ETL_toll_data to 2025-12-11 00:00:00+00:00, run_after=2025-12-12 00:00:00+00:00
[2025-12-11T23:32:55.637+0000] {processor.py:183} INFO - Processing /home/project/airflow/dags/ETL_toll_data.py took 0.269 seconds
[2025-12-11T23:33:26.079+0000] {processor.py:161} INFO - Started process (PID=5519) to work on /home/project/airflow/dags/ETL_toll_data.py
[2025-12-11T23:33:26.081+0000] {processor.py:830} INFO - Processing file /home/project/airflow/dags/ETL_toll_data.py for tasks to queue
[2025-12-11T23:33:26.091+0000] {logging_mixin.py:188} INFO - [2025-12-11T23:33:26.091+0000] {dagbag.py:545} INFO - Filling up the DagBag from /home/project/airflow/dags/ETL_toll_data.py
[2025-12-11T23:33:26.155+0000] {processor.py:840} INFO - DAG(s) 'ETL_toll_data' retrieved from /home/project/airflow/dags/ETL_toll_data.py
[2025-12-11T23:33:26.210+0000] {logging_mixin.py:188} INFO - [2025-12-11T23:33:26.210+0000] {dag.py:3096} INFO - Sync 1 DAGs
[2025-12-11T23:33:26.270+0000] {logging_mixin.py:188} INFO - [2025-12-11T23:33:26.269+0000] {dag.py:3954} INFO - Setting next_dagrun for ETL_toll_data to 2025-12-11 00:00:00+00:00, run_after=2025-12-12 00:00:00+00:00
[2025-12-11T23:33:26.312+0000] {processor.py:183} INFO - Processing /home/project/airflow/dags/ETL_toll_data.py took 0.246 seconds
[2025-12-11T23:33:56.861+0000] {processor.py:161} INFO - Started process (PID=5586) to work on /home/project/airflow/dags/ETL_toll_data.py
[2025-12-11T23:33:56.863+0000] {processor.py:830} INFO - Processing file /home/project/airflow/dags/ETL_toll_data.py for tasks to queue
[2025-12-11T23:33:56.865+0000] {logging_mixin.py:188} INFO - [2025-12-11T23:33:56.865+0000] {dagbag.py:545} INFO - Filling up the DagBag from /home/project/airflow/dags/ETL_toll_data.py
[2025-12-11T23:33:56.931+0000] {processor.py:840} INFO - DAG(s) 'ETL_toll_data' retrieved from /home/project/airflow/dags/ETL_toll_data.py
[2025-12-11T23:33:56.972+0000] {logging_mixin.py:188} INFO - [2025-12-11T23:33:56.972+0000] {dag.py:3096} INFO - Sync 1 DAGs
[2025-12-11T23:33:57.014+0000] {logging_mixin.py:188} INFO - [2025-12-11T23:33:57.014+0000] {dag.py:3954} INFO - Setting next_dagrun for ETL_toll_data to 2025-12-11 00:00:00+00:00, run_after=2025-12-12 00:00:00+00:00
[2025-12-11T23:33:57.043+0000] {processor.py:183} INFO - Processing /home/project/airflow/dags/ETL_toll_data.py took 0.194 seconds
[2025-12-11T23:34:27.219+0000] {processor.py:161} INFO - Started process (PID=5653) to work on /home/project/airflow/dags/ETL_toll_data.py
[2025-12-11T23:34:27.227+0000] {processor.py:830} INFO - Processing file /home/project/airflow/dags/ETL_toll_data.py for tasks to queue
[2025-12-11T23:34:27.230+0000] {logging_mixin.py:188} INFO - [2025-12-11T23:34:27.229+0000] {dagbag.py:545} INFO - Filling up the DagBag from /home/project/airflow/dags/ETL_toll_data.py
[2025-12-11T23:34:27.270+0000] {processor.py:840} INFO - DAG(s) 'ETL_toll_data' retrieved from /home/project/airflow/dags/ETL_toll_data.py
[2025-12-11T23:34:27.312+0000] {logging_mixin.py:188} INFO - [2025-12-11T23:34:27.311+0000] {dag.py:3096} INFO - Sync 1 DAGs
[2025-12-11T23:34:27.349+0000] {logging_mixin.py:188} INFO - [2025-12-11T23:34:27.349+0000] {dag.py:3954} INFO - Setting next_dagrun for ETL_toll_data to 2025-12-11 00:00:00+00:00, run_after=2025-12-12 00:00:00+00:00
[2025-12-11T23:34:27.382+0000] {processor.py:183} INFO - Processing /home/project/airflow/dags/ETL_toll_data.py took 0.173 seconds
[2025-12-11T23:34:57.540+0000] {processor.py:161} INFO - Started process (PID=5720) to work on /home/project/airflow/dags/ETL_toll_data.py
[2025-12-11T23:34:57.541+0000] {processor.py:830} INFO - Processing file /home/project/airflow/dags/ETL_toll_data.py for tasks to queue
[2025-12-11T23:34:57.544+0000] {logging_mixin.py:188} INFO - [2025-12-11T23:34:57.544+0000] {dagbag.py:545} INFO - Filling up the DagBag from /home/project/airflow/dags/ETL_toll_data.py
[2025-12-11T23:34:57.590+0000] {processor.py:840} INFO - DAG(s) 'ETL_toll_data' retrieved from /home/project/airflow/dags/ETL_toll_data.py
[2025-12-11T23:34:57.633+0000] {logging_mixin.py:188} INFO - [2025-12-11T23:34:57.632+0000] {dag.py:3096} INFO - Sync 1 DAGs
[2025-12-11T23:34:57.668+0000] {logging_mixin.py:188} INFO - [2025-12-11T23:34:57.668+0000] {dag.py:3954} INFO - Setting next_dagrun for ETL_toll_data to 2025-12-11 00:00:00+00:00, run_after=2025-12-12 00:00:00+00:00
[2025-12-11T23:34:57.695+0000] {processor.py:183} INFO - Processing /home/project/airflow/dags/ETL_toll_data.py took 0.166 seconds
[2025-12-11T23:35:27.838+0000] {processor.py:161} INFO - Started process (PID=5786) to work on /home/project/airflow/dags/ETL_toll_data.py
[2025-12-11T23:35:27.846+0000] {processor.py:830} INFO - Processing file /home/project/airflow/dags/ETL_toll_data.py for tasks to queue
[2025-12-11T23:35:27.848+0000] {logging_mixin.py:188} INFO - [2025-12-11T23:35:27.848+0000] {dagbag.py:545} INFO - Filling up the DagBag from /home/project/airflow/dags/ETL_toll_data.py
[2025-12-11T23:35:27.886+0000] {processor.py:840} INFO - DAG(s) 'ETL_toll_data' retrieved from /home/project/airflow/dags/ETL_toll_data.py
[2025-12-11T23:35:27.923+0000] {logging_mixin.py:188} INFO - [2025-12-11T23:35:27.923+0000] {dag.py:3096} INFO - Sync 1 DAGs
[2025-12-11T23:35:27.966+0000] {logging_mixin.py:188} INFO - [2025-12-11T23:35:27.966+0000] {dag.py:3954} INFO - Setting next_dagrun for ETL_toll_data to 2025-12-11 00:00:00+00:00, run_after=2025-12-12 00:00:00+00:00
[2025-12-11T23:35:27.996+0000] {processor.py:183} INFO - Processing /home/project/airflow/dags/ETL_toll_data.py took 0.168 seconds
[2025-12-11T23:35:58.454+0000] {processor.py:161} INFO - Started process (PID=5853) to work on /home/project/airflow/dags/ETL_toll_data.py
[2025-12-11T23:35:58.455+0000] {processor.py:830} INFO - Processing file /home/project/airflow/dags/ETL_toll_data.py for tasks to queue
[2025-12-11T23:35:58.458+0000] {logging_mixin.py:188} INFO - [2025-12-11T23:35:58.457+0000] {dagbag.py:545} INFO - Filling up the DagBag from /home/project/airflow/dags/ETL_toll_data.py
[2025-12-11T23:35:58.502+0000] {processor.py:840} INFO - DAG(s) 'ETL_toll_data' retrieved from /home/project/airflow/dags/ETL_toll_data.py
[2025-12-11T23:35:58.546+0000] {logging_mixin.py:188} INFO - [2025-12-11T23:35:58.546+0000] {dag.py:3096} INFO - Sync 1 DAGs
[2025-12-11T23:35:58.589+0000] {logging_mixin.py:188} INFO - [2025-12-11T23:35:58.587+0000] {dag.py:3954} INFO - Setting next_dagrun for ETL_toll_data to 2025-12-11 00:00:00+00:00, run_after=2025-12-12 00:00:00+00:00
[2025-12-11T23:35:58.622+0000] {processor.py:183} INFO - Processing /home/project/airflow/dags/ETL_toll_data.py took 0.180 seconds
[2025-12-11T23:36:28.971+0000] {processor.py:161} INFO - Started process (PID=5920) to work on /home/project/airflow/dags/ETL_toll_data.py
[2025-12-11T23:36:28.972+0000] {processor.py:830} INFO - Processing file /home/project/airflow/dags/ETL_toll_data.py for tasks to queue
[2025-12-11T23:36:28.975+0000] {logging_mixin.py:188} INFO - [2025-12-11T23:36:28.975+0000] {dagbag.py:545} INFO - Filling up the DagBag from /home/project/airflow/dags/ETL_toll_data.py
[2025-12-11T23:36:29.023+0000] {processor.py:840} INFO - DAG(s) 'ETL_toll_data' retrieved from /home/project/airflow/dags/ETL_toll_data.py
[2025-12-11T23:36:29.075+0000] {logging_mixin.py:188} INFO - [2025-12-11T23:36:29.074+0000] {dag.py:3096} INFO - Sync 1 DAGs
[2025-12-11T23:36:29.123+0000] {logging_mixin.py:188} INFO - [2025-12-11T23:36:29.123+0000] {dag.py:3954} INFO - Setting next_dagrun for ETL_toll_data to 2025-12-11 00:00:00+00:00, run_after=2025-12-12 00:00:00+00:00
[2025-12-11T23:36:29.160+0000] {processor.py:183} INFO - Processing /home/project/airflow/dags/ETL_toll_data.py took 0.200 seconds
[2025-12-11T23:36:59.952+0000] {processor.py:161} INFO - Started process (PID=5988) to work on /home/project/airflow/dags/ETL_toll_data.py
[2025-12-11T23:36:59.953+0000] {processor.py:830} INFO - Processing file /home/project/airflow/dags/ETL_toll_data.py for tasks to queue
[2025-12-11T23:36:59.956+0000] {logging_mixin.py:188} INFO - [2025-12-11T23:36:59.955+0000] {dagbag.py:545} INFO - Filling up the DagBag from /home/project/airflow/dags/ETL_toll_data.py
[2025-12-11T23:36:59.996+0000] {processor.py:840} INFO - DAG(s) 'ETL_toll_data' retrieved from /home/project/airflow/dags/ETL_toll_data.py
[2025-12-11T23:37:00.045+0000] {logging_mixin.py:188} INFO - [2025-12-11T23:37:00.045+0000] {dag.py:3096} INFO - Sync 1 DAGs
[2025-12-11T23:37:00.085+0000] {logging_mixin.py:188} INFO - [2025-12-11T23:37:00.085+0000] {dag.py:3954} INFO - Setting next_dagrun for ETL_toll_data to 2025-12-11 00:00:00+00:00, run_after=2025-12-12 00:00:00+00:00
[2025-12-11T23:37:00.113+0000] {processor.py:183} INFO - Processing /home/project/airflow/dags/ETL_toll_data.py took 0.172 seconds
[2025-12-11T23:37:30.372+0000] {processor.py:161} INFO - Started process (PID=6055) to work on /home/project/airflow/dags/ETL_toll_data.py
[2025-12-11T23:37:30.374+0000] {processor.py:830} INFO - Processing file /home/project/airflow/dags/ETL_toll_data.py for tasks to queue
[2025-12-11T23:37:30.376+0000] {logging_mixin.py:188} INFO - [2025-12-11T23:37:30.376+0000] {dagbag.py:545} INFO - Filling up the DagBag from /home/project/airflow/dags/ETL_toll_data.py
[2025-12-11T23:37:30.434+0000] {processor.py:840} INFO - DAG(s) 'ETL_toll_data' retrieved from /home/project/airflow/dags/ETL_toll_data.py
[2025-12-11T23:37:30.487+0000] {logging_mixin.py:188} INFO - [2025-12-11T23:37:30.487+0000] {dag.py:3096} INFO - Sync 1 DAGs
[2025-12-11T23:37:30.542+0000] {logging_mixin.py:188} INFO - [2025-12-11T23:37:30.541+0000] {dag.py:3954} INFO - Setting next_dagrun for ETL_toll_data to 2025-12-11 00:00:00+00:00, run_after=2025-12-12 00:00:00+00:00
[2025-12-11T23:37:30.569+0000] {processor.py:183} INFO - Processing /home/project/airflow/dags/ETL_toll_data.py took 0.207 seconds
[2025-12-11T23:38:00.779+0000] {processor.py:161} INFO - Started process (PID=6122) to work on /home/project/airflow/dags/ETL_toll_data.py
[2025-12-11T23:38:00.782+0000] {processor.py:830} INFO - Processing file /home/project/airflow/dags/ETL_toll_data.py for tasks to queue
[2025-12-11T23:38:00.785+0000] {logging_mixin.py:188} INFO - [2025-12-11T23:38:00.785+0000] {dagbag.py:545} INFO - Filling up the DagBag from /home/project/airflow/dags/ETL_toll_data.py
[2025-12-11T23:38:00.840+0000] {processor.py:840} INFO - DAG(s) 'ETL_toll_data' retrieved from /home/project/airflow/dags/ETL_toll_data.py
[2025-12-11T23:38:00.885+0000] {logging_mixin.py:188} INFO - [2025-12-11T23:38:00.885+0000] {dag.py:3096} INFO - Sync 1 DAGs
[2025-12-11T23:38:00.922+0000] {logging_mixin.py:188} INFO - [2025-12-11T23:38:00.922+0000] {dag.py:3954} INFO - Setting next_dagrun for ETL_toll_data to 2025-12-11 00:00:00+00:00, run_after=2025-12-12 00:00:00+00:00
[2025-12-11T23:38:00.952+0000] {processor.py:183} INFO - Processing /home/project/airflow/dags/ETL_toll_data.py took 0.185 seconds
[2025-12-11T23:38:31.412+0000] {processor.py:161} INFO - Started process (PID=6189) to work on /home/project/airflow/dags/ETL_toll_data.py
[2025-12-11T23:38:31.414+0000] {processor.py:830} INFO - Processing file /home/project/airflow/dags/ETL_toll_data.py for tasks to queue
[2025-12-11T23:38:31.417+0000] {logging_mixin.py:188} INFO - [2025-12-11T23:38:31.416+0000] {dagbag.py:545} INFO - Filling up the DagBag from /home/project/airflow/dags/ETL_toll_data.py
[2025-12-11T23:38:31.456+0000] {processor.py:840} INFO - DAG(s) 'ETL_toll_data' retrieved from /home/project/airflow/dags/ETL_toll_data.py
[2025-12-11T23:38:31.499+0000] {logging_mixin.py:188} INFO - [2025-12-11T23:38:31.498+0000] {dag.py:3096} INFO - Sync 1 DAGs
[2025-12-11T23:38:31.542+0000] {logging_mixin.py:188} INFO - [2025-12-11T23:38:31.541+0000] {dag.py:3954} INFO - Setting next_dagrun for ETL_toll_data to 2025-12-11 00:00:00+00:00, run_after=2025-12-12 00:00:00+00:00
[2025-12-11T23:38:31.572+0000] {processor.py:183} INFO - Processing /home/project/airflow/dags/ETL_toll_data.py took 0.171 seconds
[2025-12-11T23:39:02.472+0000] {processor.py:161} INFO - Started process (PID=6256) to work on /home/project/airflow/dags/ETL_toll_data.py
[2025-12-11T23:39:02.473+0000] {processor.py:830} INFO - Processing file /home/project/airflow/dags/ETL_toll_data.py for tasks to queue
[2025-12-11T23:39:02.476+0000] {logging_mixin.py:188} INFO - [2025-12-11T23:39:02.476+0000] {dagbag.py:545} INFO - Filling up the DagBag from /home/project/airflow/dags/ETL_toll_data.py
[2025-12-11T23:39:02.523+0000] {processor.py:840} INFO - DAG(s) 'ETL_toll_data' retrieved from /home/project/airflow/dags/ETL_toll_data.py
[2025-12-11T23:39:02.562+0000] {logging_mixin.py:188} INFO - [2025-12-11T23:39:02.562+0000] {dag.py:3096} INFO - Sync 1 DAGs
[2025-12-11T23:39:02.602+0000] {logging_mixin.py:188} INFO - [2025-12-11T23:39:02.601+0000] {dag.py:3954} INFO - Setting next_dagrun for ETL_toll_data to 2025-12-11 00:00:00+00:00, run_after=2025-12-12 00:00:00+00:00
[2025-12-11T23:39:02.631+0000] {processor.py:183} INFO - Processing /home/project/airflow/dags/ETL_toll_data.py took 0.170 seconds
[2025-12-11T23:39:33.105+0000] {processor.py:161} INFO - Started process (PID=6323) to work on /home/project/airflow/dags/ETL_toll_data.py
[2025-12-11T23:39:33.106+0000] {processor.py:830} INFO - Processing file /home/project/airflow/dags/ETL_toll_data.py for tasks to queue
[2025-12-11T23:39:33.109+0000] {logging_mixin.py:188} INFO - [2025-12-11T23:39:33.109+0000] {dagbag.py:545} INFO - Filling up the DagBag from /home/project/airflow/dags/ETL_toll_data.py
[2025-12-11T23:39:33.153+0000] {processor.py:840} INFO - DAG(s) 'ETL_toll_data' retrieved from /home/project/airflow/dags/ETL_toll_data.py
[2025-12-11T23:39:33.197+0000] {logging_mixin.py:188} INFO - [2025-12-11T23:39:33.196+0000] {dag.py:3096} INFO - Sync 1 DAGs
[2025-12-11T23:39:33.244+0000] {logging_mixin.py:188} INFO - [2025-12-11T23:39:33.243+0000] {dag.py:3954} INFO - Setting next_dagrun for ETL_toll_data to 2025-12-11 00:00:00+00:00, run_after=2025-12-12 00:00:00+00:00
[2025-12-11T23:39:33.276+0000] {processor.py:183} INFO - Processing /home/project/airflow/dags/ETL_toll_data.py took 0.182 seconds
[2025-12-11T23:40:04.143+0000] {processor.py:161} INFO - Started process (PID=6390) to work on /home/project/airflow/dags/ETL_toll_data.py
[2025-12-11T23:40:04.145+0000] {processor.py:830} INFO - Processing file /home/project/airflow/dags/ETL_toll_data.py for tasks to queue
[2025-12-11T23:40:04.148+0000] {logging_mixin.py:188} INFO - [2025-12-11T23:40:04.147+0000] {dagbag.py:545} INFO - Filling up the DagBag from /home/project/airflow/dags/ETL_toll_data.py
[2025-12-11T23:40:04.194+0000] {processor.py:840} INFO - DAG(s) 'ETL_toll_data' retrieved from /home/project/airflow/dags/ETL_toll_data.py
[2025-12-11T23:40:04.232+0000] {logging_mixin.py:188} INFO - [2025-12-11T23:40:04.232+0000] {dag.py:3096} INFO - Sync 1 DAGs
[2025-12-11T23:40:04.269+0000] {logging_mixin.py:188} INFO - [2025-12-11T23:40:04.268+0000] {dag.py:3954} INFO - Setting next_dagrun for ETL_toll_data to 2025-12-11 00:00:00+00:00, run_after=2025-12-12 00:00:00+00:00
[2025-12-11T23:40:04.321+0000] {processor.py:183} INFO - Processing /home/project/airflow/dags/ETL_toll_data.py took 0.189 seconds
[2025-12-11T23:40:34.875+0000] {processor.py:161} INFO - Started process (PID=6457) to work on /home/project/airflow/dags/ETL_toll_data.py
[2025-12-11T23:40:34.877+0000] {processor.py:830} INFO - Processing file /home/project/airflow/dags/ETL_toll_data.py for tasks to queue
[2025-12-11T23:40:34.881+0000] {logging_mixin.py:188} INFO - [2025-12-11T23:40:34.881+0000] {dagbag.py:545} INFO - Filling up the DagBag from /home/project/airflow/dags/ETL_toll_data.py
[2025-12-11T23:40:34.937+0000] {processor.py:840} INFO - DAG(s) 'ETL_toll_data' retrieved from /home/project/airflow/dags/ETL_toll_data.py
[2025-12-11T23:40:34.989+0000] {logging_mixin.py:188} INFO - [2025-12-11T23:40:34.984+0000] {dag.py:3096} INFO - Sync 1 DAGs
[2025-12-11T23:40:35.037+0000] {logging_mixin.py:188} INFO - [2025-12-11T23:40:35.036+0000] {dag.py:3954} INFO - Setting next_dagrun for ETL_toll_data to 2025-12-11 00:00:00+00:00, run_after=2025-12-12 00:00:00+00:00
[2025-12-11T23:40:35.270+0000] {processor.py:183} INFO - Processing /home/project/airflow/dags/ETL_toll_data.py took 0.408 seconds
[2025-12-11T23:41:05.706+0000] {processor.py:161} INFO - Started process (PID=6524) to work on /home/project/airflow/dags/ETL_toll_data.py
[2025-12-11T23:41:05.710+0000] {processor.py:830} INFO - Processing file /home/project/airflow/dags/ETL_toll_data.py for tasks to queue
[2025-12-11T23:41:05.713+0000] {logging_mixin.py:188} INFO - [2025-12-11T23:41:05.713+0000] {dagbag.py:545} INFO - Filling up the DagBag from /home/project/airflow/dags/ETL_toll_data.py
[2025-12-11T23:41:05.760+0000] {processor.py:840} INFO - DAG(s) 'ETL_toll_data' retrieved from /home/project/airflow/dags/ETL_toll_data.py
[2025-12-11T23:41:05.803+0000] {logging_mixin.py:188} INFO - [2025-12-11T23:41:05.802+0000] {dag.py:3096} INFO - Sync 1 DAGs
[2025-12-11T23:41:05.841+0000] {logging_mixin.py:188} INFO - [2025-12-11T23:41:05.840+0000] {dag.py:3954} INFO - Setting next_dagrun for ETL_toll_data to 2025-12-11 00:00:00+00:00, run_after=2025-12-12 00:00:00+00:00
[2025-12-11T23:41:05.869+0000] {processor.py:183} INFO - Processing /home/project/airflow/dags/ETL_toll_data.py took 0.174 seconds
[2025-12-11T23:41:36.453+0000] {processor.py:161} INFO - Started process (PID=6591) to work on /home/project/airflow/dags/ETL_toll_data.py
[2025-12-11T23:41:36.455+0000] {processor.py:830} INFO - Processing file /home/project/airflow/dags/ETL_toll_data.py for tasks to queue
[2025-12-11T23:41:36.457+0000] {logging_mixin.py:188} INFO - [2025-12-11T23:41:36.457+0000] {dagbag.py:545} INFO - Filling up the DagBag from /home/project/airflow/dags/ETL_toll_data.py
[2025-12-11T23:41:36.529+0000] {processor.py:840} INFO - DAG(s) 'ETL_toll_data' retrieved from /home/project/airflow/dags/ETL_toll_data.py
[2025-12-11T23:41:36.581+0000] {logging_mixin.py:188} INFO - [2025-12-11T23:41:36.581+0000] {dag.py:3096} INFO - Sync 1 DAGs
[2025-12-11T23:41:36.638+0000] {logging_mixin.py:188} INFO - [2025-12-11T23:41:36.638+0000] {dag.py:3954} INFO - Setting next_dagrun for ETL_toll_data to 2025-12-11 00:00:00+00:00, run_after=2025-12-12 00:00:00+00:00
[2025-12-11T23:41:36.672+0000] {processor.py:183} INFO - Processing /home/project/airflow/dags/ETL_toll_data.py took 0.239 seconds
[2025-12-11T23:42:06.810+0000] {processor.py:161} INFO - Started process (PID=6658) to work on /home/project/airflow/dags/ETL_toll_data.py
[2025-12-11T23:42:06.814+0000] {processor.py:830} INFO - Processing file /home/project/airflow/dags/ETL_toll_data.py for tasks to queue
[2025-12-11T23:42:06.817+0000] {logging_mixin.py:188} INFO - [2025-12-11T23:42:06.817+0000] {dagbag.py:545} INFO - Filling up the DagBag from /home/project/airflow/dags/ETL_toll_data.py
[2025-12-11T23:42:06.873+0000] {processor.py:840} INFO - DAG(s) 'ETL_toll_data' retrieved from /home/project/airflow/dags/ETL_toll_data.py
[2025-12-11T23:42:06.938+0000] {logging_mixin.py:188} INFO - [2025-12-11T23:42:06.937+0000] {dag.py:3096} INFO - Sync 1 DAGs
[2025-12-11T23:42:07.013+0000] {logging_mixin.py:188} INFO - [2025-12-11T23:42:07.013+0000] {dag.py:3954} INFO - Setting next_dagrun for ETL_toll_data to 2025-12-11 00:00:00+00:00, run_after=2025-12-12 00:00:00+00:00
[2025-12-11T23:42:07.093+0000] {processor.py:183} INFO - Processing /home/project/airflow/dags/ETL_toll_data.py took 0.300 seconds
