[2025-12-11T22:52:24.369+0000] {processor.py:161} INFO - Started process (PID=128) to work on /home/airflow/.local/lib/python3.9/site-packages/airflow/example_dags/example_setup_teardown_taskflow.py
[2025-12-11T22:52:24.371+0000] {processor.py:830} INFO - Processing file /home/airflow/.local/lib/python3.9/site-packages/airflow/example_dags/example_setup_teardown_taskflow.py for tasks to queue
[2025-12-11T22:52:24.374+0000] {logging_mixin.py:188} INFO - [2025-12-11T22:52:24.373+0000] {dagbag.py:545} INFO - Filling up the DagBag from /home/airflow/.local/lib/python3.9/site-packages/airflow/example_dags/example_setup_teardown_taskflow.py
[2025-12-11T22:52:24.434+0000] {processor.py:840} INFO - DAG(s) 'example_setup_teardown_taskflow' retrieved from /home/airflow/.local/lib/python3.9/site-packages/airflow/example_dags/example_setup_teardown_taskflow.py
[2025-12-11T22:52:25.270+0000] {logging_mixin.py:188} INFO - [2025-12-11T22:52:25.270+0000] {dag.py:3096} INFO - Sync 1 DAGs
[2025-12-11T22:52:25.455+0000] {logging_mixin.py:188} INFO - [2025-12-11T22:52:25.454+0000] {dag.py:3954} INFO - Setting next_dagrun for example_setup_teardown_taskflow to 2025-12-10 00:00:00+00:00, run_after=2025-12-11 00:00:00+00:00
[2025-12-11T22:52:25.653+0000] {processor.py:183} INFO - Processing /home/airflow/.local/lib/python3.9/site-packages/airflow/example_dags/example_setup_teardown_taskflow.py took 1.323 seconds
[2025-12-11T22:52:59.513+0000] {processor.py:161} INFO - Started process (PID=194) to work on /home/airflow/.local/lib/python3.9/site-packages/airflow/example_dags/example_setup_teardown_taskflow.py
[2025-12-11T22:52:59.515+0000] {processor.py:830} INFO - Processing file /home/airflow/.local/lib/python3.9/site-packages/airflow/example_dags/example_setup_teardown_taskflow.py for tasks to queue
[2025-12-11T22:52:59.532+0000] {logging_mixin.py:188} INFO - [2025-12-11T22:52:59.531+0000] {dagbag.py:545} INFO - Filling up the DagBag from /home/airflow/.local/lib/python3.9/site-packages/airflow/example_dags/example_setup_teardown_taskflow.py
[2025-12-11T22:52:59.590+0000] {processor.py:840} INFO - DAG(s) 'example_setup_teardown_taskflow' retrieved from /home/airflow/.local/lib/python3.9/site-packages/airflow/example_dags/example_setup_teardown_taskflow.py
[2025-12-11T22:52:59.694+0000] {logging_mixin.py:188} INFO - [2025-12-11T22:52:59.694+0000] {dag.py:3096} INFO - Sync 1 DAGs
[2025-12-11T22:52:59.871+0000] {logging_mixin.py:188} INFO - [2025-12-11T22:52:59.870+0000] {dag.py:3954} INFO - Setting next_dagrun for example_setup_teardown_taskflow to 2025-12-10 00:00:00+00:00, run_after=2025-12-11 00:00:00+00:00
[2025-12-11T22:53:00.090+0000] {processor.py:183} INFO - Processing /home/airflow/.local/lib/python3.9/site-packages/airflow/example_dags/example_setup_teardown_taskflow.py took 0.619 seconds
[2025-12-11T22:53:31.013+0000] {processor.py:161} INFO - Started process (PID=260) to work on /home/airflow/.local/lib/python3.9/site-packages/airflow/example_dags/example_setup_teardown_taskflow.py
[2025-12-11T22:53:31.017+0000] {processor.py:830} INFO - Processing file /home/airflow/.local/lib/python3.9/site-packages/airflow/example_dags/example_setup_teardown_taskflow.py for tasks to queue
[2025-12-11T22:53:31.033+0000] {logging_mixin.py:188} INFO - [2025-12-11T22:53:31.032+0000] {dagbag.py:545} INFO - Filling up the DagBag from /home/airflow/.local/lib/python3.9/site-packages/airflow/example_dags/example_setup_teardown_taskflow.py
[2025-12-11T22:53:31.075+0000] {processor.py:840} INFO - DAG(s) 'example_setup_teardown_taskflow' retrieved from /home/airflow/.local/lib/python3.9/site-packages/airflow/example_dags/example_setup_teardown_taskflow.py
[2025-12-11T22:53:31.573+0000] {logging_mixin.py:188} INFO - [2025-12-11T22:53:31.572+0000] {dag.py:3096} INFO - Sync 1 DAGs
[2025-12-11T22:53:31.679+0000] {logging_mixin.py:188} INFO - [2025-12-11T22:53:31.679+0000] {dag.py:3954} INFO - Setting next_dagrun for example_setup_teardown_taskflow to 2025-12-10 00:00:00+00:00, run_after=2025-12-11 00:00:00+00:00
[2025-12-11T22:53:31.777+0000] {processor.py:183} INFO - Processing /home/airflow/.local/lib/python3.9/site-packages/airflow/example_dags/example_setup_teardown_taskflow.py took 0.788 seconds
[2025-12-11T22:54:01.953+0000] {processor.py:161} INFO - Started process (PID=319) to work on /home/airflow/.local/lib/python3.9/site-packages/airflow/example_dags/example_setup_teardown_taskflow.py
[2025-12-11T22:54:01.964+0000] {processor.py:830} INFO - Processing file /home/airflow/.local/lib/python3.9/site-packages/airflow/example_dags/example_setup_teardown_taskflow.py for tasks to queue
[2025-12-11T22:54:01.967+0000] {logging_mixin.py:188} INFO - [2025-12-11T22:54:01.967+0000] {dagbag.py:545} INFO - Filling up the DagBag from /home/airflow/.local/lib/python3.9/site-packages/airflow/example_dags/example_setup_teardown_taskflow.py
[2025-12-11T22:54:01.982+0000] {processor.py:840} INFO - DAG(s) 'example_setup_teardown_taskflow' retrieved from /home/airflow/.local/lib/python3.9/site-packages/airflow/example_dags/example_setup_teardown_taskflow.py
[2025-12-11T22:54:02.021+0000] {logging_mixin.py:188} INFO - [2025-12-11T22:54:02.020+0000] {dag.py:3096} INFO - Sync 1 DAGs
[2025-12-11T22:54:02.061+0000] {logging_mixin.py:188} INFO - [2025-12-11T22:54:02.061+0000] {dag.py:3954} INFO - Setting next_dagrun for example_setup_teardown_taskflow to 2025-12-10 00:00:00+00:00, run_after=2025-12-11 00:00:00+00:00
[2025-12-11T22:54:02.094+0000] {processor.py:183} INFO - Processing /home/airflow/.local/lib/python3.9/site-packages/airflow/example_dags/example_setup_teardown_taskflow.py took 0.151 seconds
[2025-12-11T22:54:32.613+0000] {processor.py:161} INFO - Started process (PID=385) to work on /home/airflow/.local/lib/python3.9/site-packages/airflow/example_dags/example_setup_teardown_taskflow.py
[2025-12-11T22:54:32.615+0000] {processor.py:830} INFO - Processing file /home/airflow/.local/lib/python3.9/site-packages/airflow/example_dags/example_setup_teardown_taskflow.py for tasks to queue
[2025-12-11T22:54:32.619+0000] {logging_mixin.py:188} INFO - [2025-12-11T22:54:32.618+0000] {dagbag.py:545} INFO - Filling up the DagBag from /home/airflow/.local/lib/python3.9/site-packages/airflow/example_dags/example_setup_teardown_taskflow.py
[2025-12-11T22:54:32.658+0000] {processor.py:840} INFO - DAG(s) 'example_setup_teardown_taskflow' retrieved from /home/airflow/.local/lib/python3.9/site-packages/airflow/example_dags/example_setup_teardown_taskflow.py
[2025-12-11T22:54:32.707+0000] {logging_mixin.py:188} INFO - [2025-12-11T22:54:32.707+0000] {dag.py:3096} INFO - Sync 1 DAGs
[2025-12-11T22:54:32.760+0000] {logging_mixin.py:188} INFO - [2025-12-11T22:54:32.759+0000] {dag.py:3954} INFO - Setting next_dagrun for example_setup_teardown_taskflow to 2025-12-10 00:00:00+00:00, run_after=2025-12-11 00:00:00+00:00
[2025-12-11T22:54:32.815+0000] {processor.py:183} INFO - Processing /home/airflow/.local/lib/python3.9/site-packages/airflow/example_dags/example_setup_teardown_taskflow.py took 0.237 seconds
[2025-12-11T22:55:03.592+0000] {processor.py:161} INFO - Started process (PID=451) to work on /home/airflow/.local/lib/python3.9/site-packages/airflow/example_dags/example_setup_teardown_taskflow.py
[2025-12-11T22:55:03.594+0000] {processor.py:830} INFO - Processing file /home/airflow/.local/lib/python3.9/site-packages/airflow/example_dags/example_setup_teardown_taskflow.py for tasks to queue
[2025-12-11T22:55:03.597+0000] {logging_mixin.py:188} INFO - [2025-12-11T22:55:03.597+0000] {dagbag.py:545} INFO - Filling up the DagBag from /home/airflow/.local/lib/python3.9/site-packages/airflow/example_dags/example_setup_teardown_taskflow.py
[2025-12-11T22:55:03.652+0000] {processor.py:840} INFO - DAG(s) 'example_setup_teardown_taskflow' retrieved from /home/airflow/.local/lib/python3.9/site-packages/airflow/example_dags/example_setup_teardown_taskflow.py
[2025-12-11T22:55:03.811+0000] {logging_mixin.py:188} INFO - [2025-12-11T22:55:03.810+0000] {dag.py:3096} INFO - Sync 1 DAGs
[2025-12-11T22:55:03.931+0000] {logging_mixin.py:188} INFO - [2025-12-11T22:55:03.930+0000] {dag.py:3954} INFO - Setting next_dagrun for example_setup_teardown_taskflow to 2025-12-10 00:00:00+00:00, run_after=2025-12-11 00:00:00+00:00
[2025-12-11T22:55:04.076+0000] {processor.py:183} INFO - Processing /home/airflow/.local/lib/python3.9/site-packages/airflow/example_dags/example_setup_teardown_taskflow.py took 0.506 seconds
[2025-12-11T22:55:34.477+0000] {processor.py:161} INFO - Started process (PID=517) to work on /home/airflow/.local/lib/python3.9/site-packages/airflow/example_dags/example_setup_teardown_taskflow.py
[2025-12-11T22:55:34.494+0000] {processor.py:830} INFO - Processing file /home/airflow/.local/lib/python3.9/site-packages/airflow/example_dags/example_setup_teardown_taskflow.py for tasks to queue
[2025-12-11T22:55:34.511+0000] {logging_mixin.py:188} INFO - [2025-12-11T22:55:34.511+0000] {dagbag.py:545} INFO - Filling up the DagBag from /home/airflow/.local/lib/python3.9/site-packages/airflow/example_dags/example_setup_teardown_taskflow.py
[2025-12-11T22:55:34.554+0000] {processor.py:840} INFO - DAG(s) 'example_setup_teardown_taskflow' retrieved from /home/airflow/.local/lib/python3.9/site-packages/airflow/example_dags/example_setup_teardown_taskflow.py
[2025-12-11T22:55:34.629+0000] {logging_mixin.py:188} INFO - [2025-12-11T22:55:34.624+0000] {dag.py:3096} INFO - Sync 1 DAGs
[2025-12-11T22:55:34.710+0000] {logging_mixin.py:188} INFO - [2025-12-11T22:55:34.709+0000] {dag.py:3954} INFO - Setting next_dagrun for example_setup_teardown_taskflow to 2025-12-10 00:00:00+00:00, run_after=2025-12-11 00:00:00+00:00
[2025-12-11T22:55:34.773+0000] {processor.py:183} INFO - Processing /home/airflow/.local/lib/python3.9/site-packages/airflow/example_dags/example_setup_teardown_taskflow.py took 0.321 seconds
[2025-12-11T22:56:04.980+0000] {processor.py:161} INFO - Started process (PID=576) to work on /home/airflow/.local/lib/python3.9/site-packages/airflow/example_dags/example_setup_teardown_taskflow.py
[2025-12-11T22:56:04.991+0000] {processor.py:830} INFO - Processing file /home/airflow/.local/lib/python3.9/site-packages/airflow/example_dags/example_setup_teardown_taskflow.py for tasks to queue
[2025-12-11T22:56:04.994+0000] {logging_mixin.py:188} INFO - [2025-12-11T22:56:04.994+0000] {dagbag.py:545} INFO - Filling up the DagBag from /home/airflow/.local/lib/python3.9/site-packages/airflow/example_dags/example_setup_teardown_taskflow.py
[2025-12-11T22:56:05.040+0000] {processor.py:840} INFO - DAG(s) 'example_setup_teardown_taskflow' retrieved from /home/airflow/.local/lib/python3.9/site-packages/airflow/example_dags/example_setup_teardown_taskflow.py
[2025-12-11T22:56:05.149+0000] {logging_mixin.py:188} INFO - [2025-12-11T22:56:05.134+0000] {dag.py:3096} INFO - Sync 1 DAGs
[2025-12-11T22:56:05.204+0000] {logging_mixin.py:188} INFO - [2025-12-11T22:56:05.203+0000] {dag.py:3954} INFO - Setting next_dagrun for example_setup_teardown_taskflow to 2025-12-10 00:00:00+00:00, run_after=2025-12-11 00:00:00+00:00
[2025-12-11T22:56:05.272+0000] {processor.py:183} INFO - Processing /home/airflow/.local/lib/python3.9/site-packages/airflow/example_dags/example_setup_teardown_taskflow.py took 0.311 seconds
[2025-12-11T22:56:36.056+0000] {processor.py:161} INFO - Started process (PID=649) to work on /home/airflow/.local/lib/python3.9/site-packages/airflow/example_dags/example_setup_teardown_taskflow.py
[2025-12-11T22:56:36.135+0000] {processor.py:830} INFO - Processing file /home/airflow/.local/lib/python3.9/site-packages/airflow/example_dags/example_setup_teardown_taskflow.py for tasks to queue
[2025-12-11T22:56:36.138+0000] {logging_mixin.py:188} INFO - [2025-12-11T22:56:36.138+0000] {dagbag.py:545} INFO - Filling up the DagBag from /home/airflow/.local/lib/python3.9/site-packages/airflow/example_dags/example_setup_teardown_taskflow.py
[2025-12-11T22:56:36.153+0000] {processor.py:840} INFO - DAG(s) 'example_setup_teardown_taskflow' retrieved from /home/airflow/.local/lib/python3.9/site-packages/airflow/example_dags/example_setup_teardown_taskflow.py
[2025-12-11T22:56:36.193+0000] {logging_mixin.py:188} INFO - [2025-12-11T22:56:36.193+0000] {dag.py:3096} INFO - Sync 1 DAGs
[2025-12-11T22:56:36.234+0000] {logging_mixin.py:188} INFO - [2025-12-11T22:56:36.234+0000] {dag.py:3954} INFO - Setting next_dagrun for example_setup_teardown_taskflow to 2025-12-10 00:00:00+00:00, run_after=2025-12-11 00:00:00+00:00
[2025-12-11T22:56:36.334+0000] {processor.py:183} INFO - Processing /home/airflow/.local/lib/python3.9/site-packages/airflow/example_dags/example_setup_teardown_taskflow.py took 0.299 seconds
[2025-12-11T22:57:06.475+0000] {processor.py:161} INFO - Started process (PID=715) to work on /home/airflow/.local/lib/python3.9/site-packages/airflow/example_dags/example_setup_teardown_taskflow.py
[2025-12-11T22:57:06.477+0000] {processor.py:830} INFO - Processing file /home/airflow/.local/lib/python3.9/site-packages/airflow/example_dags/example_setup_teardown_taskflow.py for tasks to queue
[2025-12-11T22:57:06.481+0000] {logging_mixin.py:188} INFO - [2025-12-11T22:57:06.480+0000] {dagbag.py:545} INFO - Filling up the DagBag from /home/airflow/.local/lib/python3.9/site-packages/airflow/example_dags/example_setup_teardown_taskflow.py
[2025-12-11T22:57:06.533+0000] {processor.py:840} INFO - DAG(s) 'example_setup_teardown_taskflow' retrieved from /home/airflow/.local/lib/python3.9/site-packages/airflow/example_dags/example_setup_teardown_taskflow.py
[2025-12-11T22:57:06.658+0000] {logging_mixin.py:188} INFO - [2025-12-11T22:57:06.658+0000] {dag.py:3096} INFO - Sync 1 DAGs
[2025-12-11T22:57:06.756+0000] {logging_mixin.py:188} INFO - [2025-12-11T22:57:06.755+0000] {dag.py:3954} INFO - Setting next_dagrun for example_setup_teardown_taskflow to 2025-12-10 00:00:00+00:00, run_after=2025-12-11 00:00:00+00:00
[2025-12-11T22:57:06.824+0000] {processor.py:183} INFO - Processing /home/airflow/.local/lib/python3.9/site-packages/airflow/example_dags/example_setup_teardown_taskflow.py took 0.370 seconds
[2025-12-11T22:57:37.496+0000] {processor.py:161} INFO - Started process (PID=781) to work on /home/airflow/.local/lib/python3.9/site-packages/airflow/example_dags/example_setup_teardown_taskflow.py
[2025-12-11T22:57:37.498+0000] {processor.py:830} INFO - Processing file /home/airflow/.local/lib/python3.9/site-packages/airflow/example_dags/example_setup_teardown_taskflow.py for tasks to queue
[2025-12-11T22:57:37.500+0000] {logging_mixin.py:188} INFO - [2025-12-11T22:57:37.500+0000] {dagbag.py:545} INFO - Filling up the DagBag from /home/airflow/.local/lib/python3.9/site-packages/airflow/example_dags/example_setup_teardown_taskflow.py
[2025-12-11T22:57:37.520+0000] {processor.py:840} INFO - DAG(s) 'example_setup_teardown_taskflow' retrieved from /home/airflow/.local/lib/python3.9/site-packages/airflow/example_dags/example_setup_teardown_taskflow.py
[2025-12-11T22:57:37.583+0000] {logging_mixin.py:188} INFO - [2025-12-11T22:57:37.583+0000] {dag.py:3096} INFO - Sync 1 DAGs
[2025-12-11T22:57:37.624+0000] {logging_mixin.py:188} INFO - [2025-12-11T22:57:37.623+0000] {dag.py:3954} INFO - Setting next_dagrun for example_setup_teardown_taskflow to 2025-12-10 00:00:00+00:00, run_after=2025-12-11 00:00:00+00:00
[2025-12-11T22:57:37.655+0000] {processor.py:183} INFO - Processing /home/airflow/.local/lib/python3.9/site-packages/airflow/example_dags/example_setup_teardown_taskflow.py took 0.180 seconds
[2025-12-11T22:58:08.003+0000] {processor.py:161} INFO - Started process (PID=847) to work on /home/airflow/.local/lib/python3.9/site-packages/airflow/example_dags/example_setup_teardown_taskflow.py
[2025-12-11T22:58:08.005+0000] {processor.py:830} INFO - Processing file /home/airflow/.local/lib/python3.9/site-packages/airflow/example_dags/example_setup_teardown_taskflow.py for tasks to queue
[2025-12-11T22:58:08.011+0000] {logging_mixin.py:188} INFO - [2025-12-11T22:58:08.010+0000] {dagbag.py:545} INFO - Filling up the DagBag from /home/airflow/.local/lib/python3.9/site-packages/airflow/example_dags/example_setup_teardown_taskflow.py
[2025-12-11T22:58:08.030+0000] {processor.py:840} INFO - DAG(s) 'example_setup_teardown_taskflow' retrieved from /home/airflow/.local/lib/python3.9/site-packages/airflow/example_dags/example_setup_teardown_taskflow.py
[2025-12-11T22:58:08.069+0000] {logging_mixin.py:188} INFO - [2025-12-11T22:58:08.068+0000] {dag.py:3096} INFO - Sync 1 DAGs
[2025-12-11T22:58:08.107+0000] {logging_mixin.py:188} INFO - [2025-12-11T22:58:08.107+0000] {dag.py:3954} INFO - Setting next_dagrun for example_setup_teardown_taskflow to 2025-12-10 00:00:00+00:00, run_after=2025-12-11 00:00:00+00:00
[2025-12-11T22:58:08.133+0000] {processor.py:183} INFO - Processing /home/airflow/.local/lib/python3.9/site-packages/airflow/example_dags/example_setup_teardown_taskflow.py took 0.141 seconds
[2025-12-11T22:58:38.641+0000] {processor.py:161} INFO - Started process (PID=913) to work on /home/airflow/.local/lib/python3.9/site-packages/airflow/example_dags/example_setup_teardown_taskflow.py
[2025-12-11T22:58:38.652+0000] {processor.py:830} INFO - Processing file /home/airflow/.local/lib/python3.9/site-packages/airflow/example_dags/example_setup_teardown_taskflow.py for tasks to queue
[2025-12-11T22:58:38.657+0000] {logging_mixin.py:188} INFO - [2025-12-11T22:58:38.657+0000] {dagbag.py:545} INFO - Filling up the DagBag from /home/airflow/.local/lib/python3.9/site-packages/airflow/example_dags/example_setup_teardown_taskflow.py
[2025-12-11T22:58:38.678+0000] {processor.py:840} INFO - DAG(s) 'example_setup_teardown_taskflow' retrieved from /home/airflow/.local/lib/python3.9/site-packages/airflow/example_dags/example_setup_teardown_taskflow.py
[2025-12-11T22:58:38.740+0000] {logging_mixin.py:188} INFO - [2025-12-11T22:58:38.739+0000] {dag.py:3096} INFO - Sync 1 DAGs
[2025-12-11T22:58:38.778+0000] {logging_mixin.py:188} INFO - [2025-12-11T22:58:38.778+0000] {dag.py:3954} INFO - Setting next_dagrun for example_setup_teardown_taskflow to 2025-12-10 00:00:00+00:00, run_after=2025-12-11 00:00:00+00:00
[2025-12-11T22:58:38.809+0000] {processor.py:183} INFO - Processing /home/airflow/.local/lib/python3.9/site-packages/airflow/example_dags/example_setup_teardown_taskflow.py took 0.189 seconds
[2025-12-11T22:59:09.010+0000] {processor.py:161} INFO - Started process (PID=979) to work on /home/airflow/.local/lib/python3.9/site-packages/airflow/example_dags/example_setup_teardown_taskflow.py
[2025-12-11T22:59:09.018+0000] {processor.py:830} INFO - Processing file /home/airflow/.local/lib/python3.9/site-packages/airflow/example_dags/example_setup_teardown_taskflow.py for tasks to queue
[2025-12-11T22:59:09.021+0000] {logging_mixin.py:188} INFO - [2025-12-11T22:59:09.020+0000] {dagbag.py:545} INFO - Filling up the DagBag from /home/airflow/.local/lib/python3.9/site-packages/airflow/example_dags/example_setup_teardown_taskflow.py
[2025-12-11T22:59:09.036+0000] {processor.py:840} INFO - DAG(s) 'example_setup_teardown_taskflow' retrieved from /home/airflow/.local/lib/python3.9/site-packages/airflow/example_dags/example_setup_teardown_taskflow.py
[2025-12-11T22:59:09.077+0000] {logging_mixin.py:188} INFO - [2025-12-11T22:59:09.076+0000] {dag.py:3096} INFO - Sync 1 DAGs
[2025-12-11T22:59:09.114+0000] {logging_mixin.py:188} INFO - [2025-12-11T22:59:09.113+0000] {dag.py:3954} INFO - Setting next_dagrun for example_setup_teardown_taskflow to 2025-12-10 00:00:00+00:00, run_after=2025-12-11 00:00:00+00:00
[2025-12-11T22:59:09.141+0000] {processor.py:183} INFO - Processing /home/airflow/.local/lib/python3.9/site-packages/airflow/example_dags/example_setup_teardown_taskflow.py took 0.142 seconds
[2025-12-11T22:59:39.678+0000] {processor.py:161} INFO - Started process (PID=1045) to work on /home/airflow/.local/lib/python3.9/site-packages/airflow/example_dags/example_setup_teardown_taskflow.py
[2025-12-11T22:59:39.680+0000] {processor.py:830} INFO - Processing file /home/airflow/.local/lib/python3.9/site-packages/airflow/example_dags/example_setup_teardown_taskflow.py for tasks to queue
[2025-12-11T22:59:39.683+0000] {logging_mixin.py:188} INFO - [2025-12-11T22:59:39.683+0000] {dagbag.py:545} INFO - Filling up the DagBag from /home/airflow/.local/lib/python3.9/site-packages/airflow/example_dags/example_setup_teardown_taskflow.py
[2025-12-11T22:59:39.698+0000] {processor.py:840} INFO - DAG(s) 'example_setup_teardown_taskflow' retrieved from /home/airflow/.local/lib/python3.9/site-packages/airflow/example_dags/example_setup_teardown_taskflow.py
[2025-12-11T22:59:39.742+0000] {logging_mixin.py:188} INFO - [2025-12-11T22:59:39.742+0000] {dag.py:3096} INFO - Sync 1 DAGs
[2025-12-11T22:59:39.788+0000] {logging_mixin.py:188} INFO - [2025-12-11T22:59:39.787+0000] {dag.py:3954} INFO - Setting next_dagrun for example_setup_teardown_taskflow to 2025-12-10 00:00:00+00:00, run_after=2025-12-11 00:00:00+00:00
[2025-12-11T22:59:39.832+0000] {processor.py:183} INFO - Processing /home/airflow/.local/lib/python3.9/site-packages/airflow/example_dags/example_setup_teardown_taskflow.py took 0.165 seconds
[2025-12-11T23:00:09.943+0000] {processor.py:161} INFO - Started process (PID=1111) to work on /home/airflow/.local/lib/python3.9/site-packages/airflow/example_dags/example_setup_teardown_taskflow.py
[2025-12-11T23:00:09.945+0000] {processor.py:830} INFO - Processing file /home/airflow/.local/lib/python3.9/site-packages/airflow/example_dags/example_setup_teardown_taskflow.py for tasks to queue
[2025-12-11T23:00:09.948+0000] {logging_mixin.py:188} INFO - [2025-12-11T23:00:09.947+0000] {dagbag.py:545} INFO - Filling up the DagBag from /home/airflow/.local/lib/python3.9/site-packages/airflow/example_dags/example_setup_teardown_taskflow.py
[2025-12-11T23:00:09.961+0000] {processor.py:840} INFO - DAG(s) 'example_setup_teardown_taskflow' retrieved from /home/airflow/.local/lib/python3.9/site-packages/airflow/example_dags/example_setup_teardown_taskflow.py
[2025-12-11T23:00:10.000+0000] {logging_mixin.py:188} INFO - [2025-12-11T23:00:10.000+0000] {dag.py:3096} INFO - Sync 1 DAGs
[2025-12-11T23:00:10.035+0000] {logging_mixin.py:188} INFO - [2025-12-11T23:00:10.035+0000] {dag.py:3954} INFO - Setting next_dagrun for example_setup_teardown_taskflow to 2025-12-10 00:00:00+00:00, run_after=2025-12-11 00:00:00+00:00
[2025-12-11T23:00:10.063+0000] {processor.py:183} INFO - Processing /home/airflow/.local/lib/python3.9/site-packages/airflow/example_dags/example_setup_teardown_taskflow.py took 0.129 seconds
[2025-12-11T23:00:40.324+0000] {processor.py:161} INFO - Started process (PID=1177) to work on /home/airflow/.local/lib/python3.9/site-packages/airflow/example_dags/example_setup_teardown_taskflow.py
[2025-12-11T23:00:40.326+0000] {processor.py:830} INFO - Processing file /home/airflow/.local/lib/python3.9/site-packages/airflow/example_dags/example_setup_teardown_taskflow.py for tasks to queue
[2025-12-11T23:00:40.329+0000] {logging_mixin.py:188} INFO - [2025-12-11T23:00:40.329+0000] {dagbag.py:545} INFO - Filling up the DagBag from /home/airflow/.local/lib/python3.9/site-packages/airflow/example_dags/example_setup_teardown_taskflow.py
[2025-12-11T23:00:40.346+0000] {processor.py:840} INFO - DAG(s) 'example_setup_teardown_taskflow' retrieved from /home/airflow/.local/lib/python3.9/site-packages/airflow/example_dags/example_setup_teardown_taskflow.py
[2025-12-11T23:00:40.401+0000] {logging_mixin.py:188} INFO - [2025-12-11T23:00:40.401+0000] {dag.py:3096} INFO - Sync 1 DAGs
[2025-12-11T23:00:40.456+0000] {logging_mixin.py:188} INFO - [2025-12-11T23:00:40.456+0000] {dag.py:3954} INFO - Setting next_dagrun for example_setup_teardown_taskflow to 2025-12-10 00:00:00+00:00, run_after=2025-12-11 00:00:00+00:00
[2025-12-11T23:00:40.495+0000] {processor.py:183} INFO - Processing /home/airflow/.local/lib/python3.9/site-packages/airflow/example_dags/example_setup_teardown_taskflow.py took 0.180 seconds
[2025-12-11T23:01:10.750+0000] {processor.py:161} INFO - Started process (PID=1243) to work on /home/airflow/.local/lib/python3.9/site-packages/airflow/example_dags/example_setup_teardown_taskflow.py
[2025-12-11T23:01:10.776+0000] {processor.py:830} INFO - Processing file /home/airflow/.local/lib/python3.9/site-packages/airflow/example_dags/example_setup_teardown_taskflow.py for tasks to queue
[2025-12-11T23:01:10.780+0000] {logging_mixin.py:188} INFO - [2025-12-11T23:01:10.779+0000] {dagbag.py:545} INFO - Filling up the DagBag from /home/airflow/.local/lib/python3.9/site-packages/airflow/example_dags/example_setup_teardown_taskflow.py
[2025-12-11T23:01:10.798+0000] {processor.py:840} INFO - DAG(s) 'example_setup_teardown_taskflow' retrieved from /home/airflow/.local/lib/python3.9/site-packages/airflow/example_dags/example_setup_teardown_taskflow.py
[2025-12-11T23:01:10.845+0000] {logging_mixin.py:188} INFO - [2025-12-11T23:01:10.845+0000] {dag.py:3096} INFO - Sync 1 DAGs
[2025-12-11T23:01:10.887+0000] {logging_mixin.py:188} INFO - [2025-12-11T23:01:10.886+0000] {dag.py:3954} INFO - Setting next_dagrun for example_setup_teardown_taskflow to 2025-12-10 00:00:00+00:00, run_after=2025-12-11 00:00:00+00:00
[2025-12-11T23:01:11.148+0000] {processor.py:183} INFO - Processing /home/airflow/.local/lib/python3.9/site-packages/airflow/example_dags/example_setup_teardown_taskflow.py took 0.412 seconds
[2025-12-11T23:01:41.718+0000] {processor.py:161} INFO - Started process (PID=1309) to work on /home/airflow/.local/lib/python3.9/site-packages/airflow/example_dags/example_setup_teardown_taskflow.py
[2025-12-11T23:01:41.720+0000] {processor.py:830} INFO - Processing file /home/airflow/.local/lib/python3.9/site-packages/airflow/example_dags/example_setup_teardown_taskflow.py for tasks to queue
[2025-12-11T23:01:41.724+0000] {logging_mixin.py:188} INFO - [2025-12-11T23:01:41.723+0000] {dagbag.py:545} INFO - Filling up the DagBag from /home/airflow/.local/lib/python3.9/site-packages/airflow/example_dags/example_setup_teardown_taskflow.py
[2025-12-11T23:01:41.740+0000] {processor.py:840} INFO - DAG(s) 'example_setup_teardown_taskflow' retrieved from /home/airflow/.local/lib/python3.9/site-packages/airflow/example_dags/example_setup_teardown_taskflow.py
[2025-12-11T23:01:41.786+0000] {logging_mixin.py:188} INFO - [2025-12-11T23:01:41.786+0000] {dag.py:3096} INFO - Sync 1 DAGs
[2025-12-11T23:01:41.832+0000] {logging_mixin.py:188} INFO - [2025-12-11T23:01:41.832+0000] {dag.py:3954} INFO - Setting next_dagrun for example_setup_teardown_taskflow to 2025-12-10 00:00:00+00:00, run_after=2025-12-11 00:00:00+00:00
[2025-12-11T23:01:41.861+0000] {processor.py:183} INFO - Processing /home/airflow/.local/lib/python3.9/site-packages/airflow/example_dags/example_setup_teardown_taskflow.py took 0.157 seconds
[2025-12-11T23:02:12.464+0000] {processor.py:161} INFO - Started process (PID=1376) to work on /home/airflow/.local/lib/python3.9/site-packages/airflow/example_dags/example_setup_teardown_taskflow.py
[2025-12-11T23:02:12.465+0000] {processor.py:830} INFO - Processing file /home/airflow/.local/lib/python3.9/site-packages/airflow/example_dags/example_setup_teardown_taskflow.py for tasks to queue
[2025-12-11T23:02:12.468+0000] {logging_mixin.py:188} INFO - [2025-12-11T23:02:12.468+0000] {dagbag.py:545} INFO - Filling up the DagBag from /home/airflow/.local/lib/python3.9/site-packages/airflow/example_dags/example_setup_teardown_taskflow.py
[2025-12-11T23:02:12.482+0000] {processor.py:840} INFO - DAG(s) 'example_setup_teardown_taskflow' retrieved from /home/airflow/.local/lib/python3.9/site-packages/airflow/example_dags/example_setup_teardown_taskflow.py
[2025-12-11T23:02:12.524+0000] {logging_mixin.py:188} INFO - [2025-12-11T23:02:12.523+0000] {dag.py:3096} INFO - Sync 1 DAGs
[2025-12-11T23:02:12.589+0000] {logging_mixin.py:188} INFO - [2025-12-11T23:02:12.577+0000] {dag.py:3954} INFO - Setting next_dagrun for example_setup_teardown_taskflow to 2025-12-10 00:00:00+00:00, run_after=2025-12-11 00:00:00+00:00
[2025-12-11T23:02:12.626+0000] {processor.py:183} INFO - Processing /home/airflow/.local/lib/python3.9/site-packages/airflow/example_dags/example_setup_teardown_taskflow.py took 0.171 seconds
[2025-12-11T23:02:43.285+0000] {processor.py:161} INFO - Started process (PID=1443) to work on /home/airflow/.local/lib/python3.9/site-packages/airflow/example_dags/example_setup_teardown_taskflow.py
[2025-12-11T23:02:43.287+0000] {processor.py:830} INFO - Processing file /home/airflow/.local/lib/python3.9/site-packages/airflow/example_dags/example_setup_teardown_taskflow.py for tasks to queue
[2025-12-11T23:02:43.292+0000] {logging_mixin.py:188} INFO - [2025-12-11T23:02:43.291+0000] {dagbag.py:545} INFO - Filling up the DagBag from /home/airflow/.local/lib/python3.9/site-packages/airflow/example_dags/example_setup_teardown_taskflow.py
[2025-12-11T23:02:43.311+0000] {processor.py:840} INFO - DAG(s) 'example_setup_teardown_taskflow' retrieved from /home/airflow/.local/lib/python3.9/site-packages/airflow/example_dags/example_setup_teardown_taskflow.py
[2025-12-11T23:02:43.366+0000] {logging_mixin.py:188} INFO - [2025-12-11T23:02:43.365+0000] {dag.py:3096} INFO - Sync 1 DAGs
[2025-12-11T23:02:43.412+0000] {logging_mixin.py:188} INFO - [2025-12-11T23:02:43.412+0000] {dag.py:3954} INFO - Setting next_dagrun for example_setup_teardown_taskflow to 2025-12-10 00:00:00+00:00, run_after=2025-12-11 00:00:00+00:00
[2025-12-11T23:02:43.443+0000] {processor.py:183} INFO - Processing /home/airflow/.local/lib/python3.9/site-packages/airflow/example_dags/example_setup_teardown_taskflow.py took 0.172 seconds
[2025-12-11T23:03:13.894+0000] {processor.py:161} INFO - Started process (PID=1510) to work on /home/airflow/.local/lib/python3.9/site-packages/airflow/example_dags/example_setup_teardown_taskflow.py
[2025-12-11T23:03:13.896+0000] {processor.py:830} INFO - Processing file /home/airflow/.local/lib/python3.9/site-packages/airflow/example_dags/example_setup_teardown_taskflow.py for tasks to queue
[2025-12-11T23:03:13.899+0000] {logging_mixin.py:188} INFO - [2025-12-11T23:03:13.898+0000] {dagbag.py:545} INFO - Filling up the DagBag from /home/airflow/.local/lib/python3.9/site-packages/airflow/example_dags/example_setup_teardown_taskflow.py
[2025-12-11T23:03:13.912+0000] {processor.py:840} INFO - DAG(s) 'example_setup_teardown_taskflow' retrieved from /home/airflow/.local/lib/python3.9/site-packages/airflow/example_dags/example_setup_teardown_taskflow.py
[2025-12-11T23:03:13.954+0000] {logging_mixin.py:188} INFO - [2025-12-11T23:03:13.953+0000] {dag.py:3096} INFO - Sync 1 DAGs
[2025-12-11T23:03:14.011+0000] {logging_mixin.py:188} INFO - [2025-12-11T23:03:14.011+0000] {dag.py:3954} INFO - Setting next_dagrun for example_setup_teardown_taskflow to 2025-12-10 00:00:00+00:00, run_after=2025-12-11 00:00:00+00:00
[2025-12-11T23:03:14.042+0000] {processor.py:183} INFO - Processing /home/airflow/.local/lib/python3.9/site-packages/airflow/example_dags/example_setup_teardown_taskflow.py took 0.157 seconds
[2025-12-11T23:03:44.180+0000] {processor.py:161} INFO - Started process (PID=1581) to work on /home/airflow/.local/lib/python3.9/site-packages/airflow/example_dags/example_setup_teardown_taskflow.py
[2025-12-11T23:03:44.182+0000] {processor.py:830} INFO - Processing file /home/airflow/.local/lib/python3.9/site-packages/airflow/example_dags/example_setup_teardown_taskflow.py for tasks to queue
[2025-12-11T23:03:44.184+0000] {logging_mixin.py:188} INFO - [2025-12-11T23:03:44.184+0000] {dagbag.py:545} INFO - Filling up the DagBag from /home/airflow/.local/lib/python3.9/site-packages/airflow/example_dags/example_setup_teardown_taskflow.py
[2025-12-11T23:03:44.197+0000] {processor.py:840} INFO - DAG(s) 'example_setup_teardown_taskflow' retrieved from /home/airflow/.local/lib/python3.9/site-packages/airflow/example_dags/example_setup_teardown_taskflow.py
[2025-12-11T23:03:44.238+0000] {logging_mixin.py:188} INFO - [2025-12-11T23:03:44.238+0000] {dag.py:3096} INFO - Sync 1 DAGs
[2025-12-11T23:03:44.277+0000] {logging_mixin.py:188} INFO - [2025-12-11T23:03:44.276+0000] {dag.py:3954} INFO - Setting next_dagrun for example_setup_teardown_taskflow to 2025-12-10 00:00:00+00:00, run_after=2025-12-11 00:00:00+00:00
[2025-12-11T23:03:44.304+0000] {processor.py:183} INFO - Processing /home/airflow/.local/lib/python3.9/site-packages/airflow/example_dags/example_setup_teardown_taskflow.py took 0.134 seconds
[2025-12-11T23:04:14.421+0000] {processor.py:161} INFO - Started process (PID=1651) to work on /home/airflow/.local/lib/python3.9/site-packages/airflow/example_dags/example_setup_teardown_taskflow.py
[2025-12-11T23:04:14.423+0000] {processor.py:830} INFO - Processing file /home/airflow/.local/lib/python3.9/site-packages/airflow/example_dags/example_setup_teardown_taskflow.py for tasks to queue
[2025-12-11T23:04:14.426+0000] {logging_mixin.py:188} INFO - [2025-12-11T23:04:14.425+0000] {dagbag.py:545} INFO - Filling up the DagBag from /home/airflow/.local/lib/python3.9/site-packages/airflow/example_dags/example_setup_teardown_taskflow.py
[2025-12-11T23:04:14.439+0000] {processor.py:840} INFO - DAG(s) 'example_setup_teardown_taskflow' retrieved from /home/airflow/.local/lib/python3.9/site-packages/airflow/example_dags/example_setup_teardown_taskflow.py
[2025-12-11T23:04:14.483+0000] {logging_mixin.py:188} INFO - [2025-12-11T23:04:14.482+0000] {dag.py:3096} INFO - Sync 1 DAGs
[2025-12-11T23:04:14.525+0000] {logging_mixin.py:188} INFO - [2025-12-11T23:04:14.524+0000] {dag.py:3954} INFO - Setting next_dagrun for example_setup_teardown_taskflow to 2025-12-10 00:00:00+00:00, run_after=2025-12-11 00:00:00+00:00
[2025-12-11T23:04:14.555+0000] {processor.py:183} INFO - Processing /home/airflow/.local/lib/python3.9/site-packages/airflow/example_dags/example_setup_teardown_taskflow.py took 0.144 seconds
[2025-12-11T23:04:45.093+0000] {processor.py:161} INFO - Started process (PID=1722) to work on /home/airflow/.local/lib/python3.9/site-packages/airflow/example_dags/example_setup_teardown_taskflow.py
[2025-12-11T23:04:45.098+0000] {processor.py:830} INFO - Processing file /home/airflow/.local/lib/python3.9/site-packages/airflow/example_dags/example_setup_teardown_taskflow.py for tasks to queue
[2025-12-11T23:04:45.101+0000] {logging_mixin.py:188} INFO - [2025-12-11T23:04:45.101+0000] {dagbag.py:545} INFO - Filling up the DagBag from /home/airflow/.local/lib/python3.9/site-packages/airflow/example_dags/example_setup_teardown_taskflow.py
[2025-12-11T23:04:45.116+0000] {processor.py:840} INFO - DAG(s) 'example_setup_teardown_taskflow' retrieved from /home/airflow/.local/lib/python3.9/site-packages/airflow/example_dags/example_setup_teardown_taskflow.py
[2025-12-11T23:04:45.179+0000] {logging_mixin.py:188} INFO - [2025-12-11T23:04:45.179+0000] {dag.py:3096} INFO - Sync 1 DAGs
[2025-12-11T23:04:45.250+0000] {logging_mixin.py:188} INFO - [2025-12-11T23:04:45.250+0000] {dag.py:3954} INFO - Setting next_dagrun for example_setup_teardown_taskflow to 2025-12-10 00:00:00+00:00, run_after=2025-12-11 00:00:00+00:00
[2025-12-11T23:04:45.286+0000] {processor.py:183} INFO - Processing /home/airflow/.local/lib/python3.9/site-packages/airflow/example_dags/example_setup_teardown_taskflow.py took 0.205 seconds
[2025-12-11T23:05:15.389+0000] {processor.py:161} INFO - Started process (PID=1793) to work on /home/airflow/.local/lib/python3.9/site-packages/airflow/example_dags/example_setup_teardown_taskflow.py
[2025-12-11T23:05:15.390+0000] {processor.py:830} INFO - Processing file /home/airflow/.local/lib/python3.9/site-packages/airflow/example_dags/example_setup_teardown_taskflow.py for tasks to queue
[2025-12-11T23:05:15.393+0000] {logging_mixin.py:188} INFO - [2025-12-11T23:05:15.392+0000] {dagbag.py:545} INFO - Filling up the DagBag from /home/airflow/.local/lib/python3.9/site-packages/airflow/example_dags/example_setup_teardown_taskflow.py
[2025-12-11T23:05:15.406+0000] {processor.py:840} INFO - DAG(s) 'example_setup_teardown_taskflow' retrieved from /home/airflow/.local/lib/python3.9/site-packages/airflow/example_dags/example_setup_teardown_taskflow.py
[2025-12-11T23:05:15.449+0000] {logging_mixin.py:188} INFO - [2025-12-11T23:05:15.448+0000] {dag.py:3096} INFO - Sync 1 DAGs
[2025-12-11T23:05:15.488+0000] {logging_mixin.py:188} INFO - [2025-12-11T23:05:15.488+0000] {dag.py:3954} INFO - Setting next_dagrun for example_setup_teardown_taskflow to 2025-12-10 00:00:00+00:00, run_after=2025-12-11 00:00:00+00:00
[2025-12-11T23:05:15.516+0000] {processor.py:183} INFO - Processing /home/airflow/.local/lib/python3.9/site-packages/airflow/example_dags/example_setup_teardown_taskflow.py took 0.138 seconds
[2025-12-11T23:05:45.950+0000] {processor.py:161} INFO - Started process (PID=1865) to work on /home/airflow/.local/lib/python3.9/site-packages/airflow/example_dags/example_setup_teardown_taskflow.py
[2025-12-11T23:05:45.958+0000] {processor.py:830} INFO - Processing file /home/airflow/.local/lib/python3.9/site-packages/airflow/example_dags/example_setup_teardown_taskflow.py for tasks to queue
[2025-12-11T23:05:45.961+0000] {logging_mixin.py:188} INFO - [2025-12-11T23:05:45.960+0000] {dagbag.py:545} INFO - Filling up the DagBag from /home/airflow/.local/lib/python3.9/site-packages/airflow/example_dags/example_setup_teardown_taskflow.py
[2025-12-11T23:05:45.978+0000] {processor.py:840} INFO - DAG(s) 'example_setup_teardown_taskflow' retrieved from /home/airflow/.local/lib/python3.9/site-packages/airflow/example_dags/example_setup_teardown_taskflow.py
[2025-12-11T23:05:46.049+0000] {logging_mixin.py:188} INFO - [2025-12-11T23:05:46.042+0000] {dag.py:3096} INFO - Sync 1 DAGs
[2025-12-11T23:05:46.102+0000] {logging_mixin.py:188} INFO - [2025-12-11T23:05:46.101+0000] {dag.py:3954} INFO - Setting next_dagrun for example_setup_teardown_taskflow to 2025-12-10 00:00:00+00:00, run_after=2025-12-11 00:00:00+00:00
[2025-12-11T23:05:46.151+0000] {processor.py:183} INFO - Processing /home/airflow/.local/lib/python3.9/site-packages/airflow/example_dags/example_setup_teardown_taskflow.py took 0.219 seconds
[2025-12-11T23:06:17.023+0000] {processor.py:161} INFO - Started process (PID=1933) to work on /home/airflow/.local/lib/python3.9/site-packages/airflow/example_dags/example_setup_teardown_taskflow.py
[2025-12-11T23:06:17.025+0000] {processor.py:830} INFO - Processing file /home/airflow/.local/lib/python3.9/site-packages/airflow/example_dags/example_setup_teardown_taskflow.py for tasks to queue
[2025-12-11T23:06:17.027+0000] {logging_mixin.py:188} INFO - [2025-12-11T23:06:17.027+0000] {dagbag.py:545} INFO - Filling up the DagBag from /home/airflow/.local/lib/python3.9/site-packages/airflow/example_dags/example_setup_teardown_taskflow.py
[2025-12-11T23:06:17.042+0000] {processor.py:840} INFO - DAG(s) 'example_setup_teardown_taskflow' retrieved from /home/airflow/.local/lib/python3.9/site-packages/airflow/example_dags/example_setup_teardown_taskflow.py
[2025-12-11T23:06:17.080+0000] {logging_mixin.py:188} INFO - [2025-12-11T23:06:17.079+0000] {dag.py:3096} INFO - Sync 1 DAGs
[2025-12-11T23:06:17.114+0000] {logging_mixin.py:188} INFO - [2025-12-11T23:06:17.114+0000] {dag.py:3954} INFO - Setting next_dagrun for example_setup_teardown_taskflow to 2025-12-10 00:00:00+00:00, run_after=2025-12-11 00:00:00+00:00
[2025-12-11T23:06:17.137+0000] {processor.py:183} INFO - Processing /home/airflow/.local/lib/python3.9/site-packages/airflow/example_dags/example_setup_teardown_taskflow.py took 0.125 seconds
[2025-12-11T23:06:48.832+0000] {processor.py:161} INFO - Started process (PID=2010) to work on /home/airflow/.local/lib/python3.9/site-packages/airflow/example_dags/example_setup_teardown_taskflow.py
[2025-12-11T23:06:48.838+0000] {processor.py:830} INFO - Processing file /home/airflow/.local/lib/python3.9/site-packages/airflow/example_dags/example_setup_teardown_taskflow.py for tasks to queue
[2025-12-11T23:06:48.841+0000] {logging_mixin.py:188} INFO - [2025-12-11T23:06:48.841+0000] {dagbag.py:545} INFO - Filling up the DagBag from /home/airflow/.local/lib/python3.9/site-packages/airflow/example_dags/example_setup_teardown_taskflow.py
[2025-12-11T23:06:48.856+0000] {processor.py:840} INFO - DAG(s) 'example_setup_teardown_taskflow' retrieved from /home/airflow/.local/lib/python3.9/site-packages/airflow/example_dags/example_setup_teardown_taskflow.py
[2025-12-11T23:06:48.901+0000] {logging_mixin.py:188} INFO - [2025-12-11T23:06:48.900+0000] {dag.py:3096} INFO - Sync 1 DAGs
[2025-12-11T23:06:48.945+0000] {logging_mixin.py:188} INFO - [2025-12-11T23:06:48.944+0000] {dag.py:3954} INFO - Setting next_dagrun for example_setup_teardown_taskflow to 2025-12-10 00:00:00+00:00, run_after=2025-12-11 00:00:00+00:00
[2025-12-11T23:06:48.975+0000] {processor.py:183} INFO - Processing /home/airflow/.local/lib/python3.9/site-packages/airflow/example_dags/example_setup_teardown_taskflow.py took 0.162 seconds
[2025-12-11T23:07:20.370+0000] {processor.py:161} INFO - Started process (PID=2083) to work on /home/airflow/.local/lib/python3.9/site-packages/airflow/example_dags/example_setup_teardown_taskflow.py
[2025-12-11T23:07:20.408+0000] {processor.py:830} INFO - Processing file /home/airflow/.local/lib/python3.9/site-packages/airflow/example_dags/example_setup_teardown_taskflow.py for tasks to queue
[2025-12-11T23:07:20.411+0000] {logging_mixin.py:188} INFO - [2025-12-11T23:07:20.411+0000] {dagbag.py:545} INFO - Filling up the DagBag from /home/airflow/.local/lib/python3.9/site-packages/airflow/example_dags/example_setup_teardown_taskflow.py
[2025-12-11T23:07:20.426+0000] {processor.py:840} INFO - DAG(s) 'example_setup_teardown_taskflow' retrieved from /home/airflow/.local/lib/python3.9/site-packages/airflow/example_dags/example_setup_teardown_taskflow.py
[2025-12-11T23:07:20.467+0000] {logging_mixin.py:188} INFO - [2025-12-11T23:07:20.467+0000] {dag.py:3096} INFO - Sync 1 DAGs
[2025-12-11T23:07:20.506+0000] {logging_mixin.py:188} INFO - [2025-12-11T23:07:20.506+0000] {dag.py:3954} INFO - Setting next_dagrun for example_setup_teardown_taskflow to 2025-12-10 00:00:00+00:00, run_after=2025-12-11 00:00:00+00:00
[2025-12-11T23:07:20.796+0000] {processor.py:183} INFO - Processing /home/airflow/.local/lib/python3.9/site-packages/airflow/example_dags/example_setup_teardown_taskflow.py took 0.441 seconds
[2025-12-11T23:07:51.038+0000] {processor.py:161} INFO - Started process (PID=2154) to work on /home/airflow/.local/lib/python3.9/site-packages/airflow/example_dags/example_setup_teardown_taskflow.py
[2025-12-11T23:07:51.113+0000] {processor.py:830} INFO - Processing file /home/airflow/.local/lib/python3.9/site-packages/airflow/example_dags/example_setup_teardown_taskflow.py for tasks to queue
[2025-12-11T23:07:51.117+0000] {logging_mixin.py:188} INFO - [2025-12-11T23:07:51.116+0000] {dagbag.py:545} INFO - Filling up the DagBag from /home/airflow/.local/lib/python3.9/site-packages/airflow/example_dags/example_setup_teardown_taskflow.py
[2025-12-11T23:07:51.130+0000] {processor.py:840} INFO - DAG(s) 'example_setup_teardown_taskflow' retrieved from /home/airflow/.local/lib/python3.9/site-packages/airflow/example_dags/example_setup_teardown_taskflow.py
[2025-12-11T23:07:51.170+0000] {logging_mixin.py:188} INFO - [2025-12-11T23:07:51.169+0000] {dag.py:3096} INFO - Sync 1 DAGs
[2025-12-11T23:07:51.206+0000] {logging_mixin.py:188} INFO - [2025-12-11T23:07:51.206+0000] {dag.py:3954} INFO - Setting next_dagrun for example_setup_teardown_taskflow to 2025-12-10 00:00:00+00:00, run_after=2025-12-11 00:00:00+00:00
[2025-12-11T23:07:51.379+0000] {processor.py:183} INFO - Processing /home/airflow/.local/lib/python3.9/site-packages/airflow/example_dags/example_setup_teardown_taskflow.py took 0.354 seconds
[2025-12-11T23:08:23.037+0000] {processor.py:161} INFO - Started process (PID=2225) to work on /home/airflow/.local/lib/python3.9/site-packages/airflow/example_dags/example_setup_teardown_taskflow.py
[2025-12-11T23:08:23.056+0000] {processor.py:830} INFO - Processing file /home/airflow/.local/lib/python3.9/site-packages/airflow/example_dags/example_setup_teardown_taskflow.py for tasks to queue
[2025-12-11T23:08:23.060+0000] {logging_mixin.py:188} INFO - [2025-12-11T23:08:23.059+0000] {dagbag.py:545} INFO - Filling up the DagBag from /home/airflow/.local/lib/python3.9/site-packages/airflow/example_dags/example_setup_teardown_taskflow.py
[2025-12-11T23:08:23.099+0000] {processor.py:840} INFO - DAG(s) 'example_setup_teardown_taskflow' retrieved from /home/airflow/.local/lib/python3.9/site-packages/airflow/example_dags/example_setup_teardown_taskflow.py
[2025-12-11T23:08:23.174+0000] {logging_mixin.py:188} INFO - [2025-12-11T23:08:23.173+0000] {dag.py:3096} INFO - Sync 1 DAGs
[2025-12-11T23:08:23.241+0000] {logging_mixin.py:188} INFO - [2025-12-11T23:08:23.240+0000] {dag.py:3954} INFO - Setting next_dagrun for example_setup_teardown_taskflow to 2025-12-10 00:00:00+00:00, run_after=2025-12-11 00:00:00+00:00
[2025-12-11T23:08:23.359+0000] {processor.py:183} INFO - Processing /home/airflow/.local/lib/python3.9/site-packages/airflow/example_dags/example_setup_teardown_taskflow.py took 0.340 seconds
[2025-12-11T23:08:53.652+0000] {processor.py:161} INFO - Started process (PID=2292) to work on /home/airflow/.local/lib/python3.9/site-packages/airflow/example_dags/example_setup_teardown_taskflow.py
[2025-12-11T23:08:53.655+0000] {processor.py:830} INFO - Processing file /home/airflow/.local/lib/python3.9/site-packages/airflow/example_dags/example_setup_teardown_taskflow.py for tasks to queue
[2025-12-11T23:08:53.658+0000] {logging_mixin.py:188} INFO - [2025-12-11T23:08:53.657+0000] {dagbag.py:545} INFO - Filling up the DagBag from /home/airflow/.local/lib/python3.9/site-packages/airflow/example_dags/example_setup_teardown_taskflow.py
[2025-12-11T23:08:53.673+0000] {processor.py:840} INFO - DAG(s) 'example_setup_teardown_taskflow' retrieved from /home/airflow/.local/lib/python3.9/site-packages/airflow/example_dags/example_setup_teardown_taskflow.py
[2025-12-11T23:08:53.714+0000] {logging_mixin.py:188} INFO - [2025-12-11T23:08:53.713+0000] {dag.py:3096} INFO - Sync 1 DAGs
[2025-12-11T23:08:53.752+0000] {logging_mixin.py:188} INFO - [2025-12-11T23:08:53.751+0000] {dag.py:3954} INFO - Setting next_dagrun for example_setup_teardown_taskflow to 2025-12-10 00:00:00+00:00, run_after=2025-12-11 00:00:00+00:00
[2025-12-11T23:08:53.782+0000] {processor.py:183} INFO - Processing /home/airflow/.local/lib/python3.9/site-packages/airflow/example_dags/example_setup_teardown_taskflow.py took 0.141 seconds
[2025-12-11T23:09:24.165+0000] {processor.py:161} INFO - Started process (PID=2364) to work on /home/airflow/.local/lib/python3.9/site-packages/airflow/example_dags/example_setup_teardown_taskflow.py
[2025-12-11T23:09:24.167+0000] {processor.py:830} INFO - Processing file /home/airflow/.local/lib/python3.9/site-packages/airflow/example_dags/example_setup_teardown_taskflow.py for tasks to queue
[2025-12-11T23:09:24.169+0000] {logging_mixin.py:188} INFO - [2025-12-11T23:09:24.169+0000] {dagbag.py:545} INFO - Filling up the DagBag from /home/airflow/.local/lib/python3.9/site-packages/airflow/example_dags/example_setup_teardown_taskflow.py
[2025-12-11T23:09:24.183+0000] {processor.py:840} INFO - DAG(s) 'example_setup_teardown_taskflow' retrieved from /home/airflow/.local/lib/python3.9/site-packages/airflow/example_dags/example_setup_teardown_taskflow.py
[2025-12-11T23:09:24.225+0000] {logging_mixin.py:188} INFO - [2025-12-11T23:09:24.225+0000] {dag.py:3096} INFO - Sync 1 DAGs
[2025-12-11T23:09:24.265+0000] {logging_mixin.py:188} INFO - [2025-12-11T23:09:24.265+0000] {dag.py:3954} INFO - Setting next_dagrun for example_setup_teardown_taskflow to 2025-12-10 00:00:00+00:00, run_after=2025-12-11 00:00:00+00:00
[2025-12-11T23:09:24.291+0000] {processor.py:183} INFO - Processing /home/airflow/.local/lib/python3.9/site-packages/airflow/example_dags/example_setup_teardown_taskflow.py took 0.136 seconds
[2025-12-11T23:09:55.750+0000] {processor.py:161} INFO - Started process (PID=2434) to work on /home/airflow/.local/lib/python3.9/site-packages/airflow/example_dags/example_setup_teardown_taskflow.py
[2025-12-11T23:09:55.754+0000] {processor.py:830} INFO - Processing file /home/airflow/.local/lib/python3.9/site-packages/airflow/example_dags/example_setup_teardown_taskflow.py for tasks to queue
[2025-12-11T23:09:55.756+0000] {logging_mixin.py:188} INFO - [2025-12-11T23:09:55.756+0000] {dagbag.py:545} INFO - Filling up the DagBag from /home/airflow/.local/lib/python3.9/site-packages/airflow/example_dags/example_setup_teardown_taskflow.py
[2025-12-11T23:09:55.770+0000] {processor.py:840} INFO - DAG(s) 'example_setup_teardown_taskflow' retrieved from /home/airflow/.local/lib/python3.9/site-packages/airflow/example_dags/example_setup_teardown_taskflow.py
[2025-12-11T23:09:55.811+0000] {logging_mixin.py:188} INFO - [2025-12-11T23:09:55.811+0000] {dag.py:3096} INFO - Sync 1 DAGs
[2025-12-11T23:09:55.852+0000] {logging_mixin.py:188} INFO - [2025-12-11T23:09:55.852+0000] {dag.py:3954} INFO - Setting next_dagrun for example_setup_teardown_taskflow to 2025-12-10 00:00:00+00:00, run_after=2025-12-11 00:00:00+00:00
[2025-12-11T23:09:55.884+0000] {processor.py:183} INFO - Processing /home/airflow/.local/lib/python3.9/site-packages/airflow/example_dags/example_setup_teardown_taskflow.py took 0.146 seconds
[2025-12-11T23:10:26.313+0000] {processor.py:161} INFO - Started process (PID=2502) to work on /home/airflow/.local/lib/python3.9/site-packages/airflow/example_dags/example_setup_teardown_taskflow.py
[2025-12-11T23:10:26.315+0000] {processor.py:830} INFO - Processing file /home/airflow/.local/lib/python3.9/site-packages/airflow/example_dags/example_setup_teardown_taskflow.py for tasks to queue
[2025-12-11T23:10:26.318+0000] {logging_mixin.py:188} INFO - [2025-12-11T23:10:26.318+0000] {dagbag.py:545} INFO - Filling up the DagBag from /home/airflow/.local/lib/python3.9/site-packages/airflow/example_dags/example_setup_teardown_taskflow.py
[2025-12-11T23:10:26.332+0000] {processor.py:840} INFO - DAG(s) 'example_setup_teardown_taskflow' retrieved from /home/airflow/.local/lib/python3.9/site-packages/airflow/example_dags/example_setup_teardown_taskflow.py
[2025-12-11T23:10:26.372+0000] {logging_mixin.py:188} INFO - [2025-12-11T23:10:26.372+0000] {dag.py:3096} INFO - Sync 1 DAGs
[2025-12-11T23:10:26.409+0000] {logging_mixin.py:188} INFO - [2025-12-11T23:10:26.408+0000] {dag.py:3954} INFO - Setting next_dagrun for example_setup_teardown_taskflow to 2025-12-10 00:00:00+00:00, run_after=2025-12-11 00:00:00+00:00
[2025-12-11T23:10:26.441+0000] {processor.py:183} INFO - Processing /home/airflow/.local/lib/python3.9/site-packages/airflow/example_dags/example_setup_teardown_taskflow.py took 0.139 seconds
[2025-12-11T23:10:56.663+0000] {processor.py:161} INFO - Started process (PID=2572) to work on /home/airflow/.local/lib/python3.9/site-packages/airflow/example_dags/example_setup_teardown_taskflow.py
[2025-12-11T23:10:56.665+0000] {processor.py:830} INFO - Processing file /home/airflow/.local/lib/python3.9/site-packages/airflow/example_dags/example_setup_teardown_taskflow.py for tasks to queue
[2025-12-11T23:10:56.668+0000] {logging_mixin.py:188} INFO - [2025-12-11T23:10:56.668+0000] {dagbag.py:545} INFO - Filling up the DagBag from /home/airflow/.local/lib/python3.9/site-packages/airflow/example_dags/example_setup_teardown_taskflow.py
[2025-12-11T23:10:56.683+0000] {processor.py:840} INFO - DAG(s) 'example_setup_teardown_taskflow' retrieved from /home/airflow/.local/lib/python3.9/site-packages/airflow/example_dags/example_setup_teardown_taskflow.py
[2025-12-11T23:10:56.723+0000] {logging_mixin.py:188} INFO - [2025-12-11T23:10:56.722+0000] {dag.py:3096} INFO - Sync 1 DAGs
[2025-12-11T23:10:56.760+0000] {logging_mixin.py:188} INFO - [2025-12-11T23:10:56.760+0000] {dag.py:3954} INFO - Setting next_dagrun for example_setup_teardown_taskflow to 2025-12-10 00:00:00+00:00, run_after=2025-12-11 00:00:00+00:00
[2025-12-11T23:10:56.787+0000] {processor.py:183} INFO - Processing /home/airflow/.local/lib/python3.9/site-packages/airflow/example_dags/example_setup_teardown_taskflow.py took 0.136 seconds
[2025-12-11T23:11:27.828+0000] {processor.py:161} INFO - Started process (PID=2639) to work on /home/airflow/.local/lib/python3.9/site-packages/airflow/example_dags/example_setup_teardown_taskflow.py
[2025-12-11T23:11:27.856+0000] {processor.py:830} INFO - Processing file /home/airflow/.local/lib/python3.9/site-packages/airflow/example_dags/example_setup_teardown_taskflow.py for tasks to queue
[2025-12-11T23:11:27.860+0000] {logging_mixin.py:188} INFO - [2025-12-11T23:11:27.859+0000] {dagbag.py:545} INFO - Filling up the DagBag from /home/airflow/.local/lib/python3.9/site-packages/airflow/example_dags/example_setup_teardown_taskflow.py
[2025-12-11T23:11:27.873+0000] {processor.py:840} INFO - DAG(s) 'example_setup_teardown_taskflow' retrieved from /home/airflow/.local/lib/python3.9/site-packages/airflow/example_dags/example_setup_teardown_taskflow.py
[2025-12-11T23:11:27.913+0000] {logging_mixin.py:188} INFO - [2025-12-11T23:11:27.912+0000] {dag.py:3096} INFO - Sync 1 DAGs
[2025-12-11T23:11:27.958+0000] {logging_mixin.py:188} INFO - [2025-12-11T23:11:27.957+0000] {dag.py:3954} INFO - Setting next_dagrun for example_setup_teardown_taskflow to 2025-12-10 00:00:00+00:00, run_after=2025-12-11 00:00:00+00:00
[2025-12-11T23:11:28.282+0000] {processor.py:183} INFO - Processing /home/airflow/.local/lib/python3.9/site-packages/airflow/example_dags/example_setup_teardown_taskflow.py took 0.464 seconds
[2025-12-11T23:11:58.820+0000] {processor.py:161} INFO - Started process (PID=2706) to work on /home/airflow/.local/lib/python3.9/site-packages/airflow/example_dags/example_setup_teardown_taskflow.py
[2025-12-11T23:11:58.895+0000] {processor.py:830} INFO - Processing file /home/airflow/.local/lib/python3.9/site-packages/airflow/example_dags/example_setup_teardown_taskflow.py for tasks to queue
[2025-12-11T23:11:58.898+0000] {logging_mixin.py:188} INFO - [2025-12-11T23:11:58.898+0000] {dagbag.py:545} INFO - Filling up the DagBag from /home/airflow/.local/lib/python3.9/site-packages/airflow/example_dags/example_setup_teardown_taskflow.py
[2025-12-11T23:11:58.913+0000] {processor.py:840} INFO - DAG(s) 'example_setup_teardown_taskflow' retrieved from /home/airflow/.local/lib/python3.9/site-packages/airflow/example_dags/example_setup_teardown_taskflow.py
[2025-12-11T23:11:58.954+0000] {logging_mixin.py:188} INFO - [2025-12-11T23:11:58.953+0000] {dag.py:3096} INFO - Sync 1 DAGs
[2025-12-11T23:11:58.990+0000] {logging_mixin.py:188} INFO - [2025-12-11T23:11:58.989+0000] {dag.py:3954} INFO - Setting next_dagrun for example_setup_teardown_taskflow to 2025-12-10 00:00:00+00:00, run_after=2025-12-11 00:00:00+00:00
[2025-12-11T23:11:59.443+0000] {processor.py:183} INFO - Processing /home/airflow/.local/lib/python3.9/site-packages/airflow/example_dags/example_setup_teardown_taskflow.py took 0.634 seconds
[2025-12-11T23:12:30.876+0000] {processor.py:161} INFO - Started process (PID=2774) to work on /home/airflow/.local/lib/python3.9/site-packages/airflow/example_dags/example_setup_teardown_taskflow.py
[2025-12-11T23:12:31.058+0000] {processor.py:830} INFO - Processing file /home/airflow/.local/lib/python3.9/site-packages/airflow/example_dags/example_setup_teardown_taskflow.py for tasks to queue
[2025-12-11T23:12:31.062+0000] {logging_mixin.py:188} INFO - [2025-12-11T23:12:31.061+0000] {dagbag.py:545} INFO - Filling up the DagBag from /home/airflow/.local/lib/python3.9/site-packages/airflow/example_dags/example_setup_teardown_taskflow.py
[2025-12-11T23:12:31.077+0000] {processor.py:840} INFO - DAG(s) 'example_setup_teardown_taskflow' retrieved from /home/airflow/.local/lib/python3.9/site-packages/airflow/example_dags/example_setup_teardown_taskflow.py
[2025-12-11T23:12:31.130+0000] {logging_mixin.py:188} INFO - [2025-12-11T23:12:31.129+0000] {dag.py:3096} INFO - Sync 1 DAGs
[2025-12-11T23:12:31.167+0000] {logging_mixin.py:188} INFO - [2025-12-11T23:12:31.166+0000] {dag.py:3954} INFO - Setting next_dagrun for example_setup_teardown_taskflow to 2025-12-10 00:00:00+00:00, run_after=2025-12-11 00:00:00+00:00
[2025-12-11T23:12:31.417+0000] {processor.py:183} INFO - Processing /home/airflow/.local/lib/python3.9/site-packages/airflow/example_dags/example_setup_teardown_taskflow.py took 0.562 seconds
[2025-12-11T23:13:02.013+0000] {processor.py:161} INFO - Started process (PID=2841) to work on /home/airflow/.local/lib/python3.9/site-packages/airflow/example_dags/example_setup_teardown_taskflow.py
[2025-12-11T23:13:02.015+0000] {processor.py:830} INFO - Processing file /home/airflow/.local/lib/python3.9/site-packages/airflow/example_dags/example_setup_teardown_taskflow.py for tasks to queue
[2025-12-11T23:13:02.018+0000] {logging_mixin.py:188} INFO - [2025-12-11T23:13:02.017+0000] {dagbag.py:545} INFO - Filling up the DagBag from /home/airflow/.local/lib/python3.9/site-packages/airflow/example_dags/example_setup_teardown_taskflow.py
[2025-12-11T23:13:02.041+0000] {processor.py:840} INFO - DAG(s) 'example_setup_teardown_taskflow' retrieved from /home/airflow/.local/lib/python3.9/site-packages/airflow/example_dags/example_setup_teardown_taskflow.py
[2025-12-11T23:13:02.117+0000] {logging_mixin.py:188} INFO - [2025-12-11T23:13:02.117+0000] {dag.py:3096} INFO - Sync 1 DAGs
[2025-12-11T23:13:02.183+0000] {logging_mixin.py:188} INFO - [2025-12-11T23:13:02.183+0000] {dag.py:3954} INFO - Setting next_dagrun for example_setup_teardown_taskflow to 2025-12-10 00:00:00+00:00, run_after=2025-12-11 00:00:00+00:00
[2025-12-11T23:13:02.212+0000] {processor.py:183} INFO - Processing /home/airflow/.local/lib/python3.9/site-packages/airflow/example_dags/example_setup_teardown_taskflow.py took 0.219 seconds
[2025-12-11T23:13:32.826+0000] {processor.py:161} INFO - Started process (PID=2908) to work on /home/airflow/.local/lib/python3.9/site-packages/airflow/example_dags/example_setup_teardown_taskflow.py
[2025-12-11T23:13:32.832+0000] {processor.py:830} INFO - Processing file /home/airflow/.local/lib/python3.9/site-packages/airflow/example_dags/example_setup_teardown_taskflow.py for tasks to queue
[2025-12-11T23:13:32.835+0000] {logging_mixin.py:188} INFO - [2025-12-11T23:13:32.835+0000] {dagbag.py:545} INFO - Filling up the DagBag from /home/airflow/.local/lib/python3.9/site-packages/airflow/example_dags/example_setup_teardown_taskflow.py
[2025-12-11T23:13:32.850+0000] {processor.py:840} INFO - DAG(s) 'example_setup_teardown_taskflow' retrieved from /home/airflow/.local/lib/python3.9/site-packages/airflow/example_dags/example_setup_teardown_taskflow.py
[2025-12-11T23:13:32.892+0000] {logging_mixin.py:188} INFO - [2025-12-11T23:13:32.891+0000] {dag.py:3096} INFO - Sync 1 DAGs
[2025-12-11T23:13:32.932+0000] {logging_mixin.py:188} INFO - [2025-12-11T23:13:32.931+0000] {dag.py:3954} INFO - Setting next_dagrun for example_setup_teardown_taskflow to 2025-12-10 00:00:00+00:00, run_after=2025-12-11 00:00:00+00:00
[2025-12-11T23:13:32.960+0000] {processor.py:183} INFO - Processing /home/airflow/.local/lib/python3.9/site-packages/airflow/example_dags/example_setup_teardown_taskflow.py took 0.144 seconds
[2025-12-11T23:14:04.154+0000] {processor.py:161} INFO - Started process (PID=2982) to work on /home/airflow/.local/lib/python3.9/site-packages/airflow/example_dags/example_setup_teardown_taskflow.py
[2025-12-11T23:14:04.205+0000] {processor.py:830} INFO - Processing file /home/airflow/.local/lib/python3.9/site-packages/airflow/example_dags/example_setup_teardown_taskflow.py for tasks to queue
[2025-12-11T23:14:04.210+0000] {logging_mixin.py:188} INFO - [2025-12-11T23:14:04.209+0000] {dagbag.py:545} INFO - Filling up the DagBag from /home/airflow/.local/lib/python3.9/site-packages/airflow/example_dags/example_setup_teardown_taskflow.py
[2025-12-11T23:14:04.405+0000] {processor.py:840} INFO - DAG(s) 'example_setup_teardown_taskflow' retrieved from /home/airflow/.local/lib/python3.9/site-packages/airflow/example_dags/example_setup_teardown_taskflow.py
[2025-12-11T23:14:04.555+0000] {logging_mixin.py:188} INFO - [2025-12-11T23:14:04.554+0000] {dag.py:3096} INFO - Sync 1 DAGs
[2025-12-11T23:14:04.605+0000] {logging_mixin.py:188} INFO - [2025-12-11T23:14:04.605+0000] {dag.py:3954} INFO - Setting next_dagrun for example_setup_teardown_taskflow to 2025-12-10 00:00:00+00:00, run_after=2025-12-11 00:00:00+00:00
[2025-12-11T23:14:04.649+0000] {processor.py:183} INFO - Processing /home/airflow/.local/lib/python3.9/site-packages/airflow/example_dags/example_setup_teardown_taskflow.py took 0.519 seconds
[2025-12-11T23:14:35.293+0000] {processor.py:161} INFO - Started process (PID=3049) to work on /home/airflow/.local/lib/python3.9/site-packages/airflow/example_dags/example_setup_teardown_taskflow.py
[2025-12-11T23:14:35.392+0000] {processor.py:830} INFO - Processing file /home/airflow/.local/lib/python3.9/site-packages/airflow/example_dags/example_setup_teardown_taskflow.py for tasks to queue
[2025-12-11T23:14:35.397+0000] {logging_mixin.py:188} INFO - [2025-12-11T23:14:35.396+0000] {dagbag.py:545} INFO - Filling up the DagBag from /home/airflow/.local/lib/python3.9/site-packages/airflow/example_dags/example_setup_teardown_taskflow.py
[2025-12-11T23:14:35.450+0000] {processor.py:840} INFO - DAG(s) 'example_setup_teardown_taskflow' retrieved from /home/airflow/.local/lib/python3.9/site-packages/airflow/example_dags/example_setup_teardown_taskflow.py
[2025-12-11T23:14:35.634+0000] {logging_mixin.py:188} INFO - [2025-12-11T23:14:35.633+0000] {dag.py:3096} INFO - Sync 1 DAGs
[2025-12-11T23:14:35.715+0000] {logging_mixin.py:188} INFO - [2025-12-11T23:14:35.714+0000] {dag.py:3954} INFO - Setting next_dagrun for example_setup_teardown_taskflow to 2025-12-10 00:00:00+00:00, run_after=2025-12-11 00:00:00+00:00
[2025-12-11T23:14:35.833+0000] {processor.py:183} INFO - Processing /home/airflow/.local/lib/python3.9/site-packages/airflow/example_dags/example_setup_teardown_taskflow.py took 0.584 seconds
[2025-12-11T23:15:06.776+0000] {processor.py:161} INFO - Started process (PID=3117) to work on /home/airflow/.local/lib/python3.9/site-packages/airflow/example_dags/example_setup_teardown_taskflow.py
[2025-12-11T23:15:06.933+0000] {processor.py:830} INFO - Processing file /home/airflow/.local/lib/python3.9/site-packages/airflow/example_dags/example_setup_teardown_taskflow.py for tasks to queue
[2025-12-11T23:15:06.936+0000] {logging_mixin.py:188} INFO - [2025-12-11T23:15:06.935+0000] {dagbag.py:545} INFO - Filling up the DagBag from /home/airflow/.local/lib/python3.9/site-packages/airflow/example_dags/example_setup_teardown_taskflow.py
[2025-12-11T23:15:06.972+0000] {processor.py:840} INFO - DAG(s) 'example_setup_teardown_taskflow' retrieved from /home/airflow/.local/lib/python3.9/site-packages/airflow/example_dags/example_setup_teardown_taskflow.py
[2025-12-11T23:15:07.114+0000] {logging_mixin.py:188} INFO - [2025-12-11T23:15:07.114+0000] {dag.py:3096} INFO - Sync 1 DAGs
[2025-12-11T23:15:07.271+0000] {logging_mixin.py:188} INFO - [2025-12-11T23:15:07.270+0000] {dag.py:3954} INFO - Setting next_dagrun for example_setup_teardown_taskflow to 2025-12-10 00:00:00+00:00, run_after=2025-12-11 00:00:00+00:00
[2025-12-11T23:15:07.590+0000] {processor.py:183} INFO - Processing /home/airflow/.local/lib/python3.9/site-packages/airflow/example_dags/example_setup_teardown_taskflow.py took 0.838 seconds
[2025-12-11T23:15:37.999+0000] {processor.py:161} INFO - Started process (PID=3185) to work on /home/airflow/.local/lib/python3.9/site-packages/airflow/example_dags/example_setup_teardown_taskflow.py
[2025-12-11T23:15:38.009+0000] {processor.py:830} INFO - Processing file /home/airflow/.local/lib/python3.9/site-packages/airflow/example_dags/example_setup_teardown_taskflow.py for tasks to queue
[2025-12-11T23:15:38.014+0000] {logging_mixin.py:188} INFO - [2025-12-11T23:15:38.013+0000] {dagbag.py:545} INFO - Filling up the DagBag from /home/airflow/.local/lib/python3.9/site-packages/airflow/example_dags/example_setup_teardown_taskflow.py
[2025-12-11T23:15:38.071+0000] {processor.py:840} INFO - DAG(s) 'example_setup_teardown_taskflow' retrieved from /home/airflow/.local/lib/python3.9/site-packages/airflow/example_dags/example_setup_teardown_taskflow.py
[2025-12-11T23:15:38.176+0000] {logging_mixin.py:188} INFO - [2025-12-11T23:15:38.175+0000] {dag.py:3096} INFO - Sync 1 DAGs
[2025-12-11T23:15:38.290+0000] {logging_mixin.py:188} INFO - [2025-12-11T23:15:38.280+0000] {dag.py:3954} INFO - Setting next_dagrun for example_setup_teardown_taskflow to 2025-12-10 00:00:00+00:00, run_after=2025-12-11 00:00:00+00:00
[2025-12-11T23:15:38.497+0000] {processor.py:183} INFO - Processing /home/airflow/.local/lib/python3.9/site-packages/airflow/example_dags/example_setup_teardown_taskflow.py took 0.519 seconds
[2025-12-11T23:16:09.199+0000] {processor.py:161} INFO - Started process (PID=3252) to work on /home/airflow/.local/lib/python3.9/site-packages/airflow/example_dags/example_setup_teardown_taskflow.py
[2025-12-11T23:16:09.270+0000] {processor.py:830} INFO - Processing file /home/airflow/.local/lib/python3.9/site-packages/airflow/example_dags/example_setup_teardown_taskflow.py for tasks to queue
[2025-12-11T23:16:09.274+0000] {logging_mixin.py:188} INFO - [2025-12-11T23:16:09.273+0000] {dagbag.py:545} INFO - Filling up the DagBag from /home/airflow/.local/lib/python3.9/site-packages/airflow/example_dags/example_setup_teardown_taskflow.py
[2025-12-11T23:16:09.315+0000] {processor.py:840} INFO - DAG(s) 'example_setup_teardown_taskflow' retrieved from /home/airflow/.local/lib/python3.9/site-packages/airflow/example_dags/example_setup_teardown_taskflow.py
[2025-12-11T23:16:09.430+0000] {logging_mixin.py:188} INFO - [2025-12-11T23:16:09.429+0000] {dag.py:3096} INFO - Sync 1 DAGs
[2025-12-11T23:16:09.559+0000] {logging_mixin.py:188} INFO - [2025-12-11T23:16:09.558+0000] {dag.py:3954} INFO - Setting next_dagrun for example_setup_teardown_taskflow to 2025-12-10 00:00:00+00:00, run_after=2025-12-11 00:00:00+00:00
[2025-12-11T23:16:09.675+0000] {processor.py:183} INFO - Processing /home/airflow/.local/lib/python3.9/site-packages/airflow/example_dags/example_setup_teardown_taskflow.py took 0.502 seconds
[2025-12-11T23:16:40.380+0000] {processor.py:161} INFO - Started process (PID=3319) to work on /home/airflow/.local/lib/python3.9/site-packages/airflow/example_dags/example_setup_teardown_taskflow.py
[2025-12-11T23:16:40.400+0000] {processor.py:830} INFO - Processing file /home/airflow/.local/lib/python3.9/site-packages/airflow/example_dags/example_setup_teardown_taskflow.py for tasks to queue
[2025-12-11T23:16:40.404+0000] {logging_mixin.py:188} INFO - [2025-12-11T23:16:40.404+0000] {dagbag.py:545} INFO - Filling up the DagBag from /home/airflow/.local/lib/python3.9/site-packages/airflow/example_dags/example_setup_teardown_taskflow.py
[2025-12-11T23:16:40.427+0000] {processor.py:840} INFO - DAG(s) 'example_setup_teardown_taskflow' retrieved from /home/airflow/.local/lib/python3.9/site-packages/airflow/example_dags/example_setup_teardown_taskflow.py
[2025-12-11T23:16:40.483+0000] {logging_mixin.py:188} INFO - [2025-12-11T23:16:40.482+0000] {dag.py:3096} INFO - Sync 1 DAGs
[2025-12-11T23:16:40.535+0000] {logging_mixin.py:188} INFO - [2025-12-11T23:16:40.534+0000] {dag.py:3954} INFO - Setting next_dagrun for example_setup_teardown_taskflow to 2025-12-10 00:00:00+00:00, run_after=2025-12-11 00:00:00+00:00
[2025-12-11T23:16:40.582+0000] {processor.py:183} INFO - Processing /home/airflow/.local/lib/python3.9/site-packages/airflow/example_dags/example_setup_teardown_taskflow.py took 0.213 seconds
[2025-12-11T23:17:10.626+0000] {processor.py:161} INFO - Started process (PID=3386) to work on /home/airflow/.local/lib/python3.9/site-packages/airflow/example_dags/example_setup_teardown_taskflow.py
[2025-12-11T23:17:10.630+0000] {processor.py:830} INFO - Processing file /home/airflow/.local/lib/python3.9/site-packages/airflow/example_dags/example_setup_teardown_taskflow.py for tasks to queue
[2025-12-11T23:17:10.632+0000] {logging_mixin.py:188} INFO - [2025-12-11T23:17:10.632+0000] {dagbag.py:545} INFO - Filling up the DagBag from /home/airflow/.local/lib/python3.9/site-packages/airflow/example_dags/example_setup_teardown_taskflow.py
[2025-12-11T23:17:10.647+0000] {processor.py:840} INFO - DAG(s) 'example_setup_teardown_taskflow' retrieved from /home/airflow/.local/lib/python3.9/site-packages/airflow/example_dags/example_setup_teardown_taskflow.py
[2025-12-11T23:17:10.699+0000] {logging_mixin.py:188} INFO - [2025-12-11T23:17:10.699+0000] {dag.py:3096} INFO - Sync 1 DAGs
[2025-12-11T23:17:10.739+0000] {logging_mixin.py:188} INFO - [2025-12-11T23:17:10.738+0000] {dag.py:3954} INFO - Setting next_dagrun for example_setup_teardown_taskflow to 2025-12-10 00:00:00+00:00, run_after=2025-12-11 00:00:00+00:00
[2025-12-11T23:17:10.776+0000] {processor.py:183} INFO - Processing /home/airflow/.local/lib/python3.9/site-packages/airflow/example_dags/example_setup_teardown_taskflow.py took 0.162 seconds
[2025-12-11T23:17:40.824+0000] {processor.py:161} INFO - Started process (PID=3453) to work on /home/airflow/.local/lib/python3.9/site-packages/airflow/example_dags/example_setup_teardown_taskflow.py
[2025-12-11T23:17:40.826+0000] {processor.py:830} INFO - Processing file /home/airflow/.local/lib/python3.9/site-packages/airflow/example_dags/example_setup_teardown_taskflow.py for tasks to queue
[2025-12-11T23:17:40.829+0000] {logging_mixin.py:188} INFO - [2025-12-11T23:17:40.828+0000] {dagbag.py:545} INFO - Filling up the DagBag from /home/airflow/.local/lib/python3.9/site-packages/airflow/example_dags/example_setup_teardown_taskflow.py
[2025-12-11T23:17:40.843+0000] {processor.py:840} INFO - DAG(s) 'example_setup_teardown_taskflow' retrieved from /home/airflow/.local/lib/python3.9/site-packages/airflow/example_dags/example_setup_teardown_taskflow.py
[2025-12-11T23:17:40.882+0000] {logging_mixin.py:188} INFO - [2025-12-11T23:17:40.882+0000] {dag.py:3096} INFO - Sync 1 DAGs
[2025-12-11T23:17:40.920+0000] {logging_mixin.py:188} INFO - [2025-12-11T23:17:40.920+0000] {dag.py:3954} INFO - Setting next_dagrun for example_setup_teardown_taskflow to 2025-12-10 00:00:00+00:00, run_after=2025-12-11 00:00:00+00:00
[2025-12-11T23:17:40.949+0000] {processor.py:183} INFO - Processing /home/airflow/.local/lib/python3.9/site-packages/airflow/example_dags/example_setup_teardown_taskflow.py took 0.135 seconds
[2025-12-11T23:18:11.174+0000] {processor.py:161} INFO - Started process (PID=3520) to work on /home/airflow/.local/lib/python3.9/site-packages/airflow/example_dags/example_setup_teardown_taskflow.py
[2025-12-11T23:18:11.175+0000] {processor.py:830} INFO - Processing file /home/airflow/.local/lib/python3.9/site-packages/airflow/example_dags/example_setup_teardown_taskflow.py for tasks to queue
[2025-12-11T23:18:11.178+0000] {logging_mixin.py:188} INFO - [2025-12-11T23:18:11.177+0000] {dagbag.py:545} INFO - Filling up the DagBag from /home/airflow/.local/lib/python3.9/site-packages/airflow/example_dags/example_setup_teardown_taskflow.py
[2025-12-11T23:18:11.195+0000] {processor.py:840} INFO - DAG(s) 'example_setup_teardown_taskflow' retrieved from /home/airflow/.local/lib/python3.9/site-packages/airflow/example_dags/example_setup_teardown_taskflow.py
[2025-12-11T23:18:11.239+0000] {logging_mixin.py:188} INFO - [2025-12-11T23:18:11.239+0000] {dag.py:3096} INFO - Sync 1 DAGs
[2025-12-11T23:18:11.294+0000] {logging_mixin.py:188} INFO - [2025-12-11T23:18:11.294+0000] {dag.py:3954} INFO - Setting next_dagrun for example_setup_teardown_taskflow to 2025-12-10 00:00:00+00:00, run_after=2025-12-11 00:00:00+00:00
[2025-12-11T23:18:11.339+0000] {processor.py:183} INFO - Processing /home/airflow/.local/lib/python3.9/site-packages/airflow/example_dags/example_setup_teardown_taskflow.py took 0.176 seconds
[2025-12-11T23:18:41.772+0000] {processor.py:161} INFO - Started process (PID=3587) to work on /home/airflow/.local/lib/python3.9/site-packages/airflow/example_dags/example_setup_teardown_taskflow.py
[2025-12-11T23:18:41.774+0000] {processor.py:830} INFO - Processing file /home/airflow/.local/lib/python3.9/site-packages/airflow/example_dags/example_setup_teardown_taskflow.py for tasks to queue
[2025-12-11T23:18:41.777+0000] {logging_mixin.py:188} INFO - [2025-12-11T23:18:41.776+0000] {dagbag.py:545} INFO - Filling up the DagBag from /home/airflow/.local/lib/python3.9/site-packages/airflow/example_dags/example_setup_teardown_taskflow.py
[2025-12-11T23:18:41.794+0000] {processor.py:840} INFO - DAG(s) 'example_setup_teardown_taskflow' retrieved from /home/airflow/.local/lib/python3.9/site-packages/airflow/example_dags/example_setup_teardown_taskflow.py
[2025-12-11T23:18:41.851+0000] {logging_mixin.py:188} INFO - [2025-12-11T23:18:41.851+0000] {dag.py:3096} INFO - Sync 1 DAGs
[2025-12-11T23:18:41.907+0000] {logging_mixin.py:188} INFO - [2025-12-11T23:18:41.906+0000] {dag.py:3954} INFO - Setting next_dagrun for example_setup_teardown_taskflow to 2025-12-10 00:00:00+00:00, run_after=2025-12-11 00:00:00+00:00
[2025-12-11T23:18:41.953+0000] {processor.py:183} INFO - Processing /home/airflow/.local/lib/python3.9/site-packages/airflow/example_dags/example_setup_teardown_taskflow.py took 0.193 seconds
[2025-12-11T23:19:12.699+0000] {processor.py:161} INFO - Started process (PID=3653) to work on /home/airflow/.local/lib/python3.9/site-packages/airflow/example_dags/example_setup_teardown_taskflow.py
[2025-12-11T23:19:12.701+0000] {processor.py:830} INFO - Processing file /home/airflow/.local/lib/python3.9/site-packages/airflow/example_dags/example_setup_teardown_taskflow.py for tasks to queue
[2025-12-11T23:19:12.711+0000] {logging_mixin.py:188} INFO - [2025-12-11T23:19:12.710+0000] {dagbag.py:545} INFO - Filling up the DagBag from /home/airflow/.local/lib/python3.9/site-packages/airflow/example_dags/example_setup_teardown_taskflow.py
[2025-12-11T23:19:12.725+0000] {processor.py:840} INFO - DAG(s) 'example_setup_teardown_taskflow' retrieved from /home/airflow/.local/lib/python3.9/site-packages/airflow/example_dags/example_setup_teardown_taskflow.py
[2025-12-11T23:19:12.763+0000] {logging_mixin.py:188} INFO - [2025-12-11T23:19:12.762+0000] {dag.py:3096} INFO - Sync 1 DAGs
[2025-12-11T23:19:12.799+0000] {logging_mixin.py:188} INFO - [2025-12-11T23:19:12.799+0000] {dag.py:3954} INFO - Setting next_dagrun for example_setup_teardown_taskflow to 2025-12-10 00:00:00+00:00, run_after=2025-12-11 00:00:00+00:00
[2025-12-11T23:19:12.826+0000] {processor.py:183} INFO - Processing /home/airflow/.local/lib/python3.9/site-packages/airflow/example_dags/example_setup_teardown_taskflow.py took 0.145 seconds
[2025-12-11T23:19:43.081+0000] {processor.py:161} INFO - Started process (PID=3720) to work on /home/airflow/.local/lib/python3.9/site-packages/airflow/example_dags/example_setup_teardown_taskflow.py
[2025-12-11T23:19:43.097+0000] {processor.py:830} INFO - Processing file /home/airflow/.local/lib/python3.9/site-packages/airflow/example_dags/example_setup_teardown_taskflow.py for tasks to queue
[2025-12-11T23:19:43.100+0000] {logging_mixin.py:188} INFO - [2025-12-11T23:19:43.100+0000] {dagbag.py:545} INFO - Filling up the DagBag from /home/airflow/.local/lib/python3.9/site-packages/airflow/example_dags/example_setup_teardown_taskflow.py
[2025-12-11T23:19:43.117+0000] {processor.py:840} INFO - DAG(s) 'example_setup_teardown_taskflow' retrieved from /home/airflow/.local/lib/python3.9/site-packages/airflow/example_dags/example_setup_teardown_taskflow.py
[2025-12-11T23:19:43.175+0000] {logging_mixin.py:188} INFO - [2025-12-11T23:19:43.174+0000] {dag.py:3096} INFO - Sync 1 DAGs
[2025-12-11T23:19:43.213+0000] {logging_mixin.py:188} INFO - [2025-12-11T23:19:43.212+0000] {dag.py:3954} INFO - Setting next_dagrun for example_setup_teardown_taskflow to 2025-12-10 00:00:00+00:00, run_after=2025-12-11 00:00:00+00:00
[2025-12-11T23:19:43.251+0000] {processor.py:183} INFO - Processing /home/airflow/.local/lib/python3.9/site-packages/airflow/example_dags/example_setup_teardown_taskflow.py took 0.181 seconds
[2025-12-11T23:20:13.903+0000] {processor.py:161} INFO - Started process (PID=3787) to work on /home/airflow/.local/lib/python3.9/site-packages/airflow/example_dags/example_setup_teardown_taskflow.py
[2025-12-11T23:20:13.922+0000] {processor.py:830} INFO - Processing file /home/airflow/.local/lib/python3.9/site-packages/airflow/example_dags/example_setup_teardown_taskflow.py for tasks to queue
[2025-12-11T23:20:13.925+0000] {logging_mixin.py:188} INFO - [2025-12-11T23:20:13.924+0000] {dagbag.py:545} INFO - Filling up the DagBag from /home/airflow/.local/lib/python3.9/site-packages/airflow/example_dags/example_setup_teardown_taskflow.py
[2025-12-11T23:20:13.937+0000] {processor.py:840} INFO - DAG(s) 'example_setup_teardown_taskflow' retrieved from /home/airflow/.local/lib/python3.9/site-packages/airflow/example_dags/example_setup_teardown_taskflow.py
[2025-12-11T23:20:13.974+0000] {logging_mixin.py:188} INFO - [2025-12-11T23:20:13.973+0000] {dag.py:3096} INFO - Sync 1 DAGs
[2025-12-11T23:20:14.006+0000] {logging_mixin.py:188} INFO - [2025-12-11T23:20:14.005+0000] {dag.py:3954} INFO - Setting next_dagrun for example_setup_teardown_taskflow to 2025-12-10 00:00:00+00:00, run_after=2025-12-11 00:00:00+00:00
[2025-12-11T23:20:14.050+0000] {processor.py:183} INFO - Processing /home/airflow/.local/lib/python3.9/site-packages/airflow/example_dags/example_setup_teardown_taskflow.py took 0.156 seconds
[2025-12-11T23:20:44.738+0000] {processor.py:161} INFO - Started process (PID=3854) to work on /home/airflow/.local/lib/python3.9/site-packages/airflow/example_dags/example_setup_teardown_taskflow.py
[2025-12-11T23:20:44.775+0000] {processor.py:830} INFO - Processing file /home/airflow/.local/lib/python3.9/site-packages/airflow/example_dags/example_setup_teardown_taskflow.py for tasks to queue
[2025-12-11T23:20:44.779+0000] {logging_mixin.py:188} INFO - [2025-12-11T23:20:44.778+0000] {dagbag.py:545} INFO - Filling up the DagBag from /home/airflow/.local/lib/python3.9/site-packages/airflow/example_dags/example_setup_teardown_taskflow.py
[2025-12-11T23:20:44.814+0000] {processor.py:840} INFO - DAG(s) 'example_setup_teardown_taskflow' retrieved from /home/airflow/.local/lib/python3.9/site-packages/airflow/example_dags/example_setup_teardown_taskflow.py
[2025-12-11T23:20:44.881+0000] {logging_mixin.py:188} INFO - [2025-12-11T23:20:44.881+0000] {dag.py:3096} INFO - Sync 1 DAGs
[2025-12-11T23:20:44.965+0000] {logging_mixin.py:188} INFO - [2025-12-11T23:20:44.964+0000] {dag.py:3954} INFO - Setting next_dagrun for example_setup_teardown_taskflow to 2025-12-10 00:00:00+00:00, run_after=2025-12-11 00:00:00+00:00
[2025-12-11T23:20:45.120+0000] {processor.py:183} INFO - Processing /home/airflow/.local/lib/python3.9/site-packages/airflow/example_dags/example_setup_teardown_taskflow.py took 0.411 seconds
[2025-12-11T23:21:16.181+0000] {processor.py:161} INFO - Started process (PID=3922) to work on /home/airflow/.local/lib/python3.9/site-packages/airflow/example_dags/example_setup_teardown_taskflow.py
[2025-12-11T23:21:16.191+0000] {processor.py:830} INFO - Processing file /home/airflow/.local/lib/python3.9/site-packages/airflow/example_dags/example_setup_teardown_taskflow.py for tasks to queue
[2025-12-11T23:21:16.194+0000] {logging_mixin.py:188} INFO - [2025-12-11T23:21:16.193+0000] {dagbag.py:545} INFO - Filling up the DagBag from /home/airflow/.local/lib/python3.9/site-packages/airflow/example_dags/example_setup_teardown_taskflow.py
[2025-12-11T23:21:16.216+0000] {processor.py:840} INFO - DAG(s) 'example_setup_teardown_taskflow' retrieved from /home/airflow/.local/lib/python3.9/site-packages/airflow/example_dags/example_setup_teardown_taskflow.py
[2025-12-11T23:21:16.275+0000] {logging_mixin.py:188} INFO - [2025-12-11T23:21:16.274+0000] {dag.py:3096} INFO - Sync 1 DAGs
[2025-12-11T23:21:16.350+0000] {logging_mixin.py:188} INFO - [2025-12-11T23:21:16.350+0000] {dag.py:3954} INFO - Setting next_dagrun for example_setup_teardown_taskflow to 2025-12-10 00:00:00+00:00, run_after=2025-12-11 00:00:00+00:00
[2025-12-11T23:21:16.410+0000] {processor.py:183} INFO - Processing /home/airflow/.local/lib/python3.9/site-packages/airflow/example_dags/example_setup_teardown_taskflow.py took 0.240 seconds
[2025-12-11T23:21:46.714+0000] {processor.py:161} INFO - Started process (PID=3989) to work on /home/airflow/.local/lib/python3.9/site-packages/airflow/example_dags/example_setup_teardown_taskflow.py
[2025-12-11T23:21:46.716+0000] {processor.py:830} INFO - Processing file /home/airflow/.local/lib/python3.9/site-packages/airflow/example_dags/example_setup_teardown_taskflow.py for tasks to queue
[2025-12-11T23:21:46.719+0000] {logging_mixin.py:188} INFO - [2025-12-11T23:21:46.718+0000] {dagbag.py:545} INFO - Filling up the DagBag from /home/airflow/.local/lib/python3.9/site-packages/airflow/example_dags/example_setup_teardown_taskflow.py
[2025-12-11T23:21:46.733+0000] {processor.py:840} INFO - DAG(s) 'example_setup_teardown_taskflow' retrieved from /home/airflow/.local/lib/python3.9/site-packages/airflow/example_dags/example_setup_teardown_taskflow.py
[2025-12-11T23:21:46.779+0000] {logging_mixin.py:188} INFO - [2025-12-11T23:21:46.779+0000] {dag.py:3096} INFO - Sync 1 DAGs
[2025-12-11T23:21:46.851+0000] {logging_mixin.py:188} INFO - [2025-12-11T23:21:46.851+0000] {dag.py:3954} INFO - Setting next_dagrun for example_setup_teardown_taskflow to 2025-12-10 00:00:00+00:00, run_after=2025-12-11 00:00:00+00:00
[2025-12-11T23:21:46.898+0000] {processor.py:183} INFO - Processing /home/airflow/.local/lib/python3.9/site-packages/airflow/example_dags/example_setup_teardown_taskflow.py took 0.194 seconds
[2025-12-11T23:22:17.940+0000] {processor.py:161} INFO - Started process (PID=4056) to work on /home/airflow/.local/lib/python3.9/site-packages/airflow/example_dags/example_setup_teardown_taskflow.py
[2025-12-11T23:22:17.991+0000] {processor.py:830} INFO - Processing file /home/airflow/.local/lib/python3.9/site-packages/airflow/example_dags/example_setup_teardown_taskflow.py for tasks to queue
[2025-12-11T23:22:17.994+0000] {logging_mixin.py:188} INFO - [2025-12-11T23:22:17.994+0000] {dagbag.py:545} INFO - Filling up the DagBag from /home/airflow/.local/lib/python3.9/site-packages/airflow/example_dags/example_setup_teardown_taskflow.py
[2025-12-11T23:22:18.014+0000] {processor.py:840} INFO - DAG(s) 'example_setup_teardown_taskflow' retrieved from /home/airflow/.local/lib/python3.9/site-packages/airflow/example_dags/example_setup_teardown_taskflow.py
[2025-12-11T23:22:18.060+0000] {logging_mixin.py:188} INFO - [2025-12-11T23:22:18.059+0000] {dag.py:3096} INFO - Sync 1 DAGs
[2025-12-11T23:22:18.101+0000] {logging_mixin.py:188} INFO - [2025-12-11T23:22:18.101+0000] {dag.py:3954} INFO - Setting next_dagrun for example_setup_teardown_taskflow to 2025-12-10 00:00:00+00:00, run_after=2025-12-11 00:00:00+00:00
[2025-12-11T23:22:18.462+0000] {processor.py:183} INFO - Processing /home/airflow/.local/lib/python3.9/site-packages/airflow/example_dags/example_setup_teardown_taskflow.py took 0.534 seconds
[2025-12-11T23:22:49.192+0000] {processor.py:161} INFO - Started process (PID=4123) to work on /home/airflow/.local/lib/python3.9/site-packages/airflow/example_dags/example_setup_teardown_taskflow.py
[2025-12-11T23:22:49.194+0000] {processor.py:830} INFO - Processing file /home/airflow/.local/lib/python3.9/site-packages/airflow/example_dags/example_setup_teardown_taskflow.py for tasks to queue
[2025-12-11T23:22:49.196+0000] {logging_mixin.py:188} INFO - [2025-12-11T23:22:49.196+0000] {dagbag.py:545} INFO - Filling up the DagBag from /home/airflow/.local/lib/python3.9/site-packages/airflow/example_dags/example_setup_teardown_taskflow.py
[2025-12-11T23:22:49.211+0000] {processor.py:840} INFO - DAG(s) 'example_setup_teardown_taskflow' retrieved from /home/airflow/.local/lib/python3.9/site-packages/airflow/example_dags/example_setup_teardown_taskflow.py
[2025-12-11T23:22:49.257+0000] {logging_mixin.py:188} INFO - [2025-12-11T23:22:49.256+0000] {dag.py:3096} INFO - Sync 1 DAGs
[2025-12-11T23:22:49.296+0000] {logging_mixin.py:188} INFO - [2025-12-11T23:22:49.296+0000] {dag.py:3954} INFO - Setting next_dagrun for example_setup_teardown_taskflow to 2025-12-10 00:00:00+00:00, run_after=2025-12-11 00:00:00+00:00
[2025-12-11T23:22:49.322+0000] {processor.py:183} INFO - Processing /home/airflow/.local/lib/python3.9/site-packages/airflow/example_dags/example_setup_teardown_taskflow.py took 0.140 seconds
[2025-12-11T23:23:19.888+0000] {processor.py:161} INFO - Started process (PID=4190) to work on /home/airflow/.local/lib/python3.9/site-packages/airflow/example_dags/example_setup_teardown_taskflow.py
[2025-12-11T23:23:19.889+0000] {processor.py:830} INFO - Processing file /home/airflow/.local/lib/python3.9/site-packages/airflow/example_dags/example_setup_teardown_taskflow.py for tasks to queue
[2025-12-11T23:23:19.891+0000] {logging_mixin.py:188} INFO - [2025-12-11T23:23:19.891+0000] {dagbag.py:545} INFO - Filling up the DagBag from /home/airflow/.local/lib/python3.9/site-packages/airflow/example_dags/example_setup_teardown_taskflow.py
[2025-12-11T23:23:19.911+0000] {processor.py:840} INFO - DAG(s) 'example_setup_teardown_taskflow' retrieved from /home/airflow/.local/lib/python3.9/site-packages/airflow/example_dags/example_setup_teardown_taskflow.py
[2025-12-11T23:23:19.971+0000] {logging_mixin.py:188} INFO - [2025-12-11T23:23:19.970+0000] {dag.py:3096} INFO - Sync 1 DAGs
[2025-12-11T23:23:20.059+0000] {logging_mixin.py:188} INFO - [2025-12-11T23:23:20.058+0000] {dag.py:3954} INFO - Setting next_dagrun for example_setup_teardown_taskflow to 2025-12-10 00:00:00+00:00, run_after=2025-12-11 00:00:00+00:00
[2025-12-11T23:23:20.112+0000] {processor.py:183} INFO - Processing /home/airflow/.local/lib/python3.9/site-packages/airflow/example_dags/example_setup_teardown_taskflow.py took 0.234 seconds
[2025-12-11T23:23:50.299+0000] {processor.py:161} INFO - Started process (PID=4257) to work on /home/airflow/.local/lib/python3.9/site-packages/airflow/example_dags/example_setup_teardown_taskflow.py
[2025-12-11T23:23:50.301+0000] {processor.py:830} INFO - Processing file /home/airflow/.local/lib/python3.9/site-packages/airflow/example_dags/example_setup_teardown_taskflow.py for tasks to queue
[2025-12-11T23:23:50.304+0000] {logging_mixin.py:188} INFO - [2025-12-11T23:23:50.303+0000] {dagbag.py:545} INFO - Filling up the DagBag from /home/airflow/.local/lib/python3.9/site-packages/airflow/example_dags/example_setup_teardown_taskflow.py
[2025-12-11T23:23:50.321+0000] {processor.py:840} INFO - DAG(s) 'example_setup_teardown_taskflow' retrieved from /home/airflow/.local/lib/python3.9/site-packages/airflow/example_dags/example_setup_teardown_taskflow.py
[2025-12-11T23:23:50.363+0000] {logging_mixin.py:188} INFO - [2025-12-11T23:23:50.363+0000] {dag.py:3096} INFO - Sync 1 DAGs
[2025-12-11T23:23:50.399+0000] {logging_mixin.py:188} INFO - [2025-12-11T23:23:50.398+0000] {dag.py:3954} INFO - Setting next_dagrun for example_setup_teardown_taskflow to 2025-12-10 00:00:00+00:00, run_after=2025-12-11 00:00:00+00:00
[2025-12-11T23:23:50.635+0000] {processor.py:183} INFO - Processing /home/airflow/.local/lib/python3.9/site-packages/airflow/example_dags/example_setup_teardown_taskflow.py took 0.347 seconds
[2025-12-11T23:24:21.382+0000] {processor.py:161} INFO - Started process (PID=4323) to work on /home/airflow/.local/lib/python3.9/site-packages/airflow/example_dags/example_setup_teardown_taskflow.py
[2025-12-11T23:24:21.383+0000] {processor.py:830} INFO - Processing file /home/airflow/.local/lib/python3.9/site-packages/airflow/example_dags/example_setup_teardown_taskflow.py for tasks to queue
[2025-12-11T23:24:21.386+0000] {logging_mixin.py:188} INFO - [2025-12-11T23:24:21.386+0000] {dagbag.py:545} INFO - Filling up the DagBag from /home/airflow/.local/lib/python3.9/site-packages/airflow/example_dags/example_setup_teardown_taskflow.py
[2025-12-11T23:24:21.400+0000] {processor.py:840} INFO - DAG(s) 'example_setup_teardown_taskflow' retrieved from /home/airflow/.local/lib/python3.9/site-packages/airflow/example_dags/example_setup_teardown_taskflow.py
[2025-12-11T23:24:21.444+0000] {logging_mixin.py:188} INFO - [2025-12-11T23:24:21.443+0000] {dag.py:3096} INFO - Sync 1 DAGs
[2025-12-11T23:24:21.486+0000] {logging_mixin.py:188} INFO - [2025-12-11T23:24:21.486+0000] {dag.py:3954} INFO - Setting next_dagrun for example_setup_teardown_taskflow to 2025-12-10 00:00:00+00:00, run_after=2025-12-11 00:00:00+00:00
[2025-12-11T23:24:21.517+0000] {processor.py:183} INFO - Processing /home/airflow/.local/lib/python3.9/site-packages/airflow/example_dags/example_setup_teardown_taskflow.py took 0.146 seconds
[2025-12-11T23:24:52.180+0000] {processor.py:161} INFO - Started process (PID=4390) to work on /home/airflow/.local/lib/python3.9/site-packages/airflow/example_dags/example_setup_teardown_taskflow.py
[2025-12-11T23:24:52.190+0000] {processor.py:830} INFO - Processing file /home/airflow/.local/lib/python3.9/site-packages/airflow/example_dags/example_setup_teardown_taskflow.py for tasks to queue
[2025-12-11T23:24:52.193+0000] {logging_mixin.py:188} INFO - [2025-12-11T23:24:52.192+0000] {dagbag.py:545} INFO - Filling up the DagBag from /home/airflow/.local/lib/python3.9/site-packages/airflow/example_dags/example_setup_teardown_taskflow.py
[2025-12-11T23:24:52.207+0000] {processor.py:840} INFO - DAG(s) 'example_setup_teardown_taskflow' retrieved from /home/airflow/.local/lib/python3.9/site-packages/airflow/example_dags/example_setup_teardown_taskflow.py
[2025-12-11T23:24:52.246+0000] {logging_mixin.py:188} INFO - [2025-12-11T23:24:52.245+0000] {dag.py:3096} INFO - Sync 1 DAGs
[2025-12-11T23:24:52.284+0000] {logging_mixin.py:188} INFO - [2025-12-11T23:24:52.283+0000] {dag.py:3954} INFO - Setting next_dagrun for example_setup_teardown_taskflow to 2025-12-10 00:00:00+00:00, run_after=2025-12-11 00:00:00+00:00
[2025-12-11T23:24:52.315+0000] {processor.py:183} INFO - Processing /home/airflow/.local/lib/python3.9/site-packages/airflow/example_dags/example_setup_teardown_taskflow.py took 0.146 seconds
[2025-12-11T23:25:22.683+0000] {processor.py:161} INFO - Started process (PID=4457) to work on /home/airflow/.local/lib/python3.9/site-packages/airflow/example_dags/example_setup_teardown_taskflow.py
[2025-12-11T23:25:22.684+0000] {processor.py:830} INFO - Processing file /home/airflow/.local/lib/python3.9/site-packages/airflow/example_dags/example_setup_teardown_taskflow.py for tasks to queue
[2025-12-11T23:25:22.687+0000] {logging_mixin.py:188} INFO - [2025-12-11T23:25:22.686+0000] {dagbag.py:545} INFO - Filling up the DagBag from /home/airflow/.local/lib/python3.9/site-packages/airflow/example_dags/example_setup_teardown_taskflow.py
[2025-12-11T23:25:22.701+0000] {processor.py:840} INFO - DAG(s) 'example_setup_teardown_taskflow' retrieved from /home/airflow/.local/lib/python3.9/site-packages/airflow/example_dags/example_setup_teardown_taskflow.py
[2025-12-11T23:25:22.740+0000] {logging_mixin.py:188} INFO - [2025-12-11T23:25:22.740+0000] {dag.py:3096} INFO - Sync 1 DAGs
[2025-12-11T23:25:22.773+0000] {logging_mixin.py:188} INFO - [2025-12-11T23:25:22.773+0000] {dag.py:3954} INFO - Setting next_dagrun for example_setup_teardown_taskflow to 2025-12-10 00:00:00+00:00, run_after=2025-12-11 00:00:00+00:00
[2025-12-11T23:25:22.797+0000] {processor.py:183} INFO - Processing /home/airflow/.local/lib/python3.9/site-packages/airflow/example_dags/example_setup_teardown_taskflow.py took 0.124 seconds
[2025-12-11T23:25:53.227+0000] {processor.py:161} INFO - Started process (PID=4524) to work on /home/airflow/.local/lib/python3.9/site-packages/airflow/example_dags/example_setup_teardown_taskflow.py
[2025-12-11T23:25:53.230+0000] {processor.py:830} INFO - Processing file /home/airflow/.local/lib/python3.9/site-packages/airflow/example_dags/example_setup_teardown_taskflow.py for tasks to queue
[2025-12-11T23:25:53.233+0000] {logging_mixin.py:188} INFO - [2025-12-11T23:25:53.232+0000] {dagbag.py:545} INFO - Filling up the DagBag from /home/airflow/.local/lib/python3.9/site-packages/airflow/example_dags/example_setup_teardown_taskflow.py
[2025-12-11T23:25:53.256+0000] {processor.py:840} INFO - DAG(s) 'example_setup_teardown_taskflow' retrieved from /home/airflow/.local/lib/python3.9/site-packages/airflow/example_dags/example_setup_teardown_taskflow.py
[2025-12-11T23:25:53.339+0000] {logging_mixin.py:188} INFO - [2025-12-11T23:25:53.338+0000] {dag.py:3096} INFO - Sync 1 DAGs
[2025-12-11T23:25:53.423+0000] {logging_mixin.py:188} INFO - [2025-12-11T23:25:53.422+0000] {dag.py:3954} INFO - Setting next_dagrun for example_setup_teardown_taskflow to 2025-12-10 00:00:00+00:00, run_after=2025-12-11 00:00:00+00:00
[2025-12-11T23:25:53.494+0000] {processor.py:183} INFO - Processing /home/airflow/.local/lib/python3.9/site-packages/airflow/example_dags/example_setup_teardown_taskflow.py took 0.277 seconds
[2025-12-11T23:26:23.749+0000] {processor.py:161} INFO - Started process (PID=4595) to work on /home/airflow/.local/lib/python3.9/site-packages/airflow/example_dags/example_setup_teardown_taskflow.py
[2025-12-11T23:26:23.751+0000] {processor.py:830} INFO - Processing file /home/airflow/.local/lib/python3.9/site-packages/airflow/example_dags/example_setup_teardown_taskflow.py for tasks to queue
[2025-12-11T23:26:23.754+0000] {logging_mixin.py:188} INFO - [2025-12-11T23:26:23.753+0000] {dagbag.py:545} INFO - Filling up the DagBag from /home/airflow/.local/lib/python3.9/site-packages/airflow/example_dags/example_setup_teardown_taskflow.py
[2025-12-11T23:26:23.811+0000] {processor.py:840} INFO - DAG(s) 'example_setup_teardown_taskflow' retrieved from /home/airflow/.local/lib/python3.9/site-packages/airflow/example_dags/example_setup_teardown_taskflow.py
[2025-12-11T23:26:23.932+0000] {logging_mixin.py:188} INFO - [2025-12-11T23:26:23.931+0000] {dag.py:3096} INFO - Sync 1 DAGs
[2025-12-11T23:26:24.091+0000] {logging_mixin.py:188} INFO - [2025-12-11T23:26:24.090+0000] {dag.py:3954} INFO - Setting next_dagrun for example_setup_teardown_taskflow to 2025-12-10 00:00:00+00:00, run_after=2025-12-11 00:00:00+00:00
[2025-12-11T23:26:24.229+0000] {processor.py:183} INFO - Processing /home/airflow/.local/lib/python3.9/site-packages/airflow/example_dags/example_setup_teardown_taskflow.py took 0.520 seconds
[2025-12-11T23:26:54.423+0000] {processor.py:161} INFO - Started process (PID=4662) to work on /home/airflow/.local/lib/python3.9/site-packages/airflow/example_dags/example_setup_teardown_taskflow.py
[2025-12-11T23:26:54.425+0000] {processor.py:830} INFO - Processing file /home/airflow/.local/lib/python3.9/site-packages/airflow/example_dags/example_setup_teardown_taskflow.py for tasks to queue
[2025-12-11T23:26:54.428+0000] {logging_mixin.py:188} INFO - [2025-12-11T23:26:54.427+0000] {dagbag.py:545} INFO - Filling up the DagBag from /home/airflow/.local/lib/python3.9/site-packages/airflow/example_dags/example_setup_teardown_taskflow.py
[2025-12-11T23:26:54.442+0000] {processor.py:840} INFO - DAG(s) 'example_setup_teardown_taskflow' retrieved from /home/airflow/.local/lib/python3.9/site-packages/airflow/example_dags/example_setup_teardown_taskflow.py
[2025-12-11T23:26:54.481+0000] {logging_mixin.py:188} INFO - [2025-12-11T23:26:54.481+0000] {dag.py:3096} INFO - Sync 1 DAGs
[2025-12-11T23:26:54.534+0000] {logging_mixin.py:188} INFO - [2025-12-11T23:26:54.534+0000] {dag.py:3954} INFO - Setting next_dagrun for example_setup_teardown_taskflow to 2025-12-10 00:00:00+00:00, run_after=2025-12-11 00:00:00+00:00
[2025-12-11T23:26:54.582+0000] {processor.py:183} INFO - Processing /home/airflow/.local/lib/python3.9/site-packages/airflow/example_dags/example_setup_teardown_taskflow.py took 0.170 seconds
[2025-12-11T23:27:25.199+0000] {processor.py:161} INFO - Started process (PID=4729) to work on /home/airflow/.local/lib/python3.9/site-packages/airflow/example_dags/example_setup_teardown_taskflow.py
[2025-12-11T23:27:25.208+0000] {processor.py:830} INFO - Processing file /home/airflow/.local/lib/python3.9/site-packages/airflow/example_dags/example_setup_teardown_taskflow.py for tasks to queue
[2025-12-11T23:27:25.212+0000] {logging_mixin.py:188} INFO - [2025-12-11T23:27:25.211+0000] {dagbag.py:545} INFO - Filling up the DagBag from /home/airflow/.local/lib/python3.9/site-packages/airflow/example_dags/example_setup_teardown_taskflow.py
[2025-12-11T23:27:25.231+0000] {processor.py:840} INFO - DAG(s) 'example_setup_teardown_taskflow' retrieved from /home/airflow/.local/lib/python3.9/site-packages/airflow/example_dags/example_setup_teardown_taskflow.py
[2025-12-11T23:27:25.295+0000] {logging_mixin.py:188} INFO - [2025-12-11T23:27:25.295+0000] {dag.py:3096} INFO - Sync 1 DAGs
[2025-12-11T23:27:25.373+0000] {logging_mixin.py:188} INFO - [2025-12-11T23:27:25.373+0000] {dag.py:3954} INFO - Setting next_dagrun for example_setup_teardown_taskflow to 2025-12-10 00:00:00+00:00, run_after=2025-12-11 00:00:00+00:00
[2025-12-11T23:27:25.633+0000] {processor.py:183} INFO - Processing /home/airflow/.local/lib/python3.9/site-packages/airflow/example_dags/example_setup_teardown_taskflow.py took 0.456 seconds
[2025-12-11T23:27:56.378+0000] {processor.py:161} INFO - Started process (PID=4796) to work on /home/airflow/.local/lib/python3.9/site-packages/airflow/example_dags/example_setup_teardown_taskflow.py
[2025-12-11T23:27:56.383+0000] {processor.py:830} INFO - Processing file /home/airflow/.local/lib/python3.9/site-packages/airflow/example_dags/example_setup_teardown_taskflow.py for tasks to queue
[2025-12-11T23:27:56.388+0000] {logging_mixin.py:188} INFO - [2025-12-11T23:27:56.387+0000] {dagbag.py:545} INFO - Filling up the DagBag from /home/airflow/.local/lib/python3.9/site-packages/airflow/example_dags/example_setup_teardown_taskflow.py
[2025-12-11T23:27:56.408+0000] {processor.py:840} INFO - DAG(s) 'example_setup_teardown_taskflow' retrieved from /home/airflow/.local/lib/python3.9/site-packages/airflow/example_dags/example_setup_teardown_taskflow.py
[2025-12-11T23:27:56.456+0000] {logging_mixin.py:188} INFO - [2025-12-11T23:27:56.455+0000] {dag.py:3096} INFO - Sync 1 DAGs
[2025-12-11T23:27:56.496+0000] {logging_mixin.py:188} INFO - [2025-12-11T23:27:56.496+0000] {dag.py:3954} INFO - Setting next_dagrun for example_setup_teardown_taskflow to 2025-12-10 00:00:00+00:00, run_after=2025-12-11 00:00:00+00:00
[2025-12-11T23:27:56.524+0000] {processor.py:183} INFO - Processing /home/airflow/.local/lib/python3.9/site-packages/airflow/example_dags/example_setup_teardown_taskflow.py took 0.160 seconds
[2025-12-11T23:28:26.657+0000] {processor.py:161} INFO - Started process (PID=4868) to work on /home/airflow/.local/lib/python3.9/site-packages/airflow/example_dags/example_setup_teardown_taskflow.py
[2025-12-11T23:28:26.665+0000] {processor.py:830} INFO - Processing file /home/airflow/.local/lib/python3.9/site-packages/airflow/example_dags/example_setup_teardown_taskflow.py for tasks to queue
[2025-12-11T23:28:26.668+0000] {logging_mixin.py:188} INFO - [2025-12-11T23:28:26.667+0000] {dagbag.py:545} INFO - Filling up the DagBag from /home/airflow/.local/lib/python3.9/site-packages/airflow/example_dags/example_setup_teardown_taskflow.py
[2025-12-11T23:28:26.683+0000] {processor.py:840} INFO - DAG(s) 'example_setup_teardown_taskflow' retrieved from /home/airflow/.local/lib/python3.9/site-packages/airflow/example_dags/example_setup_teardown_taskflow.py
[2025-12-11T23:28:26.722+0000] {logging_mixin.py:188} INFO - [2025-12-11T23:28:26.722+0000] {dag.py:3096} INFO - Sync 1 DAGs
[2025-12-11T23:28:26.760+0000] {logging_mixin.py:188} INFO - [2025-12-11T23:28:26.760+0000] {dag.py:3954} INFO - Setting next_dagrun for example_setup_teardown_taskflow to 2025-12-10 00:00:00+00:00, run_after=2025-12-11 00:00:00+00:00
[2025-12-11T23:28:26.805+0000] {processor.py:183} INFO - Processing /home/airflow/.local/lib/python3.9/site-packages/airflow/example_dags/example_setup_teardown_taskflow.py took 0.160 seconds
[2025-12-11T23:28:57.334+0000] {processor.py:161} INFO - Started process (PID=4935) to work on /home/airflow/.local/lib/python3.9/site-packages/airflow/example_dags/example_setup_teardown_taskflow.py
[2025-12-11T23:28:57.335+0000] {processor.py:830} INFO - Processing file /home/airflow/.local/lib/python3.9/site-packages/airflow/example_dags/example_setup_teardown_taskflow.py for tasks to queue
[2025-12-11T23:28:57.338+0000] {logging_mixin.py:188} INFO - [2025-12-11T23:28:57.337+0000] {dagbag.py:545} INFO - Filling up the DagBag from /home/airflow/.local/lib/python3.9/site-packages/airflow/example_dags/example_setup_teardown_taskflow.py
[2025-12-11T23:28:57.356+0000] {processor.py:840} INFO - DAG(s) 'example_setup_teardown_taskflow' retrieved from /home/airflow/.local/lib/python3.9/site-packages/airflow/example_dags/example_setup_teardown_taskflow.py
[2025-12-11T23:28:57.433+0000] {logging_mixin.py:188} INFO - [2025-12-11T23:28:57.432+0000] {dag.py:3096} INFO - Sync 1 DAGs
[2025-12-11T23:28:57.506+0000] {logging_mixin.py:188} INFO - [2025-12-11T23:28:57.506+0000] {dag.py:3954} INFO - Setting next_dagrun for example_setup_teardown_taskflow to 2025-12-10 00:00:00+00:00, run_after=2025-12-11 00:00:00+00:00
[2025-12-11T23:28:57.542+0000] {processor.py:183} INFO - Processing /home/airflow/.local/lib/python3.9/site-packages/airflow/example_dags/example_setup_teardown_taskflow.py took 0.218 seconds
[2025-12-11T23:29:27.957+0000] {processor.py:161} INFO - Started process (PID=5002) to work on /home/airflow/.local/lib/python3.9/site-packages/airflow/example_dags/example_setup_teardown_taskflow.py
[2025-12-11T23:29:27.959+0000] {processor.py:830} INFO - Processing file /home/airflow/.local/lib/python3.9/site-packages/airflow/example_dags/example_setup_teardown_taskflow.py for tasks to queue
[2025-12-11T23:29:27.961+0000] {logging_mixin.py:188} INFO - [2025-12-11T23:29:27.961+0000] {dagbag.py:545} INFO - Filling up the DagBag from /home/airflow/.local/lib/python3.9/site-packages/airflow/example_dags/example_setup_teardown_taskflow.py
[2025-12-11T23:29:27.976+0000] {processor.py:840} INFO - DAG(s) 'example_setup_teardown_taskflow' retrieved from /home/airflow/.local/lib/python3.9/site-packages/airflow/example_dags/example_setup_teardown_taskflow.py
[2025-12-11T23:29:28.019+0000] {logging_mixin.py:188} INFO - [2025-12-11T23:29:28.019+0000] {dag.py:3096} INFO - Sync 1 DAGs
[2025-12-11T23:29:28.059+0000] {logging_mixin.py:188} INFO - [2025-12-11T23:29:28.059+0000] {dag.py:3954} INFO - Setting next_dagrun for example_setup_teardown_taskflow to 2025-12-10 00:00:00+00:00, run_after=2025-12-11 00:00:00+00:00
[2025-12-11T23:29:28.090+0000] {processor.py:183} INFO - Processing /home/airflow/.local/lib/python3.9/site-packages/airflow/example_dags/example_setup_teardown_taskflow.py took 0.144 seconds
[2025-12-11T23:29:58.641+0000] {processor.py:161} INFO - Started process (PID=5069) to work on /home/airflow/.local/lib/python3.9/site-packages/airflow/example_dags/example_setup_teardown_taskflow.py
[2025-12-11T23:29:58.650+0000] {processor.py:830} INFO - Processing file /home/airflow/.local/lib/python3.9/site-packages/airflow/example_dags/example_setup_teardown_taskflow.py for tasks to queue
[2025-12-11T23:29:58.654+0000] {logging_mixin.py:188} INFO - [2025-12-11T23:29:58.653+0000] {dagbag.py:545} INFO - Filling up the DagBag from /home/airflow/.local/lib/python3.9/site-packages/airflow/example_dags/example_setup_teardown_taskflow.py
[2025-12-11T23:29:58.673+0000] {processor.py:840} INFO - DAG(s) 'example_setup_teardown_taskflow' retrieved from /home/airflow/.local/lib/python3.9/site-packages/airflow/example_dags/example_setup_teardown_taskflow.py
[2025-12-11T23:29:58.724+0000] {logging_mixin.py:188} INFO - [2025-12-11T23:29:58.724+0000] {dag.py:3096} INFO - Sync 1 DAGs
[2025-12-11T23:29:58.763+0000] {logging_mixin.py:188} INFO - [2025-12-11T23:29:58.763+0000] {dag.py:3954} INFO - Setting next_dagrun for example_setup_teardown_taskflow to 2025-12-10 00:00:00+00:00, run_after=2025-12-11 00:00:00+00:00
[2025-12-11T23:29:58.814+0000] {processor.py:183} INFO - Processing /home/airflow/.local/lib/python3.9/site-packages/airflow/example_dags/example_setup_teardown_taskflow.py took 0.185 seconds
[2025-12-11T23:30:28.922+0000] {processor.py:161} INFO - Started process (PID=5136) to work on /home/airflow/.local/lib/python3.9/site-packages/airflow/example_dags/example_setup_teardown_taskflow.py
[2025-12-11T23:30:28.924+0000] {processor.py:830} INFO - Processing file /home/airflow/.local/lib/python3.9/site-packages/airflow/example_dags/example_setup_teardown_taskflow.py for tasks to queue
[2025-12-11T23:30:28.927+0000] {logging_mixin.py:188} INFO - [2025-12-11T23:30:28.926+0000] {dagbag.py:545} INFO - Filling up the DagBag from /home/airflow/.local/lib/python3.9/site-packages/airflow/example_dags/example_setup_teardown_taskflow.py
[2025-12-11T23:30:28.945+0000] {processor.py:840} INFO - DAG(s) 'example_setup_teardown_taskflow' retrieved from /home/airflow/.local/lib/python3.9/site-packages/airflow/example_dags/example_setup_teardown_taskflow.py
[2025-12-11T23:30:28.994+0000] {logging_mixin.py:188} INFO - [2025-12-11T23:30:28.994+0000] {dag.py:3096} INFO - Sync 1 DAGs
[2025-12-11T23:30:29.044+0000] {logging_mixin.py:188} INFO - [2025-12-11T23:30:29.043+0000] {dag.py:3954} INFO - Setting next_dagrun for example_setup_teardown_taskflow to 2025-12-10 00:00:00+00:00, run_after=2025-12-11 00:00:00+00:00
[2025-12-11T23:30:29.085+0000] {processor.py:183} INFO - Processing /home/airflow/.local/lib/python3.9/site-packages/airflow/example_dags/example_setup_teardown_taskflow.py took 0.175 seconds
[2025-12-11T23:30:59.337+0000] {processor.py:161} INFO - Started process (PID=5201) to work on /home/airflow/.local/lib/python3.9/site-packages/airflow/example_dags/example_setup_teardown_taskflow.py
[2025-12-11T23:30:59.339+0000] {processor.py:830} INFO - Processing file /home/airflow/.local/lib/python3.9/site-packages/airflow/example_dags/example_setup_teardown_taskflow.py for tasks to queue
[2025-12-11T23:30:59.351+0000] {logging_mixin.py:188} INFO - [2025-12-11T23:30:59.350+0000] {dagbag.py:545} INFO - Filling up the DagBag from /home/airflow/.local/lib/python3.9/site-packages/airflow/example_dags/example_setup_teardown_taskflow.py
[2025-12-11T23:30:59.373+0000] {processor.py:840} INFO - DAG(s) 'example_setup_teardown_taskflow' retrieved from /home/airflow/.local/lib/python3.9/site-packages/airflow/example_dags/example_setup_teardown_taskflow.py
[2025-12-11T23:30:59.454+0000] {logging_mixin.py:188} INFO - [2025-12-11T23:30:59.453+0000] {dag.py:3096} INFO - Sync 1 DAGs
[2025-12-11T23:30:59.551+0000] {logging_mixin.py:188} INFO - [2025-12-11T23:30:59.550+0000] {dag.py:3954} INFO - Setting next_dagrun for example_setup_teardown_taskflow to 2025-12-10 00:00:00+00:00, run_after=2025-12-11 00:00:00+00:00
[2025-12-11T23:30:59.618+0000] {processor.py:183} INFO - Processing /home/airflow/.local/lib/python3.9/site-packages/airflow/example_dags/example_setup_teardown_taskflow.py took 0.298 seconds
[2025-12-11T23:31:30.678+0000] {processor.py:161} INFO - Started process (PID=5268) to work on /home/airflow/.local/lib/python3.9/site-packages/airflow/example_dags/example_setup_teardown_taskflow.py
[2025-12-11T23:31:30.686+0000] {processor.py:830} INFO - Processing file /home/airflow/.local/lib/python3.9/site-packages/airflow/example_dags/example_setup_teardown_taskflow.py for tasks to queue
[2025-12-11T23:31:30.691+0000] {logging_mixin.py:188} INFO - [2025-12-11T23:31:30.691+0000] {dagbag.py:545} INFO - Filling up the DagBag from /home/airflow/.local/lib/python3.9/site-packages/airflow/example_dags/example_setup_teardown_taskflow.py
[2025-12-11T23:31:30.714+0000] {processor.py:840} INFO - DAG(s) 'example_setup_teardown_taskflow' retrieved from /home/airflow/.local/lib/python3.9/site-packages/airflow/example_dags/example_setup_teardown_taskflow.py
[2025-12-11T23:31:30.812+0000] {logging_mixin.py:188} INFO - [2025-12-11T23:31:30.812+0000] {dag.py:3096} INFO - Sync 1 DAGs
[2025-12-11T23:31:30.916+0000] {logging_mixin.py:188} INFO - [2025-12-11T23:31:30.915+0000] {dag.py:3954} INFO - Setting next_dagrun for example_setup_teardown_taskflow to 2025-12-10 00:00:00+00:00, run_after=2025-12-11 00:00:00+00:00
[2025-12-11T23:31:30.978+0000] {processor.py:183} INFO - Processing /home/airflow/.local/lib/python3.9/site-packages/airflow/example_dags/example_setup_teardown_taskflow.py took 0.309 seconds
[2025-12-11T23:32:01.338+0000] {processor.py:161} INFO - Started process (PID=5335) to work on /home/airflow/.local/lib/python3.9/site-packages/airflow/example_dags/example_setup_teardown_taskflow.py
[2025-12-11T23:32:01.339+0000] {processor.py:830} INFO - Processing file /home/airflow/.local/lib/python3.9/site-packages/airflow/example_dags/example_setup_teardown_taskflow.py for tasks to queue
[2025-12-11T23:32:01.342+0000] {logging_mixin.py:188} INFO - [2025-12-11T23:32:01.342+0000] {dagbag.py:545} INFO - Filling up the DagBag from /home/airflow/.local/lib/python3.9/site-packages/airflow/example_dags/example_setup_teardown_taskflow.py
[2025-12-11T23:32:01.362+0000] {processor.py:840} INFO - DAG(s) 'example_setup_teardown_taskflow' retrieved from /home/airflow/.local/lib/python3.9/site-packages/airflow/example_dags/example_setup_teardown_taskflow.py
[2025-12-11T23:32:01.433+0000] {logging_mixin.py:188} INFO - [2025-12-11T23:32:01.433+0000] {dag.py:3096} INFO - Sync 1 DAGs
[2025-12-11T23:32:01.491+0000] {logging_mixin.py:188} INFO - [2025-12-11T23:32:01.490+0000] {dag.py:3954} INFO - Setting next_dagrun for example_setup_teardown_taskflow to 2025-12-10 00:00:00+00:00, run_after=2025-12-11 00:00:00+00:00
[2025-12-11T23:32:01.545+0000] {processor.py:183} INFO - Processing /home/airflow/.local/lib/python3.9/site-packages/airflow/example_dags/example_setup_teardown_taskflow.py took 0.224 seconds
[2025-12-11T23:32:32.155+0000] {processor.py:161} INFO - Started process (PID=5402) to work on /home/airflow/.local/lib/python3.9/site-packages/airflow/example_dags/example_setup_teardown_taskflow.py
[2025-12-11T23:32:32.157+0000] {processor.py:830} INFO - Processing file /home/airflow/.local/lib/python3.9/site-packages/airflow/example_dags/example_setup_teardown_taskflow.py for tasks to queue
[2025-12-11T23:32:32.160+0000] {logging_mixin.py:188} INFO - [2025-12-11T23:32:32.160+0000] {dagbag.py:545} INFO - Filling up the DagBag from /home/airflow/.local/lib/python3.9/site-packages/airflow/example_dags/example_setup_teardown_taskflow.py
[2025-12-11T23:32:32.174+0000] {processor.py:840} INFO - DAG(s) 'example_setup_teardown_taskflow' retrieved from /home/airflow/.local/lib/python3.9/site-packages/airflow/example_dags/example_setup_teardown_taskflow.py
[2025-12-11T23:32:32.221+0000] {logging_mixin.py:188} INFO - [2025-12-11T23:32:32.220+0000] {dag.py:3096} INFO - Sync 1 DAGs
[2025-12-11T23:32:32.265+0000] {logging_mixin.py:188} INFO - [2025-12-11T23:32:32.265+0000] {dag.py:3954} INFO - Setting next_dagrun for example_setup_teardown_taskflow to 2025-12-10 00:00:00+00:00, run_after=2025-12-11 00:00:00+00:00
[2025-12-11T23:32:32.296+0000] {processor.py:183} INFO - Processing /home/airflow/.local/lib/python3.9/site-packages/airflow/example_dags/example_setup_teardown_taskflow.py took 0.151 seconds
[2025-12-11T23:33:02.501+0000] {processor.py:161} INFO - Started process (PID=5469) to work on /home/airflow/.local/lib/python3.9/site-packages/airflow/example_dags/example_setup_teardown_taskflow.py
[2025-12-11T23:33:02.502+0000] {processor.py:830} INFO - Processing file /home/airflow/.local/lib/python3.9/site-packages/airflow/example_dags/example_setup_teardown_taskflow.py for tasks to queue
[2025-12-11T23:33:02.505+0000] {logging_mixin.py:188} INFO - [2025-12-11T23:33:02.504+0000] {dagbag.py:545} INFO - Filling up the DagBag from /home/airflow/.local/lib/python3.9/site-packages/airflow/example_dags/example_setup_teardown_taskflow.py
[2025-12-11T23:33:02.519+0000] {processor.py:840} INFO - DAG(s) 'example_setup_teardown_taskflow' retrieved from /home/airflow/.local/lib/python3.9/site-packages/airflow/example_dags/example_setup_teardown_taskflow.py
[2025-12-11T23:33:02.566+0000] {logging_mixin.py:188} INFO - [2025-12-11T23:33:02.565+0000] {dag.py:3096} INFO - Sync 1 DAGs
[2025-12-11T23:33:02.608+0000] {logging_mixin.py:188} INFO - [2025-12-11T23:33:02.607+0000] {dag.py:3954} INFO - Setting next_dagrun for example_setup_teardown_taskflow to 2025-12-10 00:00:00+00:00, run_after=2025-12-11 00:00:00+00:00
[2025-12-11T23:33:02.650+0000] {processor.py:183} INFO - Processing /home/airflow/.local/lib/python3.9/site-packages/airflow/example_dags/example_setup_teardown_taskflow.py took 0.160 seconds
[2025-12-11T23:33:32.821+0000] {processor.py:161} INFO - Started process (PID=5536) to work on /home/airflow/.local/lib/python3.9/site-packages/airflow/example_dags/example_setup_teardown_taskflow.py
[2025-12-11T23:33:32.823+0000] {processor.py:830} INFO - Processing file /home/airflow/.local/lib/python3.9/site-packages/airflow/example_dags/example_setup_teardown_taskflow.py for tasks to queue
[2025-12-11T23:33:32.825+0000] {logging_mixin.py:188} INFO - [2025-12-11T23:33:32.825+0000] {dagbag.py:545} INFO - Filling up the DagBag from /home/airflow/.local/lib/python3.9/site-packages/airflow/example_dags/example_setup_teardown_taskflow.py
[2025-12-11T23:33:32.842+0000] {processor.py:840} INFO - DAG(s) 'example_setup_teardown_taskflow' retrieved from /home/airflow/.local/lib/python3.9/site-packages/airflow/example_dags/example_setup_teardown_taskflow.py
[2025-12-11T23:33:32.886+0000] {logging_mixin.py:188} INFO - [2025-12-11T23:33:32.885+0000] {dag.py:3096} INFO - Sync 1 DAGs
[2025-12-11T23:33:32.929+0000] {logging_mixin.py:188} INFO - [2025-12-11T23:33:32.929+0000] {dag.py:3954} INFO - Setting next_dagrun for example_setup_teardown_taskflow to 2025-12-10 00:00:00+00:00, run_after=2025-12-11 00:00:00+00:00
[2025-12-11T23:33:32.956+0000] {processor.py:183} INFO - Processing /home/airflow/.local/lib/python3.9/site-packages/airflow/example_dags/example_setup_teardown_taskflow.py took 0.145 seconds
[2025-12-11T23:34:03.589+0000] {processor.py:161} INFO - Started process (PID=5603) to work on /home/airflow/.local/lib/python3.9/site-packages/airflow/example_dags/example_setup_teardown_taskflow.py
[2025-12-11T23:34:03.590+0000] {processor.py:830} INFO - Processing file /home/airflow/.local/lib/python3.9/site-packages/airflow/example_dags/example_setup_teardown_taskflow.py for tasks to queue
[2025-12-11T23:34:03.593+0000] {logging_mixin.py:188} INFO - [2025-12-11T23:34:03.593+0000] {dagbag.py:545} INFO - Filling up the DagBag from /home/airflow/.local/lib/python3.9/site-packages/airflow/example_dags/example_setup_teardown_taskflow.py
[2025-12-11T23:34:03.609+0000] {processor.py:840} INFO - DAG(s) 'example_setup_teardown_taskflow' retrieved from /home/airflow/.local/lib/python3.9/site-packages/airflow/example_dags/example_setup_teardown_taskflow.py
[2025-12-11T23:34:03.649+0000] {logging_mixin.py:188} INFO - [2025-12-11T23:34:03.648+0000] {dag.py:3096} INFO - Sync 1 DAGs
[2025-12-11T23:34:03.689+0000] {logging_mixin.py:188} INFO - [2025-12-11T23:34:03.689+0000] {dag.py:3954} INFO - Setting next_dagrun for example_setup_teardown_taskflow to 2025-12-10 00:00:00+00:00, run_after=2025-12-11 00:00:00+00:00
[2025-12-11T23:34:03.719+0000] {processor.py:183} INFO - Processing /home/airflow/.local/lib/python3.9/site-packages/airflow/example_dags/example_setup_teardown_taskflow.py took 0.142 seconds
[2025-12-11T23:34:34.005+0000] {processor.py:161} INFO - Started process (PID=5670) to work on /home/airflow/.local/lib/python3.9/site-packages/airflow/example_dags/example_setup_teardown_taskflow.py
[2025-12-11T23:34:34.006+0000] {processor.py:830} INFO - Processing file /home/airflow/.local/lib/python3.9/site-packages/airflow/example_dags/example_setup_teardown_taskflow.py for tasks to queue
[2025-12-11T23:34:34.011+0000] {logging_mixin.py:188} INFO - [2025-12-11T23:34:34.011+0000] {dagbag.py:545} INFO - Filling up the DagBag from /home/airflow/.local/lib/python3.9/site-packages/airflow/example_dags/example_setup_teardown_taskflow.py
[2025-12-11T23:34:34.025+0000] {processor.py:840} INFO - DAG(s) 'example_setup_teardown_taskflow' retrieved from /home/airflow/.local/lib/python3.9/site-packages/airflow/example_dags/example_setup_teardown_taskflow.py
[2025-12-11T23:34:34.079+0000] {logging_mixin.py:188} INFO - [2025-12-11T23:34:34.079+0000] {dag.py:3096} INFO - Sync 1 DAGs
[2025-12-11T23:34:34.136+0000] {logging_mixin.py:188} INFO - [2025-12-11T23:34:34.136+0000] {dag.py:3954} INFO - Setting next_dagrun for example_setup_teardown_taskflow to 2025-12-10 00:00:00+00:00, run_after=2025-12-11 00:00:00+00:00
[2025-12-11T23:34:34.167+0000] {processor.py:183} INFO - Processing /home/airflow/.local/lib/python3.9/site-packages/airflow/example_dags/example_setup_teardown_taskflow.py took 0.171 seconds
[2025-12-11T23:35:05.007+0000] {processor.py:161} INFO - Started process (PID=5737) to work on /home/airflow/.local/lib/python3.9/site-packages/airflow/example_dags/example_setup_teardown_taskflow.py
[2025-12-11T23:35:05.009+0000] {processor.py:830} INFO - Processing file /home/airflow/.local/lib/python3.9/site-packages/airflow/example_dags/example_setup_teardown_taskflow.py for tasks to queue
[2025-12-11T23:35:05.012+0000] {logging_mixin.py:188} INFO - [2025-12-11T23:35:05.012+0000] {dagbag.py:545} INFO - Filling up the DagBag from /home/airflow/.local/lib/python3.9/site-packages/airflow/example_dags/example_setup_teardown_taskflow.py
[2025-12-11T23:35:05.028+0000] {processor.py:840} INFO - DAG(s) 'example_setup_teardown_taskflow' retrieved from /home/airflow/.local/lib/python3.9/site-packages/airflow/example_dags/example_setup_teardown_taskflow.py
[2025-12-11T23:35:05.077+0000] {logging_mixin.py:188} INFO - [2025-12-11T23:35:05.076+0000] {dag.py:3096} INFO - Sync 1 DAGs
[2025-12-11T23:35:05.117+0000] {logging_mixin.py:188} INFO - [2025-12-11T23:35:05.117+0000] {dag.py:3954} INFO - Setting next_dagrun for example_setup_teardown_taskflow to 2025-12-10 00:00:00+00:00, run_after=2025-12-11 00:00:00+00:00
[2025-12-11T23:35:05.156+0000] {processor.py:183} INFO - Processing /home/airflow/.local/lib/python3.9/site-packages/airflow/example_dags/example_setup_teardown_taskflow.py took 0.160 seconds
[2025-12-11T23:35:35.739+0000] {processor.py:161} INFO - Started process (PID=5803) to work on /home/airflow/.local/lib/python3.9/site-packages/airflow/example_dags/example_setup_teardown_taskflow.py
[2025-12-11T23:35:35.820+0000] {processor.py:830} INFO - Processing file /home/airflow/.local/lib/python3.9/site-packages/airflow/example_dags/example_setup_teardown_taskflow.py for tasks to queue
[2025-12-11T23:35:35.823+0000] {logging_mixin.py:188} INFO - [2025-12-11T23:35:35.822+0000] {dagbag.py:545} INFO - Filling up the DagBag from /home/airflow/.local/lib/python3.9/site-packages/airflow/example_dags/example_setup_teardown_taskflow.py
[2025-12-11T23:35:35.837+0000] {processor.py:840} INFO - DAG(s) 'example_setup_teardown_taskflow' retrieved from /home/airflow/.local/lib/python3.9/site-packages/airflow/example_dags/example_setup_teardown_taskflow.py
[2025-12-11T23:35:35.876+0000] {logging_mixin.py:188} INFO - [2025-12-11T23:35:35.876+0000] {dag.py:3096} INFO - Sync 1 DAGs
[2025-12-11T23:35:35.912+0000] {logging_mixin.py:188} INFO - [2025-12-11T23:35:35.912+0000] {dag.py:3954} INFO - Setting next_dagrun for example_setup_teardown_taskflow to 2025-12-10 00:00:00+00:00, run_after=2025-12-11 00:00:00+00:00
[2025-12-11T23:35:35.979+0000] {processor.py:183} INFO - Processing /home/airflow/.local/lib/python3.9/site-packages/airflow/example_dags/example_setup_teardown_taskflow.py took 0.250 seconds
[2025-12-11T23:36:06.962+0000] {processor.py:161} INFO - Started process (PID=5870) to work on /home/airflow/.local/lib/python3.9/site-packages/airflow/example_dags/example_setup_teardown_taskflow.py
[2025-12-11T23:36:06.969+0000] {processor.py:830} INFO - Processing file /home/airflow/.local/lib/python3.9/site-packages/airflow/example_dags/example_setup_teardown_taskflow.py for tasks to queue
[2025-12-11T23:36:06.973+0000] {logging_mixin.py:188} INFO - [2025-12-11T23:36:06.972+0000] {dagbag.py:545} INFO - Filling up the DagBag from /home/airflow/.local/lib/python3.9/site-packages/airflow/example_dags/example_setup_teardown_taskflow.py
[2025-12-11T23:36:06.991+0000] {processor.py:840} INFO - DAG(s) 'example_setup_teardown_taskflow' retrieved from /home/airflow/.local/lib/python3.9/site-packages/airflow/example_dags/example_setup_teardown_taskflow.py
[2025-12-11T23:36:07.046+0000] {logging_mixin.py:188} INFO - [2025-12-11T23:36:07.045+0000] {dag.py:3096} INFO - Sync 1 DAGs
[2025-12-11T23:36:07.098+0000] {logging_mixin.py:188} INFO - [2025-12-11T23:36:07.098+0000] {dag.py:3954} INFO - Setting next_dagrun for example_setup_teardown_taskflow to 2025-12-10 00:00:00+00:00, run_after=2025-12-11 00:00:00+00:00
[2025-12-11T23:36:07.133+0000] {processor.py:183} INFO - Processing /home/airflow/.local/lib/python3.9/site-packages/airflow/example_dags/example_setup_teardown_taskflow.py took 0.193 seconds
[2025-12-11T23:36:37.579+0000] {processor.py:161} INFO - Started process (PID=5937) to work on /home/airflow/.local/lib/python3.9/site-packages/airflow/example_dags/example_setup_teardown_taskflow.py
[2025-12-11T23:36:37.581+0000] {processor.py:830} INFO - Processing file /home/airflow/.local/lib/python3.9/site-packages/airflow/example_dags/example_setup_teardown_taskflow.py for tasks to queue
[2025-12-11T23:36:37.591+0000] {logging_mixin.py:188} INFO - [2025-12-11T23:36:37.590+0000] {dagbag.py:545} INFO - Filling up the DagBag from /home/airflow/.local/lib/python3.9/site-packages/airflow/example_dags/example_setup_teardown_taskflow.py
[2025-12-11T23:36:37.615+0000] {processor.py:840} INFO - DAG(s) 'example_setup_teardown_taskflow' retrieved from /home/airflow/.local/lib/python3.9/site-packages/airflow/example_dags/example_setup_teardown_taskflow.py
[2025-12-11T23:36:37.699+0000] {logging_mixin.py:188} INFO - [2025-12-11T23:36:37.698+0000] {dag.py:3096} INFO - Sync 1 DAGs
[2025-12-11T23:36:37.740+0000] {logging_mixin.py:188} INFO - [2025-12-11T23:36:37.740+0000] {dag.py:3954} INFO - Setting next_dagrun for example_setup_teardown_taskflow to 2025-12-10 00:00:00+00:00, run_after=2025-12-11 00:00:00+00:00
[2025-12-11T23:36:37.773+0000] {processor.py:183} INFO - Processing /home/airflow/.local/lib/python3.9/site-packages/airflow/example_dags/example_setup_teardown_taskflow.py took 0.203 seconds
[2025-12-11T23:37:08.304+0000] {processor.py:161} INFO - Started process (PID=6005) to work on /home/airflow/.local/lib/python3.9/site-packages/airflow/example_dags/example_setup_teardown_taskflow.py
[2025-12-11T23:37:08.306+0000] {processor.py:830} INFO - Processing file /home/airflow/.local/lib/python3.9/site-packages/airflow/example_dags/example_setup_teardown_taskflow.py for tasks to queue
[2025-12-11T23:37:08.308+0000] {logging_mixin.py:188} INFO - [2025-12-11T23:37:08.308+0000] {dagbag.py:545} INFO - Filling up the DagBag from /home/airflow/.local/lib/python3.9/site-packages/airflow/example_dags/example_setup_teardown_taskflow.py
[2025-12-11T23:37:08.322+0000] {processor.py:840} INFO - DAG(s) 'example_setup_teardown_taskflow' retrieved from /home/airflow/.local/lib/python3.9/site-packages/airflow/example_dags/example_setup_teardown_taskflow.py
[2025-12-11T23:37:08.360+0000] {logging_mixin.py:188} INFO - [2025-12-11T23:37:08.359+0000] {dag.py:3096} INFO - Sync 1 DAGs
[2025-12-11T23:37:08.395+0000] {logging_mixin.py:188} INFO - [2025-12-11T23:37:08.394+0000] {dag.py:3954} INFO - Setting next_dagrun for example_setup_teardown_taskflow to 2025-12-10 00:00:00+00:00, run_after=2025-12-11 00:00:00+00:00
[2025-12-11T23:37:08.421+0000] {processor.py:183} INFO - Processing /home/airflow/.local/lib/python3.9/site-packages/airflow/example_dags/example_setup_teardown_taskflow.py took 0.126 seconds
[2025-12-11T23:37:39.009+0000] {processor.py:161} INFO - Started process (PID=6079) to work on /home/airflow/.local/lib/python3.9/site-packages/airflow/example_dags/example_setup_teardown_taskflow.py
[2025-12-11T23:37:39.012+0000] {processor.py:830} INFO - Processing file /home/airflow/.local/lib/python3.9/site-packages/airflow/example_dags/example_setup_teardown_taskflow.py for tasks to queue
[2025-12-11T23:37:39.015+0000] {logging_mixin.py:188} INFO - [2025-12-11T23:37:39.014+0000] {dagbag.py:545} INFO - Filling up the DagBag from /home/airflow/.local/lib/python3.9/site-packages/airflow/example_dags/example_setup_teardown_taskflow.py
[2025-12-11T23:37:39.055+0000] {processor.py:840} INFO - DAG(s) 'example_setup_teardown_taskflow' retrieved from /home/airflow/.local/lib/python3.9/site-packages/airflow/example_dags/example_setup_teardown_taskflow.py
[2025-12-11T23:37:39.154+0000] {logging_mixin.py:188} INFO - [2025-12-11T23:37:39.153+0000] {dag.py:3096} INFO - Sync 1 DAGs
[2025-12-11T23:37:39.249+0000] {logging_mixin.py:188} INFO - [2025-12-11T23:37:39.239+0000] {dag.py:3954} INFO - Setting next_dagrun for example_setup_teardown_taskflow to 2025-12-10 00:00:00+00:00, run_after=2025-12-11 00:00:00+00:00
[2025-12-11T23:37:39.353+0000] {processor.py:183} INFO - Processing /home/airflow/.local/lib/python3.9/site-packages/airflow/example_dags/example_setup_teardown_taskflow.py took 0.381 seconds
[2025-12-11T23:38:09.755+0000] {processor.py:161} INFO - Started process (PID=6146) to work on /home/airflow/.local/lib/python3.9/site-packages/airflow/example_dags/example_setup_teardown_taskflow.py
[2025-12-11T23:38:09.759+0000] {processor.py:830} INFO - Processing file /home/airflow/.local/lib/python3.9/site-packages/airflow/example_dags/example_setup_teardown_taskflow.py for tasks to queue
[2025-12-11T23:38:09.771+0000] {logging_mixin.py:188} INFO - [2025-12-11T23:38:09.771+0000] {dagbag.py:545} INFO - Filling up the DagBag from /home/airflow/.local/lib/python3.9/site-packages/airflow/example_dags/example_setup_teardown_taskflow.py
[2025-12-11T23:38:09.794+0000] {processor.py:840} INFO - DAG(s) 'example_setup_teardown_taskflow' retrieved from /home/airflow/.local/lib/python3.9/site-packages/airflow/example_dags/example_setup_teardown_taskflow.py
[2025-12-11T23:38:09.895+0000] {logging_mixin.py:188} INFO - [2025-12-11T23:38:09.895+0000] {dag.py:3096} INFO - Sync 1 DAGs
[2025-12-11T23:38:10.010+0000] {logging_mixin.py:188} INFO - [2025-12-11T23:38:10.009+0000] {dag.py:3954} INFO - Setting next_dagrun for example_setup_teardown_taskflow to 2025-12-10 00:00:00+00:00, run_after=2025-12-11 00:00:00+00:00
[2025-12-11T23:38:10.093+0000] {processor.py:183} INFO - Processing /home/airflow/.local/lib/python3.9/site-packages/airflow/example_dags/example_setup_teardown_taskflow.py took 0.359 seconds
[2025-12-11T23:38:41.055+0000] {processor.py:161} INFO - Started process (PID=6213) to work on /home/airflow/.local/lib/python3.9/site-packages/airflow/example_dags/example_setup_teardown_taskflow.py
[2025-12-11T23:38:41.074+0000] {processor.py:830} INFO - Processing file /home/airflow/.local/lib/python3.9/site-packages/airflow/example_dags/example_setup_teardown_taskflow.py for tasks to queue
[2025-12-11T23:38:41.078+0000] {logging_mixin.py:188} INFO - [2025-12-11T23:38:41.077+0000] {dagbag.py:545} INFO - Filling up the DagBag from /home/airflow/.local/lib/python3.9/site-packages/airflow/example_dags/example_setup_teardown_taskflow.py
[2025-12-11T23:38:41.157+0000] {processor.py:840} INFO - DAG(s) 'example_setup_teardown_taskflow' retrieved from /home/airflow/.local/lib/python3.9/site-packages/airflow/example_dags/example_setup_teardown_taskflow.py
[2025-12-11T23:38:41.255+0000] {logging_mixin.py:188} INFO - [2025-12-11T23:38:41.254+0000] {dag.py:3096} INFO - Sync 1 DAGs
[2025-12-11T23:38:41.372+0000] {logging_mixin.py:188} INFO - [2025-12-11T23:38:41.372+0000] {dag.py:3954} INFO - Setting next_dagrun for example_setup_teardown_taskflow to 2025-12-10 00:00:00+00:00, run_after=2025-12-11 00:00:00+00:00
[2025-12-11T23:38:41.458+0000] {processor.py:183} INFO - Processing /home/airflow/.local/lib/python3.9/site-packages/airflow/example_dags/example_setup_teardown_taskflow.py took 0.439 seconds
[2025-12-11T23:39:11.923+0000] {processor.py:161} INFO - Started process (PID=6273) to work on /home/airflow/.local/lib/python3.9/site-packages/airflow/example_dags/example_setup_teardown_taskflow.py
[2025-12-11T23:39:12.030+0000] {processor.py:830} INFO - Processing file /home/airflow/.local/lib/python3.9/site-packages/airflow/example_dags/example_setup_teardown_taskflow.py for tasks to queue
[2025-12-11T23:39:12.034+0000] {logging_mixin.py:188} INFO - [2025-12-11T23:39:12.033+0000] {dagbag.py:545} INFO - Filling up the DagBag from /home/airflow/.local/lib/python3.9/site-packages/airflow/example_dags/example_setup_teardown_taskflow.py
[2025-12-11T23:39:12.050+0000] {processor.py:840} INFO - DAG(s) 'example_setup_teardown_taskflow' retrieved from /home/airflow/.local/lib/python3.9/site-packages/airflow/example_dags/example_setup_teardown_taskflow.py
[2025-12-11T23:39:12.117+0000] {logging_mixin.py:188} INFO - [2025-12-11T23:39:12.117+0000] {dag.py:3096} INFO - Sync 1 DAGs
[2025-12-11T23:39:12.210+0000] {logging_mixin.py:188} INFO - [2025-12-11T23:39:12.209+0000] {dag.py:3954} INFO - Setting next_dagrun for example_setup_teardown_taskflow to 2025-12-10 00:00:00+00:00, run_after=2025-12-11 00:00:00+00:00
[2025-12-11T23:39:12.301+0000] {processor.py:183} INFO - Processing /home/airflow/.local/lib/python3.9/site-packages/airflow/example_dags/example_setup_teardown_taskflow.py took 0.389 seconds
[2025-12-11T23:39:42.730+0000] {processor.py:161} INFO - Started process (PID=6347) to work on /home/airflow/.local/lib/python3.9/site-packages/airflow/example_dags/example_setup_teardown_taskflow.py
[2025-12-11T23:39:42.739+0000] {processor.py:830} INFO - Processing file /home/airflow/.local/lib/python3.9/site-packages/airflow/example_dags/example_setup_teardown_taskflow.py for tasks to queue
[2025-12-11T23:39:42.750+0000] {logging_mixin.py:188} INFO - [2025-12-11T23:39:42.750+0000] {dagbag.py:545} INFO - Filling up the DagBag from /home/airflow/.local/lib/python3.9/site-packages/airflow/example_dags/example_setup_teardown_taskflow.py
[2025-12-11T23:39:42.774+0000] {processor.py:840} INFO - DAG(s) 'example_setup_teardown_taskflow' retrieved from /home/airflow/.local/lib/python3.9/site-packages/airflow/example_dags/example_setup_teardown_taskflow.py
[2025-12-11T23:39:42.874+0000] {logging_mixin.py:188} INFO - [2025-12-11T23:39:42.874+0000] {dag.py:3096} INFO - Sync 1 DAGs
[2025-12-11T23:39:42.970+0000] {logging_mixin.py:188} INFO - [2025-12-11T23:39:42.969+0000] {dag.py:3954} INFO - Setting next_dagrun for example_setup_teardown_taskflow to 2025-12-10 00:00:00+00:00, run_after=2025-12-11 00:00:00+00:00
[2025-12-11T23:39:43.069+0000] {processor.py:183} INFO - Processing /home/airflow/.local/lib/python3.9/site-packages/airflow/example_dags/example_setup_teardown_taskflow.py took 0.344 seconds
[2025-12-11T23:40:13.272+0000] {processor.py:161} INFO - Started process (PID=6407) to work on /home/airflow/.local/lib/python3.9/site-packages/airflow/example_dags/example_setup_teardown_taskflow.py
[2025-12-11T23:40:13.285+0000] {processor.py:830} INFO - Processing file /home/airflow/.local/lib/python3.9/site-packages/airflow/example_dags/example_setup_teardown_taskflow.py for tasks to queue
[2025-12-11T23:40:13.291+0000] {logging_mixin.py:188} INFO - [2025-12-11T23:40:13.291+0000] {dagbag.py:545} INFO - Filling up the DagBag from /home/airflow/.local/lib/python3.9/site-packages/airflow/example_dags/example_setup_teardown_taskflow.py
[2025-12-11T23:40:13.338+0000] {processor.py:840} INFO - DAG(s) 'example_setup_teardown_taskflow' retrieved from /home/airflow/.local/lib/python3.9/site-packages/airflow/example_dags/example_setup_teardown_taskflow.py
[2025-12-11T23:40:13.511+0000] {logging_mixin.py:188} INFO - [2025-12-11T23:40:13.511+0000] {dag.py:3096} INFO - Sync 1 DAGs
[2025-12-11T23:40:13.631+0000] {logging_mixin.py:188} INFO - [2025-12-11T23:40:13.630+0000] {dag.py:3954} INFO - Setting next_dagrun for example_setup_teardown_taskflow to 2025-12-10 00:00:00+00:00, run_after=2025-12-11 00:00:00+00:00
[2025-12-11T23:40:13.897+0000] {processor.py:183} INFO - Processing /home/airflow/.local/lib/python3.9/site-packages/airflow/example_dags/example_setup_teardown_taskflow.py took 0.666 seconds
[2025-12-11T23:40:44.597+0000] {processor.py:161} INFO - Started process (PID=6481) to work on /home/airflow/.local/lib/python3.9/site-packages/airflow/example_dags/example_setup_teardown_taskflow.py
[2025-12-11T23:40:44.802+0000] {processor.py:830} INFO - Processing file /home/airflow/.local/lib/python3.9/site-packages/airflow/example_dags/example_setup_teardown_taskflow.py for tasks to queue
[2025-12-11T23:40:44.805+0000] {logging_mixin.py:188} INFO - [2025-12-11T23:40:44.804+0000] {dagbag.py:545} INFO - Filling up the DagBag from /home/airflow/.local/lib/python3.9/site-packages/airflow/example_dags/example_setup_teardown_taskflow.py
[2025-12-11T23:40:44.834+0000] {processor.py:840} INFO - DAG(s) 'example_setup_teardown_taskflow' retrieved from /home/airflow/.local/lib/python3.9/site-packages/airflow/example_dags/example_setup_teardown_taskflow.py
[2025-12-11T23:40:44.915+0000] {logging_mixin.py:188} INFO - [2025-12-11T23:40:44.914+0000] {dag.py:3096} INFO - Sync 1 DAGs
[2025-12-11T23:40:44.992+0000] {logging_mixin.py:188} INFO - [2025-12-11T23:40:44.992+0000] {dag.py:3954} INFO - Setting next_dagrun for example_setup_teardown_taskflow to 2025-12-10 00:00:00+00:00, run_after=2025-12-11 00:00:00+00:00
[2025-12-11T23:40:45.235+0000] {processor.py:183} INFO - Processing /home/airflow/.local/lib/python3.9/site-packages/airflow/example_dags/example_setup_teardown_taskflow.py took 0.664 seconds
[2025-12-11T23:41:15.489+0000] {processor.py:161} INFO - Started process (PID=6548) to work on /home/airflow/.local/lib/python3.9/site-packages/airflow/example_dags/example_setup_teardown_taskflow.py
[2025-12-11T23:41:15.491+0000] {processor.py:830} INFO - Processing file /home/airflow/.local/lib/python3.9/site-packages/airflow/example_dags/example_setup_teardown_taskflow.py for tasks to queue
[2025-12-11T23:41:15.494+0000] {logging_mixin.py:188} INFO - [2025-12-11T23:41:15.493+0000] {dagbag.py:545} INFO - Filling up the DagBag from /home/airflow/.local/lib/python3.9/site-packages/airflow/example_dags/example_setup_teardown_taskflow.py
[2025-12-11T23:41:15.515+0000] {processor.py:840} INFO - DAG(s) 'example_setup_teardown_taskflow' retrieved from /home/airflow/.local/lib/python3.9/site-packages/airflow/example_dags/example_setup_teardown_taskflow.py
[2025-12-11T23:41:15.595+0000] {logging_mixin.py:188} INFO - [2025-12-11T23:41:15.595+0000] {dag.py:3096} INFO - Sync 1 DAGs
[2025-12-11T23:41:15.645+0000] {logging_mixin.py:188} INFO - [2025-12-11T23:41:15.644+0000] {dag.py:3954} INFO - Setting next_dagrun for example_setup_teardown_taskflow to 2025-12-10 00:00:00+00:00, run_after=2025-12-11 00:00:00+00:00
[2025-12-11T23:41:15.685+0000] {processor.py:183} INFO - Processing /home/airflow/.local/lib/python3.9/site-packages/airflow/example_dags/example_setup_teardown_taskflow.py took 0.215 seconds
[2025-12-11T23:41:45.856+0000] {processor.py:161} INFO - Started process (PID=6615) to work on /home/airflow/.local/lib/python3.9/site-packages/airflow/example_dags/example_setup_teardown_taskflow.py
[2025-12-11T23:41:45.857+0000] {processor.py:830} INFO - Processing file /home/airflow/.local/lib/python3.9/site-packages/airflow/example_dags/example_setup_teardown_taskflow.py for tasks to queue
[2025-12-11T23:41:45.859+0000] {logging_mixin.py:188} INFO - [2025-12-11T23:41:45.859+0000] {dagbag.py:545} INFO - Filling up the DagBag from /home/airflow/.local/lib/python3.9/site-packages/airflow/example_dags/example_setup_teardown_taskflow.py
[2025-12-11T23:41:45.872+0000] {processor.py:840} INFO - DAG(s) 'example_setup_teardown_taskflow' retrieved from /home/airflow/.local/lib/python3.9/site-packages/airflow/example_dags/example_setup_teardown_taskflow.py
[2025-12-11T23:41:45.908+0000] {logging_mixin.py:188} INFO - [2025-12-11T23:41:45.907+0000] {dag.py:3096} INFO - Sync 1 DAGs
[2025-12-11T23:41:45.941+0000] {logging_mixin.py:188} INFO - [2025-12-11T23:41:45.941+0000] {dag.py:3954} INFO - Setting next_dagrun for example_setup_teardown_taskflow to 2025-12-10 00:00:00+00:00, run_after=2025-12-11 00:00:00+00:00
[2025-12-11T23:41:45.966+0000] {processor.py:183} INFO - Processing /home/airflow/.local/lib/python3.9/site-packages/airflow/example_dags/example_setup_teardown_taskflow.py took 0.121 seconds
[2025-12-11T23:42:16.094+0000] {processor.py:161} INFO - Started process (PID=6682) to work on /home/airflow/.local/lib/python3.9/site-packages/airflow/example_dags/example_setup_teardown_taskflow.py
[2025-12-11T23:42:16.101+0000] {processor.py:830} INFO - Processing file /home/airflow/.local/lib/python3.9/site-packages/airflow/example_dags/example_setup_teardown_taskflow.py for tasks to queue
[2025-12-11T23:42:16.104+0000] {logging_mixin.py:188} INFO - [2025-12-11T23:42:16.104+0000] {dagbag.py:545} INFO - Filling up the DagBag from /home/airflow/.local/lib/python3.9/site-packages/airflow/example_dags/example_setup_teardown_taskflow.py
[2025-12-11T23:42:16.119+0000] {processor.py:840} INFO - DAG(s) 'example_setup_teardown_taskflow' retrieved from /home/airflow/.local/lib/python3.9/site-packages/airflow/example_dags/example_setup_teardown_taskflow.py
[2025-12-11T23:42:16.159+0000] {logging_mixin.py:188} INFO - [2025-12-11T23:42:16.159+0000] {dag.py:3096} INFO - Sync 1 DAGs
[2025-12-11T23:42:16.195+0000] {logging_mixin.py:188} INFO - [2025-12-11T23:42:16.194+0000] {dag.py:3954} INFO - Setting next_dagrun for example_setup_teardown_taskflow to 2025-12-10 00:00:00+00:00, run_after=2025-12-11 00:00:00+00:00
[2025-12-11T23:42:16.221+0000] {processor.py:183} INFO - Processing /home/airflow/.local/lib/python3.9/site-packages/airflow/example_dags/example_setup_teardown_taskflow.py took 0.138 seconds
