[2025-12-11T22:52:26.515+0000] {processor.py:161} INFO - Started process (PID=131) to work on /home/airflow/.local/lib/python3.9/site-packages/airflow/example_dags/example_bash_decorator.py
[2025-12-11T22:52:26.531+0000] {processor.py:830} INFO - Processing file /home/airflow/.local/lib/python3.9/site-packages/airflow/example_dags/example_bash_decorator.py for tasks to queue
[2025-12-11T22:52:26.534+0000] {logging_mixin.py:188} INFO - [2025-12-11T22:52:26.534+0000] {dagbag.py:545} INFO - Filling up the DagBag from /home/airflow/.local/lib/python3.9/site-packages/airflow/example_dags/example_bash_decorator.py
[2025-12-11T22:52:26.634+0000] {processor.py:840} INFO - DAG(s) 'example_bash_decorator' retrieved from /home/airflow/.local/lib/python3.9/site-packages/airflow/example_dags/example_bash_decorator.py
[2025-12-11T22:52:27.535+0000] {logging_mixin.py:188} INFO - [2025-12-11T22:52:27.534+0000] {dag.py:3096} INFO - Sync 1 DAGs
[2025-12-11T22:52:27.614+0000] {logging_mixin.py:188} INFO - [2025-12-11T22:52:27.614+0000] {dag.py:3954} INFO - Setting next_dagrun for example_bash_decorator to None, run_after=None
[2025-12-11T22:52:27.772+0000] {processor.py:183} INFO - Processing /home/airflow/.local/lib/python3.9/site-packages/airflow/example_dags/example_bash_decorator.py took 1.282 seconds
[2025-12-11T22:53:00.695+0000] {processor.py:161} INFO - Started process (PID=197) to work on /home/airflow/.local/lib/python3.9/site-packages/airflow/example_dags/example_bash_decorator.py
[2025-12-11T22:53:00.712+0000] {processor.py:830} INFO - Processing file /home/airflow/.local/lib/python3.9/site-packages/airflow/example_dags/example_bash_decorator.py for tasks to queue
[2025-12-11T22:53:00.715+0000] {logging_mixin.py:188} INFO - [2025-12-11T22:53:00.715+0000] {dagbag.py:545} INFO - Filling up the DagBag from /home/airflow/.local/lib/python3.9/site-packages/airflow/example_dags/example_bash_decorator.py
[2025-12-11T22:53:00.794+0000] {processor.py:840} INFO - DAG(s) 'example_bash_decorator' retrieved from /home/airflow/.local/lib/python3.9/site-packages/airflow/example_dags/example_bash_decorator.py
[2025-12-11T22:53:01.051+0000] {logging_mixin.py:188} INFO - [2025-12-11T22:53:01.050+0000] {dag.py:3096} INFO - Sync 1 DAGs
[2025-12-11T22:53:01.153+0000] {logging_mixin.py:188} INFO - [2025-12-11T22:53:01.152+0000] {dag.py:3954} INFO - Setting next_dagrun for example_bash_decorator to None, run_after=None
[2025-12-11T22:53:01.313+0000] {processor.py:183} INFO - Processing /home/airflow/.local/lib/python3.9/site-packages/airflow/example_dags/example_bash_decorator.py took 0.684 seconds
[2025-12-11T22:53:32.340+0000] {processor.py:161} INFO - Started process (PID=263) to work on /home/airflow/.local/lib/python3.9/site-packages/airflow/example_dags/example_bash_decorator.py
[2025-12-11T22:53:32.349+0000] {processor.py:830} INFO - Processing file /home/airflow/.local/lib/python3.9/site-packages/airflow/example_dags/example_bash_decorator.py for tasks to queue
[2025-12-11T22:53:32.352+0000] {logging_mixin.py:188} INFO - [2025-12-11T22:53:32.352+0000] {dagbag.py:545} INFO - Filling up the DagBag from /home/airflow/.local/lib/python3.9/site-packages/airflow/example_dags/example_bash_decorator.py
[2025-12-11T22:53:32.396+0000] {processor.py:840} INFO - DAG(s) 'example_bash_decorator' retrieved from /home/airflow/.local/lib/python3.9/site-packages/airflow/example_dags/example_bash_decorator.py
[2025-12-11T22:53:32.531+0000] {logging_mixin.py:188} INFO - [2025-12-11T22:53:32.530+0000] {dag.py:3096} INFO - Sync 1 DAGs
[2025-12-11T22:53:32.590+0000] {logging_mixin.py:188} INFO - [2025-12-11T22:53:32.590+0000] {dag.py:3954} INFO - Setting next_dagrun for example_bash_decorator to None, run_after=None
[2025-12-11T22:53:32.674+0000] {processor.py:183} INFO - Processing /home/airflow/.local/lib/python3.9/site-packages/airflow/example_dags/example_bash_decorator.py took 0.356 seconds
[2025-12-11T22:54:03.181+0000] {processor.py:161} INFO - Started process (PID=322) to work on /home/airflow/.local/lib/python3.9/site-packages/airflow/example_dags/example_bash_decorator.py
[2025-12-11T22:54:03.183+0000] {processor.py:830} INFO - Processing file /home/airflow/.local/lib/python3.9/site-packages/airflow/example_dags/example_bash_decorator.py for tasks to queue
[2025-12-11T22:54:03.185+0000] {logging_mixin.py:188} INFO - [2025-12-11T22:54:03.185+0000] {dagbag.py:545} INFO - Filling up the DagBag from /home/airflow/.local/lib/python3.9/site-packages/airflow/example_dags/example_bash_decorator.py
[2025-12-11T22:54:03.211+0000] {processor.py:840} INFO - DAG(s) 'example_bash_decorator' retrieved from /home/airflow/.local/lib/python3.9/site-packages/airflow/example_dags/example_bash_decorator.py
[2025-12-11T22:54:03.251+0000] {logging_mixin.py:188} INFO - [2025-12-11T22:54:03.250+0000] {dag.py:3096} INFO - Sync 1 DAGs
[2025-12-11T22:54:03.271+0000] {logging_mixin.py:188} INFO - [2025-12-11T22:54:03.271+0000] {dag.py:3954} INFO - Setting next_dagrun for example_bash_decorator to None, run_after=None
[2025-12-11T22:54:03.420+0000] {processor.py:183} INFO - Processing /home/airflow/.local/lib/python3.9/site-packages/airflow/example_dags/example_bash_decorator.py took 0.250 seconds
[2025-12-11T22:54:33.929+0000] {processor.py:161} INFO - Started process (PID=388) to work on /home/airflow/.local/lib/python3.9/site-packages/airflow/example_dags/example_bash_decorator.py
[2025-12-11T22:54:33.931+0000] {processor.py:830} INFO - Processing file /home/airflow/.local/lib/python3.9/site-packages/airflow/example_dags/example_bash_decorator.py for tasks to queue
[2025-12-11T22:54:33.934+0000] {logging_mixin.py:188} INFO - [2025-12-11T22:54:33.933+0000] {dagbag.py:545} INFO - Filling up the DagBag from /home/airflow/.local/lib/python3.9/site-packages/airflow/example_dags/example_bash_decorator.py
[2025-12-11T22:54:33.954+0000] {processor.py:840} INFO - DAG(s) 'example_bash_decorator' retrieved from /home/airflow/.local/lib/python3.9/site-packages/airflow/example_dags/example_bash_decorator.py
[2025-12-11T22:54:33.999+0000] {logging_mixin.py:188} INFO - [2025-12-11T22:54:33.998+0000] {dag.py:3096} INFO - Sync 1 DAGs
[2025-12-11T22:54:34.023+0000] {logging_mixin.py:188} INFO - [2025-12-11T22:54:34.022+0000] {dag.py:3954} INFO - Setting next_dagrun for example_bash_decorator to None, run_after=None
[2025-12-11T22:54:34.054+0000] {processor.py:183} INFO - Processing /home/airflow/.local/lib/python3.9/site-packages/airflow/example_dags/example_bash_decorator.py took 0.136 seconds
[2025-12-11T22:55:04.754+0000] {processor.py:161} INFO - Started process (PID=454) to work on /home/airflow/.local/lib/python3.9/site-packages/airflow/example_dags/example_bash_decorator.py
[2025-12-11T22:55:04.756+0000] {processor.py:830} INFO - Processing file /home/airflow/.local/lib/python3.9/site-packages/airflow/example_dags/example_bash_decorator.py for tasks to queue
[2025-12-11T22:55:04.771+0000] {logging_mixin.py:188} INFO - [2025-12-11T22:55:04.771+0000] {dagbag.py:545} INFO - Filling up the DagBag from /home/airflow/.local/lib/python3.9/site-packages/airflow/example_dags/example_bash_decorator.py
[2025-12-11T22:55:04.830+0000] {processor.py:840} INFO - DAG(s) 'example_bash_decorator' retrieved from /home/airflow/.local/lib/python3.9/site-packages/airflow/example_dags/example_bash_decorator.py
[2025-12-11T22:55:04.914+0000] {logging_mixin.py:188} INFO - [2025-12-11T22:55:04.914+0000] {dag.py:3096} INFO - Sync 1 DAGs
[2025-12-11T22:55:04.953+0000] {logging_mixin.py:188} INFO - [2025-12-11T22:55:04.952+0000] {dag.py:3954} INFO - Setting next_dagrun for example_bash_decorator to None, run_after=None
[2025-12-11T22:55:05.012+0000] {processor.py:183} INFO - Processing /home/airflow/.local/lib/python3.9/site-packages/airflow/example_dags/example_bash_decorator.py took 0.291 seconds
[2025-12-11T22:55:35.374+0000] {processor.py:161} INFO - Started process (PID=520) to work on /home/airflow/.local/lib/python3.9/site-packages/airflow/example_dags/example_bash_decorator.py
[2025-12-11T22:55:35.376+0000] {processor.py:830} INFO - Processing file /home/airflow/.local/lib/python3.9/site-packages/airflow/example_dags/example_bash_decorator.py for tasks to queue
[2025-12-11T22:55:35.391+0000] {logging_mixin.py:188} INFO - [2025-12-11T22:55:35.391+0000] {dagbag.py:545} INFO - Filling up the DagBag from /home/airflow/.local/lib/python3.9/site-packages/airflow/example_dags/example_bash_decorator.py
[2025-12-11T22:55:35.451+0000] {processor.py:840} INFO - DAG(s) 'example_bash_decorator' retrieved from /home/airflow/.local/lib/python3.9/site-packages/airflow/example_dags/example_bash_decorator.py
[2025-12-11T22:55:35.570+0000] {logging_mixin.py:188} INFO - [2025-12-11T22:55:35.569+0000] {dag.py:3096} INFO - Sync 1 DAGs
[2025-12-11T22:55:35.639+0000] {logging_mixin.py:188} INFO - [2025-12-11T22:55:35.638+0000] {dag.py:3954} INFO - Setting next_dagrun for example_bash_decorator to None, run_after=None
[2025-12-11T22:55:35.702+0000] {processor.py:183} INFO - Processing /home/airflow/.local/lib/python3.9/site-packages/airflow/example_dags/example_bash_decorator.py took 0.365 seconds
[2025-12-11T22:56:06.594+0000] {processor.py:161} INFO - Started process (PID=586) to work on /home/airflow/.local/lib/python3.9/site-packages/airflow/example_dags/example_bash_decorator.py
[2025-12-11T22:56:06.595+0000] {processor.py:830} INFO - Processing file /home/airflow/.local/lib/python3.9/site-packages/airflow/example_dags/example_bash_decorator.py for tasks to queue
[2025-12-11T22:56:06.612+0000] {logging_mixin.py:188} INFO - [2025-12-11T22:56:06.611+0000] {dagbag.py:545} INFO - Filling up the DagBag from /home/airflow/.local/lib/python3.9/site-packages/airflow/example_dags/example_bash_decorator.py
[2025-12-11T22:56:06.690+0000] {processor.py:840} INFO - DAG(s) 'example_bash_decorator' retrieved from /home/airflow/.local/lib/python3.9/site-packages/airflow/example_dags/example_bash_decorator.py
[2025-12-11T22:56:06.781+0000] {logging_mixin.py:188} INFO - [2025-12-11T22:56:06.781+0000] {dag.py:3096} INFO - Sync 1 DAGs
[2025-12-11T22:56:06.816+0000] {logging_mixin.py:188} INFO - [2025-12-11T22:56:06.815+0000] {dag.py:3954} INFO - Setting next_dagrun for example_bash_decorator to None, run_after=None
[2025-12-11T22:56:06.858+0000] {processor.py:183} INFO - Processing /home/airflow/.local/lib/python3.9/site-packages/airflow/example_dags/example_bash_decorator.py took 0.289 seconds
[2025-12-11T22:56:37.186+0000] {processor.py:161} INFO - Started process (PID=652) to work on /home/airflow/.local/lib/python3.9/site-packages/airflow/example_dags/example_bash_decorator.py
[2025-12-11T22:56:37.193+0000] {processor.py:830} INFO - Processing file /home/airflow/.local/lib/python3.9/site-packages/airflow/example_dags/example_bash_decorator.py for tasks to queue
[2025-12-11T22:56:37.197+0000] {logging_mixin.py:188} INFO - [2025-12-11T22:56:37.196+0000] {dagbag.py:545} INFO - Filling up the DagBag from /home/airflow/.local/lib/python3.9/site-packages/airflow/example_dags/example_bash_decorator.py
[2025-12-11T22:56:37.230+0000] {processor.py:840} INFO - DAG(s) 'example_bash_decorator' retrieved from /home/airflow/.local/lib/python3.9/site-packages/airflow/example_dags/example_bash_decorator.py
[2025-12-11T22:56:37.298+0000] {logging_mixin.py:188} INFO - [2025-12-11T22:56:37.298+0000] {dag.py:3096} INFO - Sync 1 DAGs
[2025-12-11T22:56:37.330+0000] {logging_mixin.py:188} INFO - [2025-12-11T22:56:37.330+0000] {dag.py:3954} INFO - Setting next_dagrun for example_bash_decorator to None, run_after=None
[2025-12-11T22:56:37.361+0000] {processor.py:183} INFO - Processing /home/airflow/.local/lib/python3.9/site-packages/airflow/example_dags/example_bash_decorator.py took 0.185 seconds
[2025-12-11T22:57:07.778+0000] {processor.py:161} INFO - Started process (PID=718) to work on /home/airflow/.local/lib/python3.9/site-packages/airflow/example_dags/example_bash_decorator.py
[2025-12-11T22:57:07.780+0000] {processor.py:830} INFO - Processing file /home/airflow/.local/lib/python3.9/site-packages/airflow/example_dags/example_bash_decorator.py for tasks to queue
[2025-12-11T22:57:07.783+0000] {logging_mixin.py:188} INFO - [2025-12-11T22:57:07.782+0000] {dagbag.py:545} INFO - Filling up the DagBag from /home/airflow/.local/lib/python3.9/site-packages/airflow/example_dags/example_bash_decorator.py
[2025-12-11T22:57:07.809+0000] {processor.py:840} INFO - DAG(s) 'example_bash_decorator' retrieved from /home/airflow/.local/lib/python3.9/site-packages/airflow/example_dags/example_bash_decorator.py
[2025-12-11T22:57:07.855+0000] {logging_mixin.py:188} INFO - [2025-12-11T22:57:07.854+0000] {dag.py:3096} INFO - Sync 1 DAGs
[2025-12-11T22:57:07.879+0000] {logging_mixin.py:188} INFO - [2025-12-11T22:57:07.878+0000] {dag.py:3954} INFO - Setting next_dagrun for example_bash_decorator to None, run_after=None
[2025-12-11T22:57:07.911+0000] {processor.py:183} INFO - Processing /home/airflow/.local/lib/python3.9/site-packages/airflow/example_dags/example_bash_decorator.py took 0.146 seconds
[2025-12-11T22:57:38.802+0000] {processor.py:161} INFO - Started process (PID=784) to work on /home/airflow/.local/lib/python3.9/site-packages/airflow/example_dags/example_bash_decorator.py
[2025-12-11T22:57:38.803+0000] {processor.py:830} INFO - Processing file /home/airflow/.local/lib/python3.9/site-packages/airflow/example_dags/example_bash_decorator.py for tasks to queue
[2025-12-11T22:57:38.806+0000] {logging_mixin.py:188} INFO - [2025-12-11T22:57:38.806+0000] {dagbag.py:545} INFO - Filling up the DagBag from /home/airflow/.local/lib/python3.9/site-packages/airflow/example_dags/example_bash_decorator.py
[2025-12-11T22:57:38.826+0000] {processor.py:840} INFO - DAG(s) 'example_bash_decorator' retrieved from /home/airflow/.local/lib/python3.9/site-packages/airflow/example_dags/example_bash_decorator.py
[2025-12-11T22:57:38.894+0000] {logging_mixin.py:188} INFO - [2025-12-11T22:57:38.893+0000] {dag.py:3096} INFO - Sync 1 DAGs
[2025-12-11T22:57:38.920+0000] {logging_mixin.py:188} INFO - [2025-12-11T22:57:38.919+0000] {dag.py:3954} INFO - Setting next_dagrun for example_bash_decorator to None, run_after=None
[2025-12-11T22:57:38.955+0000] {processor.py:183} INFO - Processing /home/airflow/.local/lib/python3.9/site-packages/airflow/example_dags/example_bash_decorator.py took 0.164 seconds
[2025-12-11T22:58:09.271+0000] {processor.py:161} INFO - Started process (PID=850) to work on /home/airflow/.local/lib/python3.9/site-packages/airflow/example_dags/example_bash_decorator.py
[2025-12-11T22:58:09.273+0000] {processor.py:830} INFO - Processing file /home/airflow/.local/lib/python3.9/site-packages/airflow/example_dags/example_bash_decorator.py for tasks to queue
[2025-12-11T22:58:09.276+0000] {logging_mixin.py:188} INFO - [2025-12-11T22:58:09.275+0000] {dagbag.py:545} INFO - Filling up the DagBag from /home/airflow/.local/lib/python3.9/site-packages/airflow/example_dags/example_bash_decorator.py
[2025-12-11T22:58:09.297+0000] {processor.py:840} INFO - DAG(s) 'example_bash_decorator' retrieved from /home/airflow/.local/lib/python3.9/site-packages/airflow/example_dags/example_bash_decorator.py
[2025-12-11T22:58:09.342+0000] {logging_mixin.py:188} INFO - [2025-12-11T22:58:09.342+0000] {dag.py:3096} INFO - Sync 1 DAGs
[2025-12-11T22:58:09.363+0000] {logging_mixin.py:188} INFO - [2025-12-11T22:58:09.362+0000] {dag.py:3954} INFO - Setting next_dagrun for example_bash_decorator to None, run_after=None
[2025-12-11T22:58:09.412+0000] {processor.py:183} INFO - Processing /home/airflow/.local/lib/python3.9/site-packages/airflow/example_dags/example_bash_decorator.py took 0.154 seconds
[2025-12-11T22:58:40.237+0000] {processor.py:161} INFO - Started process (PID=916) to work on /home/airflow/.local/lib/python3.9/site-packages/airflow/example_dags/example_bash_decorator.py
[2025-12-11T22:58:40.457+0000] {processor.py:830} INFO - Processing file /home/airflow/.local/lib/python3.9/site-packages/airflow/example_dags/example_bash_decorator.py for tasks to queue
[2025-12-11T22:58:40.461+0000] {logging_mixin.py:188} INFO - [2025-12-11T22:58:40.460+0000] {dagbag.py:545} INFO - Filling up the DagBag from /home/airflow/.local/lib/python3.9/site-packages/airflow/example_dags/example_bash_decorator.py
[2025-12-11T22:58:40.519+0000] {processor.py:840} INFO - DAG(s) 'example_bash_decorator' retrieved from /home/airflow/.local/lib/python3.9/site-packages/airflow/example_dags/example_bash_decorator.py
[2025-12-11T22:58:40.599+0000] {logging_mixin.py:188} INFO - [2025-12-11T22:58:40.598+0000] {dag.py:3096} INFO - Sync 1 DAGs
[2025-12-11T22:58:40.652+0000] {logging_mixin.py:188} INFO - [2025-12-11T22:58:40.652+0000] {dag.py:3954} INFO - Setting next_dagrun for example_bash_decorator to None, run_after=None
[2025-12-11T22:58:41.357+0000] {processor.py:183} INFO - Processing /home/airflow/.local/lib/python3.9/site-packages/airflow/example_dags/example_bash_decorator.py took 1.141 seconds
[2025-12-11T22:59:12.183+0000] {processor.py:161} INFO - Started process (PID=982) to work on /home/airflow/.local/lib/python3.9/site-packages/airflow/example_dags/example_bash_decorator.py
[2025-12-11T22:59:12.185+0000] {processor.py:830} INFO - Processing file /home/airflow/.local/lib/python3.9/site-packages/airflow/example_dags/example_bash_decorator.py for tasks to queue
[2025-12-11T22:59:12.188+0000] {logging_mixin.py:188} INFO - [2025-12-11T22:59:12.187+0000] {dagbag.py:545} INFO - Filling up the DagBag from /home/airflow/.local/lib/python3.9/site-packages/airflow/example_dags/example_bash_decorator.py
[2025-12-11T22:59:12.207+0000] {processor.py:840} INFO - DAG(s) 'example_bash_decorator' retrieved from /home/airflow/.local/lib/python3.9/site-packages/airflow/example_dags/example_bash_decorator.py
[2025-12-11T22:59:12.243+0000] {logging_mixin.py:188} INFO - [2025-12-11T22:59:12.243+0000] {dag.py:3096} INFO - Sync 1 DAGs
[2025-12-11T22:59:12.261+0000] {logging_mixin.py:188} INFO - [2025-12-11T22:59:12.261+0000] {dag.py:3954} INFO - Setting next_dagrun for example_bash_decorator to None, run_after=None
[2025-12-11T22:59:12.284+0000] {processor.py:183} INFO - Processing /home/airflow/.local/lib/python3.9/site-packages/airflow/example_dags/example_bash_decorator.py took 0.111 seconds
[2025-12-11T22:59:42.907+0000] {processor.py:161} INFO - Started process (PID=1048) to work on /home/airflow/.local/lib/python3.9/site-packages/airflow/example_dags/example_bash_decorator.py
[2025-12-11T22:59:42.910+0000] {processor.py:830} INFO - Processing file /home/airflow/.local/lib/python3.9/site-packages/airflow/example_dags/example_bash_decorator.py for tasks to queue
[2025-12-11T22:59:42.913+0000] {logging_mixin.py:188} INFO - [2025-12-11T22:59:42.912+0000] {dagbag.py:545} INFO - Filling up the DagBag from /home/airflow/.local/lib/python3.9/site-packages/airflow/example_dags/example_bash_decorator.py
[2025-12-11T22:59:42.934+0000] {processor.py:840} INFO - DAG(s) 'example_bash_decorator' retrieved from /home/airflow/.local/lib/python3.9/site-packages/airflow/example_dags/example_bash_decorator.py
[2025-12-11T22:59:42.978+0000] {logging_mixin.py:188} INFO - [2025-12-11T22:59:42.977+0000] {dag.py:3096} INFO - Sync 1 DAGs
[2025-12-11T22:59:43.000+0000] {logging_mixin.py:188} INFO - [2025-12-11T22:59:43.000+0000] {dag.py:3954} INFO - Setting next_dagrun for example_bash_decorator to None, run_after=None
[2025-12-11T22:59:43.029+0000] {processor.py:183} INFO - Processing /home/airflow/.local/lib/python3.9/site-packages/airflow/example_dags/example_bash_decorator.py took 0.133 seconds
[2025-12-11T23:00:13.142+0000] {processor.py:161} INFO - Started process (PID=1114) to work on /home/airflow/.local/lib/python3.9/site-packages/airflow/example_dags/example_bash_decorator.py
[2025-12-11T23:00:13.144+0000] {processor.py:830} INFO - Processing file /home/airflow/.local/lib/python3.9/site-packages/airflow/example_dags/example_bash_decorator.py for tasks to queue
[2025-12-11T23:00:13.148+0000] {logging_mixin.py:188} INFO - [2025-12-11T23:00:13.147+0000] {dagbag.py:545} INFO - Filling up the DagBag from /home/airflow/.local/lib/python3.9/site-packages/airflow/example_dags/example_bash_decorator.py
[2025-12-11T23:00:13.177+0000] {processor.py:840} INFO - DAG(s) 'example_bash_decorator' retrieved from /home/airflow/.local/lib/python3.9/site-packages/airflow/example_dags/example_bash_decorator.py
[2025-12-11T23:00:13.239+0000] {logging_mixin.py:188} INFO - [2025-12-11T23:00:13.238+0000] {dag.py:3096} INFO - Sync 1 DAGs
[2025-12-11T23:00:13.267+0000] {logging_mixin.py:188} INFO - [2025-12-11T23:00:13.266+0000] {dag.py:3954} INFO - Setting next_dagrun for example_bash_decorator to None, run_after=None
[2025-12-11T23:00:13.316+0000] {processor.py:183} INFO - Processing /home/airflow/.local/lib/python3.9/site-packages/airflow/example_dags/example_bash_decorator.py took 0.185 seconds
[2025-12-11T23:00:43.504+0000] {processor.py:161} INFO - Started process (PID=1180) to work on /home/airflow/.local/lib/python3.9/site-packages/airflow/example_dags/example_bash_decorator.py
[2025-12-11T23:00:43.506+0000] {processor.py:830} INFO - Processing file /home/airflow/.local/lib/python3.9/site-packages/airflow/example_dags/example_bash_decorator.py for tasks to queue
[2025-12-11T23:00:43.508+0000] {logging_mixin.py:188} INFO - [2025-12-11T23:00:43.508+0000] {dagbag.py:545} INFO - Filling up the DagBag from /home/airflow/.local/lib/python3.9/site-packages/airflow/example_dags/example_bash_decorator.py
[2025-12-11T23:00:43.527+0000] {processor.py:840} INFO - DAG(s) 'example_bash_decorator' retrieved from /home/airflow/.local/lib/python3.9/site-packages/airflow/example_dags/example_bash_decorator.py
[2025-12-11T23:00:43.564+0000] {logging_mixin.py:188} INFO - [2025-12-11T23:00:43.564+0000] {dag.py:3096} INFO - Sync 1 DAGs
[2025-12-11T23:00:43.583+0000] {logging_mixin.py:188} INFO - [2025-12-11T23:00:43.583+0000] {dag.py:3954} INFO - Setting next_dagrun for example_bash_decorator to None, run_after=None
[2025-12-11T23:00:43.609+0000] {processor.py:183} INFO - Processing /home/airflow/.local/lib/python3.9/site-packages/airflow/example_dags/example_bash_decorator.py took 0.113 seconds
[2025-12-11T23:01:13.963+0000] {processor.py:161} INFO - Started process (PID=1246) to work on /home/airflow/.local/lib/python3.9/site-packages/airflow/example_dags/example_bash_decorator.py
[2025-12-11T23:01:13.964+0000] {processor.py:830} INFO - Processing file /home/airflow/.local/lib/python3.9/site-packages/airflow/example_dags/example_bash_decorator.py for tasks to queue
[2025-12-11T23:01:13.967+0000] {logging_mixin.py:188} INFO - [2025-12-11T23:01:13.966+0000] {dagbag.py:545} INFO - Filling up the DagBag from /home/airflow/.local/lib/python3.9/site-packages/airflow/example_dags/example_bash_decorator.py
[2025-12-11T23:01:13.986+0000] {processor.py:840} INFO - DAG(s) 'example_bash_decorator' retrieved from /home/airflow/.local/lib/python3.9/site-packages/airflow/example_dags/example_bash_decorator.py
[2025-12-11T23:01:14.034+0000] {logging_mixin.py:188} INFO - [2025-12-11T23:01:14.033+0000] {dag.py:3096} INFO - Sync 1 DAGs
[2025-12-11T23:01:14.053+0000] {logging_mixin.py:188} INFO - [2025-12-11T23:01:14.053+0000] {dag.py:3954} INFO - Setting next_dagrun for example_bash_decorator to None, run_after=None
[2025-12-11T23:01:14.079+0000] {processor.py:183} INFO - Processing /home/airflow/.local/lib/python3.9/site-packages/airflow/example_dags/example_bash_decorator.py took 0.125 seconds
[2025-12-11T23:01:44.255+0000] {processor.py:161} INFO - Started process (PID=1313) to work on /home/airflow/.local/lib/python3.9/site-packages/airflow/example_dags/example_bash_decorator.py
[2025-12-11T23:01:44.256+0000] {processor.py:830} INFO - Processing file /home/airflow/.local/lib/python3.9/site-packages/airflow/example_dags/example_bash_decorator.py for tasks to queue
[2025-12-11T23:01:44.259+0000] {logging_mixin.py:188} INFO - [2025-12-11T23:01:44.259+0000] {dagbag.py:545} INFO - Filling up the DagBag from /home/airflow/.local/lib/python3.9/site-packages/airflow/example_dags/example_bash_decorator.py
[2025-12-11T23:01:44.279+0000] {processor.py:840} INFO - DAG(s) 'example_bash_decorator' retrieved from /home/airflow/.local/lib/python3.9/site-packages/airflow/example_dags/example_bash_decorator.py
[2025-12-11T23:01:44.322+0000] {logging_mixin.py:188} INFO - [2025-12-11T23:01:44.321+0000] {dag.py:3096} INFO - Sync 1 DAGs
[2025-12-11T23:01:44.351+0000] {logging_mixin.py:188} INFO - [2025-12-11T23:01:44.350+0000] {dag.py:3954} INFO - Setting next_dagrun for example_bash_decorator to None, run_after=None
[2025-12-11T23:01:44.379+0000] {processor.py:183} INFO - Processing /home/airflow/.local/lib/python3.9/site-packages/airflow/example_dags/example_bash_decorator.py took 0.135 seconds
[2025-12-11T23:02:14.997+0000] {processor.py:161} INFO - Started process (PID=1380) to work on /home/airflow/.local/lib/python3.9/site-packages/airflow/example_dags/example_bash_decorator.py
[2025-12-11T23:02:14.998+0000] {processor.py:830} INFO - Processing file /home/airflow/.local/lib/python3.9/site-packages/airflow/example_dags/example_bash_decorator.py for tasks to queue
[2025-12-11T23:02:15.001+0000] {logging_mixin.py:188} INFO - [2025-12-11T23:02:15.000+0000] {dagbag.py:545} INFO - Filling up the DagBag from /home/airflow/.local/lib/python3.9/site-packages/airflow/example_dags/example_bash_decorator.py
[2025-12-11T23:02:15.020+0000] {processor.py:840} INFO - DAG(s) 'example_bash_decorator' retrieved from /home/airflow/.local/lib/python3.9/site-packages/airflow/example_dags/example_bash_decorator.py
[2025-12-11T23:02:15.067+0000] {logging_mixin.py:188} INFO - [2025-12-11T23:02:15.066+0000] {dag.py:3096} INFO - Sync 1 DAGs
[2025-12-11T23:02:15.089+0000] {logging_mixin.py:188} INFO - [2025-12-11T23:02:15.088+0000] {dag.py:3954} INFO - Setting next_dagrun for example_bash_decorator to None, run_after=None
[2025-12-11T23:02:15.118+0000] {processor.py:183} INFO - Processing /home/airflow/.local/lib/python3.9/site-packages/airflow/example_dags/example_bash_decorator.py took 0.131 seconds
[2025-12-11T23:02:46.099+0000] {processor.py:161} INFO - Started process (PID=1447) to work on /home/airflow/.local/lib/python3.9/site-packages/airflow/example_dags/example_bash_decorator.py
[2025-12-11T23:02:46.111+0000] {processor.py:830} INFO - Processing file /home/airflow/.local/lib/python3.9/site-packages/airflow/example_dags/example_bash_decorator.py for tasks to queue
[2025-12-11T23:02:46.114+0000] {logging_mixin.py:188} INFO - [2025-12-11T23:02:46.113+0000] {dagbag.py:545} INFO - Filling up the DagBag from /home/airflow/.local/lib/python3.9/site-packages/airflow/example_dags/example_bash_decorator.py
[2025-12-11T23:02:46.134+0000] {processor.py:840} INFO - DAG(s) 'example_bash_decorator' retrieved from /home/airflow/.local/lib/python3.9/site-packages/airflow/example_dags/example_bash_decorator.py
[2025-12-11T23:02:46.168+0000] {logging_mixin.py:188} INFO - [2025-12-11T23:02:46.168+0000] {dag.py:3096} INFO - Sync 1 DAGs
[2025-12-11T23:02:46.187+0000] {logging_mixin.py:188} INFO - [2025-12-11T23:02:46.187+0000] {dag.py:3954} INFO - Setting next_dagrun for example_bash_decorator to None, run_after=None
[2025-12-11T23:02:46.263+0000] {processor.py:183} INFO - Processing /home/airflow/.local/lib/python3.9/site-packages/airflow/example_dags/example_bash_decorator.py took 0.176 seconds
[2025-12-11T23:03:16.977+0000] {processor.py:161} INFO - Started process (PID=1515) to work on /home/airflow/.local/lib/python3.9/site-packages/airflow/example_dags/example_bash_decorator.py
[2025-12-11T23:03:16.978+0000] {processor.py:830} INFO - Processing file /home/airflow/.local/lib/python3.9/site-packages/airflow/example_dags/example_bash_decorator.py for tasks to queue
[2025-12-11T23:03:16.981+0000] {logging_mixin.py:188} INFO - [2025-12-11T23:03:16.980+0000] {dagbag.py:545} INFO - Filling up the DagBag from /home/airflow/.local/lib/python3.9/site-packages/airflow/example_dags/example_bash_decorator.py
[2025-12-11T23:03:17.013+0000] {processor.py:840} INFO - DAG(s) 'example_bash_decorator' retrieved from /home/airflow/.local/lib/python3.9/site-packages/airflow/example_dags/example_bash_decorator.py
[2025-12-11T23:03:17.073+0000] {logging_mixin.py:188} INFO - [2025-12-11T23:03:17.073+0000] {dag.py:3096} INFO - Sync 1 DAGs
[2025-12-11T23:03:17.117+0000] {logging_mixin.py:188} INFO - [2025-12-11T23:03:17.117+0000] {dag.py:3954} INFO - Setting next_dagrun for example_bash_decorator to None, run_after=None
[2025-12-11T23:03:17.232+0000] {processor.py:183} INFO - Processing /home/airflow/.local/lib/python3.9/site-packages/airflow/example_dags/example_bash_decorator.py took 0.272 seconds
[2025-12-11T23:03:47.414+0000] {processor.py:161} INFO - Started process (PID=1586) to work on /home/airflow/.local/lib/python3.9/site-packages/airflow/example_dags/example_bash_decorator.py
[2025-12-11T23:03:47.416+0000] {processor.py:830} INFO - Processing file /home/airflow/.local/lib/python3.9/site-packages/airflow/example_dags/example_bash_decorator.py for tasks to queue
[2025-12-11T23:03:47.419+0000] {logging_mixin.py:188} INFO - [2025-12-11T23:03:47.418+0000] {dagbag.py:545} INFO - Filling up the DagBag from /home/airflow/.local/lib/python3.9/site-packages/airflow/example_dags/example_bash_decorator.py
[2025-12-11T23:03:47.453+0000] {processor.py:840} INFO - DAG(s) 'example_bash_decorator' retrieved from /home/airflow/.local/lib/python3.9/site-packages/airflow/example_dags/example_bash_decorator.py
[2025-12-11T23:03:47.530+0000] {logging_mixin.py:188} INFO - [2025-12-11T23:03:47.530+0000] {dag.py:3096} INFO - Sync 1 DAGs
[2025-12-11T23:03:47.593+0000] {logging_mixin.py:188} INFO - [2025-12-11T23:03:47.592+0000] {dag.py:3954} INFO - Setting next_dagrun for example_bash_decorator to None, run_after=None
[2025-12-11T23:03:47.697+0000] {processor.py:183} INFO - Processing /home/airflow/.local/lib/python3.9/site-packages/airflow/example_dags/example_bash_decorator.py took 0.300 seconds
[2025-12-11T23:04:18.327+0000] {processor.py:161} INFO - Started process (PID=1657) to work on /home/airflow/.local/lib/python3.9/site-packages/airflow/example_dags/example_bash_decorator.py
[2025-12-11T23:04:18.555+0000] {processor.py:830} INFO - Processing file /home/airflow/.local/lib/python3.9/site-packages/airflow/example_dags/example_bash_decorator.py for tasks to queue
[2025-12-11T23:04:18.559+0000] {logging_mixin.py:188} INFO - [2025-12-11T23:04:18.559+0000] {dagbag.py:545} INFO - Filling up the DagBag from /home/airflow/.local/lib/python3.9/site-packages/airflow/example_dags/example_bash_decorator.py
[2025-12-11T23:04:18.599+0000] {processor.py:840} INFO - DAG(s) 'example_bash_decorator' retrieved from /home/airflow/.local/lib/python3.9/site-packages/airflow/example_dags/example_bash_decorator.py
[2025-12-11T23:04:18.680+0000] {logging_mixin.py:188} INFO - [2025-12-11T23:04:18.680+0000] {dag.py:3096} INFO - Sync 1 DAGs
[2025-12-11T23:04:18.718+0000] {logging_mixin.py:188} INFO - [2025-12-11T23:04:18.718+0000] {dag.py:3954} INFO - Setting next_dagrun for example_bash_decorator to None, run_after=None
[2025-12-11T23:04:18.799+0000] {processor.py:183} INFO - Processing /home/airflow/.local/lib/python3.9/site-packages/airflow/example_dags/example_bash_decorator.py took 0.486 seconds
[2025-12-11T23:04:49.305+0000] {processor.py:161} INFO - Started process (PID=1727) to work on /home/airflow/.local/lib/python3.9/site-packages/airflow/example_dags/example_bash_decorator.py
[2025-12-11T23:04:49.315+0000] {processor.py:830} INFO - Processing file /home/airflow/.local/lib/python3.9/site-packages/airflow/example_dags/example_bash_decorator.py for tasks to queue
[2025-12-11T23:04:49.318+0000] {logging_mixin.py:188} INFO - [2025-12-11T23:04:49.318+0000] {dagbag.py:545} INFO - Filling up the DagBag from /home/airflow/.local/lib/python3.9/site-packages/airflow/example_dags/example_bash_decorator.py
[2025-12-11T23:04:49.357+0000] {processor.py:840} INFO - DAG(s) 'example_bash_decorator' retrieved from /home/airflow/.local/lib/python3.9/site-packages/airflow/example_dags/example_bash_decorator.py
[2025-12-11T23:04:49.438+0000] {logging_mixin.py:188} INFO - [2025-12-11T23:04:49.438+0000] {dag.py:3096} INFO - Sync 1 DAGs
[2025-12-11T23:04:49.477+0000] {logging_mixin.py:188} INFO - [2025-12-11T23:04:49.476+0000] {dag.py:3954} INFO - Setting next_dagrun for example_bash_decorator to None, run_after=None
[2025-12-11T23:04:49.519+0000] {processor.py:183} INFO - Processing /home/airflow/.local/lib/python3.9/site-packages/airflow/example_dags/example_bash_decorator.py took 0.225 seconds
[2025-12-11T23:05:19.645+0000] {processor.py:161} INFO - Started process (PID=1800) to work on /home/airflow/.local/lib/python3.9/site-packages/airflow/example_dags/example_bash_decorator.py
[2025-12-11T23:05:19.647+0000] {processor.py:830} INFO - Processing file /home/airflow/.local/lib/python3.9/site-packages/airflow/example_dags/example_bash_decorator.py for tasks to queue
[2025-12-11T23:05:19.649+0000] {logging_mixin.py:188} INFO - [2025-12-11T23:05:19.649+0000] {dagbag.py:545} INFO - Filling up the DagBag from /home/airflow/.local/lib/python3.9/site-packages/airflow/example_dags/example_bash_decorator.py
[2025-12-11T23:05:19.668+0000] {processor.py:840} INFO - DAG(s) 'example_bash_decorator' retrieved from /home/airflow/.local/lib/python3.9/site-packages/airflow/example_dags/example_bash_decorator.py
[2025-12-11T23:05:19.705+0000] {logging_mixin.py:188} INFO - [2025-12-11T23:05:19.705+0000] {dag.py:3096} INFO - Sync 1 DAGs
[2025-12-11T23:05:19.724+0000] {logging_mixin.py:188} INFO - [2025-12-11T23:05:19.724+0000] {dag.py:3954} INFO - Setting next_dagrun for example_bash_decorator to None, run_after=None
[2025-12-11T23:05:19.749+0000] {processor.py:183} INFO - Processing /home/airflow/.local/lib/python3.9/site-packages/airflow/example_dags/example_bash_decorator.py took 0.114 seconds
[2025-12-11T23:05:50.239+0000] {processor.py:161} INFO - Started process (PID=1875) to work on /home/airflow/.local/lib/python3.9/site-packages/airflow/example_dags/example_bash_decorator.py
[2025-12-11T23:05:50.240+0000] {processor.py:830} INFO - Processing file /home/airflow/.local/lib/python3.9/site-packages/airflow/example_dags/example_bash_decorator.py for tasks to queue
[2025-12-11T23:05:50.251+0000] {logging_mixin.py:188} INFO - [2025-12-11T23:05:50.251+0000] {dagbag.py:545} INFO - Filling up the DagBag from /home/airflow/.local/lib/python3.9/site-packages/airflow/example_dags/example_bash_decorator.py
[2025-12-11T23:05:50.280+0000] {processor.py:840} INFO - DAG(s) 'example_bash_decorator' retrieved from /home/airflow/.local/lib/python3.9/site-packages/airflow/example_dags/example_bash_decorator.py
[2025-12-11T23:05:50.340+0000] {logging_mixin.py:188} INFO - [2025-12-11T23:05:50.340+0000] {dag.py:3096} INFO - Sync 1 DAGs
[2025-12-11T23:05:50.377+0000] {logging_mixin.py:188} INFO - [2025-12-11T23:05:50.377+0000] {dag.py:3954} INFO - Setting next_dagrun for example_bash_decorator to None, run_after=None
[2025-12-11T23:05:50.420+0000] {processor.py:183} INFO - Processing /home/airflow/.local/lib/python3.9/site-packages/airflow/example_dags/example_bash_decorator.py took 0.199 seconds
[2025-12-11T23:06:21.297+0000] {processor.py:161} INFO - Started process (PID=1943) to work on /home/airflow/.local/lib/python3.9/site-packages/airflow/example_dags/example_bash_decorator.py
[2025-12-11T23:06:21.299+0000] {processor.py:830} INFO - Processing file /home/airflow/.local/lib/python3.9/site-packages/airflow/example_dags/example_bash_decorator.py for tasks to queue
[2025-12-11T23:06:21.302+0000] {logging_mixin.py:188} INFO - [2025-12-11T23:06:21.302+0000] {dagbag.py:545} INFO - Filling up the DagBag from /home/airflow/.local/lib/python3.9/site-packages/airflow/example_dags/example_bash_decorator.py
[2025-12-11T23:06:21.350+0000] {processor.py:840} INFO - DAG(s) 'example_bash_decorator' retrieved from /home/airflow/.local/lib/python3.9/site-packages/airflow/example_dags/example_bash_decorator.py
[2025-12-11T23:06:21.456+0000] {logging_mixin.py:188} INFO - [2025-12-11T23:06:21.455+0000] {dag.py:3096} INFO - Sync 1 DAGs
[2025-12-11T23:06:21.511+0000] {logging_mixin.py:188} INFO - [2025-12-11T23:06:21.510+0000] {dag.py:3954} INFO - Setting next_dagrun for example_bash_decorator to None, run_after=None
[2025-12-11T23:06:21.572+0000] {processor.py:183} INFO - Processing /home/airflow/.local/lib/python3.9/site-packages/airflow/example_dags/example_bash_decorator.py took 0.318 seconds
[2025-12-11T23:06:52.194+0000] {processor.py:161} INFO - Started process (PID=2014) to work on /home/airflow/.local/lib/python3.9/site-packages/airflow/example_dags/example_bash_decorator.py
[2025-12-11T23:06:52.196+0000] {processor.py:830} INFO - Processing file /home/airflow/.local/lib/python3.9/site-packages/airflow/example_dags/example_bash_decorator.py for tasks to queue
[2025-12-11T23:06:52.198+0000] {logging_mixin.py:188} INFO - [2025-12-11T23:06:52.198+0000] {dagbag.py:545} INFO - Filling up the DagBag from /home/airflow/.local/lib/python3.9/site-packages/airflow/example_dags/example_bash_decorator.py
[2025-12-11T23:06:52.221+0000] {processor.py:840} INFO - DAG(s) 'example_bash_decorator' retrieved from /home/airflow/.local/lib/python3.9/site-packages/airflow/example_dags/example_bash_decorator.py
[2025-12-11T23:06:52.263+0000] {logging_mixin.py:188} INFO - [2025-12-11T23:06:52.262+0000] {dag.py:3096} INFO - Sync 1 DAGs
[2025-12-11T23:06:52.282+0000] {logging_mixin.py:188} INFO - [2025-12-11T23:06:52.282+0000] {dag.py:3954} INFO - Setting next_dagrun for example_bash_decorator to None, run_after=None
[2025-12-11T23:06:52.311+0000] {processor.py:183} INFO - Processing /home/airflow/.local/lib/python3.9/site-packages/airflow/example_dags/example_bash_decorator.py took 0.127 seconds
[2025-12-11T23:07:22.635+0000] {processor.py:161} INFO - Started process (PID=2086) to work on /home/airflow/.local/lib/python3.9/site-packages/airflow/example_dags/example_bash_decorator.py
[2025-12-11T23:07:22.722+0000] {processor.py:830} INFO - Processing file /home/airflow/.local/lib/python3.9/site-packages/airflow/example_dags/example_bash_decorator.py for tasks to queue
[2025-12-11T23:07:22.725+0000] {logging_mixin.py:188} INFO - [2025-12-11T23:07:22.725+0000] {dagbag.py:545} INFO - Filling up the DagBag from /home/airflow/.local/lib/python3.9/site-packages/airflow/example_dags/example_bash_decorator.py
[2025-12-11T23:07:22.745+0000] {processor.py:840} INFO - DAG(s) 'example_bash_decorator' retrieved from /home/airflow/.local/lib/python3.9/site-packages/airflow/example_dags/example_bash_decorator.py
[2025-12-11T23:07:22.788+0000] {logging_mixin.py:188} INFO - [2025-12-11T23:07:22.788+0000] {dag.py:3096} INFO - Sync 1 DAGs
[2025-12-11T23:07:22.841+0000] {logging_mixin.py:188} INFO - [2025-12-11T23:07:22.841+0000] {dag.py:3954} INFO - Setting next_dagrun for example_bash_decorator to None, run_after=None
[2025-12-11T23:07:22.876+0000] {processor.py:183} INFO - Processing /home/airflow/.local/lib/python3.9/site-packages/airflow/example_dags/example_bash_decorator.py took 0.251 seconds
[2025-12-11T23:07:53.714+0000] {processor.py:161} INFO - Started process (PID=2158) to work on /home/airflow/.local/lib/python3.9/site-packages/airflow/example_dags/example_bash_decorator.py
[2025-12-11T23:07:53.756+0000] {processor.py:830} INFO - Processing file /home/airflow/.local/lib/python3.9/site-packages/airflow/example_dags/example_bash_decorator.py for tasks to queue
[2025-12-11T23:07:53.759+0000] {logging_mixin.py:188} INFO - [2025-12-11T23:07:53.759+0000] {dagbag.py:545} INFO - Filling up the DagBag from /home/airflow/.local/lib/python3.9/site-packages/airflow/example_dags/example_bash_decorator.py
[2025-12-11T23:07:53.781+0000] {processor.py:840} INFO - DAG(s) 'example_bash_decorator' retrieved from /home/airflow/.local/lib/python3.9/site-packages/airflow/example_dags/example_bash_decorator.py
[2025-12-11T23:07:53.825+0000] {logging_mixin.py:188} INFO - [2025-12-11T23:07:53.824+0000] {dag.py:3096} INFO - Sync 1 DAGs
[2025-12-11T23:07:53.846+0000] {logging_mixin.py:188} INFO - [2025-12-11T23:07:53.846+0000] {dag.py:3954} INFO - Setting next_dagrun for example_bash_decorator to None, run_after=None
[2025-12-11T23:07:53.935+0000] {processor.py:183} INFO - Processing /home/airflow/.local/lib/python3.9/site-packages/airflow/example_dags/example_bash_decorator.py took 0.236 seconds
[2025-12-11T23:08:24.215+0000] {processor.py:161} INFO - Started process (PID=2229) to work on /home/airflow/.local/lib/python3.9/site-packages/airflow/example_dags/example_bash_decorator.py
[2025-12-11T23:08:24.219+0000] {processor.py:830} INFO - Processing file /home/airflow/.local/lib/python3.9/site-packages/airflow/example_dags/example_bash_decorator.py for tasks to queue
[2025-12-11T23:08:24.222+0000] {logging_mixin.py:188} INFO - [2025-12-11T23:08:24.221+0000] {dagbag.py:545} INFO - Filling up the DagBag from /home/airflow/.local/lib/python3.9/site-packages/airflow/example_dags/example_bash_decorator.py
[2025-12-11T23:08:24.248+0000] {processor.py:840} INFO - DAG(s) 'example_bash_decorator' retrieved from /home/airflow/.local/lib/python3.9/site-packages/airflow/example_dags/example_bash_decorator.py
[2025-12-11T23:08:24.288+0000] {logging_mixin.py:188} INFO - [2025-12-11T23:08:24.287+0000] {dag.py:3096} INFO - Sync 1 DAGs
[2025-12-11T23:08:24.332+0000] {logging_mixin.py:188} INFO - [2025-12-11T23:08:24.332+0000] {dag.py:3954} INFO - Setting next_dagrun for example_bash_decorator to None, run_after=None
[2025-12-11T23:08:24.364+0000] {processor.py:183} INFO - Processing /home/airflow/.local/lib/python3.9/site-packages/airflow/example_dags/example_bash_decorator.py took 0.168 seconds
[2025-12-11T23:08:54.417+0000] {processor.py:161} INFO - Started process (PID=2296) to work on /home/airflow/.local/lib/python3.9/site-packages/airflow/example_dags/example_bash_decorator.py
[2025-12-11T23:08:54.419+0000] {processor.py:830} INFO - Processing file /home/airflow/.local/lib/python3.9/site-packages/airflow/example_dags/example_bash_decorator.py for tasks to queue
[2025-12-11T23:08:54.421+0000] {logging_mixin.py:188} INFO - [2025-12-11T23:08:54.421+0000] {dagbag.py:545} INFO - Filling up the DagBag from /home/airflow/.local/lib/python3.9/site-packages/airflow/example_dags/example_bash_decorator.py
[2025-12-11T23:08:54.445+0000] {processor.py:840} INFO - DAG(s) 'example_bash_decorator' retrieved from /home/airflow/.local/lib/python3.9/site-packages/airflow/example_dags/example_bash_decorator.py
[2025-12-11T23:08:54.484+0000] {logging_mixin.py:188} INFO - [2025-12-11T23:08:54.484+0000] {dag.py:3096} INFO - Sync 1 DAGs
[2025-12-11T23:08:54.504+0000] {logging_mixin.py:188} INFO - [2025-12-11T23:08:54.504+0000] {dag.py:3954} INFO - Setting next_dagrun for example_bash_decorator to None, run_after=None
[2025-12-11T23:08:54.536+0000] {processor.py:183} INFO - Processing /home/airflow/.local/lib/python3.9/site-packages/airflow/example_dags/example_bash_decorator.py took 0.129 seconds
[2025-12-11T23:09:24.956+0000] {processor.py:161} INFO - Started process (PID=2368) to work on /home/airflow/.local/lib/python3.9/site-packages/airflow/example_dags/example_bash_decorator.py
[2025-12-11T23:09:24.958+0000] {processor.py:830} INFO - Processing file /home/airflow/.local/lib/python3.9/site-packages/airflow/example_dags/example_bash_decorator.py for tasks to queue
[2025-12-11T23:09:24.961+0000] {logging_mixin.py:188} INFO - [2025-12-11T23:09:24.960+0000] {dagbag.py:545} INFO - Filling up the DagBag from /home/airflow/.local/lib/python3.9/site-packages/airflow/example_dags/example_bash_decorator.py
[2025-12-11T23:09:24.982+0000] {processor.py:840} INFO - DAG(s) 'example_bash_decorator' retrieved from /home/airflow/.local/lib/python3.9/site-packages/airflow/example_dags/example_bash_decorator.py
[2025-12-11T23:09:25.024+0000] {logging_mixin.py:188} INFO - [2025-12-11T23:09:25.023+0000] {dag.py:3096} INFO - Sync 1 DAGs
[2025-12-11T23:09:25.051+0000] {logging_mixin.py:188} INFO - [2025-12-11T23:09:25.051+0000] {dag.py:3954} INFO - Setting next_dagrun for example_bash_decorator to None, run_after=None
[2025-12-11T23:09:25.083+0000] {processor.py:183} INFO - Processing /home/airflow/.local/lib/python3.9/site-packages/airflow/example_dags/example_bash_decorator.py took 0.138 seconds
[2025-12-11T23:09:57.527+0000] {processor.py:161} INFO - Started process (PID=2439) to work on /home/airflow/.local/lib/python3.9/site-packages/airflow/example_dags/example_bash_decorator.py
[2025-12-11T23:09:57.597+0000] {processor.py:830} INFO - Processing file /home/airflow/.local/lib/python3.9/site-packages/airflow/example_dags/example_bash_decorator.py for tasks to queue
[2025-12-11T23:09:57.600+0000] {logging_mixin.py:188} INFO - [2025-12-11T23:09:57.600+0000] {dagbag.py:545} INFO - Filling up the DagBag from /home/airflow/.local/lib/python3.9/site-packages/airflow/example_dags/example_bash_decorator.py
[2025-12-11T23:09:57.620+0000] {processor.py:840} INFO - DAG(s) 'example_bash_decorator' retrieved from /home/airflow/.local/lib/python3.9/site-packages/airflow/example_dags/example_bash_decorator.py
[2025-12-11T23:09:57.663+0000] {logging_mixin.py:188} INFO - [2025-12-11T23:09:57.663+0000] {dag.py:3096} INFO - Sync 1 DAGs
[2025-12-11T23:09:57.686+0000] {logging_mixin.py:188} INFO - [2025-12-11T23:09:57.685+0000] {dag.py:3954} INFO - Setting next_dagrun for example_bash_decorator to None, run_after=None
[2025-12-11T23:09:57.745+0000] {processor.py:183} INFO - Processing /home/airflow/.local/lib/python3.9/site-packages/airflow/example_dags/example_bash_decorator.py took 0.228 seconds
[2025-12-11T23:10:28.007+0000] {processor.py:161} INFO - Started process (PID=2508) to work on /home/airflow/.local/lib/python3.9/site-packages/airflow/example_dags/example_bash_decorator.py
[2025-12-11T23:10:28.009+0000] {processor.py:830} INFO - Processing file /home/airflow/.local/lib/python3.9/site-packages/airflow/example_dags/example_bash_decorator.py for tasks to queue
[2025-12-11T23:10:28.012+0000] {logging_mixin.py:188} INFO - [2025-12-11T23:10:28.011+0000] {dagbag.py:545} INFO - Filling up the DagBag from /home/airflow/.local/lib/python3.9/site-packages/airflow/example_dags/example_bash_decorator.py
[2025-12-11T23:10:28.032+0000] {processor.py:840} INFO - DAG(s) 'example_bash_decorator' retrieved from /home/airflow/.local/lib/python3.9/site-packages/airflow/example_dags/example_bash_decorator.py
[2025-12-11T23:10:28.078+0000] {logging_mixin.py:188} INFO - [2025-12-11T23:10:28.077+0000] {dag.py:3096} INFO - Sync 1 DAGs
[2025-12-11T23:10:28.100+0000] {logging_mixin.py:188} INFO - [2025-12-11T23:10:28.099+0000] {dag.py:3954} INFO - Setting next_dagrun for example_bash_decorator to None, run_after=None
[2025-12-11T23:10:28.137+0000] {processor.py:183} INFO - Processing /home/airflow/.local/lib/python3.9/site-packages/airflow/example_dags/example_bash_decorator.py took 0.140 seconds
[2025-12-11T23:10:58.380+0000] {processor.py:161} INFO - Started process (PID=2578) to work on /home/airflow/.local/lib/python3.9/site-packages/airflow/example_dags/example_bash_decorator.py
[2025-12-11T23:10:58.382+0000] {processor.py:830} INFO - Processing file /home/airflow/.local/lib/python3.9/site-packages/airflow/example_dags/example_bash_decorator.py for tasks to queue
[2025-12-11T23:10:58.384+0000] {logging_mixin.py:188} INFO - [2025-12-11T23:10:58.384+0000] {dagbag.py:545} INFO - Filling up the DagBag from /home/airflow/.local/lib/python3.9/site-packages/airflow/example_dags/example_bash_decorator.py
[2025-12-11T23:10:58.405+0000] {processor.py:840} INFO - DAG(s) 'example_bash_decorator' retrieved from /home/airflow/.local/lib/python3.9/site-packages/airflow/example_dags/example_bash_decorator.py
[2025-12-11T23:10:58.444+0000] {logging_mixin.py:188} INFO - [2025-12-11T23:10:58.444+0000] {dag.py:3096} INFO - Sync 1 DAGs
[2025-12-11T23:10:58.466+0000] {logging_mixin.py:188} INFO - [2025-12-11T23:10:58.465+0000] {dag.py:3954} INFO - Setting next_dagrun for example_bash_decorator to None, run_after=None
[2025-12-11T23:10:58.490+0000] {processor.py:183} INFO - Processing /home/airflow/.local/lib/python3.9/site-packages/airflow/example_dags/example_bash_decorator.py took 0.120 seconds
[2025-12-11T23:11:29.859+0000] {processor.py:161} INFO - Started process (PID=2645) to work on /home/airflow/.local/lib/python3.9/site-packages/airflow/example_dags/example_bash_decorator.py
[2025-12-11T23:11:29.870+0000] {processor.py:830} INFO - Processing file /home/airflow/.local/lib/python3.9/site-packages/airflow/example_dags/example_bash_decorator.py for tasks to queue
[2025-12-11T23:11:29.879+0000] {logging_mixin.py:188} INFO - [2025-12-11T23:11:29.878+0000] {dagbag.py:545} INFO - Filling up the DagBag from /home/airflow/.local/lib/python3.9/site-packages/airflow/example_dags/example_bash_decorator.py
[2025-12-11T23:11:29.905+0000] {processor.py:840} INFO - DAG(s) 'example_bash_decorator' retrieved from /home/airflow/.local/lib/python3.9/site-packages/airflow/example_dags/example_bash_decorator.py
[2025-12-11T23:11:29.960+0000] {logging_mixin.py:188} INFO - [2025-12-11T23:11:29.959+0000] {dag.py:3096} INFO - Sync 1 DAGs
[2025-12-11T23:11:29.987+0000] {logging_mixin.py:188} INFO - [2025-12-11T23:11:29.987+0000] {dag.py:3954} INFO - Setting next_dagrun for example_bash_decorator to None, run_after=None
[2025-12-11T23:11:30.020+0000] {processor.py:183} INFO - Processing /home/airflow/.local/lib/python3.9/site-packages/airflow/example_dags/example_bash_decorator.py took 0.172 seconds
[2025-12-11T23:12:00.934+0000] {processor.py:161} INFO - Started process (PID=2712) to work on /home/airflow/.local/lib/python3.9/site-packages/airflow/example_dags/example_bash_decorator.py
[2025-12-11T23:12:00.941+0000] {processor.py:830} INFO - Processing file /home/airflow/.local/lib/python3.9/site-packages/airflow/example_dags/example_bash_decorator.py for tasks to queue
[2025-12-11T23:12:00.945+0000] {logging_mixin.py:188} INFO - [2025-12-11T23:12:00.945+0000] {dagbag.py:545} INFO - Filling up the DagBag from /home/airflow/.local/lib/python3.9/site-packages/airflow/example_dags/example_bash_decorator.py
[2025-12-11T23:12:00.968+0000] {processor.py:840} INFO - DAG(s) 'example_bash_decorator' retrieved from /home/airflow/.local/lib/python3.9/site-packages/airflow/example_dags/example_bash_decorator.py
[2025-12-11T23:12:01.019+0000] {logging_mixin.py:188} INFO - [2025-12-11T23:12:01.018+0000] {dag.py:3096} INFO - Sync 1 DAGs
[2025-12-11T23:12:01.074+0000] {logging_mixin.py:188} INFO - [2025-12-11T23:12:01.074+0000] {dag.py:3954} INFO - Setting next_dagrun for example_bash_decorator to None, run_after=None
[2025-12-11T23:12:01.151+0000] {processor.py:183} INFO - Processing /home/airflow/.local/lib/python3.9/site-packages/airflow/example_dags/example_bash_decorator.py took 0.232 seconds
[2025-12-11T23:12:34.376+0000] {processor.py:161} INFO - Started process (PID=2779) to work on /home/airflow/.local/lib/python3.9/site-packages/airflow/example_dags/example_bash_decorator.py
[2025-12-11T23:12:34.377+0000] {processor.py:830} INFO - Processing file /home/airflow/.local/lib/python3.9/site-packages/airflow/example_dags/example_bash_decorator.py for tasks to queue
[2025-12-11T23:12:34.380+0000] {logging_mixin.py:188} INFO - [2025-12-11T23:12:34.380+0000] {dagbag.py:545} INFO - Filling up the DagBag from /home/airflow/.local/lib/python3.9/site-packages/airflow/example_dags/example_bash_decorator.py
[2025-12-11T23:12:34.401+0000] {processor.py:840} INFO - DAG(s) 'example_bash_decorator' retrieved from /home/airflow/.local/lib/python3.9/site-packages/airflow/example_dags/example_bash_decorator.py
[2025-12-11T23:12:34.450+0000] {logging_mixin.py:188} INFO - [2025-12-11T23:12:34.450+0000] {dag.py:3096} INFO - Sync 1 DAGs
[2025-12-11T23:12:34.477+0000] {logging_mixin.py:188} INFO - [2025-12-11T23:12:34.476+0000] {dag.py:3954} INFO - Setting next_dagrun for example_bash_decorator to None, run_after=None
[2025-12-11T23:12:34.565+0000] {processor.py:183} INFO - Processing /home/airflow/.local/lib/python3.9/site-packages/airflow/example_dags/example_bash_decorator.py took 0.206 seconds
[2025-12-11T23:13:05.282+0000] {processor.py:161} INFO - Started process (PID=2853) to work on /home/airflow/.local/lib/python3.9/site-packages/airflow/example_dags/example_bash_decorator.py
[2025-12-11T23:13:05.289+0000] {processor.py:830} INFO - Processing file /home/airflow/.local/lib/python3.9/site-packages/airflow/example_dags/example_bash_decorator.py for tasks to queue
[2025-12-11T23:13:05.293+0000] {logging_mixin.py:188} INFO - [2025-12-11T23:13:05.292+0000] {dagbag.py:545} INFO - Filling up the DagBag from /home/airflow/.local/lib/python3.9/site-packages/airflow/example_dags/example_bash_decorator.py
[2025-12-11T23:13:05.339+0000] {processor.py:840} INFO - DAG(s) 'example_bash_decorator' retrieved from /home/airflow/.local/lib/python3.9/site-packages/airflow/example_dags/example_bash_decorator.py
[2025-12-11T23:13:05.416+0000] {logging_mixin.py:188} INFO - [2025-12-11T23:13:05.416+0000] {dag.py:3096} INFO - Sync 1 DAGs
[2025-12-11T23:13:05.451+0000] {logging_mixin.py:188} INFO - [2025-12-11T23:13:05.451+0000] {dag.py:3954} INFO - Setting next_dagrun for example_bash_decorator to None, run_after=None
[2025-12-11T23:13:05.511+0000] {processor.py:183} INFO - Processing /home/airflow/.local/lib/python3.9/site-packages/airflow/example_dags/example_bash_decorator.py took 0.241 seconds
[2025-12-11T23:13:35.685+0000] {processor.py:161} INFO - Started process (PID=2920) to work on /home/airflow/.local/lib/python3.9/site-packages/airflow/example_dags/example_bash_decorator.py
[2025-12-11T23:13:35.691+0000] {processor.py:830} INFO - Processing file /home/airflow/.local/lib/python3.9/site-packages/airflow/example_dags/example_bash_decorator.py for tasks to queue
[2025-12-11T23:13:35.694+0000] {logging_mixin.py:188} INFO - [2025-12-11T23:13:35.694+0000] {dagbag.py:545} INFO - Filling up the DagBag from /home/airflow/.local/lib/python3.9/site-packages/airflow/example_dags/example_bash_decorator.py
[2025-12-11T23:13:35.717+0000] {processor.py:840} INFO - DAG(s) 'example_bash_decorator' retrieved from /home/airflow/.local/lib/python3.9/site-packages/airflow/example_dags/example_bash_decorator.py
[2025-12-11T23:13:35.762+0000] {logging_mixin.py:188} INFO - [2025-12-11T23:13:35.762+0000] {dag.py:3096} INFO - Sync 1 DAGs
[2025-12-11T23:13:35.787+0000] {logging_mixin.py:188} INFO - [2025-12-11T23:13:35.786+0000] {dag.py:3954} INFO - Setting next_dagrun for example_bash_decorator to None, run_after=None
[2025-12-11T23:13:35.817+0000] {processor.py:183} INFO - Processing /home/airflow/.local/lib/python3.9/site-packages/airflow/example_dags/example_bash_decorator.py took 0.143 seconds
[2025-12-11T23:14:06.634+0000] {processor.py:161} INFO - Started process (PID=2987) to work on /home/airflow/.local/lib/python3.9/site-packages/airflow/example_dags/example_bash_decorator.py
[2025-12-11T23:14:06.648+0000] {processor.py:830} INFO - Processing file /home/airflow/.local/lib/python3.9/site-packages/airflow/example_dags/example_bash_decorator.py for tasks to queue
[2025-12-11T23:14:06.651+0000] {logging_mixin.py:188} INFO - [2025-12-11T23:14:06.651+0000] {dagbag.py:545} INFO - Filling up the DagBag from /home/airflow/.local/lib/python3.9/site-packages/airflow/example_dags/example_bash_decorator.py
[2025-12-11T23:14:06.674+0000] {processor.py:840} INFO - DAG(s) 'example_bash_decorator' retrieved from /home/airflow/.local/lib/python3.9/site-packages/airflow/example_dags/example_bash_decorator.py
[2025-12-11T23:14:06.733+0000] {logging_mixin.py:188} INFO - [2025-12-11T23:14:06.732+0000] {dag.py:3096} INFO - Sync 1 DAGs
[2025-12-11T23:14:06.758+0000] {logging_mixin.py:188} INFO - [2025-12-11T23:14:06.757+0000] {dag.py:3954} INFO - Setting next_dagrun for example_bash_decorator to None, run_after=None
[2025-12-11T23:14:07.175+0000] {processor.py:183} INFO - Processing /home/airflow/.local/lib/python3.9/site-packages/airflow/example_dags/example_bash_decorator.py took 0.552 seconds
[2025-12-11T23:14:37.639+0000] {processor.py:161} INFO - Started process (PID=3054) to work on /home/airflow/.local/lib/python3.9/site-packages/airflow/example_dags/example_bash_decorator.py
[2025-12-11T23:14:37.649+0000] {processor.py:830} INFO - Processing file /home/airflow/.local/lib/python3.9/site-packages/airflow/example_dags/example_bash_decorator.py for tasks to queue
[2025-12-11T23:14:37.652+0000] {logging_mixin.py:188} INFO - [2025-12-11T23:14:37.651+0000] {dagbag.py:545} INFO - Filling up the DagBag from /home/airflow/.local/lib/python3.9/site-packages/airflow/example_dags/example_bash_decorator.py
[2025-12-11T23:14:37.713+0000] {processor.py:840} INFO - DAG(s) 'example_bash_decorator' retrieved from /home/airflow/.local/lib/python3.9/site-packages/airflow/example_dags/example_bash_decorator.py
[2025-12-11T23:14:37.834+0000] {logging_mixin.py:188} INFO - [2025-12-11T23:14:37.834+0000] {dag.py:3096} INFO - Sync 1 DAGs
[2025-12-11T23:14:37.891+0000] {logging_mixin.py:188} INFO - [2025-12-11T23:14:37.890+0000] {dag.py:3954} INFO - Setting next_dagrun for example_bash_decorator to None, run_after=None
[2025-12-11T23:14:37.957+0000] {processor.py:183} INFO - Processing /home/airflow/.local/lib/python3.9/site-packages/airflow/example_dags/example_bash_decorator.py took 0.340 seconds
[2025-12-11T23:15:08.161+0000] {processor.py:161} INFO - Started process (PID=3121) to work on /home/airflow/.local/lib/python3.9/site-packages/airflow/example_dags/example_bash_decorator.py
[2025-12-11T23:15:08.170+0000] {processor.py:830} INFO - Processing file /home/airflow/.local/lib/python3.9/site-packages/airflow/example_dags/example_bash_decorator.py for tasks to queue
[2025-12-11T23:15:08.173+0000] {logging_mixin.py:188} INFO - [2025-12-11T23:15:08.172+0000] {dagbag.py:545} INFO - Filling up the DagBag from /home/airflow/.local/lib/python3.9/site-packages/airflow/example_dags/example_bash_decorator.py
[2025-12-11T23:15:08.198+0000] {processor.py:840} INFO - DAG(s) 'example_bash_decorator' retrieved from /home/airflow/.local/lib/python3.9/site-packages/airflow/example_dags/example_bash_decorator.py
[2025-12-11T23:15:08.247+0000] {logging_mixin.py:188} INFO - [2025-12-11T23:15:08.247+0000] {dag.py:3096} INFO - Sync 1 DAGs
[2025-12-11T23:15:08.274+0000] {logging_mixin.py:188} INFO - [2025-12-11T23:15:08.274+0000] {dag.py:3954} INFO - Setting next_dagrun for example_bash_decorator to None, run_after=None
[2025-12-11T23:15:08.327+0000] {processor.py:183} INFO - Processing /home/airflow/.local/lib/python3.9/site-packages/airflow/example_dags/example_bash_decorator.py took 0.180 seconds
[2025-12-11T23:15:39.210+0000] {processor.py:161} INFO - Started process (PID=3188) to work on /home/airflow/.local/lib/python3.9/site-packages/airflow/example_dags/example_bash_decorator.py
[2025-12-11T23:15:39.218+0000] {processor.py:830} INFO - Processing file /home/airflow/.local/lib/python3.9/site-packages/airflow/example_dags/example_bash_decorator.py for tasks to queue
[2025-12-11T23:15:39.232+0000] {logging_mixin.py:188} INFO - [2025-12-11T23:15:39.231+0000] {dagbag.py:545} INFO - Filling up the DagBag from /home/airflow/.local/lib/python3.9/site-packages/airflow/example_dags/example_bash_decorator.py
[2025-12-11T23:15:39.278+0000] {processor.py:840} INFO - DAG(s) 'example_bash_decorator' retrieved from /home/airflow/.local/lib/python3.9/site-packages/airflow/example_dags/example_bash_decorator.py
[2025-12-11T23:15:39.390+0000] {logging_mixin.py:188} INFO - [2025-12-11T23:15:39.381+0000] {dag.py:3096} INFO - Sync 1 DAGs
[2025-12-11T23:15:39.417+0000] {logging_mixin.py:188} INFO - [2025-12-11T23:15:39.417+0000] {dag.py:3954} INFO - Setting next_dagrun for example_bash_decorator to None, run_after=None
[2025-12-11T23:15:39.471+0000] {processor.py:183} INFO - Processing /home/airflow/.local/lib/python3.9/site-packages/airflow/example_dags/example_bash_decorator.py took 0.281 seconds
[2025-12-11T23:16:10.274+0000] {processor.py:161} INFO - Started process (PID=3255) to work on /home/airflow/.local/lib/python3.9/site-packages/airflow/example_dags/example_bash_decorator.py
[2025-12-11T23:16:10.283+0000] {processor.py:830} INFO - Processing file /home/airflow/.local/lib/python3.9/site-packages/airflow/example_dags/example_bash_decorator.py for tasks to queue
[2025-12-11T23:16:10.286+0000] {logging_mixin.py:188} INFO - [2025-12-11T23:16:10.285+0000] {dagbag.py:545} INFO - Filling up the DagBag from /home/airflow/.local/lib/python3.9/site-packages/airflow/example_dags/example_bash_decorator.py
[2025-12-11T23:16:10.312+0000] {processor.py:840} INFO - DAG(s) 'example_bash_decorator' retrieved from /home/airflow/.local/lib/python3.9/site-packages/airflow/example_dags/example_bash_decorator.py
[2025-12-11T23:16:10.366+0000] {logging_mixin.py:188} INFO - [2025-12-11T23:16:10.366+0000] {dag.py:3096} INFO - Sync 1 DAGs
[2025-12-11T23:16:10.394+0000] {logging_mixin.py:188} INFO - [2025-12-11T23:16:10.394+0000] {dag.py:3954} INFO - Setting next_dagrun for example_bash_decorator to None, run_after=None
[2025-12-11T23:16:10.459+0000] {processor.py:183} INFO - Processing /home/airflow/.local/lib/python3.9/site-packages/airflow/example_dags/example_bash_decorator.py took 0.199 seconds
[2025-12-11T23:16:40.904+0000] {processor.py:161} INFO - Started process (PID=3322) to work on /home/airflow/.local/lib/python3.9/site-packages/airflow/example_dags/example_bash_decorator.py
[2025-12-11T23:16:40.906+0000] {processor.py:830} INFO - Processing file /home/airflow/.local/lib/python3.9/site-packages/airflow/example_dags/example_bash_decorator.py for tasks to queue
[2025-12-11T23:16:40.910+0000] {logging_mixin.py:188} INFO - [2025-12-11T23:16:40.909+0000] {dagbag.py:545} INFO - Filling up the DagBag from /home/airflow/.local/lib/python3.9/site-packages/airflow/example_dags/example_bash_decorator.py
[2025-12-11T23:16:40.936+0000] {processor.py:840} INFO - DAG(s) 'example_bash_decorator' retrieved from /home/airflow/.local/lib/python3.9/site-packages/airflow/example_dags/example_bash_decorator.py
[2025-12-11T23:16:40.992+0000] {logging_mixin.py:188} INFO - [2025-12-11T23:16:40.992+0000] {dag.py:3096} INFO - Sync 1 DAGs
[2025-12-11T23:16:41.016+0000] {logging_mixin.py:188} INFO - [2025-12-11T23:16:41.015+0000] {dag.py:3954} INFO - Setting next_dagrun for example_bash_decorator to None, run_after=None
[2025-12-11T23:16:41.243+0000] {processor.py:183} INFO - Processing /home/airflow/.local/lib/python3.9/site-packages/airflow/example_dags/example_bash_decorator.py took 0.349 seconds
[2025-12-11T23:17:11.875+0000] {processor.py:161} INFO - Started process (PID=3389) to work on /home/airflow/.local/lib/python3.9/site-packages/airflow/example_dags/example_bash_decorator.py
[2025-12-11T23:17:11.880+0000] {processor.py:830} INFO - Processing file /home/airflow/.local/lib/python3.9/site-packages/airflow/example_dags/example_bash_decorator.py for tasks to queue
[2025-12-11T23:17:11.884+0000] {logging_mixin.py:188} INFO - [2025-12-11T23:17:11.883+0000] {dagbag.py:545} INFO - Filling up the DagBag from /home/airflow/.local/lib/python3.9/site-packages/airflow/example_dags/example_bash_decorator.py
[2025-12-11T23:17:11.911+0000] {processor.py:840} INFO - DAG(s) 'example_bash_decorator' retrieved from /home/airflow/.local/lib/python3.9/site-packages/airflow/example_dags/example_bash_decorator.py
[2025-12-11T23:17:11.968+0000] {logging_mixin.py:188} INFO - [2025-12-11T23:17:11.967+0000] {dag.py:3096} INFO - Sync 1 DAGs
[2025-12-11T23:17:11.997+0000] {logging_mixin.py:188} INFO - [2025-12-11T23:17:11.996+0000] {dag.py:3954} INFO - Setting next_dagrun for example_bash_decorator to None, run_after=None
[2025-12-11T23:17:12.032+0000] {processor.py:183} INFO - Processing /home/airflow/.local/lib/python3.9/site-packages/airflow/example_dags/example_bash_decorator.py took 0.171 seconds
[2025-12-11T23:17:42.155+0000] {processor.py:161} INFO - Started process (PID=3456) to work on /home/airflow/.local/lib/python3.9/site-packages/airflow/example_dags/example_bash_decorator.py
[2025-12-11T23:17:42.157+0000] {processor.py:830} INFO - Processing file /home/airflow/.local/lib/python3.9/site-packages/airflow/example_dags/example_bash_decorator.py for tasks to queue
[2025-12-11T23:17:42.160+0000] {logging_mixin.py:188} INFO - [2025-12-11T23:17:42.159+0000] {dagbag.py:545} INFO - Filling up the DagBag from /home/airflow/.local/lib/python3.9/site-packages/airflow/example_dags/example_bash_decorator.py
[2025-12-11T23:17:42.181+0000] {processor.py:840} INFO - DAG(s) 'example_bash_decorator' retrieved from /home/airflow/.local/lib/python3.9/site-packages/airflow/example_dags/example_bash_decorator.py
[2025-12-11T23:17:42.224+0000] {logging_mixin.py:188} INFO - [2025-12-11T23:17:42.224+0000] {dag.py:3096} INFO - Sync 1 DAGs
[2025-12-11T23:17:42.251+0000] {logging_mixin.py:188} INFO - [2025-12-11T23:17:42.251+0000] {dag.py:3954} INFO - Setting next_dagrun for example_bash_decorator to None, run_after=None
[2025-12-11T23:17:42.281+0000] {processor.py:183} INFO - Processing /home/airflow/.local/lib/python3.9/site-packages/airflow/example_dags/example_bash_decorator.py took 0.137 seconds
[2025-12-11T23:18:12.843+0000] {processor.py:161} INFO - Started process (PID=3523) to work on /home/airflow/.local/lib/python3.9/site-packages/airflow/example_dags/example_bash_decorator.py
[2025-12-11T23:18:12.845+0000] {processor.py:830} INFO - Processing file /home/airflow/.local/lib/python3.9/site-packages/airflow/example_dags/example_bash_decorator.py for tasks to queue
[2025-12-11T23:18:12.848+0000] {logging_mixin.py:188} INFO - [2025-12-11T23:18:12.847+0000] {dagbag.py:545} INFO - Filling up the DagBag from /home/airflow/.local/lib/python3.9/site-packages/airflow/example_dags/example_bash_decorator.py
[2025-12-11T23:18:12.869+0000] {processor.py:840} INFO - DAG(s) 'example_bash_decorator' retrieved from /home/airflow/.local/lib/python3.9/site-packages/airflow/example_dags/example_bash_decorator.py
[2025-12-11T23:18:12.912+0000] {logging_mixin.py:188} INFO - [2025-12-11T23:18:12.911+0000] {dag.py:3096} INFO - Sync 1 DAGs
[2025-12-11T23:18:12.933+0000] {logging_mixin.py:188} INFO - [2025-12-11T23:18:12.932+0000] {dag.py:3954} INFO - Setting next_dagrun for example_bash_decorator to None, run_after=None
[2025-12-11T23:18:12.961+0000] {processor.py:183} INFO - Processing /home/airflow/.local/lib/python3.9/site-packages/airflow/example_dags/example_bash_decorator.py took 0.129 seconds
[2025-12-11T23:18:43.207+0000] {processor.py:161} INFO - Started process (PID=3590) to work on /home/airflow/.local/lib/python3.9/site-packages/airflow/example_dags/example_bash_decorator.py
[2025-12-11T23:18:43.220+0000] {processor.py:830} INFO - Processing file /home/airflow/.local/lib/python3.9/site-packages/airflow/example_dags/example_bash_decorator.py for tasks to queue
[2025-12-11T23:18:43.223+0000] {logging_mixin.py:188} INFO - [2025-12-11T23:18:43.222+0000] {dagbag.py:545} INFO - Filling up the DagBag from /home/airflow/.local/lib/python3.9/site-packages/airflow/example_dags/example_bash_decorator.py
[2025-12-11T23:18:43.243+0000] {processor.py:840} INFO - DAG(s) 'example_bash_decorator' retrieved from /home/airflow/.local/lib/python3.9/site-packages/airflow/example_dags/example_bash_decorator.py
[2025-12-11T23:18:43.286+0000] {logging_mixin.py:188} INFO - [2025-12-11T23:18:43.285+0000] {dag.py:3096} INFO - Sync 1 DAGs
[2025-12-11T23:18:43.309+0000] {logging_mixin.py:188} INFO - [2025-12-11T23:18:43.308+0000] {dag.py:3954} INFO - Setting next_dagrun for example_bash_decorator to None, run_after=None
[2025-12-11T23:18:43.342+0000] {processor.py:183} INFO - Processing /home/airflow/.local/lib/python3.9/site-packages/airflow/example_dags/example_bash_decorator.py took 0.144 seconds
[2025-12-11T23:19:13.616+0000] {processor.py:161} INFO - Started process (PID=3657) to work on /home/airflow/.local/lib/python3.9/site-packages/airflow/example_dags/example_bash_decorator.py
[2025-12-11T23:19:13.632+0000] {processor.py:830} INFO - Processing file /home/airflow/.local/lib/python3.9/site-packages/airflow/example_dags/example_bash_decorator.py for tasks to queue
[2025-12-11T23:19:13.636+0000] {logging_mixin.py:188} INFO - [2025-12-11T23:19:13.635+0000] {dagbag.py:545} INFO - Filling up the DagBag from /home/airflow/.local/lib/python3.9/site-packages/airflow/example_dags/example_bash_decorator.py
[2025-12-11T23:19:13.677+0000] {processor.py:840} INFO - DAG(s) 'example_bash_decorator' retrieved from /home/airflow/.local/lib/python3.9/site-packages/airflow/example_dags/example_bash_decorator.py
[2025-12-11T23:19:13.734+0000] {logging_mixin.py:188} INFO - [2025-12-11T23:19:13.733+0000] {dag.py:3096} INFO - Sync 1 DAGs
[2025-12-11T23:19:13.762+0000] {logging_mixin.py:188} INFO - [2025-12-11T23:19:13.761+0000] {dag.py:3954} INFO - Setting next_dagrun for example_bash_decorator to None, run_after=None
[2025-12-11T23:19:13.794+0000] {processor.py:183} INFO - Processing /home/airflow/.local/lib/python3.9/site-packages/airflow/example_dags/example_bash_decorator.py took 0.201 seconds
[2025-12-11T23:19:43.991+0000] {processor.py:161} INFO - Started process (PID=3724) to work on /home/airflow/.local/lib/python3.9/site-packages/airflow/example_dags/example_bash_decorator.py
[2025-12-11T23:19:43.999+0000] {processor.py:830} INFO - Processing file /home/airflow/.local/lib/python3.9/site-packages/airflow/example_dags/example_bash_decorator.py for tasks to queue
[2025-12-11T23:19:44.002+0000] {logging_mixin.py:188} INFO - [2025-12-11T23:19:44.001+0000] {dagbag.py:545} INFO - Filling up the DagBag from /home/airflow/.local/lib/python3.9/site-packages/airflow/example_dags/example_bash_decorator.py
[2025-12-11T23:19:44.025+0000] {processor.py:840} INFO - DAG(s) 'example_bash_decorator' retrieved from /home/airflow/.local/lib/python3.9/site-packages/airflow/example_dags/example_bash_decorator.py
[2025-12-11T23:19:44.071+0000] {logging_mixin.py:188} INFO - [2025-12-11T23:19:44.070+0000] {dag.py:3096} INFO - Sync 1 DAGs
[2025-12-11T23:19:44.092+0000] {logging_mixin.py:188} INFO - [2025-12-11T23:19:44.092+0000] {dag.py:3954} INFO - Setting next_dagrun for example_bash_decorator to None, run_after=None
[2025-12-11T23:19:44.124+0000] {processor.py:183} INFO - Processing /home/airflow/.local/lib/python3.9/site-packages/airflow/example_dags/example_bash_decorator.py took 0.147 seconds
[2025-12-11T23:20:14.433+0000] {processor.py:161} INFO - Started process (PID=3791) to work on /home/airflow/.local/lib/python3.9/site-packages/airflow/example_dags/example_bash_decorator.py
[2025-12-11T23:20:14.435+0000] {processor.py:830} INFO - Processing file /home/airflow/.local/lib/python3.9/site-packages/airflow/example_dags/example_bash_decorator.py for tasks to queue
[2025-12-11T23:20:14.438+0000] {logging_mixin.py:188} INFO - [2025-12-11T23:20:14.437+0000] {dagbag.py:545} INFO - Filling up the DagBag from /home/airflow/.local/lib/python3.9/site-packages/airflow/example_dags/example_bash_decorator.py
[2025-12-11T23:20:14.460+0000] {processor.py:840} INFO - DAG(s) 'example_bash_decorator' retrieved from /home/airflow/.local/lib/python3.9/site-packages/airflow/example_dags/example_bash_decorator.py
[2025-12-11T23:20:14.522+0000] {logging_mixin.py:188} INFO - [2025-12-11T23:20:14.521+0000] {dag.py:3096} INFO - Sync 1 DAGs
[2025-12-11T23:20:14.548+0000] {logging_mixin.py:188} INFO - [2025-12-11T23:20:14.548+0000] {dag.py:3954} INFO - Setting next_dagrun for example_bash_decorator to None, run_after=None
[2025-12-11T23:20:15.000+0000] {processor.py:183} INFO - Processing /home/airflow/.local/lib/python3.9/site-packages/airflow/example_dags/example_bash_decorator.py took 0.579 seconds
[2025-12-11T23:20:46.055+0000] {processor.py:161} INFO - Started process (PID=3858) to work on /home/airflow/.local/lib/python3.9/site-packages/airflow/example_dags/example_bash_decorator.py
[2025-12-11T23:20:46.079+0000] {processor.py:830} INFO - Processing file /home/airflow/.local/lib/python3.9/site-packages/airflow/example_dags/example_bash_decorator.py for tasks to queue
[2025-12-11T23:20:46.083+0000] {logging_mixin.py:188} INFO - [2025-12-11T23:20:46.082+0000] {dagbag.py:545} INFO - Filling up the DagBag from /home/airflow/.local/lib/python3.9/site-packages/airflow/example_dags/example_bash_decorator.py
[2025-12-11T23:20:46.119+0000] {processor.py:840} INFO - DAG(s) 'example_bash_decorator' retrieved from /home/airflow/.local/lib/python3.9/site-packages/airflow/example_dags/example_bash_decorator.py
[2025-12-11T23:20:46.195+0000] {logging_mixin.py:188} INFO - [2025-12-11T23:20:46.195+0000] {dag.py:3096} INFO - Sync 1 DAGs
[2025-12-11T23:20:46.237+0000] {logging_mixin.py:188} INFO - [2025-12-11T23:20:46.236+0000] {dag.py:3954} INFO - Setting next_dagrun for example_bash_decorator to None, run_after=None
[2025-12-11T23:20:46.559+0000] {processor.py:183} INFO - Processing /home/airflow/.local/lib/python3.9/site-packages/airflow/example_dags/example_bash_decorator.py took 0.526 seconds
[2025-12-11T23:21:16.699+0000] {processor.py:161} INFO - Started process (PID=3925) to work on /home/airflow/.local/lib/python3.9/site-packages/airflow/example_dags/example_bash_decorator.py
[2025-12-11T23:21:16.701+0000] {processor.py:830} INFO - Processing file /home/airflow/.local/lib/python3.9/site-packages/airflow/example_dags/example_bash_decorator.py for tasks to queue
[2025-12-11T23:21:16.711+0000] {logging_mixin.py:188} INFO - [2025-12-11T23:21:16.710+0000] {dagbag.py:545} INFO - Filling up the DagBag from /home/airflow/.local/lib/python3.9/site-packages/airflow/example_dags/example_bash_decorator.py
[2025-12-11T23:21:16.741+0000] {processor.py:840} INFO - DAG(s) 'example_bash_decorator' retrieved from /home/airflow/.local/lib/python3.9/site-packages/airflow/example_dags/example_bash_decorator.py
[2025-12-11T23:21:16.819+0000] {logging_mixin.py:188} INFO - [2025-12-11T23:21:16.819+0000] {dag.py:3096} INFO - Sync 1 DAGs
[2025-12-11T23:21:16.857+0000] {logging_mixin.py:188} INFO - [2025-12-11T23:21:16.856+0000] {dag.py:3954} INFO - Setting next_dagrun for example_bash_decorator to None, run_after=None
[2025-12-11T23:21:16.912+0000] {processor.py:183} INFO - Processing /home/airflow/.local/lib/python3.9/site-packages/airflow/example_dags/example_bash_decorator.py took 0.233 seconds
[2025-12-11T23:21:47.250+0000] {processor.py:161} INFO - Started process (PID=3992) to work on /home/airflow/.local/lib/python3.9/site-packages/airflow/example_dags/example_bash_decorator.py
[2025-12-11T23:21:47.251+0000] {processor.py:830} INFO - Processing file /home/airflow/.local/lib/python3.9/site-packages/airflow/example_dags/example_bash_decorator.py for tasks to queue
[2025-12-11T23:21:47.254+0000] {logging_mixin.py:188} INFO - [2025-12-11T23:21:47.253+0000] {dagbag.py:545} INFO - Filling up the DagBag from /home/airflow/.local/lib/python3.9/site-packages/airflow/example_dags/example_bash_decorator.py
[2025-12-11T23:21:47.274+0000] {processor.py:840} INFO - DAG(s) 'example_bash_decorator' retrieved from /home/airflow/.local/lib/python3.9/site-packages/airflow/example_dags/example_bash_decorator.py
[2025-12-11T23:21:47.312+0000] {logging_mixin.py:188} INFO - [2025-12-11T23:21:47.312+0000] {dag.py:3096} INFO - Sync 1 DAGs
[2025-12-11T23:21:47.337+0000] {logging_mixin.py:188} INFO - [2025-12-11T23:21:47.337+0000] {dag.py:3954} INFO - Setting next_dagrun for example_bash_decorator to None, run_after=None
[2025-12-11T23:21:47.366+0000] {processor.py:183} INFO - Processing /home/airflow/.local/lib/python3.9/site-packages/airflow/example_dags/example_bash_decorator.py took 0.126 seconds
[2025-12-11T23:22:18.660+0000] {processor.py:161} INFO - Started process (PID=4059) to work on /home/airflow/.local/lib/python3.9/site-packages/airflow/example_dags/example_bash_decorator.py
[2025-12-11T23:22:18.668+0000] {processor.py:830} INFO - Processing file /home/airflow/.local/lib/python3.9/site-packages/airflow/example_dags/example_bash_decorator.py for tasks to queue
[2025-12-11T23:22:18.671+0000] {logging_mixin.py:188} INFO - [2025-12-11T23:22:18.670+0000] {dagbag.py:545} INFO - Filling up the DagBag from /home/airflow/.local/lib/python3.9/site-packages/airflow/example_dags/example_bash_decorator.py
[2025-12-11T23:22:18.713+0000] {processor.py:840} INFO - DAG(s) 'example_bash_decorator' retrieved from /home/airflow/.local/lib/python3.9/site-packages/airflow/example_dags/example_bash_decorator.py
[2025-12-11T23:22:18.791+0000] {logging_mixin.py:188} INFO - [2025-12-11T23:22:18.791+0000] {dag.py:3096} INFO - Sync 1 DAGs
[2025-12-11T23:22:18.822+0000] {logging_mixin.py:188} INFO - [2025-12-11T23:22:18.822+0000] {dag.py:3954} INFO - Setting next_dagrun for example_bash_decorator to None, run_after=None
[2025-12-11T23:22:18.853+0000] {processor.py:183} INFO - Processing /home/airflow/.local/lib/python3.9/site-packages/airflow/example_dags/example_bash_decorator.py took 0.202 seconds
[2025-12-11T23:22:49.393+0000] {processor.py:161} INFO - Started process (PID=4126) to work on /home/airflow/.local/lib/python3.9/site-packages/airflow/example_dags/example_bash_decorator.py
[2025-12-11T23:22:49.395+0000] {processor.py:830} INFO - Processing file /home/airflow/.local/lib/python3.9/site-packages/airflow/example_dags/example_bash_decorator.py for tasks to queue
[2025-12-11T23:22:49.397+0000] {logging_mixin.py:188} INFO - [2025-12-11T23:22:49.397+0000] {dagbag.py:545} INFO - Filling up the DagBag from /home/airflow/.local/lib/python3.9/site-packages/airflow/example_dags/example_bash_decorator.py
[2025-12-11T23:22:49.419+0000] {processor.py:840} INFO - DAG(s) 'example_bash_decorator' retrieved from /home/airflow/.local/lib/python3.9/site-packages/airflow/example_dags/example_bash_decorator.py
[2025-12-11T23:22:49.461+0000] {logging_mixin.py:188} INFO - [2025-12-11T23:22:49.460+0000] {dag.py:3096} INFO - Sync 1 DAGs
[2025-12-11T23:22:49.485+0000] {logging_mixin.py:188} INFO - [2025-12-11T23:22:49.485+0000] {dag.py:3954} INFO - Setting next_dagrun for example_bash_decorator to None, run_after=None
[2025-12-11T23:22:49.517+0000] {processor.py:183} INFO - Processing /home/airflow/.local/lib/python3.9/site-packages/airflow/example_dags/example_bash_decorator.py took 0.137 seconds
[2025-12-11T23:23:20.240+0000] {processor.py:161} INFO - Started process (PID=4193) to work on /home/airflow/.local/lib/python3.9/site-packages/airflow/example_dags/example_bash_decorator.py
[2025-12-11T23:23:20.250+0000] {processor.py:830} INFO - Processing file /home/airflow/.local/lib/python3.9/site-packages/airflow/example_dags/example_bash_decorator.py for tasks to queue
[2025-12-11T23:23:20.253+0000] {logging_mixin.py:188} INFO - [2025-12-11T23:23:20.252+0000] {dagbag.py:545} INFO - Filling up the DagBag from /home/airflow/.local/lib/python3.9/site-packages/airflow/example_dags/example_bash_decorator.py
[2025-12-11T23:23:20.280+0000] {processor.py:840} INFO - DAG(s) 'example_bash_decorator' retrieved from /home/airflow/.local/lib/python3.9/site-packages/airflow/example_dags/example_bash_decorator.py
[2025-12-11T23:23:20.355+0000] {logging_mixin.py:188} INFO - [2025-12-11T23:23:20.355+0000] {dag.py:3096} INFO - Sync 1 DAGs
[2025-12-11T23:23:20.391+0000] {logging_mixin.py:188} INFO - [2025-12-11T23:23:20.390+0000] {dag.py:3954} INFO - Setting next_dagrun for example_bash_decorator to None, run_after=None
[2025-12-11T23:23:20.458+0000] {processor.py:183} INFO - Processing /home/airflow/.local/lib/python3.9/site-packages/airflow/example_dags/example_bash_decorator.py took 0.228 seconds
[2025-12-11T23:23:50.868+0000] {processor.py:161} INFO - Started process (PID=4260) to work on /home/airflow/.local/lib/python3.9/site-packages/airflow/example_dags/example_bash_decorator.py
[2025-12-11T23:23:50.870+0000] {processor.py:830} INFO - Processing file /home/airflow/.local/lib/python3.9/site-packages/airflow/example_dags/example_bash_decorator.py for tasks to queue
[2025-12-11T23:23:50.873+0000] {logging_mixin.py:188} INFO - [2025-12-11T23:23:50.872+0000] {dagbag.py:545} INFO - Filling up the DagBag from /home/airflow/.local/lib/python3.9/site-packages/airflow/example_dags/example_bash_decorator.py
[2025-12-11T23:23:50.893+0000] {processor.py:840} INFO - DAG(s) 'example_bash_decorator' retrieved from /home/airflow/.local/lib/python3.9/site-packages/airflow/example_dags/example_bash_decorator.py
[2025-12-11T23:23:50.936+0000] {logging_mixin.py:188} INFO - [2025-12-11T23:23:50.935+0000] {dag.py:3096} INFO - Sync 1 DAGs
[2025-12-11T23:23:50.959+0000] {logging_mixin.py:188} INFO - [2025-12-11T23:23:50.958+0000] {dag.py:3954} INFO - Setting next_dagrun for example_bash_decorator to None, run_after=None
[2025-12-11T23:23:50.989+0000] {processor.py:183} INFO - Processing /home/airflow/.local/lib/python3.9/site-packages/airflow/example_dags/example_bash_decorator.py took 0.131 seconds
[2025-12-11T23:24:21.610+0000] {processor.py:161} INFO - Started process (PID=4326) to work on /home/airflow/.local/lib/python3.9/site-packages/airflow/example_dags/example_bash_decorator.py
[2025-12-11T23:24:21.612+0000] {processor.py:830} INFO - Processing file /home/airflow/.local/lib/python3.9/site-packages/airflow/example_dags/example_bash_decorator.py for tasks to queue
[2025-12-11T23:24:21.614+0000] {logging_mixin.py:188} INFO - [2025-12-11T23:24:21.614+0000] {dagbag.py:545} INFO - Filling up the DagBag from /home/airflow/.local/lib/python3.9/site-packages/airflow/example_dags/example_bash_decorator.py
[2025-12-11T23:24:21.638+0000] {processor.py:840} INFO - DAG(s) 'example_bash_decorator' retrieved from /home/airflow/.local/lib/python3.9/site-packages/airflow/example_dags/example_bash_decorator.py
[2025-12-11T23:24:21.687+0000] {logging_mixin.py:188} INFO - [2025-12-11T23:24:21.687+0000] {dag.py:3096} INFO - Sync 1 DAGs
[2025-12-11T23:24:21.712+0000] {logging_mixin.py:188} INFO - [2025-12-11T23:24:21.711+0000] {dag.py:3954} INFO - Setting next_dagrun for example_bash_decorator to None, run_after=None
[2025-12-11T23:24:21.750+0000] {processor.py:183} INFO - Processing /home/airflow/.local/lib/python3.9/site-packages/airflow/example_dags/example_bash_decorator.py took 0.154 seconds
[2025-12-11T23:24:52.435+0000] {processor.py:161} INFO - Started process (PID=4393) to work on /home/airflow/.local/lib/python3.9/site-packages/airflow/example_dags/example_bash_decorator.py
[2025-12-11T23:24:52.439+0000] {processor.py:830} INFO - Processing file /home/airflow/.local/lib/python3.9/site-packages/airflow/example_dags/example_bash_decorator.py for tasks to queue
[2025-12-11T23:24:52.446+0000] {logging_mixin.py:188} INFO - [2025-12-11T23:24:52.442+0000] {dagbag.py:545} INFO - Filling up the DagBag from /home/airflow/.local/lib/python3.9/site-packages/airflow/example_dags/example_bash_decorator.py
[2025-12-11T23:24:52.476+0000] {processor.py:840} INFO - DAG(s) 'example_bash_decorator' retrieved from /home/airflow/.local/lib/python3.9/site-packages/airflow/example_dags/example_bash_decorator.py
[2025-12-11T23:24:52.525+0000] {logging_mixin.py:188} INFO - [2025-12-11T23:24:52.524+0000] {dag.py:3096} INFO - Sync 1 DAGs
[2025-12-11T23:24:52.550+0000] {logging_mixin.py:188} INFO - [2025-12-11T23:24:52.550+0000] {dag.py:3954} INFO - Setting next_dagrun for example_bash_decorator to None, run_after=None
[2025-12-11T23:24:52.578+0000] {processor.py:183} INFO - Processing /home/airflow/.local/lib/python3.9/site-packages/airflow/example_dags/example_bash_decorator.py took 0.159 seconds
[2025-12-11T23:25:22.883+0000] {processor.py:161} INFO - Started process (PID=4460) to work on /home/airflow/.local/lib/python3.9/site-packages/airflow/example_dags/example_bash_decorator.py
[2025-12-11T23:25:22.885+0000] {processor.py:830} INFO - Processing file /home/airflow/.local/lib/python3.9/site-packages/airflow/example_dags/example_bash_decorator.py for tasks to queue
[2025-12-11T23:25:22.888+0000] {logging_mixin.py:188} INFO - [2025-12-11T23:25:22.887+0000] {dagbag.py:545} INFO - Filling up the DagBag from /home/airflow/.local/lib/python3.9/site-packages/airflow/example_dags/example_bash_decorator.py
[2025-12-11T23:25:22.907+0000] {processor.py:840} INFO - DAG(s) 'example_bash_decorator' retrieved from /home/airflow/.local/lib/python3.9/site-packages/airflow/example_dags/example_bash_decorator.py
[2025-12-11T23:25:22.959+0000] {logging_mixin.py:188} INFO - [2025-12-11T23:25:22.959+0000] {dag.py:3096} INFO - Sync 1 DAGs
[2025-12-11T23:25:22.983+0000] {logging_mixin.py:188} INFO - [2025-12-11T23:25:22.982+0000] {dag.py:3954} INFO - Setting next_dagrun for example_bash_decorator to None, run_after=None
[2025-12-11T23:25:23.008+0000] {processor.py:183} INFO - Processing /home/airflow/.local/lib/python3.9/site-packages/airflow/example_dags/example_bash_decorator.py took 0.136 seconds
[2025-12-11T23:25:53.641+0000] {processor.py:161} INFO - Started process (PID=4527) to work on /home/airflow/.local/lib/python3.9/site-packages/airflow/example_dags/example_bash_decorator.py
[2025-12-11T23:25:53.650+0000] {processor.py:830} INFO - Processing file /home/airflow/.local/lib/python3.9/site-packages/airflow/example_dags/example_bash_decorator.py for tasks to queue
[2025-12-11T23:25:53.653+0000] {logging_mixin.py:188} INFO - [2025-12-11T23:25:53.653+0000] {dagbag.py:545} INFO - Filling up the DagBag from /home/airflow/.local/lib/python3.9/site-packages/airflow/example_dags/example_bash_decorator.py
[2025-12-11T23:25:53.691+0000] {processor.py:840} INFO - DAG(s) 'example_bash_decorator' retrieved from /home/airflow/.local/lib/python3.9/site-packages/airflow/example_dags/example_bash_decorator.py
[2025-12-11T23:25:53.758+0000] {logging_mixin.py:188} INFO - [2025-12-11T23:25:53.757+0000] {dag.py:3096} INFO - Sync 1 DAGs
[2025-12-11T23:25:53.797+0000] {logging_mixin.py:188} INFO - [2025-12-11T23:25:53.796+0000] {dag.py:3954} INFO - Setting next_dagrun for example_bash_decorator to None, run_after=None
[2025-12-11T23:25:53.840+0000] {processor.py:183} INFO - Processing /home/airflow/.local/lib/python3.9/site-packages/airflow/example_dags/example_bash_decorator.py took 0.221 seconds
[2025-12-11T23:26:24.592+0000] {processor.py:161} INFO - Started process (PID=4598) to work on /home/airflow/.local/lib/python3.9/site-packages/airflow/example_dags/example_bash_decorator.py
[2025-12-11T23:26:24.594+0000] {processor.py:830} INFO - Processing file /home/airflow/.local/lib/python3.9/site-packages/airflow/example_dags/example_bash_decorator.py for tasks to queue
[2025-12-11T23:26:24.612+0000] {logging_mixin.py:188} INFO - [2025-12-11T23:26:24.611+0000] {dagbag.py:545} INFO - Filling up the DagBag from /home/airflow/.local/lib/python3.9/site-packages/airflow/example_dags/example_bash_decorator.py
[2025-12-11T23:26:24.689+0000] {processor.py:840} INFO - DAG(s) 'example_bash_decorator' retrieved from /home/airflow/.local/lib/python3.9/site-packages/airflow/example_dags/example_bash_decorator.py
[2025-12-11T23:26:24.809+0000] {logging_mixin.py:188} INFO - [2025-12-11T23:26:24.796+0000] {dag.py:3096} INFO - Sync 1 DAGs
[2025-12-11T23:26:24.852+0000] {logging_mixin.py:188} INFO - [2025-12-11T23:26:24.851+0000] {dag.py:3954} INFO - Setting next_dagrun for example_bash_decorator to None, run_after=None
[2025-12-11T23:26:24.932+0000] {processor.py:183} INFO - Processing /home/airflow/.local/lib/python3.9/site-packages/airflow/example_dags/example_bash_decorator.py took 0.363 seconds
[2025-12-11T23:26:55.697+0000] {processor.py:161} INFO - Started process (PID=4665) to work on /home/airflow/.local/lib/python3.9/site-packages/airflow/example_dags/example_bash_decorator.py
[2025-12-11T23:26:55.699+0000] {processor.py:830} INFO - Processing file /home/airflow/.local/lib/python3.9/site-packages/airflow/example_dags/example_bash_decorator.py for tasks to queue
[2025-12-11T23:26:55.712+0000] {logging_mixin.py:188} INFO - [2025-12-11T23:26:55.712+0000] {dagbag.py:545} INFO - Filling up the DagBag from /home/airflow/.local/lib/python3.9/site-packages/airflow/example_dags/example_bash_decorator.py
[2025-12-11T23:26:55.741+0000] {processor.py:840} INFO - DAG(s) 'example_bash_decorator' retrieved from /home/airflow/.local/lib/python3.9/site-packages/airflow/example_dags/example_bash_decorator.py
[2025-12-11T23:26:55.799+0000] {logging_mixin.py:188} INFO - [2025-12-11T23:26:55.798+0000] {dag.py:3096} INFO - Sync 1 DAGs
[2025-12-11T23:26:55.827+0000] {logging_mixin.py:188} INFO - [2025-12-11T23:26:55.827+0000] {dag.py:3954} INFO - Setting next_dagrun for example_bash_decorator to None, run_after=None
[2025-12-11T23:26:55.880+0000] {processor.py:183} INFO - Processing /home/airflow/.local/lib/python3.9/site-packages/airflow/example_dags/example_bash_decorator.py took 0.205 seconds
[2025-12-11T23:27:26.201+0000] {processor.py:161} INFO - Started process (PID=4732) to work on /home/airflow/.local/lib/python3.9/site-packages/airflow/example_dags/example_bash_decorator.py
[2025-12-11T23:27:26.229+0000] {processor.py:830} INFO - Processing file /home/airflow/.local/lib/python3.9/site-packages/airflow/example_dags/example_bash_decorator.py for tasks to queue
[2025-12-11T23:27:26.233+0000] {logging_mixin.py:188} INFO - [2025-12-11T23:27:26.232+0000] {dagbag.py:545} INFO - Filling up the DagBag from /home/airflow/.local/lib/python3.9/site-packages/airflow/example_dags/example_bash_decorator.py
[2025-12-11T23:27:26.260+0000] {processor.py:840} INFO - DAG(s) 'example_bash_decorator' retrieved from /home/airflow/.local/lib/python3.9/site-packages/airflow/example_dags/example_bash_decorator.py
[2025-12-11T23:27:26.306+0000] {logging_mixin.py:188} INFO - [2025-12-11T23:27:26.306+0000] {dag.py:3096} INFO - Sync 1 DAGs
[2025-12-11T23:27:26.325+0000] {logging_mixin.py:188} INFO - [2025-12-11T23:27:26.325+0000] {dag.py:3954} INFO - Setting next_dagrun for example_bash_decorator to None, run_after=None
[2025-12-11T23:27:26.633+0000] {processor.py:183} INFO - Processing /home/airflow/.local/lib/python3.9/site-packages/airflow/example_dags/example_bash_decorator.py took 0.446 seconds
[2025-12-11T23:27:56.970+0000] {processor.py:161} INFO - Started process (PID=4806) to work on /home/airflow/.local/lib/python3.9/site-packages/airflow/example_dags/example_bash_decorator.py
[2025-12-11T23:27:56.972+0000] {processor.py:830} INFO - Processing file /home/airflow/.local/lib/python3.9/site-packages/airflow/example_dags/example_bash_decorator.py for tasks to queue
[2025-12-11T23:27:56.975+0000] {logging_mixin.py:188} INFO - [2025-12-11T23:27:56.975+0000] {dagbag.py:545} INFO - Filling up the DagBag from /home/airflow/.local/lib/python3.9/site-packages/airflow/example_dags/example_bash_decorator.py
[2025-12-11T23:27:57.069+0000] {processor.py:840} INFO - DAG(s) 'example_bash_decorator' retrieved from /home/airflow/.local/lib/python3.9/site-packages/airflow/example_dags/example_bash_decorator.py
[2025-12-11T23:27:57.156+0000] {logging_mixin.py:188} INFO - [2025-12-11T23:27:57.156+0000] {dag.py:3096} INFO - Sync 1 DAGs
[2025-12-11T23:27:57.190+0000] {logging_mixin.py:188} INFO - [2025-12-11T23:27:57.190+0000] {dag.py:3954} INFO - Setting next_dagrun for example_bash_decorator to None, run_after=None
[2025-12-11T23:27:57.235+0000] {processor.py:183} INFO - Processing /home/airflow/.local/lib/python3.9/site-packages/airflow/example_dags/example_bash_decorator.py took 0.282 seconds
[2025-12-11T23:28:28.291+0000] {processor.py:161} INFO - Started process (PID=4872) to work on /home/airflow/.local/lib/python3.9/site-packages/airflow/example_dags/example_bash_decorator.py
[2025-12-11T23:28:28.299+0000] {processor.py:830} INFO - Processing file /home/airflow/.local/lib/python3.9/site-packages/airflow/example_dags/example_bash_decorator.py for tasks to queue
[2025-12-11T23:28:28.301+0000] {logging_mixin.py:188} INFO - [2025-12-11T23:28:28.301+0000] {dagbag.py:545} INFO - Filling up the DagBag from /home/airflow/.local/lib/python3.9/site-packages/airflow/example_dags/example_bash_decorator.py
[2025-12-11T23:28:28.334+0000] {processor.py:840} INFO - DAG(s) 'example_bash_decorator' retrieved from /home/airflow/.local/lib/python3.9/site-packages/airflow/example_dags/example_bash_decorator.py
[2025-12-11T23:28:28.393+0000] {logging_mixin.py:188} INFO - [2025-12-11T23:28:28.392+0000] {dag.py:3096} INFO - Sync 1 DAGs
[2025-12-11T23:28:28.420+0000] {logging_mixin.py:188} INFO - [2025-12-11T23:28:28.419+0000] {dag.py:3954} INFO - Setting next_dagrun for example_bash_decorator to None, run_after=None
[2025-12-11T23:28:28.470+0000] {processor.py:183} INFO - Processing /home/airflow/.local/lib/python3.9/site-packages/airflow/example_dags/example_bash_decorator.py took 0.195 seconds
[2025-12-11T23:28:58.935+0000] {processor.py:161} INFO - Started process (PID=4939) to work on /home/airflow/.local/lib/python3.9/site-packages/airflow/example_dags/example_bash_decorator.py
[2025-12-11T23:28:58.936+0000] {processor.py:830} INFO - Processing file /home/airflow/.local/lib/python3.9/site-packages/airflow/example_dags/example_bash_decorator.py for tasks to queue
[2025-12-11T23:28:58.939+0000] {logging_mixin.py:188} INFO - [2025-12-11T23:28:58.939+0000] {dagbag.py:545} INFO - Filling up the DagBag from /home/airflow/.local/lib/python3.9/site-packages/airflow/example_dags/example_bash_decorator.py
[2025-12-11T23:28:58.971+0000] {processor.py:840} INFO - DAG(s) 'example_bash_decorator' retrieved from /home/airflow/.local/lib/python3.9/site-packages/airflow/example_dags/example_bash_decorator.py
[2025-12-11T23:28:59.033+0000] {logging_mixin.py:188} INFO - [2025-12-11T23:28:59.033+0000] {dag.py:3096} INFO - Sync 1 DAGs
[2025-12-11T23:28:59.062+0000] {logging_mixin.py:188} INFO - [2025-12-11T23:28:59.062+0000] {dag.py:3954} INFO - Setting next_dagrun for example_bash_decorator to None, run_after=None
[2025-12-11T23:28:59.117+0000] {processor.py:183} INFO - Processing /home/airflow/.local/lib/python3.9/site-packages/airflow/example_dags/example_bash_decorator.py took 0.199 seconds
[2025-12-11T23:29:29.420+0000] {processor.py:161} INFO - Started process (PID=5006) to work on /home/airflow/.local/lib/python3.9/site-packages/airflow/example_dags/example_bash_decorator.py
[2025-12-11T23:29:29.422+0000] {processor.py:830} INFO - Processing file /home/airflow/.local/lib/python3.9/site-packages/airflow/example_dags/example_bash_decorator.py for tasks to queue
[2025-12-11T23:29:29.424+0000] {logging_mixin.py:188} INFO - [2025-12-11T23:29:29.424+0000] {dagbag.py:545} INFO - Filling up the DagBag from /home/airflow/.local/lib/python3.9/site-packages/airflow/example_dags/example_bash_decorator.py
[2025-12-11T23:29:29.445+0000] {processor.py:840} INFO - DAG(s) 'example_bash_decorator' retrieved from /home/airflow/.local/lib/python3.9/site-packages/airflow/example_dags/example_bash_decorator.py
[2025-12-11T23:29:29.493+0000] {logging_mixin.py:188} INFO - [2025-12-11T23:29:29.492+0000] {dag.py:3096} INFO - Sync 1 DAGs
[2025-12-11T23:29:29.517+0000] {logging_mixin.py:188} INFO - [2025-12-11T23:29:29.517+0000] {dag.py:3954} INFO - Setting next_dagrun for example_bash_decorator to None, run_after=None
[2025-12-11T23:29:29.549+0000] {processor.py:183} INFO - Processing /home/airflow/.local/lib/python3.9/site-packages/airflow/example_dags/example_bash_decorator.py took 0.139 seconds
[2025-12-11T23:30:00.390+0000] {processor.py:161} INFO - Started process (PID=5073) to work on /home/airflow/.local/lib/python3.9/site-packages/airflow/example_dags/example_bash_decorator.py
[2025-12-11T23:30:00.487+0000] {processor.py:830} INFO - Processing file /home/airflow/.local/lib/python3.9/site-packages/airflow/example_dags/example_bash_decorator.py for tasks to queue
[2025-12-11T23:30:00.491+0000] {logging_mixin.py:188} INFO - [2025-12-11T23:30:00.491+0000] {dagbag.py:545} INFO - Filling up the DagBag from /home/airflow/.local/lib/python3.9/site-packages/airflow/example_dags/example_bash_decorator.py
[2025-12-11T23:30:00.535+0000] {processor.py:840} INFO - DAG(s) 'example_bash_decorator' retrieved from /home/airflow/.local/lib/python3.9/site-packages/airflow/example_dags/example_bash_decorator.py
[2025-12-11T23:30:00.600+0000] {logging_mixin.py:188} INFO - [2025-12-11T23:30:00.600+0000] {dag.py:3096} INFO - Sync 1 DAGs
[2025-12-11T23:30:00.641+0000] {logging_mixin.py:188} INFO - [2025-12-11T23:30:00.640+0000] {dag.py:3954} INFO - Setting next_dagrun for example_bash_decorator to None, run_after=None
[2025-12-11T23:30:00.696+0000] {processor.py:183} INFO - Processing /home/airflow/.local/lib/python3.9/site-packages/airflow/example_dags/example_bash_decorator.py took 0.320 seconds
[2025-12-11T23:30:31.580+0000] {processor.py:161} INFO - Started process (PID=5140) to work on /home/airflow/.local/lib/python3.9/site-packages/airflow/example_dags/example_bash_decorator.py
[2025-12-11T23:30:31.581+0000] {processor.py:830} INFO - Processing file /home/airflow/.local/lib/python3.9/site-packages/airflow/example_dags/example_bash_decorator.py for tasks to queue
[2025-12-11T23:30:31.591+0000] {logging_mixin.py:188} INFO - [2025-12-11T23:30:31.591+0000] {dagbag.py:545} INFO - Filling up the DagBag from /home/airflow/.local/lib/python3.9/site-packages/airflow/example_dags/example_bash_decorator.py
[2025-12-11T23:30:31.621+0000] {processor.py:840} INFO - DAG(s) 'example_bash_decorator' retrieved from /home/airflow/.local/lib/python3.9/site-packages/airflow/example_dags/example_bash_decorator.py
[2025-12-11T23:30:31.689+0000] {logging_mixin.py:188} INFO - [2025-12-11T23:30:31.680+0000] {dag.py:3096} INFO - Sync 1 DAGs
[2025-12-11T23:30:31.718+0000] {logging_mixin.py:188} INFO - [2025-12-11T23:30:31.717+0000] {dag.py:3954} INFO - Setting next_dagrun for example_bash_decorator to None, run_after=None
[2025-12-11T23:30:31.779+0000] {processor.py:183} INFO - Processing /home/airflow/.local/lib/python3.9/site-packages/airflow/example_dags/example_bash_decorator.py took 0.217 seconds
[2025-12-11T23:31:02.821+0000] {processor.py:161} INFO - Started process (PID=5208) to work on /home/airflow/.local/lib/python3.9/site-packages/airflow/example_dags/example_bash_decorator.py
[2025-12-11T23:31:02.822+0000] {processor.py:830} INFO - Processing file /home/airflow/.local/lib/python3.9/site-packages/airflow/example_dags/example_bash_decorator.py for tasks to queue
[2025-12-11T23:31:02.825+0000] {logging_mixin.py:188} INFO - [2025-12-11T23:31:02.824+0000] {dagbag.py:545} INFO - Filling up the DagBag from /home/airflow/.local/lib/python3.9/site-packages/airflow/example_dags/example_bash_decorator.py
[2025-12-11T23:31:02.846+0000] {processor.py:840} INFO - DAG(s) 'example_bash_decorator' retrieved from /home/airflow/.local/lib/python3.9/site-packages/airflow/example_dags/example_bash_decorator.py
[2025-12-11T23:31:02.886+0000] {logging_mixin.py:188} INFO - [2025-12-11T23:31:02.885+0000] {dag.py:3096} INFO - Sync 1 DAGs
[2025-12-11T23:31:02.907+0000] {logging_mixin.py:188} INFO - [2025-12-11T23:31:02.906+0000] {dag.py:3954} INFO - Setting next_dagrun for example_bash_decorator to None, run_after=None
[2025-12-11T23:31:02.936+0000] {processor.py:183} INFO - Processing /home/airflow/.local/lib/python3.9/site-packages/airflow/example_dags/example_bash_decorator.py took 0.126 seconds
[2025-12-11T23:31:33.109+0000] {processor.py:161} INFO - Started process (PID=5275) to work on /home/airflow/.local/lib/python3.9/site-packages/airflow/example_dags/example_bash_decorator.py
[2025-12-11T23:31:33.111+0000] {processor.py:830} INFO - Processing file /home/airflow/.local/lib/python3.9/site-packages/airflow/example_dags/example_bash_decorator.py for tasks to queue
[2025-12-11T23:31:33.114+0000] {logging_mixin.py:188} INFO - [2025-12-11T23:31:33.114+0000] {dagbag.py:545} INFO - Filling up the DagBag from /home/airflow/.local/lib/python3.9/site-packages/airflow/example_dags/example_bash_decorator.py
[2025-12-11T23:31:33.172+0000] {processor.py:840} INFO - DAG(s) 'example_bash_decorator' retrieved from /home/airflow/.local/lib/python3.9/site-packages/airflow/example_dags/example_bash_decorator.py
[2025-12-11T23:31:33.257+0000] {logging_mixin.py:188} INFO - [2025-12-11T23:31:33.256+0000] {dag.py:3096} INFO - Sync 1 DAGs
[2025-12-11T23:31:33.296+0000] {logging_mixin.py:188} INFO - [2025-12-11T23:31:33.296+0000] {dag.py:3954} INFO - Setting next_dagrun for example_bash_decorator to None, run_after=None
[2025-12-11T23:31:33.350+0000] {processor.py:183} INFO - Processing /home/airflow/.local/lib/python3.9/site-packages/airflow/example_dags/example_bash_decorator.py took 0.261 seconds
[2025-12-11T23:32:03.879+0000] {processor.py:161} INFO - Started process (PID=5339) to work on /home/airflow/.local/lib/python3.9/site-packages/airflow/example_dags/example_bash_decorator.py
[2025-12-11T23:32:03.881+0000] {processor.py:830} INFO - Processing file /home/airflow/.local/lib/python3.9/site-packages/airflow/example_dags/example_bash_decorator.py for tasks to queue
[2025-12-11T23:32:03.884+0000] {logging_mixin.py:188} INFO - [2025-12-11T23:32:03.884+0000] {dagbag.py:545} INFO - Filling up the DagBag from /home/airflow/.local/lib/python3.9/site-packages/airflow/example_dags/example_bash_decorator.py
[2025-12-11T23:32:03.906+0000] {processor.py:840} INFO - DAG(s) 'example_bash_decorator' retrieved from /home/airflow/.local/lib/python3.9/site-packages/airflow/example_dags/example_bash_decorator.py
[2025-12-11T23:32:03.952+0000] {logging_mixin.py:188} INFO - [2025-12-11T23:32:03.951+0000] {dag.py:3096} INFO - Sync 1 DAGs
[2025-12-11T23:32:03.971+0000] {logging_mixin.py:188} INFO - [2025-12-11T23:32:03.971+0000] {dag.py:3954} INFO - Setting next_dagrun for example_bash_decorator to None, run_after=None
[2025-12-11T23:32:03.996+0000] {processor.py:183} INFO - Processing /home/airflow/.local/lib/python3.9/site-packages/airflow/example_dags/example_bash_decorator.py took 0.128 seconds
[2025-12-11T23:32:34.596+0000] {processor.py:161} INFO - Started process (PID=5406) to work on /home/airflow/.local/lib/python3.9/site-packages/airflow/example_dags/example_bash_decorator.py
[2025-12-11T23:32:34.599+0000] {processor.py:830} INFO - Processing file /home/airflow/.local/lib/python3.9/site-packages/airflow/example_dags/example_bash_decorator.py for tasks to queue
[2025-12-11T23:32:34.602+0000] {logging_mixin.py:188} INFO - [2025-12-11T23:32:34.602+0000] {dagbag.py:545} INFO - Filling up the DagBag from /home/airflow/.local/lib/python3.9/site-packages/airflow/example_dags/example_bash_decorator.py
[2025-12-11T23:32:34.627+0000] {processor.py:840} INFO - DAG(s) 'example_bash_decorator' retrieved from /home/airflow/.local/lib/python3.9/site-packages/airflow/example_dags/example_bash_decorator.py
[2025-12-11T23:32:34.675+0000] {logging_mixin.py:188} INFO - [2025-12-11T23:32:34.675+0000] {dag.py:3096} INFO - Sync 1 DAGs
[2025-12-11T23:32:34.696+0000] {logging_mixin.py:188} INFO - [2025-12-11T23:32:34.695+0000] {dag.py:3954} INFO - Setting next_dagrun for example_bash_decorator to None, run_after=None
[2025-12-11T23:32:34.731+0000] {processor.py:183} INFO - Processing /home/airflow/.local/lib/python3.9/site-packages/airflow/example_dags/example_bash_decorator.py took 0.150 seconds
[2025-12-11T23:33:05.116+0000] {processor.py:161} INFO - Started process (PID=5480) to work on /home/airflow/.local/lib/python3.9/site-packages/airflow/example_dags/example_bash_decorator.py
[2025-12-11T23:33:05.118+0000] {processor.py:830} INFO - Processing file /home/airflow/.local/lib/python3.9/site-packages/airflow/example_dags/example_bash_decorator.py for tasks to queue
[2025-12-11T23:33:05.121+0000] {logging_mixin.py:188} INFO - [2025-12-11T23:33:05.121+0000] {dagbag.py:545} INFO - Filling up the DagBag from /home/airflow/.local/lib/python3.9/site-packages/airflow/example_dags/example_bash_decorator.py
[2025-12-11T23:33:05.156+0000] {processor.py:840} INFO - DAG(s) 'example_bash_decorator' retrieved from /home/airflow/.local/lib/python3.9/site-packages/airflow/example_dags/example_bash_decorator.py
[2025-12-11T23:33:05.233+0000] {logging_mixin.py:188} INFO - [2025-12-11T23:33:05.233+0000] {dag.py:3096} INFO - Sync 1 DAGs
[2025-12-11T23:33:05.262+0000] {logging_mixin.py:188} INFO - [2025-12-11T23:33:05.261+0000] {dag.py:3954} INFO - Setting next_dagrun for example_bash_decorator to None, run_after=None
[2025-12-11T23:33:05.312+0000] {processor.py:183} INFO - Processing /home/airflow/.local/lib/python3.9/site-packages/airflow/example_dags/example_bash_decorator.py took 0.214 seconds
[2025-12-11T23:33:35.456+0000] {processor.py:161} INFO - Started process (PID=5547) to work on /home/airflow/.local/lib/python3.9/site-packages/airflow/example_dags/example_bash_decorator.py
[2025-12-11T23:33:35.457+0000] {processor.py:830} INFO - Processing file /home/airflow/.local/lib/python3.9/site-packages/airflow/example_dags/example_bash_decorator.py for tasks to queue
[2025-12-11T23:33:35.461+0000] {logging_mixin.py:188} INFO - [2025-12-11T23:33:35.460+0000] {dagbag.py:545} INFO - Filling up the DagBag from /home/airflow/.local/lib/python3.9/site-packages/airflow/example_dags/example_bash_decorator.py
[2025-12-11T23:33:35.488+0000] {processor.py:840} INFO - DAG(s) 'example_bash_decorator' retrieved from /home/airflow/.local/lib/python3.9/site-packages/airflow/example_dags/example_bash_decorator.py
[2025-12-11T23:33:35.535+0000] {logging_mixin.py:188} INFO - [2025-12-11T23:33:35.535+0000] {dag.py:3096} INFO - Sync 1 DAGs
[2025-12-11T23:33:35.560+0000] {logging_mixin.py:188} INFO - [2025-12-11T23:33:35.560+0000] {dag.py:3954} INFO - Setting next_dagrun for example_bash_decorator to None, run_after=None
[2025-12-11T23:33:35.589+0000] {processor.py:183} INFO - Processing /home/airflow/.local/lib/python3.9/site-packages/airflow/example_dags/example_bash_decorator.py took 0.154 seconds
[2025-12-11T23:34:05.972+0000] {processor.py:161} INFO - Started process (PID=5614) to work on /home/airflow/.local/lib/python3.9/site-packages/airflow/example_dags/example_bash_decorator.py
[2025-12-11T23:34:05.977+0000] {processor.py:830} INFO - Processing file /home/airflow/.local/lib/python3.9/site-packages/airflow/example_dags/example_bash_decorator.py for tasks to queue
[2025-12-11T23:34:05.980+0000] {logging_mixin.py:188} INFO - [2025-12-11T23:34:05.979+0000] {dagbag.py:545} INFO - Filling up the DagBag from /home/airflow/.local/lib/python3.9/site-packages/airflow/example_dags/example_bash_decorator.py
[2025-12-11T23:34:06.014+0000] {processor.py:840} INFO - DAG(s) 'example_bash_decorator' retrieved from /home/airflow/.local/lib/python3.9/site-packages/airflow/example_dags/example_bash_decorator.py
[2025-12-11T23:34:06.076+0000] {logging_mixin.py:188} INFO - [2025-12-11T23:34:06.076+0000] {dag.py:3096} INFO - Sync 1 DAGs
[2025-12-11T23:34:06.113+0000] {logging_mixin.py:188} INFO - [2025-12-11T23:34:06.112+0000] {dag.py:3954} INFO - Setting next_dagrun for example_bash_decorator to None, run_after=None
[2025-12-11T23:34:06.175+0000] {processor.py:183} INFO - Processing /home/airflow/.local/lib/python3.9/site-packages/airflow/example_dags/example_bash_decorator.py took 0.220 seconds
[2025-12-11T23:34:36.695+0000] {processor.py:161} INFO - Started process (PID=5681) to work on /home/airflow/.local/lib/python3.9/site-packages/airflow/example_dags/example_bash_decorator.py
[2025-12-11T23:34:36.697+0000] {processor.py:830} INFO - Processing file /home/airflow/.local/lib/python3.9/site-packages/airflow/example_dags/example_bash_decorator.py for tasks to queue
[2025-12-11T23:34:36.713+0000] {logging_mixin.py:188} INFO - [2025-12-11T23:34:36.712+0000] {dagbag.py:545} INFO - Filling up the DagBag from /home/airflow/.local/lib/python3.9/site-packages/airflow/example_dags/example_bash_decorator.py
[2025-12-11T23:34:36.775+0000] {processor.py:840} INFO - DAG(s) 'example_bash_decorator' retrieved from /home/airflow/.local/lib/python3.9/site-packages/airflow/example_dags/example_bash_decorator.py
[2025-12-11T23:34:36.879+0000] {logging_mixin.py:188} INFO - [2025-12-11T23:34:36.879+0000] {dag.py:3096} INFO - Sync 1 DAGs
[2025-12-11T23:34:36.953+0000] {logging_mixin.py:188} INFO - [2025-12-11T23:34:36.953+0000] {dag.py:3954} INFO - Setting next_dagrun for example_bash_decorator to None, run_after=None
[2025-12-11T23:34:37.055+0000] {processor.py:183} INFO - Processing /home/airflow/.local/lib/python3.9/site-packages/airflow/example_dags/example_bash_decorator.py took 0.384 seconds
[2025-12-11T23:35:07.932+0000] {processor.py:161} INFO - Started process (PID=5748) to work on /home/airflow/.local/lib/python3.9/site-packages/airflow/example_dags/example_bash_decorator.py
[2025-12-11T23:35:07.940+0000] {processor.py:830} INFO - Processing file /home/airflow/.local/lib/python3.9/site-packages/airflow/example_dags/example_bash_decorator.py for tasks to queue
[2025-12-11T23:35:07.951+0000] {logging_mixin.py:188} INFO - [2025-12-11T23:35:07.950+0000] {dagbag.py:545} INFO - Filling up the DagBag from /home/airflow/.local/lib/python3.9/site-packages/airflow/example_dags/example_bash_decorator.py
[2025-12-11T23:35:07.979+0000] {processor.py:840} INFO - DAG(s) 'example_bash_decorator' retrieved from /home/airflow/.local/lib/python3.9/site-packages/airflow/example_dags/example_bash_decorator.py
[2025-12-11T23:35:08.058+0000] {logging_mixin.py:188} INFO - [2025-12-11T23:35:08.057+0000] {dag.py:3096} INFO - Sync 1 DAGs
[2025-12-11T23:35:08.111+0000] {logging_mixin.py:188} INFO - [2025-12-11T23:35:08.111+0000] {dag.py:3954} INFO - Setting next_dagrun for example_bash_decorator to None, run_after=None
[2025-12-11T23:35:08.353+0000] {processor.py:183} INFO - Processing /home/airflow/.local/lib/python3.9/site-packages/airflow/example_dags/example_bash_decorator.py took 0.439 seconds
[2025-12-11T23:35:38.493+0000] {processor.py:161} INFO - Started process (PID=5814) to work on /home/airflow/.local/lib/python3.9/site-packages/airflow/example_dags/example_bash_decorator.py
[2025-12-11T23:35:38.495+0000] {processor.py:830} INFO - Processing file /home/airflow/.local/lib/python3.9/site-packages/airflow/example_dags/example_bash_decorator.py for tasks to queue
[2025-12-11T23:35:38.512+0000] {logging_mixin.py:188} INFO - [2025-12-11T23:35:38.511+0000] {dagbag.py:545} INFO - Filling up the DagBag from /home/airflow/.local/lib/python3.9/site-packages/airflow/example_dags/example_bash_decorator.py
[2025-12-11T23:35:38.557+0000] {processor.py:840} INFO - DAG(s) 'example_bash_decorator' retrieved from /home/airflow/.local/lib/python3.9/site-packages/airflow/example_dags/example_bash_decorator.py
[2025-12-11T23:35:38.641+0000] {logging_mixin.py:188} INFO - [2025-12-11T23:35:38.641+0000] {dag.py:3096} INFO - Sync 1 DAGs
[2025-12-11T23:35:38.690+0000] {logging_mixin.py:188} INFO - [2025-12-11T23:35:38.690+0000] {dag.py:3954} INFO - Setting next_dagrun for example_bash_decorator to None, run_after=None
[2025-12-11T23:35:38.773+0000] {processor.py:183} INFO - Processing /home/airflow/.local/lib/python3.9/site-packages/airflow/example_dags/example_bash_decorator.py took 0.299 seconds
[2025-12-11T23:36:09.889+0000] {processor.py:161} INFO - Started process (PID=5881) to work on /home/airflow/.local/lib/python3.9/site-packages/airflow/example_dags/example_bash_decorator.py
[2025-12-11T23:36:09.891+0000] {processor.py:830} INFO - Processing file /home/airflow/.local/lib/python3.9/site-packages/airflow/example_dags/example_bash_decorator.py for tasks to queue
[2025-12-11T23:36:09.895+0000] {logging_mixin.py:188} INFO - [2025-12-11T23:36:09.894+0000] {dagbag.py:545} INFO - Filling up the DagBag from /home/airflow/.local/lib/python3.9/site-packages/airflow/example_dags/example_bash_decorator.py
[2025-12-11T23:36:09.956+0000] {processor.py:840} INFO - DAG(s) 'example_bash_decorator' retrieved from /home/airflow/.local/lib/python3.9/site-packages/airflow/example_dags/example_bash_decorator.py
[2025-12-11T23:36:10.070+0000] {logging_mixin.py:188} INFO - [2025-12-11T23:36:10.059+0000] {dag.py:3096} INFO - Sync 1 DAGs
[2025-12-11T23:36:10.133+0000] {logging_mixin.py:188} INFO - [2025-12-11T23:36:10.132+0000] {dag.py:3954} INFO - Setting next_dagrun for example_bash_decorator to None, run_after=None
[2025-12-11T23:36:10.214+0000] {processor.py:183} INFO - Processing /home/airflow/.local/lib/python3.9/site-packages/airflow/example_dags/example_bash_decorator.py took 0.364 seconds
[2025-12-11T23:36:40.396+0000] {processor.py:161} INFO - Started process (PID=5949) to work on /home/airflow/.local/lib/python3.9/site-packages/airflow/example_dags/example_bash_decorator.py
[2025-12-11T23:36:40.411+0000] {processor.py:830} INFO - Processing file /home/airflow/.local/lib/python3.9/site-packages/airflow/example_dags/example_bash_decorator.py for tasks to queue
[2025-12-11T23:36:40.414+0000] {logging_mixin.py:188} INFO - [2025-12-11T23:36:40.413+0000] {dagbag.py:545} INFO - Filling up the DagBag from /home/airflow/.local/lib/python3.9/site-packages/airflow/example_dags/example_bash_decorator.py
[2025-12-11T23:36:40.470+0000] {processor.py:840} INFO - DAG(s) 'example_bash_decorator' retrieved from /home/airflow/.local/lib/python3.9/site-packages/airflow/example_dags/example_bash_decorator.py
[2025-12-11T23:36:40.610+0000] {logging_mixin.py:188} INFO - [2025-12-11T23:36:40.596+0000] {dag.py:3096} INFO - Sync 1 DAGs
[2025-12-11T23:36:40.677+0000] {logging_mixin.py:188} INFO - [2025-12-11T23:36:40.676+0000] {dag.py:3954} INFO - Setting next_dagrun for example_bash_decorator to None, run_after=None
[2025-12-11T23:36:40.791+0000] {processor.py:183} INFO - Processing /home/airflow/.local/lib/python3.9/site-packages/airflow/example_dags/example_bash_decorator.py took 0.417 seconds
[2025-12-11T23:37:11.017+0000] {processor.py:161} INFO - Started process (PID=6016) to work on /home/airflow/.local/lib/python3.9/site-packages/airflow/example_dags/example_bash_decorator.py
[2025-12-11T23:37:11.018+0000] {processor.py:830} INFO - Processing file /home/airflow/.local/lib/python3.9/site-packages/airflow/example_dags/example_bash_decorator.py for tasks to queue
[2025-12-11T23:37:11.032+0000] {logging_mixin.py:188} INFO - [2025-12-11T23:37:11.031+0000] {dagbag.py:545} INFO - Filling up the DagBag from /home/airflow/.local/lib/python3.9/site-packages/airflow/example_dags/example_bash_decorator.py
[2025-12-11T23:37:11.074+0000] {processor.py:840} INFO - DAG(s) 'example_bash_decorator' retrieved from /home/airflow/.local/lib/python3.9/site-packages/airflow/example_dags/example_bash_decorator.py
[2025-12-11T23:37:11.172+0000] {logging_mixin.py:188} INFO - [2025-12-11T23:37:11.172+0000] {dag.py:3096} INFO - Sync 1 DAGs
[2025-12-11T23:37:11.200+0000] {logging_mixin.py:188} INFO - [2025-12-11T23:37:11.199+0000] {dag.py:3954} INFO - Setting next_dagrun for example_bash_decorator to None, run_after=None
[2025-12-11T23:37:11.240+0000] {processor.py:183} INFO - Processing /home/airflow/.local/lib/python3.9/site-packages/airflow/example_dags/example_bash_decorator.py took 0.250 seconds
[2025-12-11T23:37:41.990+0000] {processor.py:161} INFO - Started process (PID=6083) to work on /home/airflow/.local/lib/python3.9/site-packages/airflow/example_dags/example_bash_decorator.py
[2025-12-11T23:37:41.991+0000] {processor.py:830} INFO - Processing file /home/airflow/.local/lib/python3.9/site-packages/airflow/example_dags/example_bash_decorator.py for tasks to queue
[2025-12-11T23:37:41.994+0000] {logging_mixin.py:188} INFO - [2025-12-11T23:37:41.994+0000] {dagbag.py:545} INFO - Filling up the DagBag from /home/airflow/.local/lib/python3.9/site-packages/airflow/example_dags/example_bash_decorator.py
[2025-12-11T23:37:42.074+0000] {processor.py:840} INFO - DAG(s) 'example_bash_decorator' retrieved from /home/airflow/.local/lib/python3.9/site-packages/airflow/example_dags/example_bash_decorator.py
[2025-12-11T23:37:42.194+0000] {logging_mixin.py:188} INFO - [2025-12-11T23:37:42.194+0000] {dag.py:3096} INFO - Sync 1 DAGs
[2025-12-11T23:37:42.238+0000] {logging_mixin.py:188} INFO - [2025-12-11T23:37:42.237+0000] {dag.py:3954} INFO - Setting next_dagrun for example_bash_decorator to None, run_after=None
[2025-12-11T23:37:42.314+0000] {processor.py:183} INFO - Processing /home/airflow/.local/lib/python3.9/site-packages/airflow/example_dags/example_bash_decorator.py took 0.343 seconds
[2025-12-11T23:38:12.971+0000] {processor.py:161} INFO - Started process (PID=6151) to work on /home/airflow/.local/lib/python3.9/site-packages/airflow/example_dags/example_bash_decorator.py
[2025-12-11T23:38:12.978+0000] {processor.py:830} INFO - Processing file /home/airflow/.local/lib/python3.9/site-packages/airflow/example_dags/example_bash_decorator.py for tasks to queue
[2025-12-11T23:38:12.994+0000] {logging_mixin.py:188} INFO - [2025-12-11T23:38:12.994+0000] {dagbag.py:545} INFO - Filling up the DagBag from /home/airflow/.local/lib/python3.9/site-packages/airflow/example_dags/example_bash_decorator.py
[2025-12-11T23:38:13.052+0000] {processor.py:840} INFO - DAG(s) 'example_bash_decorator' retrieved from /home/airflow/.local/lib/python3.9/site-packages/airflow/example_dags/example_bash_decorator.py
[2025-12-11T23:38:13.159+0000] {logging_mixin.py:188} INFO - [2025-12-11T23:38:13.159+0000] {dag.py:3096} INFO - Sync 1 DAGs
[2025-12-11T23:38:13.233+0000] {logging_mixin.py:188} INFO - [2025-12-11T23:38:13.232+0000] {dag.py:3954} INFO - Setting next_dagrun for example_bash_decorator to None, run_after=None
[2025-12-11T23:38:13.335+0000] {processor.py:183} INFO - Processing /home/airflow/.local/lib/python3.9/site-packages/airflow/example_dags/example_bash_decorator.py took 0.386 seconds
[2025-12-11T23:38:44.494+0000] {processor.py:161} INFO - Started process (PID=6218) to work on /home/airflow/.local/lib/python3.9/site-packages/airflow/example_dags/example_bash_decorator.py
[2025-12-11T23:38:44.509+0000] {processor.py:830} INFO - Processing file /home/airflow/.local/lib/python3.9/site-packages/airflow/example_dags/example_bash_decorator.py for tasks to queue
[2025-12-11T23:38:44.512+0000] {logging_mixin.py:188} INFO - [2025-12-11T23:38:44.512+0000] {dagbag.py:545} INFO - Filling up the DagBag from /home/airflow/.local/lib/python3.9/site-packages/airflow/example_dags/example_bash_decorator.py
[2025-12-11T23:38:44.557+0000] {processor.py:840} INFO - DAG(s) 'example_bash_decorator' retrieved from /home/airflow/.local/lib/python3.9/site-packages/airflow/example_dags/example_bash_decorator.py
[2025-12-11T23:38:44.674+0000] {logging_mixin.py:188} INFO - [2025-12-11T23:38:44.674+0000] {dag.py:3096} INFO - Sync 1 DAGs
[2025-12-11T23:38:44.713+0000] {logging_mixin.py:188} INFO - [2025-12-11T23:38:44.712+0000] {dag.py:3954} INFO - Setting next_dagrun for example_bash_decorator to None, run_after=None
[2025-12-11T23:38:44.973+0000] {processor.py:183} INFO - Processing /home/airflow/.local/lib/python3.9/site-packages/airflow/example_dags/example_bash_decorator.py took 0.497 seconds
[2025-12-11T23:39:15.940+0000] {processor.py:161} INFO - Started process (PID=6285) to work on /home/airflow/.local/lib/python3.9/site-packages/airflow/example_dags/example_bash_decorator.py
[2025-12-11T23:39:16.079+0000] {processor.py:830} INFO - Processing file /home/airflow/.local/lib/python3.9/site-packages/airflow/example_dags/example_bash_decorator.py for tasks to queue
[2025-12-11T23:39:16.084+0000] {logging_mixin.py:188} INFO - [2025-12-11T23:39:16.083+0000] {dagbag.py:545} INFO - Filling up the DagBag from /home/airflow/.local/lib/python3.9/site-packages/airflow/example_dags/example_bash_decorator.py
[2025-12-11T23:39:16.118+0000] {processor.py:840} INFO - DAG(s) 'example_bash_decorator' retrieved from /home/airflow/.local/lib/python3.9/site-packages/airflow/example_dags/example_bash_decorator.py
[2025-12-11T23:39:16.234+0000] {logging_mixin.py:188} INFO - [2025-12-11T23:39:16.233+0000] {dag.py:3096} INFO - Sync 1 DAGs
[2025-12-11T23:39:16.315+0000] {logging_mixin.py:188} INFO - [2025-12-11T23:39:16.315+0000] {dag.py:3954} INFO - Setting next_dagrun for example_bash_decorator to None, run_after=None
[2025-12-11T23:39:16.638+0000] {processor.py:183} INFO - Processing /home/airflow/.local/lib/python3.9/site-packages/airflow/example_dags/example_bash_decorator.py took 0.719 seconds
[2025-12-11T23:39:46.750+0000] {processor.py:161} INFO - Started process (PID=6352) to work on /home/airflow/.local/lib/python3.9/site-packages/airflow/example_dags/example_bash_decorator.py
[2025-12-11T23:39:46.759+0000] {processor.py:830} INFO - Processing file /home/airflow/.local/lib/python3.9/site-packages/airflow/example_dags/example_bash_decorator.py for tasks to queue
[2025-12-11T23:39:46.762+0000] {logging_mixin.py:188} INFO - [2025-12-11T23:39:46.761+0000] {dagbag.py:545} INFO - Filling up the DagBag from /home/airflow/.local/lib/python3.9/site-packages/airflow/example_dags/example_bash_decorator.py
[2025-12-11T23:39:46.783+0000] {processor.py:840} INFO - DAG(s) 'example_bash_decorator' retrieved from /home/airflow/.local/lib/python3.9/site-packages/airflow/example_dags/example_bash_decorator.py
[2025-12-11T23:39:46.835+0000] {logging_mixin.py:188} INFO - [2025-12-11T23:39:46.835+0000] {dag.py:3096} INFO - Sync 1 DAGs
[2025-12-11T23:39:46.863+0000] {logging_mixin.py:188} INFO - [2025-12-11T23:39:46.862+0000] {dag.py:3954} INFO - Setting next_dagrun for example_bash_decorator to None, run_after=None
[2025-12-11T23:39:46.899+0000] {processor.py:183} INFO - Processing /home/airflow/.local/lib/python3.9/site-packages/airflow/example_dags/example_bash_decorator.py took 0.160 seconds
[2025-12-11T23:40:17.277+0000] {processor.py:161} INFO - Started process (PID=6419) to work on /home/airflow/.local/lib/python3.9/site-packages/airflow/example_dags/example_bash_decorator.py
[2025-12-11T23:40:17.308+0000] {processor.py:830} INFO - Processing file /home/airflow/.local/lib/python3.9/site-packages/airflow/example_dags/example_bash_decorator.py for tasks to queue
[2025-12-11T23:40:17.312+0000] {logging_mixin.py:188} INFO - [2025-12-11T23:40:17.311+0000] {dagbag.py:545} INFO - Filling up the DagBag from /home/airflow/.local/lib/python3.9/site-packages/airflow/example_dags/example_bash_decorator.py
[2025-12-11T23:40:17.338+0000] {processor.py:840} INFO - DAG(s) 'example_bash_decorator' retrieved from /home/airflow/.local/lib/python3.9/site-packages/airflow/example_dags/example_bash_decorator.py
[2025-12-11T23:40:17.388+0000] {logging_mixin.py:188} INFO - [2025-12-11T23:40:17.388+0000] {dag.py:3096} INFO - Sync 1 DAGs
[2025-12-11T23:40:17.414+0000] {logging_mixin.py:188} INFO - [2025-12-11T23:40:17.414+0000] {dag.py:3954} INFO - Setting next_dagrun for example_bash_decorator to None, run_after=None
[2025-12-11T23:40:17.684+0000] {processor.py:183} INFO - Processing /home/airflow/.local/lib/python3.9/site-packages/airflow/example_dags/example_bash_decorator.py took 0.421 seconds
[2025-12-11T23:40:47.807+0000] {processor.py:161} INFO - Started process (PID=6486) to work on /home/airflow/.local/lib/python3.9/site-packages/airflow/example_dags/example_bash_decorator.py
[2025-12-11T23:40:47.809+0000] {processor.py:830} INFO - Processing file /home/airflow/.local/lib/python3.9/site-packages/airflow/example_dags/example_bash_decorator.py for tasks to queue
[2025-12-11T23:40:47.812+0000] {logging_mixin.py:188} INFO - [2025-12-11T23:40:47.811+0000] {dagbag.py:545} INFO - Filling up the DagBag from /home/airflow/.local/lib/python3.9/site-packages/airflow/example_dags/example_bash_decorator.py
[2025-12-11T23:40:47.833+0000] {processor.py:840} INFO - DAG(s) 'example_bash_decorator' retrieved from /home/airflow/.local/lib/python3.9/site-packages/airflow/example_dags/example_bash_decorator.py
[2025-12-11T23:40:47.881+0000] {logging_mixin.py:188} INFO - [2025-12-11T23:40:47.880+0000] {dag.py:3096} INFO - Sync 1 DAGs
[2025-12-11T23:40:47.905+0000] {logging_mixin.py:188} INFO - [2025-12-11T23:40:47.904+0000] {dag.py:3954} INFO - Setting next_dagrun for example_bash_decorator to None, run_after=None
[2025-12-11T23:40:47.934+0000] {processor.py:183} INFO - Processing /home/airflow/.local/lib/python3.9/site-packages/airflow/example_dags/example_bash_decorator.py took 0.137 seconds
[2025-12-11T23:41:18.082+0000] {processor.py:161} INFO - Started process (PID=6553) to work on /home/airflow/.local/lib/python3.9/site-packages/airflow/example_dags/example_bash_decorator.py
[2025-12-11T23:41:18.089+0000] {processor.py:830} INFO - Processing file /home/airflow/.local/lib/python3.9/site-packages/airflow/example_dags/example_bash_decorator.py for tasks to queue
[2025-12-11T23:41:18.092+0000] {logging_mixin.py:188} INFO - [2025-12-11T23:41:18.091+0000] {dagbag.py:545} INFO - Filling up the DagBag from /home/airflow/.local/lib/python3.9/site-packages/airflow/example_dags/example_bash_decorator.py
[2025-12-11T23:41:18.119+0000] {processor.py:840} INFO - DAG(s) 'example_bash_decorator' retrieved from /home/airflow/.local/lib/python3.9/site-packages/airflow/example_dags/example_bash_decorator.py
[2025-12-11T23:41:18.164+0000] {logging_mixin.py:188} INFO - [2025-12-11T23:41:18.164+0000] {dag.py:3096} INFO - Sync 1 DAGs
[2025-12-11T23:41:18.184+0000] {logging_mixin.py:188} INFO - [2025-12-11T23:41:18.184+0000] {dag.py:3954} INFO - Setting next_dagrun for example_bash_decorator to None, run_after=None
[2025-12-11T23:41:18.213+0000] {processor.py:183} INFO - Processing /home/airflow/.local/lib/python3.9/site-packages/airflow/example_dags/example_bash_decorator.py took 0.141 seconds
[2025-12-11T23:41:48.422+0000] {processor.py:161} INFO - Started process (PID=6620) to work on /home/airflow/.local/lib/python3.9/site-packages/airflow/example_dags/example_bash_decorator.py
[2025-12-11T23:41:48.424+0000] {processor.py:830} INFO - Processing file /home/airflow/.local/lib/python3.9/site-packages/airflow/example_dags/example_bash_decorator.py for tasks to queue
[2025-12-11T23:41:48.427+0000] {logging_mixin.py:188} INFO - [2025-12-11T23:41:48.426+0000] {dagbag.py:545} INFO - Filling up the DagBag from /home/airflow/.local/lib/python3.9/site-packages/airflow/example_dags/example_bash_decorator.py
[2025-12-11T23:41:48.449+0000] {processor.py:840} INFO - DAG(s) 'example_bash_decorator' retrieved from /home/airflow/.local/lib/python3.9/site-packages/airflow/example_dags/example_bash_decorator.py
[2025-12-11T23:41:48.492+0000] {logging_mixin.py:188} INFO - [2025-12-11T23:41:48.491+0000] {dag.py:3096} INFO - Sync 1 DAGs
[2025-12-11T23:41:48.514+0000] {logging_mixin.py:188} INFO - [2025-12-11T23:41:48.513+0000] {dag.py:3954} INFO - Setting next_dagrun for example_bash_decorator to None, run_after=None
[2025-12-11T23:41:48.545+0000] {processor.py:183} INFO - Processing /home/airflow/.local/lib/python3.9/site-packages/airflow/example_dags/example_bash_decorator.py took 0.134 seconds
[2025-12-11T23:42:18.679+0000] {processor.py:161} INFO - Started process (PID=6687) to work on /home/airflow/.local/lib/python3.9/site-packages/airflow/example_dags/example_bash_decorator.py
[2025-12-11T23:42:18.685+0000] {processor.py:830} INFO - Processing file /home/airflow/.local/lib/python3.9/site-packages/airflow/example_dags/example_bash_decorator.py for tasks to queue
[2025-12-11T23:42:18.688+0000] {logging_mixin.py:188} INFO - [2025-12-11T23:42:18.688+0000] {dagbag.py:545} INFO - Filling up the DagBag from /home/airflow/.local/lib/python3.9/site-packages/airflow/example_dags/example_bash_decorator.py
[2025-12-11T23:42:18.710+0000] {processor.py:840} INFO - DAG(s) 'example_bash_decorator' retrieved from /home/airflow/.local/lib/python3.9/site-packages/airflow/example_dags/example_bash_decorator.py
[2025-12-11T23:42:18.760+0000] {logging_mixin.py:188} INFO - [2025-12-11T23:42:18.760+0000] {dag.py:3096} INFO - Sync 1 DAGs
[2025-12-11T23:42:18.786+0000] {logging_mixin.py:188} INFO - [2025-12-11T23:42:18.785+0000] {dag.py:3954} INFO - Setting next_dagrun for example_bash_decorator to None, run_after=None
[2025-12-11T23:42:18.819+0000] {processor.py:183} INFO - Processing /home/airflow/.local/lib/python3.9/site-packages/airflow/example_dags/example_bash_decorator.py took 0.156 seconds
