[2025-12-11T22:52:11.630+0000] {processor.py:161} INFO - Started process (PID=115) to work on /home/airflow/.local/lib/python3.9/site-packages/airflow/example_dags/example_latest_only.py
[2025-12-11T22:52:11.632+0000] {processor.py:830} INFO - Processing file /home/airflow/.local/lib/python3.9/site-packages/airflow/example_dags/example_latest_only.py for tasks to queue
[2025-12-11T22:52:11.670+0000] {logging_mixin.py:188} INFO - [2025-12-11T22:52:11.669+0000] {dagbag.py:545} INFO - Filling up the DagBag from /home/airflow/.local/lib/python3.9/site-packages/airflow/example_dags/example_latest_only.py
[2025-12-11T22:52:11.732+0000] {processor.py:840} INFO - DAG(s) 'latest_only' retrieved from /home/airflow/.local/lib/python3.9/site-packages/airflow/example_dags/example_latest_only.py
[2025-12-11T22:52:12.710+0000] {logging_mixin.py:188} INFO - [2025-12-11T22:52:12.692+0000] {dag.py:3096} INFO - Sync 1 DAGs
[2025-12-11T22:52:12.929+0000] {logging_mixin.py:188} INFO - [2025-12-11T22:52:12.913+0000] {dag.py:3954} INFO - Setting next_dagrun for latest_only to 2025-12-11 16:00:00+00:00, run_after=2025-12-11 20:00:00+00:00
[2025-12-11T22:52:13.190+0000] {processor.py:183} INFO - Processing /home/airflow/.local/lib/python3.9/site-packages/airflow/example_dags/example_latest_only.py took 1.600 seconds
[2025-12-11T22:52:52.632+0000] {processor.py:161} INFO - Started process (PID=181) to work on /home/airflow/.local/lib/python3.9/site-packages/airflow/example_dags/example_latest_only.py
[2025-12-11T22:52:52.650+0000] {processor.py:830} INFO - Processing file /home/airflow/.local/lib/python3.9/site-packages/airflow/example_dags/example_latest_only.py for tasks to queue
[2025-12-11T22:52:52.653+0000] {logging_mixin.py:188} INFO - [2025-12-11T22:52:52.652+0000] {dagbag.py:545} INFO - Filling up the DagBag from /home/airflow/.local/lib/python3.9/site-packages/airflow/example_dags/example_latest_only.py
[2025-12-11T22:52:52.690+0000] {processor.py:840} INFO - DAG(s) 'latest_only' retrieved from /home/airflow/.local/lib/python3.9/site-packages/airflow/example_dags/example_latest_only.py
[2025-12-11T22:52:52.830+0000] {logging_mixin.py:188} INFO - [2025-12-11T22:52:52.815+0000] {dag.py:3096} INFO - Sync 1 DAGs
[2025-12-11T22:52:53.090+0000] {logging_mixin.py:188} INFO - [2025-12-11T22:52:53.090+0000] {dag.py:3954} INFO - Setting next_dagrun for latest_only to 2025-12-11 16:00:00+00:00, run_after=2025-12-11 20:00:00+00:00
[2025-12-11T22:52:53.310+0000] {processor.py:183} INFO - Processing /home/airflow/.local/lib/python3.9/site-packages/airflow/example_dags/example_latest_only.py took 0.719 seconds
[2025-12-11T22:53:24.135+0000] {processor.py:161} INFO - Started process (PID=240) to work on /home/airflow/.local/lib/python3.9/site-packages/airflow/example_dags/example_latest_only.py
[2025-12-11T22:53:24.174+0000] {processor.py:830} INFO - Processing file /home/airflow/.local/lib/python3.9/site-packages/airflow/example_dags/example_latest_only.py for tasks to queue
[2025-12-11T22:53:24.188+0000] {logging_mixin.py:188} INFO - [2025-12-11T22:53:24.187+0000] {dagbag.py:545} INFO - Filling up the DagBag from /home/airflow/.local/lib/python3.9/site-packages/airflow/example_dags/example_latest_only.py
[2025-12-11T22:53:24.197+0000] {processor.py:840} INFO - DAG(s) 'latest_only' retrieved from /home/airflow/.local/lib/python3.9/site-packages/airflow/example_dags/example_latest_only.py
[2025-12-11T22:53:24.249+0000] {logging_mixin.py:188} INFO - [2025-12-11T22:53:24.239+0000] {dag.py:3096} INFO - Sync 1 DAGs
[2025-12-11T22:53:24.350+0000] {logging_mixin.py:188} INFO - [2025-12-11T22:53:24.350+0000] {dag.py:3954} INFO - Setting next_dagrun for latest_only to 2025-12-11 16:00:00+00:00, run_after=2025-12-11 20:00:00+00:00
[2025-12-11T22:53:24.397+0000] {processor.py:183} INFO - Processing /home/airflow/.local/lib/python3.9/site-packages/airflow/example_dags/example_latest_only.py took 0.281 seconds
[2025-12-11T22:53:56.073+0000] {processor.py:161} INFO - Started process (PID=306) to work on /home/airflow/.local/lib/python3.9/site-packages/airflow/example_dags/example_latest_only.py
[2025-12-11T22:53:56.082+0000] {processor.py:830} INFO - Processing file /home/airflow/.local/lib/python3.9/site-packages/airflow/example_dags/example_latest_only.py for tasks to queue
[2025-12-11T22:53:56.091+0000] {logging_mixin.py:188} INFO - [2025-12-11T22:53:56.091+0000] {dagbag.py:545} INFO - Filling up the DagBag from /home/airflow/.local/lib/python3.9/site-packages/airflow/example_dags/example_latest_only.py
[2025-12-11T22:53:56.100+0000] {processor.py:840} INFO - DAG(s) 'latest_only' retrieved from /home/airflow/.local/lib/python3.9/site-packages/airflow/example_dags/example_latest_only.py
[2025-12-11T22:53:56.490+0000] {logging_mixin.py:188} INFO - [2025-12-11T22:53:56.490+0000] {dag.py:3096} INFO - Sync 1 DAGs
[2025-12-11T22:53:56.569+0000] {logging_mixin.py:188} INFO - [2025-12-11T22:53:56.569+0000] {dag.py:3954} INFO - Setting next_dagrun for latest_only to 2025-12-11 16:00:00+00:00, run_after=2025-12-11 20:00:00+00:00
[2025-12-11T22:53:56.649+0000] {processor.py:183} INFO - Processing /home/airflow/.local/lib/python3.9/site-packages/airflow/example_dags/example_latest_only.py took 0.609 seconds
[2025-12-11T22:54:27.529+0000] {processor.py:161} INFO - Started process (PID=372) to work on /home/airflow/.local/lib/python3.9/site-packages/airflow/example_dags/example_latest_only.py
[2025-12-11T22:54:27.533+0000] {processor.py:830} INFO - Processing file /home/airflow/.local/lib/python3.9/site-packages/airflow/example_dags/example_latest_only.py for tasks to queue
[2025-12-11T22:54:27.553+0000] {logging_mixin.py:188} INFO - [2025-12-11T22:54:27.552+0000] {dagbag.py:545} INFO - Filling up the DagBag from /home/airflow/.local/lib/python3.9/site-packages/airflow/example_dags/example_latest_only.py
[2025-12-11T22:54:27.610+0000] {processor.py:840} INFO - DAG(s) 'latest_only' retrieved from /home/airflow/.local/lib/python3.9/site-packages/airflow/example_dags/example_latest_only.py
[2025-12-11T22:54:27.832+0000] {logging_mixin.py:188} INFO - [2025-12-11T22:54:27.831+0000] {dag.py:3096} INFO - Sync 1 DAGs
[2025-12-11T22:54:28.011+0000] {logging_mixin.py:188} INFO - [2025-12-11T22:54:28.010+0000] {dag.py:3954} INFO - Setting next_dagrun for latest_only to 2025-12-11 16:00:00+00:00, run_after=2025-12-11 20:00:00+00:00
[2025-12-11T22:54:28.151+0000] {processor.py:183} INFO - Processing /home/airflow/.local/lib/python3.9/site-packages/airflow/example_dags/example_latest_only.py took 0.678 seconds
[2025-12-11T22:54:58.812+0000] {processor.py:161} INFO - Started process (PID=431) to work on /home/airflow/.local/lib/python3.9/site-packages/airflow/example_dags/example_latest_only.py
[2025-12-11T22:54:58.815+0000] {processor.py:830} INFO - Processing file /home/airflow/.local/lib/python3.9/site-packages/airflow/example_dags/example_latest_only.py for tasks to queue
[2025-12-11T22:54:58.821+0000] {logging_mixin.py:188} INFO - [2025-12-11T22:54:58.820+0000] {dagbag.py:545} INFO - Filling up the DagBag from /home/airflow/.local/lib/python3.9/site-packages/airflow/example_dags/example_latest_only.py
[2025-12-11T22:54:58.852+0000] {processor.py:840} INFO - DAG(s) 'latest_only' retrieved from /home/airflow/.local/lib/python3.9/site-packages/airflow/example_dags/example_latest_only.py
[2025-12-11T22:54:58.932+0000] {logging_mixin.py:188} INFO - [2025-12-11T22:54:58.931+0000] {dag.py:3096} INFO - Sync 1 DAGs
[2025-12-11T22:54:59.010+0000] {logging_mixin.py:188} INFO - [2025-12-11T22:54:59.010+0000] {dag.py:3954} INFO - Setting next_dagrun for latest_only to 2025-12-11 16:00:00+00:00, run_after=2025-12-11 20:00:00+00:00
[2025-12-11T22:54:59.075+0000] {processor.py:183} INFO - Processing /home/airflow/.local/lib/python3.9/site-packages/airflow/example_dags/example_latest_only.py took 0.289 seconds
[2025-12-11T22:55:29.372+0000] {processor.py:161} INFO - Started process (PID=497) to work on /home/airflow/.local/lib/python3.9/site-packages/airflow/example_dags/example_latest_only.py
[2025-12-11T22:55:29.374+0000] {processor.py:830} INFO - Processing file /home/airflow/.local/lib/python3.9/site-packages/airflow/example_dags/example_latest_only.py for tasks to queue
[2025-12-11T22:55:29.377+0000] {logging_mixin.py:188} INFO - [2025-12-11T22:55:29.377+0000] {dagbag.py:545} INFO - Filling up the DagBag from /home/airflow/.local/lib/python3.9/site-packages/airflow/example_dags/example_latest_only.py
[2025-12-11T22:55:29.385+0000] {processor.py:840} INFO - DAG(s) 'latest_only' retrieved from /home/airflow/.local/lib/python3.9/site-packages/airflow/example_dags/example_latest_only.py
[2025-12-11T22:55:29.425+0000] {logging_mixin.py:188} INFO - [2025-12-11T22:55:29.424+0000] {dag.py:3096} INFO - Sync 1 DAGs
[2025-12-11T22:55:29.470+0000] {logging_mixin.py:188} INFO - [2025-12-11T22:55:29.469+0000] {dag.py:3954} INFO - Setting next_dagrun for latest_only to 2025-12-11 16:00:00+00:00, run_after=2025-12-11 20:00:00+00:00
[2025-12-11T22:55:29.503+0000] {processor.py:183} INFO - Processing /home/airflow/.local/lib/python3.9/site-packages/airflow/example_dags/example_latest_only.py took 0.152 seconds
[2025-12-11T22:55:59.748+0000] {processor.py:161} INFO - Started process (PID=563) to work on /home/airflow/.local/lib/python3.9/site-packages/airflow/example_dags/example_latest_only.py
[2025-12-11T22:55:59.750+0000] {processor.py:830} INFO - Processing file /home/airflow/.local/lib/python3.9/site-packages/airflow/example_dags/example_latest_only.py for tasks to queue
[2025-12-11T22:55:59.753+0000] {logging_mixin.py:188} INFO - [2025-12-11T22:55:59.752+0000] {dagbag.py:545} INFO - Filling up the DagBag from /home/airflow/.local/lib/python3.9/site-packages/airflow/example_dags/example_latest_only.py
[2025-12-11T22:55:59.761+0000] {processor.py:840} INFO - DAG(s) 'latest_only' retrieved from /home/airflow/.local/lib/python3.9/site-packages/airflow/example_dags/example_latest_only.py
[2025-12-11T22:55:59.803+0000] {logging_mixin.py:188} INFO - [2025-12-11T22:55:59.802+0000] {dag.py:3096} INFO - Sync 1 DAGs
[2025-12-11T22:55:59.850+0000] {logging_mixin.py:188} INFO - [2025-12-11T22:55:59.850+0000] {dag.py:3954} INFO - Setting next_dagrun for latest_only to 2025-12-11 16:00:00+00:00, run_after=2025-12-11 20:00:00+00:00
[2025-12-11T22:55:59.878+0000] {processor.py:183} INFO - Processing /home/airflow/.local/lib/python3.9/site-packages/airflow/example_dags/example_latest_only.py took 0.140 seconds
[2025-12-11T22:56:29.920+0000] {processor.py:161} INFO - Started process (PID=629) to work on /home/airflow/.local/lib/python3.9/site-packages/airflow/example_dags/example_latest_only.py
[2025-12-11T22:56:29.922+0000] {processor.py:830} INFO - Processing file /home/airflow/.local/lib/python3.9/site-packages/airflow/example_dags/example_latest_only.py for tasks to queue
[2025-12-11T22:56:29.925+0000] {logging_mixin.py:188} INFO - [2025-12-11T22:56:29.924+0000] {dagbag.py:545} INFO - Filling up the DagBag from /home/airflow/.local/lib/python3.9/site-packages/airflow/example_dags/example_latest_only.py
[2025-12-11T22:56:29.934+0000] {processor.py:840} INFO - DAG(s) 'latest_only' retrieved from /home/airflow/.local/lib/python3.9/site-packages/airflow/example_dags/example_latest_only.py
[2025-12-11T22:56:29.976+0000] {logging_mixin.py:188} INFO - [2025-12-11T22:56:29.976+0000] {dag.py:3096} INFO - Sync 1 DAGs
[2025-12-11T22:56:30.014+0000] {logging_mixin.py:188} INFO - [2025-12-11T22:56:30.014+0000] {dag.py:3954} INFO - Setting next_dagrun for latest_only to 2025-12-11 16:00:00+00:00, run_after=2025-12-11 20:00:00+00:00
[2025-12-11T22:56:30.044+0000] {processor.py:183} INFO - Processing /home/airflow/.local/lib/python3.9/site-packages/airflow/example_dags/example_latest_only.py took 0.135 seconds
[2025-12-11T22:57:00.492+0000] {processor.py:161} INFO - Started process (PID=695) to work on /home/airflow/.local/lib/python3.9/site-packages/airflow/example_dags/example_latest_only.py
[2025-12-11T22:57:00.500+0000] {processor.py:830} INFO - Processing file /home/airflow/.local/lib/python3.9/site-packages/airflow/example_dags/example_latest_only.py for tasks to queue
[2025-12-11T22:57:00.504+0000] {logging_mixin.py:188} INFO - [2025-12-11T22:57:00.503+0000] {dagbag.py:545} INFO - Filling up the DagBag from /home/airflow/.local/lib/python3.9/site-packages/airflow/example_dags/example_latest_only.py
[2025-12-11T22:57:00.517+0000] {processor.py:840} INFO - DAG(s) 'latest_only' retrieved from /home/airflow/.local/lib/python3.9/site-packages/airflow/example_dags/example_latest_only.py
[2025-12-11T22:57:00.589+0000] {logging_mixin.py:188} INFO - [2025-12-11T22:57:00.581+0000] {dag.py:3096} INFO - Sync 1 DAGs
[2025-12-11T22:57:00.649+0000] {logging_mixin.py:188} INFO - [2025-12-11T22:57:00.643+0000] {dag.py:3954} INFO - Setting next_dagrun for latest_only to 2025-12-11 16:00:00+00:00, run_after=2025-12-11 20:00:00+00:00
[2025-12-11T22:57:00.712+0000] {processor.py:183} INFO - Processing /home/airflow/.local/lib/python3.9/site-packages/airflow/example_dags/example_latest_only.py took 0.241 seconds
[2025-12-11T22:57:30.894+0000] {processor.py:161} INFO - Started process (PID=761) to work on /home/airflow/.local/lib/python3.9/site-packages/airflow/example_dags/example_latest_only.py
[2025-12-11T22:57:30.896+0000] {processor.py:830} INFO - Processing file /home/airflow/.local/lib/python3.9/site-packages/airflow/example_dags/example_latest_only.py for tasks to queue
[2025-12-11T22:57:30.911+0000] {logging_mixin.py:188} INFO - [2025-12-11T22:57:30.910+0000] {dagbag.py:545} INFO - Filling up the DagBag from /home/airflow/.local/lib/python3.9/site-packages/airflow/example_dags/example_latest_only.py
[2025-12-11T22:57:30.920+0000] {processor.py:840} INFO - DAG(s) 'latest_only' retrieved from /home/airflow/.local/lib/python3.9/site-packages/airflow/example_dags/example_latest_only.py
[2025-12-11T22:57:30.994+0000] {logging_mixin.py:188} INFO - [2025-12-11T22:57:30.994+0000] {dag.py:3096} INFO - Sync 1 DAGs
[2025-12-11T22:57:31.095+0000] {logging_mixin.py:188} INFO - [2025-12-11T22:57:31.095+0000] {dag.py:3954} INFO - Setting next_dagrun for latest_only to 2025-12-11 16:00:00+00:00, run_after=2025-12-11 20:00:00+00:00
[2025-12-11T22:57:31.139+0000] {processor.py:183} INFO - Processing /home/airflow/.local/lib/python3.9/site-packages/airflow/example_dags/example_latest_only.py took 0.264 seconds
[2025-12-11T22:58:02.013+0000] {processor.py:161} INFO - Started process (PID=834) to work on /home/airflow/.local/lib/python3.9/site-packages/airflow/example_dags/example_latest_only.py
[2025-12-11T22:58:02.015+0000] {processor.py:830} INFO - Processing file /home/airflow/.local/lib/python3.9/site-packages/airflow/example_dags/example_latest_only.py for tasks to queue
[2025-12-11T22:58:02.017+0000] {logging_mixin.py:188} INFO - [2025-12-11T22:58:02.017+0000] {dagbag.py:545} INFO - Filling up the DagBag from /home/airflow/.local/lib/python3.9/site-packages/airflow/example_dags/example_latest_only.py
[2025-12-11T22:58:02.033+0000] {processor.py:840} INFO - DAG(s) 'latest_only' retrieved from /home/airflow/.local/lib/python3.9/site-packages/airflow/example_dags/example_latest_only.py
[2025-12-11T22:58:02.090+0000] {logging_mixin.py:188} INFO - [2025-12-11T22:58:02.089+0000] {dag.py:3096} INFO - Sync 1 DAGs
[2025-12-11T22:58:02.152+0000] {logging_mixin.py:188} INFO - [2025-12-11T22:58:02.151+0000] {dag.py:3954} INFO - Setting next_dagrun for latest_only to 2025-12-11 16:00:00+00:00, run_after=2025-12-11 20:00:00+00:00
[2025-12-11T22:58:02.193+0000] {processor.py:183} INFO - Processing /home/airflow/.local/lib/python3.9/site-packages/airflow/example_dags/example_latest_only.py took 0.198 seconds
[2025-12-11T22:58:32.894+0000] {processor.py:161} INFO - Started process (PID=900) to work on /home/airflow/.local/lib/python3.9/site-packages/airflow/example_dags/example_latest_only.py
[2025-12-11T22:58:32.896+0000] {processor.py:830} INFO - Processing file /home/airflow/.local/lib/python3.9/site-packages/airflow/example_dags/example_latest_only.py for tasks to queue
[2025-12-11T22:58:32.899+0000] {logging_mixin.py:188} INFO - [2025-12-11T22:58:32.898+0000] {dagbag.py:545} INFO - Filling up the DagBag from /home/airflow/.local/lib/python3.9/site-packages/airflow/example_dags/example_latest_only.py
[2025-12-11T22:58:32.913+0000] {processor.py:840} INFO - DAG(s) 'latest_only' retrieved from /home/airflow/.local/lib/python3.9/site-packages/airflow/example_dags/example_latest_only.py
[2025-12-11T22:58:32.978+0000] {logging_mixin.py:188} INFO - [2025-12-11T22:58:32.978+0000] {dag.py:3096} INFO - Sync 1 DAGs
[2025-12-11T22:58:33.040+0000] {logging_mixin.py:188} INFO - [2025-12-11T22:58:33.039+0000] {dag.py:3954} INFO - Setting next_dagrun for latest_only to 2025-12-11 16:00:00+00:00, run_after=2025-12-11 20:00:00+00:00
[2025-12-11T22:58:33.098+0000] {processor.py:183} INFO - Processing /home/airflow/.local/lib/python3.9/site-packages/airflow/example_dags/example_latest_only.py took 0.224 seconds
[2025-12-11T22:59:03.779+0000] {processor.py:161} INFO - Started process (PID=966) to work on /home/airflow/.local/lib/python3.9/site-packages/airflow/example_dags/example_latest_only.py
[2025-12-11T22:59:03.781+0000] {processor.py:830} INFO - Processing file /home/airflow/.local/lib/python3.9/site-packages/airflow/example_dags/example_latest_only.py for tasks to queue
[2025-12-11T22:59:03.791+0000] {logging_mixin.py:188} INFO - [2025-12-11T22:59:03.790+0000] {dagbag.py:545} INFO - Filling up the DagBag from /home/airflow/.local/lib/python3.9/site-packages/airflow/example_dags/example_latest_only.py
[2025-12-11T22:59:03.799+0000] {processor.py:840} INFO - DAG(s) 'latest_only' retrieved from /home/airflow/.local/lib/python3.9/site-packages/airflow/example_dags/example_latest_only.py
[2025-12-11T22:59:03.857+0000] {logging_mixin.py:188} INFO - [2025-12-11T22:59:03.856+0000] {dag.py:3096} INFO - Sync 1 DAGs
[2025-12-11T22:59:03.916+0000] {logging_mixin.py:188} INFO - [2025-12-11T22:59:03.916+0000] {dag.py:3954} INFO - Setting next_dagrun for latest_only to 2025-12-11 16:00:00+00:00, run_after=2025-12-11 20:00:00+00:00
[2025-12-11T22:59:03.971+0000] {processor.py:183} INFO - Processing /home/airflow/.local/lib/python3.9/site-packages/airflow/example_dags/example_latest_only.py took 0.202 seconds
[2025-12-11T22:59:34.147+0000] {processor.py:161} INFO - Started process (PID=1031) to work on /home/airflow/.local/lib/python3.9/site-packages/airflow/example_dags/example_latest_only.py
[2025-12-11T22:59:34.150+0000] {processor.py:830} INFO - Processing file /home/airflow/.local/lib/python3.9/site-packages/airflow/example_dags/example_latest_only.py for tasks to queue
[2025-12-11T22:59:34.152+0000] {logging_mixin.py:188} INFO - [2025-12-11T22:59:34.152+0000] {dagbag.py:545} INFO - Filling up the DagBag from /home/airflow/.local/lib/python3.9/site-packages/airflow/example_dags/example_latest_only.py
[2025-12-11T22:59:34.161+0000] {processor.py:840} INFO - DAG(s) 'latest_only' retrieved from /home/airflow/.local/lib/python3.9/site-packages/airflow/example_dags/example_latest_only.py
[2025-12-11T22:59:34.198+0000] {logging_mixin.py:188} INFO - [2025-12-11T22:59:34.197+0000] {dag.py:3096} INFO - Sync 1 DAGs
[2025-12-11T22:59:34.254+0000] {logging_mixin.py:188} INFO - [2025-12-11T22:59:34.253+0000] {dag.py:3954} INFO - Setting next_dagrun for latest_only to 2025-12-11 16:00:00+00:00, run_after=2025-12-11 20:00:00+00:00
[2025-12-11T22:59:34.297+0000] {processor.py:183} INFO - Processing /home/airflow/.local/lib/python3.9/site-packages/airflow/example_dags/example_latest_only.py took 0.161 seconds
[2025-12-11T23:00:05.032+0000] {processor.py:161} INFO - Started process (PID=1097) to work on /home/airflow/.local/lib/python3.9/site-packages/airflow/example_dags/example_latest_only.py
[2025-12-11T23:00:05.034+0000] {processor.py:830} INFO - Processing file /home/airflow/.local/lib/python3.9/site-packages/airflow/example_dags/example_latest_only.py for tasks to queue
[2025-12-11T23:00:05.037+0000] {logging_mixin.py:188} INFO - [2025-12-11T23:00:05.036+0000] {dagbag.py:545} INFO - Filling up the DagBag from /home/airflow/.local/lib/python3.9/site-packages/airflow/example_dags/example_latest_only.py
[2025-12-11T23:00:05.057+0000] {processor.py:840} INFO - DAG(s) 'latest_only' retrieved from /home/airflow/.local/lib/python3.9/site-packages/airflow/example_dags/example_latest_only.py
[2025-12-11T23:00:05.176+0000] {logging_mixin.py:188} INFO - [2025-12-11T23:00:05.175+0000] {dag.py:3096} INFO - Sync 1 DAGs
[2025-12-11T23:00:05.313+0000] {logging_mixin.py:188} INFO - [2025-12-11T23:00:05.313+0000] {dag.py:3954} INFO - Setting next_dagrun for latest_only to 2025-12-11 16:00:00+00:00, run_after=2025-12-11 20:00:00+00:00
[2025-12-11T23:00:05.399+0000] {processor.py:183} INFO - Processing /home/airflow/.local/lib/python3.9/site-packages/airflow/example_dags/example_latest_only.py took 0.387 seconds
[2025-12-11T23:00:35.872+0000] {processor.py:161} INFO - Started process (PID=1161) to work on /home/airflow/.local/lib/python3.9/site-packages/airflow/example_dags/example_latest_only.py
[2025-12-11T23:00:35.874+0000] {processor.py:830} INFO - Processing file /home/airflow/.local/lib/python3.9/site-packages/airflow/example_dags/example_latest_only.py for tasks to queue
[2025-12-11T23:00:35.877+0000] {logging_mixin.py:188} INFO - [2025-12-11T23:00:35.876+0000] {dagbag.py:545} INFO - Filling up the DagBag from /home/airflow/.local/lib/python3.9/site-packages/airflow/example_dags/example_latest_only.py
[2025-12-11T23:00:35.894+0000] {processor.py:840} INFO - DAG(s) 'latest_only' retrieved from /home/airflow/.local/lib/python3.9/site-packages/airflow/example_dags/example_latest_only.py
[2025-12-11T23:00:35.952+0000] {logging_mixin.py:188} INFO - [2025-12-11T23:00:35.951+0000] {dag.py:3096} INFO - Sync 1 DAGs
[2025-12-11T23:00:36.010+0000] {logging_mixin.py:188} INFO - [2025-12-11T23:00:36.009+0000] {dag.py:3954} INFO - Setting next_dagrun for latest_only to 2025-12-11 16:00:00+00:00, run_after=2025-12-11 20:00:00+00:00
[2025-12-11T23:00:36.057+0000] {processor.py:183} INFO - Processing /home/airflow/.local/lib/python3.9/site-packages/airflow/example_dags/example_latest_only.py took 0.202 seconds
[2025-12-11T23:01:06.414+0000] {processor.py:161} INFO - Started process (PID=1227) to work on /home/airflow/.local/lib/python3.9/site-packages/airflow/example_dags/example_latest_only.py
[2025-12-11T23:01:06.421+0000] {processor.py:830} INFO - Processing file /home/airflow/.local/lib/python3.9/site-packages/airflow/example_dags/example_latest_only.py for tasks to queue
[2025-12-11T23:01:06.431+0000] {logging_mixin.py:188} INFO - [2025-12-11T23:01:06.431+0000] {dagbag.py:545} INFO - Filling up the DagBag from /home/airflow/.local/lib/python3.9/site-packages/airflow/example_dags/example_latest_only.py
[2025-12-11T23:01:06.451+0000] {processor.py:840} INFO - DAG(s) 'latest_only' retrieved from /home/airflow/.local/lib/python3.9/site-packages/airflow/example_dags/example_latest_only.py
[2025-12-11T23:01:06.574+0000] {logging_mixin.py:188} INFO - [2025-12-11T23:01:06.574+0000] {dag.py:3096} INFO - Sync 1 DAGs
[2025-12-11T23:01:06.716+0000] {logging_mixin.py:188} INFO - [2025-12-11T23:01:06.715+0000] {dag.py:3954} INFO - Setting next_dagrun for latest_only to 2025-12-11 16:00:00+00:00, run_after=2025-12-11 20:00:00+00:00
[2025-12-11T23:01:06.776+0000] {processor.py:183} INFO - Processing /home/airflow/.local/lib/python3.9/site-packages/airflow/example_dags/example_latest_only.py took 0.397 seconds
[2025-12-11T23:01:37.017+0000] {processor.py:161} INFO - Started process (PID=1293) to work on /home/airflow/.local/lib/python3.9/site-packages/airflow/example_dags/example_latest_only.py
[2025-12-11T23:01:37.083+0000] {processor.py:830} INFO - Processing file /home/airflow/.local/lib/python3.9/site-packages/airflow/example_dags/example_latest_only.py for tasks to queue
[2025-12-11T23:01:37.087+0000] {logging_mixin.py:188} INFO - [2025-12-11T23:01:37.086+0000] {dagbag.py:545} INFO - Filling up the DagBag from /home/airflow/.local/lib/python3.9/site-packages/airflow/example_dags/example_latest_only.py
[2025-12-11T23:01:37.098+0000] {processor.py:840} INFO - DAG(s) 'latest_only' retrieved from /home/airflow/.local/lib/python3.9/site-packages/airflow/example_dags/example_latest_only.py
[2025-12-11T23:01:37.136+0000] {logging_mixin.py:188} INFO - [2025-12-11T23:01:37.135+0000] {dag.py:3096} INFO - Sync 1 DAGs
[2025-12-11T23:01:37.174+0000] {logging_mixin.py:188} INFO - [2025-12-11T23:01:37.174+0000] {dag.py:3954} INFO - Setting next_dagrun for latest_only to 2025-12-11 16:00:00+00:00, run_after=2025-12-11 20:00:00+00:00
[2025-12-11T23:01:37.241+0000] {processor.py:183} INFO - Processing /home/airflow/.local/lib/python3.9/site-packages/airflow/example_dags/example_latest_only.py took 0.242 seconds
[2025-12-11T23:02:07.675+0000] {processor.py:161} INFO - Started process (PID=1360) to work on /home/airflow/.local/lib/python3.9/site-packages/airflow/example_dags/example_latest_only.py
[2025-12-11T23:02:07.680+0000] {processor.py:830} INFO - Processing file /home/airflow/.local/lib/python3.9/site-packages/airflow/example_dags/example_latest_only.py for tasks to queue
[2025-12-11T23:02:07.684+0000] {logging_mixin.py:188} INFO - [2025-12-11T23:02:07.683+0000] {dagbag.py:545} INFO - Filling up the DagBag from /home/airflow/.local/lib/python3.9/site-packages/airflow/example_dags/example_latest_only.py
[2025-12-11T23:02:07.694+0000] {processor.py:840} INFO - DAG(s) 'latest_only' retrieved from /home/airflow/.local/lib/python3.9/site-packages/airflow/example_dags/example_latest_only.py
[2025-12-11T23:02:07.754+0000] {logging_mixin.py:188} INFO - [2025-12-11T23:02:07.754+0000] {dag.py:3096} INFO - Sync 1 DAGs
[2025-12-11T23:02:07.801+0000] {logging_mixin.py:188} INFO - [2025-12-11T23:02:07.801+0000] {dag.py:3954} INFO - Setting next_dagrun for latest_only to 2025-12-11 16:00:00+00:00, run_after=2025-12-11 20:00:00+00:00
[2025-12-11T23:02:07.832+0000] {processor.py:183} INFO - Processing /home/airflow/.local/lib/python3.9/site-packages/airflow/example_dags/example_latest_only.py took 0.170 seconds
[2025-12-11T23:02:38.145+0000] {processor.py:161} INFO - Started process (PID=1427) to work on /home/airflow/.local/lib/python3.9/site-packages/airflow/example_dags/example_latest_only.py
[2025-12-11T23:02:38.147+0000] {processor.py:830} INFO - Processing file /home/airflow/.local/lib/python3.9/site-packages/airflow/example_dags/example_latest_only.py for tasks to queue
[2025-12-11T23:02:38.150+0000] {logging_mixin.py:188} INFO - [2025-12-11T23:02:38.149+0000] {dagbag.py:545} INFO - Filling up the DagBag from /home/airflow/.local/lib/python3.9/site-packages/airflow/example_dags/example_latest_only.py
[2025-12-11T23:02:38.160+0000] {processor.py:840} INFO - DAG(s) 'latest_only' retrieved from /home/airflow/.local/lib/python3.9/site-packages/airflow/example_dags/example_latest_only.py
[2025-12-11T23:02:38.209+0000] {logging_mixin.py:188} INFO - [2025-12-11T23:02:38.208+0000] {dag.py:3096} INFO - Sync 1 DAGs
[2025-12-11T23:02:38.251+0000] {logging_mixin.py:188} INFO - [2025-12-11T23:02:38.250+0000] {dag.py:3954} INFO - Setting next_dagrun for latest_only to 2025-12-11 16:00:00+00:00, run_after=2025-12-11 20:00:00+00:00
[2025-12-11T23:02:38.287+0000] {processor.py:183} INFO - Processing /home/airflow/.local/lib/python3.9/site-packages/airflow/example_dags/example_latest_only.py took 0.154 seconds
[2025-12-11T23:03:08.586+0000] {processor.py:161} INFO - Started process (PID=1496) to work on /home/airflow/.local/lib/python3.9/site-packages/airflow/example_dags/example_latest_only.py
[2025-12-11T23:03:08.595+0000] {processor.py:830} INFO - Processing file /home/airflow/.local/lib/python3.9/site-packages/airflow/example_dags/example_latest_only.py for tasks to queue
[2025-12-11T23:03:08.598+0000] {logging_mixin.py:188} INFO - [2025-12-11T23:03:08.598+0000] {dagbag.py:545} INFO - Filling up the DagBag from /home/airflow/.local/lib/python3.9/site-packages/airflow/example_dags/example_latest_only.py
[2025-12-11T23:03:08.607+0000] {processor.py:840} INFO - DAG(s) 'latest_only' retrieved from /home/airflow/.local/lib/python3.9/site-packages/airflow/example_dags/example_latest_only.py
[2025-12-11T23:03:08.643+0000] {logging_mixin.py:188} INFO - [2025-12-11T23:03:08.643+0000] {dag.py:3096} INFO - Sync 1 DAGs
[2025-12-11T23:03:08.682+0000] {logging_mixin.py:188} INFO - [2025-12-11T23:03:08.682+0000] {dag.py:3954} INFO - Setting next_dagrun for latest_only to 2025-12-11 16:00:00+00:00, run_after=2025-12-11 20:00:00+00:00
[2025-12-11T23:03:08.711+0000] {processor.py:183} INFO - Processing /home/airflow/.local/lib/python3.9/site-packages/airflow/example_dags/example_latest_only.py took 0.136 seconds
[2025-12-11T23:03:38.954+0000] {processor.py:161} INFO - Started process (PID=1565) to work on /home/airflow/.local/lib/python3.9/site-packages/airflow/example_dags/example_latest_only.py
[2025-12-11T23:03:38.956+0000] {processor.py:830} INFO - Processing file /home/airflow/.local/lib/python3.9/site-packages/airflow/example_dags/example_latest_only.py for tasks to queue
[2025-12-11T23:03:38.959+0000] {logging_mixin.py:188} INFO - [2025-12-11T23:03:38.958+0000] {dagbag.py:545} INFO - Filling up the DagBag from /home/airflow/.local/lib/python3.9/site-packages/airflow/example_dags/example_latest_only.py
[2025-12-11T23:03:38.967+0000] {processor.py:840} INFO - DAG(s) 'latest_only' retrieved from /home/airflow/.local/lib/python3.9/site-packages/airflow/example_dags/example_latest_only.py
[2025-12-11T23:03:39.015+0000] {logging_mixin.py:188} INFO - [2025-12-11T23:03:39.014+0000] {dag.py:3096} INFO - Sync 1 DAGs
[2025-12-11T23:03:39.059+0000] {logging_mixin.py:188} INFO - [2025-12-11T23:03:39.059+0000] {dag.py:3954} INFO - Setting next_dagrun for latest_only to 2025-12-11 16:00:00+00:00, run_after=2025-12-11 20:00:00+00:00
[2025-12-11T23:03:39.087+0000] {processor.py:183} INFO - Processing /home/airflow/.local/lib/python3.9/site-packages/airflow/example_dags/example_latest_only.py took 0.145 seconds
[2025-12-11T23:04:09.403+0000] {processor.py:161} INFO - Started process (PID=1637) to work on /home/airflow/.local/lib/python3.9/site-packages/airflow/example_dags/example_latest_only.py
[2025-12-11T23:04:09.405+0000] {processor.py:830} INFO - Processing file /home/airflow/.local/lib/python3.9/site-packages/airflow/example_dags/example_latest_only.py for tasks to queue
[2025-12-11T23:04:09.407+0000] {logging_mixin.py:188} INFO - [2025-12-11T23:04:09.407+0000] {dagbag.py:545} INFO - Filling up the DagBag from /home/airflow/.local/lib/python3.9/site-packages/airflow/example_dags/example_latest_only.py
[2025-12-11T23:04:09.415+0000] {processor.py:840} INFO - DAG(s) 'latest_only' retrieved from /home/airflow/.local/lib/python3.9/site-packages/airflow/example_dags/example_latest_only.py
[2025-12-11T23:04:09.457+0000] {logging_mixin.py:188} INFO - [2025-12-11T23:04:09.456+0000] {dag.py:3096} INFO - Sync 1 DAGs
[2025-12-11T23:04:09.497+0000] {logging_mixin.py:188} INFO - [2025-12-11T23:04:09.497+0000] {dag.py:3954} INFO - Setting next_dagrun for latest_only to 2025-12-11 16:00:00+00:00, run_after=2025-12-11 20:00:00+00:00
[2025-12-11T23:04:09.538+0000] {processor.py:183} INFO - Processing /home/airflow/.local/lib/python3.9/site-packages/airflow/example_dags/example_latest_only.py took 0.146 seconds
[2025-12-11T23:04:40.305+0000] {processor.py:161} INFO - Started process (PID=1707) to work on /home/airflow/.local/lib/python3.9/site-packages/airflow/example_dags/example_latest_only.py
[2025-12-11T23:04:40.307+0000] {processor.py:830} INFO - Processing file /home/airflow/.local/lib/python3.9/site-packages/airflow/example_dags/example_latest_only.py for tasks to queue
[2025-12-11T23:04:40.310+0000] {logging_mixin.py:188} INFO - [2025-12-11T23:04:40.309+0000] {dagbag.py:545} INFO - Filling up the DagBag from /home/airflow/.local/lib/python3.9/site-packages/airflow/example_dags/example_latest_only.py
[2025-12-11T23:04:40.317+0000] {processor.py:840} INFO - DAG(s) 'latest_only' retrieved from /home/airflow/.local/lib/python3.9/site-packages/airflow/example_dags/example_latest_only.py
[2025-12-11T23:04:40.355+0000] {logging_mixin.py:188} INFO - [2025-12-11T23:04:40.355+0000] {dag.py:3096} INFO - Sync 1 DAGs
[2025-12-11T23:04:40.391+0000] {logging_mixin.py:188} INFO - [2025-12-11T23:04:40.391+0000] {dag.py:3954} INFO - Setting next_dagrun for latest_only to 2025-12-11 16:00:00+00:00, run_after=2025-12-11 20:00:00+00:00
[2025-12-11T23:04:40.417+0000] {processor.py:183} INFO - Processing /home/airflow/.local/lib/python3.9/site-packages/airflow/example_dags/example_latest_only.py took 0.121 seconds
[2025-12-11T23:05:10.845+0000] {processor.py:161} INFO - Started process (PID=1779) to work on /home/airflow/.local/lib/python3.9/site-packages/airflow/example_dags/example_latest_only.py
[2025-12-11T23:05:10.846+0000] {processor.py:830} INFO - Processing file /home/airflow/.local/lib/python3.9/site-packages/airflow/example_dags/example_latest_only.py for tasks to queue
[2025-12-11T23:05:10.849+0000] {logging_mixin.py:188} INFO - [2025-12-11T23:05:10.849+0000] {dagbag.py:545} INFO - Filling up the DagBag from /home/airflow/.local/lib/python3.9/site-packages/airflow/example_dags/example_latest_only.py
[2025-12-11T23:05:10.857+0000] {processor.py:840} INFO - DAG(s) 'latest_only' retrieved from /home/airflow/.local/lib/python3.9/site-packages/airflow/example_dags/example_latest_only.py
[2025-12-11T23:05:10.891+0000] {logging_mixin.py:188} INFO - [2025-12-11T23:05:10.891+0000] {dag.py:3096} INFO - Sync 1 DAGs
[2025-12-11T23:05:10.929+0000] {logging_mixin.py:188} INFO - [2025-12-11T23:05:10.929+0000] {dag.py:3954} INFO - Setting next_dagrun for latest_only to 2025-12-11 16:00:00+00:00, run_after=2025-12-11 20:00:00+00:00
[2025-12-11T23:05:10.959+0000] {processor.py:183} INFO - Processing /home/airflow/.local/lib/python3.9/site-packages/airflow/example_dags/example_latest_only.py took 0.124 seconds
[2025-12-11T23:05:41.179+0000] {processor.py:161} INFO - Started process (PID=1850) to work on /home/airflow/.local/lib/python3.9/site-packages/airflow/example_dags/example_latest_only.py
[2025-12-11T23:05:41.181+0000] {processor.py:830} INFO - Processing file /home/airflow/.local/lib/python3.9/site-packages/airflow/example_dags/example_latest_only.py for tasks to queue
[2025-12-11T23:05:41.183+0000] {logging_mixin.py:188} INFO - [2025-12-11T23:05:41.183+0000] {dagbag.py:545} INFO - Filling up the DagBag from /home/airflow/.local/lib/python3.9/site-packages/airflow/example_dags/example_latest_only.py
[2025-12-11T23:05:41.190+0000] {processor.py:840} INFO - DAG(s) 'latest_only' retrieved from /home/airflow/.local/lib/python3.9/site-packages/airflow/example_dags/example_latest_only.py
[2025-12-11T23:05:41.223+0000] {logging_mixin.py:188} INFO - [2025-12-11T23:05:41.223+0000] {dag.py:3096} INFO - Sync 1 DAGs
[2025-12-11T23:05:41.256+0000] {logging_mixin.py:188} INFO - [2025-12-11T23:05:41.256+0000] {dag.py:3954} INFO - Setting next_dagrun for latest_only to 2025-12-11 16:00:00+00:00, run_after=2025-12-11 20:00:00+00:00
[2025-12-11T23:05:41.283+0000] {processor.py:183} INFO - Processing /home/airflow/.local/lib/python3.9/site-packages/airflow/example_dags/example_latest_only.py took 0.113 seconds
[2025-12-11T23:06:11.418+0000] {processor.py:161} INFO - Started process (PID=1919) to work on /home/airflow/.local/lib/python3.9/site-packages/airflow/example_dags/example_latest_only.py
[2025-12-11T23:06:11.461+0000] {processor.py:830} INFO - Processing file /home/airflow/.local/lib/python3.9/site-packages/airflow/example_dags/example_latest_only.py for tasks to queue
[2025-12-11T23:06:11.464+0000] {logging_mixin.py:188} INFO - [2025-12-11T23:06:11.464+0000] {dagbag.py:545} INFO - Filling up the DagBag from /home/airflow/.local/lib/python3.9/site-packages/airflow/example_dags/example_latest_only.py
[2025-12-11T23:06:11.472+0000] {processor.py:840} INFO - DAG(s) 'latest_only' retrieved from /home/airflow/.local/lib/python3.9/site-packages/airflow/example_dags/example_latest_only.py
[2025-12-11T23:06:11.513+0000] {logging_mixin.py:188} INFO - [2025-12-11T23:06:11.513+0000] {dag.py:3096} INFO - Sync 1 DAGs
[2025-12-11T23:06:11.552+0000] {logging_mixin.py:188} INFO - [2025-12-11T23:06:11.551+0000] {dag.py:3954} INFO - Setting next_dagrun for latest_only to 2025-12-11 16:00:00+00:00, run_after=2025-12-11 20:00:00+00:00
[2025-12-11T23:06:11.817+0000] {processor.py:183} INFO - Processing /home/airflow/.local/lib/python3.9/site-packages/airflow/example_dags/example_latest_only.py took 0.409 seconds
[2025-12-11T23:06:42.562+0000] {processor.py:161} INFO - Started process (PID=1987) to work on /home/airflow/.local/lib/python3.9/site-packages/airflow/example_dags/example_latest_only.py
[2025-12-11T23:06:42.571+0000] {processor.py:830} INFO - Processing file /home/airflow/.local/lib/python3.9/site-packages/airflow/example_dags/example_latest_only.py for tasks to queue
[2025-12-11T23:06:42.573+0000] {logging_mixin.py:188} INFO - [2025-12-11T23:06:42.573+0000] {dagbag.py:545} INFO - Filling up the DagBag from /home/airflow/.local/lib/python3.9/site-packages/airflow/example_dags/example_latest_only.py
[2025-12-11T23:06:42.582+0000] {processor.py:840} INFO - DAG(s) 'latest_only' retrieved from /home/airflow/.local/lib/python3.9/site-packages/airflow/example_dags/example_latest_only.py
[2025-12-11T23:06:42.641+0000] {logging_mixin.py:188} INFO - [2025-12-11T23:06:42.641+0000] {dag.py:3096} INFO - Sync 1 DAGs
[2025-12-11T23:06:42.715+0000] {logging_mixin.py:188} INFO - [2025-12-11T23:06:42.714+0000] {dag.py:3954} INFO - Setting next_dagrun for latest_only to 2025-12-11 16:00:00+00:00, run_after=2025-12-11 20:00:00+00:00
[2025-12-11T23:06:42.769+0000] {processor.py:183} INFO - Processing /home/airflow/.local/lib/python3.9/site-packages/airflow/example_dags/example_latest_only.py took 0.218 seconds
[2025-12-11T23:07:12.821+0000] {processor.py:161} INFO - Started process (PID=2060) to work on /home/airflow/.local/lib/python3.9/site-packages/airflow/example_dags/example_latest_only.py
[2025-12-11T23:07:12.823+0000] {processor.py:830} INFO - Processing file /home/airflow/.local/lib/python3.9/site-packages/airflow/example_dags/example_latest_only.py for tasks to queue
[2025-12-11T23:07:12.826+0000] {logging_mixin.py:188} INFO - [2025-12-11T23:07:12.825+0000] {dagbag.py:545} INFO - Filling up the DagBag from /home/airflow/.local/lib/python3.9/site-packages/airflow/example_dags/example_latest_only.py
[2025-12-11T23:07:12.836+0000] {processor.py:840} INFO - DAG(s) 'latest_only' retrieved from /home/airflow/.local/lib/python3.9/site-packages/airflow/example_dags/example_latest_only.py
[2025-12-11T23:07:12.886+0000] {logging_mixin.py:188} INFO - [2025-12-11T23:07:12.885+0000] {dag.py:3096} INFO - Sync 1 DAGs
[2025-12-11T23:07:12.937+0000] {logging_mixin.py:188} INFO - [2025-12-11T23:07:12.937+0000] {dag.py:3954} INFO - Setting next_dagrun for latest_only to 2025-12-11 16:00:00+00:00, run_after=2025-12-11 20:00:00+00:00
[2025-12-11T23:07:12.973+0000] {processor.py:183} INFO - Processing /home/airflow/.local/lib/python3.9/site-packages/airflow/example_dags/example_latest_only.py took 0.166 seconds
[2025-12-11T23:07:43.334+0000] {processor.py:161} INFO - Started process (PID=2131) to work on /home/airflow/.local/lib/python3.9/site-packages/airflow/example_dags/example_latest_only.py
[2025-12-11T23:07:43.426+0000] {processor.py:830} INFO - Processing file /home/airflow/.local/lib/python3.9/site-packages/airflow/example_dags/example_latest_only.py for tasks to queue
[2025-12-11T23:07:43.434+0000] {logging_mixin.py:188} INFO - [2025-12-11T23:07:43.433+0000] {dagbag.py:545} INFO - Filling up the DagBag from /home/airflow/.local/lib/python3.9/site-packages/airflow/example_dags/example_latest_only.py
[2025-12-11T23:07:43.445+0000] {processor.py:840} INFO - DAG(s) 'latest_only' retrieved from /home/airflow/.local/lib/python3.9/site-packages/airflow/example_dags/example_latest_only.py
[2025-12-11T23:07:43.485+0000] {logging_mixin.py:188} INFO - [2025-12-11T23:07:43.485+0000] {dag.py:3096} INFO - Sync 1 DAGs
[2025-12-11T23:07:43.525+0000] {logging_mixin.py:188} INFO - [2025-12-11T23:07:43.524+0000] {dag.py:3954} INFO - Setting next_dagrun for latest_only to 2025-12-11 16:00:00+00:00, run_after=2025-12-11 20:00:00+00:00
[2025-12-11T23:07:43.716+0000] {processor.py:183} INFO - Processing /home/airflow/.local/lib/python3.9/site-packages/airflow/example_dags/example_latest_only.py took 0.395 seconds
[2025-12-11T23:08:14.674+0000] {processor.py:161} INFO - Started process (PID=2210) to work on /home/airflow/.local/lib/python3.9/site-packages/airflow/example_dags/example_latest_only.py
[2025-12-11T23:08:14.679+0000] {processor.py:830} INFO - Processing file /home/airflow/.local/lib/python3.9/site-packages/airflow/example_dags/example_latest_only.py for tasks to queue
[2025-12-11T23:08:14.689+0000] {logging_mixin.py:188} INFO - [2025-12-11T23:08:14.688+0000] {dagbag.py:545} INFO - Filling up the DagBag from /home/airflow/.local/lib/python3.9/site-packages/airflow/example_dags/example_latest_only.py
[2025-12-11T23:08:14.707+0000] {processor.py:840} INFO - DAG(s) 'latest_only' retrieved from /home/airflow/.local/lib/python3.9/site-packages/airflow/example_dags/example_latest_only.py
[2025-12-11T23:08:14.776+0000] {logging_mixin.py:188} INFO - [2025-12-11T23:08:14.775+0000] {dag.py:3096} INFO - Sync 1 DAGs
[2025-12-11T23:08:14.836+0000] {logging_mixin.py:188} INFO - [2025-12-11T23:08:14.835+0000] {dag.py:3954} INFO - Setting next_dagrun for latest_only to 2025-12-11 16:00:00+00:00, run_after=2025-12-11 20:00:00+00:00
[2025-12-11T23:08:14.897+0000] {processor.py:183} INFO - Processing /home/airflow/.local/lib/python3.9/site-packages/airflow/example_dags/example_latest_only.py took 0.249 seconds
[2025-12-11T23:08:45.313+0000] {processor.py:161} INFO - Started process (PID=2278) to work on /home/airflow/.local/lib/python3.9/site-packages/airflow/example_dags/example_latest_only.py
[2025-12-11T23:08:45.384+0000] {processor.py:830} INFO - Processing file /home/airflow/.local/lib/python3.9/site-packages/airflow/example_dags/example_latest_only.py for tasks to queue
[2025-12-11T23:08:45.388+0000] {logging_mixin.py:188} INFO - [2025-12-11T23:08:45.387+0000] {dagbag.py:545} INFO - Filling up the DagBag from /home/airflow/.local/lib/python3.9/site-packages/airflow/example_dags/example_latest_only.py
[2025-12-11T23:08:45.398+0000] {processor.py:840} INFO - DAG(s) 'latest_only' retrieved from /home/airflow/.local/lib/python3.9/site-packages/airflow/example_dags/example_latest_only.py
[2025-12-11T23:08:45.512+0000] {logging_mixin.py:188} INFO - [2025-12-11T23:08:45.512+0000] {dag.py:3096} INFO - Sync 1 DAGs
[2025-12-11T23:08:45.643+0000] {logging_mixin.py:188} INFO - [2025-12-11T23:08:45.642+0000] {dag.py:3954} INFO - Setting next_dagrun for latest_only to 2025-12-11 16:00:00+00:00, run_after=2025-12-11 20:00:00+00:00
[2025-12-11T23:08:45.791+0000] {processor.py:183} INFO - Processing /home/airflow/.local/lib/python3.9/site-packages/airflow/example_dags/example_latest_only.py took 0.496 seconds
[2025-12-11T23:09:15.994+0000] {processor.py:161} INFO - Started process (PID=2351) to work on /home/airflow/.local/lib/python3.9/site-packages/airflow/example_dags/example_latest_only.py
[2025-12-11T23:09:16.002+0000] {processor.py:830} INFO - Processing file /home/airflow/.local/lib/python3.9/site-packages/airflow/example_dags/example_latest_only.py for tasks to queue
[2025-12-11T23:09:16.010+0000] {logging_mixin.py:188} INFO - [2025-12-11T23:09:16.010+0000] {dagbag.py:545} INFO - Filling up the DagBag from /home/airflow/.local/lib/python3.9/site-packages/airflow/example_dags/example_latest_only.py
[2025-12-11T23:09:16.019+0000] {processor.py:840} INFO - DAG(s) 'latest_only' retrieved from /home/airflow/.local/lib/python3.9/site-packages/airflow/example_dags/example_latest_only.py
[2025-12-11T23:09:16.498+0000] {logging_mixin.py:188} INFO - [2025-12-11T23:09:16.497+0000] {dag.py:3096} INFO - Sync 1 DAGs
[2025-12-11T23:09:16.554+0000] {logging_mixin.py:188} INFO - [2025-12-11T23:09:16.553+0000] {dag.py:3954} INFO - Setting next_dagrun for latest_only to 2025-12-11 16:00:00+00:00, run_after=2025-12-11 20:00:00+00:00
[2025-12-11T23:09:16.597+0000] {processor.py:183} INFO - Processing /home/airflow/.local/lib/python3.9/site-packages/airflow/example_dags/example_latest_only.py took 0.621 seconds
[2025-12-11T23:09:46.861+0000] {processor.py:161} INFO - Started process (PID=2420) to work on /home/airflow/.local/lib/python3.9/site-packages/airflow/example_dags/example_latest_only.py
[2025-12-11T23:09:46.870+0000] {processor.py:830} INFO - Processing file /home/airflow/.local/lib/python3.9/site-packages/airflow/example_dags/example_latest_only.py for tasks to queue
[2025-12-11T23:09:46.873+0000] {logging_mixin.py:188} INFO - [2025-12-11T23:09:46.872+0000] {dagbag.py:545} INFO - Filling up the DagBag from /home/airflow/.local/lib/python3.9/site-packages/airflow/example_dags/example_latest_only.py
[2025-12-11T23:09:46.890+0000] {processor.py:840} INFO - DAG(s) 'latest_only' retrieved from /home/airflow/.local/lib/python3.9/site-packages/airflow/example_dags/example_latest_only.py
[2025-12-11T23:09:46.943+0000] {logging_mixin.py:188} INFO - [2025-12-11T23:09:46.943+0000] {dag.py:3096} INFO - Sync 1 DAGs
[2025-12-11T23:09:47.016+0000] {logging_mixin.py:188} INFO - [2025-12-11T23:09:47.015+0000] {dag.py:3954} INFO - Setting next_dagrun for latest_only to 2025-12-11 16:00:00+00:00, run_after=2025-12-11 20:00:00+00:00
[2025-12-11T23:09:47.073+0000] {processor.py:183} INFO - Processing /home/airflow/.local/lib/python3.9/site-packages/airflow/example_dags/example_latest_only.py took 0.222 seconds
[2025-12-11T23:10:17.990+0000] {processor.py:161} INFO - Started process (PID=2482) to work on /home/airflow/.local/lib/python3.9/site-packages/airflow/example_dags/example_latest_only.py
[2025-12-11T23:10:18.216+0000] {processor.py:830} INFO - Processing file /home/airflow/.local/lib/python3.9/site-packages/airflow/example_dags/example_latest_only.py for tasks to queue
[2025-12-11T23:10:18.230+0000] {logging_mixin.py:188} INFO - [2025-12-11T23:10:18.223+0000] {dagbag.py:545} INFO - Filling up the DagBag from /home/airflow/.local/lib/python3.9/site-packages/airflow/example_dags/example_latest_only.py
[2025-12-11T23:10:18.272+0000] {processor.py:840} INFO - DAG(s) 'latest_only' retrieved from /home/airflow/.local/lib/python3.9/site-packages/airflow/example_dags/example_latest_only.py
[2025-12-11T23:10:18.369+0000] {logging_mixin.py:188} INFO - [2025-12-11T23:10:18.361+0000] {dag.py:3096} INFO - Sync 1 DAGs
[2025-12-11T23:10:18.495+0000] {logging_mixin.py:188} INFO - [2025-12-11T23:10:18.495+0000] {dag.py:3954} INFO - Setting next_dagrun for latest_only to 2025-12-11 16:00:00+00:00, run_after=2025-12-11 20:00:00+00:00
[2025-12-11T23:10:18.753+0000] {processor.py:183} INFO - Processing /home/airflow/.local/lib/python3.9/site-packages/airflow/example_dags/example_latest_only.py took 0.800 seconds
[2025-12-11T23:10:49.378+0000] {processor.py:161} INFO - Started process (PID=2560) to work on /home/airflow/.local/lib/python3.9/site-packages/airflow/example_dags/example_latest_only.py
[2025-12-11T23:10:49.423+0000] {processor.py:830} INFO - Processing file /home/airflow/.local/lib/python3.9/site-packages/airflow/example_dags/example_latest_only.py for tasks to queue
[2025-12-11T23:10:49.432+0000] {logging_mixin.py:188} INFO - [2025-12-11T23:10:49.431+0000] {dagbag.py:545} INFO - Filling up the DagBag from /home/airflow/.local/lib/python3.9/site-packages/airflow/example_dags/example_latest_only.py
[2025-12-11T23:10:49.453+0000] {processor.py:840} INFO - DAG(s) 'latest_only' retrieved from /home/airflow/.local/lib/python3.9/site-packages/airflow/example_dags/example_latest_only.py
[2025-12-11T23:10:49.535+0000] {logging_mixin.py:188} INFO - [2025-12-11T23:10:49.535+0000] {dag.py:3096} INFO - Sync 1 DAGs
[2025-12-11T23:10:49.635+0000] {logging_mixin.py:188} INFO - [2025-12-11T23:10:49.634+0000] {dag.py:3954} INFO - Setting next_dagrun for latest_only to 2025-12-11 16:00:00+00:00, run_after=2025-12-11 20:00:00+00:00
[2025-12-11T23:10:49.710+0000] {processor.py:183} INFO - Processing /home/airflow/.local/lib/python3.9/site-packages/airflow/example_dags/example_latest_only.py took 0.355 seconds
[2025-12-11T23:11:20.452+0000] {processor.py:161} INFO - Started process (PID=2627) to work on /home/airflow/.local/lib/python3.9/site-packages/airflow/example_dags/example_latest_only.py
[2025-12-11T23:11:20.494+0000] {processor.py:830} INFO - Processing file /home/airflow/.local/lib/python3.9/site-packages/airflow/example_dags/example_latest_only.py for tasks to queue
[2025-12-11T23:11:20.497+0000] {logging_mixin.py:188} INFO - [2025-12-11T23:11:20.497+0000] {dagbag.py:545} INFO - Filling up the DagBag from /home/airflow/.local/lib/python3.9/site-packages/airflow/example_dags/example_latest_only.py
[2025-12-11T23:11:20.514+0000] {processor.py:840} INFO - DAG(s) 'latest_only' retrieved from /home/airflow/.local/lib/python3.9/site-packages/airflow/example_dags/example_latest_only.py
[2025-12-11T23:11:20.609+0000] {logging_mixin.py:188} INFO - [2025-12-11T23:11:20.595+0000] {dag.py:3096} INFO - Sync 1 DAGs
[2025-12-11T23:11:20.690+0000] {logging_mixin.py:188} INFO - [2025-12-11T23:11:20.690+0000] {dag.py:3954} INFO - Setting next_dagrun for latest_only to 2025-12-11 16:00:00+00:00, run_after=2025-12-11 20:00:00+00:00
[2025-12-11T23:11:20.781+0000] {processor.py:183} INFO - Processing /home/airflow/.local/lib/python3.9/site-packages/airflow/example_dags/example_latest_only.py took 0.367 seconds
[2025-12-11T23:11:50.972+0000] {processor.py:161} INFO - Started process (PID=2693) to work on /home/airflow/.local/lib/python3.9/site-packages/airflow/example_dags/example_latest_only.py
[2025-12-11T23:11:51.028+0000] {processor.py:830} INFO - Processing file /home/airflow/.local/lib/python3.9/site-packages/airflow/example_dags/example_latest_only.py for tasks to queue
[2025-12-11T23:11:51.032+0000] {logging_mixin.py:188} INFO - [2025-12-11T23:11:51.031+0000] {dagbag.py:545} INFO - Filling up the DagBag from /home/airflow/.local/lib/python3.9/site-packages/airflow/example_dags/example_latest_only.py
[2025-12-11T23:11:51.050+0000] {processor.py:840} INFO - DAG(s) 'latest_only' retrieved from /home/airflow/.local/lib/python3.9/site-packages/airflow/example_dags/example_latest_only.py
[2025-12-11T23:11:51.138+0000] {logging_mixin.py:188} INFO - [2025-12-11T23:11:51.138+0000] {dag.py:3096} INFO - Sync 1 DAGs
[2025-12-11T23:11:51.222+0000] {logging_mixin.py:188} INFO - [2025-12-11T23:11:51.222+0000] {dag.py:3954} INFO - Setting next_dagrun for latest_only to 2025-12-11 16:00:00+00:00, run_after=2025-12-11 20:00:00+00:00
[2025-12-11T23:11:51.456+0000] {processor.py:183} INFO - Processing /home/airflow/.local/lib/python3.9/site-packages/airflow/example_dags/example_latest_only.py took 0.526 seconds
[2025-12-11T23:12:21.711+0000] {processor.py:161} INFO - Started process (PID=2760) to work on /home/airflow/.local/lib/python3.9/site-packages/airflow/example_dags/example_latest_only.py
[2025-12-11T23:12:21.733+0000] {processor.py:830} INFO - Processing file /home/airflow/.local/lib/python3.9/site-packages/airflow/example_dags/example_latest_only.py for tasks to queue
[2025-12-11T23:12:21.736+0000] {logging_mixin.py:188} INFO - [2025-12-11T23:12:21.736+0000] {dagbag.py:545} INFO - Filling up the DagBag from /home/airflow/.local/lib/python3.9/site-packages/airflow/example_dags/example_latest_only.py
[2025-12-11T23:12:21.744+0000] {processor.py:840} INFO - DAG(s) 'latest_only' retrieved from /home/airflow/.local/lib/python3.9/site-packages/airflow/example_dags/example_latest_only.py
[2025-12-11T23:12:21.781+0000] {logging_mixin.py:188} INFO - [2025-12-11T23:12:21.781+0000] {dag.py:3096} INFO - Sync 1 DAGs
[2025-12-11T23:12:21.821+0000] {logging_mixin.py:188} INFO - [2025-12-11T23:12:21.820+0000] {dag.py:3954} INFO - Setting next_dagrun for latest_only to 2025-12-11 16:00:00+00:00, run_after=2025-12-11 20:00:00+00:00
[2025-12-11T23:12:21.863+0000] {processor.py:183} INFO - Processing /home/airflow/.local/lib/python3.9/site-packages/airflow/example_dags/example_latest_only.py took 0.165 seconds
[2025-12-11T23:12:52.744+0000] {processor.py:161} INFO - Started process (PID=2827) to work on /home/airflow/.local/lib/python3.9/site-packages/airflow/example_dags/example_latest_only.py
[2025-12-11T23:12:52.759+0000] {processor.py:830} INFO - Processing file /home/airflow/.local/lib/python3.9/site-packages/airflow/example_dags/example_latest_only.py for tasks to queue
[2025-12-11T23:12:52.762+0000] {logging_mixin.py:188} INFO - [2025-12-11T23:12:52.761+0000] {dagbag.py:545} INFO - Filling up the DagBag from /home/airflow/.local/lib/python3.9/site-packages/airflow/example_dags/example_latest_only.py
[2025-12-11T23:12:52.773+0000] {processor.py:840} INFO - DAG(s) 'latest_only' retrieved from /home/airflow/.local/lib/python3.9/site-packages/airflow/example_dags/example_latest_only.py
[2025-12-11T23:12:52.832+0000] {logging_mixin.py:188} INFO - [2025-12-11T23:12:52.831+0000] {dag.py:3096} INFO - Sync 1 DAGs
[2025-12-11T23:12:52.879+0000] {logging_mixin.py:188} INFO - [2025-12-11T23:12:52.879+0000] {dag.py:3954} INFO - Setting next_dagrun for latest_only to 2025-12-11 16:00:00+00:00, run_after=2025-12-11 20:00:00+00:00
[2025-12-11T23:12:52.920+0000] {processor.py:183} INFO - Processing /home/airflow/.local/lib/python3.9/site-packages/airflow/example_dags/example_latest_only.py took 0.187 seconds
[2025-12-11T23:13:24.353+0000] {processor.py:161} INFO - Started process (PID=2894) to work on /home/airflow/.local/lib/python3.9/site-packages/airflow/example_dags/example_latest_only.py
[2025-12-11T23:13:24.358+0000] {processor.py:830} INFO - Processing file /home/airflow/.local/lib/python3.9/site-packages/airflow/example_dags/example_latest_only.py for tasks to queue
[2025-12-11T23:13:24.361+0000] {logging_mixin.py:188} INFO - [2025-12-11T23:13:24.360+0000] {dagbag.py:545} INFO - Filling up the DagBag from /home/airflow/.local/lib/python3.9/site-packages/airflow/example_dags/example_latest_only.py
[2025-12-11T23:13:24.369+0000] {processor.py:840} INFO - DAG(s) 'latest_only' retrieved from /home/airflow/.local/lib/python3.9/site-packages/airflow/example_dags/example_latest_only.py
[2025-12-11T23:13:24.407+0000] {logging_mixin.py:188} INFO - [2025-12-11T23:13:24.406+0000] {dag.py:3096} INFO - Sync 1 DAGs
[2025-12-11T23:13:24.444+0000] {logging_mixin.py:188} INFO - [2025-12-11T23:13:24.443+0000] {dag.py:3954} INFO - Setting next_dagrun for latest_only to 2025-12-11 16:00:00+00:00, run_after=2025-12-11 20:00:00+00:00
[2025-12-11T23:13:24.474+0000] {processor.py:183} INFO - Processing /home/airflow/.local/lib/python3.9/site-packages/airflow/example_dags/example_latest_only.py took 0.131 seconds
[2025-12-11T23:13:56.686+0000] {processor.py:161} INFO - Started process (PID=2961) to work on /home/airflow/.local/lib/python3.9/site-packages/airflow/example_dags/example_latest_only.py
[2025-12-11T23:13:57.484+0000] {processor.py:830} INFO - Processing file /home/airflow/.local/lib/python3.9/site-packages/airflow/example_dags/example_latest_only.py for tasks to queue
[2025-12-11T23:13:57.492+0000] {logging_mixin.py:188} INFO - [2025-12-11T23:13:57.491+0000] {dagbag.py:545} INFO - Filling up the DagBag from /home/airflow/.local/lib/python3.9/site-packages/airflow/example_dags/example_latest_only.py
[2025-12-11T23:13:57.515+0000] {processor.py:840} INFO - DAG(s) 'latest_only' retrieved from /home/airflow/.local/lib/python3.9/site-packages/airflow/example_dags/example_latest_only.py
[2025-12-11T23:13:57.551+0000] {logging_mixin.py:188} INFO - [2025-12-11T23:13:57.550+0000] {dag.py:3096} INFO - Sync 1 DAGs
[2025-12-11T23:13:57.587+0000] {logging_mixin.py:188} INFO - [2025-12-11T23:13:57.586+0000] {dag.py:3954} INFO - Setting next_dagrun for latest_only to 2025-12-11 16:00:00+00:00, run_after=2025-12-11 20:00:00+00:00
[2025-12-11T23:13:57.757+0000] {processor.py:183} INFO - Processing /home/airflow/.local/lib/python3.9/site-packages/airflow/example_dags/example_latest_only.py took 1.082 seconds
[2025-12-11T23:14:28.075+0000] {processor.py:161} INFO - Started process (PID=3028) to work on /home/airflow/.local/lib/python3.9/site-packages/airflow/example_dags/example_latest_only.py
[2025-12-11T23:14:28.077+0000] {processor.py:830} INFO - Processing file /home/airflow/.local/lib/python3.9/site-packages/airflow/example_dags/example_latest_only.py for tasks to queue
[2025-12-11T23:14:28.079+0000] {logging_mixin.py:188} INFO - [2025-12-11T23:14:28.079+0000] {dagbag.py:545} INFO - Filling up the DagBag from /home/airflow/.local/lib/python3.9/site-packages/airflow/example_dags/example_latest_only.py
[2025-12-11T23:14:28.095+0000] {processor.py:840} INFO - DAG(s) 'latest_only' retrieved from /home/airflow/.local/lib/python3.9/site-packages/airflow/example_dags/example_latest_only.py
[2025-12-11T23:14:28.144+0000] {logging_mixin.py:188} INFO - [2025-12-11T23:14:28.144+0000] {dag.py:3096} INFO - Sync 1 DAGs
[2025-12-11T23:14:28.190+0000] {logging_mixin.py:188} INFO - [2025-12-11T23:14:28.190+0000] {dag.py:3954} INFO - Setting next_dagrun for latest_only to 2025-12-11 16:00:00+00:00, run_after=2025-12-11 20:00:00+00:00
[2025-12-11T23:14:28.223+0000] {processor.py:183} INFO - Processing /home/airflow/.local/lib/python3.9/site-packages/airflow/example_dags/example_latest_only.py took 0.167 seconds
[2025-12-11T23:14:58.481+0000] {processor.py:161} INFO - Started process (PID=3095) to work on /home/airflow/.local/lib/python3.9/site-packages/airflow/example_dags/example_latest_only.py
[2025-12-11T23:14:58.483+0000] {processor.py:830} INFO - Processing file /home/airflow/.local/lib/python3.9/site-packages/airflow/example_dags/example_latest_only.py for tasks to queue
[2025-12-11T23:14:58.487+0000] {logging_mixin.py:188} INFO - [2025-12-11T23:14:58.486+0000] {dagbag.py:545} INFO - Filling up the DagBag from /home/airflow/.local/lib/python3.9/site-packages/airflow/example_dags/example_latest_only.py
[2025-12-11T23:14:58.498+0000] {processor.py:840} INFO - DAG(s) 'latest_only' retrieved from /home/airflow/.local/lib/python3.9/site-packages/airflow/example_dags/example_latest_only.py
[2025-12-11T23:14:58.548+0000] {logging_mixin.py:188} INFO - [2025-12-11T23:14:58.548+0000] {dag.py:3096} INFO - Sync 1 DAGs
[2025-12-11T23:14:58.599+0000] {logging_mixin.py:188} INFO - [2025-12-11T23:14:58.599+0000] {dag.py:3954} INFO - Setting next_dagrun for latest_only to 2025-12-11 16:00:00+00:00, run_after=2025-12-11 20:00:00+00:00
[2025-12-11T23:14:58.631+0000] {processor.py:183} INFO - Processing /home/airflow/.local/lib/python3.9/site-packages/airflow/example_dags/example_latest_only.py took 0.164 seconds
[2025-12-11T23:15:29.188+0000] {processor.py:161} INFO - Started process (PID=3162) to work on /home/airflow/.local/lib/python3.9/site-packages/airflow/example_dags/example_latest_only.py
[2025-12-11T23:15:29.208+0000] {processor.py:830} INFO - Processing file /home/airflow/.local/lib/python3.9/site-packages/airflow/example_dags/example_latest_only.py for tasks to queue
[2025-12-11T23:15:29.211+0000] {logging_mixin.py:188} INFO - [2025-12-11T23:15:29.211+0000] {dagbag.py:545} INFO - Filling up the DagBag from /home/airflow/.local/lib/python3.9/site-packages/airflow/example_dags/example_latest_only.py
[2025-12-11T23:15:29.222+0000] {processor.py:840} INFO - DAG(s) 'latest_only' retrieved from /home/airflow/.local/lib/python3.9/site-packages/airflow/example_dags/example_latest_only.py
[2025-12-11T23:15:29.270+0000] {logging_mixin.py:188} INFO - [2025-12-11T23:15:29.270+0000] {dag.py:3096} INFO - Sync 1 DAGs
[2025-12-11T23:15:29.309+0000] {logging_mixin.py:188} INFO - [2025-12-11T23:15:29.308+0000] {dag.py:3954} INFO - Setting next_dagrun for latest_only to 2025-12-11 16:00:00+00:00, run_after=2025-12-11 20:00:00+00:00
[2025-12-11T23:15:29.678+0000] {processor.py:183} INFO - Processing /home/airflow/.local/lib/python3.9/site-packages/airflow/example_dags/example_latest_only.py took 0.505 seconds
[2025-12-11T23:16:00.423+0000] {processor.py:161} INFO - Started process (PID=3229) to work on /home/airflow/.local/lib/python3.9/site-packages/airflow/example_dags/example_latest_only.py
[2025-12-11T23:16:00.428+0000] {processor.py:830} INFO - Processing file /home/airflow/.local/lib/python3.9/site-packages/airflow/example_dags/example_latest_only.py for tasks to queue
[2025-12-11T23:16:00.432+0000] {logging_mixin.py:188} INFO - [2025-12-11T23:16:00.431+0000] {dagbag.py:545} INFO - Filling up the DagBag from /home/airflow/.local/lib/python3.9/site-packages/airflow/example_dags/example_latest_only.py
[2025-12-11T23:16:00.442+0000] {processor.py:840} INFO - DAG(s) 'latest_only' retrieved from /home/airflow/.local/lib/python3.9/site-packages/airflow/example_dags/example_latest_only.py
[2025-12-11T23:16:00.495+0000] {logging_mixin.py:188} INFO - [2025-12-11T23:16:00.494+0000] {dag.py:3096} INFO - Sync 1 DAGs
[2025-12-11T23:16:00.547+0000] {logging_mixin.py:188} INFO - [2025-12-11T23:16:00.546+0000] {dag.py:3954} INFO - Setting next_dagrun for latest_only to 2025-12-11 16:00:00+00:00, run_after=2025-12-11 20:00:00+00:00
[2025-12-11T23:16:00.601+0000] {processor.py:183} INFO - Processing /home/airflow/.local/lib/python3.9/site-packages/airflow/example_dags/example_latest_only.py took 0.193 seconds
[2025-12-11T23:16:30.761+0000] {processor.py:161} INFO - Started process (PID=3296) to work on /home/airflow/.local/lib/python3.9/site-packages/airflow/example_dags/example_latest_only.py
[2025-12-11T23:16:30.867+0000] {processor.py:830} INFO - Processing file /home/airflow/.local/lib/python3.9/site-packages/airflow/example_dags/example_latest_only.py for tasks to queue
[2025-12-11T23:16:30.870+0000] {logging_mixin.py:188} INFO - [2025-12-11T23:16:30.869+0000] {dagbag.py:545} INFO - Filling up the DagBag from /home/airflow/.local/lib/python3.9/site-packages/airflow/example_dags/example_latest_only.py
[2025-12-11T23:16:30.879+0000] {processor.py:840} INFO - DAG(s) 'latest_only' retrieved from /home/airflow/.local/lib/python3.9/site-packages/airflow/example_dags/example_latest_only.py
[2025-12-11T23:16:30.916+0000] {logging_mixin.py:188} INFO - [2025-12-11T23:16:30.915+0000] {dag.py:3096} INFO - Sync 1 DAGs
[2025-12-11T23:16:30.957+0000] {logging_mixin.py:188} INFO - [2025-12-11T23:16:30.957+0000] {dag.py:3954} INFO - Setting next_dagrun for latest_only to 2025-12-11 16:00:00+00:00, run_after=2025-12-11 20:00:00+00:00
[2025-12-11T23:16:31.108+0000] {processor.py:183} INFO - Processing /home/airflow/.local/lib/python3.9/site-packages/airflow/example_dags/example_latest_only.py took 0.358 seconds
[2025-12-11T23:17:01.711+0000] {processor.py:161} INFO - Started process (PID=3363) to work on /home/airflow/.local/lib/python3.9/site-packages/airflow/example_dags/example_latest_only.py
[2025-12-11T23:17:01.713+0000] {processor.py:830} INFO - Processing file /home/airflow/.local/lib/python3.9/site-packages/airflow/example_dags/example_latest_only.py for tasks to queue
[2025-12-11T23:17:01.716+0000] {logging_mixin.py:188} INFO - [2025-12-11T23:17:01.716+0000] {dagbag.py:545} INFO - Filling up the DagBag from /home/airflow/.local/lib/python3.9/site-packages/airflow/example_dags/example_latest_only.py
[2025-12-11T23:17:01.725+0000] {processor.py:840} INFO - DAG(s) 'latest_only' retrieved from /home/airflow/.local/lib/python3.9/site-packages/airflow/example_dags/example_latest_only.py
[2025-12-11T23:17:01.763+0000] {logging_mixin.py:188} INFO - [2025-12-11T23:17:01.763+0000] {dag.py:3096} INFO - Sync 1 DAGs
[2025-12-11T23:17:01.809+0000] {logging_mixin.py:188} INFO - [2025-12-11T23:17:01.809+0000] {dag.py:3954} INFO - Setting next_dagrun for latest_only to 2025-12-11 16:00:00+00:00, run_after=2025-12-11 20:00:00+00:00
[2025-12-11T23:17:01.848+0000] {processor.py:183} INFO - Processing /home/airflow/.local/lib/python3.9/site-packages/airflow/example_dags/example_latest_only.py took 0.147 seconds
[2025-12-11T23:17:32.206+0000] {processor.py:161} INFO - Started process (PID=3430) to work on /home/airflow/.local/lib/python3.9/site-packages/airflow/example_dags/example_latest_only.py
[2025-12-11T23:17:32.208+0000] {processor.py:830} INFO - Processing file /home/airflow/.local/lib/python3.9/site-packages/airflow/example_dags/example_latest_only.py for tasks to queue
[2025-12-11T23:17:32.211+0000] {logging_mixin.py:188} INFO - [2025-12-11T23:17:32.211+0000] {dagbag.py:545} INFO - Filling up the DagBag from /home/airflow/.local/lib/python3.9/site-packages/airflow/example_dags/example_latest_only.py
[2025-12-11T23:17:32.220+0000] {processor.py:840} INFO - DAG(s) 'latest_only' retrieved from /home/airflow/.local/lib/python3.9/site-packages/airflow/example_dags/example_latest_only.py
[2025-12-11T23:17:32.262+0000] {logging_mixin.py:188} INFO - [2025-12-11T23:17:32.261+0000] {dag.py:3096} INFO - Sync 1 DAGs
[2025-12-11T23:17:32.310+0000] {logging_mixin.py:188} INFO - [2025-12-11T23:17:32.310+0000] {dag.py:3954} INFO - Setting next_dagrun for latest_only to 2025-12-11 16:00:00+00:00, run_after=2025-12-11 20:00:00+00:00
[2025-12-11T23:17:32.344+0000] {processor.py:183} INFO - Processing /home/airflow/.local/lib/python3.9/site-packages/airflow/example_dags/example_latest_only.py took 0.149 seconds
[2025-12-11T23:18:02.701+0000] {processor.py:161} INFO - Started process (PID=3497) to work on /home/airflow/.local/lib/python3.9/site-packages/airflow/example_dags/example_latest_only.py
[2025-12-11T23:18:02.703+0000] {processor.py:830} INFO - Processing file /home/airflow/.local/lib/python3.9/site-packages/airflow/example_dags/example_latest_only.py for tasks to queue
[2025-12-11T23:18:02.707+0000] {logging_mixin.py:188} INFO - [2025-12-11T23:18:02.706+0000] {dagbag.py:545} INFO - Filling up the DagBag from /home/airflow/.local/lib/python3.9/site-packages/airflow/example_dags/example_latest_only.py
[2025-12-11T23:18:02.718+0000] {processor.py:840} INFO - DAG(s) 'latest_only' retrieved from /home/airflow/.local/lib/python3.9/site-packages/airflow/example_dags/example_latest_only.py
[2025-12-11T23:18:02.773+0000] {logging_mixin.py:188} INFO - [2025-12-11T23:18:02.772+0000] {dag.py:3096} INFO - Sync 1 DAGs
[2025-12-11T23:18:02.806+0000] {logging_mixin.py:188} INFO - [2025-12-11T23:18:02.806+0000] {dag.py:3954} INFO - Setting next_dagrun for latest_only to 2025-12-11 16:00:00+00:00, run_after=2025-12-11 20:00:00+00:00
[2025-12-11T23:18:03.031+0000] {processor.py:183} INFO - Processing /home/airflow/.local/lib/python3.9/site-packages/airflow/example_dags/example_latest_only.py took 0.345 seconds
[2025-12-11T23:18:33.138+0000] {processor.py:161} INFO - Started process (PID=3564) to work on /home/airflow/.local/lib/python3.9/site-packages/airflow/example_dags/example_latest_only.py
[2025-12-11T23:18:33.140+0000] {processor.py:830} INFO - Processing file /home/airflow/.local/lib/python3.9/site-packages/airflow/example_dags/example_latest_only.py for tasks to queue
[2025-12-11T23:18:33.142+0000] {logging_mixin.py:188} INFO - [2025-12-11T23:18:33.142+0000] {dagbag.py:545} INFO - Filling up the DagBag from /home/airflow/.local/lib/python3.9/site-packages/airflow/example_dags/example_latest_only.py
[2025-12-11T23:18:33.150+0000] {processor.py:840} INFO - DAG(s) 'latest_only' retrieved from /home/airflow/.local/lib/python3.9/site-packages/airflow/example_dags/example_latest_only.py
[2025-12-11T23:18:33.189+0000] {logging_mixin.py:188} INFO - [2025-12-11T23:18:33.188+0000] {dag.py:3096} INFO - Sync 1 DAGs
[2025-12-11T23:18:33.237+0000] {logging_mixin.py:188} INFO - [2025-12-11T23:18:33.237+0000] {dag.py:3954} INFO - Setting next_dagrun for latest_only to 2025-12-11 16:00:00+00:00, run_after=2025-12-11 20:00:00+00:00
[2025-12-11T23:18:33.279+0000] {processor.py:183} INFO - Processing /home/airflow/.local/lib/python3.9/site-packages/airflow/example_dags/example_latest_only.py took 0.151 seconds
[2025-12-11T23:19:03.657+0000] {processor.py:161} INFO - Started process (PID=3631) to work on /home/airflow/.local/lib/python3.9/site-packages/airflow/example_dags/example_latest_only.py
[2025-12-11T23:19:03.662+0000] {processor.py:830} INFO - Processing file /home/airflow/.local/lib/python3.9/site-packages/airflow/example_dags/example_latest_only.py for tasks to queue
[2025-12-11T23:19:03.669+0000] {logging_mixin.py:188} INFO - [2025-12-11T23:19:03.668+0000] {dagbag.py:545} INFO - Filling up the DagBag from /home/airflow/.local/lib/python3.9/site-packages/airflow/example_dags/example_latest_only.py
[2025-12-11T23:19:03.680+0000] {processor.py:840} INFO - DAG(s) 'latest_only' retrieved from /home/airflow/.local/lib/python3.9/site-packages/airflow/example_dags/example_latest_only.py
[2025-12-11T23:19:03.736+0000] {logging_mixin.py:188} INFO - [2025-12-11T23:19:03.735+0000] {dag.py:3096} INFO - Sync 1 DAGs
[2025-12-11T23:19:03.791+0000] {logging_mixin.py:188} INFO - [2025-12-11T23:19:03.791+0000] {dag.py:3954} INFO - Setting next_dagrun for latest_only to 2025-12-11 16:00:00+00:00, run_after=2025-12-11 20:00:00+00:00
[2025-12-11T23:19:03.827+0000] {processor.py:183} INFO - Processing /home/airflow/.local/lib/python3.9/site-packages/airflow/example_dags/example_latest_only.py took 0.184 seconds
[2025-12-11T23:19:34.837+0000] {processor.py:161} INFO - Started process (PID=3698) to work on /home/airflow/.local/lib/python3.9/site-packages/airflow/example_dags/example_latest_only.py
[2025-12-11T23:19:35.064+0000] {processor.py:830} INFO - Processing file /home/airflow/.local/lib/python3.9/site-packages/airflow/example_dags/example_latest_only.py for tasks to queue
[2025-12-11T23:19:35.067+0000] {logging_mixin.py:188} INFO - [2025-12-11T23:19:35.067+0000] {dagbag.py:545} INFO - Filling up the DagBag from /home/airflow/.local/lib/python3.9/site-packages/airflow/example_dags/example_latest_only.py
[2025-12-11T23:19:35.077+0000] {processor.py:840} INFO - DAG(s) 'latest_only' retrieved from /home/airflow/.local/lib/python3.9/site-packages/airflow/example_dags/example_latest_only.py
[2025-12-11T23:19:35.209+0000] {logging_mixin.py:188} INFO - [2025-12-11T23:19:35.193+0000] {dag.py:3096} INFO - Sync 1 DAGs
[2025-12-11T23:19:35.310+0000] {logging_mixin.py:188} INFO - [2025-12-11T23:19:35.310+0000] {dag.py:3954} INFO - Setting next_dagrun for latest_only to 2025-12-11 16:00:00+00:00, run_after=2025-12-11 20:00:00+00:00
[2025-12-11T23:19:35.463+0000] {processor.py:183} INFO - Processing /home/airflow/.local/lib/python3.9/site-packages/airflow/example_dags/example_latest_only.py took 0.644 seconds
[2025-12-11T23:20:05.663+0000] {processor.py:161} INFO - Started process (PID=3765) to work on /home/airflow/.local/lib/python3.9/site-packages/airflow/example_dags/example_latest_only.py
[2025-12-11T23:20:05.668+0000] {processor.py:830} INFO - Processing file /home/airflow/.local/lib/python3.9/site-packages/airflow/example_dags/example_latest_only.py for tasks to queue
[2025-12-11T23:20:05.673+0000] {logging_mixin.py:188} INFO - [2025-12-11T23:20:05.673+0000] {dagbag.py:545} INFO - Filling up the DagBag from /home/airflow/.local/lib/python3.9/site-packages/airflow/example_dags/example_latest_only.py
[2025-12-11T23:20:05.684+0000] {processor.py:840} INFO - DAG(s) 'latest_only' retrieved from /home/airflow/.local/lib/python3.9/site-packages/airflow/example_dags/example_latest_only.py
[2025-12-11T23:20:05.734+0000] {logging_mixin.py:188} INFO - [2025-12-11T23:20:05.733+0000] {dag.py:3096} INFO - Sync 1 DAGs
[2025-12-11T23:20:05.782+0000] {logging_mixin.py:188} INFO - [2025-12-11T23:20:05.782+0000] {dag.py:3954} INFO - Setting next_dagrun for latest_only to 2025-12-11 16:00:00+00:00, run_after=2025-12-11 20:00:00+00:00
[2025-12-11T23:20:05.977+0000] {processor.py:183} INFO - Processing /home/airflow/.local/lib/python3.9/site-packages/airflow/example_dags/example_latest_only.py took 0.328 seconds
[2025-12-11T23:20:36.285+0000] {processor.py:161} INFO - Started process (PID=3832) to work on /home/airflow/.local/lib/python3.9/site-packages/airflow/example_dags/example_latest_only.py
[2025-12-11T23:20:36.379+0000] {processor.py:830} INFO - Processing file /home/airflow/.local/lib/python3.9/site-packages/airflow/example_dags/example_latest_only.py for tasks to queue
[2025-12-11T23:20:36.382+0000] {logging_mixin.py:188} INFO - [2025-12-11T23:20:36.381+0000] {dagbag.py:545} INFO - Filling up the DagBag from /home/airflow/.local/lib/python3.9/site-packages/airflow/example_dags/example_latest_only.py
[2025-12-11T23:20:36.390+0000] {processor.py:840} INFO - DAG(s) 'latest_only' retrieved from /home/airflow/.local/lib/python3.9/site-packages/airflow/example_dags/example_latest_only.py
[2025-12-11T23:20:36.427+0000] {logging_mixin.py:188} INFO - [2025-12-11T23:20:36.426+0000] {dag.py:3096} INFO - Sync 1 DAGs
[2025-12-11T23:20:36.476+0000] {logging_mixin.py:188} INFO - [2025-12-11T23:20:36.476+0000] {dag.py:3954} INFO - Setting next_dagrun for latest_only to 2025-12-11 16:00:00+00:00, run_after=2025-12-11 20:00:00+00:00
[2025-12-11T23:20:36.542+0000] {processor.py:183} INFO - Processing /home/airflow/.local/lib/python3.9/site-packages/airflow/example_dags/example_latest_only.py took 0.267 seconds
[2025-12-11T23:21:06.813+0000] {processor.py:161} INFO - Started process (PID=3899) to work on /home/airflow/.local/lib/python3.9/site-packages/airflow/example_dags/example_latest_only.py
[2025-12-11T23:21:06.815+0000] {processor.py:830} INFO - Processing file /home/airflow/.local/lib/python3.9/site-packages/airflow/example_dags/example_latest_only.py for tasks to queue
[2025-12-11T23:21:06.817+0000] {logging_mixin.py:188} INFO - [2025-12-11T23:21:06.817+0000] {dagbag.py:545} INFO - Filling up the DagBag from /home/airflow/.local/lib/python3.9/site-packages/airflow/example_dags/example_latest_only.py
[2025-12-11T23:21:06.825+0000] {processor.py:840} INFO - DAG(s) 'latest_only' retrieved from /home/airflow/.local/lib/python3.9/site-packages/airflow/example_dags/example_latest_only.py
[2025-12-11T23:21:06.877+0000] {logging_mixin.py:188} INFO - [2025-12-11T23:21:06.877+0000] {dag.py:3096} INFO - Sync 1 DAGs
[2025-12-11T23:21:06.929+0000] {logging_mixin.py:188} INFO - [2025-12-11T23:21:06.929+0000] {dag.py:3954} INFO - Setting next_dagrun for latest_only to 2025-12-11 16:00:00+00:00, run_after=2025-12-11 20:00:00+00:00
[2025-12-11T23:21:06.968+0000] {processor.py:183} INFO - Processing /home/airflow/.local/lib/python3.9/site-packages/airflow/example_dags/example_latest_only.py took 0.165 seconds
[2025-12-11T23:21:37.957+0000] {processor.py:161} INFO - Started process (PID=3974) to work on /home/airflow/.local/lib/python3.9/site-packages/airflow/example_dags/example_latest_only.py
[2025-12-11T23:21:37.959+0000] {processor.py:830} INFO - Processing file /home/airflow/.local/lib/python3.9/site-packages/airflow/example_dags/example_latest_only.py for tasks to queue
[2025-12-11T23:21:37.961+0000] {logging_mixin.py:188} INFO - [2025-12-11T23:21:37.961+0000] {dagbag.py:545} INFO - Filling up the DagBag from /home/airflow/.local/lib/python3.9/site-packages/airflow/example_dags/example_latest_only.py
[2025-12-11T23:21:37.977+0000] {processor.py:840} INFO - DAG(s) 'latest_only' retrieved from /home/airflow/.local/lib/python3.9/site-packages/airflow/example_dags/example_latest_only.py
[2025-12-11T23:21:38.076+0000] {logging_mixin.py:188} INFO - [2025-12-11T23:21:38.075+0000] {dag.py:3096} INFO - Sync 1 DAGs
[2025-12-11T23:21:38.163+0000] {logging_mixin.py:188} INFO - [2025-12-11T23:21:38.162+0000] {dag.py:3954} INFO - Setting next_dagrun for latest_only to 2025-12-11 16:00:00+00:00, run_after=2025-12-11 20:00:00+00:00
[2025-12-11T23:21:38.234+0000] {processor.py:183} INFO - Processing /home/airflow/.local/lib/python3.9/site-packages/airflow/example_dags/example_latest_only.py took 0.297 seconds
[2025-12-11T23:22:08.735+0000] {processor.py:161} INFO - Started process (PID=4041) to work on /home/airflow/.local/lib/python3.9/site-packages/airflow/example_dags/example_latest_only.py
[2025-12-11T23:22:08.761+0000] {processor.py:830} INFO - Processing file /home/airflow/.local/lib/python3.9/site-packages/airflow/example_dags/example_latest_only.py for tasks to queue
[2025-12-11T23:22:08.771+0000] {logging_mixin.py:188} INFO - [2025-12-11T23:22:08.771+0000] {dagbag.py:545} INFO - Filling up the DagBag from /home/airflow/.local/lib/python3.9/site-packages/airflow/example_dags/example_latest_only.py
[2025-12-11T23:22:08.780+0000] {processor.py:840} INFO - DAG(s) 'latest_only' retrieved from /home/airflow/.local/lib/python3.9/site-packages/airflow/example_dags/example_latest_only.py
[2025-12-11T23:22:08.841+0000] {logging_mixin.py:188} INFO - [2025-12-11T23:22:08.840+0000] {dag.py:3096} INFO - Sync 1 DAGs
[2025-12-11T23:22:08.938+0000] {logging_mixin.py:188} INFO - [2025-12-11T23:22:08.938+0000] {dag.py:3954} INFO - Setting next_dagrun for latest_only to 2025-12-11 16:00:00+00:00, run_after=2025-12-11 20:00:00+00:00
[2025-12-11T23:22:09.034+0000] {processor.py:183} INFO - Processing /home/airflow/.local/lib/python3.9/site-packages/airflow/example_dags/example_latest_only.py took 0.324 seconds
[2025-12-11T23:22:39.249+0000] {processor.py:161} INFO - Started process (PID=4108) to work on /home/airflow/.local/lib/python3.9/site-packages/airflow/example_dags/example_latest_only.py
[2025-12-11T23:22:39.258+0000] {processor.py:830} INFO - Processing file /home/airflow/.local/lib/python3.9/site-packages/airflow/example_dags/example_latest_only.py for tasks to queue
[2025-12-11T23:22:39.271+0000] {logging_mixin.py:188} INFO - [2025-12-11T23:22:39.270+0000] {dagbag.py:545} INFO - Filling up the DagBag from /home/airflow/.local/lib/python3.9/site-packages/airflow/example_dags/example_latest_only.py
[2025-12-11T23:22:39.279+0000] {processor.py:840} INFO - DAG(s) 'latest_only' retrieved from /home/airflow/.local/lib/python3.9/site-packages/airflow/example_dags/example_latest_only.py
[2025-12-11T23:22:39.373+0000] {logging_mixin.py:188} INFO - [2025-12-11T23:22:39.373+0000] {dag.py:3096} INFO - Sync 1 DAGs
[2025-12-11T23:22:39.476+0000] {logging_mixin.py:188} INFO - [2025-12-11T23:22:39.475+0000] {dag.py:3954} INFO - Setting next_dagrun for latest_only to 2025-12-11 16:00:00+00:00, run_after=2025-12-11 20:00:00+00:00
[2025-12-11T23:22:39.556+0000] {processor.py:183} INFO - Processing /home/airflow/.local/lib/python3.9/site-packages/airflow/example_dags/example_latest_only.py took 0.339 seconds
[2025-12-11T23:23:10.435+0000] {processor.py:161} INFO - Started process (PID=4175) to work on /home/airflow/.local/lib/python3.9/site-packages/airflow/example_dags/example_latest_only.py
[2025-12-11T23:23:10.454+0000] {processor.py:830} INFO - Processing file /home/airflow/.local/lib/python3.9/site-packages/airflow/example_dags/example_latest_only.py for tasks to queue
[2025-12-11T23:23:10.457+0000] {logging_mixin.py:188} INFO - [2025-12-11T23:23:10.456+0000] {dagbag.py:545} INFO - Filling up the DagBag from /home/airflow/.local/lib/python3.9/site-packages/airflow/example_dags/example_latest_only.py
[2025-12-11T23:23:10.466+0000] {processor.py:840} INFO - DAG(s) 'latest_only' retrieved from /home/airflow/.local/lib/python3.9/site-packages/airflow/example_dags/example_latest_only.py
[2025-12-11T23:23:10.555+0000] {logging_mixin.py:188} INFO - [2025-12-11T23:23:10.555+0000] {dag.py:3096} INFO - Sync 1 DAGs
[2025-12-11T23:23:10.629+0000] {logging_mixin.py:188} INFO - [2025-12-11T23:23:10.625+0000] {dag.py:3954} INFO - Setting next_dagrun for latest_only to 2025-12-11 16:00:00+00:00, run_after=2025-12-11 20:00:00+00:00
[2025-12-11T23:23:10.915+0000] {processor.py:183} INFO - Processing /home/airflow/.local/lib/python3.9/site-packages/airflow/example_dags/example_latest_only.py took 0.500 seconds
[2025-12-11T23:23:41.351+0000] {processor.py:161} INFO - Started process (PID=4242) to work on /home/airflow/.local/lib/python3.9/site-packages/airflow/example_dags/example_latest_only.py
[2025-12-11T23:23:41.355+0000] {processor.py:830} INFO - Processing file /home/airflow/.local/lib/python3.9/site-packages/airflow/example_dags/example_latest_only.py for tasks to queue
[2025-12-11T23:23:41.371+0000] {logging_mixin.py:188} INFO - [2025-12-11T23:23:41.371+0000] {dagbag.py:545} INFO - Filling up the DagBag from /home/airflow/.local/lib/python3.9/site-packages/airflow/example_dags/example_latest_only.py
[2025-12-11T23:23:41.391+0000] {processor.py:840} INFO - DAG(s) 'latest_only' retrieved from /home/airflow/.local/lib/python3.9/site-packages/airflow/example_dags/example_latest_only.py
[2025-12-11T23:23:41.489+0000] {logging_mixin.py:188} INFO - [2025-12-11T23:23:41.475+0000] {dag.py:3096} INFO - Sync 1 DAGs
[2025-12-11T23:23:41.632+0000] {logging_mixin.py:188} INFO - [2025-12-11T23:23:41.631+0000] {dag.py:3954} INFO - Setting next_dagrun for latest_only to 2025-12-11 16:00:00+00:00, run_after=2025-12-11 20:00:00+00:00
[2025-12-11T23:23:41.697+0000] {processor.py:183} INFO - Processing /home/airflow/.local/lib/python3.9/site-packages/airflow/example_dags/example_latest_only.py took 0.377 seconds
[2025-12-11T23:24:12.872+0000] {processor.py:161} INFO - Started process (PID=4308) to work on /home/airflow/.local/lib/python3.9/site-packages/airflow/example_dags/example_latest_only.py
[2025-12-11T23:24:12.874+0000] {processor.py:830} INFO - Processing file /home/airflow/.local/lib/python3.9/site-packages/airflow/example_dags/example_latest_only.py for tasks to queue
[2025-12-11T23:24:12.891+0000] {logging_mixin.py:188} INFO - [2025-12-11T23:24:12.891+0000] {dagbag.py:545} INFO - Filling up the DagBag from /home/airflow/.local/lib/python3.9/site-packages/airflow/example_dags/example_latest_only.py
[2025-12-11T23:24:12.914+0000] {processor.py:840} INFO - DAG(s) 'latest_only' retrieved from /home/airflow/.local/lib/python3.9/site-packages/airflow/example_dags/example_latest_only.py
[2025-12-11T23:24:13.016+0000] {logging_mixin.py:188} INFO - [2025-12-11T23:24:13.016+0000] {dag.py:3096} INFO - Sync 1 DAGs
[2025-12-11T23:24:13.109+0000] {logging_mixin.py:188} INFO - [2025-12-11T23:24:13.099+0000] {dag.py:3954} INFO - Setting next_dagrun for latest_only to 2025-12-11 16:00:00+00:00, run_after=2025-12-11 20:00:00+00:00
[2025-12-11T23:24:13.210+0000] {processor.py:183} INFO - Processing /home/airflow/.local/lib/python3.9/site-packages/airflow/example_dags/example_latest_only.py took 0.375 seconds
[2025-12-11T23:24:43.712+0000] {processor.py:161} INFO - Started process (PID=4373) to work on /home/airflow/.local/lib/python3.9/site-packages/airflow/example_dags/example_latest_only.py
[2025-12-11T23:24:43.721+0000] {processor.py:830} INFO - Processing file /home/airflow/.local/lib/python3.9/site-packages/airflow/example_dags/example_latest_only.py for tasks to queue
[2025-12-11T23:24:43.791+0000] {logging_mixin.py:188} INFO - [2025-12-11T23:24:43.790+0000] {dagbag.py:545} INFO - Filling up the DagBag from /home/airflow/.local/lib/python3.9/site-packages/airflow/example_dags/example_latest_only.py
[2025-12-11T23:24:43.803+0000] {processor.py:840} INFO - DAG(s) 'latest_only' retrieved from /home/airflow/.local/lib/python3.9/site-packages/airflow/example_dags/example_latest_only.py
[2025-12-11T23:24:43.880+0000] {logging_mixin.py:188} INFO - [2025-12-11T23:24:43.880+0000] {dag.py:3096} INFO - Sync 1 DAGs
[2025-12-11T23:24:43.974+0000] {logging_mixin.py:188} INFO - [2025-12-11T23:24:43.974+0000] {dag.py:3954} INFO - Setting next_dagrun for latest_only to 2025-12-11 16:00:00+00:00, run_after=2025-12-11 20:00:00+00:00
[2025-12-11T23:24:44.230+0000] {processor.py:183} INFO - Processing /home/airflow/.local/lib/python3.9/site-packages/airflow/example_dags/example_latest_only.py took 0.540 seconds
[2025-12-11T23:25:15.091+0000] {processor.py:161} INFO - Started process (PID=4440) to work on /home/airflow/.local/lib/python3.9/site-packages/airflow/example_dags/example_latest_only.py
[2025-12-11T23:25:15.093+0000] {processor.py:830} INFO - Processing file /home/airflow/.local/lib/python3.9/site-packages/airflow/example_dags/example_latest_only.py for tasks to queue
[2025-12-11T23:25:15.096+0000] {logging_mixin.py:188} INFO - [2025-12-11T23:25:15.096+0000] {dagbag.py:545} INFO - Filling up the DagBag from /home/airflow/.local/lib/python3.9/site-packages/airflow/example_dags/example_latest_only.py
[2025-12-11T23:25:15.111+0000] {processor.py:840} INFO - DAG(s) 'latest_only' retrieved from /home/airflow/.local/lib/python3.9/site-packages/airflow/example_dags/example_latest_only.py
[2025-12-11T23:25:15.194+0000] {logging_mixin.py:188} INFO - [2025-12-11T23:25:15.193+0000] {dag.py:3096} INFO - Sync 1 DAGs
[2025-12-11T23:25:15.329+0000] {logging_mixin.py:188} INFO - [2025-12-11T23:25:15.317+0000] {dag.py:3954} INFO - Setting next_dagrun for latest_only to 2025-12-11 16:00:00+00:00, run_after=2025-12-11 20:00:00+00:00
[2025-12-11T23:25:15.410+0000] {processor.py:183} INFO - Processing /home/airflow/.local/lib/python3.9/site-packages/airflow/example_dags/example_latest_only.py took 0.340 seconds
[2025-12-11T23:25:46.041+0000] {processor.py:161} INFO - Started process (PID=4507) to work on /home/airflow/.local/lib/python3.9/site-packages/airflow/example_dags/example_latest_only.py
[2025-12-11T23:25:46.050+0000] {processor.py:830} INFO - Processing file /home/airflow/.local/lib/python3.9/site-packages/airflow/example_dags/example_latest_only.py for tasks to queue
[2025-12-11T23:25:46.053+0000] {logging_mixin.py:188} INFO - [2025-12-11T23:25:46.052+0000] {dagbag.py:545} INFO - Filling up the DagBag from /home/airflow/.local/lib/python3.9/site-packages/airflow/example_dags/example_latest_only.py
[2025-12-11T23:25:46.074+0000] {processor.py:840} INFO - DAG(s) 'latest_only' retrieved from /home/airflow/.local/lib/python3.9/site-packages/airflow/example_dags/example_latest_only.py
[2025-12-11T23:25:46.154+0000] {logging_mixin.py:188} INFO - [2025-12-11T23:25:46.153+0000] {dag.py:3096} INFO - Sync 1 DAGs
[2025-12-11T23:25:46.202+0000] {logging_mixin.py:188} INFO - [2025-12-11T23:25:46.202+0000] {dag.py:3954} INFO - Setting next_dagrun for latest_only to 2025-12-11 16:00:00+00:00, run_after=2025-12-11 20:00:00+00:00
[2025-12-11T23:25:46.237+0000] {processor.py:183} INFO - Processing /home/airflow/.local/lib/python3.9/site-packages/airflow/example_dags/example_latest_only.py took 0.207 seconds
[2025-12-11T23:26:16.333+0000] {processor.py:161} INFO - Started process (PID=4573) to work on /home/airflow/.local/lib/python3.9/site-packages/airflow/example_dags/example_latest_only.py
[2025-12-11T23:26:16.364+0000] {processor.py:830} INFO - Processing file /home/airflow/.local/lib/python3.9/site-packages/airflow/example_dags/example_latest_only.py for tasks to queue
[2025-12-11T23:26:16.373+0000] {logging_mixin.py:188} INFO - [2025-12-11T23:26:16.372+0000] {dagbag.py:545} INFO - Filling up the DagBag from /home/airflow/.local/lib/python3.9/site-packages/airflow/example_dags/example_latest_only.py
[2025-12-11T23:26:16.412+0000] {processor.py:840} INFO - DAG(s) 'latest_only' retrieved from /home/airflow/.local/lib/python3.9/site-packages/airflow/example_dags/example_latest_only.py
[2025-12-11T23:26:16.518+0000] {logging_mixin.py:188} INFO - [2025-12-11T23:26:16.518+0000] {dag.py:3096} INFO - Sync 1 DAGs
[2025-12-11T23:26:16.579+0000] {logging_mixin.py:188} INFO - [2025-12-11T23:26:16.578+0000] {dag.py:3954} INFO - Setting next_dagrun for latest_only to 2025-12-11 16:00:00+00:00, run_after=2025-12-11 20:00:00+00:00
[2025-12-11T23:26:16.856+0000] {processor.py:183} INFO - Processing /home/airflow/.local/lib/python3.9/site-packages/airflow/example_dags/example_latest_only.py took 0.562 seconds
[2025-12-11T23:26:47.654+0000] {processor.py:161} INFO - Started process (PID=4645) to work on /home/airflow/.local/lib/python3.9/site-packages/airflow/example_dags/example_latest_only.py
[2025-12-11T23:26:47.662+0000] {processor.py:830} INFO - Processing file /home/airflow/.local/lib/python3.9/site-packages/airflow/example_dags/example_latest_only.py for tasks to queue
[2025-12-11T23:26:47.672+0000] {logging_mixin.py:188} INFO - [2025-12-11T23:26:47.672+0000] {dagbag.py:545} INFO - Filling up the DagBag from /home/airflow/.local/lib/python3.9/site-packages/airflow/example_dags/example_latest_only.py
[2025-12-11T23:26:47.695+0000] {processor.py:840} INFO - DAG(s) 'latest_only' retrieved from /home/airflow/.local/lib/python3.9/site-packages/airflow/example_dags/example_latest_only.py
[2025-12-11T23:26:47.779+0000] {logging_mixin.py:188} INFO - [2025-12-11T23:26:47.779+0000] {dag.py:3096} INFO - Sync 1 DAGs
[2025-12-11T23:26:47.835+0000] {logging_mixin.py:188} INFO - [2025-12-11T23:26:47.834+0000] {dag.py:3954} INFO - Setting next_dagrun for latest_only to 2025-12-11 16:00:00+00:00, run_after=2025-12-11 20:00:00+00:00
[2025-12-11T23:26:47.877+0000] {processor.py:183} INFO - Processing /home/airflow/.local/lib/python3.9/site-packages/airflow/example_dags/example_latest_only.py took 0.237 seconds
[2025-12-11T23:27:18.358+0000] {processor.py:161} INFO - Started process (PID=4712) to work on /home/airflow/.local/lib/python3.9/site-packages/airflow/example_dags/example_latest_only.py
[2025-12-11T23:27:18.368+0000] {processor.py:830} INFO - Processing file /home/airflow/.local/lib/python3.9/site-packages/airflow/example_dags/example_latest_only.py for tasks to queue
[2025-12-11T23:27:18.371+0000] {logging_mixin.py:188} INFO - [2025-12-11T23:27:18.370+0000] {dagbag.py:545} INFO - Filling up the DagBag from /home/airflow/.local/lib/python3.9/site-packages/airflow/example_dags/example_latest_only.py
[2025-12-11T23:27:18.381+0000] {processor.py:840} INFO - DAG(s) 'latest_only' retrieved from /home/airflow/.local/lib/python3.9/site-packages/airflow/example_dags/example_latest_only.py
[2025-12-11T23:27:18.424+0000] {logging_mixin.py:188} INFO - [2025-12-11T23:27:18.424+0000] {dag.py:3096} INFO - Sync 1 DAGs
[2025-12-11T23:27:18.469+0000] {logging_mixin.py:188} INFO - [2025-12-11T23:27:18.469+0000] {dag.py:3954} INFO - Setting next_dagrun for latest_only to 2025-12-11 16:00:00+00:00, run_after=2025-12-11 20:00:00+00:00
[2025-12-11T23:27:18.569+0000] {processor.py:183} INFO - Processing /home/airflow/.local/lib/python3.9/site-packages/airflow/example_dags/example_latest_only.py took 0.222 seconds
[2025-12-11T23:27:48.923+0000] {processor.py:161} INFO - Started process (PID=4779) to work on /home/airflow/.local/lib/python3.9/site-packages/airflow/example_dags/example_latest_only.py
[2025-12-11T23:27:48.924+0000] {processor.py:830} INFO - Processing file /home/airflow/.local/lib/python3.9/site-packages/airflow/example_dags/example_latest_only.py for tasks to queue
[2025-12-11T23:27:48.927+0000] {logging_mixin.py:188} INFO - [2025-12-11T23:27:48.927+0000] {dagbag.py:545} INFO - Filling up the DagBag from /home/airflow/.local/lib/python3.9/site-packages/airflow/example_dags/example_latest_only.py
[2025-12-11T23:27:48.935+0000] {processor.py:840} INFO - DAG(s) 'latest_only' retrieved from /home/airflow/.local/lib/python3.9/site-packages/airflow/example_dags/example_latest_only.py
[2025-12-11T23:27:48.971+0000] {logging_mixin.py:188} INFO - [2025-12-11T23:27:48.970+0000] {dag.py:3096} INFO - Sync 1 DAGs
[2025-12-11T23:27:49.017+0000] {logging_mixin.py:188} INFO - [2025-12-11T23:27:49.017+0000] {dag.py:3954} INFO - Setting next_dagrun for latest_only to 2025-12-11 16:00:00+00:00, run_after=2025-12-11 20:00:00+00:00
[2025-12-11T23:27:49.046+0000] {processor.py:183} INFO - Processing /home/airflow/.local/lib/python3.9/site-packages/airflow/example_dags/example_latest_only.py took 0.133 seconds
[2025-12-11T23:28:19.905+0000] {processor.py:161} INFO - Started process (PID=4845) to work on /home/airflow/.local/lib/python3.9/site-packages/airflow/example_dags/example_latest_only.py
[2025-12-11T23:28:19.907+0000] {processor.py:830} INFO - Processing file /home/airflow/.local/lib/python3.9/site-packages/airflow/example_dags/example_latest_only.py for tasks to queue
[2025-12-11T23:28:19.912+0000] {logging_mixin.py:188} INFO - [2025-12-11T23:28:19.912+0000] {dagbag.py:545} INFO - Filling up the DagBag from /home/airflow/.local/lib/python3.9/site-packages/airflow/example_dags/example_latest_only.py
[2025-12-11T23:28:19.921+0000] {processor.py:840} INFO - DAG(s) 'latest_only' retrieved from /home/airflow/.local/lib/python3.9/site-packages/airflow/example_dags/example_latest_only.py
[2025-12-11T23:28:19.961+0000] {logging_mixin.py:188} INFO - [2025-12-11T23:28:19.960+0000] {dag.py:3096} INFO - Sync 1 DAGs
[2025-12-11T23:28:19.999+0000] {logging_mixin.py:188} INFO - [2025-12-11T23:28:19.998+0000] {dag.py:3954} INFO - Setting next_dagrun for latest_only to 2025-12-11 16:00:00+00:00, run_after=2025-12-11 20:00:00+00:00
[2025-12-11T23:28:20.027+0000] {processor.py:183} INFO - Processing /home/airflow/.local/lib/python3.9/site-packages/airflow/example_dags/example_latest_only.py took 0.133 seconds
[2025-12-11T23:28:50.755+0000] {processor.py:161} INFO - Started process (PID=4912) to work on /home/airflow/.local/lib/python3.9/site-packages/airflow/example_dags/example_latest_only.py
[2025-12-11T23:28:50.758+0000] {processor.py:830} INFO - Processing file /home/airflow/.local/lib/python3.9/site-packages/airflow/example_dags/example_latest_only.py for tasks to queue
[2025-12-11T23:28:50.761+0000] {logging_mixin.py:188} INFO - [2025-12-11T23:28:50.761+0000] {dagbag.py:545} INFO - Filling up the DagBag from /home/airflow/.local/lib/python3.9/site-packages/airflow/example_dags/example_latest_only.py
[2025-12-11T23:28:50.775+0000] {processor.py:840} INFO - DAG(s) 'latest_only' retrieved from /home/airflow/.local/lib/python3.9/site-packages/airflow/example_dags/example_latest_only.py
[2025-12-11T23:28:50.874+0000] {logging_mixin.py:188} INFO - [2025-12-11T23:28:50.874+0000] {dag.py:3096} INFO - Sync 1 DAGs
[2025-12-11T23:28:50.972+0000] {logging_mixin.py:188} INFO - [2025-12-11T23:28:50.972+0000] {dag.py:3954} INFO - Setting next_dagrun for latest_only to 2025-12-11 16:00:00+00:00, run_after=2025-12-11 20:00:00+00:00
[2025-12-11T23:28:51.026+0000] {processor.py:183} INFO - Processing /home/airflow/.local/lib/python3.9/site-packages/airflow/example_dags/example_latest_only.py took 0.290 seconds
[2025-12-11T23:29:21.158+0000] {processor.py:161} INFO - Started process (PID=4979) to work on /home/airflow/.local/lib/python3.9/site-packages/airflow/example_dags/example_latest_only.py
[2025-12-11T23:29:21.159+0000] {processor.py:830} INFO - Processing file /home/airflow/.local/lib/python3.9/site-packages/airflow/example_dags/example_latest_only.py for tasks to queue
[2025-12-11T23:29:21.162+0000] {logging_mixin.py:188} INFO - [2025-12-11T23:29:21.162+0000] {dagbag.py:545} INFO - Filling up the DagBag from /home/airflow/.local/lib/python3.9/site-packages/airflow/example_dags/example_latest_only.py
[2025-12-11T23:29:21.170+0000] {processor.py:840} INFO - DAG(s) 'latest_only' retrieved from /home/airflow/.local/lib/python3.9/site-packages/airflow/example_dags/example_latest_only.py
[2025-12-11T23:29:21.204+0000] {logging_mixin.py:188} INFO - [2025-12-11T23:29:21.204+0000] {dag.py:3096} INFO - Sync 1 DAGs
[2025-12-11T23:29:21.238+0000] {logging_mixin.py:188} INFO - [2025-12-11T23:29:21.238+0000] {dag.py:3954} INFO - Setting next_dagrun for latest_only to 2025-12-11 16:00:00+00:00, run_after=2025-12-11 20:00:00+00:00
[2025-12-11T23:29:21.260+0000] {processor.py:183} INFO - Processing /home/airflow/.local/lib/python3.9/site-packages/airflow/example_dags/example_latest_only.py took 0.113 seconds
[2025-12-11T23:29:51.417+0000] {processor.py:161} INFO - Started process (PID=5046) to work on /home/airflow/.local/lib/python3.9/site-packages/airflow/example_dags/example_latest_only.py
[2025-12-11T23:29:51.419+0000] {processor.py:830} INFO - Processing file /home/airflow/.local/lib/python3.9/site-packages/airflow/example_dags/example_latest_only.py for tasks to queue
[2025-12-11T23:29:51.421+0000] {logging_mixin.py:188} INFO - [2025-12-11T23:29:51.421+0000] {dagbag.py:545} INFO - Filling up the DagBag from /home/airflow/.local/lib/python3.9/site-packages/airflow/example_dags/example_latest_only.py
[2025-12-11T23:29:51.429+0000] {processor.py:840} INFO - DAG(s) 'latest_only' retrieved from /home/airflow/.local/lib/python3.9/site-packages/airflow/example_dags/example_latest_only.py
[2025-12-11T23:29:51.469+0000] {logging_mixin.py:188} INFO - [2025-12-11T23:29:51.468+0000] {dag.py:3096} INFO - Sync 1 DAGs
[2025-12-11T23:29:51.511+0000] {logging_mixin.py:188} INFO - [2025-12-11T23:29:51.511+0000] {dag.py:3954} INFO - Setting next_dagrun for latest_only to 2025-12-11 16:00:00+00:00, run_after=2025-12-11 20:00:00+00:00
[2025-12-11T23:29:51.543+0000] {processor.py:183} INFO - Processing /home/airflow/.local/lib/python3.9/site-packages/airflow/example_dags/example_latest_only.py took 0.137 seconds
[2025-12-11T23:30:22.052+0000] {processor.py:161} INFO - Started process (PID=5113) to work on /home/airflow/.local/lib/python3.9/site-packages/airflow/example_dags/example_latest_only.py
[2025-12-11T23:30:22.061+0000] {processor.py:830} INFO - Processing file /home/airflow/.local/lib/python3.9/site-packages/airflow/example_dags/example_latest_only.py for tasks to queue
[2025-12-11T23:30:22.064+0000] {logging_mixin.py:188} INFO - [2025-12-11T23:30:22.064+0000] {dagbag.py:545} INFO - Filling up the DagBag from /home/airflow/.local/lib/python3.9/site-packages/airflow/example_dags/example_latest_only.py
[2025-12-11T23:30:22.074+0000] {processor.py:840} INFO - DAG(s) 'latest_only' retrieved from /home/airflow/.local/lib/python3.9/site-packages/airflow/example_dags/example_latest_only.py
[2025-12-11T23:30:22.120+0000] {logging_mixin.py:188} INFO - [2025-12-11T23:30:22.120+0000] {dag.py:3096} INFO - Sync 1 DAGs
[2025-12-11T23:30:22.165+0000] {logging_mixin.py:188} INFO - [2025-12-11T23:30:22.165+0000] {dag.py:3954} INFO - Setting next_dagrun for latest_only to 2025-12-11 16:00:00+00:00, run_after=2025-12-11 20:00:00+00:00
[2025-12-11T23:30:22.193+0000] {processor.py:183} INFO - Processing /home/airflow/.local/lib/python3.9/site-packages/airflow/example_dags/example_latest_only.py took 0.152 seconds
[2025-12-11T23:30:52.380+0000] {processor.py:161} INFO - Started process (PID=5180) to work on /home/airflow/.local/lib/python3.9/site-packages/airflow/example_dags/example_latest_only.py
[2025-12-11T23:30:52.385+0000] {processor.py:830} INFO - Processing file /home/airflow/.local/lib/python3.9/site-packages/airflow/example_dags/example_latest_only.py for tasks to queue
[2025-12-11T23:30:52.391+0000] {logging_mixin.py:188} INFO - [2025-12-11T23:30:52.391+0000] {dagbag.py:545} INFO - Filling up the DagBag from /home/airflow/.local/lib/python3.9/site-packages/airflow/example_dags/example_latest_only.py
[2025-12-11T23:30:52.399+0000] {processor.py:840} INFO - DAG(s) 'latest_only' retrieved from /home/airflow/.local/lib/python3.9/site-packages/airflow/example_dags/example_latest_only.py
[2025-12-11T23:30:52.480+0000] {logging_mixin.py:188} INFO - [2025-12-11T23:30:52.479+0000] {dag.py:3096} INFO - Sync 1 DAGs
[2025-12-11T23:30:52.529+0000] {logging_mixin.py:188} INFO - [2025-12-11T23:30:52.528+0000] {dag.py:3954} INFO - Setting next_dagrun for latest_only to 2025-12-11 16:00:00+00:00, run_after=2025-12-11 20:00:00+00:00
[2025-12-11T23:30:52.563+0000] {processor.py:183} INFO - Processing /home/airflow/.local/lib/python3.9/site-packages/airflow/example_dags/example_latest_only.py took 0.195 seconds
[2025-12-11T23:31:24.109+0000] {processor.py:161} INFO - Started process (PID=5254) to work on /home/airflow/.local/lib/python3.9/site-packages/airflow/example_dags/example_latest_only.py
[2025-12-11T23:31:24.121+0000] {processor.py:830} INFO - Processing file /home/airflow/.local/lib/python3.9/site-packages/airflow/example_dags/example_latest_only.py for tasks to queue
[2025-12-11T23:31:24.124+0000] {logging_mixin.py:188} INFO - [2025-12-11T23:31:24.123+0000] {dagbag.py:545} INFO - Filling up the DagBag from /home/airflow/.local/lib/python3.9/site-packages/airflow/example_dags/example_latest_only.py
[2025-12-11T23:31:24.133+0000] {processor.py:840} INFO - DAG(s) 'latest_only' retrieved from /home/airflow/.local/lib/python3.9/site-packages/airflow/example_dags/example_latest_only.py
[2025-12-11T23:31:24.178+0000] {logging_mixin.py:188} INFO - [2025-12-11T23:31:24.178+0000] {dag.py:3096} INFO - Sync 1 DAGs
[2025-12-11T23:31:24.219+0000] {logging_mixin.py:188} INFO - [2025-12-11T23:31:24.218+0000] {dag.py:3954} INFO - Setting next_dagrun for latest_only to 2025-12-11 16:00:00+00:00, run_after=2025-12-11 20:00:00+00:00
[2025-12-11T23:31:24.559+0000] {processor.py:183} INFO - Processing /home/airflow/.local/lib/python3.9/site-packages/airflow/example_dags/example_latest_only.py took 0.462 seconds
[2025-12-11T23:31:54.854+0000] {processor.py:161} INFO - Started process (PID=5321) to work on /home/airflow/.local/lib/python3.9/site-packages/airflow/example_dags/example_latest_only.py
[2025-12-11T23:31:54.864+0000] {processor.py:830} INFO - Processing file /home/airflow/.local/lib/python3.9/site-packages/airflow/example_dags/example_latest_only.py for tasks to queue
[2025-12-11T23:31:54.867+0000] {logging_mixin.py:188} INFO - [2025-12-11T23:31:54.867+0000] {dagbag.py:545} INFO - Filling up the DagBag from /home/airflow/.local/lib/python3.9/site-packages/airflow/example_dags/example_latest_only.py
[2025-12-11T23:31:54.876+0000] {processor.py:840} INFO - DAG(s) 'latest_only' retrieved from /home/airflow/.local/lib/python3.9/site-packages/airflow/example_dags/example_latest_only.py
[2025-12-11T23:31:54.916+0000] {logging_mixin.py:188} INFO - [2025-12-11T23:31:54.915+0000] {dag.py:3096} INFO - Sync 1 DAGs
[2025-12-11T23:31:54.965+0000] {logging_mixin.py:188} INFO - [2025-12-11T23:31:54.964+0000] {dag.py:3954} INFO - Setting next_dagrun for latest_only to 2025-12-11 16:00:00+00:00, run_after=2025-12-11 20:00:00+00:00
[2025-12-11T23:31:55.003+0000] {processor.py:183} INFO - Processing /home/airflow/.local/lib/python3.9/site-packages/airflow/example_dags/example_latest_only.py took 0.160 seconds
[2025-12-11T23:32:25.121+0000] {processor.py:161} INFO - Started process (PID=5388) to work on /home/airflow/.local/lib/python3.9/site-packages/airflow/example_dags/example_latest_only.py
[2025-12-11T23:32:25.130+0000] {processor.py:830} INFO - Processing file /home/airflow/.local/lib/python3.9/site-packages/airflow/example_dags/example_latest_only.py for tasks to queue
[2025-12-11T23:32:25.132+0000] {logging_mixin.py:188} INFO - [2025-12-11T23:32:25.132+0000] {dagbag.py:545} INFO - Filling up the DagBag from /home/airflow/.local/lib/python3.9/site-packages/airflow/example_dags/example_latest_only.py
[2025-12-11T23:32:25.141+0000] {processor.py:840} INFO - DAG(s) 'latest_only' retrieved from /home/airflow/.local/lib/python3.9/site-packages/airflow/example_dags/example_latest_only.py
[2025-12-11T23:32:25.202+0000] {logging_mixin.py:188} INFO - [2025-12-11T23:32:25.201+0000] {dag.py:3096} INFO - Sync 1 DAGs
[2025-12-11T23:32:25.260+0000] {logging_mixin.py:188} INFO - [2025-12-11T23:32:25.259+0000] {dag.py:3954} INFO - Setting next_dagrun for latest_only to 2025-12-11 16:00:00+00:00, run_after=2025-12-11 20:00:00+00:00
[2025-12-11T23:32:25.309+0000] {processor.py:183} INFO - Processing /home/airflow/.local/lib/python3.9/site-packages/airflow/example_dags/example_latest_only.py took 0.199 seconds
[2025-12-11T23:32:55.845+0000] {processor.py:161} INFO - Started process (PID=5455) to work on /home/airflow/.local/lib/python3.9/site-packages/airflow/example_dags/example_latest_only.py
[2025-12-11T23:32:55.847+0000] {processor.py:830} INFO - Processing file /home/airflow/.local/lib/python3.9/site-packages/airflow/example_dags/example_latest_only.py for tasks to queue
[2025-12-11T23:32:55.850+0000] {logging_mixin.py:188} INFO - [2025-12-11T23:32:55.849+0000] {dagbag.py:545} INFO - Filling up the DagBag from /home/airflow/.local/lib/python3.9/site-packages/airflow/example_dags/example_latest_only.py
[2025-12-11T23:32:55.858+0000] {processor.py:840} INFO - DAG(s) 'latest_only' retrieved from /home/airflow/.local/lib/python3.9/site-packages/airflow/example_dags/example_latest_only.py
[2025-12-11T23:32:55.894+0000] {logging_mixin.py:188} INFO - [2025-12-11T23:32:55.893+0000] {dag.py:3096} INFO - Sync 1 DAGs
[2025-12-11T23:32:55.945+0000] {logging_mixin.py:188} INFO - [2025-12-11T23:32:55.944+0000] {dag.py:3954} INFO - Setting next_dagrun for latest_only to 2025-12-11 16:00:00+00:00, run_after=2025-12-11 20:00:00+00:00
[2025-12-11T23:32:55.970+0000] {processor.py:183} INFO - Processing /home/airflow/.local/lib/python3.9/site-packages/airflow/example_dags/example_latest_only.py took 0.136 seconds
[2025-12-11T23:33:26.398+0000] {processor.py:161} INFO - Started process (PID=5522) to work on /home/airflow/.local/lib/python3.9/site-packages/airflow/example_dags/example_latest_only.py
[2025-12-11T23:33:26.400+0000] {processor.py:830} INFO - Processing file /home/airflow/.local/lib/python3.9/site-packages/airflow/example_dags/example_latest_only.py for tasks to queue
[2025-12-11T23:33:26.402+0000] {logging_mixin.py:188} INFO - [2025-12-11T23:33:26.402+0000] {dagbag.py:545} INFO - Filling up the DagBag from /home/airflow/.local/lib/python3.9/site-packages/airflow/example_dags/example_latest_only.py
[2025-12-11T23:33:26.416+0000] {processor.py:840} INFO - DAG(s) 'latest_only' retrieved from /home/airflow/.local/lib/python3.9/site-packages/airflow/example_dags/example_latest_only.py
[2025-12-11T23:33:26.482+0000] {logging_mixin.py:188} INFO - [2025-12-11T23:33:26.482+0000] {dag.py:3096} INFO - Sync 1 DAGs
[2025-12-11T23:33:26.524+0000] {logging_mixin.py:188} INFO - [2025-12-11T23:33:26.524+0000] {dag.py:3954} INFO - Setting next_dagrun for latest_only to 2025-12-11 16:00:00+00:00, run_after=2025-12-11 20:00:00+00:00
[2025-12-11T23:33:26.556+0000] {processor.py:183} INFO - Processing /home/airflow/.local/lib/python3.9/site-packages/airflow/example_dags/example_latest_only.py took 0.179 seconds
[2025-12-11T23:33:57.098+0000] {processor.py:161} INFO - Started process (PID=5589) to work on /home/airflow/.local/lib/python3.9/site-packages/airflow/example_dags/example_latest_only.py
[2025-12-11T23:33:57.099+0000] {processor.py:830} INFO - Processing file /home/airflow/.local/lib/python3.9/site-packages/airflow/example_dags/example_latest_only.py for tasks to queue
[2025-12-11T23:33:57.102+0000] {logging_mixin.py:188} INFO - [2025-12-11T23:33:57.102+0000] {dagbag.py:545} INFO - Filling up the DagBag from /home/airflow/.local/lib/python3.9/site-packages/airflow/example_dags/example_latest_only.py
[2025-12-11T23:33:57.110+0000] {processor.py:840} INFO - DAG(s) 'latest_only' retrieved from /home/airflow/.local/lib/python3.9/site-packages/airflow/example_dags/example_latest_only.py
[2025-12-11T23:33:57.144+0000] {logging_mixin.py:188} INFO - [2025-12-11T23:33:57.144+0000] {dag.py:3096} INFO - Sync 1 DAGs
[2025-12-11T23:33:57.185+0000] {logging_mixin.py:188} INFO - [2025-12-11T23:33:57.185+0000] {dag.py:3954} INFO - Setting next_dagrun for latest_only to 2025-12-11 16:00:00+00:00, run_after=2025-12-11 20:00:00+00:00
[2025-12-11T23:33:57.218+0000] {processor.py:183} INFO - Processing /home/airflow/.local/lib/python3.9/site-packages/airflow/example_dags/example_latest_only.py took 0.133 seconds
[2025-12-11T23:34:27.433+0000] {processor.py:161} INFO - Started process (PID=5656) to work on /home/airflow/.local/lib/python3.9/site-packages/airflow/example_dags/example_latest_only.py
[2025-12-11T23:34:27.441+0000] {processor.py:830} INFO - Processing file /home/airflow/.local/lib/python3.9/site-packages/airflow/example_dags/example_latest_only.py for tasks to queue
[2025-12-11T23:34:27.443+0000] {logging_mixin.py:188} INFO - [2025-12-11T23:34:27.443+0000] {dagbag.py:545} INFO - Filling up the DagBag from /home/airflow/.local/lib/python3.9/site-packages/airflow/example_dags/example_latest_only.py
[2025-12-11T23:34:27.451+0000] {processor.py:840} INFO - DAG(s) 'latest_only' retrieved from /home/airflow/.local/lib/python3.9/site-packages/airflow/example_dags/example_latest_only.py
[2025-12-11T23:34:27.485+0000] {logging_mixin.py:188} INFO - [2025-12-11T23:34:27.485+0000] {dag.py:3096} INFO - Sync 1 DAGs
[2025-12-11T23:34:27.521+0000] {logging_mixin.py:188} INFO - [2025-12-11T23:34:27.520+0000] {dag.py:3954} INFO - Setting next_dagrun for latest_only to 2025-12-11 16:00:00+00:00, run_after=2025-12-11 20:00:00+00:00
[2025-12-11T23:34:27.549+0000] {processor.py:183} INFO - Processing /home/airflow/.local/lib/python3.9/site-packages/airflow/example_dags/example_latest_only.py took 0.130 seconds
[2025-12-11T23:34:57.919+0000] {processor.py:161} INFO - Started process (PID=5723) to work on /home/airflow/.local/lib/python3.9/site-packages/airflow/example_dags/example_latest_only.py
[2025-12-11T23:34:57.921+0000] {processor.py:830} INFO - Processing file /home/airflow/.local/lib/python3.9/site-packages/airflow/example_dags/example_latest_only.py for tasks to queue
[2025-12-11T23:34:57.924+0000] {logging_mixin.py:188} INFO - [2025-12-11T23:34:57.924+0000] {dagbag.py:545} INFO - Filling up the DagBag from /home/airflow/.local/lib/python3.9/site-packages/airflow/example_dags/example_latest_only.py
[2025-12-11T23:34:57.934+0000] {processor.py:840} INFO - DAG(s) 'latest_only' retrieved from /home/airflow/.local/lib/python3.9/site-packages/airflow/example_dags/example_latest_only.py
[2025-12-11T23:34:57.972+0000] {logging_mixin.py:188} INFO - [2025-12-11T23:34:57.972+0000] {dag.py:3096} INFO - Sync 1 DAGs
[2025-12-11T23:34:58.012+0000] {logging_mixin.py:188} INFO - [2025-12-11T23:34:58.011+0000] {dag.py:3954} INFO - Setting next_dagrun for latest_only to 2025-12-11 16:00:00+00:00, run_after=2025-12-11 20:00:00+00:00
[2025-12-11T23:34:58.042+0000] {processor.py:183} INFO - Processing /home/airflow/.local/lib/python3.9/site-packages/airflow/example_dags/example_latest_only.py took 0.132 seconds
[2025-12-11T23:35:28.204+0000] {processor.py:161} INFO - Started process (PID=5789) to work on /home/airflow/.local/lib/python3.9/site-packages/airflow/example_dags/example_latest_only.py
[2025-12-11T23:35:28.213+0000] {processor.py:830} INFO - Processing file /home/airflow/.local/lib/python3.9/site-packages/airflow/example_dags/example_latest_only.py for tasks to queue
[2025-12-11T23:35:28.216+0000] {logging_mixin.py:188} INFO - [2025-12-11T23:35:28.215+0000] {dagbag.py:545} INFO - Filling up the DagBag from /home/airflow/.local/lib/python3.9/site-packages/airflow/example_dags/example_latest_only.py
[2025-12-11T23:35:28.223+0000] {processor.py:840} INFO - DAG(s) 'latest_only' retrieved from /home/airflow/.local/lib/python3.9/site-packages/airflow/example_dags/example_latest_only.py
[2025-12-11T23:35:28.264+0000] {logging_mixin.py:188} INFO - [2025-12-11T23:35:28.264+0000] {dag.py:3096} INFO - Sync 1 DAGs
[2025-12-11T23:35:28.302+0000] {logging_mixin.py:188} INFO - [2025-12-11T23:35:28.302+0000] {dag.py:3954} INFO - Setting next_dagrun for latest_only to 2025-12-11 16:00:00+00:00, run_after=2025-12-11 20:00:00+00:00
[2025-12-11T23:35:28.345+0000] {processor.py:183} INFO - Processing /home/airflow/.local/lib/python3.9/site-packages/airflow/example_dags/example_latest_only.py took 0.152 seconds
[2025-12-11T23:35:58.675+0000] {processor.py:161} INFO - Started process (PID=5856) to work on /home/airflow/.local/lib/python3.9/site-packages/airflow/example_dags/example_latest_only.py
[2025-12-11T23:35:58.677+0000] {processor.py:830} INFO - Processing file /home/airflow/.local/lib/python3.9/site-packages/airflow/example_dags/example_latest_only.py for tasks to queue
[2025-12-11T23:35:58.680+0000] {logging_mixin.py:188} INFO - [2025-12-11T23:35:58.679+0000] {dagbag.py:545} INFO - Filling up the DagBag from /home/airflow/.local/lib/python3.9/site-packages/airflow/example_dags/example_latest_only.py
[2025-12-11T23:35:58.688+0000] {processor.py:840} INFO - DAG(s) 'latest_only' retrieved from /home/airflow/.local/lib/python3.9/site-packages/airflow/example_dags/example_latest_only.py
[2025-12-11T23:35:58.727+0000] {logging_mixin.py:188} INFO - [2025-12-11T23:35:58.727+0000] {dag.py:3096} INFO - Sync 1 DAGs
[2025-12-11T23:35:58.770+0000] {logging_mixin.py:188} INFO - [2025-12-11T23:35:58.769+0000] {dag.py:3954} INFO - Setting next_dagrun for latest_only to 2025-12-11 16:00:00+00:00, run_after=2025-12-11 20:00:00+00:00
[2025-12-11T23:35:58.801+0000] {processor.py:183} INFO - Processing /home/airflow/.local/lib/python3.9/site-packages/airflow/example_dags/example_latest_only.py took 0.140 seconds
[2025-12-11T23:36:29.421+0000] {processor.py:161} INFO - Started process (PID=5923) to work on /home/airflow/.local/lib/python3.9/site-packages/airflow/example_dags/example_latest_only.py
[2025-12-11T23:36:29.447+0000] {processor.py:830} INFO - Processing file /home/airflow/.local/lib/python3.9/site-packages/airflow/example_dags/example_latest_only.py for tasks to queue
[2025-12-11T23:36:29.450+0000] {logging_mixin.py:188} INFO - [2025-12-11T23:36:29.450+0000] {dagbag.py:545} INFO - Filling up the DagBag from /home/airflow/.local/lib/python3.9/site-packages/airflow/example_dags/example_latest_only.py
[2025-12-11T23:36:29.460+0000] {processor.py:840} INFO - DAG(s) 'latest_only' retrieved from /home/airflow/.local/lib/python3.9/site-packages/airflow/example_dags/example_latest_only.py
[2025-12-11T23:36:29.518+0000] {logging_mixin.py:188} INFO - [2025-12-11T23:36:29.517+0000] {dag.py:3096} INFO - Sync 1 DAGs
[2025-12-11T23:36:29.574+0000] {logging_mixin.py:188} INFO - [2025-12-11T23:36:29.574+0000] {dag.py:3954} INFO - Setting next_dagrun for latest_only to 2025-12-11 16:00:00+00:00, run_after=2025-12-11 20:00:00+00:00
[2025-12-11T23:36:29.616+0000] {processor.py:183} INFO - Processing /home/airflow/.local/lib/python3.9/site-packages/airflow/example_dags/example_latest_only.py took 0.207 seconds
[2025-12-11T23:37:00.163+0000] {processor.py:161} INFO - Started process (PID=5991) to work on /home/airflow/.local/lib/python3.9/site-packages/airflow/example_dags/example_latest_only.py
[2025-12-11T23:37:00.165+0000] {processor.py:830} INFO - Processing file /home/airflow/.local/lib/python3.9/site-packages/airflow/example_dags/example_latest_only.py for tasks to queue
[2025-12-11T23:37:00.171+0000] {logging_mixin.py:188} INFO - [2025-12-11T23:37:00.171+0000] {dagbag.py:545} INFO - Filling up the DagBag from /home/airflow/.local/lib/python3.9/site-packages/airflow/example_dags/example_latest_only.py
[2025-12-11T23:37:00.181+0000] {processor.py:840} INFO - DAG(s) 'latest_only' retrieved from /home/airflow/.local/lib/python3.9/site-packages/airflow/example_dags/example_latest_only.py
[2025-12-11T23:37:00.219+0000] {logging_mixin.py:188} INFO - [2025-12-11T23:37:00.218+0000] {dag.py:3096} INFO - Sync 1 DAGs
[2025-12-11T23:37:00.255+0000] {logging_mixin.py:188} INFO - [2025-12-11T23:37:00.255+0000] {dag.py:3954} INFO - Setting next_dagrun for latest_only to 2025-12-11 16:00:00+00:00, run_after=2025-12-11 20:00:00+00:00
[2025-12-11T23:37:00.280+0000] {processor.py:183} INFO - Processing /home/airflow/.local/lib/python3.9/site-packages/airflow/example_dags/example_latest_only.py took 0.126 seconds
[2025-12-11T23:37:30.626+0000] {processor.py:161} INFO - Started process (PID=6058) to work on /home/airflow/.local/lib/python3.9/site-packages/airflow/example_dags/example_latest_only.py
[2025-12-11T23:37:30.628+0000] {processor.py:830} INFO - Processing file /home/airflow/.local/lib/python3.9/site-packages/airflow/example_dags/example_latest_only.py for tasks to queue
[2025-12-11T23:37:30.631+0000] {logging_mixin.py:188} INFO - [2025-12-11T23:37:30.630+0000] {dagbag.py:545} INFO - Filling up the DagBag from /home/airflow/.local/lib/python3.9/site-packages/airflow/example_dags/example_latest_only.py
[2025-12-11T23:37:30.639+0000] {processor.py:840} INFO - DAG(s) 'latest_only' retrieved from /home/airflow/.local/lib/python3.9/site-packages/airflow/example_dags/example_latest_only.py
[2025-12-11T23:37:30.681+0000] {logging_mixin.py:188} INFO - [2025-12-11T23:37:30.680+0000] {dag.py:3096} INFO - Sync 1 DAGs
[2025-12-11T23:37:30.718+0000] {logging_mixin.py:188} INFO - [2025-12-11T23:37:30.717+0000] {dag.py:3954} INFO - Setting next_dagrun for latest_only to 2025-12-11 16:00:00+00:00, run_after=2025-12-11 20:00:00+00:00
[2025-12-11T23:37:30.745+0000] {processor.py:183} INFO - Processing /home/airflow/.local/lib/python3.9/site-packages/airflow/example_dags/example_latest_only.py took 0.130 seconds
[2025-12-11T23:38:01.013+0000] {processor.py:161} INFO - Started process (PID=6125) to work on /home/airflow/.local/lib/python3.9/site-packages/airflow/example_dags/example_latest_only.py
[2025-12-11T23:38:01.019+0000] {processor.py:830} INFO - Processing file /home/airflow/.local/lib/python3.9/site-packages/airflow/example_dags/example_latest_only.py for tasks to queue
[2025-12-11T23:38:01.023+0000] {logging_mixin.py:188} INFO - [2025-12-11T23:38:01.022+0000] {dagbag.py:545} INFO - Filling up the DagBag from /home/airflow/.local/lib/python3.9/site-packages/airflow/example_dags/example_latest_only.py
[2025-12-11T23:38:01.035+0000] {processor.py:840} INFO - DAG(s) 'latest_only' retrieved from /home/airflow/.local/lib/python3.9/site-packages/airflow/example_dags/example_latest_only.py
[2025-12-11T23:38:01.095+0000] {logging_mixin.py:188} INFO - [2025-12-11T23:38:01.094+0000] {dag.py:3096} INFO - Sync 1 DAGs
[2025-12-11T23:38:01.143+0000] {logging_mixin.py:188} INFO - [2025-12-11T23:38:01.143+0000] {dag.py:3954} INFO - Setting next_dagrun for latest_only to 2025-12-11 16:00:00+00:00, run_after=2025-12-11 20:00:00+00:00
[2025-12-11T23:38:01.176+0000] {processor.py:183} INFO - Processing /home/airflow/.local/lib/python3.9/site-packages/airflow/example_dags/example_latest_only.py took 0.178 seconds
[2025-12-11T23:38:31.754+0000] {processor.py:161} INFO - Started process (PID=6192) to work on /home/airflow/.local/lib/python3.9/site-packages/airflow/example_dags/example_latest_only.py
[2025-12-11T23:38:31.755+0000] {processor.py:830} INFO - Processing file /home/airflow/.local/lib/python3.9/site-packages/airflow/example_dags/example_latest_only.py for tasks to queue
[2025-12-11T23:38:31.758+0000] {logging_mixin.py:188} INFO - [2025-12-11T23:38:31.757+0000] {dagbag.py:545} INFO - Filling up the DagBag from /home/airflow/.local/lib/python3.9/site-packages/airflow/example_dags/example_latest_only.py
[2025-12-11T23:38:31.766+0000] {processor.py:840} INFO - DAG(s) 'latest_only' retrieved from /home/airflow/.local/lib/python3.9/site-packages/airflow/example_dags/example_latest_only.py
[2025-12-11T23:38:31.807+0000] {logging_mixin.py:188} INFO - [2025-12-11T23:38:31.806+0000] {dag.py:3096} INFO - Sync 1 DAGs
[2025-12-11T23:38:31.846+0000] {logging_mixin.py:188} INFO - [2025-12-11T23:38:31.846+0000] {dag.py:3954} INFO - Setting next_dagrun for latest_only to 2025-12-11 16:00:00+00:00, run_after=2025-12-11 20:00:00+00:00
[2025-12-11T23:38:31.878+0000] {processor.py:183} INFO - Processing /home/airflow/.local/lib/python3.9/site-packages/airflow/example_dags/example_latest_only.py took 0.137 seconds
[2025-12-11T23:39:02.684+0000] {processor.py:161} INFO - Started process (PID=6259) to work on /home/airflow/.local/lib/python3.9/site-packages/airflow/example_dags/example_latest_only.py
[2025-12-11T23:39:02.686+0000] {processor.py:830} INFO - Processing file /home/airflow/.local/lib/python3.9/site-packages/airflow/example_dags/example_latest_only.py for tasks to queue
[2025-12-11T23:39:02.689+0000] {logging_mixin.py:188} INFO - [2025-12-11T23:39:02.688+0000] {dagbag.py:545} INFO - Filling up the DagBag from /home/airflow/.local/lib/python3.9/site-packages/airflow/example_dags/example_latest_only.py
[2025-12-11T23:39:02.697+0000] {processor.py:840} INFO - DAG(s) 'latest_only' retrieved from /home/airflow/.local/lib/python3.9/site-packages/airflow/example_dags/example_latest_only.py
[2025-12-11T23:39:02.740+0000] {logging_mixin.py:188} INFO - [2025-12-11T23:39:02.740+0000] {dag.py:3096} INFO - Sync 1 DAGs
[2025-12-11T23:39:02.780+0000] {logging_mixin.py:188} INFO - [2025-12-11T23:39:02.780+0000] {dag.py:3954} INFO - Setting next_dagrun for latest_only to 2025-12-11 16:00:00+00:00, run_after=2025-12-11 20:00:00+00:00
[2025-12-11T23:39:02.813+0000] {processor.py:183} INFO - Processing /home/airflow/.local/lib/python3.9/site-packages/airflow/example_dags/example_latest_only.py took 0.140 seconds
[2025-12-11T23:39:33.339+0000] {processor.py:161} INFO - Started process (PID=6326) to work on /home/airflow/.local/lib/python3.9/site-packages/airflow/example_dags/example_latest_only.py
[2025-12-11T23:39:33.343+0000] {processor.py:830} INFO - Processing file /home/airflow/.local/lib/python3.9/site-packages/airflow/example_dags/example_latest_only.py for tasks to queue
[2025-12-11T23:39:33.346+0000] {logging_mixin.py:188} INFO - [2025-12-11T23:39:33.346+0000] {dagbag.py:545} INFO - Filling up the DagBag from /home/airflow/.local/lib/python3.9/site-packages/airflow/example_dags/example_latest_only.py
[2025-12-11T23:39:33.358+0000] {processor.py:840} INFO - DAG(s) 'latest_only' retrieved from /home/airflow/.local/lib/python3.9/site-packages/airflow/example_dags/example_latest_only.py
[2025-12-11T23:39:33.409+0000] {logging_mixin.py:188} INFO - [2025-12-11T23:39:33.409+0000] {dag.py:3096} INFO - Sync 1 DAGs
[2025-12-11T23:39:33.468+0000] {logging_mixin.py:188} INFO - [2025-12-11T23:39:33.468+0000] {dag.py:3954} INFO - Setting next_dagrun for latest_only to 2025-12-11 16:00:00+00:00, run_after=2025-12-11 20:00:00+00:00
[2025-12-11T23:39:33.531+0000] {processor.py:183} INFO - Processing /home/airflow/.local/lib/python3.9/site-packages/airflow/example_dags/example_latest_only.py took 0.206 seconds
[2025-12-11T23:40:04.540+0000] {processor.py:161} INFO - Started process (PID=6393) to work on /home/airflow/.local/lib/python3.9/site-packages/airflow/example_dags/example_latest_only.py
[2025-12-11T23:40:04.541+0000] {processor.py:830} INFO - Processing file /home/airflow/.local/lib/python3.9/site-packages/airflow/example_dags/example_latest_only.py for tasks to queue
[2025-12-11T23:40:04.544+0000] {logging_mixin.py:188} INFO - [2025-12-11T23:40:04.544+0000] {dagbag.py:545} INFO - Filling up the DagBag from /home/airflow/.local/lib/python3.9/site-packages/airflow/example_dags/example_latest_only.py
[2025-12-11T23:40:04.553+0000] {processor.py:840} INFO - DAG(s) 'latest_only' retrieved from /home/airflow/.local/lib/python3.9/site-packages/airflow/example_dags/example_latest_only.py
[2025-12-11T23:40:04.600+0000] {logging_mixin.py:188} INFO - [2025-12-11T23:40:04.599+0000] {dag.py:3096} INFO - Sync 1 DAGs
[2025-12-11T23:40:04.659+0000] {logging_mixin.py:188} INFO - [2025-12-11T23:40:04.658+0000] {dag.py:3954} INFO - Setting next_dagrun for latest_only to 2025-12-11 16:00:00+00:00, run_after=2025-12-11 20:00:00+00:00
[2025-12-11T23:40:04.702+0000] {processor.py:183} INFO - Processing /home/airflow/.local/lib/python3.9/site-packages/airflow/example_dags/example_latest_only.py took 0.173 seconds
[2025-12-11T23:40:35.938+0000] {processor.py:161} INFO - Started process (PID=6460) to work on /home/airflow/.local/lib/python3.9/site-packages/airflow/example_dags/example_latest_only.py
[2025-12-11T23:40:36.021+0000] {processor.py:830} INFO - Processing file /home/airflow/.local/lib/python3.9/site-packages/airflow/example_dags/example_latest_only.py for tasks to queue
[2025-12-11T23:40:36.024+0000] {logging_mixin.py:188} INFO - [2025-12-11T23:40:36.024+0000] {dagbag.py:545} INFO - Filling up the DagBag from /home/airflow/.local/lib/python3.9/site-packages/airflow/example_dags/example_latest_only.py
[2025-12-11T23:40:36.033+0000] {processor.py:840} INFO - DAG(s) 'latest_only' retrieved from /home/airflow/.local/lib/python3.9/site-packages/airflow/example_dags/example_latest_only.py
[2025-12-11T23:40:36.070+0000] {logging_mixin.py:188} INFO - [2025-12-11T23:40:36.069+0000] {dag.py:3096} INFO - Sync 1 DAGs
[2025-12-11T23:40:36.115+0000] {logging_mixin.py:188} INFO - [2025-12-11T23:40:36.114+0000] {dag.py:3954} INFO - Setting next_dagrun for latest_only to 2025-12-11 16:00:00+00:00, run_after=2025-12-11 20:00:00+00:00
[2025-12-11T23:40:36.306+0000] {processor.py:183} INFO - Processing /home/airflow/.local/lib/python3.9/site-packages/airflow/example_dags/example_latest_only.py took 0.379 seconds
[2025-12-11T23:41:06.927+0000] {processor.py:161} INFO - Started process (PID=6527) to work on /home/airflow/.local/lib/python3.9/site-packages/airflow/example_dags/example_latest_only.py
[2025-12-11T23:41:06.933+0000] {processor.py:830} INFO - Processing file /home/airflow/.local/lib/python3.9/site-packages/airflow/example_dags/example_latest_only.py for tasks to queue
[2025-12-11T23:41:06.937+0000] {logging_mixin.py:188} INFO - [2025-12-11T23:41:06.936+0000] {dagbag.py:545} INFO - Filling up the DagBag from /home/airflow/.local/lib/python3.9/site-packages/airflow/example_dags/example_latest_only.py
[2025-12-11T23:41:06.948+0000] {processor.py:840} INFO - DAG(s) 'latest_only' retrieved from /home/airflow/.local/lib/python3.9/site-packages/airflow/example_dags/example_latest_only.py
[2025-12-11T23:41:07.005+0000] {logging_mixin.py:188} INFO - [2025-12-11T23:41:07.005+0000] {dag.py:3096} INFO - Sync 1 DAGs
[2025-12-11T23:41:07.062+0000] {logging_mixin.py:188} INFO - [2025-12-11T23:41:07.062+0000] {dag.py:3954} INFO - Setting next_dagrun for latest_only to 2025-12-11 16:00:00+00:00, run_after=2025-12-11 20:00:00+00:00
[2025-12-11T23:41:07.110+0000] {processor.py:183} INFO - Processing /home/airflow/.local/lib/python3.9/site-packages/airflow/example_dags/example_latest_only.py took 0.209 seconds
[2025-12-11T23:41:37.953+0000] {processor.py:161} INFO - Started process (PID=6595) to work on /home/airflow/.local/lib/python3.9/site-packages/airflow/example_dags/example_latest_only.py
[2025-12-11T23:41:37.955+0000] {processor.py:830} INFO - Processing file /home/airflow/.local/lib/python3.9/site-packages/airflow/example_dags/example_latest_only.py for tasks to queue
[2025-12-11T23:41:37.957+0000] {logging_mixin.py:188} INFO - [2025-12-11T23:41:37.957+0000] {dagbag.py:545} INFO - Filling up the DagBag from /home/airflow/.local/lib/python3.9/site-packages/airflow/example_dags/example_latest_only.py
[2025-12-11T23:41:37.965+0000] {processor.py:840} INFO - DAG(s) 'latest_only' retrieved from /home/airflow/.local/lib/python3.9/site-packages/airflow/example_dags/example_latest_only.py
[2025-12-11T23:41:38.000+0000] {logging_mixin.py:188} INFO - [2025-12-11T23:41:38.000+0000] {dag.py:3096} INFO - Sync 1 DAGs
[2025-12-11T23:41:38.036+0000] {logging_mixin.py:188} INFO - [2025-12-11T23:41:38.035+0000] {dag.py:3954} INFO - Setting next_dagrun for latest_only to 2025-12-11 16:00:00+00:00, run_after=2025-12-11 20:00:00+00:00
[2025-12-11T23:41:38.068+0000] {processor.py:183} INFO - Processing /home/airflow/.local/lib/python3.9/site-packages/airflow/example_dags/example_latest_only.py took 0.127 seconds
[2025-12-11T23:42:08.567+0000] {processor.py:161} INFO - Started process (PID=6662) to work on /home/airflow/.local/lib/python3.9/site-packages/airflow/example_dags/example_latest_only.py
[2025-12-11T23:42:08.573+0000] {processor.py:830} INFO - Processing file /home/airflow/.local/lib/python3.9/site-packages/airflow/example_dags/example_latest_only.py for tasks to queue
[2025-12-11T23:42:08.580+0000] {logging_mixin.py:188} INFO - [2025-12-11T23:42:08.579+0000] {dagbag.py:545} INFO - Filling up the DagBag from /home/airflow/.local/lib/python3.9/site-packages/airflow/example_dags/example_latest_only.py
[2025-12-11T23:42:08.595+0000] {processor.py:840} INFO - DAG(s) 'latest_only' retrieved from /home/airflow/.local/lib/python3.9/site-packages/airflow/example_dags/example_latest_only.py
[2025-12-11T23:42:08.655+0000] {logging_mixin.py:188} INFO - [2025-12-11T23:42:08.655+0000] {dag.py:3096} INFO - Sync 1 DAGs
[2025-12-11T23:42:08.710+0000] {logging_mixin.py:188} INFO - [2025-12-11T23:42:08.709+0000] {dag.py:3954} INFO - Setting next_dagrun for latest_only to 2025-12-11 16:00:00+00:00, run_after=2025-12-11 20:00:00+00:00
[2025-12-11T23:42:08.739+0000] {processor.py:183} INFO - Processing /home/airflow/.local/lib/python3.9/site-packages/airflow/example_dags/example_latest_only.py took 0.188 seconds
