[2025-12-11T22:52:29.334+0000] {processor.py:161} INFO - Started process (PID=134) to work on /home/airflow/.local/lib/python3.9/site-packages/airflow/example_dags/example_local_kubernetes_executor.py
[2025-12-11T22:52:29.351+0000] {processor.py:830} INFO - Processing file /home/airflow/.local/lib/python3.9/site-packages/airflow/example_dags/example_local_kubernetes_executor.py for tasks to queue
[2025-12-11T22:52:29.354+0000] {logging_mixin.py:188} INFO - [2025-12-11T22:52:29.353+0000] {dagbag.py:545} INFO - Filling up the DagBag from /home/airflow/.local/lib/python3.9/site-packages/airflow/example_dags/example_local_kubernetes_executor.py
[2025-12-11T22:52:29.411+0000] {processor.py:840} INFO - DAG(s) 'example_local_kubernetes_executor' retrieved from /home/airflow/.local/lib/python3.9/site-packages/airflow/example_dags/example_local_kubernetes_executor.py
[2025-12-11T22:52:30.069+0000] {logging_mixin.py:188} INFO - [2025-12-11T22:52:30.054+0000] {dag.py:3096} INFO - Sync 1 DAGs
[2025-12-11T22:52:30.155+0000] {logging_mixin.py:188} INFO - [2025-12-11T22:52:30.154+0000] {dag.py:3954} INFO - Setting next_dagrun for example_local_kubernetes_executor to None, run_after=None
[2025-12-11T22:52:30.255+0000] {processor.py:183} INFO - Processing /home/airflow/.local/lib/python3.9/site-packages/airflow/example_dags/example_local_kubernetes_executor.py took 0.961 seconds
[2025-12-11T22:53:02.113+0000] {processor.py:161} INFO - Started process (PID=200) to work on /home/airflow/.local/lib/python3.9/site-packages/airflow/example_dags/example_local_kubernetes_executor.py
[2025-12-11T22:53:02.116+0000] {processor.py:830} INFO - Processing file /home/airflow/.local/lib/python3.9/site-packages/airflow/example_dags/example_local_kubernetes_executor.py for tasks to queue
[2025-12-11T22:53:02.132+0000] {logging_mixin.py:188} INFO - [2025-12-11T22:53:02.132+0000] {dagbag.py:545} INFO - Filling up the DagBag from /home/airflow/.local/lib/python3.9/site-packages/airflow/example_dags/example_local_kubernetes_executor.py
[2025-12-11T22:53:02.190+0000] {processor.py:840} INFO - DAG(s) 'example_local_kubernetes_executor' retrieved from /home/airflow/.local/lib/python3.9/site-packages/airflow/example_dags/example_local_kubernetes_executor.py
[2025-12-11T22:53:02.476+0000] {logging_mixin.py:188} INFO - [2025-12-11T22:53:02.475+0000] {dag.py:3096} INFO - Sync 1 DAGs
[2025-12-11T22:53:02.598+0000] {logging_mixin.py:188} INFO - [2025-12-11T22:53:02.597+0000] {dag.py:3954} INFO - Setting next_dagrun for example_local_kubernetes_executor to None, run_after=None
[2025-12-11T22:53:02.771+0000] {processor.py:183} INFO - Processing /home/airflow/.local/lib/python3.9/site-packages/airflow/example_dags/example_local_kubernetes_executor.py took 0.701 seconds
[2025-12-11T22:53:33.069+0000] {processor.py:161} INFO - Started process (PID=266) to work on /home/airflow/.local/lib/python3.9/site-packages/airflow/example_dags/example_local_kubernetes_executor.py
[2025-12-11T22:53:33.071+0000] {processor.py:830} INFO - Processing file /home/airflow/.local/lib/python3.9/site-packages/airflow/example_dags/example_local_kubernetes_executor.py for tasks to queue
[2025-12-11T22:53:33.074+0000] {logging_mixin.py:188} INFO - [2025-12-11T22:53:33.073+0000] {dagbag.py:545} INFO - Filling up the DagBag from /home/airflow/.local/lib/python3.9/site-packages/airflow/example_dags/example_local_kubernetes_executor.py
[2025-12-11T22:53:33.114+0000] {processor.py:840} INFO - DAG(s) 'example_local_kubernetes_executor' retrieved from /home/airflow/.local/lib/python3.9/site-packages/airflow/example_dags/example_local_kubernetes_executor.py
[2025-12-11T22:53:33.313+0000] {logging_mixin.py:188} INFO - [2025-12-11T22:53:33.312+0000] {dag.py:3096} INFO - Sync 1 DAGs
[2025-12-11T22:53:33.394+0000] {logging_mixin.py:188} INFO - [2025-12-11T22:53:33.394+0000] {dag.py:3954} INFO - Setting next_dagrun for example_local_kubernetes_executor to None, run_after=None
[2025-12-11T22:53:33.493+0000] {processor.py:183} INFO - Processing /home/airflow/.local/lib/python3.9/site-packages/airflow/example_dags/example_local_kubernetes_executor.py took 0.458 seconds
[2025-12-11T22:54:03.910+0000] {processor.py:161} INFO - Started process (PID=325) to work on /home/airflow/.local/lib/python3.9/site-packages/airflow/example_dags/example_local_kubernetes_executor.py
[2025-12-11T22:54:03.912+0000] {processor.py:830} INFO - Processing file /home/airflow/.local/lib/python3.9/site-packages/airflow/example_dags/example_local_kubernetes_executor.py for tasks to queue
[2025-12-11T22:54:03.915+0000] {logging_mixin.py:188} INFO - [2025-12-11T22:54:03.914+0000] {dagbag.py:545} INFO - Filling up the DagBag from /home/airflow/.local/lib/python3.9/site-packages/airflow/example_dags/example_local_kubernetes_executor.py
[2025-12-11T22:54:03.930+0000] {processor.py:840} INFO - DAG(s) 'example_local_kubernetes_executor' retrieved from /home/airflow/.local/lib/python3.9/site-packages/airflow/example_dags/example_local_kubernetes_executor.py
[2025-12-11T22:54:03.993+0000] {logging_mixin.py:188} INFO - [2025-12-11T22:54:03.992+0000] {dag.py:3096} INFO - Sync 1 DAGs
[2025-12-11T22:54:04.051+0000] {logging_mixin.py:188} INFO - [2025-12-11T22:54:04.050+0000] {dag.py:3954} INFO - Setting next_dagrun for example_local_kubernetes_executor to None, run_after=None
[2025-12-11T22:54:04.095+0000] {processor.py:183} INFO - Processing /home/airflow/.local/lib/python3.9/site-packages/airflow/example_dags/example_local_kubernetes_executor.py took 0.196 seconds
[2025-12-11T22:54:34.303+0000] {processor.py:161} INFO - Started process (PID=391) to work on /home/airflow/.local/lib/python3.9/site-packages/airflow/example_dags/example_local_kubernetes_executor.py
[2025-12-11T22:54:34.305+0000] {processor.py:830} INFO - Processing file /home/airflow/.local/lib/python3.9/site-packages/airflow/example_dags/example_local_kubernetes_executor.py for tasks to queue
[2025-12-11T22:54:34.308+0000] {logging_mixin.py:188} INFO - [2025-12-11T22:54:34.308+0000] {dagbag.py:545} INFO - Filling up the DagBag from /home/airflow/.local/lib/python3.9/site-packages/airflow/example_dags/example_local_kubernetes_executor.py
[2025-12-11T22:54:34.324+0000] {processor.py:840} INFO - DAG(s) 'example_local_kubernetes_executor' retrieved from /home/airflow/.local/lib/python3.9/site-packages/airflow/example_dags/example_local_kubernetes_executor.py
[2025-12-11T22:54:34.390+0000] {logging_mixin.py:188} INFO - [2025-12-11T22:54:34.389+0000] {dag.py:3096} INFO - Sync 1 DAGs
[2025-12-11T22:54:34.416+0000] {logging_mixin.py:188} INFO - [2025-12-11T22:54:34.416+0000] {dag.py:3954} INFO - Setting next_dagrun for example_local_kubernetes_executor to None, run_after=None
[2025-12-11T22:54:34.451+0000] {processor.py:183} INFO - Processing /home/airflow/.local/lib/python3.9/site-packages/airflow/example_dags/example_local_kubernetes_executor.py took 0.161 seconds
[2025-12-11T22:55:05.636+0000] {processor.py:161} INFO - Started process (PID=457) to work on /home/airflow/.local/lib/python3.9/site-packages/airflow/example_dags/example_local_kubernetes_executor.py
[2025-12-11T22:55:05.651+0000] {processor.py:830} INFO - Processing file /home/airflow/.local/lib/python3.9/site-packages/airflow/example_dags/example_local_kubernetes_executor.py for tasks to queue
[2025-12-11T22:55:05.671+0000] {logging_mixin.py:188} INFO - [2025-12-11T22:55:05.671+0000] {dagbag.py:545} INFO - Filling up the DagBag from /home/airflow/.local/lib/python3.9/site-packages/airflow/example_dags/example_local_kubernetes_executor.py
[2025-12-11T22:55:05.712+0000] {processor.py:840} INFO - DAG(s) 'example_local_kubernetes_executor' retrieved from /home/airflow/.local/lib/python3.9/site-packages/airflow/example_dags/example_local_kubernetes_executor.py
[2025-12-11T22:55:05.914+0000] {logging_mixin.py:188} INFO - [2025-12-11T22:55:05.914+0000] {dag.py:3096} INFO - Sync 1 DAGs
[2025-12-11T22:55:05.958+0000] {logging_mixin.py:188} INFO - [2025-12-11T22:55:05.957+0000] {dag.py:3954} INFO - Setting next_dagrun for example_local_kubernetes_executor to None, run_after=None
[2025-12-11T22:55:06.052+0000] {processor.py:183} INFO - Processing /home/airflow/.local/lib/python3.9/site-packages/airflow/example_dags/example_local_kubernetes_executor.py took 0.456 seconds
[2025-12-11T22:55:36.272+0000] {processor.py:161} INFO - Started process (PID=523) to work on /home/airflow/.local/lib/python3.9/site-packages/airflow/example_dags/example_local_kubernetes_executor.py
[2025-12-11T22:55:36.273+0000] {processor.py:830} INFO - Processing file /home/airflow/.local/lib/python3.9/site-packages/airflow/example_dags/example_local_kubernetes_executor.py for tasks to queue
[2025-12-11T22:55:36.276+0000] {logging_mixin.py:188} INFO - [2025-12-11T22:55:36.275+0000] {dagbag.py:545} INFO - Filling up the DagBag from /home/airflow/.local/lib/python3.9/site-packages/airflow/example_dags/example_local_kubernetes_executor.py
[2025-12-11T22:55:36.298+0000] {processor.py:840} INFO - DAG(s) 'example_local_kubernetes_executor' retrieved from /home/airflow/.local/lib/python3.9/site-packages/airflow/example_dags/example_local_kubernetes_executor.py
[2025-12-11T22:55:36.531+0000] {logging_mixin.py:188} INFO - [2025-12-11T22:55:36.530+0000] {dag.py:3096} INFO - Sync 1 DAGs
[2025-12-11T22:55:36.632+0000] {logging_mixin.py:188} INFO - [2025-12-11T22:55:36.632+0000] {dag.py:3954} INFO - Setting next_dagrun for example_local_kubernetes_executor to None, run_after=None
[2025-12-11T22:55:36.776+0000] {processor.py:183} INFO - Processing /home/airflow/.local/lib/python3.9/site-packages/airflow/example_dags/example_local_kubernetes_executor.py took 0.523 seconds
[2025-12-11T22:56:06.991+0000] {processor.py:161} INFO - Started process (PID=589) to work on /home/airflow/.local/lib/python3.9/site-packages/airflow/example_dags/example_local_kubernetes_executor.py
[2025-12-11T22:56:06.993+0000] {processor.py:830} INFO - Processing file /home/airflow/.local/lib/python3.9/site-packages/airflow/example_dags/example_local_kubernetes_executor.py for tasks to queue
[2025-12-11T22:56:06.995+0000] {logging_mixin.py:188} INFO - [2025-12-11T22:56:06.995+0000] {dagbag.py:545} INFO - Filling up the DagBag from /home/airflow/.local/lib/python3.9/site-packages/airflow/example_dags/example_local_kubernetes_executor.py
[2025-12-11T22:56:07.012+0000] {processor.py:840} INFO - DAG(s) 'example_local_kubernetes_executor' retrieved from /home/airflow/.local/lib/python3.9/site-packages/airflow/example_dags/example_local_kubernetes_executor.py
[2025-12-11T22:56:07.112+0000] {logging_mixin.py:188} INFO - [2025-12-11T22:56:07.112+0000] {dag.py:3096} INFO - Sync 1 DAGs
[2025-12-11T22:56:07.138+0000] {logging_mixin.py:188} INFO - [2025-12-11T22:56:07.138+0000] {dag.py:3954} INFO - Setting next_dagrun for example_local_kubernetes_executor to None, run_after=None
[2025-12-11T22:56:07.180+0000] {processor.py:183} INFO - Processing /home/airflow/.local/lib/python3.9/site-packages/airflow/example_dags/example_local_kubernetes_executor.py took 0.208 seconds
[2025-12-11T22:56:37.534+0000] {processor.py:161} INFO - Started process (PID=655) to work on /home/airflow/.local/lib/python3.9/site-packages/airflow/example_dags/example_local_kubernetes_executor.py
[2025-12-11T22:56:37.542+0000] {processor.py:830} INFO - Processing file /home/airflow/.local/lib/python3.9/site-packages/airflow/example_dags/example_local_kubernetes_executor.py for tasks to queue
[2025-12-11T22:56:37.545+0000] {logging_mixin.py:188} INFO - [2025-12-11T22:56:37.545+0000] {dagbag.py:545} INFO - Filling up the DagBag from /home/airflow/.local/lib/python3.9/site-packages/airflow/example_dags/example_local_kubernetes_executor.py
[2025-12-11T22:56:37.574+0000] {processor.py:840} INFO - DAG(s) 'example_local_kubernetes_executor' retrieved from /home/airflow/.local/lib/python3.9/site-packages/airflow/example_dags/example_local_kubernetes_executor.py
[2025-12-11T22:56:37.679+0000] {logging_mixin.py:188} INFO - [2025-12-11T22:56:37.679+0000] {dag.py:3096} INFO - Sync 1 DAGs
[2025-12-11T22:56:37.730+0000] {logging_mixin.py:188} INFO - [2025-12-11T22:56:37.730+0000] {dag.py:3954} INFO - Setting next_dagrun for example_local_kubernetes_executor to None, run_after=None
[2025-12-11T22:56:37.772+0000] {processor.py:183} INFO - Processing /home/airflow/.local/lib/python3.9/site-packages/airflow/example_dags/example_local_kubernetes_executor.py took 0.258 seconds
[2025-12-11T22:57:08.212+0000] {processor.py:161} INFO - Started process (PID=721) to work on /home/airflow/.local/lib/python3.9/site-packages/airflow/example_dags/example_local_kubernetes_executor.py
[2025-12-11T22:57:08.214+0000] {processor.py:830} INFO - Processing file /home/airflow/.local/lib/python3.9/site-packages/airflow/example_dags/example_local_kubernetes_executor.py for tasks to queue
[2025-12-11T22:57:08.218+0000] {logging_mixin.py:188} INFO - [2025-12-11T22:57:08.217+0000] {dagbag.py:545} INFO - Filling up the DagBag from /home/airflow/.local/lib/python3.9/site-packages/airflow/example_dags/example_local_kubernetes_executor.py
[2025-12-11T22:57:08.239+0000] {processor.py:840} INFO - DAG(s) 'example_local_kubernetes_executor' retrieved from /home/airflow/.local/lib/python3.9/site-packages/airflow/example_dags/example_local_kubernetes_executor.py
[2025-12-11T22:57:08.320+0000] {logging_mixin.py:188} INFO - [2025-12-11T22:57:08.319+0000] {dag.py:3096} INFO - Sync 1 DAGs
[2025-12-11T22:57:08.369+0000] {logging_mixin.py:188} INFO - [2025-12-11T22:57:08.358+0000] {dag.py:3954} INFO - Setting next_dagrun for example_local_kubernetes_executor to None, run_after=None
[2025-12-11T22:57:08.435+0000] {processor.py:183} INFO - Processing /home/airflow/.local/lib/python3.9/site-packages/airflow/example_dags/example_local_kubernetes_executor.py took 0.242 seconds
[2025-12-11T22:57:39.086+0000] {processor.py:161} INFO - Started process (PID=787) to work on /home/airflow/.local/lib/python3.9/site-packages/airflow/example_dags/example_local_kubernetes_executor.py
[2025-12-11T22:57:39.090+0000] {processor.py:830} INFO - Processing file /home/airflow/.local/lib/python3.9/site-packages/airflow/example_dags/example_local_kubernetes_executor.py for tasks to queue
[2025-12-11T22:57:39.093+0000] {logging_mixin.py:188} INFO - [2025-12-11T22:57:39.092+0000] {dagbag.py:545} INFO - Filling up the DagBag from /home/airflow/.local/lib/python3.9/site-packages/airflow/example_dags/example_local_kubernetes_executor.py
[2025-12-11T22:57:39.113+0000] {processor.py:840} INFO - DAG(s) 'example_local_kubernetes_executor' retrieved from /home/airflow/.local/lib/python3.9/site-packages/airflow/example_dags/example_local_kubernetes_executor.py
[2025-12-11T22:57:39.217+0000] {logging_mixin.py:188} INFO - [2025-12-11T22:57:39.216+0000] {dag.py:3096} INFO - Sync 1 DAGs
[2025-12-11T22:57:39.249+0000] {logging_mixin.py:188} INFO - [2025-12-11T22:57:39.246+0000] {dag.py:3954} INFO - Setting next_dagrun for example_local_kubernetes_executor to None, run_after=None
[2025-12-11T22:57:39.302+0000] {processor.py:183} INFO - Processing /home/airflow/.local/lib/python3.9/site-packages/airflow/example_dags/example_local_kubernetes_executor.py took 0.228 seconds
[2025-12-11T22:58:09.560+0000] {processor.py:161} INFO - Started process (PID=853) to work on /home/airflow/.local/lib/python3.9/site-packages/airflow/example_dags/example_local_kubernetes_executor.py
[2025-12-11T22:58:09.562+0000] {processor.py:830} INFO - Processing file /home/airflow/.local/lib/python3.9/site-packages/airflow/example_dags/example_local_kubernetes_executor.py for tasks to queue
[2025-12-11T22:58:09.564+0000] {logging_mixin.py:188} INFO - [2025-12-11T22:58:09.564+0000] {dagbag.py:545} INFO - Filling up the DagBag from /home/airflow/.local/lib/python3.9/site-packages/airflow/example_dags/example_local_kubernetes_executor.py
[2025-12-11T22:58:09.579+0000] {processor.py:840} INFO - DAG(s) 'example_local_kubernetes_executor' retrieved from /home/airflow/.local/lib/python3.9/site-packages/airflow/example_dags/example_local_kubernetes_executor.py
[2025-12-11T22:58:09.640+0000] {logging_mixin.py:188} INFO - [2025-12-11T22:58:09.640+0000] {dag.py:3096} INFO - Sync 1 DAGs
[2025-12-11T22:58:09.661+0000] {logging_mixin.py:188} INFO - [2025-12-11T22:58:09.661+0000] {dag.py:3954} INFO - Setting next_dagrun for example_local_kubernetes_executor to None, run_after=None
[2025-12-11T22:58:09.694+0000] {processor.py:183} INFO - Processing /home/airflow/.local/lib/python3.9/site-packages/airflow/example_dags/example_local_kubernetes_executor.py took 0.145 seconds
[2025-12-11T22:58:41.897+0000] {processor.py:161} INFO - Started process (PID=919) to work on /home/airflow/.local/lib/python3.9/site-packages/airflow/example_dags/example_local_kubernetes_executor.py
[2025-12-11T22:58:41.906+0000] {processor.py:830} INFO - Processing file /home/airflow/.local/lib/python3.9/site-packages/airflow/example_dags/example_local_kubernetes_executor.py for tasks to queue
[2025-12-11T22:58:41.911+0000] {logging_mixin.py:188} INFO - [2025-12-11T22:58:41.911+0000] {dagbag.py:545} INFO - Filling up the DagBag from /home/airflow/.local/lib/python3.9/site-packages/airflow/example_dags/example_local_kubernetes_executor.py
[2025-12-11T22:58:41.937+0000] {processor.py:840} INFO - DAG(s) 'example_local_kubernetes_executor' retrieved from /home/airflow/.local/lib/python3.9/site-packages/airflow/example_dags/example_local_kubernetes_executor.py
[2025-12-11T22:58:42.049+0000] {logging_mixin.py:188} INFO - [2025-12-11T22:58:42.040+0000] {dag.py:3096} INFO - Sync 1 DAGs
[2025-12-11T22:58:42.084+0000] {logging_mixin.py:188} INFO - [2025-12-11T22:58:42.083+0000] {dag.py:3954} INFO - Setting next_dagrun for example_local_kubernetes_executor to None, run_after=None
[2025-12-11T22:58:42.140+0000] {processor.py:183} INFO - Processing /home/airflow/.local/lib/python3.9/site-packages/airflow/example_dags/example_local_kubernetes_executor.py took 0.260 seconds
[2025-12-11T22:59:12.488+0000] {processor.py:161} INFO - Started process (PID=986) to work on /home/airflow/.local/lib/python3.9/site-packages/airflow/example_dags/example_local_kubernetes_executor.py
[2025-12-11T22:59:12.490+0000] {processor.py:830} INFO - Processing file /home/airflow/.local/lib/python3.9/site-packages/airflow/example_dags/example_local_kubernetes_executor.py for tasks to queue
[2025-12-11T22:59:12.493+0000] {logging_mixin.py:188} INFO - [2025-12-11T22:59:12.492+0000] {dagbag.py:545} INFO - Filling up the DagBag from /home/airflow/.local/lib/python3.9/site-packages/airflow/example_dags/example_local_kubernetes_executor.py
[2025-12-11T22:59:12.507+0000] {processor.py:840} INFO - DAG(s) 'example_local_kubernetes_executor' retrieved from /home/airflow/.local/lib/python3.9/site-packages/airflow/example_dags/example_local_kubernetes_executor.py
[2025-12-11T22:59:12.582+0000] {logging_mixin.py:188} INFO - [2025-12-11T22:59:12.581+0000] {dag.py:3096} INFO - Sync 1 DAGs
[2025-12-11T22:59:12.609+0000] {logging_mixin.py:188} INFO - [2025-12-11T22:59:12.608+0000] {dag.py:3954} INFO - Setting next_dagrun for example_local_kubernetes_executor to None, run_after=None
[2025-12-11T22:59:12.643+0000] {processor.py:183} INFO - Processing /home/airflow/.local/lib/python3.9/site-packages/airflow/example_dags/example_local_kubernetes_executor.py took 0.165 seconds
[2025-12-11T22:59:43.110+0000] {processor.py:161} INFO - Started process (PID=1051) to work on /home/airflow/.local/lib/python3.9/site-packages/airflow/example_dags/example_local_kubernetes_executor.py
[2025-12-11T22:59:43.111+0000] {processor.py:830} INFO - Processing file /home/airflow/.local/lib/python3.9/site-packages/airflow/example_dags/example_local_kubernetes_executor.py for tasks to queue
[2025-12-11T22:59:43.114+0000] {logging_mixin.py:188} INFO - [2025-12-11T22:59:43.114+0000] {dagbag.py:545} INFO - Filling up the DagBag from /home/airflow/.local/lib/python3.9/site-packages/airflow/example_dags/example_local_kubernetes_executor.py
[2025-12-11T22:59:43.127+0000] {processor.py:840} INFO - DAG(s) 'example_local_kubernetes_executor' retrieved from /home/airflow/.local/lib/python3.9/site-packages/airflow/example_dags/example_local_kubernetes_executor.py
[2025-12-11T22:59:43.186+0000] {logging_mixin.py:188} INFO - [2025-12-11T22:59:43.186+0000] {dag.py:3096} INFO - Sync 1 DAGs
[2025-12-11T22:59:43.205+0000] {logging_mixin.py:188} INFO - [2025-12-11T22:59:43.205+0000] {dag.py:3954} INFO - Setting next_dagrun for example_local_kubernetes_executor to None, run_after=None
[2025-12-11T22:59:43.232+0000] {processor.py:183} INFO - Processing /home/airflow/.local/lib/python3.9/site-packages/airflow/example_dags/example_local_kubernetes_executor.py took 0.134 seconds
[2025-12-11T23:00:13.472+0000] {processor.py:161} INFO - Started process (PID=1117) to work on /home/airflow/.local/lib/python3.9/site-packages/airflow/example_dags/example_local_kubernetes_executor.py
[2025-12-11T23:00:13.474+0000] {processor.py:830} INFO - Processing file /home/airflow/.local/lib/python3.9/site-packages/airflow/example_dags/example_local_kubernetes_executor.py for tasks to queue
[2025-12-11T23:00:13.478+0000] {logging_mixin.py:188} INFO - [2025-12-11T23:00:13.478+0000] {dagbag.py:545} INFO - Filling up the DagBag from /home/airflow/.local/lib/python3.9/site-packages/airflow/example_dags/example_local_kubernetes_executor.py
[2025-12-11T23:00:13.496+0000] {processor.py:840} INFO - DAG(s) 'example_local_kubernetes_executor' retrieved from /home/airflow/.local/lib/python3.9/site-packages/airflow/example_dags/example_local_kubernetes_executor.py
[2025-12-11T23:00:13.575+0000] {logging_mixin.py:188} INFO - [2025-12-11T23:00:13.574+0000] {dag.py:3096} INFO - Sync 1 DAGs
[2025-12-11T23:00:13.597+0000] {logging_mixin.py:188} INFO - [2025-12-11T23:00:13.596+0000] {dag.py:3954} INFO - Setting next_dagrun for example_local_kubernetes_executor to None, run_after=None
[2025-12-11T23:00:13.656+0000] {processor.py:183} INFO - Processing /home/airflow/.local/lib/python3.9/site-packages/airflow/example_dags/example_local_kubernetes_executor.py took 0.199 seconds
[2025-12-11T23:00:43.843+0000] {processor.py:161} INFO - Started process (PID=1183) to work on /home/airflow/.local/lib/python3.9/site-packages/airflow/example_dags/example_local_kubernetes_executor.py
[2025-12-11T23:00:43.845+0000] {processor.py:830} INFO - Processing file /home/airflow/.local/lib/python3.9/site-packages/airflow/example_dags/example_local_kubernetes_executor.py for tasks to queue
[2025-12-11T23:00:43.848+0000] {logging_mixin.py:188} INFO - [2025-12-11T23:00:43.847+0000] {dagbag.py:545} INFO - Filling up the DagBag from /home/airflow/.local/lib/python3.9/site-packages/airflow/example_dags/example_local_kubernetes_executor.py
[2025-12-11T23:00:43.860+0000] {processor.py:840} INFO - DAG(s) 'example_local_kubernetes_executor' retrieved from /home/airflow/.local/lib/python3.9/site-packages/airflow/example_dags/example_local_kubernetes_executor.py
[2025-12-11T23:00:43.923+0000] {logging_mixin.py:188} INFO - [2025-12-11T23:00:43.922+0000] {dag.py:3096} INFO - Sync 1 DAGs
[2025-12-11T23:00:43.945+0000] {logging_mixin.py:188} INFO - [2025-12-11T23:00:43.944+0000] {dag.py:3954} INFO - Setting next_dagrun for example_local_kubernetes_executor to None, run_after=None
[2025-12-11T23:00:43.983+0000] {processor.py:183} INFO - Processing /home/airflow/.local/lib/python3.9/site-packages/airflow/example_dags/example_local_kubernetes_executor.py took 0.150 seconds
[2025-12-11T23:01:14.165+0000] {processor.py:161} INFO - Started process (PID=1249) to work on /home/airflow/.local/lib/python3.9/site-packages/airflow/example_dags/example_local_kubernetes_executor.py
[2025-12-11T23:01:14.166+0000] {processor.py:830} INFO - Processing file /home/airflow/.local/lib/python3.9/site-packages/airflow/example_dags/example_local_kubernetes_executor.py for tasks to queue
[2025-12-11T23:01:14.171+0000] {logging_mixin.py:188} INFO - [2025-12-11T23:01:14.170+0000] {dagbag.py:545} INFO - Filling up the DagBag from /home/airflow/.local/lib/python3.9/site-packages/airflow/example_dags/example_local_kubernetes_executor.py
[2025-12-11T23:01:14.183+0000] {processor.py:840} INFO - DAG(s) 'example_local_kubernetes_executor' retrieved from /home/airflow/.local/lib/python3.9/site-packages/airflow/example_dags/example_local_kubernetes_executor.py
[2025-12-11T23:01:14.253+0000] {logging_mixin.py:188} INFO - [2025-12-11T23:01:14.252+0000] {dag.py:3096} INFO - Sync 1 DAGs
[2025-12-11T23:01:14.281+0000] {logging_mixin.py:188} INFO - [2025-12-11T23:01:14.280+0000] {dag.py:3954} INFO - Setting next_dagrun for example_local_kubernetes_executor to None, run_after=None
[2025-12-11T23:01:14.311+0000] {processor.py:183} INFO - Processing /home/airflow/.local/lib/python3.9/site-packages/airflow/example_dags/example_local_kubernetes_executor.py took 0.156 seconds
[2025-12-11T23:01:44.621+0000] {processor.py:161} INFO - Started process (PID=1316) to work on /home/airflow/.local/lib/python3.9/site-packages/airflow/example_dags/example_local_kubernetes_executor.py
[2025-12-11T23:01:44.623+0000] {processor.py:830} INFO - Processing file /home/airflow/.local/lib/python3.9/site-packages/airflow/example_dags/example_local_kubernetes_executor.py for tasks to queue
[2025-12-11T23:01:44.626+0000] {logging_mixin.py:188} INFO - [2025-12-11T23:01:44.626+0000] {dagbag.py:545} INFO - Filling up the DagBag from /home/airflow/.local/lib/python3.9/site-packages/airflow/example_dags/example_local_kubernetes_executor.py
[2025-12-11T23:01:44.639+0000] {processor.py:840} INFO - DAG(s) 'example_local_kubernetes_executor' retrieved from /home/airflow/.local/lib/python3.9/site-packages/airflow/example_dags/example_local_kubernetes_executor.py
[2025-12-11T23:01:44.706+0000] {logging_mixin.py:188} INFO - [2025-12-11T23:01:44.705+0000] {dag.py:3096} INFO - Sync 1 DAGs
[2025-12-11T23:01:44.727+0000] {logging_mixin.py:188} INFO - [2025-12-11T23:01:44.726+0000] {dag.py:3954} INFO - Setting next_dagrun for example_local_kubernetes_executor to None, run_after=None
[2025-12-11T23:01:44.754+0000] {processor.py:183} INFO - Processing /home/airflow/.local/lib/python3.9/site-packages/airflow/example_dags/example_local_kubernetes_executor.py took 0.145 seconds
[2025-12-11T23:02:15.207+0000] {processor.py:161} INFO - Started process (PID=1383) to work on /home/airflow/.local/lib/python3.9/site-packages/airflow/example_dags/example_local_kubernetes_executor.py
[2025-12-11T23:02:15.210+0000] {processor.py:830} INFO - Processing file /home/airflow/.local/lib/python3.9/site-packages/airflow/example_dags/example_local_kubernetes_executor.py for tasks to queue
[2025-12-11T23:02:15.213+0000] {logging_mixin.py:188} INFO - [2025-12-11T23:02:15.213+0000] {dagbag.py:545} INFO - Filling up the DagBag from /home/airflow/.local/lib/python3.9/site-packages/airflow/example_dags/example_local_kubernetes_executor.py
[2025-12-11T23:02:15.226+0000] {processor.py:840} INFO - DAG(s) 'example_local_kubernetes_executor' retrieved from /home/airflow/.local/lib/python3.9/site-packages/airflow/example_dags/example_local_kubernetes_executor.py
[2025-12-11T23:02:15.289+0000] {logging_mixin.py:188} INFO - [2025-12-11T23:02:15.288+0000] {dag.py:3096} INFO - Sync 1 DAGs
[2025-12-11T23:02:15.310+0000] {logging_mixin.py:188} INFO - [2025-12-11T23:02:15.310+0000] {dag.py:3954} INFO - Setting next_dagrun for example_local_kubernetes_executor to None, run_after=None
[2025-12-11T23:02:15.338+0000] {processor.py:183} INFO - Processing /home/airflow/.local/lib/python3.9/site-packages/airflow/example_dags/example_local_kubernetes_executor.py took 0.142 seconds
[2025-12-11T23:02:46.473+0000] {processor.py:161} INFO - Started process (PID=1450) to work on /home/airflow/.local/lib/python3.9/site-packages/airflow/example_dags/example_local_kubernetes_executor.py
[2025-12-11T23:02:46.481+0000] {processor.py:830} INFO - Processing file /home/airflow/.local/lib/python3.9/site-packages/airflow/example_dags/example_local_kubernetes_executor.py for tasks to queue
[2025-12-11T23:02:46.484+0000] {logging_mixin.py:188} INFO - [2025-12-11T23:02:46.484+0000] {dagbag.py:545} INFO - Filling up the DagBag from /home/airflow/.local/lib/python3.9/site-packages/airflow/example_dags/example_local_kubernetes_executor.py
[2025-12-11T23:02:46.497+0000] {processor.py:840} INFO - DAG(s) 'example_local_kubernetes_executor' retrieved from /home/airflow/.local/lib/python3.9/site-packages/airflow/example_dags/example_local_kubernetes_executor.py
[2025-12-11T23:02:46.555+0000] {logging_mixin.py:188} INFO - [2025-12-11T23:02:46.555+0000] {dag.py:3096} INFO - Sync 1 DAGs
[2025-12-11T23:02:46.575+0000] {logging_mixin.py:188} INFO - [2025-12-11T23:02:46.574+0000] {dag.py:3954} INFO - Setting next_dagrun for example_local_kubernetes_executor to None, run_after=None
[2025-12-11T23:02:46.602+0000] {processor.py:183} INFO - Processing /home/airflow/.local/lib/python3.9/site-packages/airflow/example_dags/example_local_kubernetes_executor.py took 0.139 seconds
[2025-12-11T23:03:17.618+0000] {processor.py:161} INFO - Started process (PID=1525) to work on /home/airflow/.local/lib/python3.9/site-packages/airflow/example_dags/example_local_kubernetes_executor.py
[2025-12-11T23:03:17.620+0000] {processor.py:830} INFO - Processing file /home/airflow/.local/lib/python3.9/site-packages/airflow/example_dags/example_local_kubernetes_executor.py for tasks to queue
[2025-12-11T23:03:17.631+0000] {logging_mixin.py:188} INFO - [2025-12-11T23:03:17.631+0000] {dagbag.py:545} INFO - Filling up the DagBag from /home/airflow/.local/lib/python3.9/site-packages/airflow/example_dags/example_local_kubernetes_executor.py
[2025-12-11T23:03:17.673+0000] {processor.py:840} INFO - DAG(s) 'example_local_kubernetes_executor' retrieved from /home/airflow/.local/lib/python3.9/site-packages/airflow/example_dags/example_local_kubernetes_executor.py
[2025-12-11T23:03:17.832+0000] {logging_mixin.py:188} INFO - [2025-12-11T23:03:17.831+0000] {dag.py:3096} INFO - Sync 1 DAGs
[2025-12-11T23:03:17.894+0000] {logging_mixin.py:188} INFO - [2025-12-11T23:03:17.893+0000] {dag.py:3954} INFO - Setting next_dagrun for example_local_kubernetes_executor to None, run_after=None
[2025-12-11T23:03:17.996+0000] {processor.py:183} INFO - Processing /home/airflow/.local/lib/python3.9/site-packages/airflow/example_dags/example_local_kubernetes_executor.py took 0.401 seconds
[2025-12-11T23:03:48.819+0000] {processor.py:161} INFO - Started process (PID=1596) to work on /home/airflow/.local/lib/python3.9/site-packages/airflow/example_dags/example_local_kubernetes_executor.py
[2025-12-11T23:03:48.821+0000] {processor.py:830} INFO - Processing file /home/airflow/.local/lib/python3.9/site-packages/airflow/example_dags/example_local_kubernetes_executor.py for tasks to queue
[2025-12-11T23:03:48.831+0000] {logging_mixin.py:188} INFO - [2025-12-11T23:03:48.830+0000] {dagbag.py:545} INFO - Filling up the DagBag from /home/airflow/.local/lib/python3.9/site-packages/airflow/example_dags/example_local_kubernetes_executor.py
[2025-12-11T23:03:48.852+0000] {processor.py:840} INFO - DAG(s) 'example_local_kubernetes_executor' retrieved from /home/airflow/.local/lib/python3.9/site-packages/airflow/example_dags/example_local_kubernetes_executor.py
[2025-12-11T23:03:49.053+0000] {logging_mixin.py:188} INFO - [2025-12-11T23:03:49.052+0000] {dag.py:3096} INFO - Sync 1 DAGs
[2025-12-11T23:03:49.132+0000] {logging_mixin.py:188} INFO - [2025-12-11T23:03:49.132+0000] {dag.py:3954} INFO - Setting next_dagrun for example_local_kubernetes_executor to None, run_after=None
[2025-12-11T23:03:49.209+0000] {processor.py:183} INFO - Processing /home/airflow/.local/lib/python3.9/site-packages/airflow/example_dags/example_local_kubernetes_executor.py took 0.415 seconds
[2025-12-11T23:04:19.792+0000] {processor.py:161} INFO - Started process (PID=1667) to work on /home/airflow/.local/lib/python3.9/site-packages/airflow/example_dags/example_local_kubernetes_executor.py
[2025-12-11T23:04:19.809+0000] {processor.py:830} INFO - Processing file /home/airflow/.local/lib/python3.9/site-packages/airflow/example_dags/example_local_kubernetes_executor.py for tasks to queue
[2025-12-11T23:04:19.812+0000] {logging_mixin.py:188} INFO - [2025-12-11T23:04:19.811+0000] {dagbag.py:545} INFO - Filling up the DagBag from /home/airflow/.local/lib/python3.9/site-packages/airflow/example_dags/example_local_kubernetes_executor.py
[2025-12-11T23:04:19.836+0000] {processor.py:840} INFO - DAG(s) 'example_local_kubernetes_executor' retrieved from /home/airflow/.local/lib/python3.9/site-packages/airflow/example_dags/example_local_kubernetes_executor.py
[2025-12-11T23:04:19.953+0000] {logging_mixin.py:188} INFO - [2025-12-11T23:04:19.952+0000] {dag.py:3096} INFO - Sync 1 DAGs
[2025-12-11T23:04:20.012+0000] {logging_mixin.py:188} INFO - [2025-12-11T23:04:20.012+0000] {dag.py:3954} INFO - Setting next_dagrun for example_local_kubernetes_executor to None, run_after=None
[2025-12-11T23:04:20.193+0000] {processor.py:183} INFO - Processing /home/airflow/.local/lib/python3.9/site-packages/airflow/example_dags/example_local_kubernetes_executor.py took 0.423 seconds
[2025-12-11T23:04:51.621+0000] {processor.py:161} INFO - Started process (PID=1738) to work on /home/airflow/.local/lib/python3.9/site-packages/airflow/example_dags/example_local_kubernetes_executor.py
[2025-12-11T23:04:51.635+0000] {processor.py:830} INFO - Processing file /home/airflow/.local/lib/python3.9/site-packages/airflow/example_dags/example_local_kubernetes_executor.py for tasks to queue
[2025-12-11T23:04:51.638+0000] {logging_mixin.py:188} INFO - [2025-12-11T23:04:51.638+0000] {dagbag.py:545} INFO - Filling up the DagBag from /home/airflow/.local/lib/python3.9/site-packages/airflow/example_dags/example_local_kubernetes_executor.py
[2025-12-11T23:04:51.653+0000] {processor.py:840} INFO - DAG(s) 'example_local_kubernetes_executor' retrieved from /home/airflow/.local/lib/python3.9/site-packages/airflow/example_dags/example_local_kubernetes_executor.py
[2025-12-11T23:04:51.773+0000] {logging_mixin.py:188} INFO - [2025-12-11T23:04:51.773+0000] {dag.py:3096} INFO - Sync 1 DAGs
[2025-12-11T23:04:51.817+0000] {logging_mixin.py:188} INFO - [2025-12-11T23:04:51.816+0000] {dag.py:3954} INFO - Setting next_dagrun for example_local_kubernetes_executor to None, run_after=None
[2025-12-11T23:04:51.879+0000] {processor.py:183} INFO - Processing /home/airflow/.local/lib/python3.9/site-packages/airflow/example_dags/example_local_kubernetes_executor.py took 0.270 seconds
[2025-12-11T23:05:21.958+0000] {processor.py:161} INFO - Started process (PID=1810) to work on /home/airflow/.local/lib/python3.9/site-packages/airflow/example_dags/example_local_kubernetes_executor.py
[2025-12-11T23:05:21.960+0000] {processor.py:830} INFO - Processing file /home/airflow/.local/lib/python3.9/site-packages/airflow/example_dags/example_local_kubernetes_executor.py for tasks to queue
[2025-12-11T23:05:21.970+0000] {logging_mixin.py:188} INFO - [2025-12-11T23:05:21.970+0000] {dagbag.py:545} INFO - Filling up the DagBag from /home/airflow/.local/lib/python3.9/site-packages/airflow/example_dags/example_local_kubernetes_executor.py
[2025-12-11T23:05:21.990+0000] {processor.py:840} INFO - DAG(s) 'example_local_kubernetes_executor' retrieved from /home/airflow/.local/lib/python3.9/site-packages/airflow/example_dags/example_local_kubernetes_executor.py
[2025-12-11T23:05:22.079+0000] {logging_mixin.py:188} INFO - [2025-12-11T23:05:22.079+0000] {dag.py:3096} INFO - Sync 1 DAGs
[2025-12-11T23:05:22.116+0000] {logging_mixin.py:188} INFO - [2025-12-11T23:05:22.115+0000] {dag.py:3954} INFO - Setting next_dagrun for example_local_kubernetes_executor to None, run_after=None
[2025-12-11T23:05:22.159+0000] {processor.py:183} INFO - Processing /home/airflow/.local/lib/python3.9/site-packages/airflow/example_dags/example_local_kubernetes_executor.py took 0.220 seconds
[2025-12-11T23:05:52.959+0000] {processor.py:161} INFO - Started process (PID=1881) to work on /home/airflow/.local/lib/python3.9/site-packages/airflow/example_dags/example_local_kubernetes_executor.py
[2025-12-11T23:05:52.961+0000] {processor.py:830} INFO - Processing file /home/airflow/.local/lib/python3.9/site-packages/airflow/example_dags/example_local_kubernetes_executor.py for tasks to queue
[2025-12-11T23:05:52.971+0000] {logging_mixin.py:188} INFO - [2025-12-11T23:05:52.970+0000] {dagbag.py:545} INFO - Filling up the DagBag from /home/airflow/.local/lib/python3.9/site-packages/airflow/example_dags/example_local_kubernetes_executor.py
[2025-12-11T23:05:52.993+0000] {processor.py:840} INFO - DAG(s) 'example_local_kubernetes_executor' retrieved from /home/airflow/.local/lib/python3.9/site-packages/airflow/example_dags/example_local_kubernetes_executor.py
[2025-12-11T23:05:53.101+0000] {logging_mixin.py:188} INFO - [2025-12-11T23:05:53.101+0000] {dag.py:3096} INFO - Sync 1 DAGs
[2025-12-11T23:05:53.151+0000] {logging_mixin.py:188} INFO - [2025-12-11T23:05:53.151+0000] {dag.py:3954} INFO - Setting next_dagrun for example_local_kubernetes_executor to None, run_after=None
[2025-12-11T23:05:53.222+0000] {processor.py:183} INFO - Processing /home/airflow/.local/lib/python3.9/site-packages/airflow/example_dags/example_local_kubernetes_executor.py took 0.278 seconds
[2025-12-11T23:06:23.422+0000] {processor.py:161} INFO - Started process (PID=1948) to work on /home/airflow/.local/lib/python3.9/site-packages/airflow/example_dags/example_local_kubernetes_executor.py
[2025-12-11T23:06:23.424+0000] {processor.py:830} INFO - Processing file /home/airflow/.local/lib/python3.9/site-packages/airflow/example_dags/example_local_kubernetes_executor.py for tasks to queue
[2025-12-11T23:06:23.426+0000] {logging_mixin.py:188} INFO - [2025-12-11T23:06:23.426+0000] {dagbag.py:545} INFO - Filling up the DagBag from /home/airflow/.local/lib/python3.9/site-packages/airflow/example_dags/example_local_kubernetes_executor.py
[2025-12-11T23:06:23.442+0000] {processor.py:840} INFO - DAG(s) 'example_local_kubernetes_executor' retrieved from /home/airflow/.local/lib/python3.9/site-packages/airflow/example_dags/example_local_kubernetes_executor.py
[2025-12-11T23:06:23.504+0000] {logging_mixin.py:188} INFO - [2025-12-11T23:06:23.503+0000] {dag.py:3096} INFO - Sync 1 DAGs
[2025-12-11T23:06:23.525+0000] {logging_mixin.py:188} INFO - [2025-12-11T23:06:23.525+0000] {dag.py:3954} INFO - Setting next_dagrun for example_local_kubernetes_executor to None, run_after=None
[2025-12-11T23:06:23.550+0000] {processor.py:183} INFO - Processing /home/airflow/.local/lib/python3.9/site-packages/airflow/example_dags/example_local_kubernetes_executor.py took 0.142 seconds
[2025-12-11T23:06:54.451+0000] {processor.py:161} INFO - Started process (PID=2020) to work on /home/airflow/.local/lib/python3.9/site-packages/airflow/example_dags/example_local_kubernetes_executor.py
[2025-12-11T23:06:54.453+0000] {processor.py:830} INFO - Processing file /home/airflow/.local/lib/python3.9/site-packages/airflow/example_dags/example_local_kubernetes_executor.py for tasks to queue
[2025-12-11T23:06:54.456+0000] {logging_mixin.py:188} INFO - [2025-12-11T23:06:54.456+0000] {dagbag.py:545} INFO - Filling up the DagBag from /home/airflow/.local/lib/python3.9/site-packages/airflow/example_dags/example_local_kubernetes_executor.py
[2025-12-11T23:06:54.477+0000] {processor.py:840} INFO - DAG(s) 'example_local_kubernetes_executor' retrieved from /home/airflow/.local/lib/python3.9/site-packages/airflow/example_dags/example_local_kubernetes_executor.py
[2025-12-11T23:06:54.573+0000] {logging_mixin.py:188} INFO - [2025-12-11T23:06:54.573+0000] {dag.py:3096} INFO - Sync 1 DAGs
[2025-12-11T23:06:54.601+0000] {logging_mixin.py:188} INFO - [2025-12-11T23:06:54.600+0000] {dag.py:3954} INFO - Setting next_dagrun for example_local_kubernetes_executor to None, run_after=None
[2025-12-11T23:06:54.651+0000] {processor.py:183} INFO - Processing /home/airflow/.local/lib/python3.9/site-packages/airflow/example_dags/example_local_kubernetes_executor.py took 0.218 seconds
[2025-12-11T23:07:25.102+0000] {processor.py:161} INFO - Started process (PID=2093) to work on /home/airflow/.local/lib/python3.9/site-packages/airflow/example_dags/example_local_kubernetes_executor.py
[2025-12-11T23:07:25.135+0000] {processor.py:830} INFO - Processing file /home/airflow/.local/lib/python3.9/site-packages/airflow/example_dags/example_local_kubernetes_executor.py for tasks to queue
[2025-12-11T23:07:25.139+0000] {logging_mixin.py:188} INFO - [2025-12-11T23:07:25.138+0000] {dagbag.py:545} INFO - Filling up the DagBag from /home/airflow/.local/lib/python3.9/site-packages/airflow/example_dags/example_local_kubernetes_executor.py
[2025-12-11T23:07:25.159+0000] {processor.py:840} INFO - DAG(s) 'example_local_kubernetes_executor' retrieved from /home/airflow/.local/lib/python3.9/site-packages/airflow/example_dags/example_local_kubernetes_executor.py
[2025-12-11T23:07:25.232+0000] {logging_mixin.py:188} INFO - [2025-12-11T23:07:25.232+0000] {dag.py:3096} INFO - Sync 1 DAGs
[2025-12-11T23:07:25.254+0000] {logging_mixin.py:188} INFO - [2025-12-11T23:07:25.253+0000] {dag.py:3954} INFO - Setting next_dagrun for example_local_kubernetes_executor to None, run_after=None
[2025-12-11T23:07:25.329+0000] {processor.py:183} INFO - Processing /home/airflow/.local/lib/python3.9/site-packages/airflow/example_dags/example_local_kubernetes_executor.py took 0.254 seconds
[2025-12-11T23:07:56.015+0000] {processor.py:161} INFO - Started process (PID=2165) to work on /home/airflow/.local/lib/python3.9/site-packages/airflow/example_dags/example_local_kubernetes_executor.py
[2025-12-11T23:07:56.016+0000] {processor.py:830} INFO - Processing file /home/airflow/.local/lib/python3.9/site-packages/airflow/example_dags/example_local_kubernetes_executor.py for tasks to queue
[2025-12-11T23:07:56.019+0000] {logging_mixin.py:188} INFO - [2025-12-11T23:07:56.019+0000] {dagbag.py:545} INFO - Filling up the DagBag from /home/airflow/.local/lib/python3.9/site-packages/airflow/example_dags/example_local_kubernetes_executor.py
[2025-12-11T23:07:56.037+0000] {processor.py:840} INFO - DAG(s) 'example_local_kubernetes_executor' retrieved from /home/airflow/.local/lib/python3.9/site-packages/airflow/example_dags/example_local_kubernetes_executor.py
[2025-12-11T23:07:56.101+0000] {logging_mixin.py:188} INFO - [2025-12-11T23:07:56.100+0000] {dag.py:3096} INFO - Sync 1 DAGs
[2025-12-11T23:07:56.122+0000] {logging_mixin.py:188} INFO - [2025-12-11T23:07:56.122+0000] {dag.py:3954} INFO - Setting next_dagrun for example_local_kubernetes_executor to None, run_after=None
[2025-12-11T23:07:56.148+0000] {processor.py:183} INFO - Processing /home/airflow/.local/lib/python3.9/site-packages/airflow/example_dags/example_local_kubernetes_executor.py took 0.148 seconds
[2025-12-11T23:08:26.313+0000] {processor.py:161} INFO - Started process (PID=2233) to work on /home/airflow/.local/lib/python3.9/site-packages/airflow/example_dags/example_local_kubernetes_executor.py
[2025-12-11T23:08:26.317+0000] {processor.py:830} INFO - Processing file /home/airflow/.local/lib/python3.9/site-packages/airflow/example_dags/example_local_kubernetes_executor.py for tasks to queue
[2025-12-11T23:08:26.319+0000] {logging_mixin.py:188} INFO - [2025-12-11T23:08:26.319+0000] {dagbag.py:545} INFO - Filling up the DagBag from /home/airflow/.local/lib/python3.9/site-packages/airflow/example_dags/example_local_kubernetes_executor.py
[2025-12-11T23:08:26.335+0000] {processor.py:840} INFO - DAG(s) 'example_local_kubernetes_executor' retrieved from /home/airflow/.local/lib/python3.9/site-packages/airflow/example_dags/example_local_kubernetes_executor.py
[2025-12-11T23:08:26.398+0000] {logging_mixin.py:188} INFO - [2025-12-11T23:08:26.397+0000] {dag.py:3096} INFO - Sync 1 DAGs
[2025-12-11T23:08:26.419+0000] {logging_mixin.py:188} INFO - [2025-12-11T23:08:26.419+0000] {dag.py:3954} INFO - Setting next_dagrun for example_local_kubernetes_executor to None, run_after=None
[2025-12-11T23:08:26.638+0000] {processor.py:183} INFO - Processing /home/airflow/.local/lib/python3.9/site-packages/airflow/example_dags/example_local_kubernetes_executor.py took 0.335 seconds
[2025-12-11T23:08:57.785+0000] {processor.py:161} INFO - Started process (PID=2301) to work on /home/airflow/.local/lib/python3.9/site-packages/airflow/example_dags/example_local_kubernetes_executor.py
[2025-12-11T23:08:57.786+0000] {processor.py:830} INFO - Processing file /home/airflow/.local/lib/python3.9/site-packages/airflow/example_dags/example_local_kubernetes_executor.py for tasks to queue
[2025-12-11T23:08:57.789+0000] {logging_mixin.py:188} INFO - [2025-12-11T23:08:57.789+0000] {dagbag.py:545} INFO - Filling up the DagBag from /home/airflow/.local/lib/python3.9/site-packages/airflow/example_dags/example_local_kubernetes_executor.py
[2025-12-11T23:08:57.802+0000] {processor.py:840} INFO - DAG(s) 'example_local_kubernetes_executor' retrieved from /home/airflow/.local/lib/python3.9/site-packages/airflow/example_dags/example_local_kubernetes_executor.py
[2025-12-11T23:08:57.872+0000] {logging_mixin.py:188} INFO - [2025-12-11T23:08:57.871+0000] {dag.py:3096} INFO - Sync 1 DAGs
[2025-12-11T23:08:57.897+0000] {logging_mixin.py:188} INFO - [2025-12-11T23:08:57.896+0000] {dag.py:3954} INFO - Setting next_dagrun for example_local_kubernetes_executor to None, run_after=None
[2025-12-11T23:08:58.200+0000] {processor.py:183} INFO - Processing /home/airflow/.local/lib/python3.9/site-packages/airflow/example_dags/example_local_kubernetes_executor.py took 0.425 seconds
[2025-12-11T23:09:28.382+0000] {processor.py:161} INFO - Started process (PID=2373) to work on /home/airflow/.local/lib/python3.9/site-packages/airflow/example_dags/example_local_kubernetes_executor.py
[2025-12-11T23:09:28.384+0000] {processor.py:830} INFO - Processing file /home/airflow/.local/lib/python3.9/site-packages/airflow/example_dags/example_local_kubernetes_executor.py for tasks to queue
[2025-12-11T23:09:28.388+0000] {logging_mixin.py:188} INFO - [2025-12-11T23:09:28.387+0000] {dagbag.py:545} INFO - Filling up the DagBag from /home/airflow/.local/lib/python3.9/site-packages/airflow/example_dags/example_local_kubernetes_executor.py
[2025-12-11T23:09:28.403+0000] {processor.py:840} INFO - DAG(s) 'example_local_kubernetes_executor' retrieved from /home/airflow/.local/lib/python3.9/site-packages/airflow/example_dags/example_local_kubernetes_executor.py
[2025-12-11T23:09:28.464+0000] {logging_mixin.py:188} INFO - [2025-12-11T23:09:28.463+0000] {dag.py:3096} INFO - Sync 1 DAGs
[2025-12-11T23:09:28.486+0000] {logging_mixin.py:188} INFO - [2025-12-11T23:09:28.486+0000] {dag.py:3954} INFO - Setting next_dagrun for example_local_kubernetes_executor to None, run_after=None
[2025-12-11T23:09:28.517+0000] {processor.py:183} INFO - Processing /home/airflow/.local/lib/python3.9/site-packages/airflow/example_dags/example_local_kubernetes_executor.py took 0.148 seconds
[2025-12-11T23:09:59.038+0000] {processor.py:161} INFO - Started process (PID=2443) to work on /home/airflow/.local/lib/python3.9/site-packages/airflow/example_dags/example_local_kubernetes_executor.py
[2025-12-11T23:09:59.046+0000] {processor.py:830} INFO - Processing file /home/airflow/.local/lib/python3.9/site-packages/airflow/example_dags/example_local_kubernetes_executor.py for tasks to queue
[2025-12-11T23:09:59.050+0000] {logging_mixin.py:188} INFO - [2025-12-11T23:09:59.050+0000] {dagbag.py:545} INFO - Filling up the DagBag from /home/airflow/.local/lib/python3.9/site-packages/airflow/example_dags/example_local_kubernetes_executor.py
[2025-12-11T23:09:59.064+0000] {processor.py:840} INFO - DAG(s) 'example_local_kubernetes_executor' retrieved from /home/airflow/.local/lib/python3.9/site-packages/airflow/example_dags/example_local_kubernetes_executor.py
[2025-12-11T23:09:59.126+0000] {logging_mixin.py:188} INFO - [2025-12-11T23:09:59.125+0000] {dag.py:3096} INFO - Sync 1 DAGs
[2025-12-11T23:09:59.149+0000] {logging_mixin.py:188} INFO - [2025-12-11T23:09:59.148+0000] {dag.py:3954} INFO - Setting next_dagrun for example_local_kubernetes_executor to None, run_after=None
[2025-12-11T23:09:59.180+0000] {processor.py:183} INFO - Processing /home/airflow/.local/lib/python3.9/site-packages/airflow/example_dags/example_local_kubernetes_executor.py took 0.152 seconds
[2025-12-11T23:10:29.475+0000] {processor.py:161} INFO - Started process (PID=2511) to work on /home/airflow/.local/lib/python3.9/site-packages/airflow/example_dags/example_local_kubernetes_executor.py
[2025-12-11T23:10:29.477+0000] {processor.py:830} INFO - Processing file /home/airflow/.local/lib/python3.9/site-packages/airflow/example_dags/example_local_kubernetes_executor.py for tasks to queue
[2025-12-11T23:10:29.479+0000] {logging_mixin.py:188} INFO - [2025-12-11T23:10:29.479+0000] {dagbag.py:545} INFO - Filling up the DagBag from /home/airflow/.local/lib/python3.9/site-packages/airflow/example_dags/example_local_kubernetes_executor.py
[2025-12-11T23:10:29.493+0000] {processor.py:840} INFO - DAG(s) 'example_local_kubernetes_executor' retrieved from /home/airflow/.local/lib/python3.9/site-packages/airflow/example_dags/example_local_kubernetes_executor.py
[2025-12-11T23:10:29.563+0000] {logging_mixin.py:188} INFO - [2025-12-11T23:10:29.562+0000] {dag.py:3096} INFO - Sync 1 DAGs
[2025-12-11T23:10:29.587+0000] {logging_mixin.py:188} INFO - [2025-12-11T23:10:29.587+0000] {dag.py:3954} INFO - Setting next_dagrun for example_local_kubernetes_executor to None, run_after=None
[2025-12-11T23:10:29.619+0000] {processor.py:183} INFO - Processing /home/airflow/.local/lib/python3.9/site-packages/airflow/example_dags/example_local_kubernetes_executor.py took 0.156 seconds
[2025-12-11T23:10:59.749+0000] {processor.py:161} INFO - Started process (PID=2581) to work on /home/airflow/.local/lib/python3.9/site-packages/airflow/example_dags/example_local_kubernetes_executor.py
[2025-12-11T23:10:59.751+0000] {processor.py:830} INFO - Processing file /home/airflow/.local/lib/python3.9/site-packages/airflow/example_dags/example_local_kubernetes_executor.py for tasks to queue
[2025-12-11T23:10:59.755+0000] {logging_mixin.py:188} INFO - [2025-12-11T23:10:59.754+0000] {dagbag.py:545} INFO - Filling up the DagBag from /home/airflow/.local/lib/python3.9/site-packages/airflow/example_dags/example_local_kubernetes_executor.py
[2025-12-11T23:10:59.769+0000] {processor.py:840} INFO - DAG(s) 'example_local_kubernetes_executor' retrieved from /home/airflow/.local/lib/python3.9/site-packages/airflow/example_dags/example_local_kubernetes_executor.py
[2025-12-11T23:10:59.831+0000] {logging_mixin.py:188} INFO - [2025-12-11T23:10:59.831+0000] {dag.py:3096} INFO - Sync 1 DAGs
[2025-12-11T23:10:59.854+0000] {logging_mixin.py:188} INFO - [2025-12-11T23:10:59.854+0000] {dag.py:3954} INFO - Setting next_dagrun for example_local_kubernetes_executor to None, run_after=None
[2025-12-11T23:10:59.879+0000] {processor.py:183} INFO - Processing /home/airflow/.local/lib/python3.9/site-packages/airflow/example_dags/example_local_kubernetes_executor.py took 0.143 seconds
[2025-12-11T23:11:30.471+0000] {processor.py:161} INFO - Started process (PID=2648) to work on /home/airflow/.local/lib/python3.9/site-packages/airflow/example_dags/example_local_kubernetes_executor.py
[2025-12-11T23:11:30.474+0000] {processor.py:830} INFO - Processing file /home/airflow/.local/lib/python3.9/site-packages/airflow/example_dags/example_local_kubernetes_executor.py for tasks to queue
[2025-12-11T23:11:30.477+0000] {logging_mixin.py:188} INFO - [2025-12-11T23:11:30.477+0000] {dagbag.py:545} INFO - Filling up the DagBag from /home/airflow/.local/lib/python3.9/site-packages/airflow/example_dags/example_local_kubernetes_executor.py
[2025-12-11T23:11:30.496+0000] {processor.py:840} INFO - DAG(s) 'example_local_kubernetes_executor' retrieved from /home/airflow/.local/lib/python3.9/site-packages/airflow/example_dags/example_local_kubernetes_executor.py
[2025-12-11T23:11:30.583+0000] {logging_mixin.py:188} INFO - [2025-12-11T23:11:30.582+0000] {dag.py:3096} INFO - Sync 1 DAGs
[2025-12-11T23:11:30.616+0000] {logging_mixin.py:188} INFO - [2025-12-11T23:11:30.615+0000] {dag.py:3954} INFO - Setting next_dagrun for example_local_kubernetes_executor to None, run_after=None
[2025-12-11T23:11:30.666+0000] {processor.py:183} INFO - Processing /home/airflow/.local/lib/python3.9/site-packages/airflow/example_dags/example_local_kubernetes_executor.py took 0.226 seconds
[2025-12-11T23:12:01.416+0000] {processor.py:161} INFO - Started process (PID=2715) to work on /home/airflow/.local/lib/python3.9/site-packages/airflow/example_dags/example_local_kubernetes_executor.py
[2025-12-11T23:12:01.424+0000] {processor.py:830} INFO - Processing file /home/airflow/.local/lib/python3.9/site-packages/airflow/example_dags/example_local_kubernetes_executor.py for tasks to queue
[2025-12-11T23:12:01.427+0000] {logging_mixin.py:188} INFO - [2025-12-11T23:12:01.427+0000] {dagbag.py:545} INFO - Filling up the DagBag from /home/airflow/.local/lib/python3.9/site-packages/airflow/example_dags/example_local_kubernetes_executor.py
[2025-12-11T23:12:01.441+0000] {processor.py:840} INFO - DAG(s) 'example_local_kubernetes_executor' retrieved from /home/airflow/.local/lib/python3.9/site-packages/airflow/example_dags/example_local_kubernetes_executor.py
[2025-12-11T23:12:01.503+0000] {logging_mixin.py:188} INFO - [2025-12-11T23:12:01.503+0000] {dag.py:3096} INFO - Sync 1 DAGs
[2025-12-11T23:12:01.528+0000] {logging_mixin.py:188} INFO - [2025-12-11T23:12:01.528+0000] {dag.py:3954} INFO - Setting next_dagrun for example_local_kubernetes_executor to None, run_after=None
[2025-12-11T23:12:01.583+0000] {processor.py:183} INFO - Processing /home/airflow/.local/lib/python3.9/site-packages/airflow/example_dags/example_local_kubernetes_executor.py took 0.180 seconds
[2025-12-11T23:12:34.753+0000] {processor.py:161} INFO - Started process (PID=2782) to work on /home/airflow/.local/lib/python3.9/site-packages/airflow/example_dags/example_local_kubernetes_executor.py
[2025-12-11T23:12:34.800+0000] {processor.py:830} INFO - Processing file /home/airflow/.local/lib/python3.9/site-packages/airflow/example_dags/example_local_kubernetes_executor.py for tasks to queue
[2025-12-11T23:12:34.803+0000] {logging_mixin.py:188} INFO - [2025-12-11T23:12:34.803+0000] {dagbag.py:545} INFO - Filling up the DagBag from /home/airflow/.local/lib/python3.9/site-packages/airflow/example_dags/example_local_kubernetes_executor.py
[2025-12-11T23:12:34.817+0000] {processor.py:840} INFO - DAG(s) 'example_local_kubernetes_executor' retrieved from /home/airflow/.local/lib/python3.9/site-packages/airflow/example_dags/example_local_kubernetes_executor.py
[2025-12-11T23:12:34.886+0000] {logging_mixin.py:188} INFO - [2025-12-11T23:12:34.886+0000] {dag.py:3096} INFO - Sync 1 DAGs
[2025-12-11T23:12:34.912+0000] {logging_mixin.py:188} INFO - [2025-12-11T23:12:34.912+0000] {dag.py:3954} INFO - Setting next_dagrun for example_local_kubernetes_executor to None, run_after=None
[2025-12-11T23:12:35.813+0000] {processor.py:183} INFO - Processing /home/airflow/.local/lib/python3.9/site-packages/airflow/example_dags/example_local_kubernetes_executor.py took 1.071 seconds
[2025-12-11T23:13:06.586+0000] {processor.py:161} INFO - Started process (PID=2856) to work on /home/airflow/.local/lib/python3.9/site-packages/airflow/example_dags/example_local_kubernetes_executor.py
[2025-12-11T23:13:06.611+0000] {processor.py:830} INFO - Processing file /home/airflow/.local/lib/python3.9/site-packages/airflow/example_dags/example_local_kubernetes_executor.py for tasks to queue
[2025-12-11T23:13:06.615+0000] {logging_mixin.py:188} INFO - [2025-12-11T23:13:06.615+0000] {dagbag.py:545} INFO - Filling up the DagBag from /home/airflow/.local/lib/python3.9/site-packages/airflow/example_dags/example_local_kubernetes_executor.py
[2025-12-11T23:13:06.638+0000] {processor.py:840} INFO - DAG(s) 'example_local_kubernetes_executor' retrieved from /home/airflow/.local/lib/python3.9/site-packages/airflow/example_dags/example_local_kubernetes_executor.py
[2025-12-11T23:13:06.770+0000] {logging_mixin.py:188} INFO - [2025-12-11T23:13:06.769+0000] {dag.py:3096} INFO - Sync 1 DAGs
[2025-12-11T23:13:06.795+0000] {logging_mixin.py:188} INFO - [2025-12-11T23:13:06.795+0000] {dag.py:3954} INFO - Setting next_dagrun for example_local_kubernetes_executor to None, run_after=None
[2025-12-11T23:13:09.311+0000] {processor.py:183} INFO - Processing /home/airflow/.local/lib/python3.9/site-packages/airflow/example_dags/example_local_kubernetes_executor.py took 2.736 seconds
[2025-12-11T23:13:39.914+0000] {processor.py:161} INFO - Started process (PID=2923) to work on /home/airflow/.local/lib/python3.9/site-packages/airflow/example_dags/example_local_kubernetes_executor.py
[2025-12-11T23:13:39.921+0000] {processor.py:830} INFO - Processing file /home/airflow/.local/lib/python3.9/site-packages/airflow/example_dags/example_local_kubernetes_executor.py for tasks to queue
[2025-12-11T23:13:39.924+0000] {logging_mixin.py:188} INFO - [2025-12-11T23:13:39.924+0000] {dagbag.py:545} INFO - Filling up the DagBag from /home/airflow/.local/lib/python3.9/site-packages/airflow/example_dags/example_local_kubernetes_executor.py
[2025-12-11T23:13:39.936+0000] {processor.py:840} INFO - DAG(s) 'example_local_kubernetes_executor' retrieved from /home/airflow/.local/lib/python3.9/site-packages/airflow/example_dags/example_local_kubernetes_executor.py
[2025-12-11T23:13:40.031+0000] {logging_mixin.py:188} INFO - [2025-12-11T23:13:40.031+0000] {dag.py:3096} INFO - Sync 1 DAGs
[2025-12-11T23:13:40.070+0000] {logging_mixin.py:188} INFO - [2025-12-11T23:13:40.069+0000] {dag.py:3954} INFO - Setting next_dagrun for example_local_kubernetes_executor to None, run_after=None
[2025-12-11T23:13:40.116+0000] {processor.py:183} INFO - Processing /home/airflow/.local/lib/python3.9/site-packages/airflow/example_dags/example_local_kubernetes_executor.py took 0.212 seconds
[2025-12-11T23:14:10.343+0000] {processor.py:161} INFO - Started process (PID=2990) to work on /home/airflow/.local/lib/python3.9/site-packages/airflow/example_dags/example_local_kubernetes_executor.py
[2025-12-11T23:14:10.362+0000] {processor.py:830} INFO - Processing file /home/airflow/.local/lib/python3.9/site-packages/airflow/example_dags/example_local_kubernetes_executor.py for tasks to queue
[2025-12-11T23:14:10.367+0000] {logging_mixin.py:188} INFO - [2025-12-11T23:14:10.366+0000] {dagbag.py:545} INFO - Filling up the DagBag from /home/airflow/.local/lib/python3.9/site-packages/airflow/example_dags/example_local_kubernetes_executor.py
[2025-12-11T23:14:10.383+0000] {processor.py:840} INFO - DAG(s) 'example_local_kubernetes_executor' retrieved from /home/airflow/.local/lib/python3.9/site-packages/airflow/example_dags/example_local_kubernetes_executor.py
[2025-12-11T23:14:10.537+0000] {logging_mixin.py:188} INFO - [2025-12-11T23:14:10.536+0000] {dag.py:3096} INFO - Sync 1 DAGs
[2025-12-11T23:14:10.583+0000] {logging_mixin.py:188} INFO - [2025-12-11T23:14:10.582+0000] {dag.py:3954} INFO - Setting next_dagrun for example_local_kubernetes_executor to None, run_after=None
[2025-12-11T23:14:10.918+0000] {processor.py:183} INFO - Processing /home/airflow/.local/lib/python3.9/site-packages/airflow/example_dags/example_local_kubernetes_executor.py took 0.587 seconds
[2025-12-11T23:14:41.139+0000] {processor.py:161} INFO - Started process (PID=3057) to work on /home/airflow/.local/lib/python3.9/site-packages/airflow/example_dags/example_local_kubernetes_executor.py
[2025-12-11T23:14:41.157+0000] {processor.py:830} INFO - Processing file /home/airflow/.local/lib/python3.9/site-packages/airflow/example_dags/example_local_kubernetes_executor.py for tasks to queue
[2025-12-11T23:14:41.161+0000] {logging_mixin.py:188} INFO - [2025-12-11T23:14:41.161+0000] {dagbag.py:545} INFO - Filling up the DagBag from /home/airflow/.local/lib/python3.9/site-packages/airflow/example_dags/example_local_kubernetes_executor.py
[2025-12-11T23:14:41.198+0000] {processor.py:840} INFO - DAG(s) 'example_local_kubernetes_executor' retrieved from /home/airflow/.local/lib/python3.9/site-packages/airflow/example_dags/example_local_kubernetes_executor.py
[2025-12-11T23:14:41.344+0000] {logging_mixin.py:188} INFO - [2025-12-11T23:14:41.343+0000] {dag.py:3096} INFO - Sync 1 DAGs
[2025-12-11T23:14:41.381+0000] {logging_mixin.py:188} INFO - [2025-12-11T23:14:41.381+0000] {dag.py:3954} INFO - Setting next_dagrun for example_local_kubernetes_executor to None, run_after=None
[2025-12-11T23:14:41.717+0000] {processor.py:183} INFO - Processing /home/airflow/.local/lib/python3.9/site-packages/airflow/example_dags/example_local_kubernetes_executor.py took 0.601 seconds
[2025-12-11T23:15:11.876+0000] {processor.py:161} INFO - Started process (PID=3124) to work on /home/airflow/.local/lib/python3.9/site-packages/airflow/example_dags/example_local_kubernetes_executor.py
[2025-12-11T23:15:11.885+0000] {processor.py:830} INFO - Processing file /home/airflow/.local/lib/python3.9/site-packages/airflow/example_dags/example_local_kubernetes_executor.py for tasks to queue
[2025-12-11T23:15:11.889+0000] {logging_mixin.py:188} INFO - [2025-12-11T23:15:11.887+0000] {dagbag.py:545} INFO - Filling up the DagBag from /home/airflow/.local/lib/python3.9/site-packages/airflow/example_dags/example_local_kubernetes_executor.py
[2025-12-11T23:15:11.901+0000] {processor.py:840} INFO - DAG(s) 'example_local_kubernetes_executor' retrieved from /home/airflow/.local/lib/python3.9/site-packages/airflow/example_dags/example_local_kubernetes_executor.py
[2025-12-11T23:15:11.962+0000] {logging_mixin.py:188} INFO - [2025-12-11T23:15:11.961+0000] {dag.py:3096} INFO - Sync 1 DAGs
[2025-12-11T23:15:11.985+0000] {logging_mixin.py:188} INFO - [2025-12-11T23:15:11.984+0000] {dag.py:3954} INFO - Setting next_dagrun for example_local_kubernetes_executor to None, run_after=None
[2025-12-11T23:15:12.014+0000] {processor.py:183} INFO - Processing /home/airflow/.local/lib/python3.9/site-packages/airflow/example_dags/example_local_kubernetes_executor.py took 0.149 seconds
[2025-12-11T23:15:42.566+0000] {processor.py:161} INFO - Started process (PID=3191) to work on /home/airflow/.local/lib/python3.9/site-packages/airflow/example_dags/example_local_kubernetes_executor.py
[2025-12-11T23:15:42.568+0000] {processor.py:830} INFO - Processing file /home/airflow/.local/lib/python3.9/site-packages/airflow/example_dags/example_local_kubernetes_executor.py for tasks to queue
[2025-12-11T23:15:42.574+0000] {logging_mixin.py:188} INFO - [2025-12-11T23:15:42.573+0000] {dagbag.py:545} INFO - Filling up the DagBag from /home/airflow/.local/lib/python3.9/site-packages/airflow/example_dags/example_local_kubernetes_executor.py
[2025-12-11T23:15:42.589+0000] {processor.py:840} INFO - DAG(s) 'example_local_kubernetes_executor' retrieved from /home/airflow/.local/lib/python3.9/site-packages/airflow/example_dags/example_local_kubernetes_executor.py
[2025-12-11T23:15:42.657+0000] {logging_mixin.py:188} INFO - [2025-12-11T23:15:42.657+0000] {dag.py:3096} INFO - Sync 1 DAGs
[2025-12-11T23:15:42.683+0000] {logging_mixin.py:188} INFO - [2025-12-11T23:15:42.683+0000] {dag.py:3954} INFO - Setting next_dagrun for example_local_kubernetes_executor to None, run_after=None
[2025-12-11T23:15:42.714+0000] {processor.py:183} INFO - Processing /home/airflow/.local/lib/python3.9/site-packages/airflow/example_dags/example_local_kubernetes_executor.py took 0.162 seconds
[2025-12-11T23:16:12.920+0000] {processor.py:161} INFO - Started process (PID=3258) to work on /home/airflow/.local/lib/python3.9/site-packages/airflow/example_dags/example_local_kubernetes_executor.py
[2025-12-11T23:16:12.927+0000] {processor.py:830} INFO - Processing file /home/airflow/.local/lib/python3.9/site-packages/airflow/example_dags/example_local_kubernetes_executor.py for tasks to queue
[2025-12-11T23:16:12.930+0000] {logging_mixin.py:188} INFO - [2025-12-11T23:16:12.929+0000] {dagbag.py:545} INFO - Filling up the DagBag from /home/airflow/.local/lib/python3.9/site-packages/airflow/example_dags/example_local_kubernetes_executor.py
[2025-12-11T23:16:12.943+0000] {processor.py:840} INFO - DAG(s) 'example_local_kubernetes_executor' retrieved from /home/airflow/.local/lib/python3.9/site-packages/airflow/example_dags/example_local_kubernetes_executor.py
[2025-12-11T23:16:12.998+0000] {logging_mixin.py:188} INFO - [2025-12-11T23:16:12.997+0000] {dag.py:3096} INFO - Sync 1 DAGs
[2025-12-11T23:16:13.018+0000] {logging_mixin.py:188} INFO - [2025-12-11T23:16:13.018+0000] {dag.py:3954} INFO - Setting next_dagrun for example_local_kubernetes_executor to None, run_after=None
[2025-12-11T23:16:13.047+0000] {processor.py:183} INFO - Processing /home/airflow/.local/lib/python3.9/site-packages/airflow/example_dags/example_local_kubernetes_executor.py took 0.138 seconds
[2025-12-11T23:16:43.339+0000] {processor.py:161} INFO - Started process (PID=3325) to work on /home/airflow/.local/lib/python3.9/site-packages/airflow/example_dags/example_local_kubernetes_executor.py
[2025-12-11T23:16:43.382+0000] {processor.py:830} INFO - Processing file /home/airflow/.local/lib/python3.9/site-packages/airflow/example_dags/example_local_kubernetes_executor.py for tasks to queue
[2025-12-11T23:16:43.386+0000] {logging_mixin.py:188} INFO - [2025-12-11T23:16:43.385+0000] {dagbag.py:545} INFO - Filling up the DagBag from /home/airflow/.local/lib/python3.9/site-packages/airflow/example_dags/example_local_kubernetes_executor.py
[2025-12-11T23:16:43.404+0000] {processor.py:840} INFO - DAG(s) 'example_local_kubernetes_executor' retrieved from /home/airflow/.local/lib/python3.9/site-packages/airflow/example_dags/example_local_kubernetes_executor.py
[2025-12-11T23:16:43.492+0000] {logging_mixin.py:188} INFO - [2025-12-11T23:16:43.491+0000] {dag.py:3096} INFO - Sync 1 DAGs
[2025-12-11T23:16:43.520+0000] {logging_mixin.py:188} INFO - [2025-12-11T23:16:43.520+0000] {dag.py:3954} INFO - Setting next_dagrun for example_local_kubernetes_executor to None, run_after=None
[2025-12-11T23:16:43.653+0000] {processor.py:183} INFO - Processing /home/airflow/.local/lib/python3.9/site-packages/airflow/example_dags/example_local_kubernetes_executor.py took 0.328 seconds
[2025-12-11T23:17:14.113+0000] {processor.py:161} INFO - Started process (PID=3392) to work on /home/airflow/.local/lib/python3.9/site-packages/airflow/example_dags/example_local_kubernetes_executor.py
[2025-12-11T23:17:14.114+0000] {processor.py:830} INFO - Processing file /home/airflow/.local/lib/python3.9/site-packages/airflow/example_dags/example_local_kubernetes_executor.py for tasks to queue
[2025-12-11T23:17:14.117+0000] {logging_mixin.py:188} INFO - [2025-12-11T23:17:14.116+0000] {dagbag.py:545} INFO - Filling up the DagBag from /home/airflow/.local/lib/python3.9/site-packages/airflow/example_dags/example_local_kubernetes_executor.py
[2025-12-11T23:17:14.131+0000] {processor.py:840} INFO - DAG(s) 'example_local_kubernetes_executor' retrieved from /home/airflow/.local/lib/python3.9/site-packages/airflow/example_dags/example_local_kubernetes_executor.py
[2025-12-11T23:17:14.194+0000] {logging_mixin.py:188} INFO - [2025-12-11T23:17:14.194+0000] {dag.py:3096} INFO - Sync 1 DAGs
[2025-12-11T23:17:14.215+0000] {logging_mixin.py:188} INFO - [2025-12-11T23:17:14.215+0000] {dag.py:3954} INFO - Setting next_dagrun for example_local_kubernetes_executor to None, run_after=None
[2025-12-11T23:17:14.255+0000] {processor.py:183} INFO - Processing /home/airflow/.local/lib/python3.9/site-packages/airflow/example_dags/example_local_kubernetes_executor.py took 0.152 seconds
[2025-12-11T23:17:44.370+0000] {processor.py:161} INFO - Started process (PID=3459) to work on /home/airflow/.local/lib/python3.9/site-packages/airflow/example_dags/example_local_kubernetes_executor.py
[2025-12-11T23:17:44.371+0000] {processor.py:830} INFO - Processing file /home/airflow/.local/lib/python3.9/site-packages/airflow/example_dags/example_local_kubernetes_executor.py for tasks to queue
[2025-12-11T23:17:44.374+0000] {logging_mixin.py:188} INFO - [2025-12-11T23:17:44.373+0000] {dagbag.py:545} INFO - Filling up the DagBag from /home/airflow/.local/lib/python3.9/site-packages/airflow/example_dags/example_local_kubernetes_executor.py
[2025-12-11T23:17:44.394+0000] {processor.py:840} INFO - DAG(s) 'example_local_kubernetes_executor' retrieved from /home/airflow/.local/lib/python3.9/site-packages/airflow/example_dags/example_local_kubernetes_executor.py
[2025-12-11T23:17:44.469+0000] {logging_mixin.py:188} INFO - [2025-12-11T23:17:44.467+0000] {dag.py:3096} INFO - Sync 1 DAGs
[2025-12-11T23:17:44.489+0000] {logging_mixin.py:188} INFO - [2025-12-11T23:17:44.488+0000] {dag.py:3954} INFO - Setting next_dagrun for example_local_kubernetes_executor to None, run_after=None
[2025-12-11T23:17:44.517+0000] {processor.py:183} INFO - Processing /home/airflow/.local/lib/python3.9/site-packages/airflow/example_dags/example_local_kubernetes_executor.py took 0.167 seconds
[2025-12-11T23:18:15.052+0000] {processor.py:161} INFO - Started process (PID=3526) to work on /home/airflow/.local/lib/python3.9/site-packages/airflow/example_dags/example_local_kubernetes_executor.py
[2025-12-11T23:18:15.054+0000] {processor.py:830} INFO - Processing file /home/airflow/.local/lib/python3.9/site-packages/airflow/example_dags/example_local_kubernetes_executor.py for tasks to queue
[2025-12-11T23:18:15.057+0000] {logging_mixin.py:188} INFO - [2025-12-11T23:18:15.056+0000] {dagbag.py:545} INFO - Filling up the DagBag from /home/airflow/.local/lib/python3.9/site-packages/airflow/example_dags/example_local_kubernetes_executor.py
[2025-12-11T23:18:15.073+0000] {processor.py:840} INFO - DAG(s) 'example_local_kubernetes_executor' retrieved from /home/airflow/.local/lib/python3.9/site-packages/airflow/example_dags/example_local_kubernetes_executor.py
[2025-12-11T23:18:15.148+0000] {logging_mixin.py:188} INFO - [2025-12-11T23:18:15.148+0000] {dag.py:3096} INFO - Sync 1 DAGs
[2025-12-11T23:18:15.174+0000] {logging_mixin.py:188} INFO - [2025-12-11T23:18:15.173+0000] {dag.py:3954} INFO - Setting next_dagrun for example_local_kubernetes_executor to None, run_after=None
[2025-12-11T23:18:15.211+0000] {processor.py:183} INFO - Processing /home/airflow/.local/lib/python3.9/site-packages/airflow/example_dags/example_local_kubernetes_executor.py took 0.177 seconds
[2025-12-11T23:18:45.420+0000] {processor.py:161} INFO - Started process (PID=3593) to work on /home/airflow/.local/lib/python3.9/site-packages/airflow/example_dags/example_local_kubernetes_executor.py
[2025-12-11T23:18:45.428+0000] {processor.py:830} INFO - Processing file /home/airflow/.local/lib/python3.9/site-packages/airflow/example_dags/example_local_kubernetes_executor.py for tasks to queue
[2025-12-11T23:18:45.431+0000] {logging_mixin.py:188} INFO - [2025-12-11T23:18:45.430+0000] {dagbag.py:545} INFO - Filling up the DagBag from /home/airflow/.local/lib/python3.9/site-packages/airflow/example_dags/example_local_kubernetes_executor.py
[2025-12-11T23:18:45.444+0000] {processor.py:840} INFO - DAG(s) 'example_local_kubernetes_executor' retrieved from /home/airflow/.local/lib/python3.9/site-packages/airflow/example_dags/example_local_kubernetes_executor.py
[2025-12-11T23:18:45.510+0000] {logging_mixin.py:188} INFO - [2025-12-11T23:18:45.510+0000] {dag.py:3096} INFO - Sync 1 DAGs
[2025-12-11T23:18:45.532+0000] {logging_mixin.py:188} INFO - [2025-12-11T23:18:45.532+0000] {dag.py:3954} INFO - Setting next_dagrun for example_local_kubernetes_executor to None, run_after=None
[2025-12-11T23:18:45.564+0000] {processor.py:183} INFO - Processing /home/airflow/.local/lib/python3.9/site-packages/airflow/example_dags/example_local_kubernetes_executor.py took 0.155 seconds
[2025-12-11T23:19:15.871+0000] {processor.py:161} INFO - Started process (PID=3660) to work on /home/airflow/.local/lib/python3.9/site-packages/airflow/example_dags/example_local_kubernetes_executor.py
[2025-12-11T23:19:15.910+0000] {processor.py:830} INFO - Processing file /home/airflow/.local/lib/python3.9/site-packages/airflow/example_dags/example_local_kubernetes_executor.py for tasks to queue
[2025-12-11T23:19:15.913+0000] {logging_mixin.py:188} INFO - [2025-12-11T23:19:15.912+0000] {dagbag.py:545} INFO - Filling up the DagBag from /home/airflow/.local/lib/python3.9/site-packages/airflow/example_dags/example_local_kubernetes_executor.py
[2025-12-11T23:19:15.928+0000] {processor.py:840} INFO - DAG(s) 'example_local_kubernetes_executor' retrieved from /home/airflow/.local/lib/python3.9/site-packages/airflow/example_dags/example_local_kubernetes_executor.py
[2025-12-11T23:19:15.989+0000] {logging_mixin.py:188} INFO - [2025-12-11T23:19:15.988+0000] {dag.py:3096} INFO - Sync 1 DAGs
[2025-12-11T23:19:16.010+0000] {logging_mixin.py:188} INFO - [2025-12-11T23:19:16.010+0000] {dag.py:3954} INFO - Setting next_dagrun for example_local_kubernetes_executor to None, run_after=None
[2025-12-11T23:19:16.104+0000] {processor.py:183} INFO - Processing /home/airflow/.local/lib/python3.9/site-packages/airflow/example_dags/example_local_kubernetes_executor.py took 0.244 seconds
[2025-12-11T23:19:46.207+0000] {processor.py:161} INFO - Started process (PID=3727) to work on /home/airflow/.local/lib/python3.9/site-packages/airflow/example_dags/example_local_kubernetes_executor.py
[2025-12-11T23:19:46.214+0000] {processor.py:830} INFO - Processing file /home/airflow/.local/lib/python3.9/site-packages/airflow/example_dags/example_local_kubernetes_executor.py for tasks to queue
[2025-12-11T23:19:46.217+0000] {logging_mixin.py:188} INFO - [2025-12-11T23:19:46.216+0000] {dagbag.py:545} INFO - Filling up the DagBag from /home/airflow/.local/lib/python3.9/site-packages/airflow/example_dags/example_local_kubernetes_executor.py
[2025-12-11T23:19:46.229+0000] {processor.py:840} INFO - DAG(s) 'example_local_kubernetes_executor' retrieved from /home/airflow/.local/lib/python3.9/site-packages/airflow/example_dags/example_local_kubernetes_executor.py
[2025-12-11T23:19:46.293+0000] {logging_mixin.py:188} INFO - [2025-12-11T23:19:46.292+0000] {dag.py:3096} INFO - Sync 1 DAGs
[2025-12-11T23:19:46.316+0000] {logging_mixin.py:188} INFO - [2025-12-11T23:19:46.315+0000] {dag.py:3954} INFO - Setting next_dagrun for example_local_kubernetes_executor to None, run_after=None
[2025-12-11T23:19:46.345+0000] {processor.py:183} INFO - Processing /home/airflow/.local/lib/python3.9/site-packages/airflow/example_dags/example_local_kubernetes_executor.py took 0.149 seconds
[2025-12-11T23:20:16.577+0000] {processor.py:161} INFO - Started process (PID=3794) to work on /home/airflow/.local/lib/python3.9/site-packages/airflow/example_dags/example_local_kubernetes_executor.py
[2025-12-11T23:20:16.579+0000] {processor.py:830} INFO - Processing file /home/airflow/.local/lib/python3.9/site-packages/airflow/example_dags/example_local_kubernetes_executor.py for tasks to queue
[2025-12-11T23:20:16.581+0000] {logging_mixin.py:188} INFO - [2025-12-11T23:20:16.581+0000] {dagbag.py:545} INFO - Filling up the DagBag from /home/airflow/.local/lib/python3.9/site-packages/airflow/example_dags/example_local_kubernetes_executor.py
[2025-12-11T23:20:16.596+0000] {processor.py:840} INFO - DAG(s) 'example_local_kubernetes_executor' retrieved from /home/airflow/.local/lib/python3.9/site-packages/airflow/example_dags/example_local_kubernetes_executor.py
[2025-12-11T23:20:16.684+0000] {logging_mixin.py:188} INFO - [2025-12-11T23:20:16.683+0000] {dag.py:3096} INFO - Sync 1 DAGs
[2025-12-11T23:20:16.705+0000] {logging_mixin.py:188} INFO - [2025-12-11T23:20:16.705+0000] {dag.py:3954} INFO - Setting next_dagrun for example_local_kubernetes_executor to None, run_after=None
[2025-12-11T23:20:16.731+0000] {processor.py:183} INFO - Processing /home/airflow/.local/lib/python3.9/site-packages/airflow/example_dags/example_local_kubernetes_executor.py took 0.165 seconds
[2025-12-11T23:20:47.662+0000] {processor.py:161} INFO - Started process (PID=3861) to work on /home/airflow/.local/lib/python3.9/site-packages/airflow/example_dags/example_local_kubernetes_executor.py
[2025-12-11T23:20:47.700+0000] {processor.py:830} INFO - Processing file /home/airflow/.local/lib/python3.9/site-packages/airflow/example_dags/example_local_kubernetes_executor.py for tasks to queue
[2025-12-11T23:20:47.703+0000] {logging_mixin.py:188} INFO - [2025-12-11T23:20:47.703+0000] {dagbag.py:545} INFO - Filling up the DagBag from /home/airflow/.local/lib/python3.9/site-packages/airflow/example_dags/example_local_kubernetes_executor.py
[2025-12-11T23:20:47.718+0000] {processor.py:840} INFO - DAG(s) 'example_local_kubernetes_executor' retrieved from /home/airflow/.local/lib/python3.9/site-packages/airflow/example_dags/example_local_kubernetes_executor.py
[2025-12-11T23:20:47.832+0000] {logging_mixin.py:188} INFO - [2025-12-11T23:20:47.832+0000] {dag.py:3096} INFO - Sync 1 DAGs
[2025-12-11T23:20:47.920+0000] {logging_mixin.py:188} INFO - [2025-12-11T23:20:47.919+0000] {dag.py:3954} INFO - Setting next_dagrun for example_local_kubernetes_executor to None, run_after=None
[2025-12-11T23:20:48.009+0000] {processor.py:183} INFO - Processing /home/airflow/.local/lib/python3.9/site-packages/airflow/example_dags/example_local_kubernetes_executor.py took 0.358 seconds
[2025-12-11T23:21:18.216+0000] {processor.py:161} INFO - Started process (PID=3928) to work on /home/airflow/.local/lib/python3.9/site-packages/airflow/example_dags/example_local_kubernetes_executor.py
[2025-12-11T23:21:18.218+0000] {processor.py:830} INFO - Processing file /home/airflow/.local/lib/python3.9/site-packages/airflow/example_dags/example_local_kubernetes_executor.py for tasks to queue
[2025-12-11T23:21:18.221+0000] {logging_mixin.py:188} INFO - [2025-12-11T23:21:18.220+0000] {dagbag.py:545} INFO - Filling up the DagBag from /home/airflow/.local/lib/python3.9/site-packages/airflow/example_dags/example_local_kubernetes_executor.py
[2025-12-11T23:21:18.237+0000] {processor.py:840} INFO - DAG(s) 'example_local_kubernetes_executor' retrieved from /home/airflow/.local/lib/python3.9/site-packages/airflow/example_dags/example_local_kubernetes_executor.py
[2025-12-11T23:21:18.308+0000] {logging_mixin.py:188} INFO - [2025-12-11T23:21:18.308+0000] {dag.py:3096} INFO - Sync 1 DAGs
[2025-12-11T23:21:18.332+0000] {logging_mixin.py:188} INFO - [2025-12-11T23:21:18.332+0000] {dag.py:3954} INFO - Setting next_dagrun for example_local_kubernetes_executor to None, run_after=None
[2025-12-11T23:21:18.379+0000] {processor.py:183} INFO - Processing /home/airflow/.local/lib/python3.9/site-packages/airflow/example_dags/example_local_kubernetes_executor.py took 0.174 seconds
[2025-12-11T23:21:48.473+0000] {processor.py:161} INFO - Started process (PID=3995) to work on /home/airflow/.local/lib/python3.9/site-packages/airflow/example_dags/example_local_kubernetes_executor.py
[2025-12-11T23:21:48.475+0000] {processor.py:830} INFO - Processing file /home/airflow/.local/lib/python3.9/site-packages/airflow/example_dags/example_local_kubernetes_executor.py for tasks to queue
[2025-12-11T23:21:48.478+0000] {logging_mixin.py:188} INFO - [2025-12-11T23:21:48.477+0000] {dagbag.py:545} INFO - Filling up the DagBag from /home/airflow/.local/lib/python3.9/site-packages/airflow/example_dags/example_local_kubernetes_executor.py
[2025-12-11T23:21:48.492+0000] {processor.py:840} INFO - DAG(s) 'example_local_kubernetes_executor' retrieved from /home/airflow/.local/lib/python3.9/site-packages/airflow/example_dags/example_local_kubernetes_executor.py
[2025-12-11T23:21:48.557+0000] {logging_mixin.py:188} INFO - [2025-12-11T23:21:48.557+0000] {dag.py:3096} INFO - Sync 1 DAGs
[2025-12-11T23:21:48.580+0000] {logging_mixin.py:188} INFO - [2025-12-11T23:21:48.580+0000] {dag.py:3954} INFO - Setting next_dagrun for example_local_kubernetes_executor to None, run_after=None
[2025-12-11T23:21:48.607+0000] {processor.py:183} INFO - Processing /home/airflow/.local/lib/python3.9/site-packages/airflow/example_dags/example_local_kubernetes_executor.py took 0.152 seconds
[2025-12-11T23:22:18.995+0000] {processor.py:161} INFO - Started process (PID=4062) to work on /home/airflow/.local/lib/python3.9/site-packages/airflow/example_dags/example_local_kubernetes_executor.py
[2025-12-11T23:22:19.042+0000] {processor.py:830} INFO - Processing file /home/airflow/.local/lib/python3.9/site-packages/airflow/example_dags/example_local_kubernetes_executor.py for tasks to queue
[2025-12-11T23:22:19.045+0000] {logging_mixin.py:188} INFO - [2025-12-11T23:22:19.045+0000] {dagbag.py:545} INFO - Filling up the DagBag from /home/airflow/.local/lib/python3.9/site-packages/airflow/example_dags/example_local_kubernetes_executor.py
[2025-12-11T23:22:19.061+0000] {processor.py:840} INFO - DAG(s) 'example_local_kubernetes_executor' retrieved from /home/airflow/.local/lib/python3.9/site-packages/airflow/example_dags/example_local_kubernetes_executor.py
[2025-12-11T23:22:19.139+0000] {logging_mixin.py:188} INFO - [2025-12-11T23:22:19.139+0000] {dag.py:3096} INFO - Sync 1 DAGs
[2025-12-11T23:22:19.168+0000] {logging_mixin.py:188} INFO - [2025-12-11T23:22:19.168+0000] {dag.py:3954} INFO - Setting next_dagrun for example_local_kubernetes_executor to None, run_after=None
[2025-12-11T23:22:19.289+0000] {processor.py:183} INFO - Processing /home/airflow/.local/lib/python3.9/site-packages/airflow/example_dags/example_local_kubernetes_executor.py took 0.305 seconds
[2025-12-11T23:22:49.763+0000] {processor.py:161} INFO - Started process (PID=4129) to work on /home/airflow/.local/lib/python3.9/site-packages/airflow/example_dags/example_local_kubernetes_executor.py
[2025-12-11T23:22:49.765+0000] {processor.py:830} INFO - Processing file /home/airflow/.local/lib/python3.9/site-packages/airflow/example_dags/example_local_kubernetes_executor.py for tasks to queue
[2025-12-11T23:22:49.769+0000] {logging_mixin.py:188} INFO - [2025-12-11T23:22:49.767+0000] {dagbag.py:545} INFO - Filling up the DagBag from /home/airflow/.local/lib/python3.9/site-packages/airflow/example_dags/example_local_kubernetes_executor.py
[2025-12-11T23:22:49.782+0000] {processor.py:840} INFO - DAG(s) 'example_local_kubernetes_executor' retrieved from /home/airflow/.local/lib/python3.9/site-packages/airflow/example_dags/example_local_kubernetes_executor.py
[2025-12-11T23:22:49.840+0000] {logging_mixin.py:188} INFO - [2025-12-11T23:22:49.839+0000] {dag.py:3096} INFO - Sync 1 DAGs
[2025-12-11T23:22:49.860+0000] {logging_mixin.py:188} INFO - [2025-12-11T23:22:49.859+0000] {dag.py:3954} INFO - Setting next_dagrun for example_local_kubernetes_executor to None, run_after=None
[2025-12-11T23:22:49.885+0000] {processor.py:183} INFO - Processing /home/airflow/.local/lib/python3.9/site-packages/airflow/example_dags/example_local_kubernetes_executor.py took 0.132 seconds
[2025-12-11T23:23:20.790+0000] {processor.py:161} INFO - Started process (PID=4196) to work on /home/airflow/.local/lib/python3.9/site-packages/airflow/example_dags/example_local_kubernetes_executor.py
[2025-12-11T23:23:20.792+0000] {processor.py:830} INFO - Processing file /home/airflow/.local/lib/python3.9/site-packages/airflow/example_dags/example_local_kubernetes_executor.py for tasks to queue
[2025-12-11T23:23:20.795+0000] {logging_mixin.py:188} INFO - [2025-12-11T23:23:20.795+0000] {dagbag.py:545} INFO - Filling up the DagBag from /home/airflow/.local/lib/python3.9/site-packages/airflow/example_dags/example_local_kubernetes_executor.py
[2025-12-11T23:23:20.818+0000] {processor.py:840} INFO - DAG(s) 'example_local_kubernetes_executor' retrieved from /home/airflow/.local/lib/python3.9/site-packages/airflow/example_dags/example_local_kubernetes_executor.py
[2025-12-11T23:23:20.895+0000] {logging_mixin.py:188} INFO - [2025-12-11T23:23:20.895+0000] {dag.py:3096} INFO - Sync 1 DAGs
[2025-12-11T23:23:20.917+0000] {logging_mixin.py:188} INFO - [2025-12-11T23:23:20.917+0000] {dag.py:3954} INFO - Setting next_dagrun for example_local_kubernetes_executor to None, run_after=None
[2025-12-11T23:23:20.949+0000] {processor.py:183} INFO - Processing /home/airflow/.local/lib/python3.9/site-packages/airflow/example_dags/example_local_kubernetes_executor.py took 0.188 seconds
[2025-12-11T23:23:51.221+0000] {processor.py:161} INFO - Started process (PID=4263) to work on /home/airflow/.local/lib/python3.9/site-packages/airflow/example_dags/example_local_kubernetes_executor.py
[2025-12-11T23:23:51.222+0000] {processor.py:830} INFO - Processing file /home/airflow/.local/lib/python3.9/site-packages/airflow/example_dags/example_local_kubernetes_executor.py for tasks to queue
[2025-12-11T23:23:51.225+0000] {logging_mixin.py:188} INFO - [2025-12-11T23:23:51.224+0000] {dagbag.py:545} INFO - Filling up the DagBag from /home/airflow/.local/lib/python3.9/site-packages/airflow/example_dags/example_local_kubernetes_executor.py
[2025-12-11T23:23:51.237+0000] {processor.py:840} INFO - DAG(s) 'example_local_kubernetes_executor' retrieved from /home/airflow/.local/lib/python3.9/site-packages/airflow/example_dags/example_local_kubernetes_executor.py
[2025-12-11T23:23:51.294+0000] {logging_mixin.py:188} INFO - [2025-12-11T23:23:51.293+0000] {dag.py:3096} INFO - Sync 1 DAGs
[2025-12-11T23:23:51.313+0000] {logging_mixin.py:188} INFO - [2025-12-11T23:23:51.313+0000] {dag.py:3954} INFO - Setting next_dagrun for example_local_kubernetes_executor to None, run_after=None
[2025-12-11T23:23:51.339+0000] {processor.py:183} INFO - Processing /home/airflow/.local/lib/python3.9/site-packages/airflow/example_dags/example_local_kubernetes_executor.py took 0.128 seconds
[2025-12-11T23:24:21.989+0000] {processor.py:161} INFO - Started process (PID=4329) to work on /home/airflow/.local/lib/python3.9/site-packages/airflow/example_dags/example_local_kubernetes_executor.py
[2025-12-11T23:24:21.991+0000] {processor.py:830} INFO - Processing file /home/airflow/.local/lib/python3.9/site-packages/airflow/example_dags/example_local_kubernetes_executor.py for tasks to queue
[2025-12-11T23:24:21.994+0000] {logging_mixin.py:188} INFO - [2025-12-11T23:24:21.993+0000] {dagbag.py:545} INFO - Filling up the DagBag from /home/airflow/.local/lib/python3.9/site-packages/airflow/example_dags/example_local_kubernetes_executor.py
[2025-12-11T23:24:22.008+0000] {processor.py:840} INFO - DAG(s) 'example_local_kubernetes_executor' retrieved from /home/airflow/.local/lib/python3.9/site-packages/airflow/example_dags/example_local_kubernetes_executor.py
[2025-12-11T23:24:22.082+0000] {logging_mixin.py:188} INFO - [2025-12-11T23:24:22.082+0000] {dag.py:3096} INFO - Sync 1 DAGs
[2025-12-11T23:24:22.107+0000] {logging_mixin.py:188} INFO - [2025-12-11T23:24:22.107+0000] {dag.py:3954} INFO - Setting next_dagrun for example_local_kubernetes_executor to None, run_after=None
[2025-12-11T23:24:22.169+0000] {processor.py:183} INFO - Processing /home/airflow/.local/lib/python3.9/site-packages/airflow/example_dags/example_local_kubernetes_executor.py took 0.194 seconds
[2025-12-11T23:24:52.772+0000] {processor.py:161} INFO - Started process (PID=4396) to work on /home/airflow/.local/lib/python3.9/site-packages/airflow/example_dags/example_local_kubernetes_executor.py
[2025-12-11T23:24:52.782+0000] {processor.py:830} INFO - Processing file /home/airflow/.local/lib/python3.9/site-packages/airflow/example_dags/example_local_kubernetes_executor.py for tasks to queue
[2025-12-11T23:24:52.785+0000] {logging_mixin.py:188} INFO - [2025-12-11T23:24:52.785+0000] {dagbag.py:545} INFO - Filling up the DagBag from /home/airflow/.local/lib/python3.9/site-packages/airflow/example_dags/example_local_kubernetes_executor.py
[2025-12-11T23:24:52.799+0000] {processor.py:840} INFO - DAG(s) 'example_local_kubernetes_executor' retrieved from /home/airflow/.local/lib/python3.9/site-packages/airflow/example_dags/example_local_kubernetes_executor.py
[2025-12-11T23:24:52.866+0000] {logging_mixin.py:188} INFO - [2025-12-11T23:24:52.865+0000] {dag.py:3096} INFO - Sync 1 DAGs
[2025-12-11T23:24:52.888+0000] {logging_mixin.py:188} INFO - [2025-12-11T23:24:52.887+0000] {dag.py:3954} INFO - Setting next_dagrun for example_local_kubernetes_executor to None, run_after=None
[2025-12-11T23:24:52.915+0000] {processor.py:183} INFO - Processing /home/airflow/.local/lib/python3.9/site-packages/airflow/example_dags/example_local_kubernetes_executor.py took 0.155 seconds
[2025-12-11T23:25:23.180+0000] {processor.py:161} INFO - Started process (PID=4463) to work on /home/airflow/.local/lib/python3.9/site-packages/airflow/example_dags/example_local_kubernetes_executor.py
[2025-12-11T23:25:23.182+0000] {processor.py:830} INFO - Processing file /home/airflow/.local/lib/python3.9/site-packages/airflow/example_dags/example_local_kubernetes_executor.py for tasks to queue
[2025-12-11T23:25:23.184+0000] {logging_mixin.py:188} INFO - [2025-12-11T23:25:23.184+0000] {dagbag.py:545} INFO - Filling up the DagBag from /home/airflow/.local/lib/python3.9/site-packages/airflow/example_dags/example_local_kubernetes_executor.py
[2025-12-11T23:25:23.197+0000] {processor.py:840} INFO - DAG(s) 'example_local_kubernetes_executor' retrieved from /home/airflow/.local/lib/python3.9/site-packages/airflow/example_dags/example_local_kubernetes_executor.py
[2025-12-11T23:25:23.255+0000] {logging_mixin.py:188} INFO - [2025-12-11T23:25:23.255+0000] {dag.py:3096} INFO - Sync 1 DAGs
[2025-12-11T23:25:23.280+0000] {logging_mixin.py:188} INFO - [2025-12-11T23:25:23.279+0000] {dag.py:3954} INFO - Setting next_dagrun for example_local_kubernetes_executor to None, run_after=None
[2025-12-11T23:25:23.305+0000] {processor.py:183} INFO - Processing /home/airflow/.local/lib/python3.9/site-packages/airflow/example_dags/example_local_kubernetes_executor.py took 0.135 seconds
[2025-12-11T23:25:54.130+0000] {processor.py:161} INFO - Started process (PID=4530) to work on /home/airflow/.local/lib/python3.9/site-packages/airflow/example_dags/example_local_kubernetes_executor.py
[2025-12-11T23:25:54.132+0000] {processor.py:830} INFO - Processing file /home/airflow/.local/lib/python3.9/site-packages/airflow/example_dags/example_local_kubernetes_executor.py for tasks to queue
[2025-12-11T23:25:54.135+0000] {logging_mixin.py:188} INFO - [2025-12-11T23:25:54.135+0000] {dagbag.py:545} INFO - Filling up the DagBag from /home/airflow/.local/lib/python3.9/site-packages/airflow/example_dags/example_local_kubernetes_executor.py
[2025-12-11T23:25:54.177+0000] {processor.py:840} INFO - DAG(s) 'example_local_kubernetes_executor' retrieved from /home/airflow/.local/lib/python3.9/site-packages/airflow/example_dags/example_local_kubernetes_executor.py
[2025-12-11T23:25:54.280+0000] {logging_mixin.py:188} INFO - [2025-12-11T23:25:54.279+0000] {dag.py:3096} INFO - Sync 1 DAGs
[2025-12-11T23:25:54.305+0000] {logging_mixin.py:188} INFO - [2025-12-11T23:25:54.304+0000] {dag.py:3954} INFO - Setting next_dagrun for example_local_kubernetes_executor to None, run_after=None
[2025-12-11T23:25:54.333+0000] {processor.py:183} INFO - Processing /home/airflow/.local/lib/python3.9/site-packages/airflow/example_dags/example_local_kubernetes_executor.py took 0.223 seconds
[2025-12-11T23:26:25.638+0000] {processor.py:161} INFO - Started process (PID=4601) to work on /home/airflow/.local/lib/python3.9/site-packages/airflow/example_dags/example_local_kubernetes_executor.py
[2025-12-11T23:26:25.655+0000] {processor.py:830} INFO - Processing file /home/airflow/.local/lib/python3.9/site-packages/airflow/example_dags/example_local_kubernetes_executor.py for tasks to queue
[2025-12-11T23:26:25.659+0000] {logging_mixin.py:188} INFO - [2025-12-11T23:26:25.658+0000] {dagbag.py:545} INFO - Filling up the DagBag from /home/airflow/.local/lib/python3.9/site-packages/airflow/example_dags/example_local_kubernetes_executor.py
[2025-12-11T23:26:25.693+0000] {processor.py:840} INFO - DAG(s) 'example_local_kubernetes_executor' retrieved from /home/airflow/.local/lib/python3.9/site-packages/airflow/example_dags/example_local_kubernetes_executor.py
[2025-12-11T23:26:25.836+0000] {logging_mixin.py:188} INFO - [2025-12-11T23:26:25.835+0000] {dag.py:3096} INFO - Sync 1 DAGs
[2025-12-11T23:26:25.882+0000] {logging_mixin.py:188} INFO - [2025-12-11T23:26:25.881+0000] {dag.py:3954} INFO - Setting next_dagrun for example_local_kubernetes_executor to None, run_after=None
[2025-12-11T23:26:25.936+0000] {processor.py:183} INFO - Processing /home/airflow/.local/lib/python3.9/site-packages/airflow/example_dags/example_local_kubernetes_executor.py took 0.323 seconds
[2025-12-11T23:26:56.293+0000] {processor.py:161} INFO - Started process (PID=4668) to work on /home/airflow/.local/lib/python3.9/site-packages/airflow/example_dags/example_local_kubernetes_executor.py
[2025-12-11T23:26:56.295+0000] {processor.py:830} INFO - Processing file /home/airflow/.local/lib/python3.9/site-packages/airflow/example_dags/example_local_kubernetes_executor.py for tasks to queue
[2025-12-11T23:26:56.298+0000] {logging_mixin.py:188} INFO - [2025-12-11T23:26:56.297+0000] {dagbag.py:545} INFO - Filling up the DagBag from /home/airflow/.local/lib/python3.9/site-packages/airflow/example_dags/example_local_kubernetes_executor.py
[2025-12-11T23:26:56.316+0000] {processor.py:840} INFO - DAG(s) 'example_local_kubernetes_executor' retrieved from /home/airflow/.local/lib/python3.9/site-packages/airflow/example_dags/example_local_kubernetes_executor.py
[2025-12-11T23:26:56.378+0000] {logging_mixin.py:188} INFO - [2025-12-11T23:26:56.377+0000] {dag.py:3096} INFO - Sync 1 DAGs
[2025-12-11T23:26:56.400+0000] {logging_mixin.py:188} INFO - [2025-12-11T23:26:56.399+0000] {dag.py:3954} INFO - Setting next_dagrun for example_local_kubernetes_executor to None, run_after=None
[2025-12-11T23:26:56.429+0000] {processor.py:183} INFO - Processing /home/airflow/.local/lib/python3.9/site-packages/airflow/example_dags/example_local_kubernetes_executor.py took 0.154 seconds
[2025-12-11T23:27:27.096+0000] {processor.py:161} INFO - Started process (PID=4735) to work on /home/airflow/.local/lib/python3.9/site-packages/airflow/example_dags/example_local_kubernetes_executor.py
[2025-12-11T23:27:27.098+0000] {processor.py:830} INFO - Processing file /home/airflow/.local/lib/python3.9/site-packages/airflow/example_dags/example_local_kubernetes_executor.py for tasks to queue
[2025-12-11T23:27:27.102+0000] {logging_mixin.py:188} INFO - [2025-12-11T23:27:27.101+0000] {dagbag.py:545} INFO - Filling up the DagBag from /home/airflow/.local/lib/python3.9/site-packages/airflow/example_dags/example_local_kubernetes_executor.py
[2025-12-11T23:27:27.133+0000] {processor.py:840} INFO - DAG(s) 'example_local_kubernetes_executor' retrieved from /home/airflow/.local/lib/python3.9/site-packages/airflow/example_dags/example_local_kubernetes_executor.py
[2025-12-11T23:27:27.205+0000] {logging_mixin.py:188} INFO - [2025-12-11T23:27:27.205+0000] {dag.py:3096} INFO - Sync 1 DAGs
[2025-12-11T23:27:27.225+0000] {logging_mixin.py:188} INFO - [2025-12-11T23:27:27.224+0000] {dag.py:3954} INFO - Setting next_dagrun for example_local_kubernetes_executor to None, run_after=None
[2025-12-11T23:27:27.251+0000] {processor.py:183} INFO - Processing /home/airflow/.local/lib/python3.9/site-packages/airflow/example_dags/example_local_kubernetes_executor.py took 0.180 seconds
[2025-12-11T23:27:57.511+0000] {processor.py:161} INFO - Started process (PID=4809) to work on /home/airflow/.local/lib/python3.9/site-packages/airflow/example_dags/example_local_kubernetes_executor.py
[2025-12-11T23:27:57.513+0000] {processor.py:830} INFO - Processing file /home/airflow/.local/lib/python3.9/site-packages/airflow/example_dags/example_local_kubernetes_executor.py for tasks to queue
[2025-12-11T23:27:57.516+0000] {logging_mixin.py:188} INFO - [2025-12-11T23:27:57.515+0000] {dagbag.py:545} INFO - Filling up the DagBag from /home/airflow/.local/lib/python3.9/site-packages/airflow/example_dags/example_local_kubernetes_executor.py
[2025-12-11T23:27:57.538+0000] {processor.py:840} INFO - DAG(s) 'example_local_kubernetes_executor' retrieved from /home/airflow/.local/lib/python3.9/site-packages/airflow/example_dags/example_local_kubernetes_executor.py
[2025-12-11T23:27:57.606+0000] {logging_mixin.py:188} INFO - [2025-12-11T23:27:57.606+0000] {dag.py:3096} INFO - Sync 1 DAGs
[2025-12-11T23:27:57.636+0000] {logging_mixin.py:188} INFO - [2025-12-11T23:27:57.636+0000] {dag.py:3954} INFO - Setting next_dagrun for example_local_kubernetes_executor to None, run_after=None
[2025-12-11T23:27:57.673+0000] {processor.py:183} INFO - Processing /home/airflow/.local/lib/python3.9/site-packages/airflow/example_dags/example_local_kubernetes_executor.py took 0.182 seconds
[2025-12-11T23:28:28.653+0000] {processor.py:161} INFO - Started process (PID=4875) to work on /home/airflow/.local/lib/python3.9/site-packages/airflow/example_dags/example_local_kubernetes_executor.py
[2025-12-11T23:28:28.663+0000] {processor.py:830} INFO - Processing file /home/airflow/.local/lib/python3.9/site-packages/airflow/example_dags/example_local_kubernetes_executor.py for tasks to queue
[2025-12-11T23:28:28.671+0000] {logging_mixin.py:188} INFO - [2025-12-11T23:28:28.671+0000] {dagbag.py:545} INFO - Filling up the DagBag from /home/airflow/.local/lib/python3.9/site-packages/airflow/example_dags/example_local_kubernetes_executor.py
[2025-12-11T23:28:28.693+0000] {processor.py:840} INFO - DAG(s) 'example_local_kubernetes_executor' retrieved from /home/airflow/.local/lib/python3.9/site-packages/airflow/example_dags/example_local_kubernetes_executor.py
[2025-12-11T23:28:28.835+0000] {logging_mixin.py:188} INFO - [2025-12-11T23:28:28.834+0000] {dag.py:3096} INFO - Sync 1 DAGs
[2025-12-11T23:28:28.911+0000] {logging_mixin.py:188} INFO - [2025-12-11T23:28:28.910+0000] {dag.py:3954} INFO - Setting next_dagrun for example_local_kubernetes_executor to None, run_after=None
[2025-12-11T23:28:28.946+0000] {processor.py:183} INFO - Processing /home/airflow/.local/lib/python3.9/site-packages/airflow/example_dags/example_local_kubernetes_executor.py took 0.312 seconds
[2025-12-11T23:28:59.381+0000] {processor.py:161} INFO - Started process (PID=4942) to work on /home/airflow/.local/lib/python3.9/site-packages/airflow/example_dags/example_local_kubernetes_executor.py
[2025-12-11T23:28:59.393+0000] {processor.py:830} INFO - Processing file /home/airflow/.local/lib/python3.9/site-packages/airflow/example_dags/example_local_kubernetes_executor.py for tasks to queue
[2025-12-11T23:28:59.396+0000] {logging_mixin.py:188} INFO - [2025-12-11T23:28:59.396+0000] {dagbag.py:545} INFO - Filling up the DagBag from /home/airflow/.local/lib/python3.9/site-packages/airflow/example_dags/example_local_kubernetes_executor.py
[2025-12-11T23:28:59.414+0000] {processor.py:840} INFO - DAG(s) 'example_local_kubernetes_executor' retrieved from /home/airflow/.local/lib/python3.9/site-packages/airflow/example_dags/example_local_kubernetes_executor.py
[2025-12-11T23:28:59.529+0000] {logging_mixin.py:188} INFO - [2025-12-11T23:28:59.523+0000] {dag.py:3096} INFO - Sync 1 DAGs
[2025-12-11T23:28:59.571+0000] {logging_mixin.py:188} INFO - [2025-12-11T23:28:59.570+0000] {dag.py:3954} INFO - Setting next_dagrun for example_local_kubernetes_executor to None, run_after=None
[2025-12-11T23:28:59.604+0000] {processor.py:183} INFO - Processing /home/airflow/.local/lib/python3.9/site-packages/airflow/example_dags/example_local_kubernetes_executor.py took 0.235 seconds
[2025-12-11T23:29:29.758+0000] {processor.py:161} INFO - Started process (PID=5009) to work on /home/airflow/.local/lib/python3.9/site-packages/airflow/example_dags/example_local_kubernetes_executor.py
[2025-12-11T23:29:29.760+0000] {processor.py:830} INFO - Processing file /home/airflow/.local/lib/python3.9/site-packages/airflow/example_dags/example_local_kubernetes_executor.py for tasks to queue
[2025-12-11T23:29:29.762+0000] {logging_mixin.py:188} INFO - [2025-12-11T23:29:29.762+0000] {dagbag.py:545} INFO - Filling up the DagBag from /home/airflow/.local/lib/python3.9/site-packages/airflow/example_dags/example_local_kubernetes_executor.py
[2025-12-11T23:29:29.775+0000] {processor.py:840} INFO - DAG(s) 'example_local_kubernetes_executor' retrieved from /home/airflow/.local/lib/python3.9/site-packages/airflow/example_dags/example_local_kubernetes_executor.py
[2025-12-11T23:29:29.837+0000] {logging_mixin.py:188} INFO - [2025-12-11T23:29:29.837+0000] {dag.py:3096} INFO - Sync 1 DAGs
[2025-12-11T23:29:29.859+0000] {logging_mixin.py:188} INFO - [2025-12-11T23:29:29.859+0000] {dag.py:3954} INFO - Setting next_dagrun for example_local_kubernetes_executor to None, run_after=None
[2025-12-11T23:29:29.889+0000] {processor.py:183} INFO - Processing /home/airflow/.local/lib/python3.9/site-packages/airflow/example_dags/example_local_kubernetes_executor.py took 0.142 seconds
[2025-12-11T23:30:01.049+0000] {processor.py:161} INFO - Started process (PID=5076) to work on /home/airflow/.local/lib/python3.9/site-packages/airflow/example_dags/example_local_kubernetes_executor.py
[2025-12-11T23:30:01.051+0000] {processor.py:830} INFO - Processing file /home/airflow/.local/lib/python3.9/site-packages/airflow/example_dags/example_local_kubernetes_executor.py for tasks to queue
[2025-12-11T23:30:01.054+0000] {logging_mixin.py:188} INFO - [2025-12-11T23:30:01.053+0000] {dagbag.py:545} INFO - Filling up the DagBag from /home/airflow/.local/lib/python3.9/site-packages/airflow/example_dags/example_local_kubernetes_executor.py
[2025-12-11T23:30:01.072+0000] {processor.py:840} INFO - DAG(s) 'example_local_kubernetes_executor' retrieved from /home/airflow/.local/lib/python3.9/site-packages/airflow/example_dags/example_local_kubernetes_executor.py
[2025-12-11T23:30:01.161+0000] {logging_mixin.py:188} INFO - [2025-12-11T23:30:01.160+0000] {dag.py:3096} INFO - Sync 1 DAGs
[2025-12-11T23:30:01.200+0000] {logging_mixin.py:188} INFO - [2025-12-11T23:30:01.200+0000] {dag.py:3954} INFO - Setting next_dagrun for example_local_kubernetes_executor to None, run_after=None
[2025-12-11T23:30:01.272+0000] {processor.py:183} INFO - Processing /home/airflow/.local/lib/python3.9/site-packages/airflow/example_dags/example_local_kubernetes_executor.py took 0.255 seconds
[2025-12-11T23:30:32.071+0000] {processor.py:161} INFO - Started process (PID=5144) to work on /home/airflow/.local/lib/python3.9/site-packages/airflow/example_dags/example_local_kubernetes_executor.py
[2025-12-11T23:30:32.073+0000] {processor.py:830} INFO - Processing file /home/airflow/.local/lib/python3.9/site-packages/airflow/example_dags/example_local_kubernetes_executor.py for tasks to queue
[2025-12-11T23:30:32.076+0000] {logging_mixin.py:188} INFO - [2025-12-11T23:30:32.075+0000] {dagbag.py:545} INFO - Filling up the DagBag from /home/airflow/.local/lib/python3.9/site-packages/airflow/example_dags/example_local_kubernetes_executor.py
[2025-12-11T23:30:32.095+0000] {processor.py:840} INFO - DAG(s) 'example_local_kubernetes_executor' retrieved from /home/airflow/.local/lib/python3.9/site-packages/airflow/example_dags/example_local_kubernetes_executor.py
[2025-12-11T23:30:32.159+0000] {logging_mixin.py:188} INFO - [2025-12-11T23:30:32.158+0000] {dag.py:3096} INFO - Sync 1 DAGs
[2025-12-11T23:30:32.190+0000] {logging_mixin.py:188} INFO - [2025-12-11T23:30:32.190+0000] {dag.py:3954} INFO - Setting next_dagrun for example_local_kubernetes_executor to None, run_after=None
[2025-12-11T23:30:32.217+0000] {processor.py:183} INFO - Processing /home/airflow/.local/lib/python3.9/site-packages/airflow/example_dags/example_local_kubernetes_executor.py took 0.161 seconds
[2025-12-11T23:31:03.125+0000] {processor.py:161} INFO - Started process (PID=5211) to work on /home/airflow/.local/lib/python3.9/site-packages/airflow/example_dags/example_local_kubernetes_executor.py
[2025-12-11T23:31:03.129+0000] {processor.py:830} INFO - Processing file /home/airflow/.local/lib/python3.9/site-packages/airflow/example_dags/example_local_kubernetes_executor.py for tasks to queue
[2025-12-11T23:31:03.132+0000] {logging_mixin.py:188} INFO - [2025-12-11T23:31:03.131+0000] {dagbag.py:545} INFO - Filling up the DagBag from /home/airflow/.local/lib/python3.9/site-packages/airflow/example_dags/example_local_kubernetes_executor.py
[2025-12-11T23:31:03.144+0000] {processor.py:840} INFO - DAG(s) 'example_local_kubernetes_executor' retrieved from /home/airflow/.local/lib/python3.9/site-packages/airflow/example_dags/example_local_kubernetes_executor.py
[2025-12-11T23:31:03.212+0000] {logging_mixin.py:188} INFO - [2025-12-11T23:31:03.211+0000] {dag.py:3096} INFO - Sync 1 DAGs
[2025-12-11T23:31:03.246+0000] {logging_mixin.py:188} INFO - [2025-12-11T23:31:03.245+0000] {dag.py:3954} INFO - Setting next_dagrun for example_local_kubernetes_executor to None, run_after=None
[2025-12-11T23:31:03.293+0000] {processor.py:183} INFO - Processing /home/airflow/.local/lib/python3.9/site-packages/airflow/example_dags/example_local_kubernetes_executor.py took 0.178 seconds
[2025-12-11T23:31:33.798+0000] {processor.py:161} INFO - Started process (PID=5278) to work on /home/airflow/.local/lib/python3.9/site-packages/airflow/example_dags/example_local_kubernetes_executor.py
[2025-12-11T23:31:33.800+0000] {processor.py:830} INFO - Processing file /home/airflow/.local/lib/python3.9/site-packages/airflow/example_dags/example_local_kubernetes_executor.py for tasks to queue
[2025-12-11T23:31:33.804+0000] {logging_mixin.py:188} INFO - [2025-12-11T23:31:33.803+0000] {dagbag.py:545} INFO - Filling up the DagBag from /home/airflow/.local/lib/python3.9/site-packages/airflow/example_dags/example_local_kubernetes_executor.py
[2025-12-11T23:31:33.832+0000] {processor.py:840} INFO - DAG(s) 'example_local_kubernetes_executor' retrieved from /home/airflow/.local/lib/python3.9/site-packages/airflow/example_dags/example_local_kubernetes_executor.py
[2025-12-11T23:31:33.938+0000] {logging_mixin.py:188} INFO - [2025-12-11T23:31:33.937+0000] {dag.py:3096} INFO - Sync 1 DAGs
[2025-12-11T23:31:33.989+0000] {logging_mixin.py:188} INFO - [2025-12-11T23:31:33.981+0000] {dag.py:3954} INFO - Setting next_dagrun for example_local_kubernetes_executor to None, run_after=None
[2025-12-11T23:31:34.033+0000] {processor.py:183} INFO - Processing /home/airflow/.local/lib/python3.9/site-packages/airflow/example_dags/example_local_kubernetes_executor.py took 0.257 seconds
[2025-12-11T23:32:04.838+0000] {processor.py:161} INFO - Started process (PID=5346) to work on /home/airflow/.local/lib/python3.9/site-packages/airflow/example_dags/example_local_kubernetes_executor.py
[2025-12-11T23:32:04.840+0000] {processor.py:830} INFO - Processing file /home/airflow/.local/lib/python3.9/site-packages/airflow/example_dags/example_local_kubernetes_executor.py for tasks to queue
[2025-12-11T23:32:04.850+0000] {logging_mixin.py:188} INFO - [2025-12-11T23:32:04.849+0000] {dagbag.py:545} INFO - Filling up the DagBag from /home/airflow/.local/lib/python3.9/site-packages/airflow/example_dags/example_local_kubernetes_executor.py
[2025-12-11T23:32:04.874+0000] {processor.py:840} INFO - DAG(s) 'example_local_kubernetes_executor' retrieved from /home/airflow/.local/lib/python3.9/site-packages/airflow/example_dags/example_local_kubernetes_executor.py
[2025-12-11T23:32:04.939+0000] {logging_mixin.py:188} INFO - [2025-12-11T23:32:04.939+0000] {dag.py:3096} INFO - Sync 1 DAGs
[2025-12-11T23:32:04.961+0000] {logging_mixin.py:188} INFO - [2025-12-11T23:32:04.960+0000] {dag.py:3954} INFO - Setting next_dagrun for example_local_kubernetes_executor to None, run_after=None
[2025-12-11T23:32:04.986+0000] {processor.py:183} INFO - Processing /home/airflow/.local/lib/python3.9/site-packages/airflow/example_dags/example_local_kubernetes_executor.py took 0.159 seconds
[2025-12-11T23:32:35.644+0000] {processor.py:161} INFO - Started process (PID=5413) to work on /home/airflow/.local/lib/python3.9/site-packages/airflow/example_dags/example_local_kubernetes_executor.py
[2025-12-11T23:32:35.647+0000] {processor.py:830} INFO - Processing file /home/airflow/.local/lib/python3.9/site-packages/airflow/example_dags/example_local_kubernetes_executor.py for tasks to queue
[2025-12-11T23:32:35.650+0000] {logging_mixin.py:188} INFO - [2025-12-11T23:32:35.649+0000] {dagbag.py:545} INFO - Filling up the DagBag from /home/airflow/.local/lib/python3.9/site-packages/airflow/example_dags/example_local_kubernetes_executor.py
[2025-12-11T23:32:35.667+0000] {processor.py:840} INFO - DAG(s) 'example_local_kubernetes_executor' retrieved from /home/airflow/.local/lib/python3.9/site-packages/airflow/example_dags/example_local_kubernetes_executor.py
[2025-12-11T23:32:35.748+0000] {logging_mixin.py:188} INFO - [2025-12-11T23:32:35.748+0000] {dag.py:3096} INFO - Sync 1 DAGs
[2025-12-11T23:32:35.774+0000] {logging_mixin.py:188} INFO - [2025-12-11T23:32:35.773+0000] {dag.py:3954} INFO - Setting next_dagrun for example_local_kubernetes_executor to None, run_after=None
[2025-12-11T23:32:35.947+0000] {processor.py:183} INFO - Processing /home/airflow/.local/lib/python3.9/site-packages/airflow/example_dags/example_local_kubernetes_executor.py took 0.317 seconds
[2025-12-11T23:33:06.120+0000] {processor.py:161} INFO - Started process (PID=5485) to work on /home/airflow/.local/lib/python3.9/site-packages/airflow/example_dags/example_local_kubernetes_executor.py
[2025-12-11T23:33:06.122+0000] {processor.py:830} INFO - Processing file /home/airflow/.local/lib/python3.9/site-packages/airflow/example_dags/example_local_kubernetes_executor.py for tasks to queue
[2025-12-11T23:33:06.124+0000] {logging_mixin.py:188} INFO - [2025-12-11T23:33:06.124+0000] {dagbag.py:545} INFO - Filling up the DagBag from /home/airflow/.local/lib/python3.9/site-packages/airflow/example_dags/example_local_kubernetes_executor.py
[2025-12-11T23:33:06.150+0000] {processor.py:840} INFO - DAG(s) 'example_local_kubernetes_executor' retrieved from /home/airflow/.local/lib/python3.9/site-packages/airflow/example_dags/example_local_kubernetes_executor.py
[2025-12-11T23:33:06.271+0000] {logging_mixin.py:188} INFO - [2025-12-11T23:33:06.270+0000] {dag.py:3096} INFO - Sync 1 DAGs
[2025-12-11T23:33:06.331+0000] {logging_mixin.py:188} INFO - [2025-12-11T23:33:06.330+0000] {dag.py:3954} INFO - Setting next_dagrun for example_local_kubernetes_executor to None, run_after=None
[2025-12-11T23:33:06.371+0000] {processor.py:183} INFO - Processing /home/airflow/.local/lib/python3.9/site-packages/airflow/example_dags/example_local_kubernetes_executor.py took 0.270 seconds
[2025-12-11T23:33:37.591+0000] {processor.py:161} INFO - Started process (PID=5552) to work on /home/airflow/.local/lib/python3.9/site-packages/airflow/example_dags/example_local_kubernetes_executor.py
[2025-12-11T23:33:37.593+0000] {processor.py:830} INFO - Processing file /home/airflow/.local/lib/python3.9/site-packages/airflow/example_dags/example_local_kubernetes_executor.py for tasks to queue
[2025-12-11T23:33:37.595+0000] {logging_mixin.py:188} INFO - [2025-12-11T23:33:37.595+0000] {dagbag.py:545} INFO - Filling up the DagBag from /home/airflow/.local/lib/python3.9/site-packages/airflow/example_dags/example_local_kubernetes_executor.py
[2025-12-11T23:33:37.631+0000] {processor.py:840} INFO - DAG(s) 'example_local_kubernetes_executor' retrieved from /home/airflow/.local/lib/python3.9/site-packages/airflow/example_dags/example_local_kubernetes_executor.py
[2025-12-11T23:33:37.810+0000] {logging_mixin.py:188} INFO - [2025-12-11T23:33:37.796+0000] {dag.py:3096} INFO - Sync 1 DAGs
[2025-12-11T23:33:37.872+0000] {logging_mixin.py:188} INFO - [2025-12-11T23:33:37.871+0000] {dag.py:3954} INFO - Setting next_dagrun for example_local_kubernetes_executor to None, run_after=None
[2025-12-11T23:33:37.978+0000] {processor.py:183} INFO - Processing /home/airflow/.local/lib/python3.9/site-packages/airflow/example_dags/example_local_kubernetes_executor.py took 0.408 seconds
[2025-12-11T23:34:08.551+0000] {processor.py:161} INFO - Started process (PID=5619) to work on /home/airflow/.local/lib/python3.9/site-packages/airflow/example_dags/example_local_kubernetes_executor.py
[2025-12-11T23:34:08.557+0000] {processor.py:830} INFO - Processing file /home/airflow/.local/lib/python3.9/site-packages/airflow/example_dags/example_local_kubernetes_executor.py for tasks to queue
[2025-12-11T23:34:08.571+0000] {logging_mixin.py:188} INFO - [2025-12-11T23:34:08.570+0000] {dagbag.py:545} INFO - Filling up the DagBag from /home/airflow/.local/lib/python3.9/site-packages/airflow/example_dags/example_local_kubernetes_executor.py
[2025-12-11T23:34:08.600+0000] {processor.py:840} INFO - DAG(s) 'example_local_kubernetes_executor' retrieved from /home/airflow/.local/lib/python3.9/site-packages/airflow/example_dags/example_local_kubernetes_executor.py
[2025-12-11T23:34:08.699+0000] {logging_mixin.py:188} INFO - [2025-12-11T23:34:08.698+0000] {dag.py:3096} INFO - Sync 1 DAGs
[2025-12-11T23:34:08.734+0000] {logging_mixin.py:188} INFO - [2025-12-11T23:34:08.734+0000] {dag.py:3954} INFO - Setting next_dagrun for example_local_kubernetes_executor to None, run_after=None
[2025-12-11T23:34:08.776+0000] {processor.py:183} INFO - Processing /home/airflow/.local/lib/python3.9/site-packages/airflow/example_dags/example_local_kubernetes_executor.py took 0.246 seconds
[2025-12-11T23:34:39.414+0000] {processor.py:161} INFO - Started process (PID=5686) to work on /home/airflow/.local/lib/python3.9/site-packages/airflow/example_dags/example_local_kubernetes_executor.py
[2025-12-11T23:34:39.464+0000] {processor.py:830} INFO - Processing file /home/airflow/.local/lib/python3.9/site-packages/airflow/example_dags/example_local_kubernetes_executor.py for tasks to queue
[2025-12-11T23:34:39.467+0000] {logging_mixin.py:188} INFO - [2025-12-11T23:34:39.466+0000] {dagbag.py:545} INFO - Filling up the DagBag from /home/airflow/.local/lib/python3.9/site-packages/airflow/example_dags/example_local_kubernetes_executor.py
[2025-12-11T23:34:39.480+0000] {processor.py:840} INFO - DAG(s) 'example_local_kubernetes_executor' retrieved from /home/airflow/.local/lib/python3.9/site-packages/airflow/example_dags/example_local_kubernetes_executor.py
[2025-12-11T23:34:39.559+0000] {logging_mixin.py:188} INFO - [2025-12-11T23:34:39.558+0000] {dag.py:3096} INFO - Sync 1 DAGs
[2025-12-11T23:34:39.582+0000] {logging_mixin.py:188} INFO - [2025-12-11T23:34:39.582+0000] {dag.py:3954} INFO - Setting next_dagrun for example_local_kubernetes_executor to None, run_after=None
[2025-12-11T23:34:39.640+0000] {processor.py:183} INFO - Processing /home/airflow/.local/lib/python3.9/site-packages/airflow/example_dags/example_local_kubernetes_executor.py took 0.245 seconds
[2025-12-11T23:35:10.379+0000] {processor.py:161} INFO - Started process (PID=5753) to work on /home/airflow/.local/lib/python3.9/site-packages/airflow/example_dags/example_local_kubernetes_executor.py
[2025-12-11T23:35:10.387+0000] {processor.py:830} INFO - Processing file /home/airflow/.local/lib/python3.9/site-packages/airflow/example_dags/example_local_kubernetes_executor.py for tasks to queue
[2025-12-11T23:35:10.391+0000] {logging_mixin.py:188} INFO - [2025-12-11T23:35:10.391+0000] {dagbag.py:545} INFO - Filling up the DagBag from /home/airflow/.local/lib/python3.9/site-packages/airflow/example_dags/example_local_kubernetes_executor.py
[2025-12-11T23:35:10.411+0000] {processor.py:840} INFO - DAG(s) 'example_local_kubernetes_executor' retrieved from /home/airflow/.local/lib/python3.9/site-packages/airflow/example_dags/example_local_kubernetes_executor.py
[2025-12-11T23:35:10.521+0000] {logging_mixin.py:188} INFO - [2025-12-11T23:35:10.521+0000] {dag.py:3096} INFO - Sync 1 DAGs
[2025-12-11T23:35:10.561+0000] {logging_mixin.py:188} INFO - [2025-12-11T23:35:10.561+0000] {dag.py:3954} INFO - Setting next_dagrun for example_local_kubernetes_executor to None, run_after=None
[2025-12-11T23:35:10.621+0000] {processor.py:183} INFO - Processing /home/airflow/.local/lib/python3.9/site-packages/airflow/example_dags/example_local_kubernetes_executor.py took 0.251 seconds
[2025-12-11T23:35:41.275+0000] {processor.py:161} INFO - Started process (PID=5819) to work on /home/airflow/.local/lib/python3.9/site-packages/airflow/example_dags/example_local_kubernetes_executor.py
[2025-12-11T23:35:41.277+0000] {processor.py:830} INFO - Processing file /home/airflow/.local/lib/python3.9/site-packages/airflow/example_dags/example_local_kubernetes_executor.py for tasks to queue
[2025-12-11T23:35:41.292+0000] {logging_mixin.py:188} INFO - [2025-12-11T23:35:41.291+0000] {dagbag.py:545} INFO - Filling up the DagBag from /home/airflow/.local/lib/python3.9/site-packages/airflow/example_dags/example_local_kubernetes_executor.py
[2025-12-11T23:35:41.319+0000] {processor.py:840} INFO - DAG(s) 'example_local_kubernetes_executor' retrieved from /home/airflow/.local/lib/python3.9/site-packages/airflow/example_dags/example_local_kubernetes_executor.py
[2025-12-11T23:35:41.515+0000] {logging_mixin.py:188} INFO - [2025-12-11T23:35:41.515+0000] {dag.py:3096} INFO - Sync 1 DAGs
[2025-12-11T23:35:41.615+0000] {logging_mixin.py:188} INFO - [2025-12-11T23:35:41.614+0000] {dag.py:3954} INFO - Setting next_dagrun for example_local_kubernetes_executor to None, run_after=None
[2025-12-11T23:35:41.910+0000] {processor.py:183} INFO - Processing /home/airflow/.local/lib/python3.9/site-packages/airflow/example_dags/example_local_kubernetes_executor.py took 0.660 seconds
[2025-12-11T23:36:12.275+0000] {processor.py:161} INFO - Started process (PID=5886) to work on /home/airflow/.local/lib/python3.9/site-packages/airflow/example_dags/example_local_kubernetes_executor.py
[2025-12-11T23:36:12.277+0000] {processor.py:830} INFO - Processing file /home/airflow/.local/lib/python3.9/site-packages/airflow/example_dags/example_local_kubernetes_executor.py for tasks to queue
[2025-12-11T23:36:12.292+0000] {logging_mixin.py:188} INFO - [2025-12-11T23:36:12.291+0000] {dagbag.py:545} INFO - Filling up the DagBag from /home/airflow/.local/lib/python3.9/site-packages/airflow/example_dags/example_local_kubernetes_executor.py
[2025-12-11T23:36:12.331+0000] {processor.py:840} INFO - DAG(s) 'example_local_kubernetes_executor' retrieved from /home/airflow/.local/lib/python3.9/site-packages/airflow/example_dags/example_local_kubernetes_executor.py
[2025-12-11T23:36:12.491+0000] {logging_mixin.py:188} INFO - [2025-12-11T23:36:12.490+0000] {dag.py:3096} INFO - Sync 1 DAGs
[2025-12-11T23:36:12.549+0000] {logging_mixin.py:188} INFO - [2025-12-11T23:36:12.539+0000] {dag.py:3954} INFO - Setting next_dagrun for example_local_kubernetes_executor to None, run_after=None
[2025-12-11T23:36:12.638+0000] {processor.py:183} INFO - Processing /home/airflow/.local/lib/python3.9/site-packages/airflow/example_dags/example_local_kubernetes_executor.py took 0.385 seconds
[2025-12-11T23:36:43.176+0000] {processor.py:161} INFO - Started process (PID=5954) to work on /home/airflow/.local/lib/python3.9/site-packages/airflow/example_dags/example_local_kubernetes_executor.py
[2025-12-11T23:36:43.179+0000] {processor.py:830} INFO - Processing file /home/airflow/.local/lib/python3.9/site-packages/airflow/example_dags/example_local_kubernetes_executor.py for tasks to queue
[2025-12-11T23:36:43.196+0000] {logging_mixin.py:188} INFO - [2025-12-11T23:36:43.195+0000] {dagbag.py:545} INFO - Filling up the DagBag from /home/airflow/.local/lib/python3.9/site-packages/airflow/example_dags/example_local_kubernetes_executor.py
[2025-12-11T23:36:43.238+0000] {processor.py:840} INFO - DAG(s) 'example_local_kubernetes_executor' retrieved from /home/airflow/.local/lib/python3.9/site-packages/airflow/example_dags/example_local_kubernetes_executor.py
[2025-12-11T23:36:43.409+0000] {logging_mixin.py:188} INFO - [2025-12-11T23:36:43.395+0000] {dag.py:3096} INFO - Sync 1 DAGs
[2025-12-11T23:36:43.454+0000] {logging_mixin.py:188} INFO - [2025-12-11T23:36:43.453+0000] {dag.py:3954} INFO - Setting next_dagrun for example_local_kubernetes_executor to None, run_after=None
[2025-12-11T23:36:43.579+0000] {processor.py:183} INFO - Processing /home/airflow/.local/lib/python3.9/site-packages/airflow/example_dags/example_local_kubernetes_executor.py took 0.446 seconds
[2025-12-11T23:37:13.833+0000] {processor.py:161} INFO - Started process (PID=6021) to work on /home/airflow/.local/lib/python3.9/site-packages/airflow/example_dags/example_local_kubernetes_executor.py
[2025-12-11T23:37:13.834+0000] {processor.py:830} INFO - Processing file /home/airflow/.local/lib/python3.9/site-packages/airflow/example_dags/example_local_kubernetes_executor.py for tasks to queue
[2025-12-11T23:37:13.837+0000] {logging_mixin.py:188} INFO - [2025-12-11T23:37:13.836+0000] {dagbag.py:545} INFO - Filling up the DagBag from /home/airflow/.local/lib/python3.9/site-packages/airflow/example_dags/example_local_kubernetes_executor.py
[2025-12-11T23:37:13.850+0000] {processor.py:840} INFO - DAG(s) 'example_local_kubernetes_executor' retrieved from /home/airflow/.local/lib/python3.9/site-packages/airflow/example_dags/example_local_kubernetes_executor.py
[2025-12-11T23:37:13.909+0000] {logging_mixin.py:188} INFO - [2025-12-11T23:37:13.909+0000] {dag.py:3096} INFO - Sync 1 DAGs
[2025-12-11T23:37:13.932+0000] {logging_mixin.py:188} INFO - [2025-12-11T23:37:13.932+0000] {dag.py:3954} INFO - Setting next_dagrun for example_local_kubernetes_executor to None, run_after=None
[2025-12-11T23:37:13.961+0000] {processor.py:183} INFO - Processing /home/airflow/.local/lib/python3.9/site-packages/airflow/example_dags/example_local_kubernetes_executor.py took 0.138 seconds
[2025-12-11T23:37:44.242+0000] {processor.py:161} INFO - Started process (PID=6087) to work on /home/airflow/.local/lib/python3.9/site-packages/airflow/example_dags/example_local_kubernetes_executor.py
[2025-12-11T23:37:44.243+0000] {processor.py:830} INFO - Processing file /home/airflow/.local/lib/python3.9/site-packages/airflow/example_dags/example_local_kubernetes_executor.py for tasks to queue
[2025-12-11T23:37:44.246+0000] {logging_mixin.py:188} INFO - [2025-12-11T23:37:44.246+0000] {dagbag.py:545} INFO - Filling up the DagBag from /home/airflow/.local/lib/python3.9/site-packages/airflow/example_dags/example_local_kubernetes_executor.py
[2025-12-11T23:37:44.259+0000] {processor.py:840} INFO - DAG(s) 'example_local_kubernetes_executor' retrieved from /home/airflow/.local/lib/python3.9/site-packages/airflow/example_dags/example_local_kubernetes_executor.py
[2025-12-11T23:37:44.331+0000] {logging_mixin.py:188} INFO - [2025-12-11T23:37:44.330+0000] {dag.py:3096} INFO - Sync 1 DAGs
[2025-12-11T23:37:44.358+0000] {logging_mixin.py:188} INFO - [2025-12-11T23:37:44.357+0000] {dag.py:3954} INFO - Setting next_dagrun for example_local_kubernetes_executor to None, run_after=None
[2025-12-11T23:37:44.391+0000] {processor.py:183} INFO - Processing /home/airflow/.local/lib/python3.9/site-packages/airflow/example_dags/example_local_kubernetes_executor.py took 0.159 seconds
[2025-12-11T23:38:14.713+0000] {processor.py:161} INFO - Started process (PID=6154) to work on /home/airflow/.local/lib/python3.9/site-packages/airflow/example_dags/example_local_kubernetes_executor.py
[2025-12-11T23:38:14.723+0000] {processor.py:830} INFO - Processing file /home/airflow/.local/lib/python3.9/site-packages/airflow/example_dags/example_local_kubernetes_executor.py for tasks to queue
[2025-12-11T23:38:14.729+0000] {logging_mixin.py:188} INFO - [2025-12-11T23:38:14.726+0000] {dagbag.py:545} INFO - Filling up the DagBag from /home/airflow/.local/lib/python3.9/site-packages/airflow/example_dags/example_local_kubernetes_executor.py
[2025-12-11T23:38:14.743+0000] {processor.py:840} INFO - DAG(s) 'example_local_kubernetes_executor' retrieved from /home/airflow/.local/lib/python3.9/site-packages/airflow/example_dags/example_local_kubernetes_executor.py
[2025-12-11T23:38:14.869+0000] {logging_mixin.py:188} INFO - [2025-12-11T23:38:14.862+0000] {dag.py:3096} INFO - Sync 1 DAGs
[2025-12-11T23:38:14.905+0000] {logging_mixin.py:188} INFO - [2025-12-11T23:38:14.905+0000] {dag.py:3954} INFO - Setting next_dagrun for example_local_kubernetes_executor to None, run_after=None
[2025-12-11T23:38:14.965+0000] {processor.py:183} INFO - Processing /home/airflow/.local/lib/python3.9/site-packages/airflow/example_dags/example_local_kubernetes_executor.py took 0.271 seconds
[2025-12-11T23:38:45.676+0000] {processor.py:161} INFO - Started process (PID=6221) to work on /home/airflow/.local/lib/python3.9/site-packages/airflow/example_dags/example_local_kubernetes_executor.py
[2025-12-11T23:38:45.683+0000] {processor.py:830} INFO - Processing file /home/airflow/.local/lib/python3.9/site-packages/airflow/example_dags/example_local_kubernetes_executor.py for tasks to queue
[2025-12-11T23:38:45.691+0000] {logging_mixin.py:188} INFO - [2025-12-11T23:38:45.691+0000] {dagbag.py:545} INFO - Filling up the DagBag from /home/airflow/.local/lib/python3.9/site-packages/airflow/example_dags/example_local_kubernetes_executor.py
[2025-12-11T23:38:45.716+0000] {processor.py:840} INFO - DAG(s) 'example_local_kubernetes_executor' retrieved from /home/airflow/.local/lib/python3.9/site-packages/airflow/example_dags/example_local_kubernetes_executor.py
[2025-12-11T23:38:45.836+0000] {logging_mixin.py:188} INFO - [2025-12-11T23:38:45.836+0000] {dag.py:3096} INFO - Sync 1 DAGs
[2025-12-11T23:38:45.871+0000] {logging_mixin.py:188} INFO - [2025-12-11T23:38:45.870+0000] {dag.py:3954} INFO - Setting next_dagrun for example_local_kubernetes_executor to None, run_after=None
[2025-12-11T23:38:45.918+0000] {processor.py:183} INFO - Processing /home/airflow/.local/lib/python3.9/site-packages/airflow/example_dags/example_local_kubernetes_executor.py took 0.278 seconds
[2025-12-11T23:39:16.777+0000] {processor.py:161} INFO - Started process (PID=6288) to work on /home/airflow/.local/lib/python3.9/site-packages/airflow/example_dags/example_local_kubernetes_executor.py
[2025-12-11T23:39:16.791+0000] {processor.py:830} INFO - Processing file /home/airflow/.local/lib/python3.9/site-packages/airflow/example_dags/example_local_kubernetes_executor.py for tasks to queue
[2025-12-11T23:39:16.794+0000] {logging_mixin.py:188} INFO - [2025-12-11T23:39:16.794+0000] {dagbag.py:545} INFO - Filling up the DagBag from /home/airflow/.local/lib/python3.9/site-packages/airflow/example_dags/example_local_kubernetes_executor.py
[2025-12-11T23:39:16.816+0000] {processor.py:840} INFO - DAG(s) 'example_local_kubernetes_executor' retrieved from /home/airflow/.local/lib/python3.9/site-packages/airflow/example_dags/example_local_kubernetes_executor.py
[2025-12-11T23:39:16.934+0000] {logging_mixin.py:188} INFO - [2025-12-11T23:39:16.933+0000] {dag.py:3096} INFO - Sync 1 DAGs
[2025-12-11T23:39:16.977+0000] {logging_mixin.py:188} INFO - [2025-12-11T23:39:16.976+0000] {dag.py:3954} INFO - Setting next_dagrun for example_local_kubernetes_executor to None, run_after=None
[2025-12-11T23:39:17.177+0000] {processor.py:183} INFO - Processing /home/airflow/.local/lib/python3.9/site-packages/airflow/example_dags/example_local_kubernetes_executor.py took 0.412 seconds
[2025-12-11T23:39:47.551+0000] {processor.py:161} INFO - Started process (PID=6355) to work on /home/airflow/.local/lib/python3.9/site-packages/airflow/example_dags/example_local_kubernetes_executor.py
[2025-12-11T23:39:47.558+0000] {processor.py:830} INFO - Processing file /home/airflow/.local/lib/python3.9/site-packages/airflow/example_dags/example_local_kubernetes_executor.py for tasks to queue
[2025-12-11T23:39:47.561+0000] {logging_mixin.py:188} INFO - [2025-12-11T23:39:47.560+0000] {dagbag.py:545} INFO - Filling up the DagBag from /home/airflow/.local/lib/python3.9/site-packages/airflow/example_dags/example_local_kubernetes_executor.py
[2025-12-11T23:39:47.577+0000] {processor.py:840} INFO - DAG(s) 'example_local_kubernetes_executor' retrieved from /home/airflow/.local/lib/python3.9/site-packages/airflow/example_dags/example_local_kubernetes_executor.py
[2025-12-11T23:39:47.663+0000] {logging_mixin.py:188} INFO - [2025-12-11T23:39:47.662+0000] {dag.py:3096} INFO - Sync 1 DAGs
[2025-12-11T23:39:47.686+0000] {logging_mixin.py:188} INFO - [2025-12-11T23:39:47.685+0000] {dag.py:3954} INFO - Setting next_dagrun for example_local_kubernetes_executor to None, run_after=None
[2025-12-11T23:39:47.723+0000] {processor.py:183} INFO - Processing /home/airflow/.local/lib/python3.9/site-packages/airflow/example_dags/example_local_kubernetes_executor.py took 0.183 seconds
[2025-12-11T23:40:18.015+0000] {processor.py:161} INFO - Started process (PID=6422) to work on /home/airflow/.local/lib/python3.9/site-packages/airflow/example_dags/example_local_kubernetes_executor.py
[2025-12-11T23:40:18.023+0000] {processor.py:830} INFO - Processing file /home/airflow/.local/lib/python3.9/site-packages/airflow/example_dags/example_local_kubernetes_executor.py for tasks to queue
[2025-12-11T23:40:18.026+0000] {logging_mixin.py:188} INFO - [2025-12-11T23:40:18.026+0000] {dagbag.py:545} INFO - Filling up the DagBag from /home/airflow/.local/lib/python3.9/site-packages/airflow/example_dags/example_local_kubernetes_executor.py
[2025-12-11T23:40:18.041+0000] {processor.py:840} INFO - DAG(s) 'example_local_kubernetes_executor' retrieved from /home/airflow/.local/lib/python3.9/site-packages/airflow/example_dags/example_local_kubernetes_executor.py
[2025-12-11T23:40:18.106+0000] {logging_mixin.py:188} INFO - [2025-12-11T23:40:18.105+0000] {dag.py:3096} INFO - Sync 1 DAGs
[2025-12-11T23:40:18.129+0000] {logging_mixin.py:188} INFO - [2025-12-11T23:40:18.129+0000] {dag.py:3954} INFO - Setting next_dagrun for example_local_kubernetes_executor to None, run_after=None
[2025-12-11T23:40:18.159+0000] {processor.py:183} INFO - Processing /home/airflow/.local/lib/python3.9/site-packages/airflow/example_dags/example_local_kubernetes_executor.py took 0.155 seconds
[2025-12-11T23:40:49.080+0000] {processor.py:161} INFO - Started process (PID=6489) to work on /home/airflow/.local/lib/python3.9/site-packages/airflow/example_dags/example_local_kubernetes_executor.py
[2025-12-11T23:40:49.082+0000] {processor.py:830} INFO - Processing file /home/airflow/.local/lib/python3.9/site-packages/airflow/example_dags/example_local_kubernetes_executor.py for tasks to queue
[2025-12-11T23:40:49.085+0000] {logging_mixin.py:188} INFO - [2025-12-11T23:40:49.084+0000] {dagbag.py:545} INFO - Filling up the DagBag from /home/airflow/.local/lib/python3.9/site-packages/airflow/example_dags/example_local_kubernetes_executor.py
[2025-12-11T23:40:49.100+0000] {processor.py:840} INFO - DAG(s) 'example_local_kubernetes_executor' retrieved from /home/airflow/.local/lib/python3.9/site-packages/airflow/example_dags/example_local_kubernetes_executor.py
[2025-12-11T23:40:49.164+0000] {logging_mixin.py:188} INFO - [2025-12-11T23:40:49.163+0000] {dag.py:3096} INFO - Sync 1 DAGs
[2025-12-11T23:40:49.242+0000] {logging_mixin.py:188} INFO - [2025-12-11T23:40:49.242+0000] {dag.py:3954} INFO - Setting next_dagrun for example_local_kubernetes_executor to None, run_after=None
[2025-12-11T23:40:49.283+0000] {processor.py:183} INFO - Processing /home/airflow/.local/lib/python3.9/site-packages/airflow/example_dags/example_local_kubernetes_executor.py took 0.222 seconds
[2025-12-11T23:41:19.547+0000] {processor.py:161} INFO - Started process (PID=6556) to work on /home/airflow/.local/lib/python3.9/site-packages/airflow/example_dags/example_local_kubernetes_executor.py
[2025-12-11T23:41:19.555+0000] {processor.py:830} INFO - Processing file /home/airflow/.local/lib/python3.9/site-packages/airflow/example_dags/example_local_kubernetes_executor.py for tasks to queue
[2025-12-11T23:41:19.557+0000] {logging_mixin.py:188} INFO - [2025-12-11T23:41:19.557+0000] {dagbag.py:545} INFO - Filling up the DagBag from /home/airflow/.local/lib/python3.9/site-packages/airflow/example_dags/example_local_kubernetes_executor.py
[2025-12-11T23:41:19.569+0000] {processor.py:840} INFO - DAG(s) 'example_local_kubernetes_executor' retrieved from /home/airflow/.local/lib/python3.9/site-packages/airflow/example_dags/example_local_kubernetes_executor.py
[2025-12-11T23:41:19.631+0000] {logging_mixin.py:188} INFO - [2025-12-11T23:41:19.630+0000] {dag.py:3096} INFO - Sync 1 DAGs
[2025-12-11T23:41:19.653+0000] {logging_mixin.py:188} INFO - [2025-12-11T23:41:19.653+0000] {dag.py:3954} INFO - Setting next_dagrun for example_local_kubernetes_executor to None, run_after=None
[2025-12-11T23:41:19.683+0000] {processor.py:183} INFO - Processing /home/airflow/.local/lib/python3.9/site-packages/airflow/example_dags/example_local_kubernetes_executor.py took 0.147 seconds
[2025-12-11T23:41:49.738+0000] {processor.py:161} INFO - Started process (PID=6623) to work on /home/airflow/.local/lib/python3.9/site-packages/airflow/example_dags/example_local_kubernetes_executor.py
[2025-12-11T23:41:49.739+0000] {processor.py:830} INFO - Processing file /home/airflow/.local/lib/python3.9/site-packages/airflow/example_dags/example_local_kubernetes_executor.py for tasks to queue
[2025-12-11T23:41:49.742+0000] {logging_mixin.py:188} INFO - [2025-12-11T23:41:49.741+0000] {dagbag.py:545} INFO - Filling up the DagBag from /home/airflow/.local/lib/python3.9/site-packages/airflow/example_dags/example_local_kubernetes_executor.py
[2025-12-11T23:41:49.755+0000] {processor.py:840} INFO - DAG(s) 'example_local_kubernetes_executor' retrieved from /home/airflow/.local/lib/python3.9/site-packages/airflow/example_dags/example_local_kubernetes_executor.py
[2025-12-11T23:41:49.822+0000] {logging_mixin.py:188} INFO - [2025-12-11T23:41:49.822+0000] {dag.py:3096} INFO - Sync 1 DAGs
[2025-12-11T23:41:49.844+0000] {logging_mixin.py:188} INFO - [2025-12-11T23:41:49.844+0000] {dag.py:3954} INFO - Setting next_dagrun for example_local_kubernetes_executor to None, run_after=None
[2025-12-11T23:41:49.872+0000] {processor.py:183} INFO - Processing /home/airflow/.local/lib/python3.9/site-packages/airflow/example_dags/example_local_kubernetes_executor.py took 0.146 seconds
[2025-12-11T23:42:20.045+0000] {processor.py:161} INFO - Started process (PID=6690) to work on /home/airflow/.local/lib/python3.9/site-packages/airflow/example_dags/example_local_kubernetes_executor.py
[2025-12-11T23:42:20.055+0000] {processor.py:830} INFO - Processing file /home/airflow/.local/lib/python3.9/site-packages/airflow/example_dags/example_local_kubernetes_executor.py for tasks to queue
[2025-12-11T23:42:20.058+0000] {logging_mixin.py:188} INFO - [2025-12-11T23:42:20.057+0000] {dagbag.py:545} INFO - Filling up the DagBag from /home/airflow/.local/lib/python3.9/site-packages/airflow/example_dags/example_local_kubernetes_executor.py
[2025-12-11T23:42:20.071+0000] {processor.py:840} INFO - DAG(s) 'example_local_kubernetes_executor' retrieved from /home/airflow/.local/lib/python3.9/site-packages/airflow/example_dags/example_local_kubernetes_executor.py
[2025-12-11T23:42:20.133+0000] {logging_mixin.py:188} INFO - [2025-12-11T23:42:20.132+0000] {dag.py:3096} INFO - Sync 1 DAGs
[2025-12-11T23:42:20.155+0000] {logging_mixin.py:188} INFO - [2025-12-11T23:42:20.155+0000] {dag.py:3954} INFO - Setting next_dagrun for example_local_kubernetes_executor to None, run_after=None
[2025-12-11T23:42:20.183+0000] {processor.py:183} INFO - Processing /home/airflow/.local/lib/python3.9/site-packages/airflow/example_dags/example_local_kubernetes_executor.py took 0.149 seconds
