[2025-12-11T22:51:59.093+0000] {processor.py:161} INFO - Started process (PID=98) to work on /home/airflow/.local/lib/python3.9/site-packages/airflow/example_dags/example_sla_dag.py
[2025-12-11T22:51:59.095+0000] {processor.py:830} INFO - Processing file /home/airflow/.local/lib/python3.9/site-packages/airflow/example_dags/example_sla_dag.py for tasks to queue
[2025-12-11T22:51:59.113+0000] {logging_mixin.py:188} INFO - [2025-12-11T22:51:59.112+0000] {dagbag.py:545} INFO - Filling up the DagBag from /home/airflow/.local/lib/python3.9/site-packages/airflow/example_dags/example_sla_dag.py
[2025-12-11T22:51:59.229+0000] {processor.py:840} INFO - DAG(s) 'example_sla_dag' retrieved from /home/airflow/.local/lib/python3.9/site-packages/airflow/example_dags/example_sla_dag.py
[2025-12-11T22:52:00.109+0000] {logging_mixin.py:188} INFO - [2025-12-11T22:52:00.093+0000] {dag.py:3096} INFO - Sync 1 DAGs
[2025-12-11T22:52:00.335+0000] {logging_mixin.py:188} INFO - [2025-12-11T22:52:00.334+0000] {dag.py:3954} INFO - Setting next_dagrun for example_sla_dag to 2025-12-11 22:50:00+00:00, run_after=2025-12-11 22:52:00+00:00
[2025-12-11T22:52:00.612+0000] {processor.py:183} INFO - Processing /home/airflow/.local/lib/python3.9/site-packages/airflow/example_dags/example_sla_dag.py took 1.561 seconds
[2025-12-11T22:52:46.614+0000] {processor.py:161} INFO - Started process (PID=163) to work on /home/airflow/.local/lib/python3.9/site-packages/airflow/example_dags/example_sla_dag.py
[2025-12-11T22:52:46.621+0000] {processor.py:830} INFO - Processing file /home/airflow/.local/lib/python3.9/site-packages/airflow/example_dags/example_sla_dag.py for tasks to queue
[2025-12-11T22:52:46.632+0000] {logging_mixin.py:188} INFO - [2025-12-11T22:52:46.632+0000] {dagbag.py:545} INFO - Filling up the DagBag from /home/airflow/.local/lib/python3.9/site-packages/airflow/example_dags/example_sla_dag.py
[2025-12-11T22:52:46.691+0000] {processor.py:840} INFO - DAG(s) 'example_sla_dag' retrieved from /home/airflow/.local/lib/python3.9/site-packages/airflow/example_dags/example_sla_dag.py
[2025-12-11T22:52:46.875+0000] {logging_mixin.py:188} INFO - [2025-12-11T22:52:46.874+0000] {dag.py:3096} INFO - Sync 1 DAGs
[2025-12-11T22:52:47.130+0000] {logging_mixin.py:188} INFO - [2025-12-11T22:52:47.129+0000] {dag.py:3954} INFO - Setting next_dagrun for example_sla_dag to 2025-12-11 22:50:00+00:00, run_after=2025-12-11 22:52:00+00:00
[2025-12-11T22:52:47.430+0000] {processor.py:183} INFO - Processing /home/airflow/.local/lib/python3.9/site-packages/airflow/example_dags/example_sla_dag.py took 0.857 seconds
[2025-12-11T22:53:17.796+0000] {processor.py:161} INFO - Started process (PID=228) to work on /home/airflow/.local/lib/python3.9/site-packages/airflow/example_dags/example_sla_dag.py
[2025-12-11T22:53:17.811+0000] {processor.py:830} INFO - Processing file /home/airflow/.local/lib/python3.9/site-packages/airflow/example_dags/example_sla_dag.py for tasks to queue
[2025-12-11T22:53:17.815+0000] {logging_mixin.py:188} INFO - [2025-12-11T22:53:17.814+0000] {dagbag.py:545} INFO - Filling up the DagBag from /home/airflow/.local/lib/python3.9/site-packages/airflow/example_dags/example_sla_dag.py
[2025-12-11T22:53:17.870+0000] {processor.py:840} INFO - DAG(s) 'example_sla_dag' retrieved from /home/airflow/.local/lib/python3.9/site-packages/airflow/example_dags/example_sla_dag.py
[2025-12-11T22:53:17.934+0000] {logging_mixin.py:188} INFO - [2025-12-11T22:53:17.933+0000] {dag.py:3096} INFO - Sync 1 DAGs
[2025-12-11T22:53:18.111+0000] {logging_mixin.py:188} INFO - [2025-12-11T22:53:18.110+0000] {dag.py:3954} INFO - Setting next_dagrun for example_sla_dag to 2025-12-11 22:50:00+00:00, run_after=2025-12-11 22:52:00+00:00
[2025-12-11T22:53:18.213+0000] {processor.py:183} INFO - Processing /home/airflow/.local/lib/python3.9/site-packages/airflow/example_dags/example_sla_dag.py took 0.444 seconds
[2025-12-11T22:53:48.736+0000] {processor.py:161} INFO - Started process (PID=287) to work on /home/airflow/.local/lib/python3.9/site-packages/airflow/example_dags/example_sla_dag.py
[2025-12-11T22:53:48.740+0000] {processor.py:830} INFO - Processing file /home/airflow/.local/lib/python3.9/site-packages/airflow/example_dags/example_sla_dag.py for tasks to queue
[2025-12-11T22:53:48.743+0000] {logging_mixin.py:188} INFO - [2025-12-11T22:53:48.743+0000] {dagbag.py:545} INFO - Filling up the DagBag from /home/airflow/.local/lib/python3.9/site-packages/airflow/example_dags/example_sla_dag.py
[2025-12-11T22:53:48.759+0000] {processor.py:840} INFO - DAG(s) 'example_sla_dag' retrieved from /home/airflow/.local/lib/python3.9/site-packages/airflow/example_dags/example_sla_dag.py
[2025-12-11T22:53:48.955+0000] {logging_mixin.py:188} INFO - [2025-12-11T22:53:48.955+0000] {dag.py:3096} INFO - Sync 1 DAGs
[2025-12-11T22:53:49.015+0000] {logging_mixin.py:188} INFO - [2025-12-11T22:53:49.014+0000] {dag.py:3954} INFO - Setting next_dagrun for example_sla_dag to 2025-12-11 22:50:00+00:00, run_after=2025-12-11 22:52:00+00:00
[2025-12-11T22:53:49.060+0000] {processor.py:183} INFO - Processing /home/airflow/.local/lib/python3.9/site-packages/airflow/example_dags/example_sla_dag.py took 0.335 seconds
[2025-12-11T22:54:19.334+0000] {processor.py:161} INFO - Started process (PID=353) to work on /home/airflow/.local/lib/python3.9/site-packages/airflow/example_dags/example_sla_dag.py
[2025-12-11T22:54:19.358+0000] {processor.py:830} INFO - Processing file /home/airflow/.local/lib/python3.9/site-packages/airflow/example_dags/example_sla_dag.py for tasks to queue
[2025-12-11T22:54:19.363+0000] {logging_mixin.py:188} INFO - [2025-12-11T22:54:19.363+0000] {dagbag.py:545} INFO - Filling up the DagBag from /home/airflow/.local/lib/python3.9/site-packages/airflow/example_dags/example_sla_dag.py
[2025-12-11T22:54:19.381+0000] {processor.py:840} INFO - DAG(s) 'example_sla_dag' retrieved from /home/airflow/.local/lib/python3.9/site-packages/airflow/example_dags/example_sla_dag.py
[2025-12-11T22:54:19.429+0000] {logging_mixin.py:188} INFO - [2025-12-11T22:54:19.428+0000] {dag.py:3096} INFO - Sync 1 DAGs
[2025-12-11T22:54:19.474+0000] {logging_mixin.py:188} INFO - [2025-12-11T22:54:19.474+0000] {dag.py:3954} INFO - Setting next_dagrun for example_sla_dag to 2025-12-11 22:52:00+00:00, run_after=2025-12-11 22:54:00+00:00
[2025-12-11T22:54:19.504+0000] {processor.py:183} INFO - Processing /home/airflow/.local/lib/python3.9/site-packages/airflow/example_dags/example_sla_dag.py took 0.183 seconds
[2025-12-11T22:54:49.774+0000] {processor.py:161} INFO - Started process (PID=419) to work on /home/airflow/.local/lib/python3.9/site-packages/airflow/example_dags/example_sla_dag.py
[2025-12-11T22:54:49.781+0000] {processor.py:830} INFO - Processing file /home/airflow/.local/lib/python3.9/site-packages/airflow/example_dags/example_sla_dag.py for tasks to queue
[2025-12-11T22:54:49.791+0000] {logging_mixin.py:188} INFO - [2025-12-11T22:54:49.791+0000] {dagbag.py:545} INFO - Filling up the DagBag from /home/airflow/.local/lib/python3.9/site-packages/airflow/example_dags/example_sla_dag.py
[2025-12-11T22:54:49.814+0000] {processor.py:840} INFO - DAG(s) 'example_sla_dag' retrieved from /home/airflow/.local/lib/python3.9/site-packages/airflow/example_dags/example_sla_dag.py
[2025-12-11T22:54:49.892+0000] {logging_mixin.py:188} INFO - [2025-12-11T22:54:49.891+0000] {dag.py:3096} INFO - Sync 1 DAGs
[2025-12-11T22:54:49.992+0000] {logging_mixin.py:188} INFO - [2025-12-11T22:54:49.991+0000] {dag.py:3954} INFO - Setting next_dagrun for example_sla_dag to 2025-12-11 22:52:00+00:00, run_after=2025-12-11 22:54:00+00:00
[2025-12-11T22:54:50.303+0000] {processor.py:183} INFO - Processing /home/airflow/.local/lib/python3.9/site-packages/airflow/example_dags/example_sla_dag.py took 0.548 seconds
[2025-12-11T22:55:21.771+0000] {processor.py:161} INFO - Started process (PID=485) to work on /home/airflow/.local/lib/python3.9/site-packages/airflow/example_dags/example_sla_dag.py
[2025-12-11T22:55:21.780+0000] {processor.py:830} INFO - Processing file /home/airflow/.local/lib/python3.9/site-packages/airflow/example_dags/example_sla_dag.py for tasks to queue
[2025-12-11T22:55:21.792+0000] {logging_mixin.py:188} INFO - [2025-12-11T22:55:21.792+0000] {dagbag.py:545} INFO - Filling up the DagBag from /home/airflow/.local/lib/python3.9/site-packages/airflow/example_dags/example_sla_dag.py
[2025-12-11T22:55:21.816+0000] {processor.py:840} INFO - DAG(s) 'example_sla_dag' retrieved from /home/airflow/.local/lib/python3.9/site-packages/airflow/example_dags/example_sla_dag.py
[2025-12-11T22:55:21.879+0000] {logging_mixin.py:188} INFO - [2025-12-11T22:55:21.879+0000] {dag.py:3096} INFO - Sync 1 DAGs
[2025-12-11T22:55:21.955+0000] {logging_mixin.py:188} INFO - [2025-12-11T22:55:21.954+0000] {dag.py:3954} INFO - Setting next_dagrun for example_sla_dag to 2025-12-11 22:52:00+00:00, run_after=2025-12-11 22:54:00+00:00
[2025-12-11T22:55:22.016+0000] {processor.py:183} INFO - Processing /home/airflow/.local/lib/python3.9/site-packages/airflow/example_dags/example_sla_dag.py took 0.287 seconds
[2025-12-11T22:55:52.336+0000] {processor.py:161} INFO - Started process (PID=549) to work on /home/airflow/.local/lib/python3.9/site-packages/airflow/example_dags/example_sla_dag.py
[2025-12-11T22:55:52.338+0000] {processor.py:830} INFO - Processing file /home/airflow/.local/lib/python3.9/site-packages/airflow/example_dags/example_sla_dag.py for tasks to queue
[2025-12-11T22:55:52.340+0000] {logging_mixin.py:188} INFO - [2025-12-11T22:55:52.340+0000] {dagbag.py:545} INFO - Filling up the DagBag from /home/airflow/.local/lib/python3.9/site-packages/airflow/example_dags/example_sla_dag.py
[2025-12-11T22:55:52.359+0000] {processor.py:840} INFO - DAG(s) 'example_sla_dag' retrieved from /home/airflow/.local/lib/python3.9/site-packages/airflow/example_dags/example_sla_dag.py
[2025-12-11T22:55:52.429+0000] {logging_mixin.py:188} INFO - [2025-12-11T22:55:52.422+0000] {dag.py:3096} INFO - Sync 1 DAGs
[2025-12-11T22:55:52.499+0000] {logging_mixin.py:188} INFO - [2025-12-11T22:55:52.499+0000] {dag.py:3954} INFO - Setting next_dagrun for example_sla_dag to 2025-12-11 22:52:00+00:00, run_after=2025-12-11 22:54:00+00:00
[2025-12-11T22:55:52.558+0000] {processor.py:183} INFO - Processing /home/airflow/.local/lib/python3.9/site-packages/airflow/example_dags/example_sla_dag.py took 0.239 seconds
[2025-12-11T22:56:22.678+0000] {processor.py:161} INFO - Started process (PID=614) to work on /home/airflow/.local/lib/python3.9/site-packages/airflow/example_dags/example_sla_dag.py
[2025-12-11T22:56:22.680+0000] {processor.py:830} INFO - Processing file /home/airflow/.local/lib/python3.9/site-packages/airflow/example_dags/example_sla_dag.py for tasks to queue
[2025-12-11T22:56:22.682+0000] {logging_mixin.py:188} INFO - [2025-12-11T22:56:22.682+0000] {dagbag.py:545} INFO - Filling up the DagBag from /home/airflow/.local/lib/python3.9/site-packages/airflow/example_dags/example_sla_dag.py
[2025-12-11T22:56:22.697+0000] {processor.py:840} INFO - DAG(s) 'example_sla_dag' retrieved from /home/airflow/.local/lib/python3.9/site-packages/airflow/example_dags/example_sla_dag.py
[2025-12-11T22:56:22.734+0000] {logging_mixin.py:188} INFO - [2025-12-11T22:56:22.733+0000] {dag.py:3096} INFO - Sync 1 DAGs
[2025-12-11T22:56:22.774+0000] {logging_mixin.py:188} INFO - [2025-12-11T22:56:22.774+0000] {dag.py:3954} INFO - Setting next_dagrun for example_sla_dag to 2025-12-11 22:54:00+00:00, run_after=2025-12-11 22:56:00+00:00
[2025-12-11T22:56:22.853+0000] {processor.py:183} INFO - Processing /home/airflow/.local/lib/python3.9/site-packages/airflow/example_dags/example_sla_dag.py took 0.186 seconds
[2025-12-11T22:56:53.352+0000] {processor.py:161} INFO - Started process (PID=680) to work on /home/airflow/.local/lib/python3.9/site-packages/airflow/example_dags/example_sla_dag.py
[2025-12-11T22:56:53.356+0000] {processor.py:830} INFO - Processing file /home/airflow/.local/lib/python3.9/site-packages/airflow/example_dags/example_sla_dag.py for tasks to queue
[2025-12-11T22:56:53.358+0000] {logging_mixin.py:188} INFO - [2025-12-11T22:56:53.358+0000] {dagbag.py:545} INFO - Filling up the DagBag from /home/airflow/.local/lib/python3.9/site-packages/airflow/example_dags/example_sla_dag.py
[2025-12-11T22:56:53.379+0000] {processor.py:840} INFO - DAG(s) 'example_sla_dag' retrieved from /home/airflow/.local/lib/python3.9/site-packages/airflow/example_dags/example_sla_dag.py
[2025-12-11T22:56:53.434+0000] {logging_mixin.py:188} INFO - [2025-12-11T22:56:53.434+0000] {dag.py:3096} INFO - Sync 1 DAGs
[2025-12-11T22:56:53.503+0000] {logging_mixin.py:188} INFO - [2025-12-11T22:56:53.503+0000] {dag.py:3954} INFO - Setting next_dagrun for example_sla_dag to 2025-12-11 22:54:00+00:00, run_after=2025-12-11 22:56:00+00:00
[2025-12-11T22:56:53.551+0000] {processor.py:183} INFO - Processing /home/airflow/.local/lib/python3.9/site-packages/airflow/example_dags/example_sla_dag.py took 0.209 seconds
[2025-12-11T22:57:23.632+0000] {processor.py:161} INFO - Started process (PID=746) to work on /home/airflow/.local/lib/python3.9/site-packages/airflow/example_dags/example_sla_dag.py
[2025-12-11T22:57:23.634+0000] {processor.py:830} INFO - Processing file /home/airflow/.local/lib/python3.9/site-packages/airflow/example_dags/example_sla_dag.py for tasks to queue
[2025-12-11T22:57:23.637+0000] {logging_mixin.py:188} INFO - [2025-12-11T22:57:23.636+0000] {dagbag.py:545} INFO - Filling up the DagBag from /home/airflow/.local/lib/python3.9/site-packages/airflow/example_dags/example_sla_dag.py
[2025-12-11T22:57:23.659+0000] {processor.py:840} INFO - DAG(s) 'example_sla_dag' retrieved from /home/airflow/.local/lib/python3.9/site-packages/airflow/example_dags/example_sla_dag.py
[2025-12-11T22:57:23.716+0000] {logging_mixin.py:188} INFO - [2025-12-11T22:57:23.716+0000] {dag.py:3096} INFO - Sync 1 DAGs
[2025-12-11T22:57:23.776+0000] {logging_mixin.py:188} INFO - [2025-12-11T22:57:23.775+0000] {dag.py:3954} INFO - Setting next_dagrun for example_sla_dag to 2025-12-11 22:54:00+00:00, run_after=2025-12-11 22:56:00+00:00
[2025-12-11T22:57:23.819+0000] {processor.py:183} INFO - Processing /home/airflow/.local/lib/python3.9/site-packages/airflow/example_dags/example_sla_dag.py took 0.196 seconds
[2025-12-11T22:57:54.636+0000] {processor.py:161} INFO - Started process (PID=813) to work on /home/airflow/.local/lib/python3.9/site-packages/airflow/example_dags/example_sla_dag.py
[2025-12-11T22:57:54.702+0000] {processor.py:830} INFO - Processing file /home/airflow/.local/lib/python3.9/site-packages/airflow/example_dags/example_sla_dag.py for tasks to queue
[2025-12-11T22:57:54.706+0000] {logging_mixin.py:188} INFO - [2025-12-11T22:57:54.705+0000] {dagbag.py:545} INFO - Filling up the DagBag from /home/airflow/.local/lib/python3.9/site-packages/airflow/example_dags/example_sla_dag.py
[2025-12-11T22:57:54.724+0000] {processor.py:840} INFO - DAG(s) 'example_sla_dag' retrieved from /home/airflow/.local/lib/python3.9/site-packages/airflow/example_dags/example_sla_dag.py
[2025-12-11T22:57:54.768+0000] {logging_mixin.py:188} INFO - [2025-12-11T22:57:54.768+0000] {dag.py:3096} INFO - Sync 1 DAGs
[2025-12-11T22:57:54.815+0000] {logging_mixin.py:188} INFO - [2025-12-11T22:57:54.815+0000] {dag.py:3954} INFO - Setting next_dagrun for example_sla_dag to 2025-12-11 22:54:00+00:00, run_after=2025-12-11 22:56:00+00:00
[2025-12-11T22:57:54.891+0000] {processor.py:183} INFO - Processing /home/airflow/.local/lib/python3.9/site-packages/airflow/example_dags/example_sla_dag.py took 0.268 seconds
[2025-12-11T22:58:25.643+0000] {processor.py:161} INFO - Started process (PID=879) to work on /home/airflow/.local/lib/python3.9/site-packages/airflow/example_dags/example_sla_dag.py
[2025-12-11T22:58:25.645+0000] {processor.py:830} INFO - Processing file /home/airflow/.local/lib/python3.9/site-packages/airflow/example_dags/example_sla_dag.py for tasks to queue
[2025-12-11T22:58:25.651+0000] {logging_mixin.py:188} INFO - [2025-12-11T22:58:25.651+0000] {dagbag.py:545} INFO - Filling up the DagBag from /home/airflow/.local/lib/python3.9/site-packages/airflow/example_dags/example_sla_dag.py
[2025-12-11T22:58:25.675+0000] {processor.py:840} INFO - DAG(s) 'example_sla_dag' retrieved from /home/airflow/.local/lib/python3.9/site-packages/airflow/example_dags/example_sla_dag.py
[2025-12-11T22:58:25.739+0000] {logging_mixin.py:188} INFO - [2025-12-11T22:58:25.739+0000] {dag.py:3096} INFO - Sync 1 DAGs
[2025-12-11T22:58:25.833+0000] {logging_mixin.py:188} INFO - [2025-12-11T22:58:25.832+0000] {dag.py:3954} INFO - Setting next_dagrun for example_sla_dag to 2025-12-11 22:56:00+00:00, run_after=2025-12-11 22:58:00+00:00
[2025-12-11T22:58:25.880+0000] {processor.py:183} INFO - Processing /home/airflow/.local/lib/python3.9/site-packages/airflow/example_dags/example_sla_dag.py took 0.261 seconds
[2025-12-11T22:58:56.627+0000] {processor.py:161} INFO - Started process (PID=945) to work on /home/airflow/.local/lib/python3.9/site-packages/airflow/example_dags/example_sla_dag.py
[2025-12-11T22:58:56.629+0000] {processor.py:830} INFO - Processing file /home/airflow/.local/lib/python3.9/site-packages/airflow/example_dags/example_sla_dag.py for tasks to queue
[2025-12-11T22:58:56.632+0000] {logging_mixin.py:188} INFO - [2025-12-11T22:58:56.632+0000] {dagbag.py:545} INFO - Filling up the DagBag from /home/airflow/.local/lib/python3.9/site-packages/airflow/example_dags/example_sla_dag.py
[2025-12-11T22:58:56.644+0000] {processor.py:840} INFO - DAG(s) 'example_sla_dag' retrieved from /home/airflow/.local/lib/python3.9/site-packages/airflow/example_dags/example_sla_dag.py
[2025-12-11T22:58:56.679+0000] {logging_mixin.py:188} INFO - [2025-12-11T22:58:56.679+0000] {dag.py:3096} INFO - Sync 1 DAGs
[2025-12-11T22:58:56.716+0000] {logging_mixin.py:188} INFO - [2025-12-11T22:58:56.716+0000] {dag.py:3954} INFO - Setting next_dagrun for example_sla_dag to 2025-12-11 22:56:00+00:00, run_after=2025-12-11 22:58:00+00:00
[2025-12-11T22:58:56.739+0000] {processor.py:183} INFO - Processing /home/airflow/.local/lib/python3.9/site-packages/airflow/example_dags/example_sla_dag.py took 0.122 seconds
[2025-12-11T22:59:27.078+0000] {processor.py:161} INFO - Started process (PID=1011) to work on /home/airflow/.local/lib/python3.9/site-packages/airflow/example_dags/example_sla_dag.py
[2025-12-11T22:59:27.238+0000] {processor.py:830} INFO - Processing file /home/airflow/.local/lib/python3.9/site-packages/airflow/example_dags/example_sla_dag.py for tasks to queue
[2025-12-11T22:59:27.241+0000] {logging_mixin.py:188} INFO - [2025-12-11T22:59:27.240+0000] {dagbag.py:545} INFO - Filling up the DagBag from /home/airflow/.local/lib/python3.9/site-packages/airflow/example_dags/example_sla_dag.py
[2025-12-11T22:59:27.254+0000] {processor.py:840} INFO - DAG(s) 'example_sla_dag' retrieved from /home/airflow/.local/lib/python3.9/site-packages/airflow/example_dags/example_sla_dag.py
[2025-12-11T22:59:27.292+0000] {logging_mixin.py:188} INFO - [2025-12-11T22:59:27.291+0000] {dag.py:3096} INFO - Sync 1 DAGs
[2025-12-11T22:59:27.352+0000] {logging_mixin.py:188} INFO - [2025-12-11T22:59:27.351+0000] {dag.py:3954} INFO - Setting next_dagrun for example_sla_dag to 2025-12-11 22:56:00+00:00, run_after=2025-12-11 22:58:00+00:00
[2025-12-11T22:59:27.397+0000] {processor.py:183} INFO - Processing /home/airflow/.local/lib/python3.9/site-packages/airflow/example_dags/example_sla_dag.py took 0.330 seconds
[2025-12-11T22:59:58.292+0000] {processor.py:161} INFO - Started process (PID=1077) to work on /home/airflow/.local/lib/python3.9/site-packages/airflow/example_dags/example_sla_dag.py
[2025-12-11T22:59:58.293+0000] {processor.py:830} INFO - Processing file /home/airflow/.local/lib/python3.9/site-packages/airflow/example_dags/example_sla_dag.py for tasks to queue
[2025-12-11T22:59:58.296+0000] {logging_mixin.py:188} INFO - [2025-12-11T22:59:58.295+0000] {dagbag.py:545} INFO - Filling up the DagBag from /home/airflow/.local/lib/python3.9/site-packages/airflow/example_dags/example_sla_dag.py
[2025-12-11T22:59:58.309+0000] {processor.py:840} INFO - DAG(s) 'example_sla_dag' retrieved from /home/airflow/.local/lib/python3.9/site-packages/airflow/example_dags/example_sla_dag.py
[2025-12-11T22:59:58.350+0000] {logging_mixin.py:188} INFO - [2025-12-11T22:59:58.349+0000] {dag.py:3096} INFO - Sync 1 DAGs
[2025-12-11T22:59:58.398+0000] {logging_mixin.py:188} INFO - [2025-12-11T22:59:58.398+0000] {dag.py:3954} INFO - Setting next_dagrun for example_sla_dag to 2025-12-11 22:56:00+00:00, run_after=2025-12-11 22:58:00+00:00
[2025-12-11T22:59:58.444+0000] {processor.py:183} INFO - Processing /home/airflow/.local/lib/python3.9/site-packages/airflow/example_dags/example_sla_dag.py took 0.163 seconds
[2025-12-11T23:00:28.634+0000] {processor.py:161} INFO - Started process (PID=1143) to work on /home/airflow/.local/lib/python3.9/site-packages/airflow/example_dags/example_sla_dag.py
[2025-12-11T23:00:28.635+0000] {processor.py:830} INFO - Processing file /home/airflow/.local/lib/python3.9/site-packages/airflow/example_dags/example_sla_dag.py for tasks to queue
[2025-12-11T23:00:28.638+0000] {logging_mixin.py:188} INFO - [2025-12-11T23:00:28.638+0000] {dagbag.py:545} INFO - Filling up the DagBag from /home/airflow/.local/lib/python3.9/site-packages/airflow/example_dags/example_sla_dag.py
[2025-12-11T23:00:28.651+0000] {processor.py:840} INFO - DAG(s) 'example_sla_dag' retrieved from /home/airflow/.local/lib/python3.9/site-packages/airflow/example_dags/example_sla_dag.py
[2025-12-11T23:00:28.688+0000] {logging_mixin.py:188} INFO - [2025-12-11T23:00:28.688+0000] {dag.py:3096} INFO - Sync 1 DAGs
[2025-12-11T23:00:28.736+0000] {logging_mixin.py:188} INFO - [2025-12-11T23:00:28.736+0000] {dag.py:3954} INFO - Setting next_dagrun for example_sla_dag to 2025-12-11 22:58:00+00:00, run_after=2025-12-11 23:00:00+00:00
[2025-12-11T23:00:28.774+0000] {processor.py:183} INFO - Processing /home/airflow/.local/lib/python3.9/site-packages/airflow/example_dags/example_sla_dag.py took 0.151 seconds
[2025-12-11T23:00:58.864+0000] {processor.py:161} INFO - Started process (PID=1208) to work on /home/airflow/.local/lib/python3.9/site-packages/airflow/example_dags/example_sla_dag.py
[2025-12-11T23:00:58.866+0000] {processor.py:830} INFO - Processing file /home/airflow/.local/lib/python3.9/site-packages/airflow/example_dags/example_sla_dag.py for tasks to queue
[2025-12-11T23:00:58.869+0000] {logging_mixin.py:188} INFO - [2025-12-11T23:00:58.868+0000] {dagbag.py:545} INFO - Filling up the DagBag from /home/airflow/.local/lib/python3.9/site-packages/airflow/example_dags/example_sla_dag.py
[2025-12-11T23:00:58.883+0000] {processor.py:840} INFO - DAG(s) 'example_sla_dag' retrieved from /home/airflow/.local/lib/python3.9/site-packages/airflow/example_dags/example_sla_dag.py
[2025-12-11T23:00:58.921+0000] {logging_mixin.py:188} INFO - [2025-12-11T23:00:58.920+0000] {dag.py:3096} INFO - Sync 1 DAGs
[2025-12-11T23:00:58.964+0000] {logging_mixin.py:188} INFO - [2025-12-11T23:00:58.964+0000] {dag.py:3954} INFO - Setting next_dagrun for example_sla_dag to 2025-12-11 22:58:00+00:00, run_after=2025-12-11 23:00:00+00:00
[2025-12-11T23:00:58.995+0000] {processor.py:183} INFO - Processing /home/airflow/.local/lib/python3.9/site-packages/airflow/example_dags/example_sla_dag.py took 0.141 seconds
[2025-12-11T23:01:29.273+0000] {processor.py:161} INFO - Started process (PID=1274) to work on /home/airflow/.local/lib/python3.9/site-packages/airflow/example_dags/example_sla_dag.py
[2025-12-11T23:01:29.274+0000] {processor.py:830} INFO - Processing file /home/airflow/.local/lib/python3.9/site-packages/airflow/example_dags/example_sla_dag.py for tasks to queue
[2025-12-11T23:01:29.277+0000] {logging_mixin.py:188} INFO - [2025-12-11T23:01:29.277+0000] {dagbag.py:545} INFO - Filling up the DagBag from /home/airflow/.local/lib/python3.9/site-packages/airflow/example_dags/example_sla_dag.py
[2025-12-11T23:01:29.291+0000] {processor.py:840} INFO - DAG(s) 'example_sla_dag' retrieved from /home/airflow/.local/lib/python3.9/site-packages/airflow/example_dags/example_sla_dag.py
[2025-12-11T23:01:29.327+0000] {logging_mixin.py:188} INFO - [2025-12-11T23:01:29.327+0000] {dag.py:3096} INFO - Sync 1 DAGs
[2025-12-11T23:01:29.373+0000] {logging_mixin.py:188} INFO - [2025-12-11T23:01:29.373+0000] {dag.py:3954} INFO - Setting next_dagrun for example_sla_dag to 2025-12-11 22:58:00+00:00, run_after=2025-12-11 23:00:00+00:00
[2025-12-11T23:01:29.420+0000] {processor.py:183} INFO - Processing /home/airflow/.local/lib/python3.9/site-packages/airflow/example_dags/example_sla_dag.py took 0.157 seconds
[2025-12-11T23:01:59.823+0000] {processor.py:161} INFO - Started process (PID=1342) to work on /home/airflow/.local/lib/python3.9/site-packages/airflow/example_dags/example_sla_dag.py
[2025-12-11T23:01:59.861+0000] {processor.py:830} INFO - Processing file /home/airflow/.local/lib/python3.9/site-packages/airflow/example_dags/example_sla_dag.py for tasks to queue
[2025-12-11T23:01:59.864+0000] {logging_mixin.py:188} INFO - [2025-12-11T23:01:59.863+0000] {dagbag.py:545} INFO - Filling up the DagBag from /home/airflow/.local/lib/python3.9/site-packages/airflow/example_dags/example_sla_dag.py
[2025-12-11T23:01:59.881+0000] {processor.py:840} INFO - DAG(s) 'example_sla_dag' retrieved from /home/airflow/.local/lib/python3.9/site-packages/airflow/example_dags/example_sla_dag.py
[2025-12-11T23:01:59.929+0000] {logging_mixin.py:188} INFO - [2025-12-11T23:01:59.927+0000] {dag.py:3096} INFO - Sync 1 DAGs
[2025-12-11T23:02:00.010+0000] {logging_mixin.py:188} INFO - [2025-12-11T23:02:00.010+0000] {dag.py:3954} INFO - Setting next_dagrun for example_sla_dag to 2025-12-11 22:58:00+00:00, run_after=2025-12-11 23:00:00+00:00
[2025-12-11T23:02:00.131+0000] {processor.py:183} INFO - Processing /home/airflow/.local/lib/python3.9/site-packages/airflow/example_dags/example_sla_dag.py took 0.319 seconds
[2025-12-11T23:02:30.327+0000] {processor.py:161} INFO - Started process (PID=1409) to work on /home/airflow/.local/lib/python3.9/site-packages/airflow/example_dags/example_sla_dag.py
[2025-12-11T23:02:30.329+0000] {processor.py:830} INFO - Processing file /home/airflow/.local/lib/python3.9/site-packages/airflow/example_dags/example_sla_dag.py for tasks to queue
[2025-12-11T23:02:30.331+0000] {logging_mixin.py:188} INFO - [2025-12-11T23:02:30.331+0000] {dagbag.py:545} INFO - Filling up the DagBag from /home/airflow/.local/lib/python3.9/site-packages/airflow/example_dags/example_sla_dag.py
[2025-12-11T23:02:30.344+0000] {processor.py:840} INFO - DAG(s) 'example_sla_dag' retrieved from /home/airflow/.local/lib/python3.9/site-packages/airflow/example_dags/example_sla_dag.py
[2025-12-11T23:02:30.382+0000] {logging_mixin.py:188} INFO - [2025-12-11T23:02:30.381+0000] {dag.py:3096} INFO - Sync 1 DAGs
[2025-12-11T23:02:30.449+0000] {logging_mixin.py:188} INFO - [2025-12-11T23:02:30.440+0000] {dag.py:3954} INFO - Setting next_dagrun for example_sla_dag to 2025-12-11 23:00:00+00:00, run_after=2025-12-11 23:02:00+00:00
[2025-12-11T23:02:30.484+0000] {processor.py:183} INFO - Processing /home/airflow/.local/lib/python3.9/site-packages/airflow/example_dags/example_sla_dag.py took 0.167 seconds
[2025-12-11T23:03:00.950+0000] {processor.py:161} INFO - Started process (PID=1478) to work on /home/airflow/.local/lib/python3.9/site-packages/airflow/example_dags/example_sla_dag.py
[2025-12-11T23:03:00.952+0000] {processor.py:830} INFO - Processing file /home/airflow/.local/lib/python3.9/site-packages/airflow/example_dags/example_sla_dag.py for tasks to queue
[2025-12-11T23:03:00.955+0000] {logging_mixin.py:188} INFO - [2025-12-11T23:03:00.955+0000] {dagbag.py:545} INFO - Filling up the DagBag from /home/airflow/.local/lib/python3.9/site-packages/airflow/example_dags/example_sla_dag.py
[2025-12-11T23:03:00.974+0000] {processor.py:840} INFO - DAG(s) 'example_sla_dag' retrieved from /home/airflow/.local/lib/python3.9/site-packages/airflow/example_dags/example_sla_dag.py
[2025-12-11T23:03:01.022+0000] {logging_mixin.py:188} INFO - [2025-12-11T23:03:01.022+0000] {dag.py:3096} INFO - Sync 1 DAGs
[2025-12-11T23:03:01.082+0000] {logging_mixin.py:188} INFO - [2025-12-11T23:03:01.081+0000] {dag.py:3954} INFO - Setting next_dagrun for example_sla_dag to 2025-12-11 23:00:00+00:00, run_after=2025-12-11 23:02:00+00:00
[2025-12-11T23:03:01.121+0000] {processor.py:183} INFO - Processing /home/airflow/.local/lib/python3.9/site-packages/airflow/example_dags/example_sla_dag.py took 0.184 seconds
[2025-12-11T23:03:31.474+0000] {processor.py:161} INFO - Started process (PID=1545) to work on /home/airflow/.local/lib/python3.9/site-packages/airflow/example_dags/example_sla_dag.py
[2025-12-11T23:03:31.600+0000] {processor.py:830} INFO - Processing file /home/airflow/.local/lib/python3.9/site-packages/airflow/example_dags/example_sla_dag.py for tasks to queue
[2025-12-11T23:03:31.603+0000] {logging_mixin.py:188} INFO - [2025-12-11T23:03:31.603+0000] {dagbag.py:545} INFO - Filling up the DagBag from /home/airflow/.local/lib/python3.9/site-packages/airflow/example_dags/example_sla_dag.py
[2025-12-11T23:03:31.620+0000] {processor.py:840} INFO - DAG(s) 'example_sla_dag' retrieved from /home/airflow/.local/lib/python3.9/site-packages/airflow/example_dags/example_sla_dag.py
[2025-12-11T23:03:31.662+0000] {logging_mixin.py:188} INFO - [2025-12-11T23:03:31.662+0000] {dag.py:3096} INFO - Sync 1 DAGs
[2025-12-11T23:03:31.708+0000] {logging_mixin.py:188} INFO - [2025-12-11T23:03:31.708+0000] {dag.py:3954} INFO - Setting next_dagrun for example_sla_dag to 2025-12-11 23:00:00+00:00, run_after=2025-12-11 23:02:00+00:00
[2025-12-11T23:03:31.812+0000] {processor.py:183} INFO - Processing /home/airflow/.local/lib/python3.9/site-packages/airflow/example_dags/example_sla_dag.py took 0.349 seconds
[2025-12-11T23:04:01.981+0000] {processor.py:161} INFO - Started process (PID=1616) to work on /home/airflow/.local/lib/python3.9/site-packages/airflow/example_dags/example_sla_dag.py
[2025-12-11T23:04:01.982+0000] {processor.py:830} INFO - Processing file /home/airflow/.local/lib/python3.9/site-packages/airflow/example_dags/example_sla_dag.py for tasks to queue
[2025-12-11T23:04:01.986+0000] {logging_mixin.py:188} INFO - [2025-12-11T23:04:01.985+0000] {dagbag.py:545} INFO - Filling up the DagBag from /home/airflow/.local/lib/python3.9/site-packages/airflow/example_dags/example_sla_dag.py
[2025-12-11T23:04:02.000+0000] {processor.py:840} INFO - DAG(s) 'example_sla_dag' retrieved from /home/airflow/.local/lib/python3.9/site-packages/airflow/example_dags/example_sla_dag.py
[2025-12-11T23:04:02.043+0000] {logging_mixin.py:188} INFO - [2025-12-11T23:04:02.042+0000] {dag.py:3096} INFO - Sync 1 DAGs
[2025-12-11T23:04:02.116+0000] {logging_mixin.py:188} INFO - [2025-12-11T23:04:02.115+0000] {dag.py:3954} INFO - Setting next_dagrun for example_sla_dag to 2025-12-11 23:02:00+00:00, run_after=2025-12-11 23:04:00+00:00
[2025-12-11T23:04:02.177+0000] {processor.py:183} INFO - Processing /home/airflow/.local/lib/python3.9/site-packages/airflow/example_dags/example_sla_dag.py took 0.207 seconds
[2025-12-11T23:04:32.511+0000] {processor.py:161} INFO - Started process (PID=1687) to work on /home/airflow/.local/lib/python3.9/site-packages/airflow/example_dags/example_sla_dag.py
[2025-12-11T23:04:32.513+0000] {processor.py:830} INFO - Processing file /home/airflow/.local/lib/python3.9/site-packages/airflow/example_dags/example_sla_dag.py for tasks to queue
[2025-12-11T23:04:32.517+0000] {logging_mixin.py:188} INFO - [2025-12-11T23:04:32.516+0000] {dagbag.py:545} INFO - Filling up the DagBag from /home/airflow/.local/lib/python3.9/site-packages/airflow/example_dags/example_sla_dag.py
[2025-12-11T23:04:32.534+0000] {processor.py:840} INFO - DAG(s) 'example_sla_dag' retrieved from /home/airflow/.local/lib/python3.9/site-packages/airflow/example_dags/example_sla_dag.py
[2025-12-11T23:04:32.572+0000] {logging_mixin.py:188} INFO - [2025-12-11T23:04:32.571+0000] {dag.py:3096} INFO - Sync 1 DAGs
[2025-12-11T23:04:32.621+0000] {logging_mixin.py:188} INFO - [2025-12-11T23:04:32.620+0000] {dag.py:3954} INFO - Setting next_dagrun for example_sla_dag to 2025-12-11 23:02:00+00:00, run_after=2025-12-11 23:04:00+00:00
[2025-12-11T23:04:32.653+0000] {processor.py:183} INFO - Processing /home/airflow/.local/lib/python3.9/site-packages/airflow/example_dags/example_sla_dag.py took 0.173 seconds
[2025-12-11T23:05:03.152+0000] {processor.py:161} INFO - Started process (PID=1758) to work on /home/airflow/.local/lib/python3.9/site-packages/airflow/example_dags/example_sla_dag.py
[2025-12-11T23:05:03.154+0000] {processor.py:830} INFO - Processing file /home/airflow/.local/lib/python3.9/site-packages/airflow/example_dags/example_sla_dag.py for tasks to queue
[2025-12-11T23:05:03.156+0000] {logging_mixin.py:188} INFO - [2025-12-11T23:05:03.156+0000] {dagbag.py:545} INFO - Filling up the DagBag from /home/airflow/.local/lib/python3.9/site-packages/airflow/example_dags/example_sla_dag.py
[2025-12-11T23:05:03.178+0000] {processor.py:840} INFO - DAG(s) 'example_sla_dag' retrieved from /home/airflow/.local/lib/python3.9/site-packages/airflow/example_dags/example_sla_dag.py
[2025-12-11T23:05:03.229+0000] {logging_mixin.py:188} INFO - [2025-12-11T23:05:03.222+0000] {dag.py:3096} INFO - Sync 1 DAGs
[2025-12-11T23:05:03.280+0000] {logging_mixin.py:188} INFO - [2025-12-11T23:05:03.280+0000] {dag.py:3954} INFO - Setting next_dagrun for example_sla_dag to 2025-12-11 23:02:00+00:00, run_after=2025-12-11 23:04:00+00:00
[2025-12-11T23:05:03.320+0000] {processor.py:183} INFO - Processing /home/airflow/.local/lib/python3.9/site-packages/airflow/example_dags/example_sla_dag.py took 0.186 seconds
[2025-12-11T23:05:33.918+0000] {processor.py:161} INFO - Started process (PID=1831) to work on /home/airflow/.local/lib/python3.9/site-packages/airflow/example_dags/example_sla_dag.py
[2025-12-11T23:05:33.919+0000] {processor.py:830} INFO - Processing file /home/airflow/.local/lib/python3.9/site-packages/airflow/example_dags/example_sla_dag.py for tasks to queue
[2025-12-11T23:05:33.923+0000] {logging_mixin.py:188} INFO - [2025-12-11T23:05:33.922+0000] {dagbag.py:545} INFO - Filling up the DagBag from /home/airflow/.local/lib/python3.9/site-packages/airflow/example_dags/example_sla_dag.py
[2025-12-11T23:05:33.942+0000] {processor.py:840} INFO - DAG(s) 'example_sla_dag' retrieved from /home/airflow/.local/lib/python3.9/site-packages/airflow/example_dags/example_sla_dag.py
[2025-12-11T23:05:33.986+0000] {logging_mixin.py:188} INFO - [2025-12-11T23:05:33.986+0000] {dag.py:3096} INFO - Sync 1 DAGs
[2025-12-11T23:05:34.063+0000] {logging_mixin.py:188} INFO - [2025-12-11T23:05:34.062+0000] {dag.py:3954} INFO - Setting next_dagrun for example_sla_dag to 2025-12-11 23:02:00+00:00, run_after=2025-12-11 23:04:00+00:00
[2025-12-11T23:05:34.152+0000] {processor.py:183} INFO - Processing /home/airflow/.local/lib/python3.9/site-packages/airflow/example_dags/example_sla_dag.py took 0.247 seconds
[2025-12-11T23:06:04.336+0000] {processor.py:161} INFO - Started process (PID=1908) to work on /home/airflow/.local/lib/python3.9/site-packages/airflow/example_dags/example_sla_dag.py
[2025-12-11T23:06:04.337+0000] {processor.py:830} INFO - Processing file /home/airflow/.local/lib/python3.9/site-packages/airflow/example_dags/example_sla_dag.py for tasks to queue
[2025-12-11T23:06:04.340+0000] {logging_mixin.py:188} INFO - [2025-12-11T23:06:04.340+0000] {dagbag.py:545} INFO - Filling up the DagBag from /home/airflow/.local/lib/python3.9/site-packages/airflow/example_dags/example_sla_dag.py
[2025-12-11T23:06:04.374+0000] {processor.py:840} INFO - DAG(s) 'example_sla_dag' retrieved from /home/airflow/.local/lib/python3.9/site-packages/airflow/example_dags/example_sla_dag.py
[2025-12-11T23:06:04.437+0000] {logging_mixin.py:188} INFO - [2025-12-11T23:06:04.436+0000] {dag.py:3096} INFO - Sync 1 DAGs
[2025-12-11T23:06:04.511+0000] {logging_mixin.py:188} INFO - [2025-12-11T23:06:04.510+0000] {dag.py:3954} INFO - Setting next_dagrun for example_sla_dag to 2025-12-11 23:04:00+00:00, run_after=2025-12-11 23:06:00+00:00
[2025-12-11T23:06:04.571+0000] {processor.py:183} INFO - Processing /home/airflow/.local/lib/python3.9/site-packages/airflow/example_dags/example_sla_dag.py took 0.253 seconds
[2025-12-11T23:06:34.691+0000] {processor.py:161} INFO - Started process (PID=1974) to work on /home/airflow/.local/lib/python3.9/site-packages/airflow/example_dags/example_sla_dag.py
[2025-12-11T23:06:34.693+0000] {processor.py:830} INFO - Processing file /home/airflow/.local/lib/python3.9/site-packages/airflow/example_dags/example_sla_dag.py for tasks to queue
[2025-12-11T23:06:34.696+0000] {logging_mixin.py:188} INFO - [2025-12-11T23:06:34.696+0000] {dagbag.py:545} INFO - Filling up the DagBag from /home/airflow/.local/lib/python3.9/site-packages/airflow/example_dags/example_sla_dag.py
[2025-12-11T23:06:34.716+0000] {processor.py:840} INFO - DAG(s) 'example_sla_dag' retrieved from /home/airflow/.local/lib/python3.9/site-packages/airflow/example_dags/example_sla_dag.py
[2025-12-11T23:06:34.780+0000] {logging_mixin.py:188} INFO - [2025-12-11T23:06:34.780+0000] {dag.py:3096} INFO - Sync 1 DAGs
[2025-12-11T23:06:34.874+0000] {logging_mixin.py:188} INFO - [2025-12-11T23:06:34.874+0000] {dag.py:3954} INFO - Setting next_dagrun for example_sla_dag to 2025-12-11 23:04:00+00:00, run_after=2025-12-11 23:06:00+00:00
[2025-12-11T23:06:34.919+0000] {processor.py:183} INFO - Processing /home/airflow/.local/lib/python3.9/site-packages/airflow/example_dags/example_sla_dag.py took 0.242 seconds
[2025-12-11T23:07:05.079+0000] {processor.py:161} INFO - Started process (PID=2046) to work on /home/airflow/.local/lib/python3.9/site-packages/airflow/example_dags/example_sla_dag.py
[2025-12-11T23:07:05.081+0000] {processor.py:830} INFO - Processing file /home/airflow/.local/lib/python3.9/site-packages/airflow/example_dags/example_sla_dag.py for tasks to queue
[2025-12-11T23:07:05.085+0000] {logging_mixin.py:188} INFO - [2025-12-11T23:07:05.084+0000] {dagbag.py:545} INFO - Filling up the DagBag from /home/airflow/.local/lib/python3.9/site-packages/airflow/example_dags/example_sla_dag.py
[2025-12-11T23:07:05.103+0000] {processor.py:840} INFO - DAG(s) 'example_sla_dag' retrieved from /home/airflow/.local/lib/python3.9/site-packages/airflow/example_dags/example_sla_dag.py
[2025-12-11T23:07:05.158+0000] {logging_mixin.py:188} INFO - [2025-12-11T23:07:05.158+0000] {dag.py:3096} INFO - Sync 1 DAGs
[2025-12-11T23:07:05.225+0000] {logging_mixin.py:188} INFO - [2025-12-11T23:07:05.225+0000] {dag.py:3954} INFO - Setting next_dagrun for example_sla_dag to 2025-12-11 23:04:00+00:00, run_after=2025-12-11 23:06:00+00:00
[2025-12-11T23:07:05.263+0000] {processor.py:183} INFO - Processing /home/airflow/.local/lib/python3.9/site-packages/airflow/example_dags/example_sla_dag.py took 0.213 seconds
[2025-12-11T23:07:35.387+0000] {processor.py:161} INFO - Started process (PID=2117) to work on /home/airflow/.local/lib/python3.9/site-packages/airflow/example_dags/example_sla_dag.py
[2025-12-11T23:07:35.395+0000] {processor.py:830} INFO - Processing file /home/airflow/.local/lib/python3.9/site-packages/airflow/example_dags/example_sla_dag.py for tasks to queue
[2025-12-11T23:07:35.398+0000] {logging_mixin.py:188} INFO - [2025-12-11T23:07:35.397+0000] {dagbag.py:545} INFO - Filling up the DagBag from /home/airflow/.local/lib/python3.9/site-packages/airflow/example_dags/example_sla_dag.py
[2025-12-11T23:07:35.413+0000] {processor.py:840} INFO - DAG(s) 'example_sla_dag' retrieved from /home/airflow/.local/lib/python3.9/site-packages/airflow/example_dags/example_sla_dag.py
[2025-12-11T23:07:35.455+0000] {logging_mixin.py:188} INFO - [2025-12-11T23:07:35.454+0000] {dag.py:3096} INFO - Sync 1 DAGs
[2025-12-11T23:07:35.500+0000] {logging_mixin.py:188} INFO - [2025-12-11T23:07:35.500+0000] {dag.py:3954} INFO - Setting next_dagrun for example_sla_dag to 2025-12-11 23:04:00+00:00, run_after=2025-12-11 23:06:00+00:00
[2025-12-11T23:07:35.530+0000] {processor.py:183} INFO - Processing /home/airflow/.local/lib/python3.9/site-packages/airflow/example_dags/example_sla_dag.py took 0.157 seconds
[2025-12-11T23:08:05.685+0000] {processor.py:161} INFO - Started process (PID=2190) to work on /home/airflow/.local/lib/python3.9/site-packages/airflow/example_dags/example_sla_dag.py
[2025-12-11T23:08:05.690+0000] {processor.py:830} INFO - Processing file /home/airflow/.local/lib/python3.9/site-packages/airflow/example_dags/example_sla_dag.py for tasks to queue
[2025-12-11T23:08:05.693+0000] {logging_mixin.py:188} INFO - [2025-12-11T23:08:05.693+0000] {dagbag.py:545} INFO - Filling up the DagBag from /home/airflow/.local/lib/python3.9/site-packages/airflow/example_dags/example_sla_dag.py
[2025-12-11T23:08:05.708+0000] {processor.py:840} INFO - DAG(s) 'example_sla_dag' retrieved from /home/airflow/.local/lib/python3.9/site-packages/airflow/example_dags/example_sla_dag.py
[2025-12-11T23:08:05.744+0000] {logging_mixin.py:188} INFO - [2025-12-11T23:08:05.744+0000] {dag.py:3096} INFO - Sync 1 DAGs
[2025-12-11T23:08:05.783+0000] {logging_mixin.py:188} INFO - [2025-12-11T23:08:05.783+0000] {dag.py:3954} INFO - Setting next_dagrun for example_sla_dag to 2025-12-11 23:06:00+00:00, run_after=2025-12-11 23:08:00+00:00
[2025-12-11T23:08:05.815+0000] {processor.py:183} INFO - Processing /home/airflow/.local/lib/python3.9/site-packages/airflow/example_dags/example_sla_dag.py took 0.141 seconds
[2025-12-11T23:08:36.476+0000] {processor.py:161} INFO - Started process (PID=2259) to work on /home/airflow/.local/lib/python3.9/site-packages/airflow/example_dags/example_sla_dag.py
[2025-12-11T23:08:36.483+0000] {processor.py:830} INFO - Processing file /home/airflow/.local/lib/python3.9/site-packages/airflow/example_dags/example_sla_dag.py for tasks to queue
[2025-12-11T23:08:36.492+0000] {logging_mixin.py:188} INFO - [2025-12-11T23:08:36.491+0000] {dagbag.py:545} INFO - Filling up the DagBag from /home/airflow/.local/lib/python3.9/site-packages/airflow/example_dags/example_sla_dag.py
[2025-12-11T23:08:36.516+0000] {processor.py:840} INFO - DAG(s) 'example_sla_dag' retrieved from /home/airflow/.local/lib/python3.9/site-packages/airflow/example_dags/example_sla_dag.py
[2025-12-11T23:08:36.579+0000] {logging_mixin.py:188} INFO - [2025-12-11T23:08:36.578+0000] {dag.py:3096} INFO - Sync 1 DAGs
[2025-12-11T23:08:36.689+0000] {logging_mixin.py:188} INFO - [2025-12-11T23:08:36.681+0000] {dag.py:3954} INFO - Setting next_dagrun for example_sla_dag to 2025-12-11 23:06:00+00:00, run_after=2025-12-11 23:08:00+00:00
[2025-12-11T23:08:36.970+0000] {processor.py:183} INFO - Processing /home/airflow/.local/lib/python3.9/site-packages/airflow/example_dags/example_sla_dag.py took 0.512 seconds
[2025-12-11T23:09:07.034+0000] {processor.py:161} INFO - Started process (PID=2330) to work on /home/airflow/.local/lib/python3.9/site-packages/airflow/example_dags/example_sla_dag.py
[2025-12-11T23:09:07.036+0000] {processor.py:830} INFO - Processing file /home/airflow/.local/lib/python3.9/site-packages/airflow/example_dags/example_sla_dag.py for tasks to queue
[2025-12-11T23:09:07.039+0000] {logging_mixin.py:188} INFO - [2025-12-11T23:09:07.039+0000] {dagbag.py:545} INFO - Filling up the DagBag from /home/airflow/.local/lib/python3.9/site-packages/airflow/example_dags/example_sla_dag.py
[2025-12-11T23:09:07.071+0000] {processor.py:840} INFO - DAG(s) 'example_sla_dag' retrieved from /home/airflow/.local/lib/python3.9/site-packages/airflow/example_dags/example_sla_dag.py
[2025-12-11T23:09:07.135+0000] {logging_mixin.py:188} INFO - [2025-12-11T23:09:07.134+0000] {dag.py:3096} INFO - Sync 1 DAGs
[2025-12-11T23:09:07.212+0000] {logging_mixin.py:188} INFO - [2025-12-11T23:09:07.212+0000] {dag.py:3954} INFO - Setting next_dagrun for example_sla_dag to 2025-12-11 23:06:00+00:00, run_after=2025-12-11 23:08:00+00:00
[2025-12-11T23:09:07.275+0000] {processor.py:183} INFO - Processing /home/airflow/.local/lib/python3.9/site-packages/airflow/example_dags/example_sla_dag.py took 0.254 seconds
[2025-12-11T23:09:37.792+0000] {processor.py:161} INFO - Started process (PID=2399) to work on /home/airflow/.local/lib/python3.9/site-packages/airflow/example_dags/example_sla_dag.py
[2025-12-11T23:09:37.794+0000] {processor.py:830} INFO - Processing file /home/airflow/.local/lib/python3.9/site-packages/airflow/example_dags/example_sla_dag.py for tasks to queue
[2025-12-11T23:09:37.796+0000] {logging_mixin.py:188} INFO - [2025-12-11T23:09:37.796+0000] {dagbag.py:545} INFO - Filling up the DagBag from /home/airflow/.local/lib/python3.9/site-packages/airflow/example_dags/example_sla_dag.py
[2025-12-11T23:09:37.814+0000] {processor.py:840} INFO - DAG(s) 'example_sla_dag' retrieved from /home/airflow/.local/lib/python3.9/site-packages/airflow/example_dags/example_sla_dag.py
[2025-12-11T23:09:37.876+0000] {logging_mixin.py:188} INFO - [2025-12-11T23:09:37.875+0000] {dag.py:3096} INFO - Sync 1 DAGs
[2025-12-11T23:09:38.192+0000] {logging_mixin.py:188} INFO - [2025-12-11T23:09:38.192+0000] {dag.py:3954} INFO - Setting next_dagrun for example_sla_dag to 2025-12-11 23:06:00+00:00, run_after=2025-12-11 23:08:00+00:00
[2025-12-11T23:09:38.222+0000] {processor.py:183} INFO - Processing /home/airflow/.local/lib/python3.9/site-packages/airflow/example_dags/example_sla_dag.py took 0.443 seconds
[2025-12-11T23:10:08.297+0000] {processor.py:161} INFO - Started process (PID=2470) to work on /home/airflow/.local/lib/python3.9/site-packages/airflow/example_dags/example_sla_dag.py
[2025-12-11T23:10:08.299+0000] {processor.py:830} INFO - Processing file /home/airflow/.local/lib/python3.9/site-packages/airflow/example_dags/example_sla_dag.py for tasks to queue
[2025-12-11T23:10:08.303+0000] {logging_mixin.py:188} INFO - [2025-12-11T23:10:08.302+0000] {dagbag.py:545} INFO - Filling up the DagBag from /home/airflow/.local/lib/python3.9/site-packages/airflow/example_dags/example_sla_dag.py
[2025-12-11T23:10:08.320+0000] {processor.py:840} INFO - DAG(s) 'example_sla_dag' retrieved from /home/airflow/.local/lib/python3.9/site-packages/airflow/example_dags/example_sla_dag.py
[2025-12-11T23:10:08.367+0000] {logging_mixin.py:188} INFO - [2025-12-11T23:10:08.367+0000] {dag.py:3096} INFO - Sync 1 DAGs
[2025-12-11T23:10:08.408+0000] {logging_mixin.py:188} INFO - [2025-12-11T23:10:08.408+0000] {dag.py:3954} INFO - Setting next_dagrun for example_sla_dag to 2025-12-11 23:08:00+00:00, run_after=2025-12-11 23:10:00+00:00
[2025-12-11T23:10:08.438+0000] {processor.py:183} INFO - Processing /home/airflow/.local/lib/python3.9/site-packages/airflow/example_dags/example_sla_dag.py took 0.155 seconds
[2025-12-11T23:10:38.862+0000] {processor.py:161} INFO - Started process (PID=2538) to work on /home/airflow/.local/lib/python3.9/site-packages/airflow/example_dags/example_sla_dag.py
[2025-12-11T23:10:38.864+0000] {processor.py:830} INFO - Processing file /home/airflow/.local/lib/python3.9/site-packages/airflow/example_dags/example_sla_dag.py for tasks to queue
[2025-12-11T23:10:38.874+0000] {logging_mixin.py:188} INFO - [2025-12-11T23:10:38.873+0000] {dagbag.py:545} INFO - Filling up the DagBag from /home/airflow/.local/lib/python3.9/site-packages/airflow/example_dags/example_sla_dag.py
[2025-12-11T23:10:38.898+0000] {processor.py:840} INFO - DAG(s) 'example_sla_dag' retrieved from /home/airflow/.local/lib/python3.9/site-packages/airflow/example_dags/example_sla_dag.py
[2025-12-11T23:10:38.941+0000] {logging_mixin.py:188} INFO - [2025-12-11T23:10:38.941+0000] {dag.py:3096} INFO - Sync 1 DAGs
[2025-12-11T23:10:39.040+0000] {logging_mixin.py:188} INFO - [2025-12-11T23:10:39.040+0000] {dag.py:3954} INFO - Setting next_dagrun for example_sla_dag to 2025-12-11 23:08:00+00:00, run_after=2025-12-11 23:10:00+00:00
[2025-12-11T23:10:39.085+0000] {processor.py:183} INFO - Processing /home/airflow/.local/lib/python3.9/site-packages/airflow/example_dags/example_sla_dag.py took 0.235 seconds
[2025-12-11T23:11:09.620+0000] {processor.py:161} INFO - Started process (PID=2607) to work on /home/airflow/.local/lib/python3.9/site-packages/airflow/example_dags/example_sla_dag.py
[2025-12-11T23:11:09.630+0000] {processor.py:830} INFO - Processing file /home/airflow/.local/lib/python3.9/site-packages/airflow/example_dags/example_sla_dag.py for tasks to queue
[2025-12-11T23:11:09.633+0000] {logging_mixin.py:188} INFO - [2025-12-11T23:11:09.633+0000] {dagbag.py:545} INFO - Filling up the DagBag from /home/airflow/.local/lib/python3.9/site-packages/airflow/example_dags/example_sla_dag.py
[2025-12-11T23:11:09.656+0000] {processor.py:840} INFO - DAG(s) 'example_sla_dag' retrieved from /home/airflow/.local/lib/python3.9/site-packages/airflow/example_dags/example_sla_dag.py
[2025-12-11T23:11:09.733+0000] {logging_mixin.py:188} INFO - [2025-12-11T23:11:09.733+0000] {dag.py:3096} INFO - Sync 1 DAGs
[2025-12-11T23:11:09.801+0000] {logging_mixin.py:188} INFO - [2025-12-11T23:11:09.801+0000] {dag.py:3954} INFO - Setting next_dagrun for example_sla_dag to 2025-12-11 23:08:00+00:00, run_after=2025-12-11 23:10:00+00:00
[2025-12-11T23:11:10.060+0000] {processor.py:183} INFO - Processing /home/airflow/.local/lib/python3.9/site-packages/airflow/example_dags/example_sla_dag.py took 0.461 seconds
[2025-12-11T23:11:40.304+0000] {processor.py:161} INFO - Started process (PID=2674) to work on /home/airflow/.local/lib/python3.9/site-packages/airflow/example_dags/example_sla_dag.py
[2025-12-11T23:11:40.309+0000] {processor.py:830} INFO - Processing file /home/airflow/.local/lib/python3.9/site-packages/airflow/example_dags/example_sla_dag.py for tasks to queue
[2025-12-11T23:11:40.312+0000] {logging_mixin.py:188} INFO - [2025-12-11T23:11:40.311+0000] {dagbag.py:545} INFO - Filling up the DagBag from /home/airflow/.local/lib/python3.9/site-packages/airflow/example_dags/example_sla_dag.py
[2025-12-11T23:11:40.325+0000] {processor.py:840} INFO - DAG(s) 'example_sla_dag' retrieved from /home/airflow/.local/lib/python3.9/site-packages/airflow/example_dags/example_sla_dag.py
[2025-12-11T23:11:40.366+0000] {logging_mixin.py:188} INFO - [2025-12-11T23:11:40.366+0000] {dag.py:3096} INFO - Sync 1 DAGs
[2025-12-11T23:11:40.402+0000] {logging_mixin.py:188} INFO - [2025-12-11T23:11:40.402+0000] {dag.py:3954} INFO - Setting next_dagrun for example_sla_dag to 2025-12-11 23:08:00+00:00, run_after=2025-12-11 23:10:00+00:00
[2025-12-11T23:11:40.646+0000] {processor.py:183} INFO - Processing /home/airflow/.local/lib/python3.9/site-packages/airflow/example_dags/example_sla_dag.py took 0.354 seconds
[2025-12-11T23:12:10.852+0000] {processor.py:161} INFO - Started process (PID=2741) to work on /home/airflow/.local/lib/python3.9/site-packages/airflow/example_dags/example_sla_dag.py
[2025-12-11T23:12:10.908+0000] {processor.py:830} INFO - Processing file /home/airflow/.local/lib/python3.9/site-packages/airflow/example_dags/example_sla_dag.py for tasks to queue
[2025-12-11T23:12:10.912+0000] {logging_mixin.py:188} INFO - [2025-12-11T23:12:10.911+0000] {dagbag.py:545} INFO - Filling up the DagBag from /home/airflow/.local/lib/python3.9/site-packages/airflow/example_dags/example_sla_dag.py
[2025-12-11T23:12:10.925+0000] {processor.py:840} INFO - DAG(s) 'example_sla_dag' retrieved from /home/airflow/.local/lib/python3.9/site-packages/airflow/example_dags/example_sla_dag.py
[2025-12-11T23:12:10.966+0000] {logging_mixin.py:188} INFO - [2025-12-11T23:12:10.966+0000] {dag.py:3096} INFO - Sync 1 DAGs
[2025-12-11T23:12:11.014+0000] {logging_mixin.py:188} INFO - [2025-12-11T23:12:11.014+0000] {dag.py:3954} INFO - Setting next_dagrun for example_sla_dag to 2025-12-11 23:10:00+00:00, run_after=2025-12-11 23:12:00+00:00
[2025-12-11T23:12:11.047+0000] {processor.py:183} INFO - Processing /home/airflow/.local/lib/python3.9/site-packages/airflow/example_dags/example_sla_dag.py took 0.205 seconds
[2025-12-11T23:12:44.329+0000] {processor.py:161} INFO - Started process (PID=2808) to work on /home/airflow/.local/lib/python3.9/site-packages/airflow/example_dags/example_sla_dag.py
[2025-12-11T23:12:44.337+0000] {processor.py:830} INFO - Processing file /home/airflow/.local/lib/python3.9/site-packages/airflow/example_dags/example_sla_dag.py for tasks to queue
[2025-12-11T23:12:44.341+0000] {logging_mixin.py:188} INFO - [2025-12-11T23:12:44.340+0000] {dagbag.py:545} INFO - Filling up the DagBag from /home/airflow/.local/lib/python3.9/site-packages/airflow/example_dags/example_sla_dag.py
[2025-12-11T23:12:44.359+0000] {processor.py:840} INFO - DAG(s) 'example_sla_dag' retrieved from /home/airflow/.local/lib/python3.9/site-packages/airflow/example_dags/example_sla_dag.py
[2025-12-11T23:12:44.416+0000] {logging_mixin.py:188} INFO - [2025-12-11T23:12:44.415+0000] {dag.py:3096} INFO - Sync 1 DAGs
[2025-12-11T23:12:44.479+0000] {logging_mixin.py:188} INFO - [2025-12-11T23:12:44.479+0000] {dag.py:3954} INFO - Setting next_dagrun for example_sla_dag to 2025-12-11 23:10:00+00:00, run_after=2025-12-11 23:12:00+00:00
[2025-12-11T23:12:44.520+0000] {processor.py:183} INFO - Processing /home/airflow/.local/lib/python3.9/site-packages/airflow/example_dags/example_sla_dag.py took 0.210 seconds
[2025-12-11T23:13:14.616+0000] {processor.py:161} INFO - Started process (PID=2873) to work on /home/airflow/.local/lib/python3.9/site-packages/airflow/example_dags/example_sla_dag.py
[2025-12-11T23:13:14.619+0000] {processor.py:830} INFO - Processing file /home/airflow/.local/lib/python3.9/site-packages/airflow/example_dags/example_sla_dag.py for tasks to queue
[2025-12-11T23:13:14.622+0000] {logging_mixin.py:188} INFO - [2025-12-11T23:13:14.621+0000] {dagbag.py:545} INFO - Filling up the DagBag from /home/airflow/.local/lib/python3.9/site-packages/airflow/example_dags/example_sla_dag.py
[2025-12-11T23:13:14.635+0000] {processor.py:840} INFO - DAG(s) 'example_sla_dag' retrieved from /home/airflow/.local/lib/python3.9/site-packages/airflow/example_dags/example_sla_dag.py
[2025-12-11T23:13:14.669+0000] {logging_mixin.py:188} INFO - [2025-12-11T23:13:14.668+0000] {dag.py:3096} INFO - Sync 1 DAGs
[2025-12-11T23:13:14.708+0000] {logging_mixin.py:188} INFO - [2025-12-11T23:13:14.708+0000] {dag.py:3954} INFO - Setting next_dagrun for example_sla_dag to 2025-12-11 23:10:00+00:00, run_after=2025-12-11 23:12:00+00:00
[2025-12-11T23:13:14.732+0000] {processor.py:183} INFO - Processing /home/airflow/.local/lib/python3.9/site-packages/airflow/example_dags/example_sla_dag.py took 0.125 seconds
[2025-12-11T23:13:45.957+0000] {processor.py:161} INFO - Started process (PID=2939) to work on /home/airflow/.local/lib/python3.9/site-packages/airflow/example_dags/example_sla_dag.py
[2025-12-11T23:13:46.258+0000] {processor.py:830} INFO - Processing file /home/airflow/.local/lib/python3.9/site-packages/airflow/example_dags/example_sla_dag.py for tasks to queue
[2025-12-11T23:13:46.262+0000] {logging_mixin.py:188} INFO - [2025-12-11T23:13:46.261+0000] {dagbag.py:545} INFO - Filling up the DagBag from /home/airflow/.local/lib/python3.9/site-packages/airflow/example_dags/example_sla_dag.py
[2025-12-11T23:13:46.279+0000] {processor.py:840} INFO - DAG(s) 'example_sla_dag' retrieved from /home/airflow/.local/lib/python3.9/site-packages/airflow/example_dags/example_sla_dag.py
[2025-12-11T23:13:46.322+0000] {logging_mixin.py:188} INFO - [2025-12-11T23:13:46.322+0000] {dag.py:3096} INFO - Sync 1 DAGs
[2025-12-11T23:13:46.365+0000] {logging_mixin.py:188} INFO - [2025-12-11T23:13:46.365+0000] {dag.py:3954} INFO - Setting next_dagrun for example_sla_dag to 2025-12-11 23:10:00+00:00, run_after=2025-12-11 23:12:00+00:00
[2025-12-11T23:13:46.395+0000] {processor.py:183} INFO - Processing /home/airflow/.local/lib/python3.9/site-packages/airflow/example_dags/example_sla_dag.py took 0.449 seconds
[2025-12-11T23:14:17.303+0000] {processor.py:161} INFO - Started process (PID=3013) to work on /home/airflow/.local/lib/python3.9/site-packages/airflow/example_dags/example_sla_dag.py
[2025-12-11T23:14:17.310+0000] {processor.py:830} INFO - Processing file /home/airflow/.local/lib/python3.9/site-packages/airflow/example_dags/example_sla_dag.py for tasks to queue
[2025-12-11T23:14:17.313+0000] {logging_mixin.py:188} INFO - [2025-12-11T23:14:17.313+0000] {dagbag.py:545} INFO - Filling up the DagBag from /home/airflow/.local/lib/python3.9/site-packages/airflow/example_dags/example_sla_dag.py
[2025-12-11T23:14:17.336+0000] {processor.py:840} INFO - DAG(s) 'example_sla_dag' retrieved from /home/airflow/.local/lib/python3.9/site-packages/airflow/example_dags/example_sla_dag.py
[2025-12-11T23:14:17.392+0000] {logging_mixin.py:188} INFO - [2025-12-11T23:14:17.391+0000] {dag.py:3096} INFO - Sync 1 DAGs
[2025-12-11T23:14:17.453+0000] {logging_mixin.py:188} INFO - [2025-12-11T23:14:17.453+0000] {dag.py:3954} INFO - Setting next_dagrun for example_sla_dag to 2025-12-11 23:12:00+00:00, run_after=2025-12-11 23:14:00+00:00
[2025-12-11T23:14:17.498+0000] {processor.py:183} INFO - Processing /home/airflow/.local/lib/python3.9/site-packages/airflow/example_dags/example_sla_dag.py took 0.206 seconds
[2025-12-11T23:14:48.229+0000] {processor.py:161} INFO - Started process (PID=3080) to work on /home/airflow/.local/lib/python3.9/site-packages/airflow/example_dags/example_sla_dag.py
[2025-12-11T23:14:48.232+0000] {processor.py:830} INFO - Processing file /home/airflow/.local/lib/python3.9/site-packages/airflow/example_dags/example_sla_dag.py for tasks to queue
[2025-12-11T23:14:48.236+0000] {logging_mixin.py:188} INFO - [2025-12-11T23:14:48.236+0000] {dagbag.py:545} INFO - Filling up the DagBag from /home/airflow/.local/lib/python3.9/site-packages/airflow/example_dags/example_sla_dag.py
[2025-12-11T23:14:48.273+0000] {processor.py:840} INFO - DAG(s) 'example_sla_dag' retrieved from /home/airflow/.local/lib/python3.9/site-packages/airflow/example_dags/example_sla_dag.py
[2025-12-11T23:14:48.369+0000] {logging_mixin.py:188} INFO - [2025-12-11T23:14:48.360+0000] {dag.py:3096} INFO - Sync 1 DAGs
[2025-12-11T23:14:48.495+0000] {logging_mixin.py:188} INFO - [2025-12-11T23:14:48.494+0000] {dag.py:3954} INFO - Setting next_dagrun for example_sla_dag to 2025-12-11 23:12:00+00:00, run_after=2025-12-11 23:14:00+00:00
[2025-12-11T23:14:48.576+0000] {processor.py:183} INFO - Processing /home/airflow/.local/lib/python3.9/site-packages/airflow/example_dags/example_sla_dag.py took 0.381 seconds
[2025-12-11T23:15:19.474+0000] {processor.py:161} INFO - Started process (PID=3147) to work on /home/airflow/.local/lib/python3.9/site-packages/airflow/example_dags/example_sla_dag.py
[2025-12-11T23:15:19.493+0000] {processor.py:830} INFO - Processing file /home/airflow/.local/lib/python3.9/site-packages/airflow/example_dags/example_sla_dag.py for tasks to queue
[2025-12-11T23:15:19.497+0000] {logging_mixin.py:188} INFO - [2025-12-11T23:15:19.496+0000] {dagbag.py:545} INFO - Filling up the DagBag from /home/airflow/.local/lib/python3.9/site-packages/airflow/example_dags/example_sla_dag.py
[2025-12-11T23:15:19.518+0000] {processor.py:840} INFO - DAG(s) 'example_sla_dag' retrieved from /home/airflow/.local/lib/python3.9/site-packages/airflow/example_dags/example_sla_dag.py
[2025-12-11T23:15:19.581+0000] {logging_mixin.py:188} INFO - [2025-12-11T23:15:19.580+0000] {dag.py:3096} INFO - Sync 1 DAGs
[2025-12-11T23:15:19.660+0000] {logging_mixin.py:188} INFO - [2025-12-11T23:15:19.659+0000] {dag.py:3954} INFO - Setting next_dagrun for example_sla_dag to 2025-12-11 23:12:00+00:00, run_after=2025-12-11 23:14:00+00:00
[2025-12-11T23:15:19.911+0000] {processor.py:183} INFO - Processing /home/airflow/.local/lib/python3.9/site-packages/airflow/example_dags/example_sla_dag.py took 0.458 seconds
[2025-12-11T23:15:50.170+0000] {processor.py:161} INFO - Started process (PID=3214) to work on /home/airflow/.local/lib/python3.9/site-packages/airflow/example_dags/example_sla_dag.py
[2025-12-11T23:15:50.172+0000] {processor.py:830} INFO - Processing file /home/airflow/.local/lib/python3.9/site-packages/airflow/example_dags/example_sla_dag.py for tasks to queue
[2025-12-11T23:15:50.174+0000] {logging_mixin.py:188} INFO - [2025-12-11T23:15:50.174+0000] {dagbag.py:545} INFO - Filling up the DagBag from /home/airflow/.local/lib/python3.9/site-packages/airflow/example_dags/example_sla_dag.py
[2025-12-11T23:15:50.200+0000] {processor.py:840} INFO - DAG(s) 'example_sla_dag' retrieved from /home/airflow/.local/lib/python3.9/site-packages/airflow/example_dags/example_sla_dag.py
[2025-12-11T23:15:50.272+0000] {logging_mixin.py:188} INFO - [2025-12-11T23:15:50.272+0000] {dag.py:3096} INFO - Sync 1 DAGs
[2025-12-11T23:15:50.341+0000] {logging_mixin.py:188} INFO - [2025-12-11T23:15:50.340+0000] {dag.py:3954} INFO - Setting next_dagrun for example_sla_dag to 2025-12-11 23:12:00+00:00, run_after=2025-12-11 23:14:00+00:00
[2025-12-11T23:15:50.395+0000] {processor.py:183} INFO - Processing /home/airflow/.local/lib/python3.9/site-packages/airflow/example_dags/example_sla_dag.py took 0.242 seconds
[2025-12-11T23:16:20.649+0000] {processor.py:161} INFO - Started process (PID=3281) to work on /home/airflow/.local/lib/python3.9/site-packages/airflow/example_dags/example_sla_dag.py
[2025-12-11T23:16:20.654+0000] {processor.py:830} INFO - Processing file /home/airflow/.local/lib/python3.9/site-packages/airflow/example_dags/example_sla_dag.py for tasks to queue
[2025-12-11T23:16:20.658+0000] {logging_mixin.py:188} INFO - [2025-12-11T23:16:20.657+0000] {dagbag.py:545} INFO - Filling up the DagBag from /home/airflow/.local/lib/python3.9/site-packages/airflow/example_dags/example_sla_dag.py
[2025-12-11T23:16:20.690+0000] {processor.py:840} INFO - DAG(s) 'example_sla_dag' retrieved from /home/airflow/.local/lib/python3.9/site-packages/airflow/example_dags/example_sla_dag.py
[2025-12-11T23:16:20.750+0000] {logging_mixin.py:188} INFO - [2025-12-11T23:16:20.750+0000] {dag.py:3096} INFO - Sync 1 DAGs
[2025-12-11T23:16:20.803+0000] {logging_mixin.py:188} INFO - [2025-12-11T23:16:20.802+0000] {dag.py:3954} INFO - Setting next_dagrun for example_sla_dag to 2025-12-11 23:14:00+00:00, run_after=2025-12-11 23:16:00+00:00
[2025-12-11T23:16:20.955+0000] {processor.py:183} INFO - Processing /home/airflow/.local/lib/python3.9/site-packages/airflow/example_dags/example_sla_dag.py took 0.338 seconds
[2025-12-11T23:16:51.239+0000] {processor.py:161} INFO - Started process (PID=3348) to work on /home/airflow/.local/lib/python3.9/site-packages/airflow/example_dags/example_sla_dag.py
[2025-12-11T23:16:51.295+0000] {processor.py:830} INFO - Processing file /home/airflow/.local/lib/python3.9/site-packages/airflow/example_dags/example_sla_dag.py for tasks to queue
[2025-12-11T23:16:51.299+0000] {logging_mixin.py:188} INFO - [2025-12-11T23:16:51.298+0000] {dagbag.py:545} INFO - Filling up the DagBag from /home/airflow/.local/lib/python3.9/site-packages/airflow/example_dags/example_sla_dag.py
[2025-12-11T23:16:51.352+0000] {processor.py:840} INFO - DAG(s) 'example_sla_dag' retrieved from /home/airflow/.local/lib/python3.9/site-packages/airflow/example_dags/example_sla_dag.py
[2025-12-11T23:16:51.452+0000] {logging_mixin.py:188} INFO - [2025-12-11T23:16:51.451+0000] {dag.py:3096} INFO - Sync 1 DAGs
[2025-12-11T23:16:51.550+0000] {logging_mixin.py:188} INFO - [2025-12-11T23:16:51.549+0000] {dag.py:3954} INFO - Setting next_dagrun for example_sla_dag to 2025-12-11 23:14:00+00:00, run_after=2025-12-11 23:16:00+00:00
[2025-12-11T23:16:51.634+0000] {processor.py:183} INFO - Processing /home/airflow/.local/lib/python3.9/site-packages/airflow/example_dags/example_sla_dag.py took 0.420 seconds
[2025-12-11T23:17:22.397+0000] {processor.py:161} INFO - Started process (PID=3415) to work on /home/airflow/.local/lib/python3.9/site-packages/airflow/example_dags/example_sla_dag.py
[2025-12-11T23:17:22.404+0000] {processor.py:830} INFO - Processing file /home/airflow/.local/lib/python3.9/site-packages/airflow/example_dags/example_sla_dag.py for tasks to queue
[2025-12-11T23:17:22.456+0000] {logging_mixin.py:188} INFO - [2025-12-11T23:17:22.455+0000] {dagbag.py:545} INFO - Filling up the DagBag from /home/airflow/.local/lib/python3.9/site-packages/airflow/example_dags/example_sla_dag.py
[2025-12-11T23:17:22.511+0000] {processor.py:840} INFO - DAG(s) 'example_sla_dag' retrieved from /home/airflow/.local/lib/python3.9/site-packages/airflow/example_dags/example_sla_dag.py
[2025-12-11T23:17:22.596+0000] {logging_mixin.py:188} INFO - [2025-12-11T23:17:22.596+0000] {dag.py:3096} INFO - Sync 1 DAGs
[2025-12-11T23:17:22.774+0000] {logging_mixin.py:188} INFO - [2025-12-11T23:17:22.774+0000] {dag.py:3954} INFO - Setting next_dagrun for example_sla_dag to 2025-12-11 23:14:00+00:00, run_after=2025-12-11 23:16:00+00:00
[2025-12-11T23:17:22.890+0000] {processor.py:183} INFO - Processing /home/airflow/.local/lib/python3.9/site-packages/airflow/example_dags/example_sla_dag.py took 0.535 seconds
[2025-12-11T23:17:53.792+0000] {processor.py:161} INFO - Started process (PID=3482) to work on /home/airflow/.local/lib/python3.9/site-packages/airflow/example_dags/example_sla_dag.py
[2025-12-11T23:17:53.794+0000] {processor.py:830} INFO - Processing file /home/airflow/.local/lib/python3.9/site-packages/airflow/example_dags/example_sla_dag.py for tasks to queue
[2025-12-11T23:17:53.797+0000] {logging_mixin.py:188} INFO - [2025-12-11T23:17:53.797+0000] {dagbag.py:545} INFO - Filling up the DagBag from /home/airflow/.local/lib/python3.9/site-packages/airflow/example_dags/example_sla_dag.py
[2025-12-11T23:17:53.839+0000] {processor.py:840} INFO - DAG(s) 'example_sla_dag' retrieved from /home/airflow/.local/lib/python3.9/site-packages/airflow/example_dags/example_sla_dag.py
[2025-12-11T23:17:53.934+0000] {logging_mixin.py:188} INFO - [2025-12-11T23:17:53.934+0000] {dag.py:3096} INFO - Sync 1 DAGs
[2025-12-11T23:17:54.113+0000] {logging_mixin.py:188} INFO - [2025-12-11T23:17:54.113+0000] {dag.py:3954} INFO - Setting next_dagrun for example_sla_dag to 2025-12-11 23:14:00+00:00, run_after=2025-12-11 23:16:00+00:00
[2025-12-11T23:17:54.196+0000] {processor.py:183} INFO - Processing /home/airflow/.local/lib/python3.9/site-packages/airflow/example_dags/example_sla_dag.py took 0.445 seconds
[2025-12-11T23:18:24.653+0000] {processor.py:161} INFO - Started process (PID=3549) to work on /home/airflow/.local/lib/python3.9/site-packages/airflow/example_dags/example_sla_dag.py
[2025-12-11T23:18:24.684+0000] {processor.py:830} INFO - Processing file /home/airflow/.local/lib/python3.9/site-packages/airflow/example_dags/example_sla_dag.py for tasks to queue
[2025-12-11T23:18:24.687+0000] {logging_mixin.py:188} INFO - [2025-12-11T23:18:24.686+0000] {dagbag.py:545} INFO - Filling up the DagBag from /home/airflow/.local/lib/python3.9/site-packages/airflow/example_dags/example_sla_dag.py
[2025-12-11T23:18:24.701+0000] {processor.py:840} INFO - DAG(s) 'example_sla_dag' retrieved from /home/airflow/.local/lib/python3.9/site-packages/airflow/example_dags/example_sla_dag.py
[2025-12-11T23:18:24.760+0000] {logging_mixin.py:188} INFO - [2025-12-11T23:18:24.759+0000] {dag.py:3096} INFO - Sync 1 DAGs
[2025-12-11T23:18:24.834+0000] {logging_mixin.py:188} INFO - [2025-12-11T23:18:24.833+0000] {dag.py:3954} INFO - Setting next_dagrun for example_sla_dag to 2025-12-11 23:16:00+00:00, run_after=2025-12-11 23:18:00+00:00
[2025-12-11T23:18:24.912+0000] {processor.py:183} INFO - Processing /home/airflow/.local/lib/python3.9/site-packages/airflow/example_dags/example_sla_dag.py took 0.276 seconds
[2025-12-11T23:18:55.034+0000] {processor.py:161} INFO - Started process (PID=3616) to work on /home/airflow/.local/lib/python3.9/site-packages/airflow/example_dags/example_sla_dag.py
[2025-12-11T23:18:55.035+0000] {processor.py:830} INFO - Processing file /home/airflow/.local/lib/python3.9/site-packages/airflow/example_dags/example_sla_dag.py for tasks to queue
[2025-12-11T23:18:55.051+0000] {logging_mixin.py:188} INFO - [2025-12-11T23:18:55.050+0000] {dagbag.py:545} INFO - Filling up the DagBag from /home/airflow/.local/lib/python3.9/site-packages/airflow/example_dags/example_sla_dag.py
[2025-12-11T23:18:55.094+0000] {processor.py:840} INFO - DAG(s) 'example_sla_dag' retrieved from /home/airflow/.local/lib/python3.9/site-packages/airflow/example_dags/example_sla_dag.py
[2025-12-11T23:18:55.195+0000] {logging_mixin.py:188} INFO - [2025-12-11T23:18:55.195+0000] {dag.py:3096} INFO - Sync 1 DAGs
[2025-12-11T23:18:55.300+0000] {logging_mixin.py:188} INFO - [2025-12-11T23:18:55.299+0000] {dag.py:3954} INFO - Setting next_dagrun for example_sla_dag to 2025-12-11 23:16:00+00:00, run_after=2025-12-11 23:18:00+00:00
[2025-12-11T23:18:55.415+0000] {processor.py:183} INFO - Processing /home/airflow/.local/lib/python3.9/site-packages/airflow/example_dags/example_sla_dag.py took 0.421 seconds
[2025-12-11T23:19:25.671+0000] {processor.py:161} INFO - Started process (PID=3684) to work on /home/airflow/.local/lib/python3.9/site-packages/airflow/example_dags/example_sla_dag.py
[2025-12-11T23:19:25.680+0000] {processor.py:830} INFO - Processing file /home/airflow/.local/lib/python3.9/site-packages/airflow/example_dags/example_sla_dag.py for tasks to queue
[2025-12-11T23:19:25.684+0000] {logging_mixin.py:188} INFO - [2025-12-11T23:19:25.683+0000] {dagbag.py:545} INFO - Filling up the DagBag from /home/airflow/.local/lib/python3.9/site-packages/airflow/example_dags/example_sla_dag.py
[2025-12-11T23:19:25.698+0000] {processor.py:840} INFO - DAG(s) 'example_sla_dag' retrieved from /home/airflow/.local/lib/python3.9/site-packages/airflow/example_dags/example_sla_dag.py
[2025-12-11T23:19:25.745+0000] {logging_mixin.py:188} INFO - [2025-12-11T23:19:25.744+0000] {dag.py:3096} INFO - Sync 1 DAGs
[2025-12-11T23:19:25.803+0000] {logging_mixin.py:188} INFO - [2025-12-11T23:19:25.802+0000] {dag.py:3954} INFO - Setting next_dagrun for example_sla_dag to 2025-12-11 23:16:00+00:00, run_after=2025-12-11 23:18:00+00:00
[2025-12-11T23:19:25.845+0000] {processor.py:183} INFO - Processing /home/airflow/.local/lib/python3.9/site-packages/airflow/example_dags/example_sla_dag.py took 0.186 seconds
[2025-12-11T23:19:56.716+0000] {processor.py:161} INFO - Started process (PID=3751) to work on /home/airflow/.local/lib/python3.9/site-packages/airflow/example_dags/example_sla_dag.py
[2025-12-11T23:19:56.722+0000] {processor.py:830} INFO - Processing file /home/airflow/.local/lib/python3.9/site-packages/airflow/example_dags/example_sla_dag.py for tasks to queue
[2025-12-11T23:19:56.726+0000] {logging_mixin.py:188} INFO - [2025-12-11T23:19:56.725+0000] {dagbag.py:545} INFO - Filling up the DagBag from /home/airflow/.local/lib/python3.9/site-packages/airflow/example_dags/example_sla_dag.py
[2025-12-11T23:19:56.744+0000] {processor.py:840} INFO - DAG(s) 'example_sla_dag' retrieved from /home/airflow/.local/lib/python3.9/site-packages/airflow/example_dags/example_sla_dag.py
[2025-12-11T23:19:56.797+0000] {logging_mixin.py:188} INFO - [2025-12-11T23:19:56.796+0000] {dag.py:3096} INFO - Sync 1 DAGs
[2025-12-11T23:19:56.879+0000] {logging_mixin.py:188} INFO - [2025-12-11T23:19:56.879+0000] {dag.py:3954} INFO - Setting next_dagrun for example_sla_dag to 2025-12-11 23:16:00+00:00, run_after=2025-12-11 23:18:00+00:00
[2025-12-11T23:19:56.933+0000] {processor.py:183} INFO - Processing /home/airflow/.local/lib/python3.9/site-packages/airflow/example_dags/example_sla_dag.py took 0.232 seconds
[2025-12-11T23:20:28.355+0000] {processor.py:161} INFO - Started process (PID=3818) to work on /home/airflow/.local/lib/python3.9/site-packages/airflow/example_dags/example_sla_dag.py
[2025-12-11T23:20:28.370+0000] {processor.py:830} INFO - Processing file /home/airflow/.local/lib/python3.9/site-packages/airflow/example_dags/example_sla_dag.py for tasks to queue
[2025-12-11T23:20:28.373+0000] {logging_mixin.py:188} INFO - [2025-12-11T23:20:28.372+0000] {dagbag.py:545} INFO - Filling up the DagBag from /home/airflow/.local/lib/python3.9/site-packages/airflow/example_dags/example_sla_dag.py
[2025-12-11T23:20:28.397+0000] {processor.py:840} INFO - DAG(s) 'example_sla_dag' retrieved from /home/airflow/.local/lib/python3.9/site-packages/airflow/example_dags/example_sla_dag.py
[2025-12-11T23:20:28.471+0000] {logging_mixin.py:188} INFO - [2025-12-11T23:20:28.470+0000] {dag.py:3096} INFO - Sync 1 DAGs
[2025-12-11T23:20:28.589+0000] {logging_mixin.py:188} INFO - [2025-12-11T23:20:28.583+0000] {dag.py:3954} INFO - Setting next_dagrun for example_sla_dag to 2025-12-11 23:18:00+00:00, run_after=2025-12-11 23:20:00+00:00
[2025-12-11T23:20:28.653+0000] {processor.py:183} INFO - Processing /home/airflow/.local/lib/python3.9/site-packages/airflow/example_dags/example_sla_dag.py took 0.323 seconds
[2025-12-11T23:20:59.052+0000] {processor.py:161} INFO - Started process (PID=3884) to work on /home/airflow/.local/lib/python3.9/site-packages/airflow/example_dags/example_sla_dag.py
[2025-12-11T23:20:59.062+0000] {processor.py:830} INFO - Processing file /home/airflow/.local/lib/python3.9/site-packages/airflow/example_dags/example_sla_dag.py for tasks to queue
[2025-12-11T23:20:59.065+0000] {logging_mixin.py:188} INFO - [2025-12-11T23:20:59.065+0000] {dagbag.py:545} INFO - Filling up the DagBag from /home/airflow/.local/lib/python3.9/site-packages/airflow/example_dags/example_sla_dag.py
[2025-12-11T23:20:59.079+0000] {processor.py:840} INFO - DAG(s) 'example_sla_dag' retrieved from /home/airflow/.local/lib/python3.9/site-packages/airflow/example_dags/example_sla_dag.py
[2025-12-11T23:20:59.115+0000] {logging_mixin.py:188} INFO - [2025-12-11T23:20:59.114+0000] {dag.py:3096} INFO - Sync 1 DAGs
[2025-12-11T23:20:59.163+0000] {logging_mixin.py:188} INFO - [2025-12-11T23:20:59.163+0000] {dag.py:3954} INFO - Setting next_dagrun for example_sla_dag to 2025-12-11 23:18:00+00:00, run_after=2025-12-11 23:20:00+00:00
[2025-12-11T23:20:59.194+0000] {processor.py:183} INFO - Processing /home/airflow/.local/lib/python3.9/site-packages/airflow/example_dags/example_sla_dag.py took 0.153 seconds
[2025-12-11T23:21:29.832+0000] {processor.py:161} INFO - Started process (PID=3951) to work on /home/airflow/.local/lib/python3.9/site-packages/airflow/example_dags/example_sla_dag.py
[2025-12-11T23:21:29.840+0000] {processor.py:830} INFO - Processing file /home/airflow/.local/lib/python3.9/site-packages/airflow/example_dags/example_sla_dag.py for tasks to queue
[2025-12-11T23:21:29.851+0000] {logging_mixin.py:188} INFO - [2025-12-11T23:21:29.850+0000] {dagbag.py:545} INFO - Filling up the DagBag from /home/airflow/.local/lib/python3.9/site-packages/airflow/example_dags/example_sla_dag.py
[2025-12-11T23:21:29.873+0000] {processor.py:840} INFO - DAG(s) 'example_sla_dag' retrieved from /home/airflow/.local/lib/python3.9/site-packages/airflow/example_dags/example_sla_dag.py
[2025-12-11T23:21:29.938+0000] {logging_mixin.py:188} INFO - [2025-12-11T23:21:29.938+0000] {dag.py:3096} INFO - Sync 1 DAGs
[2025-12-11T23:21:29.998+0000] {logging_mixin.py:188} INFO - [2025-12-11T23:21:29.998+0000] {dag.py:3954} INFO - Setting next_dagrun for example_sla_dag to 2025-12-11 23:18:00+00:00, run_after=2025-12-11 23:20:00+00:00
[2025-12-11T23:21:30.054+0000] {processor.py:183} INFO - Processing /home/airflow/.local/lib/python3.9/site-packages/airflow/example_dags/example_sla_dag.py took 0.240 seconds
[2025-12-11T23:22:00.268+0000] {processor.py:161} INFO - Started process (PID=4018) to work on /home/airflow/.local/lib/python3.9/site-packages/airflow/example_dags/example_sla_dag.py
[2025-12-11T23:22:00.269+0000] {processor.py:830} INFO - Processing file /home/airflow/.local/lib/python3.9/site-packages/airflow/example_dags/example_sla_dag.py for tasks to queue
[2025-12-11T23:22:00.272+0000] {logging_mixin.py:188} INFO - [2025-12-11T23:22:00.271+0000] {dagbag.py:545} INFO - Filling up the DagBag from /home/airflow/.local/lib/python3.9/site-packages/airflow/example_dags/example_sla_dag.py
[2025-12-11T23:22:00.285+0000] {processor.py:840} INFO - DAG(s) 'example_sla_dag' retrieved from /home/airflow/.local/lib/python3.9/site-packages/airflow/example_dags/example_sla_dag.py
[2025-12-11T23:22:00.328+0000] {logging_mixin.py:188} INFO - [2025-12-11T23:22:00.327+0000] {dag.py:3096} INFO - Sync 1 DAGs
[2025-12-11T23:22:00.371+0000] {logging_mixin.py:188} INFO - [2025-12-11T23:22:00.370+0000] {dag.py:3954} INFO - Setting next_dagrun for example_sla_dag to 2025-12-11 23:20:00+00:00, run_after=2025-12-11 23:22:00+00:00
[2025-12-11T23:22:00.400+0000] {processor.py:183} INFO - Processing /home/airflow/.local/lib/python3.9/site-packages/airflow/example_dags/example_sla_dag.py took 0.143 seconds
[2025-12-11T23:22:30.830+0000] {processor.py:161} INFO - Started process (PID=4085) to work on /home/airflow/.local/lib/python3.9/site-packages/airflow/example_dags/example_sla_dag.py
[2025-12-11T23:22:30.831+0000] {processor.py:830} INFO - Processing file /home/airflow/.local/lib/python3.9/site-packages/airflow/example_dags/example_sla_dag.py for tasks to queue
[2025-12-11T23:22:30.834+0000] {logging_mixin.py:188} INFO - [2025-12-11T23:22:30.834+0000] {dagbag.py:545} INFO - Filling up the DagBag from /home/airflow/.local/lib/python3.9/site-packages/airflow/example_dags/example_sla_dag.py
[2025-12-11T23:22:30.849+0000] {processor.py:840} INFO - DAG(s) 'example_sla_dag' retrieved from /home/airflow/.local/lib/python3.9/site-packages/airflow/example_dags/example_sla_dag.py
[2025-12-11T23:22:30.884+0000] {logging_mixin.py:188} INFO - [2025-12-11T23:22:30.884+0000] {dag.py:3096} INFO - Sync 1 DAGs
[2025-12-11T23:22:30.922+0000] {logging_mixin.py:188} INFO - [2025-12-11T23:22:30.922+0000] {dag.py:3954} INFO - Setting next_dagrun for example_sla_dag to 2025-12-11 23:20:00+00:00, run_after=2025-12-11 23:22:00+00:00
[2025-12-11T23:22:30.951+0000] {processor.py:183} INFO - Processing /home/airflow/.local/lib/python3.9/site-packages/airflow/example_dags/example_sla_dag.py took 0.133 seconds
[2025-12-11T23:23:01.931+0000] {processor.py:161} INFO - Started process (PID=4152) to work on /home/airflow/.local/lib/python3.9/site-packages/airflow/example_dags/example_sla_dag.py
[2025-12-11T23:23:01.933+0000] {processor.py:830} INFO - Processing file /home/airflow/.local/lib/python3.9/site-packages/airflow/example_dags/example_sla_dag.py for tasks to queue
[2025-12-11T23:23:01.935+0000] {logging_mixin.py:188} INFO - [2025-12-11T23:23:01.935+0000] {dagbag.py:545} INFO - Filling up the DagBag from /home/airflow/.local/lib/python3.9/site-packages/airflow/example_dags/example_sla_dag.py
[2025-12-11T23:23:01.950+0000] {processor.py:840} INFO - DAG(s) 'example_sla_dag' retrieved from /home/airflow/.local/lib/python3.9/site-packages/airflow/example_dags/example_sla_dag.py
[2025-12-11T23:23:01.997+0000] {logging_mixin.py:188} INFO - [2025-12-11T23:23:01.997+0000] {dag.py:3096} INFO - Sync 1 DAGs
[2025-12-11T23:23:02.097+0000] {logging_mixin.py:188} INFO - [2025-12-11T23:23:02.097+0000] {dag.py:3954} INFO - Setting next_dagrun for example_sla_dag to 2025-12-11 23:20:00+00:00, run_after=2025-12-11 23:22:00+00:00
[2025-12-11T23:23:02.136+0000] {processor.py:183} INFO - Processing /home/airflow/.local/lib/python3.9/site-packages/airflow/example_dags/example_sla_dag.py took 0.217 seconds
[2025-12-11T23:23:32.920+0000] {processor.py:161} INFO - Started process (PID=4219) to work on /home/airflow/.local/lib/python3.9/site-packages/airflow/example_dags/example_sla_dag.py
[2025-12-11T23:23:32.983+0000] {processor.py:830} INFO - Processing file /home/airflow/.local/lib/python3.9/site-packages/airflow/example_dags/example_sla_dag.py for tasks to queue
[2025-12-11T23:23:32.987+0000] {logging_mixin.py:188} INFO - [2025-12-11T23:23:32.986+0000] {dagbag.py:545} INFO - Filling up the DagBag from /home/airflow/.local/lib/python3.9/site-packages/airflow/example_dags/example_sla_dag.py
[2025-12-11T23:23:33.004+0000] {processor.py:840} INFO - DAG(s) 'example_sla_dag' retrieved from /home/airflow/.local/lib/python3.9/site-packages/airflow/example_dags/example_sla_dag.py
[2025-12-11T23:23:33.042+0000] {logging_mixin.py:188} INFO - [2025-12-11T23:23:33.042+0000] {dag.py:3096} INFO - Sync 1 DAGs
[2025-12-11T23:23:33.082+0000] {logging_mixin.py:188} INFO - [2025-12-11T23:23:33.082+0000] {dag.py:3954} INFO - Setting next_dagrun for example_sla_dag to 2025-12-11 23:20:00+00:00, run_after=2025-12-11 23:22:00+00:00
[2025-12-11T23:23:33.257+0000] {processor.py:183} INFO - Processing /home/airflow/.local/lib/python3.9/site-packages/airflow/example_dags/example_sla_dag.py took 0.354 seconds
[2025-12-11T23:24:04.437+0000] {processor.py:161} INFO - Started process (PID=4286) to work on /home/airflow/.local/lib/python3.9/site-packages/airflow/example_dags/example_sla_dag.py
[2025-12-11T23:24:04.509+0000] {processor.py:830} INFO - Processing file /home/airflow/.local/lib/python3.9/site-packages/airflow/example_dags/example_sla_dag.py for tasks to queue
[2025-12-11T23:24:04.512+0000] {logging_mixin.py:188} INFO - [2025-12-11T23:24:04.511+0000] {dagbag.py:545} INFO - Filling up the DagBag from /home/airflow/.local/lib/python3.9/site-packages/airflow/example_dags/example_sla_dag.py
[2025-12-11T23:24:04.529+0000] {processor.py:840} INFO - DAG(s) 'example_sla_dag' retrieved from /home/airflow/.local/lib/python3.9/site-packages/airflow/example_dags/example_sla_dag.py
[2025-12-11T23:24:04.567+0000] {logging_mixin.py:188} INFO - [2025-12-11T23:24:04.566+0000] {dag.py:3096} INFO - Sync 1 DAGs
[2025-12-11T23:24:04.653+0000] {logging_mixin.py:188} INFO - [2025-12-11T23:24:04.652+0000] {dag.py:3954} INFO - Setting next_dagrun for example_sla_dag to 2025-12-11 23:22:00+00:00, run_after=2025-12-11 23:24:00+00:00
[2025-12-11T23:24:04.700+0000] {processor.py:183} INFO - Processing /home/airflow/.local/lib/python3.9/site-packages/airflow/example_dags/example_sla_dag.py took 0.273 seconds
[2025-12-11T23:24:34.821+0000] {processor.py:161} INFO - Started process (PID=4352) to work on /home/airflow/.local/lib/python3.9/site-packages/airflow/example_dags/example_sla_dag.py
[2025-12-11T23:24:34.832+0000] {processor.py:830} INFO - Processing file /home/airflow/.local/lib/python3.9/site-packages/airflow/example_dags/example_sla_dag.py for tasks to queue
[2025-12-11T23:24:34.835+0000] {logging_mixin.py:188} INFO - [2025-12-11T23:24:34.834+0000] {dagbag.py:545} INFO - Filling up the DagBag from /home/airflow/.local/lib/python3.9/site-packages/airflow/example_dags/example_sla_dag.py
[2025-12-11T23:24:34.848+0000] {processor.py:840} INFO - DAG(s) 'example_sla_dag' retrieved from /home/airflow/.local/lib/python3.9/site-packages/airflow/example_dags/example_sla_dag.py
[2025-12-11T23:24:34.889+0000] {logging_mixin.py:188} INFO - [2025-12-11T23:24:34.889+0000] {dag.py:3096} INFO - Sync 1 DAGs
[2025-12-11T23:24:34.936+0000] {logging_mixin.py:188} INFO - [2025-12-11T23:24:34.935+0000] {dag.py:3954} INFO - Setting next_dagrun for example_sla_dag to 2025-12-11 23:22:00+00:00, run_after=2025-12-11 23:24:00+00:00
[2025-12-11T23:24:34.969+0000] {processor.py:183} INFO - Processing /home/airflow/.local/lib/python3.9/site-packages/airflow/example_dags/example_sla_dag.py took 0.158 seconds
[2025-12-11T23:25:05.040+0000] {processor.py:161} INFO - Started process (PID=4419) to work on /home/airflow/.local/lib/python3.9/site-packages/airflow/example_dags/example_sla_dag.py
[2025-12-11T23:25:05.042+0000] {processor.py:830} INFO - Processing file /home/airflow/.local/lib/python3.9/site-packages/airflow/example_dags/example_sla_dag.py for tasks to queue
[2025-12-11T23:25:05.045+0000] {logging_mixin.py:188} INFO - [2025-12-11T23:25:05.044+0000] {dagbag.py:545} INFO - Filling up the DagBag from /home/airflow/.local/lib/python3.9/site-packages/airflow/example_dags/example_sla_dag.py
[2025-12-11T23:25:05.060+0000] {processor.py:840} INFO - DAG(s) 'example_sla_dag' retrieved from /home/airflow/.local/lib/python3.9/site-packages/airflow/example_dags/example_sla_dag.py
[2025-12-11T23:25:05.099+0000] {logging_mixin.py:188} INFO - [2025-12-11T23:25:05.098+0000] {dag.py:3096} INFO - Sync 1 DAGs
[2025-12-11T23:25:05.140+0000] {logging_mixin.py:188} INFO - [2025-12-11T23:25:05.140+0000] {dag.py:3954} INFO - Setting next_dagrun for example_sla_dag to 2025-12-11 23:22:00+00:00, run_after=2025-12-11 23:24:00+00:00
[2025-12-11T23:25:05.167+0000] {processor.py:183} INFO - Processing /home/airflow/.local/lib/python3.9/site-packages/airflow/example_dags/example_sla_dag.py took 0.138 seconds
[2025-12-11T23:25:35.690+0000] {processor.py:161} INFO - Started process (PID=4486) to work on /home/airflow/.local/lib/python3.9/site-packages/airflow/example_dags/example_sla_dag.py
[2025-12-11T23:25:35.692+0000] {processor.py:830} INFO - Processing file /home/airflow/.local/lib/python3.9/site-packages/airflow/example_dags/example_sla_dag.py for tasks to queue
[2025-12-11T23:25:35.694+0000] {logging_mixin.py:188} INFO - [2025-12-11T23:25:35.694+0000] {dagbag.py:545} INFO - Filling up the DagBag from /home/airflow/.local/lib/python3.9/site-packages/airflow/example_dags/example_sla_dag.py
[2025-12-11T23:25:35.709+0000] {processor.py:840} INFO - DAG(s) 'example_sla_dag' retrieved from /home/airflow/.local/lib/python3.9/site-packages/airflow/example_dags/example_sla_dag.py
[2025-12-11T23:25:35.760+0000] {logging_mixin.py:188} INFO - [2025-12-11T23:25:35.759+0000] {dag.py:3096} INFO - Sync 1 DAGs
[2025-12-11T23:25:35.804+0000] {logging_mixin.py:188} INFO - [2025-12-11T23:25:35.804+0000] {dag.py:3954} INFO - Setting next_dagrun for example_sla_dag to 2025-12-11 23:22:00+00:00, run_after=2025-12-11 23:24:00+00:00
[2025-12-11T23:25:35.832+0000] {processor.py:183} INFO - Processing /home/airflow/.local/lib/python3.9/site-packages/airflow/example_dags/example_sla_dag.py took 0.152 seconds
[2025-12-11T23:26:05.999+0000] {processor.py:161} INFO - Started process (PID=4552) to work on /home/airflow/.local/lib/python3.9/site-packages/airflow/example_dags/example_sla_dag.py
[2025-12-11T23:26:06.010+0000] {processor.py:830} INFO - Processing file /home/airflow/.local/lib/python3.9/site-packages/airflow/example_dags/example_sla_dag.py for tasks to queue
[2025-12-11T23:26:06.012+0000] {logging_mixin.py:188} INFO - [2025-12-11T23:26:06.012+0000] {dagbag.py:545} INFO - Filling up the DagBag from /home/airflow/.local/lib/python3.9/site-packages/airflow/example_dags/example_sla_dag.py
[2025-12-11T23:26:06.071+0000] {processor.py:840} INFO - DAG(s) 'example_sla_dag' retrieved from /home/airflow/.local/lib/python3.9/site-packages/airflow/example_dags/example_sla_dag.py
[2025-12-11T23:26:06.192+0000] {logging_mixin.py:188} INFO - [2025-12-11T23:26:06.191+0000] {dag.py:3096} INFO - Sync 1 DAGs
[2025-12-11T23:26:06.299+0000] {logging_mixin.py:188} INFO - [2025-12-11T23:26:06.299+0000] {dag.py:3954} INFO - Setting next_dagrun for example_sla_dag to 2025-12-11 23:24:00+00:00, run_after=2025-12-11 23:26:00+00:00
[2025-12-11T23:26:06.374+0000] {processor.py:183} INFO - Processing /home/airflow/.local/lib/python3.9/site-packages/airflow/example_dags/example_sla_dag.py took 0.395 seconds
[2025-12-11T23:26:37.001+0000] {processor.py:161} INFO - Started process (PID=4624) to work on /home/airflow/.local/lib/python3.9/site-packages/airflow/example_dags/example_sla_dag.py
[2025-12-11T23:26:37.002+0000] {processor.py:830} INFO - Processing file /home/airflow/.local/lib/python3.9/site-packages/airflow/example_dags/example_sla_dag.py for tasks to queue
[2025-12-11T23:26:37.005+0000] {logging_mixin.py:188} INFO - [2025-12-11T23:26:37.005+0000] {dagbag.py:545} INFO - Filling up the DagBag from /home/airflow/.local/lib/python3.9/site-packages/airflow/example_dags/example_sla_dag.py
[2025-12-11T23:26:37.020+0000] {processor.py:840} INFO - DAG(s) 'example_sla_dag' retrieved from /home/airflow/.local/lib/python3.9/site-packages/airflow/example_dags/example_sla_dag.py
[2025-12-11T23:26:37.065+0000] {logging_mixin.py:188} INFO - [2025-12-11T23:26:37.064+0000] {dag.py:3096} INFO - Sync 1 DAGs
[2025-12-11T23:26:37.114+0000] {logging_mixin.py:188} INFO - [2025-12-11T23:26:37.113+0000] {dag.py:3954} INFO - Setting next_dagrun for example_sla_dag to 2025-12-11 23:24:00+00:00, run_after=2025-12-11 23:26:00+00:00
[2025-12-11T23:26:37.146+0000] {processor.py:183} INFO - Processing /home/airflow/.local/lib/python3.9/site-packages/airflow/example_dags/example_sla_dag.py took 0.155 seconds
[2025-12-11T23:27:07.735+0000] {processor.py:161} INFO - Started process (PID=4691) to work on /home/airflow/.local/lib/python3.9/site-packages/airflow/example_dags/example_sla_dag.py
[2025-12-11T23:27:07.737+0000] {processor.py:830} INFO - Processing file /home/airflow/.local/lib/python3.9/site-packages/airflow/example_dags/example_sla_dag.py for tasks to queue
[2025-12-11T23:27:07.739+0000] {logging_mixin.py:188} INFO - [2025-12-11T23:27:07.739+0000] {dagbag.py:545} INFO - Filling up the DagBag from /home/airflow/.local/lib/python3.9/site-packages/airflow/example_dags/example_sla_dag.py
[2025-12-11T23:27:07.752+0000] {processor.py:840} INFO - DAG(s) 'example_sla_dag' retrieved from /home/airflow/.local/lib/python3.9/site-packages/airflow/example_dags/example_sla_dag.py
[2025-12-11T23:27:07.789+0000] {logging_mixin.py:188} INFO - [2025-12-11T23:27:07.784+0000] {dag.py:3096} INFO - Sync 1 DAGs
[2025-12-11T23:27:07.852+0000] {logging_mixin.py:188} INFO - [2025-12-11T23:27:07.852+0000] {dag.py:3954} INFO - Setting next_dagrun for example_sla_dag to 2025-12-11 23:24:00+00:00, run_after=2025-12-11 23:26:00+00:00
[2025-12-11T23:27:07.893+0000] {processor.py:183} INFO - Processing /home/airflow/.local/lib/python3.9/site-packages/airflow/example_dags/example_sla_dag.py took 0.177 seconds
[2025-12-11T23:27:38.552+0000] {processor.py:161} INFO - Started process (PID=4758) to work on /home/airflow/.local/lib/python3.9/site-packages/airflow/example_dags/example_sla_dag.py
[2025-12-11T23:27:38.556+0000] {processor.py:830} INFO - Processing file /home/airflow/.local/lib/python3.9/site-packages/airflow/example_dags/example_sla_dag.py for tasks to queue
[2025-12-11T23:27:38.558+0000] {logging_mixin.py:188} INFO - [2025-12-11T23:27:38.558+0000] {dagbag.py:545} INFO - Filling up the DagBag from /home/airflow/.local/lib/python3.9/site-packages/airflow/example_dags/example_sla_dag.py
[2025-12-11T23:27:38.572+0000] {processor.py:840} INFO - DAG(s) 'example_sla_dag' retrieved from /home/airflow/.local/lib/python3.9/site-packages/airflow/example_dags/example_sla_dag.py
[2025-12-11T23:27:38.618+0000] {logging_mixin.py:188} INFO - [2025-12-11T23:27:38.618+0000] {dag.py:3096} INFO - Sync 1 DAGs
[2025-12-11T23:27:38.702+0000] {logging_mixin.py:188} INFO - [2025-12-11T23:27:38.701+0000] {dag.py:3954} INFO - Setting next_dagrun for example_sla_dag to 2025-12-11 23:24:00+00:00, run_after=2025-12-11 23:26:00+00:00
[2025-12-11T23:27:38.742+0000] {processor.py:183} INFO - Processing /home/airflow/.local/lib/python3.9/site-packages/airflow/example_dags/example_sla_dag.py took 0.201 seconds
[2025-12-11T23:28:09.055+0000] {processor.py:161} INFO - Started process (PID=4825) to work on /home/airflow/.local/lib/python3.9/site-packages/airflow/example_dags/example_sla_dag.py
[2025-12-11T23:28:09.062+0000] {processor.py:830} INFO - Processing file /home/airflow/.local/lib/python3.9/site-packages/airflow/example_dags/example_sla_dag.py for tasks to queue
[2025-12-11T23:28:09.065+0000] {logging_mixin.py:188} INFO - [2025-12-11T23:28:09.065+0000] {dagbag.py:545} INFO - Filling up the DagBag from /home/airflow/.local/lib/python3.9/site-packages/airflow/example_dags/example_sla_dag.py
[2025-12-11T23:28:09.080+0000] {processor.py:840} INFO - DAG(s) 'example_sla_dag' retrieved from /home/airflow/.local/lib/python3.9/site-packages/airflow/example_dags/example_sla_dag.py
[2025-12-11T23:28:09.139+0000] {logging_mixin.py:188} INFO - [2025-12-11T23:28:09.138+0000] {dag.py:3096} INFO - Sync 1 DAGs
[2025-12-11T23:28:09.197+0000] {logging_mixin.py:188} INFO - [2025-12-11T23:28:09.197+0000] {dag.py:3954} INFO - Setting next_dagrun for example_sla_dag to 2025-12-11 23:26:00+00:00, run_after=2025-12-11 23:28:00+00:00
[2025-12-11T23:28:09.353+0000] {processor.py:183} INFO - Processing /home/airflow/.local/lib/python3.9/site-packages/airflow/example_dags/example_sla_dag.py took 0.317 seconds
[2025-12-11T23:28:39.556+0000] {processor.py:161} INFO - Started process (PID=4891) to work on /home/airflow/.local/lib/python3.9/site-packages/airflow/example_dags/example_sla_dag.py
[2025-12-11T23:28:39.558+0000] {processor.py:830} INFO - Processing file /home/airflow/.local/lib/python3.9/site-packages/airflow/example_dags/example_sla_dag.py for tasks to queue
[2025-12-11T23:28:39.562+0000] {logging_mixin.py:188} INFO - [2025-12-11T23:28:39.561+0000] {dagbag.py:545} INFO - Filling up the DagBag from /home/airflow/.local/lib/python3.9/site-packages/airflow/example_dags/example_sla_dag.py
[2025-12-11T23:28:39.579+0000] {processor.py:840} INFO - DAG(s) 'example_sla_dag' retrieved from /home/airflow/.local/lib/python3.9/site-packages/airflow/example_dags/example_sla_dag.py
[2025-12-11T23:28:39.623+0000] {logging_mixin.py:188} INFO - [2025-12-11T23:28:39.622+0000] {dag.py:3096} INFO - Sync 1 DAGs
[2025-12-11T23:28:39.664+0000] {logging_mixin.py:188} INFO - [2025-12-11T23:28:39.663+0000] {dag.py:3954} INFO - Setting next_dagrun for example_sla_dag to 2025-12-11 23:26:00+00:00, run_after=2025-12-11 23:28:00+00:00
[2025-12-11T23:28:39.698+0000] {processor.py:183} INFO - Processing /home/airflow/.local/lib/python3.9/site-packages/airflow/example_dags/example_sla_dag.py took 0.153 seconds
[2025-12-11T23:29:09.913+0000] {processor.py:161} INFO - Started process (PID=4958) to work on /home/airflow/.local/lib/python3.9/site-packages/airflow/example_dags/example_sla_dag.py
[2025-12-11T23:29:09.914+0000] {processor.py:830} INFO - Processing file /home/airflow/.local/lib/python3.9/site-packages/airflow/example_dags/example_sla_dag.py for tasks to queue
[2025-12-11T23:29:09.917+0000] {logging_mixin.py:188} INFO - [2025-12-11T23:29:09.916+0000] {dagbag.py:545} INFO - Filling up the DagBag from /home/airflow/.local/lib/python3.9/site-packages/airflow/example_dags/example_sla_dag.py
[2025-12-11T23:29:09.934+0000] {processor.py:840} INFO - DAG(s) 'example_sla_dag' retrieved from /home/airflow/.local/lib/python3.9/site-packages/airflow/example_dags/example_sla_dag.py
[2025-12-11T23:29:09.974+0000] {logging_mixin.py:188} INFO - [2025-12-11T23:29:09.974+0000] {dag.py:3096} INFO - Sync 1 DAGs
[2025-12-11T23:29:10.019+0000] {logging_mixin.py:188} INFO - [2025-12-11T23:29:10.018+0000] {dag.py:3954} INFO - Setting next_dagrun for example_sla_dag to 2025-12-11 23:26:00+00:00, run_after=2025-12-11 23:28:00+00:00
[2025-12-11T23:29:10.049+0000] {processor.py:183} INFO - Processing /home/airflow/.local/lib/python3.9/site-packages/airflow/example_dags/example_sla_dag.py took 0.147 seconds
[2025-12-11T23:29:40.307+0000] {processor.py:161} INFO - Started process (PID=5032) to work on /home/airflow/.local/lib/python3.9/site-packages/airflow/example_dags/example_sla_dag.py
[2025-12-11T23:29:40.311+0000] {processor.py:830} INFO - Processing file /home/airflow/.local/lib/python3.9/site-packages/airflow/example_dags/example_sla_dag.py for tasks to queue
[2025-12-11T23:29:40.315+0000] {logging_mixin.py:188} INFO - [2025-12-11T23:29:40.314+0000] {dagbag.py:545} INFO - Filling up the DagBag from /home/airflow/.local/lib/python3.9/site-packages/airflow/example_dags/example_sla_dag.py
[2025-12-11T23:29:40.341+0000] {processor.py:840} INFO - DAG(s) 'example_sla_dag' retrieved from /home/airflow/.local/lib/python3.9/site-packages/airflow/example_dags/example_sla_dag.py
[2025-12-11T23:29:40.432+0000] {logging_mixin.py:188} INFO - [2025-12-11T23:29:40.432+0000] {dag.py:3096} INFO - Sync 1 DAGs
[2025-12-11T23:29:40.516+0000] {logging_mixin.py:188} INFO - [2025-12-11T23:29:40.516+0000] {dag.py:3954} INFO - Setting next_dagrun for example_sla_dag to 2025-12-11 23:26:00+00:00, run_after=2025-12-11 23:28:00+00:00
[2025-12-11T23:29:40.633+0000] {processor.py:183} INFO - Processing /home/airflow/.local/lib/python3.9/site-packages/airflow/example_dags/example_sla_dag.py took 0.343 seconds
[2025-12-11T23:30:10.812+0000] {processor.py:161} INFO - Started process (PID=5099) to work on /home/airflow/.local/lib/python3.9/site-packages/airflow/example_dags/example_sla_dag.py
[2025-12-11T23:30:10.818+0000] {processor.py:830} INFO - Processing file /home/airflow/.local/lib/python3.9/site-packages/airflow/example_dags/example_sla_dag.py for tasks to queue
[2025-12-11T23:30:10.830+0000] {logging_mixin.py:188} INFO - [2025-12-11T23:30:10.822+0000] {dagbag.py:545} INFO - Filling up the DagBag from /home/airflow/.local/lib/python3.9/site-packages/airflow/example_dags/example_sla_dag.py
[2025-12-11T23:30:10.871+0000] {processor.py:840} INFO - DAG(s) 'example_sla_dag' retrieved from /home/airflow/.local/lib/python3.9/site-packages/airflow/example_dags/example_sla_dag.py
[2025-12-11T23:30:10.992+0000] {logging_mixin.py:188} INFO - [2025-12-11T23:30:10.991+0000] {dag.py:3096} INFO - Sync 1 DAGs
[2025-12-11T23:30:11.059+0000] {logging_mixin.py:188} INFO - [2025-12-11T23:30:11.059+0000] {dag.py:3954} INFO - Setting next_dagrun for example_sla_dag to 2025-12-11 23:28:00+00:00, run_after=2025-12-11 23:30:00+00:00
[2025-12-11T23:30:11.114+0000] {processor.py:183} INFO - Processing /home/airflow/.local/lib/python3.9/site-packages/airflow/example_dags/example_sla_dag.py took 0.333 seconds
[2025-12-11T23:30:41.651+0000] {processor.py:161} INFO - Started process (PID=5166) to work on /home/airflow/.local/lib/python3.9/site-packages/airflow/example_dags/example_sla_dag.py
[2025-12-11T23:30:41.654+0000] {processor.py:830} INFO - Processing file /home/airflow/.local/lib/python3.9/site-packages/airflow/example_dags/example_sla_dag.py for tasks to queue
[2025-12-11T23:30:41.662+0000] {logging_mixin.py:188} INFO - [2025-12-11T23:30:41.661+0000] {dagbag.py:545} INFO - Filling up the DagBag from /home/airflow/.local/lib/python3.9/site-packages/airflow/example_dags/example_sla_dag.py
[2025-12-11T23:30:41.692+0000] {processor.py:840} INFO - DAG(s) 'example_sla_dag' retrieved from /home/airflow/.local/lib/python3.9/site-packages/airflow/example_dags/example_sla_dag.py
[2025-12-11T23:30:41.753+0000] {logging_mixin.py:188} INFO - [2025-12-11T23:30:41.752+0000] {dag.py:3096} INFO - Sync 1 DAGs
[2025-12-11T23:30:41.817+0000] {logging_mixin.py:188} INFO - [2025-12-11T23:30:41.817+0000] {dag.py:3954} INFO - Setting next_dagrun for example_sla_dag to 2025-12-11 23:28:00+00:00, run_after=2025-12-11 23:30:00+00:00
[2025-12-11T23:30:41.862+0000] {processor.py:183} INFO - Processing /home/airflow/.local/lib/python3.9/site-packages/airflow/example_dags/example_sla_dag.py took 0.245 seconds
[2025-12-11T23:31:13.031+0000] {processor.py:161} INFO - Started process (PID=5233) to work on /home/airflow/.local/lib/python3.9/site-packages/airflow/example_dags/example_sla_dag.py
[2025-12-11T23:31:13.049+0000] {processor.py:830} INFO - Processing file /home/airflow/.local/lib/python3.9/site-packages/airflow/example_dags/example_sla_dag.py for tasks to queue
[2025-12-11T23:31:13.052+0000] {logging_mixin.py:188} INFO - [2025-12-11T23:31:13.051+0000] {dagbag.py:545} INFO - Filling up the DagBag from /home/airflow/.local/lib/python3.9/site-packages/airflow/example_dags/example_sla_dag.py
[2025-12-11T23:31:13.070+0000] {processor.py:840} INFO - DAG(s) 'example_sla_dag' retrieved from /home/airflow/.local/lib/python3.9/site-packages/airflow/example_dags/example_sla_dag.py
[2025-12-11T23:31:13.122+0000] {logging_mixin.py:188} INFO - [2025-12-11T23:31:13.121+0000] {dag.py:3096} INFO - Sync 1 DAGs
[2025-12-11T23:31:13.190+0000] {logging_mixin.py:188} INFO - [2025-12-11T23:31:13.190+0000] {dag.py:3954} INFO - Setting next_dagrun for example_sla_dag to 2025-12-11 23:28:00+00:00, run_after=2025-12-11 23:30:00+00:00
[2025-12-11T23:31:13.236+0000] {processor.py:183} INFO - Processing /home/airflow/.local/lib/python3.9/site-packages/airflow/example_dags/example_sla_dag.py took 0.237 seconds
[2025-12-11T23:31:43.612+0000] {processor.py:161} INFO - Started process (PID=5300) to work on /home/airflow/.local/lib/python3.9/site-packages/airflow/example_dags/example_sla_dag.py
[2025-12-11T23:31:43.617+0000] {processor.py:830} INFO - Processing file /home/airflow/.local/lib/python3.9/site-packages/airflow/example_dags/example_sla_dag.py for tasks to queue
[2025-12-11T23:31:43.621+0000] {logging_mixin.py:188} INFO - [2025-12-11T23:31:43.620+0000] {dagbag.py:545} INFO - Filling up the DagBag from /home/airflow/.local/lib/python3.9/site-packages/airflow/example_dags/example_sla_dag.py
[2025-12-11T23:31:43.654+0000] {processor.py:840} INFO - DAG(s) 'example_sla_dag' retrieved from /home/airflow/.local/lib/python3.9/site-packages/airflow/example_dags/example_sla_dag.py
[2025-12-11T23:31:43.752+0000] {logging_mixin.py:188} INFO - [2025-12-11T23:31:43.751+0000] {dag.py:3096} INFO - Sync 1 DAGs
[2025-12-11T23:31:43.821+0000] {logging_mixin.py:188} INFO - [2025-12-11T23:31:43.821+0000] {dag.py:3954} INFO - Setting next_dagrun for example_sla_dag to 2025-12-11 23:28:00+00:00, run_after=2025-12-11 23:30:00+00:00
[2025-12-11T23:31:43.876+0000] {processor.py:183} INFO - Processing /home/airflow/.local/lib/python3.9/site-packages/airflow/example_dags/example_sla_dag.py took 0.294 seconds
[2025-12-11T23:32:14.785+0000] {processor.py:161} INFO - Started process (PID=5367) to work on /home/airflow/.local/lib/python3.9/site-packages/airflow/example_dags/example_sla_dag.py
[2025-12-11T23:32:14.793+0000] {processor.py:830} INFO - Processing file /home/airflow/.local/lib/python3.9/site-packages/airflow/example_dags/example_sla_dag.py for tasks to queue
[2025-12-11T23:32:14.797+0000] {logging_mixin.py:188} INFO - [2025-12-11T23:32:14.796+0000] {dagbag.py:545} INFO - Filling up the DagBag from /home/airflow/.local/lib/python3.9/site-packages/airflow/example_dags/example_sla_dag.py
[2025-12-11T23:32:14.823+0000] {processor.py:840} INFO - DAG(s) 'example_sla_dag' retrieved from /home/airflow/.local/lib/python3.9/site-packages/airflow/example_dags/example_sla_dag.py
[2025-12-11T23:32:14.878+0000] {logging_mixin.py:188} INFO - [2025-12-11T23:32:14.877+0000] {dag.py:3096} INFO - Sync 1 DAGs
[2025-12-11T23:32:14.972+0000] {logging_mixin.py:188} INFO - [2025-12-11T23:32:14.972+0000] {dag.py:3954} INFO - Setting next_dagrun for example_sla_dag to 2025-12-11 23:30:00+00:00, run_after=2025-12-11 23:32:00+00:00
[2025-12-11T23:32:15.196+0000] {processor.py:183} INFO - Processing /home/airflow/.local/lib/python3.9/site-packages/airflow/example_dags/example_sla_dag.py took 0.426 seconds
[2025-12-11T23:32:46.047+0000] {processor.py:161} INFO - Started process (PID=5435) to work on /home/airflow/.local/lib/python3.9/site-packages/airflow/example_dags/example_sla_dag.py
[2025-12-11T23:32:46.054+0000] {processor.py:830} INFO - Processing file /home/airflow/.local/lib/python3.9/site-packages/airflow/example_dags/example_sla_dag.py for tasks to queue
[2025-12-11T23:32:46.057+0000] {logging_mixin.py:188} INFO - [2025-12-11T23:32:46.057+0000] {dagbag.py:545} INFO - Filling up the DagBag from /home/airflow/.local/lib/python3.9/site-packages/airflow/example_dags/example_sla_dag.py
[2025-12-11T23:32:46.071+0000] {processor.py:840} INFO - DAG(s) 'example_sla_dag' retrieved from /home/airflow/.local/lib/python3.9/site-packages/airflow/example_dags/example_sla_dag.py
[2025-12-11T23:32:46.106+0000] {logging_mixin.py:188} INFO - [2025-12-11T23:32:46.106+0000] {dag.py:3096} INFO - Sync 1 DAGs
[2025-12-11T23:32:46.146+0000] {logging_mixin.py:188} INFO - [2025-12-11T23:32:46.146+0000] {dag.py:3954} INFO - Setting next_dagrun for example_sla_dag to 2025-12-11 23:30:00+00:00, run_after=2025-12-11 23:32:00+00:00
[2025-12-11T23:32:46.215+0000] {processor.py:183} INFO - Processing /home/airflow/.local/lib/python3.9/site-packages/airflow/example_dags/example_sla_dag.py took 0.179 seconds
[2025-12-11T23:33:16.837+0000] {processor.py:161} INFO - Started process (PID=5501) to work on /home/airflow/.local/lib/python3.9/site-packages/airflow/example_dags/example_sla_dag.py
[2025-12-11T23:33:16.839+0000] {processor.py:830} INFO - Processing file /home/airflow/.local/lib/python3.9/site-packages/airflow/example_dags/example_sla_dag.py for tasks to queue
[2025-12-11T23:33:16.842+0000] {logging_mixin.py:188} INFO - [2025-12-11T23:33:16.841+0000] {dagbag.py:545} INFO - Filling up the DagBag from /home/airflow/.local/lib/python3.9/site-packages/airflow/example_dags/example_sla_dag.py
[2025-12-11T23:33:16.856+0000] {processor.py:840} INFO - DAG(s) 'example_sla_dag' retrieved from /home/airflow/.local/lib/python3.9/site-packages/airflow/example_dags/example_sla_dag.py
[2025-12-11T23:33:16.892+0000] {logging_mixin.py:188} INFO - [2025-12-11T23:33:16.892+0000] {dag.py:3096} INFO - Sync 1 DAGs
[2025-12-11T23:33:16.935+0000] {logging_mixin.py:188} INFO - [2025-12-11T23:33:16.934+0000] {dag.py:3954} INFO - Setting next_dagrun for example_sla_dag to 2025-12-11 23:30:00+00:00, run_after=2025-12-11 23:32:00+00:00
[2025-12-11T23:33:16.962+0000] {processor.py:183} INFO - Processing /home/airflow/.local/lib/python3.9/site-packages/airflow/example_dags/example_sla_dag.py took 0.135 seconds
[2025-12-11T23:33:47.893+0000] {processor.py:161} INFO - Started process (PID=5568) to work on /home/airflow/.local/lib/python3.9/site-packages/airflow/example_dags/example_sla_dag.py
[2025-12-11T23:33:47.901+0000] {processor.py:830} INFO - Processing file /home/airflow/.local/lib/python3.9/site-packages/airflow/example_dags/example_sla_dag.py for tasks to queue
[2025-12-11T23:33:47.905+0000] {logging_mixin.py:188} INFO - [2025-12-11T23:33:47.904+0000] {dagbag.py:545} INFO - Filling up the DagBag from /home/airflow/.local/lib/python3.9/site-packages/airflow/example_dags/example_sla_dag.py
[2025-12-11T23:33:47.918+0000] {processor.py:840} INFO - DAG(s) 'example_sla_dag' retrieved from /home/airflow/.local/lib/python3.9/site-packages/airflow/example_dags/example_sla_dag.py
[2025-12-11T23:33:47.955+0000] {logging_mixin.py:188} INFO - [2025-12-11T23:33:47.954+0000] {dag.py:3096} INFO - Sync 1 DAGs
[2025-12-11T23:33:47.996+0000] {logging_mixin.py:188} INFO - [2025-12-11T23:33:47.996+0000] {dag.py:3954} INFO - Setting next_dagrun for example_sla_dag to 2025-12-11 23:30:00+00:00, run_after=2025-12-11 23:32:00+00:00
[2025-12-11T23:33:48.026+0000] {processor.py:183} INFO - Processing /home/airflow/.local/lib/python3.9/site-packages/airflow/example_dags/example_sla_dag.py took 0.145 seconds
[2025-12-11T23:34:18.793+0000] {processor.py:161} INFO - Started process (PID=5635) to work on /home/airflow/.local/lib/python3.9/site-packages/airflow/example_dags/example_sla_dag.py
[2025-12-11T23:34:18.795+0000] {processor.py:830} INFO - Processing file /home/airflow/.local/lib/python3.9/site-packages/airflow/example_dags/example_sla_dag.py for tasks to queue
[2025-12-11T23:34:18.798+0000] {logging_mixin.py:188} INFO - [2025-12-11T23:34:18.797+0000] {dagbag.py:545} INFO - Filling up the DagBag from /home/airflow/.local/lib/python3.9/site-packages/airflow/example_dags/example_sla_dag.py
[2025-12-11T23:34:18.813+0000] {processor.py:840} INFO - DAG(s) 'example_sla_dag' retrieved from /home/airflow/.local/lib/python3.9/site-packages/airflow/example_dags/example_sla_dag.py
[2025-12-11T23:34:18.852+0000] {logging_mixin.py:188} INFO - [2025-12-11T23:34:18.851+0000] {dag.py:3096} INFO - Sync 1 DAGs
[2025-12-11T23:34:18.893+0000] {logging_mixin.py:188} INFO - [2025-12-11T23:34:18.893+0000] {dag.py:3954} INFO - Setting next_dagrun for example_sla_dag to 2025-12-11 23:32:00+00:00, run_after=2025-12-11 23:34:00+00:00
[2025-12-11T23:34:18.921+0000] {processor.py:183} INFO - Processing /home/airflow/.local/lib/python3.9/site-packages/airflow/example_dags/example_sla_dag.py took 0.140 seconds
[2025-12-11T23:34:49.190+0000] {processor.py:161} INFO - Started process (PID=5702) to work on /home/airflow/.local/lib/python3.9/site-packages/airflow/example_dags/example_sla_dag.py
[2025-12-11T23:34:49.196+0000] {processor.py:830} INFO - Processing file /home/airflow/.local/lib/python3.9/site-packages/airflow/example_dags/example_sla_dag.py for tasks to queue
[2025-12-11T23:34:49.198+0000] {logging_mixin.py:188} INFO - [2025-12-11T23:34:49.198+0000] {dagbag.py:545} INFO - Filling up the DagBag from /home/airflow/.local/lib/python3.9/site-packages/airflow/example_dags/example_sla_dag.py
[2025-12-11T23:34:49.212+0000] {processor.py:840} INFO - DAG(s) 'example_sla_dag' retrieved from /home/airflow/.local/lib/python3.9/site-packages/airflow/example_dags/example_sla_dag.py
[2025-12-11T23:34:49.251+0000] {logging_mixin.py:188} INFO - [2025-12-11T23:34:49.250+0000] {dag.py:3096} INFO - Sync 1 DAGs
[2025-12-11T23:34:49.298+0000] {logging_mixin.py:188} INFO - [2025-12-11T23:34:49.298+0000] {dag.py:3954} INFO - Setting next_dagrun for example_sla_dag to 2025-12-11 23:32:00+00:00, run_after=2025-12-11 23:34:00+00:00
[2025-12-11T23:34:49.329+0000] {processor.py:183} INFO - Processing /home/airflow/.local/lib/python3.9/site-packages/airflow/example_dags/example_sla_dag.py took 0.150 seconds
[2025-12-11T23:35:20.193+0000] {processor.py:161} INFO - Started process (PID=5769) to work on /home/airflow/.local/lib/python3.9/site-packages/airflow/example_dags/example_sla_dag.py
[2025-12-11T23:35:20.194+0000] {processor.py:830} INFO - Processing file /home/airflow/.local/lib/python3.9/site-packages/airflow/example_dags/example_sla_dag.py for tasks to queue
[2025-12-11T23:35:20.197+0000] {logging_mixin.py:188} INFO - [2025-12-11T23:35:20.197+0000] {dagbag.py:545} INFO - Filling up the DagBag from /home/airflow/.local/lib/python3.9/site-packages/airflow/example_dags/example_sla_dag.py
[2025-12-11T23:35:20.213+0000] {processor.py:840} INFO - DAG(s) 'example_sla_dag' retrieved from /home/airflow/.local/lib/python3.9/site-packages/airflow/example_dags/example_sla_dag.py
[2025-12-11T23:35:20.250+0000] {logging_mixin.py:188} INFO - [2025-12-11T23:35:20.249+0000] {dag.py:3096} INFO - Sync 1 DAGs
[2025-12-11T23:35:20.290+0000] {logging_mixin.py:188} INFO - [2025-12-11T23:35:20.289+0000] {dag.py:3954} INFO - Setting next_dagrun for example_sla_dag to 2025-12-11 23:32:00+00:00, run_after=2025-12-11 23:34:00+00:00
[2025-12-11T23:35:20.317+0000] {processor.py:183} INFO - Processing /home/airflow/.local/lib/python3.9/site-packages/airflow/example_dags/example_sla_dag.py took 0.137 seconds
[2025-12-11T23:35:50.483+0000] {processor.py:161} INFO - Started process (PID=5835) to work on /home/airflow/.local/lib/python3.9/site-packages/airflow/example_dags/example_sla_dag.py
[2025-12-11T23:35:50.491+0000] {processor.py:830} INFO - Processing file /home/airflow/.local/lib/python3.9/site-packages/airflow/example_dags/example_sla_dag.py for tasks to queue
[2025-12-11T23:35:50.494+0000] {logging_mixin.py:188} INFO - [2025-12-11T23:35:50.494+0000] {dagbag.py:545} INFO - Filling up the DagBag from /home/airflow/.local/lib/python3.9/site-packages/airflow/example_dags/example_sla_dag.py
[2025-12-11T23:35:50.517+0000] {processor.py:840} INFO - DAG(s) 'example_sla_dag' retrieved from /home/airflow/.local/lib/python3.9/site-packages/airflow/example_dags/example_sla_dag.py
[2025-12-11T23:35:50.580+0000] {logging_mixin.py:188} INFO - [2025-12-11T23:35:50.580+0000] {dag.py:3096} INFO - Sync 1 DAGs
[2025-12-11T23:35:50.667+0000] {logging_mixin.py:188} INFO - [2025-12-11T23:35:50.667+0000] {dag.py:3954} INFO - Setting next_dagrun for example_sla_dag to 2025-12-11 23:32:00+00:00, run_after=2025-12-11 23:34:00+00:00
[2025-12-11T23:35:50.702+0000] {processor.py:183} INFO - Processing /home/airflow/.local/lib/python3.9/site-packages/airflow/example_dags/example_sla_dag.py took 0.229 seconds
[2025-12-11T23:36:21.596+0000] {processor.py:161} INFO - Started process (PID=5903) to work on /home/airflow/.local/lib/python3.9/site-packages/airflow/example_dags/example_sla_dag.py
[2025-12-11T23:36:21.600+0000] {processor.py:830} INFO - Processing file /home/airflow/.local/lib/python3.9/site-packages/airflow/example_dags/example_sla_dag.py for tasks to queue
[2025-12-11T23:36:21.603+0000] {logging_mixin.py:188} INFO - [2025-12-11T23:36:21.603+0000] {dagbag.py:545} INFO - Filling up the DagBag from /home/airflow/.local/lib/python3.9/site-packages/airflow/example_dags/example_sla_dag.py
[2025-12-11T23:36:21.617+0000] {processor.py:840} INFO - DAG(s) 'example_sla_dag' retrieved from /home/airflow/.local/lib/python3.9/site-packages/airflow/example_dags/example_sla_dag.py
[2025-12-11T23:36:21.656+0000] {logging_mixin.py:188} INFO - [2025-12-11T23:36:21.656+0000] {dag.py:3096} INFO - Sync 1 DAGs
[2025-12-11T23:36:21.705+0000] {logging_mixin.py:188} INFO - [2025-12-11T23:36:21.704+0000] {dag.py:3954} INFO - Setting next_dagrun for example_sla_dag to 2025-12-11 23:34:00+00:00, run_after=2025-12-11 23:36:00+00:00
[2025-12-11T23:36:21.863+0000] {processor.py:183} INFO - Processing /home/airflow/.local/lib/python3.9/site-packages/airflow/example_dags/example_sla_dag.py took 0.280 seconds
[2025-12-11T23:36:52.363+0000] {processor.py:161} INFO - Started process (PID=5971) to work on /home/airflow/.local/lib/python3.9/site-packages/airflow/example_dags/example_sla_dag.py
[2025-12-11T23:36:52.371+0000] {processor.py:830} INFO - Processing file /home/airflow/.local/lib/python3.9/site-packages/airflow/example_dags/example_sla_dag.py for tasks to queue
[2025-12-11T23:36:52.374+0000] {logging_mixin.py:188} INFO - [2025-12-11T23:36:52.373+0000] {dagbag.py:545} INFO - Filling up the DagBag from /home/airflow/.local/lib/python3.9/site-packages/airflow/example_dags/example_sla_dag.py
[2025-12-11T23:36:52.388+0000] {processor.py:840} INFO - DAG(s) 'example_sla_dag' retrieved from /home/airflow/.local/lib/python3.9/site-packages/airflow/example_dags/example_sla_dag.py
[2025-12-11T23:36:52.423+0000] {logging_mixin.py:188} INFO - [2025-12-11T23:36:52.423+0000] {dag.py:3096} INFO - Sync 1 DAGs
[2025-12-11T23:36:52.464+0000] {logging_mixin.py:188} INFO - [2025-12-11T23:36:52.463+0000] {dag.py:3954} INFO - Setting next_dagrun for example_sla_dag to 2025-12-11 23:34:00+00:00, run_after=2025-12-11 23:36:00+00:00
[2025-12-11T23:36:52.493+0000] {processor.py:183} INFO - Processing /home/airflow/.local/lib/python3.9/site-packages/airflow/example_dags/example_sla_dag.py took 0.141 seconds
[2025-12-11T23:37:23.330+0000] {processor.py:161} INFO - Started process (PID=6045) to work on /home/airflow/.local/lib/python3.9/site-packages/airflow/example_dags/example_sla_dag.py
[2025-12-11T23:37:23.331+0000] {processor.py:830} INFO - Processing file /home/airflow/.local/lib/python3.9/site-packages/airflow/example_dags/example_sla_dag.py for tasks to queue
[2025-12-11T23:37:23.334+0000] {logging_mixin.py:188} INFO - [2025-12-11T23:37:23.333+0000] {dagbag.py:545} INFO - Filling up the DagBag from /home/airflow/.local/lib/python3.9/site-packages/airflow/example_dags/example_sla_dag.py
[2025-12-11T23:37:23.391+0000] {processor.py:840} INFO - DAG(s) 'example_sla_dag' retrieved from /home/airflow/.local/lib/python3.9/site-packages/airflow/example_dags/example_sla_dag.py
[2025-12-11T23:37:23.491+0000] {logging_mixin.py:188} INFO - [2025-12-11T23:37:23.491+0000] {dag.py:3096} INFO - Sync 1 DAGs
[2025-12-11T23:37:23.580+0000] {logging_mixin.py:188} INFO - [2025-12-11T23:37:23.580+0000] {dag.py:3954} INFO - Setting next_dagrun for example_sla_dag to 2025-12-11 23:34:00+00:00, run_after=2025-12-11 23:36:00+00:00
[2025-12-11T23:37:23.677+0000] {processor.py:183} INFO - Processing /home/airflow/.local/lib/python3.9/site-packages/airflow/example_dags/example_sla_dag.py took 0.366 seconds
[2025-12-11T23:37:53.789+0000] {processor.py:161} INFO - Started process (PID=6111) to work on /home/airflow/.local/lib/python3.9/site-packages/airflow/example_dags/example_sla_dag.py
[2025-12-11T23:37:53.876+0000] {processor.py:830} INFO - Processing file /home/airflow/.local/lib/python3.9/site-packages/airflow/example_dags/example_sla_dag.py for tasks to queue
[2025-12-11T23:37:53.879+0000] {logging_mixin.py:188} INFO - [2025-12-11T23:37:53.879+0000] {dagbag.py:545} INFO - Filling up the DagBag from /home/airflow/.local/lib/python3.9/site-packages/airflow/example_dags/example_sla_dag.py
[2025-12-11T23:37:53.912+0000] {processor.py:840} INFO - DAG(s) 'example_sla_dag' retrieved from /home/airflow/.local/lib/python3.9/site-packages/airflow/example_dags/example_sla_dag.py
[2025-12-11T23:37:53.982+0000] {logging_mixin.py:188} INFO - [2025-12-11T23:37:53.981+0000] {dag.py:3096} INFO - Sync 1 DAGs
[2025-12-11T23:37:54.075+0000] {logging_mixin.py:188} INFO - [2025-12-11T23:37:54.075+0000] {dag.py:3954} INFO - Setting next_dagrun for example_sla_dag to 2025-12-11 23:34:00+00:00, run_after=2025-12-11 23:36:00+00:00
[2025-12-11T23:37:54.131+0000] {processor.py:183} INFO - Processing /home/airflow/.local/lib/python3.9/site-packages/airflow/example_dags/example_sla_dag.py took 0.361 seconds
[2025-12-11T23:38:25.079+0000] {processor.py:161} INFO - Started process (PID=6179) to work on /home/airflow/.local/lib/python3.9/site-packages/airflow/example_dags/example_sla_dag.py
[2025-12-11T23:38:25.080+0000] {processor.py:830} INFO - Processing file /home/airflow/.local/lib/python3.9/site-packages/airflow/example_dags/example_sla_dag.py for tasks to queue
[2025-12-11T23:38:25.091+0000] {logging_mixin.py:188} INFO - [2025-12-11T23:38:25.091+0000] {dagbag.py:545} INFO - Filling up the DagBag from /home/airflow/.local/lib/python3.9/site-packages/airflow/example_dags/example_sla_dag.py
[2025-12-11T23:38:25.113+0000] {processor.py:840} INFO - DAG(s) 'example_sla_dag' retrieved from /home/airflow/.local/lib/python3.9/site-packages/airflow/example_dags/example_sla_dag.py
[2025-12-11T23:38:25.181+0000] {logging_mixin.py:188} INFO - [2025-12-11T23:38:25.180+0000] {dag.py:3096} INFO - Sync 1 DAGs
[2025-12-11T23:38:25.272+0000] {logging_mixin.py:188} INFO - [2025-12-11T23:38:25.272+0000] {dag.py:3954} INFO - Setting next_dagrun for example_sla_dag to 2025-12-11 23:36:00+00:00, run_after=2025-12-11 23:38:00+00:00
[2025-12-11T23:38:25.334+0000] {processor.py:183} INFO - Processing /home/airflow/.local/lib/python3.9/site-packages/airflow/example_dags/example_sla_dag.py took 0.280 seconds
[2025-12-11T23:38:55.597+0000] {processor.py:161} INFO - Started process (PID=6238) to work on /home/airflow/.local/lib/python3.9/site-packages/airflow/example_dags/example_sla_dag.py
[2025-12-11T23:38:55.599+0000] {processor.py:830} INFO - Processing file /home/airflow/.local/lib/python3.9/site-packages/airflow/example_dags/example_sla_dag.py for tasks to queue
[2025-12-11T23:38:55.602+0000] {logging_mixin.py:188} INFO - [2025-12-11T23:38:55.601+0000] {dagbag.py:545} INFO - Filling up the DagBag from /home/airflow/.local/lib/python3.9/site-packages/airflow/example_dags/example_sla_dag.py
[2025-12-11T23:38:55.617+0000] {processor.py:840} INFO - DAG(s) 'example_sla_dag' retrieved from /home/airflow/.local/lib/python3.9/site-packages/airflow/example_dags/example_sla_dag.py
[2025-12-11T23:38:55.656+0000] {logging_mixin.py:188} INFO - [2025-12-11T23:38:55.655+0000] {dag.py:3096} INFO - Sync 1 DAGs
[2025-12-11T23:38:55.696+0000] {logging_mixin.py:188} INFO - [2025-12-11T23:38:55.695+0000] {dag.py:3954} INFO - Setting next_dagrun for example_sla_dag to 2025-12-11 23:36:00+00:00, run_after=2025-12-11 23:38:00+00:00
[2025-12-11T23:38:55.720+0000] {processor.py:183} INFO - Processing /home/airflow/.local/lib/python3.9/site-packages/airflow/example_dags/example_sla_dag.py took 0.134 seconds
[2025-12-11T23:39:26.373+0000] {processor.py:161} INFO - Started process (PID=6306) to work on /home/airflow/.local/lib/python3.9/site-packages/airflow/example_dags/example_sla_dag.py
[2025-12-11T23:39:26.375+0000] {processor.py:830} INFO - Processing file /home/airflow/.local/lib/python3.9/site-packages/airflow/example_dags/example_sla_dag.py for tasks to queue
[2025-12-11T23:39:26.377+0000] {logging_mixin.py:188} INFO - [2025-12-11T23:39:26.377+0000] {dagbag.py:545} INFO - Filling up the DagBag from /home/airflow/.local/lib/python3.9/site-packages/airflow/example_dags/example_sla_dag.py
[2025-12-11T23:39:26.410+0000] {processor.py:840} INFO - DAG(s) 'example_sla_dag' retrieved from /home/airflow/.local/lib/python3.9/site-packages/airflow/example_dags/example_sla_dag.py
[2025-12-11T23:39:26.491+0000] {logging_mixin.py:188} INFO - [2025-12-11T23:39:26.491+0000] {dag.py:3096} INFO - Sync 1 DAGs
[2025-12-11T23:39:26.569+0000] {logging_mixin.py:188} INFO - [2025-12-11T23:39:26.563+0000] {dag.py:3954} INFO - Setting next_dagrun for example_sla_dag to 2025-12-11 23:36:00+00:00, run_after=2025-12-11 23:38:00+00:00
[2025-12-11T23:39:26.615+0000] {processor.py:183} INFO - Processing /home/airflow/.local/lib/python3.9/site-packages/airflow/example_dags/example_sla_dag.py took 0.261 seconds
[2025-12-11T23:39:57.050+0000] {processor.py:161} INFO - Started process (PID=6373) to work on /home/airflow/.local/lib/python3.9/site-packages/airflow/example_dags/example_sla_dag.py
[2025-12-11T23:39:57.052+0000] {processor.py:830} INFO - Processing file /home/airflow/.local/lib/python3.9/site-packages/airflow/example_dags/example_sla_dag.py for tasks to queue
[2025-12-11T23:39:57.055+0000] {logging_mixin.py:188} INFO - [2025-12-11T23:39:57.054+0000] {dagbag.py:545} INFO - Filling up the DagBag from /home/airflow/.local/lib/python3.9/site-packages/airflow/example_dags/example_sla_dag.py
[2025-12-11T23:39:57.109+0000] {processor.py:840} INFO - DAG(s) 'example_sla_dag' retrieved from /home/airflow/.local/lib/python3.9/site-packages/airflow/example_dags/example_sla_dag.py
[2025-12-11T23:39:57.216+0000] {logging_mixin.py:188} INFO - [2025-12-11T23:39:57.215+0000] {dag.py:3096} INFO - Sync 1 DAGs
[2025-12-11T23:39:57.353+0000] {logging_mixin.py:188} INFO - [2025-12-11T23:39:57.352+0000] {dag.py:3954} INFO - Setting next_dagrun for example_sla_dag to 2025-12-11 23:36:00+00:00, run_after=2025-12-11 23:38:00+00:00
[2025-12-11T23:39:57.475+0000] {processor.py:183} INFO - Processing /home/airflow/.local/lib/python3.9/site-packages/airflow/example_dags/example_sla_dag.py took 0.460 seconds
[2025-12-11T23:40:27.740+0000] {processor.py:161} INFO - Started process (PID=6439) to work on /home/airflow/.local/lib/python3.9/site-packages/airflow/example_dags/example_sla_dag.py
[2025-12-11T23:40:27.762+0000] {processor.py:830} INFO - Processing file /home/airflow/.local/lib/python3.9/site-packages/airflow/example_dags/example_sla_dag.py for tasks to queue
[2025-12-11T23:40:27.765+0000] {logging_mixin.py:188} INFO - [2025-12-11T23:40:27.765+0000] {dagbag.py:545} INFO - Filling up the DagBag from /home/airflow/.local/lib/python3.9/site-packages/airflow/example_dags/example_sla_dag.py
[2025-12-11T23:40:27.784+0000] {processor.py:840} INFO - DAG(s) 'example_sla_dag' retrieved from /home/airflow/.local/lib/python3.9/site-packages/airflow/example_dags/example_sla_dag.py
[2025-12-11T23:40:27.835+0000] {logging_mixin.py:188} INFO - [2025-12-11T23:40:27.834+0000] {dag.py:3096} INFO - Sync 1 DAGs
[2025-12-11T23:40:27.918+0000] {logging_mixin.py:188} INFO - [2025-12-11T23:40:27.917+0000] {dag.py:3954} INFO - Setting next_dagrun for example_sla_dag to 2025-12-11 23:38:00+00:00, run_after=2025-12-11 23:40:00+00:00
[2025-12-11T23:40:28.080+0000] {processor.py:183} INFO - Processing /home/airflow/.local/lib/python3.9/site-packages/airflow/example_dags/example_sla_dag.py took 0.357 seconds
[2025-12-11T23:40:58.485+0000] {processor.py:161} INFO - Started process (PID=6513) to work on /home/airflow/.local/lib/python3.9/site-packages/airflow/example_dags/example_sla_dag.py
[2025-12-11T23:40:58.487+0000] {processor.py:830} INFO - Processing file /home/airflow/.local/lib/python3.9/site-packages/airflow/example_dags/example_sla_dag.py for tasks to queue
[2025-12-11T23:40:58.490+0000] {logging_mixin.py:188} INFO - [2025-12-11T23:40:58.490+0000] {dagbag.py:545} INFO - Filling up the DagBag from /home/airflow/.local/lib/python3.9/site-packages/airflow/example_dags/example_sla_dag.py
[2025-12-11T23:40:58.506+0000] {processor.py:840} INFO - DAG(s) 'example_sla_dag' retrieved from /home/airflow/.local/lib/python3.9/site-packages/airflow/example_dags/example_sla_dag.py
[2025-12-11T23:40:58.549+0000] {logging_mixin.py:188} INFO - [2025-12-11T23:40:58.548+0000] {dag.py:3096} INFO - Sync 1 DAGs
[2025-12-11T23:40:58.592+0000] {logging_mixin.py:188} INFO - [2025-12-11T23:40:58.592+0000] {dag.py:3954} INFO - Setting next_dagrun for example_sla_dag to 2025-12-11 23:38:00+00:00, run_after=2025-12-11 23:40:00+00:00
[2025-12-11T23:40:58.622+0000] {processor.py:183} INFO - Processing /home/airflow/.local/lib/python3.9/site-packages/airflow/example_dags/example_sla_dag.py took 0.149 seconds
[2025-12-11T23:41:29.464+0000] {processor.py:161} INFO - Started process (PID=6581) to work on /home/airflow/.local/lib/python3.9/site-packages/airflow/example_dags/example_sla_dag.py
[2025-12-11T23:41:29.466+0000] {processor.py:830} INFO - Processing file /home/airflow/.local/lib/python3.9/site-packages/airflow/example_dags/example_sla_dag.py for tasks to queue
[2025-12-11T23:41:29.469+0000] {logging_mixin.py:188} INFO - [2025-12-11T23:41:29.468+0000] {dagbag.py:545} INFO - Filling up the DagBag from /home/airflow/.local/lib/python3.9/site-packages/airflow/example_dags/example_sla_dag.py
[2025-12-11T23:41:29.482+0000] {processor.py:840} INFO - DAG(s) 'example_sla_dag' retrieved from /home/airflow/.local/lib/python3.9/site-packages/airflow/example_dags/example_sla_dag.py
[2025-12-11T23:41:29.520+0000] {logging_mixin.py:188} INFO - [2025-12-11T23:41:29.520+0000] {dag.py:3096} INFO - Sync 1 DAGs
[2025-12-11T23:41:29.576+0000] {logging_mixin.py:188} INFO - [2025-12-11T23:41:29.576+0000] {dag.py:3954} INFO - Setting next_dagrun for example_sla_dag to 2025-12-11 23:38:00+00:00, run_after=2025-12-11 23:40:00+00:00
[2025-12-11T23:41:29.605+0000] {processor.py:183} INFO - Processing /home/airflow/.local/lib/python3.9/site-packages/airflow/example_dags/example_sla_dag.py took 0.151 seconds
[2025-12-11T23:41:59.872+0000] {processor.py:161} INFO - Started process (PID=6648) to work on /home/airflow/.local/lib/python3.9/site-packages/airflow/example_dags/example_sla_dag.py
[2025-12-11T23:41:59.879+0000] {processor.py:830} INFO - Processing file /home/airflow/.local/lib/python3.9/site-packages/airflow/example_dags/example_sla_dag.py for tasks to queue
[2025-12-11T23:41:59.882+0000] {logging_mixin.py:188} INFO - [2025-12-11T23:41:59.882+0000] {dagbag.py:545} INFO - Filling up the DagBag from /home/airflow/.local/lib/python3.9/site-packages/airflow/example_dags/example_sla_dag.py
[2025-12-11T23:41:59.894+0000] {processor.py:840} INFO - DAG(s) 'example_sla_dag' retrieved from /home/airflow/.local/lib/python3.9/site-packages/airflow/example_dags/example_sla_dag.py
[2025-12-11T23:41:59.927+0000] {logging_mixin.py:188} INFO - [2025-12-11T23:41:59.927+0000] {dag.py:3096} INFO - Sync 1 DAGs
[2025-12-11T23:41:59.964+0000] {logging_mixin.py:188} INFO - [2025-12-11T23:41:59.963+0000] {dag.py:3954} INFO - Setting next_dagrun for example_sla_dag to 2025-12-11 23:38:00+00:00, run_after=2025-12-11 23:40:00+00:00
[2025-12-11T23:41:59.988+0000] {processor.py:183} INFO - Processing /home/airflow/.local/lib/python3.9/site-packages/airflow/example_dags/example_sla_dag.py took 0.126 seconds
