[2025-12-11T22:51:58.830+0000] {processor.py:161} INFO - Started process (PID=97) to work on /home/airflow/.local/lib/python3.9/site-packages/airflow/example_dags/example_datasets.py
[2025-12-11T22:51:58.831+0000] {processor.py:830} INFO - Processing file /home/airflow/.local/lib/python3.9/site-packages/airflow/example_dags/example_datasets.py for tasks to queue
[2025-12-11T22:51:58.834+0000] {logging_mixin.py:188} INFO - [2025-12-11T22:51:58.834+0000] {dagbag.py:545} INFO - Filling up the DagBag from /home/airflow/.local/lib/python3.9/site-packages/airflow/example_dags/example_datasets.py
[2025-12-11T22:51:59.291+0000] {processor.py:840} INFO - DAG(s) 'dataset_consumes_1', 'consume_1_or_both_2_and_3_with_dataset_expressions', 'dataset_produces_1', 'conditional_dataset_and_time_based_timetable', 'consume_1_and_2_with_dataset_expressions', 'dataset_consumes_unknown_never_scheduled', 'consume_1_or_2_with_dataset_expressions', 'dataset_consumes_1_and_2', 'dataset_consumes_1_never_scheduled', 'dataset_produces_2' retrieved from /home/airflow/.local/lib/python3.9/site-packages/airflow/example_dags/example_datasets.py
[2025-12-11T22:52:01.696+0000] {logging_mixin.py:188} INFO - [2025-12-11T22:52:01.695+0000] {dag.py:3096} INFO - Sync 10 DAGs
[2025-12-11T22:52:01.993+0000] {logging_mixin.py:188} INFO - [2025-12-11T22:52:01.992+0000] {dag.py:3954} INFO - Setting next_dagrun for conditional_dataset_and_time_based_timetable to 2025-12-10 01:00:00+00:00, run_after=2025-12-10 01:00:00+00:00
[2025-12-11T22:52:02.050+0000] {logging_mixin.py:188} INFO - [2025-12-11T22:52:02.049+0000] {dag.py:3954} INFO - Setting next_dagrun for consume_1_and_2_with_dataset_expressions to None, run_after=None
[2025-12-11T22:52:02.057+0000] {logging_mixin.py:188} INFO - [2025-12-11T22:52:02.057+0000] {dag.py:3954} INFO - Setting next_dagrun for consume_1_or_2_with_dataset_expressions to None, run_after=None
[2025-12-11T22:52:02.092+0000] {logging_mixin.py:188} INFO - [2025-12-11T22:52:02.091+0000] {dag.py:3954} INFO - Setting next_dagrun for consume_1_or_both_2_and_3_with_dataset_expressions to None, run_after=None
[2025-12-11T22:52:02.112+0000] {logging_mixin.py:188} INFO - [2025-12-11T22:52:02.111+0000] {dag.py:3954} INFO - Setting next_dagrun for dataset_consumes_1 to None, run_after=None
[2025-12-11T22:52:02.152+0000] {logging_mixin.py:188} INFO - [2025-12-11T22:52:02.151+0000] {dag.py:3954} INFO - Setting next_dagrun for dataset_consumes_1_and_2 to None, run_after=None
[2025-12-11T22:52:02.157+0000] {logging_mixin.py:188} INFO - [2025-12-11T22:52:02.156+0000] {dag.py:3954} INFO - Setting next_dagrun for dataset_consumes_1_never_scheduled to None, run_after=None
[2025-12-11T22:52:02.174+0000] {logging_mixin.py:188} INFO - [2025-12-11T22:52:02.173+0000] {dag.py:3954} INFO - Setting next_dagrun for dataset_consumes_unknown_never_scheduled to None, run_after=None
[2025-12-11T22:52:02.195+0000] {logging_mixin.py:188} INFO - [2025-12-11T22:52:02.194+0000] {dag.py:3954} INFO - Setting next_dagrun for dataset_produces_1 to 2025-12-10 00:00:00+00:00, run_after=2025-12-11 00:00:00+00:00
[2025-12-11T22:52:02.213+0000] {logging_mixin.py:188} INFO - [2025-12-11T22:52:02.212+0000] {dag.py:3954} INFO - Setting next_dagrun for dataset_produces_2 to None, run_after=None
[2025-12-11T22:52:02.752+0000] {processor.py:183} INFO - Processing /home/airflow/.local/lib/python3.9/site-packages/airflow/example_dags/example_datasets.py took 3.962 seconds
[2025-12-11T22:52:44.855+0000] {processor.py:161} INFO - Started process (PID=162) to work on /home/airflow/.local/lib/python3.9/site-packages/airflow/example_dags/example_datasets.py
[2025-12-11T22:52:44.923+0000] {processor.py:830} INFO - Processing file /home/airflow/.local/lib/python3.9/site-packages/airflow/example_dags/example_datasets.py for tasks to queue
[2025-12-11T22:52:44.932+0000] {logging_mixin.py:188} INFO - [2025-12-11T22:52:44.932+0000] {dagbag.py:545} INFO - Filling up the DagBag from /home/airflow/.local/lib/python3.9/site-packages/airflow/example_dags/example_datasets.py
[2025-12-11T22:52:45.014+0000] {processor.py:840} INFO - DAG(s) 'dataset_consumes_1_never_scheduled', 'consume_1_and_2_with_dataset_expressions', 'dataset_produces_1', 'consume_1_or_2_with_dataset_expressions', 'dataset_produces_2', 'consume_1_or_both_2_and_3_with_dataset_expressions', 'dataset_consumes_1_and_2', 'conditional_dataset_and_time_based_timetable', 'dataset_consumes_1', 'dataset_consumes_unknown_never_scheduled' retrieved from /home/airflow/.local/lib/python3.9/site-packages/airflow/example_dags/example_datasets.py
[2025-12-11T22:52:45.431+0000] {logging_mixin.py:188} INFO - [2025-12-11T22:52:45.430+0000] {dag.py:3096} INFO - Sync 10 DAGs
[2025-12-11T22:52:45.611+0000] {logging_mixin.py:188} INFO - [2025-12-11T22:52:45.611+0000] {dag.py:3954} INFO - Setting next_dagrun for conditional_dataset_and_time_based_timetable to 2025-12-10 01:00:00+00:00, run_after=2025-12-10 01:00:00+00:00
[2025-12-11T22:52:45.714+0000] {logging_mixin.py:188} INFO - [2025-12-11T22:52:45.713+0000] {dag.py:3954} INFO - Setting next_dagrun for consume_1_and_2_with_dataset_expressions to None, run_after=None
[2025-12-11T22:52:45.733+0000] {logging_mixin.py:188} INFO - [2025-12-11T22:52:45.732+0000] {dag.py:3954} INFO - Setting next_dagrun for consume_1_or_2_with_dataset_expressions to None, run_after=None
[2025-12-11T22:52:45.750+0000] {logging_mixin.py:188} INFO - [2025-12-11T22:52:45.736+0000] {dag.py:3954} INFO - Setting next_dagrun for consume_1_or_both_2_and_3_with_dataset_expressions to None, run_after=None
[2025-12-11T22:52:45.754+0000] {logging_mixin.py:188} INFO - [2025-12-11T22:52:45.753+0000] {dag.py:3954} INFO - Setting next_dagrun for dataset_consumes_1 to None, run_after=None
[2025-12-11T22:52:45.770+0000] {logging_mixin.py:188} INFO - [2025-12-11T22:52:45.757+0000] {dag.py:3954} INFO - Setting next_dagrun for dataset_consumes_1_and_2 to None, run_after=None
[2025-12-11T22:52:45.774+0000] {logging_mixin.py:188} INFO - [2025-12-11T22:52:45.773+0000] {dag.py:3954} INFO - Setting next_dagrun for dataset_consumes_1_never_scheduled to None, run_after=None
[2025-12-11T22:52:45.792+0000] {logging_mixin.py:188} INFO - [2025-12-11T22:52:45.791+0000] {dag.py:3954} INFO - Setting next_dagrun for dataset_consumes_unknown_never_scheduled to None, run_after=None
[2025-12-11T22:52:45.814+0000] {logging_mixin.py:188} INFO - [2025-12-11T22:52:45.814+0000] {dag.py:3954} INFO - Setting next_dagrun for dataset_produces_1 to 2025-12-10 00:00:00+00:00, run_after=2025-12-11 00:00:00+00:00
[2025-12-11T22:52:45.817+0000] {logging_mixin.py:188} INFO - [2025-12-11T22:52:45.817+0000] {dag.py:3954} INFO - Setting next_dagrun for dataset_produces_2 to None, run_after=None
[2025-12-11T22:52:46.430+0000] {processor.py:183} INFO - Processing /home/airflow/.local/lib/python3.9/site-packages/airflow/example_dags/example_datasets.py took 1.601 seconds
[2025-12-11T22:53:17.153+0000] {processor.py:161} INFO - Started process (PID=227) to work on /home/airflow/.local/lib/python3.9/site-packages/airflow/example_dags/example_datasets.py
[2025-12-11T22:53:17.154+0000] {processor.py:830} INFO - Processing file /home/airflow/.local/lib/python3.9/site-packages/airflow/example_dags/example_datasets.py for tasks to queue
[2025-12-11T22:53:17.171+0000] {logging_mixin.py:188} INFO - [2025-12-11T22:53:17.170+0000] {dagbag.py:545} INFO - Filling up the DagBag from /home/airflow/.local/lib/python3.9/site-packages/airflow/example_dags/example_datasets.py
[2025-12-11T22:53:17.233+0000] {processor.py:840} INFO - DAG(s) 'consume_1_and_2_with_dataset_expressions', 'dataset_consumes_1_and_2', 'dataset_produces_2', 'consume_1_or_both_2_and_3_with_dataset_expressions', 'dataset_consumes_unknown_never_scheduled', 'conditional_dataset_and_time_based_timetable', 'consume_1_or_2_with_dataset_expressions', 'dataset_consumes_1', 'dataset_consumes_1_never_scheduled', 'dataset_produces_1' retrieved from /home/airflow/.local/lib/python3.9/site-packages/airflow/example_dags/example_datasets.py
[2025-12-11T22:53:17.329+0000] {logging_mixin.py:188} INFO - [2025-12-11T22:53:17.317+0000] {dag.py:3096} INFO - Sync 10 DAGs
[2025-12-11T22:53:17.452+0000] {logging_mixin.py:188} INFO - [2025-12-11T22:53:17.451+0000] {dag.py:3954} INFO - Setting next_dagrun for conditional_dataset_and_time_based_timetable to 2025-12-10 01:00:00+00:00, run_after=2025-12-10 01:00:00+00:00
[2025-12-11T22:53:17.473+0000] {logging_mixin.py:188} INFO - [2025-12-11T22:53:17.473+0000] {dag.py:3954} INFO - Setting next_dagrun for consume_1_and_2_with_dataset_expressions to None, run_after=None
[2025-12-11T22:53:17.476+0000] {logging_mixin.py:188} INFO - [2025-12-11T22:53:17.476+0000] {dag.py:3954} INFO - Setting next_dagrun for consume_1_or_2_with_dataset_expressions to None, run_after=None
[2025-12-11T22:53:17.490+0000] {logging_mixin.py:188} INFO - [2025-12-11T22:53:17.490+0000] {dag.py:3954} INFO - Setting next_dagrun for consume_1_or_both_2_and_3_with_dataset_expressions to None, run_after=None
[2025-12-11T22:53:17.493+0000] {logging_mixin.py:188} INFO - [2025-12-11T22:53:17.492+0000] {dag.py:3954} INFO - Setting next_dagrun for dataset_consumes_1 to None, run_after=None
[2025-12-11T22:53:17.494+0000] {logging_mixin.py:188} INFO - [2025-12-11T22:53:17.494+0000] {dag.py:3954} INFO - Setting next_dagrun for dataset_consumes_1_and_2 to None, run_after=None
[2025-12-11T22:53:17.496+0000] {logging_mixin.py:188} INFO - [2025-12-11T22:53:17.496+0000] {dag.py:3954} INFO - Setting next_dagrun for dataset_consumes_1_never_scheduled to None, run_after=None
[2025-12-11T22:53:17.510+0000] {logging_mixin.py:188} INFO - [2025-12-11T22:53:17.510+0000] {dag.py:3954} INFO - Setting next_dagrun for dataset_consumes_unknown_never_scheduled to None, run_after=None
[2025-12-11T22:53:17.514+0000] {logging_mixin.py:188} INFO - [2025-12-11T22:53:17.513+0000] {dag.py:3954} INFO - Setting next_dagrun for dataset_produces_1 to 2025-12-10 00:00:00+00:00, run_after=2025-12-11 00:00:00+00:00
[2025-12-11T22:53:17.515+0000] {logging_mixin.py:188} INFO - [2025-12-11T22:53:17.515+0000] {dag.py:3954} INFO - Setting next_dagrun for dataset_produces_2 to None, run_after=None
[2025-12-11T22:53:17.675+0000] {processor.py:183} INFO - Processing /home/airflow/.local/lib/python3.9/site-packages/airflow/example_dags/example_datasets.py took 0.561 seconds
[2025-12-11T22:53:48.144+0000] {processor.py:161} INFO - Started process (PID=286) to work on /home/airflow/.local/lib/python3.9/site-packages/airflow/example_dags/example_datasets.py
[2025-12-11T22:53:48.164+0000] {processor.py:830} INFO - Processing file /home/airflow/.local/lib/python3.9/site-packages/airflow/example_dags/example_datasets.py for tasks to queue
[2025-12-11T22:53:48.168+0000] {logging_mixin.py:188} INFO - [2025-12-11T22:53:48.167+0000] {dagbag.py:545} INFO - Filling up the DagBag from /home/airflow/.local/lib/python3.9/site-packages/airflow/example_dags/example_datasets.py
[2025-12-11T22:53:48.196+0000] {processor.py:840} INFO - DAG(s) 'consume_1_and_2_with_dataset_expressions', 'consume_1_or_2_with_dataset_expressions', 'dataset_consumes_1_and_2', 'dataset_produces_1', 'conditional_dataset_and_time_based_timetable', 'dataset_consumes_1', 'dataset_produces_2', 'dataset_consumes_1_never_scheduled', 'dataset_consumes_unknown_never_scheduled', 'consume_1_or_both_2_and_3_with_dataset_expressions' retrieved from /home/airflow/.local/lib/python3.9/site-packages/airflow/example_dags/example_datasets.py
[2025-12-11T22:53:48.555+0000] {logging_mixin.py:188} INFO - [2025-12-11T22:53:48.554+0000] {dag.py:3096} INFO - Sync 10 DAGs
[2025-12-11T22:53:48.599+0000] {logging_mixin.py:188} INFO - [2025-12-11T22:53:48.599+0000] {dag.py:3954} INFO - Setting next_dagrun for conditional_dataset_and_time_based_timetable to 2025-12-10 01:00:00+00:00, run_after=2025-12-10 01:00:00+00:00
[2025-12-11T22:53:48.605+0000] {logging_mixin.py:188} INFO - [2025-12-11T22:53:48.605+0000] {dag.py:3954} INFO - Setting next_dagrun for consume_1_and_2_with_dataset_expressions to None, run_after=None
[2025-12-11T22:53:48.607+0000] {logging_mixin.py:188} INFO - [2025-12-11T22:53:48.607+0000] {dag.py:3954} INFO - Setting next_dagrun for consume_1_or_2_with_dataset_expressions to None, run_after=None
[2025-12-11T22:53:48.609+0000] {logging_mixin.py:188} INFO - [2025-12-11T22:53:48.609+0000] {dag.py:3954} INFO - Setting next_dagrun for consume_1_or_both_2_and_3_with_dataset_expressions to None, run_after=None
[2025-12-11T22:53:48.611+0000] {logging_mixin.py:188} INFO - [2025-12-11T22:53:48.610+0000] {dag.py:3954} INFO - Setting next_dagrun for dataset_consumes_1 to None, run_after=None
[2025-12-11T22:53:48.612+0000] {logging_mixin.py:188} INFO - [2025-12-11T22:53:48.612+0000] {dag.py:3954} INFO - Setting next_dagrun for dataset_consumes_1_and_2 to None, run_after=None
[2025-12-11T22:53:48.613+0000] {logging_mixin.py:188} INFO - [2025-12-11T22:53:48.613+0000] {dag.py:3954} INFO - Setting next_dagrun for dataset_consumes_1_never_scheduled to None, run_after=None
[2025-12-11T22:53:48.615+0000] {logging_mixin.py:188} INFO - [2025-12-11T22:53:48.615+0000] {dag.py:3954} INFO - Setting next_dagrun for dataset_consumes_unknown_never_scheduled to None, run_after=None
[2025-12-11T22:53:48.620+0000] {logging_mixin.py:188} INFO - [2025-12-11T22:53:48.620+0000] {dag.py:3954} INFO - Setting next_dagrun for dataset_produces_1 to 2025-12-10 00:00:00+00:00, run_after=2025-12-11 00:00:00+00:00
[2025-12-11T22:53:48.622+0000] {logging_mixin.py:188} INFO - [2025-12-11T22:53:48.622+0000] {dag.py:3954} INFO - Setting next_dagrun for dataset_produces_2 to None, run_after=None
[2025-12-11T22:53:48.688+0000] {processor.py:183} INFO - Processing /home/airflow/.local/lib/python3.9/site-packages/airflow/example_dags/example_datasets.py took 0.558 seconds
[2025-12-11T22:54:18.842+0000] {processor.py:161} INFO - Started process (PID=352) to work on /home/airflow/.local/lib/python3.9/site-packages/airflow/example_dags/example_datasets.py
[2025-12-11T22:54:18.852+0000] {processor.py:830} INFO - Processing file /home/airflow/.local/lib/python3.9/site-packages/airflow/example_dags/example_datasets.py for tasks to queue
[2025-12-11T22:54:18.855+0000] {logging_mixin.py:188} INFO - [2025-12-11T22:54:18.855+0000] {dagbag.py:545} INFO - Filling up the DagBag from /home/airflow/.local/lib/python3.9/site-packages/airflow/example_dags/example_datasets.py
[2025-12-11T22:54:18.878+0000] {processor.py:840} INFO - DAG(s) 'dataset_consumes_1', 'dataset_produces_1', 'dataset_consumes_unknown_never_scheduled', 'consume_1_or_2_with_dataset_expressions', 'consume_1_and_2_with_dataset_expressions', 'dataset_consumes_1_and_2', 'conditional_dataset_and_time_based_timetable', 'consume_1_or_both_2_and_3_with_dataset_expressions', 'dataset_consumes_1_never_scheduled', 'dataset_produces_2' retrieved from /home/airflow/.local/lib/python3.9/site-packages/airflow/example_dags/example_datasets.py
[2025-12-11T22:54:18.955+0000] {logging_mixin.py:188} INFO - [2025-12-11T22:54:18.955+0000] {dag.py:3096} INFO - Sync 10 DAGs
[2025-12-11T22:54:19.274+0000] {logging_mixin.py:188} INFO - [2025-12-11T22:54:19.273+0000] {dag.py:3954} INFO - Setting next_dagrun for conditional_dataset_and_time_based_timetable to 2025-12-10 01:00:00+00:00, run_after=2025-12-10 01:00:00+00:00
[2025-12-11T22:54:19.282+0000] {logging_mixin.py:188} INFO - [2025-12-11T22:54:19.281+0000] {dag.py:3954} INFO - Setting next_dagrun for consume_1_and_2_with_dataset_expressions to None, run_after=None
[2025-12-11T22:54:19.285+0000] {logging_mixin.py:188} INFO - [2025-12-11T22:54:19.284+0000] {dag.py:3954} INFO - Setting next_dagrun for consume_1_or_2_with_dataset_expressions to None, run_after=None
[2025-12-11T22:54:19.287+0000] {logging_mixin.py:188} INFO - [2025-12-11T22:54:19.286+0000] {dag.py:3954} INFO - Setting next_dagrun for consume_1_or_both_2_and_3_with_dataset_expressions to None, run_after=None
[2025-12-11T22:54:19.289+0000] {logging_mixin.py:188} INFO - [2025-12-11T22:54:19.288+0000] {dag.py:3954} INFO - Setting next_dagrun for dataset_consumes_1 to None, run_after=None
[2025-12-11T22:54:19.290+0000] {logging_mixin.py:188} INFO - [2025-12-11T22:54:19.290+0000] {dag.py:3954} INFO - Setting next_dagrun for dataset_consumes_1_and_2 to None, run_after=None
[2025-12-11T22:54:19.292+0000] {logging_mixin.py:188} INFO - [2025-12-11T22:54:19.292+0000] {dag.py:3954} INFO - Setting next_dagrun for dataset_consumes_1_never_scheduled to None, run_after=None
[2025-12-11T22:54:19.294+0000] {logging_mixin.py:188} INFO - [2025-12-11T22:54:19.294+0000] {dag.py:3954} INFO - Setting next_dagrun for dataset_consumes_unknown_never_scheduled to None, run_after=None
[2025-12-11T22:54:19.298+0000] {logging_mixin.py:188} INFO - [2025-12-11T22:54:19.298+0000] {dag.py:3954} INFO - Setting next_dagrun for dataset_produces_1 to 2025-12-10 00:00:00+00:00, run_after=2025-12-11 00:00:00+00:00
[2025-12-11T22:54:19.300+0000] {logging_mixin.py:188} INFO - [2025-12-11T22:54:19.300+0000] {dag.py:3954} INFO - Setting next_dagrun for dataset_produces_2 to None, run_after=None
[2025-12-11T22:54:19.404+0000] {processor.py:183} INFO - Processing /home/airflow/.local/lib/python3.9/site-packages/airflow/example_dags/example_datasets.py took 0.573 seconds
[2025-12-11T22:54:49.751+0000] {processor.py:161} INFO - Started process (PID=418) to work on /home/airflow/.local/lib/python3.9/site-packages/airflow/example_dags/example_datasets.py
[2025-12-11T22:54:49.761+0000] {processor.py:830} INFO - Processing file /home/airflow/.local/lib/python3.9/site-packages/airflow/example_dags/example_datasets.py for tasks to queue
[2025-12-11T22:54:49.771+0000] {logging_mixin.py:188} INFO - [2025-12-11T22:54:49.770+0000] {dagbag.py:545} INFO - Filling up the DagBag from /home/airflow/.local/lib/python3.9/site-packages/airflow/example_dags/example_datasets.py
[2025-12-11T22:54:49.798+0000] {processor.py:840} INFO - DAG(s) 'dataset_consumes_1_never_scheduled', 'dataset_produces_1', 'consume_1_or_2_with_dataset_expressions', 'dataset_consumes_1', 'consume_1_and_2_with_dataset_expressions', 'consume_1_or_both_2_and_3_with_dataset_expressions', 'conditional_dataset_and_time_based_timetable', 'dataset_consumes_unknown_never_scheduled', 'dataset_consumes_1_and_2', 'dataset_produces_2' retrieved from /home/airflow/.local/lib/python3.9/site-packages/airflow/example_dags/example_datasets.py
[2025-12-11T22:54:49.936+0000] {logging_mixin.py:188} INFO - [2025-12-11T22:54:49.936+0000] {dag.py:3096} INFO - Sync 10 DAGs
[2025-12-11T22:54:50.041+0000] {logging_mixin.py:188} INFO - [2025-12-11T22:54:50.041+0000] {dag.py:3954} INFO - Setting next_dagrun for conditional_dataset_and_time_based_timetable to 2025-12-10 01:00:00+00:00, run_after=2025-12-10 01:00:00+00:00
[2025-12-11T22:54:50.050+0000] {logging_mixin.py:188} INFO - [2025-12-11T22:54:50.050+0000] {dag.py:3954} INFO - Setting next_dagrun for consume_1_and_2_with_dataset_expressions to None, run_after=None
[2025-12-11T22:54:50.053+0000] {logging_mixin.py:188} INFO - [2025-12-11T22:54:50.053+0000] {dag.py:3954} INFO - Setting next_dagrun for consume_1_or_2_with_dataset_expressions to None, run_after=None
[2025-12-11T22:54:50.055+0000] {logging_mixin.py:188} INFO - [2025-12-11T22:54:50.055+0000] {dag.py:3954} INFO - Setting next_dagrun for consume_1_or_both_2_and_3_with_dataset_expressions to None, run_after=None
[2025-12-11T22:54:50.057+0000] {logging_mixin.py:188} INFO - [2025-12-11T22:54:50.056+0000] {dag.py:3954} INFO - Setting next_dagrun for dataset_consumes_1 to None, run_after=None
[2025-12-11T22:54:50.058+0000] {logging_mixin.py:188} INFO - [2025-12-11T22:54:50.058+0000] {dag.py:3954} INFO - Setting next_dagrun for dataset_consumes_1_and_2 to None, run_after=None
[2025-12-11T22:54:50.060+0000] {logging_mixin.py:188} INFO - [2025-12-11T22:54:50.060+0000] {dag.py:3954} INFO - Setting next_dagrun for dataset_consumes_1_never_scheduled to None, run_after=None
[2025-12-11T22:54:50.062+0000] {logging_mixin.py:188} INFO - [2025-12-11T22:54:50.062+0000] {dag.py:3954} INFO - Setting next_dagrun for dataset_consumes_unknown_never_scheduled to None, run_after=None
[2025-12-11T22:54:50.066+0000] {logging_mixin.py:188} INFO - [2025-12-11T22:54:50.065+0000] {dag.py:3954} INFO - Setting next_dagrun for dataset_produces_1 to 2025-12-10 00:00:00+00:00, run_after=2025-12-11 00:00:00+00:00
[2025-12-11T22:54:50.070+0000] {logging_mixin.py:188} INFO - [2025-12-11T22:54:50.069+0000] {dag.py:3954} INFO - Setting next_dagrun for dataset_produces_2 to None, run_after=None
[2025-12-11T22:54:50.303+0000] {processor.py:183} INFO - Processing /home/airflow/.local/lib/python3.9/site-packages/airflow/example_dags/example_datasets.py took 0.567 seconds
[2025-12-11T22:55:21.129+0000] {processor.py:161} INFO - Started process (PID=484) to work on /home/airflow/.local/lib/python3.9/site-packages/airflow/example_dags/example_datasets.py
[2025-12-11T22:55:21.137+0000] {processor.py:830} INFO - Processing file /home/airflow/.local/lib/python3.9/site-packages/airflow/example_dags/example_datasets.py for tasks to queue
[2025-12-11T22:55:21.152+0000] {logging_mixin.py:188} INFO - [2025-12-11T22:55:21.151+0000] {dagbag.py:545} INFO - Filling up the DagBag from /home/airflow/.local/lib/python3.9/site-packages/airflow/example_dags/example_datasets.py
[2025-12-11T22:55:21.196+0000] {processor.py:840} INFO - DAG(s) 'dataset_consumes_1_never_scheduled', 'dataset_consumes_unknown_never_scheduled', 'consume_1_and_2_with_dataset_expressions', 'dataset_consumes_1_and_2', 'dataset_produces_2', 'conditional_dataset_and_time_based_timetable', 'dataset_produces_1', 'dataset_consumes_1', 'consume_1_or_2_with_dataset_expressions', 'consume_1_or_both_2_and_3_with_dataset_expressions' retrieved from /home/airflow/.local/lib/python3.9/site-packages/airflow/example_dags/example_datasets.py
[2025-12-11T22:55:21.418+0000] {logging_mixin.py:188} INFO - [2025-12-11T22:55:21.418+0000] {dag.py:3096} INFO - Sync 10 DAGs
[2025-12-11T22:55:21.519+0000] {logging_mixin.py:188} INFO - [2025-12-11T22:55:21.518+0000] {dag.py:3954} INFO - Setting next_dagrun for conditional_dataset_and_time_based_timetable to 2025-12-10 01:00:00+00:00, run_after=2025-12-10 01:00:00+00:00
[2025-12-11T22:55:21.532+0000] {logging_mixin.py:188} INFO - [2025-12-11T22:55:21.532+0000] {dag.py:3954} INFO - Setting next_dagrun for consume_1_and_2_with_dataset_expressions to None, run_after=None
[2025-12-11T22:55:21.534+0000] {logging_mixin.py:188} INFO - [2025-12-11T22:55:21.534+0000] {dag.py:3954} INFO - Setting next_dagrun for consume_1_or_2_with_dataset_expressions to None, run_after=None
[2025-12-11T22:55:21.536+0000] {logging_mixin.py:188} INFO - [2025-12-11T22:55:21.536+0000] {dag.py:3954} INFO - Setting next_dagrun for consume_1_or_both_2_and_3_with_dataset_expressions to None, run_after=None
[2025-12-11T22:55:21.551+0000] {logging_mixin.py:188} INFO - [2025-12-11T22:55:21.551+0000] {dag.py:3954} INFO - Setting next_dagrun for dataset_consumes_1 to None, run_after=None
[2025-12-11T22:55:21.553+0000] {logging_mixin.py:188} INFO - [2025-12-11T22:55:21.553+0000] {dag.py:3954} INFO - Setting next_dagrun for dataset_consumes_1_and_2 to None, run_after=None
[2025-12-11T22:55:21.555+0000] {logging_mixin.py:188} INFO - [2025-12-11T22:55:21.555+0000] {dag.py:3954} INFO - Setting next_dagrun for dataset_consumes_1_never_scheduled to None, run_after=None
[2025-12-11T22:55:21.558+0000] {logging_mixin.py:188} INFO - [2025-12-11T22:55:21.557+0000] {dag.py:3954} INFO - Setting next_dagrun for dataset_consumes_unknown_never_scheduled to None, run_after=None
[2025-12-11T22:55:21.575+0000] {logging_mixin.py:188} INFO - [2025-12-11T22:55:21.574+0000] {dag.py:3954} INFO - Setting next_dagrun for dataset_produces_1 to 2025-12-10 00:00:00+00:00, run_after=2025-12-11 00:00:00+00:00
[2025-12-11T22:55:21.577+0000] {logging_mixin.py:188} INFO - [2025-12-11T22:55:21.577+0000] {dag.py:3954} INFO - Setting next_dagrun for dataset_produces_2 to None, run_after=None
[2025-12-11T22:55:21.749+0000] {processor.py:183} INFO - Processing /home/airflow/.local/lib/python3.9/site-packages/airflow/example_dags/example_datasets.py took 0.639 seconds
[2025-12-11T22:55:52.318+0000] {processor.py:161} INFO - Started process (PID=548) to work on /home/airflow/.local/lib/python3.9/site-packages/airflow/example_dags/example_datasets.py
[2025-12-11T22:55:52.329+0000] {processor.py:830} INFO - Processing file /home/airflow/.local/lib/python3.9/site-packages/airflow/example_dags/example_datasets.py for tasks to queue
[2025-12-11T22:55:52.332+0000] {logging_mixin.py:188} INFO - [2025-12-11T22:55:52.332+0000] {dagbag.py:545} INFO - Filling up the DagBag from /home/airflow/.local/lib/python3.9/site-packages/airflow/example_dags/example_datasets.py
[2025-12-11T22:55:52.360+0000] {processor.py:840} INFO - DAG(s) 'conditional_dataset_and_time_based_timetable', 'dataset_produces_2', 'dataset_consumes_1_never_scheduled', 'consume_1_or_2_with_dataset_expressions', 'dataset_consumes_1', 'dataset_consumes_1_and_2', 'consume_1_and_2_with_dataset_expressions', 'dataset_consumes_unknown_never_scheduled', 'consume_1_or_both_2_and_3_with_dataset_expressions', 'dataset_produces_1' retrieved from /home/airflow/.local/lib/python3.9/site-packages/airflow/example_dags/example_datasets.py
[2025-12-11T22:55:52.494+0000] {logging_mixin.py:188} INFO - [2025-12-11T22:55:52.494+0000] {dag.py:3096} INFO - Sync 10 DAGs
[2025-12-11T22:55:52.576+0000] {logging_mixin.py:188} INFO - [2025-12-11T22:55:52.575+0000] {dag.py:3954} INFO - Setting next_dagrun for conditional_dataset_and_time_based_timetable to 2025-12-10 01:00:00+00:00, run_after=2025-12-10 01:00:00+00:00
[2025-12-11T22:55:52.581+0000] {logging_mixin.py:188} INFO - [2025-12-11T22:55:52.580+0000] {dag.py:3954} INFO - Setting next_dagrun for consume_1_and_2_with_dataset_expressions to None, run_after=None
[2025-12-11T22:55:52.590+0000] {logging_mixin.py:188} INFO - [2025-12-11T22:55:52.589+0000] {dag.py:3954} INFO - Setting next_dagrun for consume_1_or_2_with_dataset_expressions to None, run_after=None
[2025-12-11T22:55:52.591+0000] {logging_mixin.py:188} INFO - [2025-12-11T22:55:52.591+0000] {dag.py:3954} INFO - Setting next_dagrun for consume_1_or_both_2_and_3_with_dataset_expressions to None, run_after=None
[2025-12-11T22:55:52.593+0000] {logging_mixin.py:188} INFO - [2025-12-11T22:55:52.593+0000] {dag.py:3954} INFO - Setting next_dagrun for dataset_consumes_1 to None, run_after=None
[2025-12-11T22:55:52.594+0000] {logging_mixin.py:188} INFO - [2025-12-11T22:55:52.594+0000] {dag.py:3954} INFO - Setting next_dagrun for dataset_consumes_1_and_2 to None, run_after=None
[2025-12-11T22:55:52.595+0000] {logging_mixin.py:188} INFO - [2025-12-11T22:55:52.595+0000] {dag.py:3954} INFO - Setting next_dagrun for dataset_consumes_1_never_scheduled to None, run_after=None
[2025-12-11T22:55:52.597+0000] {logging_mixin.py:188} INFO - [2025-12-11T22:55:52.596+0000] {dag.py:3954} INFO - Setting next_dagrun for dataset_consumes_unknown_never_scheduled to None, run_after=None
[2025-12-11T22:55:52.600+0000] {logging_mixin.py:188} INFO - [2025-12-11T22:55:52.599+0000] {dag.py:3954} INFO - Setting next_dagrun for dataset_produces_1 to 2025-12-10 00:00:00+00:00, run_after=2025-12-11 00:00:00+00:00
[2025-12-11T22:55:52.601+0000] {logging_mixin.py:188} INFO - [2025-12-11T22:55:52.601+0000] {dag.py:3954} INFO - Setting next_dagrun for dataset_produces_2 to None, run_after=None
[2025-12-11T22:55:52.680+0000] {processor.py:183} INFO - Processing /home/airflow/.local/lib/python3.9/site-packages/airflow/example_dags/example_datasets.py took 0.374 seconds
[2025-12-11T22:56:22.874+0000] {processor.py:161} INFO - Started process (PID=615) to work on /home/airflow/.local/lib/python3.9/site-packages/airflow/example_dags/example_datasets.py
[2025-12-11T22:56:22.890+0000] {processor.py:830} INFO - Processing file /home/airflow/.local/lib/python3.9/site-packages/airflow/example_dags/example_datasets.py for tasks to queue
[2025-12-11T22:56:22.893+0000] {logging_mixin.py:188} INFO - [2025-12-11T22:56:22.892+0000] {dagbag.py:545} INFO - Filling up the DagBag from /home/airflow/.local/lib/python3.9/site-packages/airflow/example_dags/example_datasets.py
[2025-12-11T22:56:22.934+0000] {processor.py:840} INFO - DAG(s) 'consume_1_and_2_with_dataset_expressions', 'conditional_dataset_and_time_based_timetable', 'dataset_consumes_1_never_scheduled', 'dataset_produces_1', 'dataset_consumes_1', 'dataset_consumes_unknown_never_scheduled', 'consume_1_or_both_2_and_3_with_dataset_expressions', 'dataset_produces_2', 'consume_1_or_2_with_dataset_expressions', 'dataset_consumes_1_and_2' retrieved from /home/airflow/.local/lib/python3.9/site-packages/airflow/example_dags/example_datasets.py
[2025-12-11T22:56:23.071+0000] {logging_mixin.py:188} INFO - [2025-12-11T22:56:23.071+0000] {dag.py:3096} INFO - Sync 10 DAGs
[2025-12-11T22:56:23.176+0000] {logging_mixin.py:188} INFO - [2025-12-11T22:56:23.175+0000] {dag.py:3954} INFO - Setting next_dagrun for conditional_dataset_and_time_based_timetable to 2025-12-10 01:00:00+00:00, run_after=2025-12-10 01:00:00+00:00
[2025-12-11T22:56:23.193+0000] {logging_mixin.py:188} INFO - [2025-12-11T22:56:23.193+0000] {dag.py:3954} INFO - Setting next_dagrun for consume_1_and_2_with_dataset_expressions to None, run_after=None
[2025-12-11T22:56:23.195+0000] {logging_mixin.py:188} INFO - [2025-12-11T22:56:23.194+0000] {dag.py:3954} INFO - Setting next_dagrun for consume_1_or_2_with_dataset_expressions to None, run_after=None
[2025-12-11T22:56:23.210+0000] {logging_mixin.py:188} INFO - [2025-12-11T22:56:23.210+0000] {dag.py:3954} INFO - Setting next_dagrun for consume_1_or_both_2_and_3_with_dataset_expressions to None, run_after=None
[2025-12-11T22:56:23.213+0000] {logging_mixin.py:188} INFO - [2025-12-11T22:56:23.212+0000] {dag.py:3954} INFO - Setting next_dagrun for dataset_consumes_1 to None, run_after=None
[2025-12-11T22:56:23.214+0000] {logging_mixin.py:188} INFO - [2025-12-11T22:56:23.214+0000] {dag.py:3954} INFO - Setting next_dagrun for dataset_consumes_1_and_2 to None, run_after=None
[2025-12-11T22:56:23.216+0000] {logging_mixin.py:188} INFO - [2025-12-11T22:56:23.216+0000] {dag.py:3954} INFO - Setting next_dagrun for dataset_consumes_1_never_scheduled to None, run_after=None
[2025-12-11T22:56:23.232+0000] {logging_mixin.py:188} INFO - [2025-12-11T22:56:23.232+0000] {dag.py:3954} INFO - Setting next_dagrun for dataset_consumes_unknown_never_scheduled to None, run_after=None
[2025-12-11T22:56:23.235+0000] {logging_mixin.py:188} INFO - [2025-12-11T22:56:23.235+0000] {dag.py:3954} INFO - Setting next_dagrun for dataset_produces_1 to 2025-12-10 00:00:00+00:00, run_after=2025-12-11 00:00:00+00:00
[2025-12-11T22:56:23.237+0000] {logging_mixin.py:188} INFO - [2025-12-11T22:56:23.237+0000] {dag.py:3954} INFO - Setting next_dagrun for dataset_produces_2 to None, run_after=None
[2025-12-11T22:56:23.338+0000] {processor.py:183} INFO - Processing /home/airflow/.local/lib/python3.9/site-packages/airflow/example_dags/example_datasets.py took 0.502 seconds
[2025-12-11T22:56:53.599+0000] {processor.py:161} INFO - Started process (PID=682) to work on /home/airflow/.local/lib/python3.9/site-packages/airflow/example_dags/example_datasets.py
[2025-12-11T22:56:53.603+0000] {processor.py:830} INFO - Processing file /home/airflow/.local/lib/python3.9/site-packages/airflow/example_dags/example_datasets.py for tasks to queue
[2025-12-11T22:56:53.606+0000] {logging_mixin.py:188} INFO - [2025-12-11T22:56:53.605+0000] {dagbag.py:545} INFO - Filling up the DagBag from /home/airflow/.local/lib/python3.9/site-packages/airflow/example_dags/example_datasets.py
[2025-12-11T22:56:53.629+0000] {processor.py:840} INFO - DAG(s) 'dataset_consumes_1', 'dataset_consumes_unknown_never_scheduled', 'consume_1_and_2_with_dataset_expressions', 'conditional_dataset_and_time_based_timetable', 'dataset_consumes_1_never_scheduled', 'dataset_consumes_1_and_2', 'consume_1_or_2_with_dataset_expressions', 'dataset_produces_2', 'consume_1_or_both_2_and_3_with_dataset_expressions', 'dataset_produces_1' retrieved from /home/airflow/.local/lib/python3.9/site-packages/airflow/example_dags/example_datasets.py
[2025-12-11T22:56:53.699+0000] {logging_mixin.py:188} INFO - [2025-12-11T22:56:53.699+0000] {dag.py:3096} INFO - Sync 10 DAGs
[2025-12-11T22:56:53.738+0000] {logging_mixin.py:188} INFO - [2025-12-11T22:56:53.737+0000] {dag.py:3954} INFO - Setting next_dagrun for conditional_dataset_and_time_based_timetable to 2025-12-10 01:00:00+00:00, run_after=2025-12-10 01:00:00+00:00
[2025-12-11T22:56:53.747+0000] {logging_mixin.py:188} INFO - [2025-12-11T22:56:53.746+0000] {dag.py:3954} INFO - Setting next_dagrun for consume_1_and_2_with_dataset_expressions to None, run_after=None
[2025-12-11T22:56:53.750+0000] {logging_mixin.py:188} INFO - [2025-12-11T22:56:53.750+0000] {dag.py:3954} INFO - Setting next_dagrun for consume_1_or_2_with_dataset_expressions to None, run_after=None
[2025-12-11T22:56:53.753+0000] {logging_mixin.py:188} INFO - [2025-12-11T22:56:53.752+0000] {dag.py:3954} INFO - Setting next_dagrun for consume_1_or_both_2_and_3_with_dataset_expressions to None, run_after=None
[2025-12-11T22:56:53.755+0000] {logging_mixin.py:188} INFO - [2025-12-11T22:56:53.755+0000] {dag.py:3954} INFO - Setting next_dagrun for dataset_consumes_1 to None, run_after=None
[2025-12-11T22:56:53.758+0000] {logging_mixin.py:188} INFO - [2025-12-11T22:56:53.757+0000] {dag.py:3954} INFO - Setting next_dagrun for dataset_consumes_1_and_2 to None, run_after=None
[2025-12-11T22:56:53.760+0000] {logging_mixin.py:188} INFO - [2025-12-11T22:56:53.760+0000] {dag.py:3954} INFO - Setting next_dagrun for dataset_consumes_1_never_scheduled to None, run_after=None
[2025-12-11T22:56:53.761+0000] {logging_mixin.py:188} INFO - [2025-12-11T22:56:53.761+0000] {dag.py:3954} INFO - Setting next_dagrun for dataset_consumes_unknown_never_scheduled to None, run_after=None
[2025-12-11T22:56:53.764+0000] {logging_mixin.py:188} INFO - [2025-12-11T22:56:53.764+0000] {dag.py:3954} INFO - Setting next_dagrun for dataset_produces_1 to 2025-12-10 00:00:00+00:00, run_after=2025-12-11 00:00:00+00:00
[2025-12-11T22:56:53.765+0000] {logging_mixin.py:188} INFO - [2025-12-11T22:56:53.765+0000] {dag.py:3954} INFO - Setting next_dagrun for dataset_produces_2 to None, run_after=None
[2025-12-11T22:56:53.824+0000] {processor.py:183} INFO - Processing /home/airflow/.local/lib/python3.9/site-packages/airflow/example_dags/example_datasets.py took 0.239 seconds
[2025-12-11T22:57:23.865+0000] {processor.py:161} INFO - Started process (PID=748) to work on /home/airflow/.local/lib/python3.9/site-packages/airflow/example_dags/example_datasets.py
[2025-12-11T22:57:23.866+0000] {processor.py:830} INFO - Processing file /home/airflow/.local/lib/python3.9/site-packages/airflow/example_dags/example_datasets.py for tasks to queue
[2025-12-11T22:57:23.870+0000] {logging_mixin.py:188} INFO - [2025-12-11T22:57:23.870+0000] {dagbag.py:545} INFO - Filling up the DagBag from /home/airflow/.local/lib/python3.9/site-packages/airflow/example_dags/example_datasets.py
[2025-12-11T22:57:23.889+0000] {processor.py:840} INFO - DAG(s) 'consume_1_or_both_2_and_3_with_dataset_expressions', 'dataset_consumes_1_never_scheduled', 'dataset_produces_1', 'dataset_consumes_1_and_2', 'dataset_consumes_1', 'consume_1_or_2_with_dataset_expressions', 'consume_1_and_2_with_dataset_expressions', 'dataset_consumes_unknown_never_scheduled', 'conditional_dataset_and_time_based_timetable', 'dataset_produces_2' retrieved from /home/airflow/.local/lib/python3.9/site-packages/airflow/example_dags/example_datasets.py
[2025-12-11T22:57:23.953+0000] {logging_mixin.py:188} INFO - [2025-12-11T22:57:23.953+0000] {dag.py:3096} INFO - Sync 10 DAGs
[2025-12-11T22:57:23.991+0000] {logging_mixin.py:188} INFO - [2025-12-11T22:57:23.991+0000] {dag.py:3954} INFO - Setting next_dagrun for conditional_dataset_and_time_based_timetable to 2025-12-10 01:00:00+00:00, run_after=2025-12-10 01:00:00+00:00
[2025-12-11T22:57:23.996+0000] {logging_mixin.py:188} INFO - [2025-12-11T22:57:23.996+0000] {dag.py:3954} INFO - Setting next_dagrun for consume_1_and_2_with_dataset_expressions to None, run_after=None
[2025-12-11T22:57:23.998+0000] {logging_mixin.py:188} INFO - [2025-12-11T22:57:23.997+0000] {dag.py:3954} INFO - Setting next_dagrun for consume_1_or_2_with_dataset_expressions to None, run_after=None
[2025-12-11T22:57:23.999+0000] {logging_mixin.py:188} INFO - [2025-12-11T22:57:23.999+0000] {dag.py:3954} INFO - Setting next_dagrun for consume_1_or_both_2_and_3_with_dataset_expressions to None, run_after=None
[2025-12-11T22:57:24.000+0000] {logging_mixin.py:188} INFO - [2025-12-11T22:57:24.000+0000] {dag.py:3954} INFO - Setting next_dagrun for dataset_consumes_1 to None, run_after=None
[2025-12-11T22:57:24.002+0000] {logging_mixin.py:188} INFO - [2025-12-11T22:57:24.001+0000] {dag.py:3954} INFO - Setting next_dagrun for dataset_consumes_1_and_2 to None, run_after=None
[2025-12-11T22:57:24.003+0000] {logging_mixin.py:188} INFO - [2025-12-11T22:57:24.003+0000] {dag.py:3954} INFO - Setting next_dagrun for dataset_consumes_1_never_scheduled to None, run_after=None
[2025-12-11T22:57:24.004+0000] {logging_mixin.py:188} INFO - [2025-12-11T22:57:24.004+0000] {dag.py:3954} INFO - Setting next_dagrun for dataset_consumes_unknown_never_scheduled to None, run_after=None
[2025-12-11T22:57:24.007+0000] {logging_mixin.py:188} INFO - [2025-12-11T22:57:24.007+0000] {dag.py:3954} INFO - Setting next_dagrun for dataset_produces_1 to 2025-12-10 00:00:00+00:00, run_after=2025-12-11 00:00:00+00:00
[2025-12-11T22:57:24.009+0000] {logging_mixin.py:188} INFO - [2025-12-11T22:57:24.008+0000] {dag.py:3954} INFO - Setting next_dagrun for dataset_produces_2 to None, run_after=None
[2025-12-11T22:57:24.055+0000] {processor.py:183} INFO - Processing /home/airflow/.local/lib/python3.9/site-packages/airflow/example_dags/example_datasets.py took 0.199 seconds
[2025-12-11T22:57:54.623+0000] {processor.py:161} INFO - Started process (PID=812) to work on /home/airflow/.local/lib/python3.9/site-packages/airflow/example_dags/example_datasets.py
[2025-12-11T22:57:54.625+0000] {processor.py:830} INFO - Processing file /home/airflow/.local/lib/python3.9/site-packages/airflow/example_dags/example_datasets.py for tasks to queue
[2025-12-11T22:57:54.628+0000] {logging_mixin.py:188} INFO - [2025-12-11T22:57:54.627+0000] {dagbag.py:545} INFO - Filling up the DagBag from /home/airflow/.local/lib/python3.9/site-packages/airflow/example_dags/example_datasets.py
[2025-12-11T22:57:54.649+0000] {processor.py:840} INFO - DAG(s) 'dataset_produces_1', 'dataset_consumes_unknown_never_scheduled', 'dataset_consumes_1', 'consume_1_or_both_2_and_3_with_dataset_expressions', 'consume_1_and_2_with_dataset_expressions', 'conditional_dataset_and_time_based_timetable', 'dataset_consumes_1_and_2', 'dataset_consumes_1_never_scheduled', 'dataset_produces_2', 'consume_1_or_2_with_dataset_expressions' retrieved from /home/airflow/.local/lib/python3.9/site-packages/airflow/example_dags/example_datasets.py
[2025-12-11T22:57:54.740+0000] {logging_mixin.py:188} INFO - [2025-12-11T22:57:54.740+0000] {dag.py:3096} INFO - Sync 10 DAGs
[2025-12-11T22:57:54.787+0000] {logging_mixin.py:188} INFO - [2025-12-11T22:57:54.787+0000] {dag.py:3954} INFO - Setting next_dagrun for conditional_dataset_and_time_based_timetable to 2025-12-10 01:00:00+00:00, run_after=2025-12-10 01:00:00+00:00
[2025-12-11T22:57:54.795+0000] {logging_mixin.py:188} INFO - [2025-12-11T22:57:54.795+0000] {dag.py:3954} INFO - Setting next_dagrun for consume_1_and_2_with_dataset_expressions to None, run_after=None
[2025-12-11T22:57:54.797+0000] {logging_mixin.py:188} INFO - [2025-12-11T22:57:54.797+0000] {dag.py:3954} INFO - Setting next_dagrun for consume_1_or_2_with_dataset_expressions to None, run_after=None
[2025-12-11T22:57:54.799+0000] {logging_mixin.py:188} INFO - [2025-12-11T22:57:54.799+0000] {dag.py:3954} INFO - Setting next_dagrun for consume_1_or_both_2_and_3_with_dataset_expressions to None, run_after=None
[2025-12-11T22:57:54.801+0000] {logging_mixin.py:188} INFO - [2025-12-11T22:57:54.800+0000] {dag.py:3954} INFO - Setting next_dagrun for dataset_consumes_1 to None, run_after=None
[2025-12-11T22:57:54.802+0000] {logging_mixin.py:188} INFO - [2025-12-11T22:57:54.802+0000] {dag.py:3954} INFO - Setting next_dagrun for dataset_consumes_1_and_2 to None, run_after=None
[2025-12-11T22:57:54.803+0000] {logging_mixin.py:188} INFO - [2025-12-11T22:57:54.803+0000] {dag.py:3954} INFO - Setting next_dagrun for dataset_consumes_1_never_scheduled to None, run_after=None
[2025-12-11T22:57:54.805+0000] {logging_mixin.py:188} INFO - [2025-12-11T22:57:54.805+0000] {dag.py:3954} INFO - Setting next_dagrun for dataset_consumes_unknown_never_scheduled to None, run_after=None
[2025-12-11T22:57:54.808+0000] {logging_mixin.py:188} INFO - [2025-12-11T22:57:54.808+0000] {dag.py:3954} INFO - Setting next_dagrun for dataset_produces_1 to 2025-12-10 00:00:00+00:00, run_after=2025-12-11 00:00:00+00:00
[2025-12-11T22:57:54.810+0000] {logging_mixin.py:188} INFO - [2025-12-11T22:57:54.810+0000] {dag.py:3954} INFO - Setting next_dagrun for dataset_produces_2 to None, run_after=None
[2025-12-11T22:57:54.891+0000] {processor.py:183} INFO - Processing /home/airflow/.local/lib/python3.9/site-packages/airflow/example_dags/example_datasets.py took 0.284 seconds
[2025-12-11T22:58:25.617+0000] {processor.py:161} INFO - Started process (PID=878) to work on /home/airflow/.local/lib/python3.9/site-packages/airflow/example_dags/example_datasets.py
[2025-12-11T22:58:25.619+0000] {processor.py:830} INFO - Processing file /home/airflow/.local/lib/python3.9/site-packages/airflow/example_dags/example_datasets.py for tasks to queue
[2025-12-11T22:58:25.623+0000] {logging_mixin.py:188} INFO - [2025-12-11T22:58:25.622+0000] {dagbag.py:545} INFO - Filling up the DagBag from /home/airflow/.local/lib/python3.9/site-packages/airflow/example_dags/example_datasets.py
[2025-12-11T22:58:25.656+0000] {processor.py:840} INFO - DAG(s) 'consume_1_and_2_with_dataset_expressions', 'consume_1_or_both_2_and_3_with_dataset_expressions', 'dataset_produces_1', 'consume_1_or_2_with_dataset_expressions', 'dataset_consumes_1', 'dataset_consumes_1_and_2', 'dataset_consumes_unknown_never_scheduled', 'dataset_produces_2', 'dataset_consumes_1_never_scheduled', 'conditional_dataset_and_time_based_timetable' retrieved from /home/airflow/.local/lib/python3.9/site-packages/airflow/example_dags/example_datasets.py
[2025-12-11T22:58:25.812+0000] {logging_mixin.py:188} INFO - [2025-12-11T22:58:25.812+0000] {dag.py:3096} INFO - Sync 10 DAGs
[2025-12-11T22:58:25.875+0000] {logging_mixin.py:188} INFO - [2025-12-11T22:58:25.874+0000] {dag.py:3954} INFO - Setting next_dagrun for conditional_dataset_and_time_based_timetable to 2025-12-10 01:00:00+00:00, run_after=2025-12-10 01:00:00+00:00
[2025-12-11T22:58:25.882+0000] {logging_mixin.py:188} INFO - [2025-12-11T22:58:25.881+0000] {dag.py:3954} INFO - Setting next_dagrun for consume_1_and_2_with_dataset_expressions to None, run_after=None
[2025-12-11T22:58:25.891+0000] {logging_mixin.py:188} INFO - [2025-12-11T22:58:25.891+0000] {dag.py:3954} INFO - Setting next_dagrun for consume_1_or_2_with_dataset_expressions to None, run_after=None
[2025-12-11T22:58:25.893+0000] {logging_mixin.py:188} INFO - [2025-12-11T22:58:25.893+0000] {dag.py:3954} INFO - Setting next_dagrun for consume_1_or_both_2_and_3_with_dataset_expressions to None, run_after=None
[2025-12-11T22:58:25.895+0000] {logging_mixin.py:188} INFO - [2025-12-11T22:58:25.895+0000] {dag.py:3954} INFO - Setting next_dagrun for dataset_consumes_1 to None, run_after=None
[2025-12-11T22:58:25.897+0000] {logging_mixin.py:188} INFO - [2025-12-11T22:58:25.896+0000] {dag.py:3954} INFO - Setting next_dagrun for dataset_consumes_1_and_2 to None, run_after=None
[2025-12-11T22:58:25.898+0000] {logging_mixin.py:188} INFO - [2025-12-11T22:58:25.898+0000] {dag.py:3954} INFO - Setting next_dagrun for dataset_consumes_1_never_scheduled to None, run_after=None
[2025-12-11T22:58:25.900+0000] {logging_mixin.py:188} INFO - [2025-12-11T22:58:25.900+0000] {dag.py:3954} INFO - Setting next_dagrun for dataset_consumes_unknown_never_scheduled to None, run_after=None
[2025-12-11T22:58:25.912+0000] {logging_mixin.py:188} INFO - [2025-12-11T22:58:25.912+0000] {dag.py:3954} INFO - Setting next_dagrun for dataset_produces_1 to 2025-12-10 00:00:00+00:00, run_after=2025-12-11 00:00:00+00:00
[2025-12-11T22:58:25.914+0000] {logging_mixin.py:188} INFO - [2025-12-11T22:58:25.914+0000] {dag.py:3954} INFO - Setting next_dagrun for dataset_produces_2 to None, run_after=None
[2025-12-11T22:58:26.000+0000] {processor.py:183} INFO - Processing /home/airflow/.local/lib/python3.9/site-packages/airflow/example_dags/example_datasets.py took 0.408 seconds
[2025-12-11T22:58:56.615+0000] {processor.py:161} INFO - Started process (PID=944) to work on /home/airflow/.local/lib/python3.9/site-packages/airflow/example_dags/example_datasets.py
[2025-12-11T22:58:56.617+0000] {processor.py:830} INFO - Processing file /home/airflow/.local/lib/python3.9/site-packages/airflow/example_dags/example_datasets.py for tasks to queue
[2025-12-11T22:58:56.620+0000] {logging_mixin.py:188} INFO - [2025-12-11T22:58:56.619+0000] {dagbag.py:545} INFO - Filling up the DagBag from /home/airflow/.local/lib/python3.9/site-packages/airflow/example_dags/example_datasets.py
[2025-12-11T22:58:56.640+0000] {processor.py:840} INFO - DAG(s) 'dataset_consumes_1_and_2', 'dataset_consumes_1_never_scheduled', 'dataset_produces_1', 'consume_1_or_2_with_dataset_expressions', 'consume_1_and_2_with_dataset_expressions', 'consume_1_or_both_2_and_3_with_dataset_expressions', 'conditional_dataset_and_time_based_timetable', 'dataset_consumes_unknown_never_scheduled', 'dataset_consumes_1', 'dataset_produces_2' retrieved from /home/airflow/.local/lib/python3.9/site-packages/airflow/example_dags/example_datasets.py
[2025-12-11T22:58:56.717+0000] {logging_mixin.py:188} INFO - [2025-12-11T22:58:56.716+0000] {dag.py:3096} INFO - Sync 10 DAGs
[2025-12-11T22:58:56.761+0000] {logging_mixin.py:188} INFO - [2025-12-11T22:58:56.761+0000] {dag.py:3954} INFO - Setting next_dagrun for conditional_dataset_and_time_based_timetable to 2025-12-10 01:00:00+00:00, run_after=2025-12-10 01:00:00+00:00
[2025-12-11T22:58:56.767+0000] {logging_mixin.py:188} INFO - [2025-12-11T22:58:56.766+0000] {dag.py:3954} INFO - Setting next_dagrun for consume_1_and_2_with_dataset_expressions to None, run_after=None
[2025-12-11T22:58:56.769+0000] {logging_mixin.py:188} INFO - [2025-12-11T22:58:56.769+0000] {dag.py:3954} INFO - Setting next_dagrun for consume_1_or_2_with_dataset_expressions to None, run_after=None
[2025-12-11T22:58:56.771+0000] {logging_mixin.py:188} INFO - [2025-12-11T22:58:56.771+0000] {dag.py:3954} INFO - Setting next_dagrun for consume_1_or_both_2_and_3_with_dataset_expressions to None, run_after=None
[2025-12-11T22:58:56.772+0000] {logging_mixin.py:188} INFO - [2025-12-11T22:58:56.772+0000] {dag.py:3954} INFO - Setting next_dagrun for dataset_consumes_1 to None, run_after=None
[2025-12-11T22:58:56.773+0000] {logging_mixin.py:188} INFO - [2025-12-11T22:58:56.773+0000] {dag.py:3954} INFO - Setting next_dagrun for dataset_consumes_1_and_2 to None, run_after=None
[2025-12-11T22:58:56.775+0000] {logging_mixin.py:188} INFO - [2025-12-11T22:58:56.774+0000] {dag.py:3954} INFO - Setting next_dagrun for dataset_consumes_1_never_scheduled to None, run_after=None
[2025-12-11T22:58:56.776+0000] {logging_mixin.py:188} INFO - [2025-12-11T22:58:56.776+0000] {dag.py:3954} INFO - Setting next_dagrun for dataset_consumes_unknown_never_scheduled to None, run_after=None
[2025-12-11T22:58:56.778+0000] {logging_mixin.py:188} INFO - [2025-12-11T22:58:56.778+0000] {dag.py:3954} INFO - Setting next_dagrun for dataset_produces_1 to 2025-12-10 00:00:00+00:00, run_after=2025-12-11 00:00:00+00:00
[2025-12-11T22:58:56.779+0000] {logging_mixin.py:188} INFO - [2025-12-11T22:58:56.779+0000] {dag.py:3954} INFO - Setting next_dagrun for dataset_produces_2 to None, run_after=None
[2025-12-11T22:58:56.826+0000] {processor.py:183} INFO - Processing /home/airflow/.local/lib/python3.9/site-packages/airflow/example_dags/example_datasets.py took 0.222 seconds
[2025-12-11T22:59:27.065+0000] {processor.py:161} INFO - Started process (PID=1010) to work on /home/airflow/.local/lib/python3.9/site-packages/airflow/example_dags/example_datasets.py
[2025-12-11T22:59:27.191+0000] {processor.py:830} INFO - Processing file /home/airflow/.local/lib/python3.9/site-packages/airflow/example_dags/example_datasets.py for tasks to queue
[2025-12-11T22:59:27.194+0000] {logging_mixin.py:188} INFO - [2025-12-11T22:59:27.194+0000] {dagbag.py:545} INFO - Filling up the DagBag from /home/airflow/.local/lib/python3.9/site-packages/airflow/example_dags/example_datasets.py
[2025-12-11T22:59:27.216+0000] {processor.py:840} INFO - DAG(s) 'consume_1_or_both_2_and_3_with_dataset_expressions', 'consume_1_or_2_with_dataset_expressions', 'dataset_consumes_1_and_2', 'dataset_consumes_1_never_scheduled', 'dataset_consumes_unknown_never_scheduled', 'dataset_produces_1', 'dataset_consumes_1', 'dataset_produces_2', 'conditional_dataset_and_time_based_timetable', 'consume_1_and_2_with_dataset_expressions' retrieved from /home/airflow/.local/lib/python3.9/site-packages/airflow/example_dags/example_datasets.py
[2025-12-11T22:59:27.289+0000] {logging_mixin.py:188} INFO - [2025-12-11T22:59:27.288+0000] {dag.py:3096} INFO - Sync 10 DAGs
[2025-12-11T22:59:27.352+0000] {logging_mixin.py:188} INFO - [2025-12-11T22:59:27.352+0000] {dag.py:3954} INFO - Setting next_dagrun for conditional_dataset_and_time_based_timetable to 2025-12-10 01:00:00+00:00, run_after=2025-12-10 01:00:00+00:00
[2025-12-11T22:59:27.359+0000] {logging_mixin.py:188} INFO - [2025-12-11T22:59:27.358+0000] {dag.py:3954} INFO - Setting next_dagrun for consume_1_and_2_with_dataset_expressions to None, run_after=None
[2025-12-11T22:59:27.361+0000] {logging_mixin.py:188} INFO - [2025-12-11T22:59:27.360+0000] {dag.py:3954} INFO - Setting next_dagrun for consume_1_or_2_with_dataset_expressions to None, run_after=None
[2025-12-11T22:59:27.362+0000] {logging_mixin.py:188} INFO - [2025-12-11T22:59:27.362+0000] {dag.py:3954} INFO - Setting next_dagrun for consume_1_or_both_2_and_3_with_dataset_expressions to None, run_after=None
[2025-12-11T22:59:27.364+0000] {logging_mixin.py:188} INFO - [2025-12-11T22:59:27.364+0000] {dag.py:3954} INFO - Setting next_dagrun for dataset_consumes_1 to None, run_after=None
[2025-12-11T22:59:27.366+0000] {logging_mixin.py:188} INFO - [2025-12-11T22:59:27.365+0000] {dag.py:3954} INFO - Setting next_dagrun for dataset_consumes_1_and_2 to None, run_after=None
[2025-12-11T22:59:27.367+0000] {logging_mixin.py:188} INFO - [2025-12-11T22:59:27.367+0000] {dag.py:3954} INFO - Setting next_dagrun for dataset_consumes_1_never_scheduled to None, run_after=None
[2025-12-11T22:59:27.368+0000] {logging_mixin.py:188} INFO - [2025-12-11T22:59:27.368+0000] {dag.py:3954} INFO - Setting next_dagrun for dataset_consumes_unknown_never_scheduled to None, run_after=None
[2025-12-11T22:59:27.371+0000] {logging_mixin.py:188} INFO - [2025-12-11T22:59:27.371+0000] {dag.py:3954} INFO - Setting next_dagrun for dataset_produces_1 to 2025-12-10 00:00:00+00:00, run_after=2025-12-11 00:00:00+00:00
[2025-12-11T22:59:27.372+0000] {logging_mixin.py:188} INFO - [2025-12-11T22:59:27.372+0000] {dag.py:3954} INFO - Setting next_dagrun for dataset_produces_2 to None, run_after=None
[2025-12-11T22:59:27.484+0000] {processor.py:183} INFO - Processing /home/airflow/.local/lib/python3.9/site-packages/airflow/example_dags/example_datasets.py took 0.430 seconds
[2025-12-11T22:59:58.278+0000] {processor.py:161} INFO - Started process (PID=1076) to work on /home/airflow/.local/lib/python3.9/site-packages/airflow/example_dags/example_datasets.py
[2025-12-11T22:59:58.280+0000] {processor.py:830} INFO - Processing file /home/airflow/.local/lib/python3.9/site-packages/airflow/example_dags/example_datasets.py for tasks to queue
[2025-12-11T22:59:58.283+0000] {logging_mixin.py:188} INFO - [2025-12-11T22:59:58.283+0000] {dagbag.py:545} INFO - Filling up the DagBag from /home/airflow/.local/lib/python3.9/site-packages/airflow/example_dags/example_datasets.py
[2025-12-11T22:59:58.305+0000] {processor.py:840} INFO - DAG(s) 'consume_1_or_both_2_and_3_with_dataset_expressions', 'dataset_consumes_1_and_2', 'dataset_produces_2', 'dataset_consumes_1', 'consume_1_and_2_with_dataset_expressions', 'consume_1_or_2_with_dataset_expressions', 'dataset_produces_1', 'dataset_consumes_1_never_scheduled', 'dataset_consumes_unknown_never_scheduled', 'conditional_dataset_and_time_based_timetable' retrieved from /home/airflow/.local/lib/python3.9/site-packages/airflow/example_dags/example_datasets.py
[2025-12-11T22:59:58.393+0000] {logging_mixin.py:188} INFO - [2025-12-11T22:59:58.392+0000] {dag.py:3096} INFO - Sync 10 DAGs
[2025-12-11T22:59:58.452+0000] {logging_mixin.py:188} INFO - [2025-12-11T22:59:58.451+0000] {dag.py:3954} INFO - Setting next_dagrun for conditional_dataset_and_time_based_timetable to 2025-12-10 01:00:00+00:00, run_after=2025-12-10 01:00:00+00:00
[2025-12-11T22:59:58.460+0000] {logging_mixin.py:188} INFO - [2025-12-11T22:59:58.459+0000] {dag.py:3954} INFO - Setting next_dagrun for consume_1_and_2_with_dataset_expressions to None, run_after=None
[2025-12-11T22:59:58.462+0000] {logging_mixin.py:188} INFO - [2025-12-11T22:59:58.462+0000] {dag.py:3954} INFO - Setting next_dagrun for consume_1_or_2_with_dataset_expressions to None, run_after=None
[2025-12-11T22:59:58.465+0000] {logging_mixin.py:188} INFO - [2025-12-11T22:59:58.464+0000] {dag.py:3954} INFO - Setting next_dagrun for consume_1_or_both_2_and_3_with_dataset_expressions to None, run_after=None
[2025-12-11T22:59:58.466+0000] {logging_mixin.py:188} INFO - [2025-12-11T22:59:58.466+0000] {dag.py:3954} INFO - Setting next_dagrun for dataset_consumes_1 to None, run_after=None
[2025-12-11T22:59:58.468+0000] {logging_mixin.py:188} INFO - [2025-12-11T22:59:58.468+0000] {dag.py:3954} INFO - Setting next_dagrun for dataset_consumes_1_and_2 to None, run_after=None
[2025-12-11T22:59:58.470+0000] {logging_mixin.py:188} INFO - [2025-12-11T22:59:58.470+0000] {dag.py:3954} INFO - Setting next_dagrun for dataset_consumes_1_never_scheduled to None, run_after=None
[2025-12-11T22:59:58.472+0000] {logging_mixin.py:188} INFO - [2025-12-11T22:59:58.472+0000] {dag.py:3954} INFO - Setting next_dagrun for dataset_consumes_unknown_never_scheduled to None, run_after=None
[2025-12-11T22:59:58.476+0000] {logging_mixin.py:188} INFO - [2025-12-11T22:59:58.475+0000] {dag.py:3954} INFO - Setting next_dagrun for dataset_produces_1 to 2025-12-10 00:00:00+00:00, run_after=2025-12-11 00:00:00+00:00
[2025-12-11T22:59:58.478+0000] {logging_mixin.py:188} INFO - [2025-12-11T22:59:58.477+0000] {dag.py:3954} INFO - Setting next_dagrun for dataset_produces_2 to None, run_after=None
[2025-12-11T22:59:58.545+0000] {processor.py:183} INFO - Processing /home/airflow/.local/lib/python3.9/site-packages/airflow/example_dags/example_datasets.py took 0.277 seconds
[2025-12-11T23:00:28.617+0000] {processor.py:161} INFO - Started process (PID=1142) to work on /home/airflow/.local/lib/python3.9/site-packages/airflow/example_dags/example_datasets.py
[2025-12-11T23:00:28.619+0000] {processor.py:830} INFO - Processing file /home/airflow/.local/lib/python3.9/site-packages/airflow/example_dags/example_datasets.py for tasks to queue
[2025-12-11T23:00:28.621+0000] {logging_mixin.py:188} INFO - [2025-12-11T23:00:28.621+0000] {dagbag.py:545} INFO - Filling up the DagBag from /home/airflow/.local/lib/python3.9/site-packages/airflow/example_dags/example_datasets.py
[2025-12-11T23:00:28.642+0000] {processor.py:840} INFO - DAG(s) 'dataset_produces_1', 'consume_1_or_both_2_and_3_with_dataset_expressions', 'conditional_dataset_and_time_based_timetable', 'consume_1_or_2_with_dataset_expressions', 'dataset_consumes_1', 'consume_1_and_2_with_dataset_expressions', 'dataset_consumes_1_never_scheduled', 'dataset_consumes_1_and_2', 'dataset_produces_2', 'dataset_consumes_unknown_never_scheduled' retrieved from /home/airflow/.local/lib/python3.9/site-packages/airflow/example_dags/example_datasets.py
[2025-12-11T23:00:28.720+0000] {logging_mixin.py:188} INFO - [2025-12-11T23:00:28.720+0000] {dag.py:3096} INFO - Sync 10 DAGs
[2025-12-11T23:00:28.764+0000] {logging_mixin.py:188} INFO - [2025-12-11T23:00:28.763+0000] {dag.py:3954} INFO - Setting next_dagrun for conditional_dataset_and_time_based_timetable to 2025-12-10 01:00:00+00:00, run_after=2025-12-10 01:00:00+00:00
[2025-12-11T23:00:28.773+0000] {logging_mixin.py:188} INFO - [2025-12-11T23:00:28.773+0000] {dag.py:3954} INFO - Setting next_dagrun for consume_1_and_2_with_dataset_expressions to None, run_after=None
[2025-12-11T23:00:28.775+0000] {logging_mixin.py:188} INFO - [2025-12-11T23:00:28.775+0000] {dag.py:3954} INFO - Setting next_dagrun for consume_1_or_2_with_dataset_expressions to None, run_after=None
[2025-12-11T23:00:28.777+0000] {logging_mixin.py:188} INFO - [2025-12-11T23:00:28.776+0000] {dag.py:3954} INFO - Setting next_dagrun for consume_1_or_both_2_and_3_with_dataset_expressions to None, run_after=None
[2025-12-11T23:00:28.778+0000] {logging_mixin.py:188} INFO - [2025-12-11T23:00:28.778+0000] {dag.py:3954} INFO - Setting next_dagrun for dataset_consumes_1 to None, run_after=None
[2025-12-11T23:00:28.789+0000] {logging_mixin.py:188} INFO - [2025-12-11T23:00:28.780+0000] {dag.py:3954} INFO - Setting next_dagrun for dataset_consumes_1_and_2 to None, run_after=None
[2025-12-11T23:00:28.791+0000] {logging_mixin.py:188} INFO - [2025-12-11T23:00:28.791+0000] {dag.py:3954} INFO - Setting next_dagrun for dataset_consumes_1_never_scheduled to None, run_after=None
[2025-12-11T23:00:28.793+0000] {logging_mixin.py:188} INFO - [2025-12-11T23:00:28.793+0000] {dag.py:3954} INFO - Setting next_dagrun for dataset_consumes_unknown_never_scheduled to None, run_after=None
[2025-12-11T23:00:28.796+0000] {logging_mixin.py:188} INFO - [2025-12-11T23:00:28.796+0000] {dag.py:3954} INFO - Setting next_dagrun for dataset_produces_1 to 2025-12-10 00:00:00+00:00, run_after=2025-12-11 00:00:00+00:00
[2025-12-11T23:00:28.797+0000] {logging_mixin.py:188} INFO - [2025-12-11T23:00:28.797+0000] {dag.py:3954} INFO - Setting next_dagrun for dataset_produces_2 to None, run_after=None
[2025-12-11T23:00:28.846+0000] {processor.py:183} INFO - Processing /home/airflow/.local/lib/python3.9/site-packages/airflow/example_dags/example_datasets.py took 0.239 seconds
[2025-12-11T23:00:59.001+0000] {processor.py:161} INFO - Started process (PID=1209) to work on /home/airflow/.local/lib/python3.9/site-packages/airflow/example_dags/example_datasets.py
[2025-12-11T23:00:59.003+0000] {processor.py:830} INFO - Processing file /home/airflow/.local/lib/python3.9/site-packages/airflow/example_dags/example_datasets.py for tasks to queue
[2025-12-11T23:00:59.006+0000] {logging_mixin.py:188} INFO - [2025-12-11T23:00:59.006+0000] {dagbag.py:545} INFO - Filling up the DagBag from /home/airflow/.local/lib/python3.9/site-packages/airflow/example_dags/example_datasets.py
[2025-12-11T23:00:59.036+0000] {processor.py:840} INFO - DAG(s) 'consume_1_and_2_with_dataset_expressions', 'conditional_dataset_and_time_based_timetable', 'dataset_produces_1', 'dataset_consumes_unknown_never_scheduled', 'dataset_consumes_1_never_scheduled', 'dataset_produces_2', 'consume_1_or_2_with_dataset_expressions', 'dataset_consumes_1', 'consume_1_or_both_2_and_3_with_dataset_expressions', 'dataset_consumes_1_and_2' retrieved from /home/airflow/.local/lib/python3.9/site-packages/airflow/example_dags/example_datasets.py
[2025-12-11T23:00:59.140+0000] {logging_mixin.py:188} INFO - [2025-12-11T23:00:59.139+0000] {dag.py:3096} INFO - Sync 10 DAGs
[2025-12-11T23:00:59.195+0000] {logging_mixin.py:188} INFO - [2025-12-11T23:00:59.194+0000] {dag.py:3954} INFO - Setting next_dagrun for conditional_dataset_and_time_based_timetable to 2025-12-10 01:00:00+00:00, run_after=2025-12-10 01:00:00+00:00
[2025-12-11T23:00:59.203+0000] {logging_mixin.py:188} INFO - [2025-12-11T23:00:59.202+0000] {dag.py:3954} INFO - Setting next_dagrun for consume_1_and_2_with_dataset_expressions to None, run_after=None
[2025-12-11T23:00:59.206+0000] {logging_mixin.py:188} INFO - [2025-12-11T23:00:59.205+0000] {dag.py:3954} INFO - Setting next_dagrun for consume_1_or_2_with_dataset_expressions to None, run_after=None
[2025-12-11T23:00:59.208+0000] {logging_mixin.py:188} INFO - [2025-12-11T23:00:59.208+0000] {dag.py:3954} INFO - Setting next_dagrun for consume_1_or_both_2_and_3_with_dataset_expressions to None, run_after=None
[2025-12-11T23:00:59.211+0000] {logging_mixin.py:188} INFO - [2025-12-11T23:00:59.210+0000] {dag.py:3954} INFO - Setting next_dagrun for dataset_consumes_1 to None, run_after=None
[2025-12-11T23:00:59.213+0000] {logging_mixin.py:188} INFO - [2025-12-11T23:00:59.212+0000] {dag.py:3954} INFO - Setting next_dagrun for dataset_consumes_1_and_2 to None, run_after=None
[2025-12-11T23:00:59.214+0000] {logging_mixin.py:188} INFO - [2025-12-11T23:00:59.214+0000] {dag.py:3954} INFO - Setting next_dagrun for dataset_consumes_1_never_scheduled to None, run_after=None
[2025-12-11T23:00:59.216+0000] {logging_mixin.py:188} INFO - [2025-12-11T23:00:59.216+0000] {dag.py:3954} INFO - Setting next_dagrun for dataset_consumes_unknown_never_scheduled to None, run_after=None
[2025-12-11T23:00:59.219+0000] {logging_mixin.py:188} INFO - [2025-12-11T23:00:59.219+0000] {dag.py:3954} INFO - Setting next_dagrun for dataset_produces_1 to 2025-12-10 00:00:00+00:00, run_after=2025-12-11 00:00:00+00:00
[2025-12-11T23:00:59.221+0000] {logging_mixin.py:188} INFO - [2025-12-11T23:00:59.221+0000] {dag.py:3954} INFO - Setting next_dagrun for dataset_produces_2 to None, run_after=None
[2025-12-11T23:00:59.291+0000] {processor.py:183} INFO - Processing /home/airflow/.local/lib/python3.9/site-packages/airflow/example_dags/example_datasets.py took 0.300 seconds
[2025-12-11T23:01:29.452+0000] {processor.py:161} INFO - Started process (PID=1276) to work on /home/airflow/.local/lib/python3.9/site-packages/airflow/example_dags/example_datasets.py
[2025-12-11T23:01:29.454+0000] {processor.py:830} INFO - Processing file /home/airflow/.local/lib/python3.9/site-packages/airflow/example_dags/example_datasets.py for tasks to queue
[2025-12-11T23:01:29.457+0000] {logging_mixin.py:188} INFO - [2025-12-11T23:01:29.456+0000] {dagbag.py:545} INFO - Filling up the DagBag from /home/airflow/.local/lib/python3.9/site-packages/airflow/example_dags/example_datasets.py
[2025-12-11T23:01:29.480+0000] {processor.py:840} INFO - DAG(s) 'dataset_consumes_1_never_scheduled', 'dataset_produces_1', 'conditional_dataset_and_time_based_timetable', 'consume_1_or_both_2_and_3_with_dataset_expressions', 'dataset_consumes_1', 'dataset_consumes_unknown_never_scheduled', 'dataset_produces_2', 'dataset_consumes_1_and_2', 'consume_1_and_2_with_dataset_expressions', 'consume_1_or_2_with_dataset_expressions' retrieved from /home/airflow/.local/lib/python3.9/site-packages/airflow/example_dags/example_datasets.py
[2025-12-11T23:01:29.560+0000] {logging_mixin.py:188} INFO - [2025-12-11T23:01:29.560+0000] {dag.py:3096} INFO - Sync 10 DAGs
[2025-12-11T23:01:29.607+0000] {logging_mixin.py:188} INFO - [2025-12-11T23:01:29.606+0000] {dag.py:3954} INFO - Setting next_dagrun for conditional_dataset_and_time_based_timetable to 2025-12-10 01:00:00+00:00, run_after=2025-12-10 01:00:00+00:00
[2025-12-11T23:01:29.613+0000] {logging_mixin.py:188} INFO - [2025-12-11T23:01:29.613+0000] {dag.py:3954} INFO - Setting next_dagrun for consume_1_and_2_with_dataset_expressions to None, run_after=None
[2025-12-11T23:01:29.615+0000] {logging_mixin.py:188} INFO - [2025-12-11T23:01:29.615+0000] {dag.py:3954} INFO - Setting next_dagrun for consume_1_or_2_with_dataset_expressions to None, run_after=None
[2025-12-11T23:01:29.616+0000] {logging_mixin.py:188} INFO - [2025-12-11T23:01:29.616+0000] {dag.py:3954} INFO - Setting next_dagrun for consume_1_or_both_2_and_3_with_dataset_expressions to None, run_after=None
[2025-12-11T23:01:29.618+0000] {logging_mixin.py:188} INFO - [2025-12-11T23:01:29.617+0000] {dag.py:3954} INFO - Setting next_dagrun for dataset_consumes_1 to None, run_after=None
[2025-12-11T23:01:29.619+0000] {logging_mixin.py:188} INFO - [2025-12-11T23:01:29.619+0000] {dag.py:3954} INFO - Setting next_dagrun for dataset_consumes_1_and_2 to None, run_after=None
[2025-12-11T23:01:29.620+0000] {logging_mixin.py:188} INFO - [2025-12-11T23:01:29.620+0000] {dag.py:3954} INFO - Setting next_dagrun for dataset_consumes_1_never_scheduled to None, run_after=None
[2025-12-11T23:01:29.622+0000] {logging_mixin.py:188} INFO - [2025-12-11T23:01:29.621+0000] {dag.py:3954} INFO - Setting next_dagrun for dataset_consumes_unknown_never_scheduled to None, run_after=None
[2025-12-11T23:01:29.625+0000] {logging_mixin.py:188} INFO - [2025-12-11T23:01:29.624+0000] {dag.py:3954} INFO - Setting next_dagrun for dataset_produces_1 to 2025-12-10 00:00:00+00:00, run_after=2025-12-11 00:00:00+00:00
[2025-12-11T23:01:29.626+0000] {logging_mixin.py:188} INFO - [2025-12-11T23:01:29.626+0000] {dag.py:3954} INFO - Setting next_dagrun for dataset_produces_2 to None, run_after=None
[2025-12-11T23:01:29.675+0000] {processor.py:183} INFO - Processing /home/airflow/.local/lib/python3.9/site-packages/airflow/example_dags/example_datasets.py took 0.236 seconds
[2025-12-11T23:01:59.812+0000] {processor.py:161} INFO - Started process (PID=1341) to work on /home/airflow/.local/lib/python3.9/site-packages/airflow/example_dags/example_datasets.py
[2025-12-11T23:01:59.859+0000] {processor.py:830} INFO - Processing file /home/airflow/.local/lib/python3.9/site-packages/airflow/example_dags/example_datasets.py for tasks to queue
[2025-12-11T23:01:59.862+0000] {logging_mixin.py:188} INFO - [2025-12-11T23:01:59.862+0000] {dagbag.py:545} INFO - Filling up the DagBag from /home/airflow/.local/lib/python3.9/site-packages/airflow/example_dags/example_datasets.py
[2025-12-11T23:01:59.890+0000] {processor.py:840} INFO - DAG(s) 'dataset_produces_2', 'conditional_dataset_and_time_based_timetable', 'dataset_consumes_unknown_never_scheduled', 'consume_1_and_2_with_dataset_expressions', 'dataset_consumes_1', 'dataset_consumes_1_and_2', 'consume_1_or_2_with_dataset_expressions', 'dataset_produces_1', 'dataset_consumes_1_never_scheduled', 'consume_1_or_both_2_and_3_with_dataset_expressions' retrieved from /home/airflow/.local/lib/python3.9/site-packages/airflow/example_dags/example_datasets.py
[2025-12-11T23:02:00.015+0000] {logging_mixin.py:188} INFO - [2025-12-11T23:02:00.014+0000] {dag.py:3096} INFO - Sync 10 DAGs
[2025-12-11T23:02:00.072+0000] {logging_mixin.py:188} INFO - [2025-12-11T23:02:00.072+0000] {dag.py:3954} INFO - Setting next_dagrun for conditional_dataset_and_time_based_timetable to 2025-12-10 01:00:00+00:00, run_after=2025-12-10 01:00:00+00:00
[2025-12-11T23:02:00.078+0000] {logging_mixin.py:188} INFO - [2025-12-11T23:02:00.078+0000] {dag.py:3954} INFO - Setting next_dagrun for consume_1_and_2_with_dataset_expressions to None, run_after=None
[2025-12-11T23:02:00.080+0000] {logging_mixin.py:188} INFO - [2025-12-11T23:02:00.080+0000] {dag.py:3954} INFO - Setting next_dagrun for consume_1_or_2_with_dataset_expressions to None, run_after=None
[2025-12-11T23:02:00.082+0000] {logging_mixin.py:188} INFO - [2025-12-11T23:02:00.082+0000] {dag.py:3954} INFO - Setting next_dagrun for consume_1_or_both_2_and_3_with_dataset_expressions to None, run_after=None
[2025-12-11T23:02:00.084+0000] {logging_mixin.py:188} INFO - [2025-12-11T23:02:00.084+0000] {dag.py:3954} INFO - Setting next_dagrun for dataset_consumes_1 to None, run_after=None
[2025-12-11T23:02:00.086+0000] {logging_mixin.py:188} INFO - [2025-12-11T23:02:00.086+0000] {dag.py:3954} INFO - Setting next_dagrun for dataset_consumes_1_and_2 to None, run_after=None
[2025-12-11T23:02:00.088+0000] {logging_mixin.py:188} INFO - [2025-12-11T23:02:00.088+0000] {dag.py:3954} INFO - Setting next_dagrun for dataset_consumes_1_never_scheduled to None, run_after=None
[2025-12-11T23:02:00.090+0000] {logging_mixin.py:188} INFO - [2025-12-11T23:02:00.090+0000] {dag.py:3954} INFO - Setting next_dagrun for dataset_consumes_unknown_never_scheduled to None, run_after=None
[2025-12-11T23:02:00.093+0000] {logging_mixin.py:188} INFO - [2025-12-11T23:02:00.093+0000] {dag.py:3954} INFO - Setting next_dagrun for dataset_produces_1 to 2025-12-10 00:00:00+00:00, run_after=2025-12-11 00:00:00+00:00
[2025-12-11T23:02:00.094+0000] {logging_mixin.py:188} INFO - [2025-12-11T23:02:00.094+0000] {dag.py:3954} INFO - Setting next_dagrun for dataset_produces_2 to None, run_after=None
[2025-12-11T23:02:00.155+0000] {processor.py:183} INFO - Processing /home/airflow/.local/lib/python3.9/site-packages/airflow/example_dags/example_datasets.py took 0.355 seconds
[2025-12-11T23:02:30.315+0000] {processor.py:161} INFO - Started process (PID=1408) to work on /home/airflow/.local/lib/python3.9/site-packages/airflow/example_dags/example_datasets.py
[2025-12-11T23:02:30.317+0000] {processor.py:830} INFO - Processing file /home/airflow/.local/lib/python3.9/site-packages/airflow/example_dags/example_datasets.py for tasks to queue
[2025-12-11T23:02:30.320+0000] {logging_mixin.py:188} INFO - [2025-12-11T23:02:30.319+0000] {dagbag.py:545} INFO - Filling up the DagBag from /home/airflow/.local/lib/python3.9/site-packages/airflow/example_dags/example_datasets.py
[2025-12-11T23:02:30.341+0000] {processor.py:840} INFO - DAG(s) 'conditional_dataset_and_time_based_timetable', 'dataset_produces_2', 'consume_1_and_2_with_dataset_expressions', 'dataset_consumes_unknown_never_scheduled', 'dataset_consumes_1', 'dataset_consumes_1_never_scheduled', 'dataset_produces_1', 'consume_1_or_2_with_dataset_expressions', 'consume_1_or_both_2_and_3_with_dataset_expressions', 'dataset_consumes_1_and_2' retrieved from /home/airflow/.local/lib/python3.9/site-packages/airflow/example_dags/example_datasets.py
[2025-12-11T23:02:30.432+0000] {logging_mixin.py:188} INFO - [2025-12-11T23:02:30.432+0000] {dag.py:3096} INFO - Sync 10 DAGs
[2025-12-11T23:02:30.482+0000] {logging_mixin.py:188} INFO - [2025-12-11T23:02:30.482+0000] {dag.py:3954} INFO - Setting next_dagrun for conditional_dataset_and_time_based_timetable to 2025-12-10 01:00:00+00:00, run_after=2025-12-10 01:00:00+00:00
[2025-12-11T23:02:30.491+0000] {logging_mixin.py:188} INFO - [2025-12-11T23:02:30.490+0000] {dag.py:3954} INFO - Setting next_dagrun for consume_1_and_2_with_dataset_expressions to None, run_after=None
[2025-12-11T23:02:30.493+0000] {logging_mixin.py:188} INFO - [2025-12-11T23:02:30.493+0000] {dag.py:3954} INFO - Setting next_dagrun for consume_1_or_2_with_dataset_expressions to None, run_after=None
[2025-12-11T23:02:30.494+0000] {logging_mixin.py:188} INFO - [2025-12-11T23:02:30.494+0000] {dag.py:3954} INFO - Setting next_dagrun for consume_1_or_both_2_and_3_with_dataset_expressions to None, run_after=None
[2025-12-11T23:02:30.496+0000] {logging_mixin.py:188} INFO - [2025-12-11T23:02:30.496+0000] {dag.py:3954} INFO - Setting next_dagrun for dataset_consumes_1 to None, run_after=None
[2025-12-11T23:02:30.497+0000] {logging_mixin.py:188} INFO - [2025-12-11T23:02:30.497+0000] {dag.py:3954} INFO - Setting next_dagrun for dataset_consumes_1_and_2 to None, run_after=None
[2025-12-11T23:02:30.499+0000] {logging_mixin.py:188} INFO - [2025-12-11T23:02:30.499+0000] {dag.py:3954} INFO - Setting next_dagrun for dataset_consumes_1_never_scheduled to None, run_after=None
[2025-12-11T23:02:30.500+0000] {logging_mixin.py:188} INFO - [2025-12-11T23:02:30.500+0000] {dag.py:3954} INFO - Setting next_dagrun for dataset_consumes_unknown_never_scheduled to None, run_after=None
[2025-12-11T23:02:30.504+0000] {logging_mixin.py:188} INFO - [2025-12-11T23:02:30.504+0000] {dag.py:3954} INFO - Setting next_dagrun for dataset_produces_1 to 2025-12-10 00:00:00+00:00, run_after=2025-12-11 00:00:00+00:00
[2025-12-11T23:02:30.505+0000] {logging_mixin.py:188} INFO - [2025-12-11T23:02:30.505+0000] {dag.py:3954} INFO - Setting next_dagrun for dataset_produces_2 to None, run_after=None
[2025-12-11T23:02:30.560+0000] {processor.py:183} INFO - Processing /home/airflow/.local/lib/python3.9/site-packages/airflow/example_dags/example_datasets.py took 0.256 seconds
[2025-12-11T23:03:00.751+0000] {processor.py:161} INFO - Started process (PID=1477) to work on /home/airflow/.local/lib/python3.9/site-packages/airflow/example_dags/example_datasets.py
[2025-12-11T23:03:00.753+0000] {processor.py:830} INFO - Processing file /home/airflow/.local/lib/python3.9/site-packages/airflow/example_dags/example_datasets.py for tasks to queue
[2025-12-11T23:03:00.756+0000] {logging_mixin.py:188} INFO - [2025-12-11T23:03:00.756+0000] {dagbag.py:545} INFO - Filling up the DagBag from /home/airflow/.local/lib/python3.9/site-packages/airflow/example_dags/example_datasets.py
[2025-12-11T23:03:00.780+0000] {processor.py:840} INFO - DAG(s) 'dataset_produces_2', 'consume_1_or_both_2_and_3_with_dataset_expressions', 'dataset_consumes_1_and_2', 'conditional_dataset_and_time_based_timetable', 'consume_1_or_2_with_dataset_expressions', 'dataset_produces_1', 'dataset_consumes_1_never_scheduled', 'dataset_consumes_unknown_never_scheduled', 'dataset_consumes_1', 'consume_1_and_2_with_dataset_expressions' retrieved from /home/airflow/.local/lib/python3.9/site-packages/airflow/example_dags/example_datasets.py
[2025-12-11T23:03:00.873+0000] {logging_mixin.py:188} INFO - [2025-12-11T23:03:00.873+0000] {dag.py:3096} INFO - Sync 10 DAGs
[2025-12-11T23:03:00.917+0000] {logging_mixin.py:188} INFO - [2025-12-11T23:03:00.917+0000] {dag.py:3954} INFO - Setting next_dagrun for conditional_dataset_and_time_based_timetable to 2025-12-10 01:00:00+00:00, run_after=2025-12-10 01:00:00+00:00
[2025-12-11T23:03:00.922+0000] {logging_mixin.py:188} INFO - [2025-12-11T23:03:00.922+0000] {dag.py:3954} INFO - Setting next_dagrun for consume_1_and_2_with_dataset_expressions to None, run_after=None
[2025-12-11T23:03:00.924+0000] {logging_mixin.py:188} INFO - [2025-12-11T23:03:00.924+0000] {dag.py:3954} INFO - Setting next_dagrun for consume_1_or_2_with_dataset_expressions to None, run_after=None
[2025-12-11T23:03:00.926+0000] {logging_mixin.py:188} INFO - [2025-12-11T23:03:00.925+0000] {dag.py:3954} INFO - Setting next_dagrun for consume_1_or_both_2_and_3_with_dataset_expressions to None, run_after=None
[2025-12-11T23:03:00.927+0000] {logging_mixin.py:188} INFO - [2025-12-11T23:03:00.927+0000] {dag.py:3954} INFO - Setting next_dagrun for dataset_consumes_1 to None, run_after=None
[2025-12-11T23:03:00.930+0000] {logging_mixin.py:188} INFO - [2025-12-11T23:03:00.929+0000] {dag.py:3954} INFO - Setting next_dagrun for dataset_consumes_1_and_2 to None, run_after=None
[2025-12-11T23:03:00.931+0000] {logging_mixin.py:188} INFO - [2025-12-11T23:03:00.931+0000] {dag.py:3954} INFO - Setting next_dagrun for dataset_consumes_1_never_scheduled to None, run_after=None
[2025-12-11T23:03:00.933+0000] {logging_mixin.py:188} INFO - [2025-12-11T23:03:00.932+0000] {dag.py:3954} INFO - Setting next_dagrun for dataset_consumes_unknown_never_scheduled to None, run_after=None
[2025-12-11T23:03:00.936+0000] {logging_mixin.py:188} INFO - [2025-12-11T23:03:00.935+0000] {dag.py:3954} INFO - Setting next_dagrun for dataset_produces_1 to 2025-12-10 00:00:00+00:00, run_after=2025-12-11 00:00:00+00:00
[2025-12-11T23:03:00.937+0000] {logging_mixin.py:188} INFO - [2025-12-11T23:03:00.937+0000] {dag.py:3954} INFO - Setting next_dagrun for dataset_produces_2 to None, run_after=None
[2025-12-11T23:03:01.010+0000] {processor.py:183} INFO - Processing /home/airflow/.local/lib/python3.9/site-packages/airflow/example_dags/example_datasets.py took 0.270 seconds
[2025-12-11T23:03:31.460+0000] {processor.py:161} INFO - Started process (PID=1544) to work on /home/airflow/.local/lib/python3.9/site-packages/airflow/example_dags/example_datasets.py
[2025-12-11T23:03:31.600+0000] {processor.py:830} INFO - Processing file /home/airflow/.local/lib/python3.9/site-packages/airflow/example_dags/example_datasets.py for tasks to queue
[2025-12-11T23:03:31.603+0000] {logging_mixin.py:188} INFO - [2025-12-11T23:03:31.603+0000] {dagbag.py:545} INFO - Filling up the DagBag from /home/airflow/.local/lib/python3.9/site-packages/airflow/example_dags/example_datasets.py
[2025-12-11T23:03:31.624+0000] {processor.py:840} INFO - DAG(s) 'dataset_consumes_1', 'dataset_consumes_1_and_2', 'conditional_dataset_and_time_based_timetable', 'dataset_consumes_1_never_scheduled', 'dataset_consumes_unknown_never_scheduled', 'dataset_produces_1', 'dataset_produces_2', 'consume_1_and_2_with_dataset_expressions', 'consume_1_or_both_2_and_3_with_dataset_expressions', 'consume_1_or_2_with_dataset_expressions' retrieved from /home/airflow/.local/lib/python3.9/site-packages/airflow/example_dags/example_datasets.py
[2025-12-11T23:03:31.712+0000] {logging_mixin.py:188} INFO - [2025-12-11T23:03:31.712+0000] {dag.py:3096} INFO - Sync 10 DAGs
[2025-12-11T23:03:31.762+0000] {logging_mixin.py:188} INFO - [2025-12-11T23:03:31.762+0000] {dag.py:3954} INFO - Setting next_dagrun for conditional_dataset_and_time_based_timetable to 2025-12-10 01:00:00+00:00, run_after=2025-12-10 01:00:00+00:00
[2025-12-11T23:03:31.768+0000] {logging_mixin.py:188} INFO - [2025-12-11T23:03:31.767+0000] {dag.py:3954} INFO - Setting next_dagrun for consume_1_and_2_with_dataset_expressions to None, run_after=None
[2025-12-11T23:03:31.769+0000] {logging_mixin.py:188} INFO - [2025-12-11T23:03:31.769+0000] {dag.py:3954} INFO - Setting next_dagrun for consume_1_or_2_with_dataset_expressions to None, run_after=None
[2025-12-11T23:03:31.771+0000] {logging_mixin.py:188} INFO - [2025-12-11T23:03:31.771+0000] {dag.py:3954} INFO - Setting next_dagrun for consume_1_or_both_2_and_3_with_dataset_expressions to None, run_after=None
[2025-12-11T23:03:31.772+0000] {logging_mixin.py:188} INFO - [2025-12-11T23:03:31.772+0000] {dag.py:3954} INFO - Setting next_dagrun for dataset_consumes_1 to None, run_after=None
[2025-12-11T23:03:31.774+0000] {logging_mixin.py:188} INFO - [2025-12-11T23:03:31.774+0000] {dag.py:3954} INFO - Setting next_dagrun for dataset_consumes_1_and_2 to None, run_after=None
[2025-12-11T23:03:31.775+0000] {logging_mixin.py:188} INFO - [2025-12-11T23:03:31.775+0000] {dag.py:3954} INFO - Setting next_dagrun for dataset_consumes_1_never_scheduled to None, run_after=None
[2025-12-11T23:03:31.777+0000] {logging_mixin.py:188} INFO - [2025-12-11T23:03:31.777+0000] {dag.py:3954} INFO - Setting next_dagrun for dataset_consumes_unknown_never_scheduled to None, run_after=None
[2025-12-11T23:03:31.780+0000] {logging_mixin.py:188} INFO - [2025-12-11T23:03:31.779+0000] {dag.py:3954} INFO - Setting next_dagrun for dataset_produces_1 to 2025-12-10 00:00:00+00:00, run_after=2025-12-11 00:00:00+00:00
[2025-12-11T23:03:31.781+0000] {logging_mixin.py:188} INFO - [2025-12-11T23:03:31.781+0000] {dag.py:3954} INFO - Setting next_dagrun for dataset_produces_2 to None, run_after=None
[2025-12-11T23:03:32.051+0000] {processor.py:183} INFO - Processing /home/airflow/.local/lib/python3.9/site-packages/airflow/example_dags/example_datasets.py took 0.601 seconds
[2025-12-11T23:04:02.415+0000] {processor.py:161} INFO - Started process (PID=1618) to work on /home/airflow/.local/lib/python3.9/site-packages/airflow/example_dags/example_datasets.py
[2025-12-11T23:04:02.428+0000] {processor.py:830} INFO - Processing file /home/airflow/.local/lib/python3.9/site-packages/airflow/example_dags/example_datasets.py for tasks to queue
[2025-12-11T23:04:02.431+0000] {logging_mixin.py:188} INFO - [2025-12-11T23:04:02.430+0000] {dagbag.py:545} INFO - Filling up the DagBag from /home/airflow/.local/lib/python3.9/site-packages/airflow/example_dags/example_datasets.py
[2025-12-11T23:04:02.452+0000] {processor.py:840} INFO - DAG(s) 'dataset_consumes_1', 'consume_1_or_2_with_dataset_expressions', 'dataset_produces_1', 'consume_1_and_2_with_dataset_expressions', 'conditional_dataset_and_time_based_timetable', 'dataset_consumes_1_and_2', 'dataset_consumes_unknown_never_scheduled', 'dataset_consumes_1_never_scheduled', 'dataset_produces_2', 'consume_1_or_both_2_and_3_with_dataset_expressions' retrieved from /home/airflow/.local/lib/python3.9/site-packages/airflow/example_dags/example_datasets.py
[2025-12-11T23:04:02.554+0000] {logging_mixin.py:188} INFO - [2025-12-11T23:04:02.554+0000] {dag.py:3096} INFO - Sync 10 DAGs
[2025-12-11T23:04:02.623+0000] {logging_mixin.py:188} INFO - [2025-12-11T23:04:02.623+0000] {dag.py:3954} INFO - Setting next_dagrun for conditional_dataset_and_time_based_timetable to 2025-12-10 01:00:00+00:00, run_after=2025-12-10 01:00:00+00:00
[2025-12-11T23:04:02.633+0000] {logging_mixin.py:188} INFO - [2025-12-11T23:04:02.632+0000] {dag.py:3954} INFO - Setting next_dagrun for consume_1_and_2_with_dataset_expressions to None, run_after=None
[2025-12-11T23:04:02.697+0000] {logging_mixin.py:188} INFO - [2025-12-11T23:04:02.697+0000] {dag.py:3954} INFO - Setting next_dagrun for consume_1_or_2_with_dataset_expressions to None, run_after=None
[2025-12-11T23:04:02.700+0000] {logging_mixin.py:188} INFO - [2025-12-11T23:04:02.699+0000] {dag.py:3954} INFO - Setting next_dagrun for consume_1_or_both_2_and_3_with_dataset_expressions to None, run_after=None
[2025-12-11T23:04:02.702+0000] {logging_mixin.py:188} INFO - [2025-12-11T23:04:02.701+0000] {dag.py:3954} INFO - Setting next_dagrun for dataset_consumes_1 to None, run_after=None
[2025-12-11T23:04:02.704+0000] {logging_mixin.py:188} INFO - [2025-12-11T23:04:02.703+0000] {dag.py:3954} INFO - Setting next_dagrun for dataset_consumes_1_and_2 to None, run_after=None
[2025-12-11T23:04:02.705+0000] {logging_mixin.py:188} INFO - [2025-12-11T23:04:02.705+0000] {dag.py:3954} INFO - Setting next_dagrun for dataset_consumes_1_never_scheduled to None, run_after=None
[2025-12-11T23:04:02.707+0000] {logging_mixin.py:188} INFO - [2025-12-11T23:04:02.707+0000] {dag.py:3954} INFO - Setting next_dagrun for dataset_consumes_unknown_never_scheduled to None, run_after=None
[2025-12-11T23:04:02.713+0000] {logging_mixin.py:188} INFO - [2025-12-11T23:04:02.713+0000] {dag.py:3954} INFO - Setting next_dagrun for dataset_produces_1 to 2025-12-10 00:00:00+00:00, run_after=2025-12-11 00:00:00+00:00
[2025-12-11T23:04:02.715+0000] {logging_mixin.py:188} INFO - [2025-12-11T23:04:02.714+0000] {dag.py:3954} INFO - Setting next_dagrun for dataset_produces_2 to None, run_after=None
[2025-12-11T23:04:02.774+0000] {processor.py:183} INFO - Processing /home/airflow/.local/lib/python3.9/site-packages/airflow/example_dags/example_datasets.py took 0.370 seconds
[2025-12-11T23:04:33.693+0000] {processor.py:161} INFO - Started process (PID=1689) to work on /home/airflow/.local/lib/python3.9/site-packages/airflow/example_dags/example_datasets.py
[2025-12-11T23:04:33.694+0000] {processor.py:830} INFO - Processing file /home/airflow/.local/lib/python3.9/site-packages/airflow/example_dags/example_datasets.py for tasks to queue
[2025-12-11T23:04:33.711+0000] {logging_mixin.py:188} INFO - [2025-12-11T23:04:33.711+0000] {dagbag.py:545} INFO - Filling up the DagBag from /home/airflow/.local/lib/python3.9/site-packages/airflow/example_dags/example_datasets.py
[2025-12-11T23:04:33.759+0000] {processor.py:840} INFO - DAG(s) 'dataset_produces_1', 'dataset_produces_2', 'dataset_consumes_1_never_scheduled', 'dataset_consumes_unknown_never_scheduled', 'dataset_consumes_1_and_2', 'consume_1_and_2_with_dataset_expressions', 'conditional_dataset_and_time_based_timetable', 'dataset_consumes_1', 'consume_1_or_2_with_dataset_expressions', 'consume_1_or_both_2_and_3_with_dataset_expressions' retrieved from /home/airflow/.local/lib/python3.9/site-packages/airflow/example_dags/example_datasets.py
[2025-12-11T23:04:33.899+0000] {logging_mixin.py:188} INFO - [2025-12-11T23:04:33.899+0000] {dag.py:3096} INFO - Sync 10 DAGs
[2025-12-11T23:04:33.975+0000] {logging_mixin.py:188} INFO - [2025-12-11T23:04:33.975+0000] {dag.py:3954} INFO - Setting next_dagrun for conditional_dataset_and_time_based_timetable to 2025-12-10 01:00:00+00:00, run_after=2025-12-10 01:00:00+00:00
[2025-12-11T23:04:33.984+0000] {logging_mixin.py:188} INFO - [2025-12-11T23:04:33.983+0000] {dag.py:3954} INFO - Setting next_dagrun for consume_1_and_2_with_dataset_expressions to None, run_after=None
[2025-12-11T23:04:33.993+0000] {logging_mixin.py:188} INFO - [2025-12-11T23:04:33.986+0000] {dag.py:3954} INFO - Setting next_dagrun for consume_1_or_2_with_dataset_expressions to None, run_after=None
[2025-12-11T23:04:33.996+0000] {logging_mixin.py:188} INFO - [2025-12-11T23:04:33.996+0000] {dag.py:3954} INFO - Setting next_dagrun for consume_1_or_both_2_and_3_with_dataset_expressions to None, run_after=None
[2025-12-11T23:04:33.999+0000] {logging_mixin.py:188} INFO - [2025-12-11T23:04:33.999+0000] {dag.py:3954} INFO - Setting next_dagrun for dataset_consumes_1 to None, run_after=None
[2025-12-11T23:04:34.001+0000] {logging_mixin.py:188} INFO - [2025-12-11T23:04:34.001+0000] {dag.py:3954} INFO - Setting next_dagrun for dataset_consumes_1_and_2 to None, run_after=None
[2025-12-11T23:04:34.013+0000] {logging_mixin.py:188} INFO - [2025-12-11T23:04:34.012+0000] {dag.py:3954} INFO - Setting next_dagrun for dataset_consumes_1_never_scheduled to None, run_after=None
[2025-12-11T23:04:34.017+0000] {logging_mixin.py:188} INFO - [2025-12-11T23:04:34.016+0000] {dag.py:3954} INFO - Setting next_dagrun for dataset_consumes_unknown_never_scheduled to None, run_after=None
[2025-12-11T23:04:34.022+0000] {logging_mixin.py:188} INFO - [2025-12-11T23:04:34.022+0000] {dag.py:3954} INFO - Setting next_dagrun for dataset_produces_1 to 2025-12-10 00:00:00+00:00, run_after=2025-12-11 00:00:00+00:00
[2025-12-11T23:04:34.031+0000] {logging_mixin.py:188} INFO - [2025-12-11T23:04:34.031+0000] {dag.py:3954} INFO - Setting next_dagrun for dataset_produces_2 to None, run_after=None
[2025-12-11T23:04:34.126+0000] {processor.py:183} INFO - Processing /home/airflow/.local/lib/python3.9/site-packages/airflow/example_dags/example_datasets.py took 0.452 seconds
[2025-12-11T23:05:04.434+0000] {processor.py:161} INFO - Started process (PID=1761) to work on /home/airflow/.local/lib/python3.9/site-packages/airflow/example_dags/example_datasets.py
[2025-12-11T23:05:04.436+0000] {processor.py:830} INFO - Processing file /home/airflow/.local/lib/python3.9/site-packages/airflow/example_dags/example_datasets.py for tasks to queue
[2025-12-11T23:05:04.439+0000] {logging_mixin.py:188} INFO - [2025-12-11T23:05:04.438+0000] {dagbag.py:545} INFO - Filling up the DagBag from /home/airflow/.local/lib/python3.9/site-packages/airflow/example_dags/example_datasets.py
[2025-12-11T23:05:04.472+0000] {processor.py:840} INFO - DAG(s) 'consume_1_and_2_with_dataset_expressions', 'dataset_consumes_1_never_scheduled', 'dataset_consumes_1_and_2', 'dataset_consumes_1', 'dataset_consumes_unknown_never_scheduled', 'conditional_dataset_and_time_based_timetable', 'dataset_produces_2', 'consume_1_or_both_2_and_3_with_dataset_expressions', 'dataset_produces_1', 'consume_1_or_2_with_dataset_expressions' retrieved from /home/airflow/.local/lib/python3.9/site-packages/airflow/example_dags/example_datasets.py
[2025-12-11T23:05:04.612+0000] {logging_mixin.py:188} INFO - [2025-12-11T23:05:04.611+0000] {dag.py:3096} INFO - Sync 10 DAGs
[2025-12-11T23:05:04.680+0000] {logging_mixin.py:188} INFO - [2025-12-11T23:05:04.680+0000] {dag.py:3954} INFO - Setting next_dagrun for conditional_dataset_and_time_based_timetable to 2025-12-10 01:00:00+00:00, run_after=2025-12-10 01:00:00+00:00
[2025-12-11T23:05:04.692+0000] {logging_mixin.py:188} INFO - [2025-12-11T23:05:04.692+0000] {dag.py:3954} INFO - Setting next_dagrun for consume_1_and_2_with_dataset_expressions to None, run_after=None
[2025-12-11T23:05:04.695+0000] {logging_mixin.py:188} INFO - [2025-12-11T23:05:04.694+0000] {dag.py:3954} INFO - Setting next_dagrun for consume_1_or_2_with_dataset_expressions to None, run_after=None
[2025-12-11T23:05:04.696+0000] {logging_mixin.py:188} INFO - [2025-12-11T23:05:04.696+0000] {dag.py:3954} INFO - Setting next_dagrun for consume_1_or_both_2_and_3_with_dataset_expressions to None, run_after=None
[2025-12-11T23:05:04.698+0000] {logging_mixin.py:188} INFO - [2025-12-11T23:05:04.698+0000] {dag.py:3954} INFO - Setting next_dagrun for dataset_consumes_1 to None, run_after=None
[2025-12-11T23:05:04.699+0000] {logging_mixin.py:188} INFO - [2025-12-11T23:05:04.699+0000] {dag.py:3954} INFO - Setting next_dagrun for dataset_consumes_1_and_2 to None, run_after=None
[2025-12-11T23:05:04.710+0000] {logging_mixin.py:188} INFO - [2025-12-11T23:05:04.709+0000] {dag.py:3954} INFO - Setting next_dagrun for dataset_consumes_1_never_scheduled to None, run_after=None
[2025-12-11T23:05:04.712+0000] {logging_mixin.py:188} INFO - [2025-12-11T23:05:04.711+0000] {dag.py:3954} INFO - Setting next_dagrun for dataset_consumes_unknown_never_scheduled to None, run_after=None
[2025-12-11T23:05:04.715+0000] {logging_mixin.py:188} INFO - [2025-12-11T23:05:04.715+0000] {dag.py:3954} INFO - Setting next_dagrun for dataset_produces_1 to 2025-12-10 00:00:00+00:00, run_after=2025-12-11 00:00:00+00:00
[2025-12-11T23:05:04.717+0000] {logging_mixin.py:188} INFO - [2025-12-11T23:05:04.716+0000] {dag.py:3954} INFO - Setting next_dagrun for dataset_produces_2 to None, run_after=None
[2025-12-11T23:05:04.819+0000] {processor.py:183} INFO - Processing /home/airflow/.local/lib/python3.9/site-packages/airflow/example_dags/example_datasets.py took 0.402 seconds
[2025-12-11T23:05:35.172+0000] {processor.py:161} INFO - Started process (PID=1840) to work on /home/airflow/.local/lib/python3.9/site-packages/airflow/example_dags/example_datasets.py
[2025-12-11T23:05:35.175+0000] {processor.py:830} INFO - Processing file /home/airflow/.local/lib/python3.9/site-packages/airflow/example_dags/example_datasets.py for tasks to queue
[2025-12-11T23:05:35.190+0000] {logging_mixin.py:188} INFO - [2025-12-11T23:05:35.178+0000] {dagbag.py:545} INFO - Filling up the DagBag from /home/airflow/.local/lib/python3.9/site-packages/airflow/example_dags/example_datasets.py
[2025-12-11T23:05:35.229+0000] {processor.py:840} INFO - DAG(s) 'dataset_produces_2', 'conditional_dataset_and_time_based_timetable', 'consume_1_and_2_with_dataset_expressions', 'dataset_consumes_1', 'consume_1_or_2_with_dataset_expressions', 'dataset_consumes_unknown_never_scheduled', 'dataset_produces_1', 'consume_1_or_both_2_and_3_with_dataset_expressions', 'dataset_consumes_1_never_scheduled', 'dataset_consumes_1_and_2' retrieved from /home/airflow/.local/lib/python3.9/site-packages/airflow/example_dags/example_datasets.py
[2025-12-11T23:05:35.399+0000] {logging_mixin.py:188} INFO - [2025-12-11T23:05:35.398+0000] {dag.py:3096} INFO - Sync 10 DAGs
[2025-12-11T23:05:35.511+0000] {logging_mixin.py:188} INFO - [2025-12-11T23:05:35.511+0000] {dag.py:3954} INFO - Setting next_dagrun for conditional_dataset_and_time_based_timetable to 2025-12-10 01:00:00+00:00, run_after=2025-12-10 01:00:00+00:00
[2025-12-11T23:05:35.518+0000] {logging_mixin.py:188} INFO - [2025-12-11T23:05:35.518+0000] {dag.py:3954} INFO - Setting next_dagrun for consume_1_and_2_with_dataset_expressions to None, run_after=None
[2025-12-11T23:05:35.520+0000] {logging_mixin.py:188} INFO - [2025-12-11T23:05:35.520+0000] {dag.py:3954} INFO - Setting next_dagrun for consume_1_or_2_with_dataset_expressions to None, run_after=None
[2025-12-11T23:05:35.522+0000] {logging_mixin.py:188} INFO - [2025-12-11T23:05:35.522+0000] {dag.py:3954} INFO - Setting next_dagrun for consume_1_or_both_2_and_3_with_dataset_expressions to None, run_after=None
[2025-12-11T23:05:35.524+0000] {logging_mixin.py:188} INFO - [2025-12-11T23:05:35.523+0000] {dag.py:3954} INFO - Setting next_dagrun for dataset_consumes_1 to None, run_after=None
[2025-12-11T23:05:35.525+0000] {logging_mixin.py:188} INFO - [2025-12-11T23:05:35.525+0000] {dag.py:3954} INFO - Setting next_dagrun for dataset_consumes_1_and_2 to None, run_after=None
[2025-12-11T23:05:35.530+0000] {logging_mixin.py:188} INFO - [2025-12-11T23:05:35.529+0000] {dag.py:3954} INFO - Setting next_dagrun for dataset_consumes_1_never_scheduled to None, run_after=None
[2025-12-11T23:05:35.533+0000] {logging_mixin.py:188} INFO - [2025-12-11T23:05:35.533+0000] {dag.py:3954} INFO - Setting next_dagrun for dataset_consumes_unknown_never_scheduled to None, run_after=None
[2025-12-11T23:05:35.537+0000] {logging_mixin.py:188} INFO - [2025-12-11T23:05:35.536+0000] {dag.py:3954} INFO - Setting next_dagrun for dataset_produces_1 to 2025-12-10 00:00:00+00:00, run_after=2025-12-11 00:00:00+00:00
[2025-12-11T23:05:35.538+0000] {logging_mixin.py:188} INFO - [2025-12-11T23:05:35.538+0000] {dag.py:3954} INFO - Setting next_dagrun for dataset_produces_2 to None, run_after=None
[2025-12-11T23:05:35.591+0000] {processor.py:183} INFO - Processing /home/airflow/.local/lib/python3.9/site-packages/airflow/example_dags/example_datasets.py took 0.440 seconds
[2025-12-11T23:06:05.880+0000] {processor.py:161} INFO - Started process (PID=1910) to work on /home/airflow/.local/lib/python3.9/site-packages/airflow/example_dags/example_datasets.py
[2025-12-11T23:06:05.885+0000] {processor.py:830} INFO - Processing file /home/airflow/.local/lib/python3.9/site-packages/airflow/example_dags/example_datasets.py for tasks to queue
[2025-12-11T23:06:05.892+0000] {logging_mixin.py:188} INFO - [2025-12-11T23:06:05.891+0000] {dagbag.py:545} INFO - Filling up the DagBag from /home/airflow/.local/lib/python3.9/site-packages/airflow/example_dags/example_datasets.py
[2025-12-11T23:06:05.913+0000] {processor.py:840} INFO - DAG(s) 'dataset_consumes_1_and_2', 'consume_1_or_both_2_and_3_with_dataset_expressions', 'conditional_dataset_and_time_based_timetable', 'dataset_produces_2', 'dataset_consumes_1_never_scheduled', 'consume_1_and_2_with_dataset_expressions', 'dataset_consumes_1', 'consume_1_or_2_with_dataset_expressions', 'dataset_consumes_unknown_never_scheduled', 'dataset_produces_1' retrieved from /home/airflow/.local/lib/python3.9/site-packages/airflow/example_dags/example_datasets.py
[2025-12-11T23:06:06.000+0000] {logging_mixin.py:188} INFO - [2025-12-11T23:06:06.000+0000] {dag.py:3096} INFO - Sync 10 DAGs
[2025-12-11T23:06:06.049+0000] {logging_mixin.py:188} INFO - [2025-12-11T23:06:06.049+0000] {dag.py:3954} INFO - Setting next_dagrun for conditional_dataset_and_time_based_timetable to 2025-12-10 01:00:00+00:00, run_after=2025-12-10 01:00:00+00:00
[2025-12-11T23:06:06.055+0000] {logging_mixin.py:188} INFO - [2025-12-11T23:06:06.055+0000] {dag.py:3954} INFO - Setting next_dagrun for consume_1_and_2_with_dataset_expressions to None, run_after=None
[2025-12-11T23:06:06.057+0000] {logging_mixin.py:188} INFO - [2025-12-11T23:06:06.057+0000] {dag.py:3954} INFO - Setting next_dagrun for consume_1_or_2_with_dataset_expressions to None, run_after=None
[2025-12-11T23:06:06.059+0000] {logging_mixin.py:188} INFO - [2025-12-11T23:06:06.058+0000] {dag.py:3954} INFO - Setting next_dagrun for consume_1_or_both_2_and_3_with_dataset_expressions to None, run_after=None
[2025-12-11T23:06:06.060+0000] {logging_mixin.py:188} INFO - [2025-12-11T23:06:06.060+0000] {dag.py:3954} INFO - Setting next_dagrun for dataset_consumes_1 to None, run_after=None
[2025-12-11T23:06:06.061+0000] {logging_mixin.py:188} INFO - [2025-12-11T23:06:06.061+0000] {dag.py:3954} INFO - Setting next_dagrun for dataset_consumes_1_and_2 to None, run_after=None
[2025-12-11T23:06:06.063+0000] {logging_mixin.py:188} INFO - [2025-12-11T23:06:06.063+0000] {dag.py:3954} INFO - Setting next_dagrun for dataset_consumes_1_never_scheduled to None, run_after=None
[2025-12-11T23:06:06.065+0000] {logging_mixin.py:188} INFO - [2025-12-11T23:06:06.064+0000] {dag.py:3954} INFO - Setting next_dagrun for dataset_consumes_unknown_never_scheduled to None, run_after=None
[2025-12-11T23:06:06.068+0000] {logging_mixin.py:188} INFO - [2025-12-11T23:06:06.068+0000] {dag.py:3954} INFO - Setting next_dagrun for dataset_produces_1 to 2025-12-10 00:00:00+00:00, run_after=2025-12-11 00:00:00+00:00
[2025-12-11T23:06:06.069+0000] {logging_mixin.py:188} INFO - [2025-12-11T23:06:06.069+0000] {dag.py:3954} INFO - Setting next_dagrun for dataset_produces_2 to None, run_after=None
[2025-12-11T23:06:06.142+0000] {processor.py:183} INFO - Processing /home/airflow/.local/lib/python3.9/site-packages/airflow/example_dags/example_datasets.py took 0.273 seconds
[2025-12-11T23:06:36.360+0000] {processor.py:161} INFO - Started process (PID=1978) to work on /home/airflow/.local/lib/python3.9/site-packages/airflow/example_dags/example_datasets.py
[2025-12-11T23:06:36.362+0000] {processor.py:830} INFO - Processing file /home/airflow/.local/lib/python3.9/site-packages/airflow/example_dags/example_datasets.py for tasks to queue
[2025-12-11T23:06:36.365+0000] {logging_mixin.py:188} INFO - [2025-12-11T23:06:36.364+0000] {dagbag.py:545} INFO - Filling up the DagBag from /home/airflow/.local/lib/python3.9/site-packages/airflow/example_dags/example_datasets.py
[2025-12-11T23:06:36.386+0000] {processor.py:840} INFO - DAG(s) 'consume_1_or_2_with_dataset_expressions', 'dataset_consumes_1', 'dataset_produces_1', 'dataset_consumes_1_never_scheduled', 'dataset_consumes_unknown_never_scheduled', 'conditional_dataset_and_time_based_timetable', 'consume_1_and_2_with_dataset_expressions', 'dataset_produces_2', 'consume_1_or_both_2_and_3_with_dataset_expressions', 'dataset_consumes_1_and_2' retrieved from /home/airflow/.local/lib/python3.9/site-packages/airflow/example_dags/example_datasets.py
[2025-12-11T23:06:36.479+0000] {logging_mixin.py:188} INFO - [2025-12-11T23:06:36.478+0000] {dag.py:3096} INFO - Sync 10 DAGs
[2025-12-11T23:06:36.535+0000] {logging_mixin.py:188} INFO - [2025-12-11T23:06:36.535+0000] {dag.py:3954} INFO - Setting next_dagrun for conditional_dataset_and_time_based_timetable to 2025-12-10 01:00:00+00:00, run_after=2025-12-10 01:00:00+00:00
[2025-12-11T23:06:36.543+0000] {logging_mixin.py:188} INFO - [2025-12-11T23:06:36.543+0000] {dag.py:3954} INFO - Setting next_dagrun for consume_1_and_2_with_dataset_expressions to None, run_after=None
[2025-12-11T23:06:36.546+0000] {logging_mixin.py:188} INFO - [2025-12-11T23:06:36.545+0000] {dag.py:3954} INFO - Setting next_dagrun for consume_1_or_2_with_dataset_expressions to None, run_after=None
[2025-12-11T23:06:36.549+0000] {logging_mixin.py:188} INFO - [2025-12-11T23:06:36.548+0000] {dag.py:3954} INFO - Setting next_dagrun for consume_1_or_both_2_and_3_with_dataset_expressions to None, run_after=None
[2025-12-11T23:06:36.553+0000] {logging_mixin.py:188} INFO - [2025-12-11T23:06:36.553+0000] {dag.py:3954} INFO - Setting next_dagrun for dataset_consumes_1 to None, run_after=None
[2025-12-11T23:06:36.555+0000] {logging_mixin.py:188} INFO - [2025-12-11T23:06:36.555+0000] {dag.py:3954} INFO - Setting next_dagrun for dataset_consumes_1_and_2 to None, run_after=None
[2025-12-11T23:06:36.557+0000] {logging_mixin.py:188} INFO - [2025-12-11T23:06:36.557+0000] {dag.py:3954} INFO - Setting next_dagrun for dataset_consumes_1_never_scheduled to None, run_after=None
[2025-12-11T23:06:36.559+0000] {logging_mixin.py:188} INFO - [2025-12-11T23:06:36.559+0000] {dag.py:3954} INFO - Setting next_dagrun for dataset_consumes_unknown_never_scheduled to None, run_after=None
[2025-12-11T23:06:36.563+0000] {logging_mixin.py:188} INFO - [2025-12-11T23:06:36.563+0000] {dag.py:3954} INFO - Setting next_dagrun for dataset_produces_1 to 2025-12-10 00:00:00+00:00, run_after=2025-12-11 00:00:00+00:00
[2025-12-11T23:06:36.567+0000] {logging_mixin.py:188} INFO - [2025-12-11T23:06:36.566+0000] {dag.py:3954} INFO - Setting next_dagrun for dataset_produces_2 to None, run_after=None
[2025-12-11T23:06:36.632+0000] {processor.py:183} INFO - Processing /home/airflow/.local/lib/python3.9/site-packages/airflow/example_dags/example_datasets.py took 0.286 seconds
[2025-12-11T23:07:07.333+0000] {processor.py:161} INFO - Started process (PID=2050) to work on /home/airflow/.local/lib/python3.9/site-packages/airflow/example_dags/example_datasets.py
[2025-12-11T23:07:07.335+0000] {processor.py:830} INFO - Processing file /home/airflow/.local/lib/python3.9/site-packages/airflow/example_dags/example_datasets.py for tasks to queue
[2025-12-11T23:07:07.339+0000] {logging_mixin.py:188} INFO - [2025-12-11T23:07:07.338+0000] {dagbag.py:545} INFO - Filling up the DagBag from /home/airflow/.local/lib/python3.9/site-packages/airflow/example_dags/example_datasets.py
[2025-12-11T23:07:07.362+0000] {processor.py:840} INFO - DAG(s) 'dataset_produces_2', 'dataset_consumes_1_never_scheduled', 'dataset_consumes_unknown_never_scheduled', 'consume_1_and_2_with_dataset_expressions', 'dataset_consumes_1_and_2', 'conditional_dataset_and_time_based_timetable', 'dataset_consumes_1', 'consume_1_or_2_with_dataset_expressions', 'dataset_produces_1', 'consume_1_or_both_2_and_3_with_dataset_expressions' retrieved from /home/airflow/.local/lib/python3.9/site-packages/airflow/example_dags/example_datasets.py
[2025-12-11T23:07:07.453+0000] {logging_mixin.py:188} INFO - [2025-12-11T23:07:07.453+0000] {dag.py:3096} INFO - Sync 10 DAGs
[2025-12-11T23:07:07.500+0000] {logging_mixin.py:188} INFO - [2025-12-11T23:07:07.499+0000] {dag.py:3954} INFO - Setting next_dagrun for conditional_dataset_and_time_based_timetable to 2025-12-10 01:00:00+00:00, run_after=2025-12-10 01:00:00+00:00
[2025-12-11T23:07:07.507+0000] {logging_mixin.py:188} INFO - [2025-12-11T23:07:07.507+0000] {dag.py:3954} INFO - Setting next_dagrun for consume_1_and_2_with_dataset_expressions to None, run_after=None
[2025-12-11T23:07:07.510+0000] {logging_mixin.py:188} INFO - [2025-12-11T23:07:07.510+0000] {dag.py:3954} INFO - Setting next_dagrun for consume_1_or_2_with_dataset_expressions to None, run_after=None
[2025-12-11T23:07:07.513+0000] {logging_mixin.py:188} INFO - [2025-12-11T23:07:07.512+0000] {dag.py:3954} INFO - Setting next_dagrun for consume_1_or_both_2_and_3_with_dataset_expressions to None, run_after=None
[2025-12-11T23:07:07.515+0000] {logging_mixin.py:188} INFO - [2025-12-11T23:07:07.514+0000] {dag.py:3954} INFO - Setting next_dagrun for dataset_consumes_1 to None, run_after=None
[2025-12-11T23:07:07.517+0000] {logging_mixin.py:188} INFO - [2025-12-11T23:07:07.516+0000] {dag.py:3954} INFO - Setting next_dagrun for dataset_consumes_1_and_2 to None, run_after=None
[2025-12-11T23:07:07.518+0000] {logging_mixin.py:188} INFO - [2025-12-11T23:07:07.518+0000] {dag.py:3954} INFO - Setting next_dagrun for dataset_consumes_1_never_scheduled to None, run_after=None
[2025-12-11T23:07:07.521+0000] {logging_mixin.py:188} INFO - [2025-12-11T23:07:07.520+0000] {dag.py:3954} INFO - Setting next_dagrun for dataset_consumes_unknown_never_scheduled to None, run_after=None
[2025-12-11T23:07:07.525+0000] {logging_mixin.py:188} INFO - [2025-12-11T23:07:07.525+0000] {dag.py:3954} INFO - Setting next_dagrun for dataset_produces_1 to 2025-12-10 00:00:00+00:00, run_after=2025-12-11 00:00:00+00:00
[2025-12-11T23:07:07.527+0000] {logging_mixin.py:188} INFO - [2025-12-11T23:07:07.527+0000] {dag.py:3954} INFO - Setting next_dagrun for dataset_produces_2 to None, run_after=None
[2025-12-11T23:07:07.598+0000] {processor.py:183} INFO - Processing /home/airflow/.local/lib/python3.9/site-packages/airflow/example_dags/example_datasets.py took 0.277 seconds
[2025-12-11T23:07:37.795+0000] {processor.py:161} INFO - Started process (PID=2120) to work on /home/airflow/.local/lib/python3.9/site-packages/airflow/example_dags/example_datasets.py
[2025-12-11T23:07:37.856+0000] {processor.py:830} INFO - Processing file /home/airflow/.local/lib/python3.9/site-packages/airflow/example_dags/example_datasets.py for tasks to queue
[2025-12-11T23:07:37.860+0000] {logging_mixin.py:188} INFO - [2025-12-11T23:07:37.860+0000] {dagbag.py:545} INFO - Filling up the DagBag from /home/airflow/.local/lib/python3.9/site-packages/airflow/example_dags/example_datasets.py
[2025-12-11T23:07:37.890+0000] {processor.py:840} INFO - DAG(s) 'dataset_consumes_1_never_scheduled', 'dataset_consumes_unknown_never_scheduled', 'dataset_produces_2', 'conditional_dataset_and_time_based_timetable', 'dataset_produces_1', 'dataset_consumes_1', 'dataset_consumes_1_and_2', 'consume_1_or_both_2_and_3_with_dataset_expressions', 'consume_1_and_2_with_dataset_expressions', 'consume_1_or_2_with_dataset_expressions' retrieved from /home/airflow/.local/lib/python3.9/site-packages/airflow/example_dags/example_datasets.py
[2025-12-11T23:07:38.000+0000] {logging_mixin.py:188} INFO - [2025-12-11T23:07:37.999+0000] {dag.py:3096} INFO - Sync 10 DAGs
[2025-12-11T23:07:38.059+0000] {logging_mixin.py:188} INFO - [2025-12-11T23:07:38.058+0000] {dag.py:3954} INFO - Setting next_dagrun for conditional_dataset_and_time_based_timetable to 2025-12-10 01:00:00+00:00, run_after=2025-12-10 01:00:00+00:00
[2025-12-11T23:07:38.067+0000] {logging_mixin.py:188} INFO - [2025-12-11T23:07:38.067+0000] {dag.py:3954} INFO - Setting next_dagrun for consume_1_and_2_with_dataset_expressions to None, run_after=None
[2025-12-11T23:07:38.069+0000] {logging_mixin.py:188} INFO - [2025-12-11T23:07:38.069+0000] {dag.py:3954} INFO - Setting next_dagrun for consume_1_or_2_with_dataset_expressions to None, run_after=None
[2025-12-11T23:07:38.071+0000] {logging_mixin.py:188} INFO - [2025-12-11T23:07:38.071+0000] {dag.py:3954} INFO - Setting next_dagrun for consume_1_or_both_2_and_3_with_dataset_expressions to None, run_after=None
[2025-12-11T23:07:38.072+0000] {logging_mixin.py:188} INFO - [2025-12-11T23:07:38.072+0000] {dag.py:3954} INFO - Setting next_dagrun for dataset_consumes_1 to None, run_after=None
[2025-12-11T23:07:38.074+0000] {logging_mixin.py:188} INFO - [2025-12-11T23:07:38.074+0000] {dag.py:3954} INFO - Setting next_dagrun for dataset_consumes_1_and_2 to None, run_after=None
[2025-12-11T23:07:38.075+0000] {logging_mixin.py:188} INFO - [2025-12-11T23:07:38.075+0000] {dag.py:3954} INFO - Setting next_dagrun for dataset_consumes_1_never_scheduled to None, run_after=None
[2025-12-11T23:07:38.077+0000] {logging_mixin.py:188} INFO - [2025-12-11T23:07:38.077+0000] {dag.py:3954} INFO - Setting next_dagrun for dataset_consumes_unknown_never_scheduled to None, run_after=None
[2025-12-11T23:07:38.081+0000] {logging_mixin.py:188} INFO - [2025-12-11T23:07:38.080+0000] {dag.py:3954} INFO - Setting next_dagrun for dataset_produces_1 to 2025-12-10 00:00:00+00:00, run_after=2025-12-11 00:00:00+00:00
[2025-12-11T23:07:38.082+0000] {logging_mixin.py:188} INFO - [2025-12-11T23:07:38.082+0000] {dag.py:3954} INFO - Setting next_dagrun for dataset_produces_2 to None, run_after=None
[2025-12-11T23:07:38.162+0000] {processor.py:183} INFO - Processing /home/airflow/.local/lib/python3.9/site-packages/airflow/example_dags/example_datasets.py took 0.378 seconds
[2025-12-11T23:08:09.053+0000] {processor.py:161} INFO - Started process (PID=2193) to work on /home/airflow/.local/lib/python3.9/site-packages/airflow/example_dags/example_datasets.py
[2025-12-11T23:08:09.068+0000] {processor.py:830} INFO - Processing file /home/airflow/.local/lib/python3.9/site-packages/airflow/example_dags/example_datasets.py for tasks to queue
[2025-12-11T23:08:09.072+0000] {logging_mixin.py:188} INFO - [2025-12-11T23:08:09.072+0000] {dagbag.py:545} INFO - Filling up the DagBag from /home/airflow/.local/lib/python3.9/site-packages/airflow/example_dags/example_datasets.py
[2025-12-11T23:08:09.100+0000] {processor.py:840} INFO - DAG(s) 'consume_1_and_2_with_dataset_expressions', 'dataset_consumes_1', 'dataset_consumes_1_never_scheduled', 'dataset_consumes_1_and_2', 'conditional_dataset_and_time_based_timetable', 'consume_1_or_2_with_dataset_expressions', 'dataset_produces_2', 'dataset_consumes_unknown_never_scheduled', 'dataset_produces_1', 'consume_1_or_both_2_and_3_with_dataset_expressions' retrieved from /home/airflow/.local/lib/python3.9/site-packages/airflow/example_dags/example_datasets.py
[2025-12-11T23:08:09.216+0000] {logging_mixin.py:188} INFO - [2025-12-11T23:08:09.215+0000] {dag.py:3096} INFO - Sync 10 DAGs
[2025-12-11T23:08:09.546+0000] {logging_mixin.py:188} INFO - [2025-12-11T23:08:09.546+0000] {dag.py:3954} INFO - Setting next_dagrun for conditional_dataset_and_time_based_timetable to 2025-12-10 01:00:00+00:00, run_after=2025-12-10 01:00:00+00:00
[2025-12-11T23:08:09.551+0000] {logging_mixin.py:188} INFO - [2025-12-11T23:08:09.551+0000] {dag.py:3954} INFO - Setting next_dagrun for consume_1_and_2_with_dataset_expressions to None, run_after=None
[2025-12-11T23:08:09.553+0000] {logging_mixin.py:188} INFO - [2025-12-11T23:08:09.553+0000] {dag.py:3954} INFO - Setting next_dagrun for consume_1_or_2_with_dataset_expressions to None, run_after=None
[2025-12-11T23:08:09.555+0000] {logging_mixin.py:188} INFO - [2025-12-11T23:08:09.555+0000] {dag.py:3954} INFO - Setting next_dagrun for consume_1_or_both_2_and_3_with_dataset_expressions to None, run_after=None
[2025-12-11T23:08:09.557+0000] {logging_mixin.py:188} INFO - [2025-12-11T23:08:09.557+0000] {dag.py:3954} INFO - Setting next_dagrun for dataset_consumes_1 to None, run_after=None
[2025-12-11T23:08:09.559+0000] {logging_mixin.py:188} INFO - [2025-12-11T23:08:09.559+0000] {dag.py:3954} INFO - Setting next_dagrun for dataset_consumes_1_and_2 to None, run_after=None
[2025-12-11T23:08:09.561+0000] {logging_mixin.py:188} INFO - [2025-12-11T23:08:09.561+0000] {dag.py:3954} INFO - Setting next_dagrun for dataset_consumes_1_never_scheduled to None, run_after=None
[2025-12-11T23:08:09.563+0000] {logging_mixin.py:188} INFO - [2025-12-11T23:08:09.563+0000] {dag.py:3954} INFO - Setting next_dagrun for dataset_consumes_unknown_never_scheduled to None, run_after=None
[2025-12-11T23:08:09.568+0000] {logging_mixin.py:188} INFO - [2025-12-11T23:08:09.567+0000] {dag.py:3954} INFO - Setting next_dagrun for dataset_produces_1 to 2025-12-10 00:00:00+00:00, run_after=2025-12-11 00:00:00+00:00
[2025-12-11T23:08:09.570+0000] {logging_mixin.py:188} INFO - [2025-12-11T23:08:09.569+0000] {dag.py:3954} INFO - Setting next_dagrun for dataset_produces_2 to None, run_after=None
[2025-12-11T23:08:09.659+0000] {processor.py:183} INFO - Processing /home/airflow/.local/lib/python3.9/site-packages/airflow/example_dags/example_datasets.py took 0.620 seconds
[2025-12-11T23:08:40.065+0000] {processor.py:161} INFO - Started process (PID=2262) to work on /home/airflow/.local/lib/python3.9/site-packages/airflow/example_dags/example_datasets.py
[2025-12-11T23:08:40.109+0000] {processor.py:830} INFO - Processing file /home/airflow/.local/lib/python3.9/site-packages/airflow/example_dags/example_datasets.py for tasks to queue
[2025-12-11T23:08:40.112+0000] {logging_mixin.py:188} INFO - [2025-12-11T23:08:40.112+0000] {dagbag.py:545} INFO - Filling up the DagBag from /home/airflow/.local/lib/python3.9/site-packages/airflow/example_dags/example_datasets.py
[2025-12-11T23:08:40.160+0000] {processor.py:840} INFO - DAG(s) 'dataset_consumes_1_never_scheduled', 'dataset_produces_1', 'consume_1_or_both_2_and_3_with_dataset_expressions', 'dataset_consumes_1_and_2', 'dataset_consumes_1', 'consume_1_or_2_with_dataset_expressions', 'conditional_dataset_and_time_based_timetable', 'dataset_consumes_unknown_never_scheduled', 'dataset_produces_2', 'consume_1_and_2_with_dataset_expressions' retrieved from /home/airflow/.local/lib/python3.9/site-packages/airflow/example_dags/example_datasets.py
[2025-12-11T23:08:40.245+0000] {logging_mixin.py:188} INFO - [2025-12-11T23:08:40.245+0000] {dag.py:3096} INFO - Sync 10 DAGs
[2025-12-11T23:08:40.283+0000] {logging_mixin.py:188} INFO - [2025-12-11T23:08:40.282+0000] {dag.py:3954} INFO - Setting next_dagrun for conditional_dataset_and_time_based_timetable to 2025-12-10 01:00:00+00:00, run_after=2025-12-10 01:00:00+00:00
[2025-12-11T23:08:40.288+0000] {logging_mixin.py:188} INFO - [2025-12-11T23:08:40.287+0000] {dag.py:3954} INFO - Setting next_dagrun for consume_1_and_2_with_dataset_expressions to None, run_after=None
[2025-12-11T23:08:40.290+0000] {logging_mixin.py:188} INFO - [2025-12-11T23:08:40.289+0000] {dag.py:3954} INFO - Setting next_dagrun for consume_1_or_2_with_dataset_expressions to None, run_after=None
[2025-12-11T23:08:40.292+0000] {logging_mixin.py:188} INFO - [2025-12-11T23:08:40.291+0000] {dag.py:3954} INFO - Setting next_dagrun for consume_1_or_both_2_and_3_with_dataset_expressions to None, run_after=None
[2025-12-11T23:08:40.293+0000] {logging_mixin.py:188} INFO - [2025-12-11T23:08:40.293+0000] {dag.py:3954} INFO - Setting next_dagrun for dataset_consumes_1 to None, run_after=None
[2025-12-11T23:08:40.294+0000] {logging_mixin.py:188} INFO - [2025-12-11T23:08:40.294+0000] {dag.py:3954} INFO - Setting next_dagrun for dataset_consumes_1_and_2 to None, run_after=None
[2025-12-11T23:08:40.296+0000] {logging_mixin.py:188} INFO - [2025-12-11T23:08:40.295+0000] {dag.py:3954} INFO - Setting next_dagrun for dataset_consumes_1_never_scheduled to None, run_after=None
[2025-12-11T23:08:40.297+0000] {logging_mixin.py:188} INFO - [2025-12-11T23:08:40.297+0000] {dag.py:3954} INFO - Setting next_dagrun for dataset_consumes_unknown_never_scheduled to None, run_after=None
[2025-12-11T23:08:40.300+0000] {logging_mixin.py:188} INFO - [2025-12-11T23:08:40.300+0000] {dag.py:3954} INFO - Setting next_dagrun for dataset_produces_1 to 2025-12-10 00:00:00+00:00, run_after=2025-12-11 00:00:00+00:00
[2025-12-11T23:08:40.301+0000] {logging_mixin.py:188} INFO - [2025-12-11T23:08:40.301+0000] {dag.py:3954} INFO - Setting next_dagrun for dataset_produces_2 to None, run_after=None
[2025-12-11T23:08:40.426+0000] {processor.py:183} INFO - Processing /home/airflow/.local/lib/python3.9/site-packages/airflow/example_dags/example_datasets.py took 0.375 seconds
[2025-12-11T23:09:10.550+0000] {processor.py:161} INFO - Started process (PID=2333) to work on /home/airflow/.local/lib/python3.9/site-packages/airflow/example_dags/example_datasets.py
[2025-12-11T23:09:10.552+0000] {processor.py:830} INFO - Processing file /home/airflow/.local/lib/python3.9/site-packages/airflow/example_dags/example_datasets.py for tasks to queue
[2025-12-11T23:09:10.555+0000] {logging_mixin.py:188} INFO - [2025-12-11T23:09:10.555+0000] {dagbag.py:545} INFO - Filling up the DagBag from /home/airflow/.local/lib/python3.9/site-packages/airflow/example_dags/example_datasets.py
[2025-12-11T23:09:10.585+0000] {processor.py:840} INFO - DAG(s) 'consume_1_or_2_with_dataset_expressions', 'dataset_consumes_1_and_2', 'dataset_consumes_unknown_never_scheduled', 'dataset_consumes_1_never_scheduled', 'consume_1_or_both_2_and_3_with_dataset_expressions', 'consume_1_and_2_with_dataset_expressions', 'conditional_dataset_and_time_based_timetable', 'dataset_produces_1', 'dataset_produces_2', 'dataset_consumes_1' retrieved from /home/airflow/.local/lib/python3.9/site-packages/airflow/example_dags/example_datasets.py
[2025-12-11T23:09:10.676+0000] {logging_mixin.py:188} INFO - [2025-12-11T23:09:10.675+0000] {dag.py:3096} INFO - Sync 10 DAGs
[2025-12-11T23:09:11.055+0000] {logging_mixin.py:188} INFO - [2025-12-11T23:09:11.054+0000] {dag.py:3954} INFO - Setting next_dagrun for conditional_dataset_and_time_based_timetable to 2025-12-10 01:00:00+00:00, run_after=2025-12-10 01:00:00+00:00
[2025-12-11T23:09:11.061+0000] {logging_mixin.py:188} INFO - [2025-12-11T23:09:11.061+0000] {dag.py:3954} INFO - Setting next_dagrun for consume_1_and_2_with_dataset_expressions to None, run_after=None
[2025-12-11T23:09:11.064+0000] {logging_mixin.py:188} INFO - [2025-12-11T23:09:11.063+0000] {dag.py:3954} INFO - Setting next_dagrun for consume_1_or_2_with_dataset_expressions to None, run_after=None
[2025-12-11T23:09:11.066+0000] {logging_mixin.py:188} INFO - [2025-12-11T23:09:11.065+0000] {dag.py:3954} INFO - Setting next_dagrun for consume_1_or_both_2_and_3_with_dataset_expressions to None, run_after=None
[2025-12-11T23:09:11.067+0000] {logging_mixin.py:188} INFO - [2025-12-11T23:09:11.067+0000] {dag.py:3954} INFO - Setting next_dagrun for dataset_consumes_1 to None, run_after=None
[2025-12-11T23:09:11.069+0000] {logging_mixin.py:188} INFO - [2025-12-11T23:09:11.069+0000] {dag.py:3954} INFO - Setting next_dagrun for dataset_consumes_1_and_2 to None, run_after=None
[2025-12-11T23:09:11.070+0000] {logging_mixin.py:188} INFO - [2025-12-11T23:09:11.070+0000] {dag.py:3954} INFO - Setting next_dagrun for dataset_consumes_1_never_scheduled to None, run_after=None
[2025-12-11T23:09:11.072+0000] {logging_mixin.py:188} INFO - [2025-12-11T23:09:11.071+0000] {dag.py:3954} INFO - Setting next_dagrun for dataset_consumes_unknown_never_scheduled to None, run_after=None
[2025-12-11T23:09:11.075+0000] {logging_mixin.py:188} INFO - [2025-12-11T23:09:11.074+0000] {dag.py:3954} INFO - Setting next_dagrun for dataset_produces_1 to 2025-12-10 00:00:00+00:00, run_after=2025-12-11 00:00:00+00:00
[2025-12-11T23:09:11.076+0000] {logging_mixin.py:188} INFO - [2025-12-11T23:09:11.076+0000] {dag.py:3954} INFO - Setting next_dagrun for dataset_produces_2 to None, run_after=None
[2025-12-11T23:09:11.131+0000] {processor.py:183} INFO - Processing /home/airflow/.local/lib/python3.9/site-packages/airflow/example_dags/example_datasets.py took 0.593 seconds
[2025-12-11T23:09:41.708+0000] {processor.py:161} INFO - Started process (PID=2403) to work on /home/airflow/.local/lib/python3.9/site-packages/airflow/example_dags/example_datasets.py
[2025-12-11T23:09:41.710+0000] {processor.py:830} INFO - Processing file /home/airflow/.local/lib/python3.9/site-packages/airflow/example_dags/example_datasets.py for tasks to queue
[2025-12-11T23:09:41.713+0000] {logging_mixin.py:188} INFO - [2025-12-11T23:09:41.713+0000] {dagbag.py:545} INFO - Filling up the DagBag from /home/airflow/.local/lib/python3.9/site-packages/airflow/example_dags/example_datasets.py
[2025-12-11T23:09:41.979+0000] {processor.py:840} INFO - DAG(s) 'consume_1_or_2_with_dataset_expressions', 'dataset_consumes_1', 'dataset_produces_2', 'conditional_dataset_and_time_based_timetable', 'dataset_produces_1', 'dataset_consumes_1_never_scheduled', 'consume_1_or_both_2_and_3_with_dataset_expressions', 'dataset_consumes_1_and_2', 'consume_1_and_2_with_dataset_expressions', 'dataset_consumes_unknown_never_scheduled' retrieved from /home/airflow/.local/lib/python3.9/site-packages/airflow/example_dags/example_datasets.py
[2025-12-11T23:09:42.093+0000] {logging_mixin.py:188} INFO - [2025-12-11T23:09:42.093+0000] {dag.py:3096} INFO - Sync 10 DAGs
[2025-12-11T23:09:42.147+0000] {logging_mixin.py:188} INFO - [2025-12-11T23:09:42.147+0000] {dag.py:3954} INFO - Setting next_dagrun for conditional_dataset_and_time_based_timetable to 2025-12-10 01:00:00+00:00, run_after=2025-12-10 01:00:00+00:00
[2025-12-11T23:09:42.154+0000] {logging_mixin.py:188} INFO - [2025-12-11T23:09:42.153+0000] {dag.py:3954} INFO - Setting next_dagrun for consume_1_and_2_with_dataset_expressions to None, run_after=None
[2025-12-11T23:09:42.156+0000] {logging_mixin.py:188} INFO - [2025-12-11T23:09:42.155+0000] {dag.py:3954} INFO - Setting next_dagrun for consume_1_or_2_with_dataset_expressions to None, run_after=None
[2025-12-11T23:09:42.157+0000] {logging_mixin.py:188} INFO - [2025-12-11T23:09:42.157+0000] {dag.py:3954} INFO - Setting next_dagrun for consume_1_or_both_2_and_3_with_dataset_expressions to None, run_after=None
[2025-12-11T23:09:42.159+0000] {logging_mixin.py:188} INFO - [2025-12-11T23:09:42.159+0000] {dag.py:3954} INFO - Setting next_dagrun for dataset_consumes_1 to None, run_after=None
[2025-12-11T23:09:42.160+0000] {logging_mixin.py:188} INFO - [2025-12-11T23:09:42.160+0000] {dag.py:3954} INFO - Setting next_dagrun for dataset_consumes_1_and_2 to None, run_after=None
[2025-12-11T23:09:42.162+0000] {logging_mixin.py:188} INFO - [2025-12-11T23:09:42.162+0000] {dag.py:3954} INFO - Setting next_dagrun for dataset_consumes_1_never_scheduled to None, run_after=None
[2025-12-11T23:09:42.163+0000] {logging_mixin.py:188} INFO - [2025-12-11T23:09:42.163+0000] {dag.py:3954} INFO - Setting next_dagrun for dataset_consumes_unknown_never_scheduled to None, run_after=None
[2025-12-11T23:09:42.166+0000] {logging_mixin.py:188} INFO - [2025-12-11T23:09:42.166+0000] {dag.py:3954} INFO - Setting next_dagrun for dataset_produces_1 to 2025-12-10 00:00:00+00:00, run_after=2025-12-11 00:00:00+00:00
[2025-12-11T23:09:42.168+0000] {logging_mixin.py:188} INFO - [2025-12-11T23:09:42.168+0000] {dag.py:3954} INFO - Setting next_dagrun for dataset_produces_2 to None, run_after=None
[2025-12-11T23:09:42.221+0000] {processor.py:183} INFO - Processing /home/airflow/.local/lib/python3.9/site-packages/airflow/example_dags/example_datasets.py took 0.524 seconds
[2025-12-11T23:10:12.549+0000] {processor.py:161} INFO - Started process (PID=2473) to work on /home/airflow/.local/lib/python3.9/site-packages/airflow/example_dags/example_datasets.py
[2025-12-11T23:10:12.550+0000] {processor.py:830} INFO - Processing file /home/airflow/.local/lib/python3.9/site-packages/airflow/example_dags/example_datasets.py for tasks to queue
[2025-12-11T23:10:12.553+0000] {logging_mixin.py:188} INFO - [2025-12-11T23:10:12.552+0000] {dagbag.py:545} INFO - Filling up the DagBag from /home/airflow/.local/lib/python3.9/site-packages/airflow/example_dags/example_datasets.py
[2025-12-11T23:10:12.573+0000] {processor.py:840} INFO - DAG(s) 'dataset_produces_2', 'dataset_consumes_1_and_2', 'dataset_consumes_1_never_scheduled', 'dataset_produces_1', 'consume_1_and_2_with_dataset_expressions', 'consume_1_or_both_2_and_3_with_dataset_expressions', 'consume_1_or_2_with_dataset_expressions', 'dataset_consumes_1', 'dataset_consumes_unknown_never_scheduled', 'conditional_dataset_and_time_based_timetable' retrieved from /home/airflow/.local/lib/python3.9/site-packages/airflow/example_dags/example_datasets.py
[2025-12-11T23:10:12.659+0000] {logging_mixin.py:188} INFO - [2025-12-11T23:10:12.658+0000] {dag.py:3096} INFO - Sync 10 DAGs
[2025-12-11T23:10:12.741+0000] {logging_mixin.py:188} INFO - [2025-12-11T23:10:12.741+0000] {dag.py:3954} INFO - Setting next_dagrun for conditional_dataset_and_time_based_timetable to 2025-12-10 01:00:00+00:00, run_after=2025-12-10 01:00:00+00:00
[2025-12-11T23:10:12.757+0000] {logging_mixin.py:188} INFO - [2025-12-11T23:10:12.757+0000] {dag.py:3954} INFO - Setting next_dagrun for consume_1_and_2_with_dataset_expressions to None, run_after=None
[2025-12-11T23:10:12.760+0000] {logging_mixin.py:188} INFO - [2025-12-11T23:10:12.760+0000] {dag.py:3954} INFO - Setting next_dagrun for consume_1_or_2_with_dataset_expressions to None, run_after=None
[2025-12-11T23:10:12.763+0000] {logging_mixin.py:188} INFO - [2025-12-11T23:10:12.762+0000] {dag.py:3954} INFO - Setting next_dagrun for consume_1_or_both_2_and_3_with_dataset_expressions to None, run_after=None
[2025-12-11T23:10:12.772+0000] {logging_mixin.py:188} INFO - [2025-12-11T23:10:12.771+0000] {dag.py:3954} INFO - Setting next_dagrun for dataset_consumes_1 to None, run_after=None
[2025-12-11T23:10:12.775+0000] {logging_mixin.py:188} INFO - [2025-12-11T23:10:12.774+0000] {dag.py:3954} INFO - Setting next_dagrun for dataset_consumes_1_and_2 to None, run_after=None
[2025-12-11T23:10:12.777+0000] {logging_mixin.py:188} INFO - [2025-12-11T23:10:12.777+0000] {dag.py:3954} INFO - Setting next_dagrun for dataset_consumes_1_never_scheduled to None, run_after=None
[2025-12-11T23:10:12.779+0000] {logging_mixin.py:188} INFO - [2025-12-11T23:10:12.779+0000] {dag.py:3954} INFO - Setting next_dagrun for dataset_consumes_unknown_never_scheduled to None, run_after=None
[2025-12-11T23:10:12.814+0000] {logging_mixin.py:188} INFO - [2025-12-11T23:10:12.813+0000] {dag.py:3954} INFO - Setting next_dagrun for dataset_produces_1 to 2025-12-10 00:00:00+00:00, run_after=2025-12-11 00:00:00+00:00
[2025-12-11T23:10:12.818+0000] {logging_mixin.py:188} INFO - [2025-12-11T23:10:12.818+0000] {dag.py:3954} INFO - Setting next_dagrun for dataset_produces_2 to None, run_after=None
[2025-12-11T23:10:12.930+0000] {processor.py:183} INFO - Processing /home/airflow/.local/lib/python3.9/site-packages/airflow/example_dags/example_datasets.py took 0.391 seconds
[2025-12-11T23:10:43.311+0000] {processor.py:161} INFO - Started process (PID=2542) to work on /home/airflow/.local/lib/python3.9/site-packages/airflow/example_dags/example_datasets.py
[2025-12-11T23:10:43.313+0000] {processor.py:830} INFO - Processing file /home/airflow/.local/lib/python3.9/site-packages/airflow/example_dags/example_datasets.py for tasks to queue
[2025-12-11T23:10:43.315+0000] {logging_mixin.py:188} INFO - [2025-12-11T23:10:43.315+0000] {dagbag.py:545} INFO - Filling up the DagBag from /home/airflow/.local/lib/python3.9/site-packages/airflow/example_dags/example_datasets.py
[2025-12-11T23:10:43.361+0000] {processor.py:840} INFO - DAG(s) 'dataset_consumes_1_and_2', 'dataset_consumes_1', 'conditional_dataset_and_time_based_timetable', 'dataset_produces_2', 'dataset_consumes_1_never_scheduled', 'consume_1_and_2_with_dataset_expressions', 'dataset_consumes_unknown_never_scheduled', 'dataset_produces_1', 'consume_1_or_2_with_dataset_expressions', 'consume_1_or_both_2_and_3_with_dataset_expressions' retrieved from /home/airflow/.local/lib/python3.9/site-packages/airflow/example_dags/example_datasets.py
[2025-12-11T23:10:43.439+0000] {logging_mixin.py:188} INFO - [2025-12-11T23:10:43.439+0000] {dag.py:3096} INFO - Sync 10 DAGs
[2025-12-11T23:10:43.481+0000] {logging_mixin.py:188} INFO - [2025-12-11T23:10:43.481+0000] {dag.py:3954} INFO - Setting next_dagrun for conditional_dataset_and_time_based_timetable to 2025-12-10 01:00:00+00:00, run_after=2025-12-10 01:00:00+00:00
[2025-12-11T23:10:43.489+0000] {logging_mixin.py:188} INFO - [2025-12-11T23:10:43.487+0000] {dag.py:3954} INFO - Setting next_dagrun for consume_1_and_2_with_dataset_expressions to None, run_after=None
[2025-12-11T23:10:43.491+0000] {logging_mixin.py:188} INFO - [2025-12-11T23:10:43.491+0000] {dag.py:3954} INFO - Setting next_dagrun for consume_1_or_2_with_dataset_expressions to None, run_after=None
[2025-12-11T23:10:43.492+0000] {logging_mixin.py:188} INFO - [2025-12-11T23:10:43.492+0000] {dag.py:3954} INFO - Setting next_dagrun for consume_1_or_both_2_and_3_with_dataset_expressions to None, run_after=None
[2025-12-11T23:10:43.494+0000] {logging_mixin.py:188} INFO - [2025-12-11T23:10:43.494+0000] {dag.py:3954} INFO - Setting next_dagrun for dataset_consumes_1 to None, run_after=None
[2025-12-11T23:10:43.496+0000] {logging_mixin.py:188} INFO - [2025-12-11T23:10:43.495+0000] {dag.py:3954} INFO - Setting next_dagrun for dataset_consumes_1_and_2 to None, run_after=None
[2025-12-11T23:10:43.497+0000] {logging_mixin.py:188} INFO - [2025-12-11T23:10:43.497+0000] {dag.py:3954} INFO - Setting next_dagrun for dataset_consumes_1_never_scheduled to None, run_after=None
[2025-12-11T23:10:43.498+0000] {logging_mixin.py:188} INFO - [2025-12-11T23:10:43.498+0000] {dag.py:3954} INFO - Setting next_dagrun for dataset_consumes_unknown_never_scheduled to None, run_after=None
[2025-12-11T23:10:43.502+0000] {logging_mixin.py:188} INFO - [2025-12-11T23:10:43.502+0000] {dag.py:3954} INFO - Setting next_dagrun for dataset_produces_1 to 2025-12-10 00:00:00+00:00, run_after=2025-12-11 00:00:00+00:00
[2025-12-11T23:10:43.504+0000] {logging_mixin.py:188} INFO - [2025-12-11T23:10:43.504+0000] {dag.py:3954} INFO - Setting next_dagrun for dataset_produces_2 to None, run_after=None
[2025-12-11T23:10:43.562+0000] {processor.py:183} INFO - Processing /home/airflow/.local/lib/python3.9/site-packages/airflow/example_dags/example_datasets.py took 0.266 seconds
[2025-12-11T23:11:14.140+0000] {processor.py:161} INFO - Started process (PID=2610) to work on /home/airflow/.local/lib/python3.9/site-packages/airflow/example_dags/example_datasets.py
[2025-12-11T23:11:14.145+0000] {processor.py:830} INFO - Processing file /home/airflow/.local/lib/python3.9/site-packages/airflow/example_dags/example_datasets.py for tasks to queue
[2025-12-11T23:11:14.149+0000] {logging_mixin.py:188} INFO - [2025-12-11T23:11:14.149+0000] {dagbag.py:545} INFO - Filling up the DagBag from /home/airflow/.local/lib/python3.9/site-packages/airflow/example_dags/example_datasets.py
[2025-12-11T23:11:14.178+0000] {processor.py:840} INFO - DAG(s) 'dataset_consumes_unknown_never_scheduled', 'dataset_consumes_1_and_2', 'consume_1_and_2_with_dataset_expressions', 'dataset_consumes_1', 'dataset_produces_1', 'dataset_produces_2', 'conditional_dataset_and_time_based_timetable', 'dataset_consumes_1_never_scheduled', 'consume_1_or_both_2_and_3_with_dataset_expressions', 'consume_1_or_2_with_dataset_expressions' retrieved from /home/airflow/.local/lib/python3.9/site-packages/airflow/example_dags/example_datasets.py
[2025-12-11T23:11:14.285+0000] {logging_mixin.py:188} INFO - [2025-12-11T23:11:14.285+0000] {dag.py:3096} INFO - Sync 10 DAGs
[2025-12-11T23:11:14.333+0000] {logging_mixin.py:188} INFO - [2025-12-11T23:11:14.332+0000] {dag.py:3954} INFO - Setting next_dagrun for conditional_dataset_and_time_based_timetable to 2025-12-10 01:00:00+00:00, run_after=2025-12-10 01:00:00+00:00
[2025-12-11T23:11:14.338+0000] {logging_mixin.py:188} INFO - [2025-12-11T23:11:14.338+0000] {dag.py:3954} INFO - Setting next_dagrun for consume_1_and_2_with_dataset_expressions to None, run_after=None
[2025-12-11T23:11:14.340+0000] {logging_mixin.py:188} INFO - [2025-12-11T23:11:14.340+0000] {dag.py:3954} INFO - Setting next_dagrun for consume_1_or_2_with_dataset_expressions to None, run_after=None
[2025-12-11T23:11:14.341+0000] {logging_mixin.py:188} INFO - [2025-12-11T23:11:14.341+0000] {dag.py:3954} INFO - Setting next_dagrun for consume_1_or_both_2_and_3_with_dataset_expressions to None, run_after=None
[2025-12-11T23:11:14.342+0000] {logging_mixin.py:188} INFO - [2025-12-11T23:11:14.342+0000] {dag.py:3954} INFO - Setting next_dagrun for dataset_consumes_1 to None, run_after=None
[2025-12-11T23:11:14.344+0000] {logging_mixin.py:188} INFO - [2025-12-11T23:11:14.343+0000] {dag.py:3954} INFO - Setting next_dagrun for dataset_consumes_1_and_2 to None, run_after=None
[2025-12-11T23:11:14.345+0000] {logging_mixin.py:188} INFO - [2025-12-11T23:11:14.345+0000] {dag.py:3954} INFO - Setting next_dagrun for dataset_consumes_1_never_scheduled to None, run_after=None
[2025-12-11T23:11:14.349+0000] {logging_mixin.py:188} INFO - [2025-12-11T23:11:14.349+0000] {dag.py:3954} INFO - Setting next_dagrun for dataset_consumes_unknown_never_scheduled to None, run_after=None
[2025-12-11T23:11:14.352+0000] {logging_mixin.py:188} INFO - [2025-12-11T23:11:14.352+0000] {dag.py:3954} INFO - Setting next_dagrun for dataset_produces_1 to 2025-12-10 00:00:00+00:00, run_after=2025-12-11 00:00:00+00:00
[2025-12-11T23:11:14.356+0000] {logging_mixin.py:188} INFO - [2025-12-11T23:11:14.356+0000] {dag.py:3954} INFO - Setting next_dagrun for dataset_produces_2 to None, run_after=None
[2025-12-11T23:11:14.411+0000] {processor.py:183} INFO - Processing /home/airflow/.local/lib/python3.9/site-packages/airflow/example_dags/example_datasets.py took 0.284 seconds
[2025-12-11T23:11:44.813+0000] {processor.py:161} INFO - Started process (PID=2677) to work on /home/airflow/.local/lib/python3.9/site-packages/airflow/example_dags/example_datasets.py
[2025-12-11T23:11:44.903+0000] {processor.py:830} INFO - Processing file /home/airflow/.local/lib/python3.9/site-packages/airflow/example_dags/example_datasets.py for tasks to queue
[2025-12-11T23:11:44.906+0000] {logging_mixin.py:188} INFO - [2025-12-11T23:11:44.906+0000] {dagbag.py:545} INFO - Filling up the DagBag from /home/airflow/.local/lib/python3.9/site-packages/airflow/example_dags/example_datasets.py
[2025-12-11T23:11:44.930+0000] {processor.py:840} INFO - DAG(s) 'consume_1_or_2_with_dataset_expressions', 'conditional_dataset_and_time_based_timetable', 'consume_1_or_both_2_and_3_with_dataset_expressions', 'dataset_produces_2', 'dataset_consumes_1_never_scheduled', 'consume_1_and_2_with_dataset_expressions', 'dataset_consumes_1', 'dataset_consumes_unknown_never_scheduled', 'dataset_produces_1', 'dataset_consumes_1_and_2' retrieved from /home/airflow/.local/lib/python3.9/site-packages/airflow/example_dags/example_datasets.py
[2025-12-11T23:11:45.017+0000] {logging_mixin.py:188} INFO - [2025-12-11T23:11:45.016+0000] {dag.py:3096} INFO - Sync 10 DAGs
[2025-12-11T23:11:45.080+0000] {logging_mixin.py:188} INFO - [2025-12-11T23:11:45.079+0000] {dag.py:3954} INFO - Setting next_dagrun for conditional_dataset_and_time_based_timetable to 2025-12-10 01:00:00+00:00, run_after=2025-12-10 01:00:00+00:00
[2025-12-11T23:11:45.091+0000] {logging_mixin.py:188} INFO - [2025-12-11T23:11:45.091+0000] {dag.py:3954} INFO - Setting next_dagrun for consume_1_and_2_with_dataset_expressions to None, run_after=None
[2025-12-11T23:11:45.094+0000] {logging_mixin.py:188} INFO - [2025-12-11T23:11:45.094+0000] {dag.py:3954} INFO - Setting next_dagrun for consume_1_or_2_with_dataset_expressions to None, run_after=None
[2025-12-11T23:11:45.096+0000] {logging_mixin.py:188} INFO - [2025-12-11T23:11:45.096+0000] {dag.py:3954} INFO - Setting next_dagrun for consume_1_or_both_2_and_3_with_dataset_expressions to None, run_after=None
[2025-12-11T23:11:45.098+0000] {logging_mixin.py:188} INFO - [2025-12-11T23:11:45.098+0000] {dag.py:3954} INFO - Setting next_dagrun for dataset_consumes_1 to None, run_after=None
[2025-12-11T23:11:45.100+0000] {logging_mixin.py:188} INFO - [2025-12-11T23:11:45.100+0000] {dag.py:3954} INFO - Setting next_dagrun for dataset_consumes_1_and_2 to None, run_after=None
[2025-12-11T23:11:45.102+0000] {logging_mixin.py:188} INFO - [2025-12-11T23:11:45.102+0000] {dag.py:3954} INFO - Setting next_dagrun for dataset_consumes_1_never_scheduled to None, run_after=None
[2025-12-11T23:11:45.104+0000] {logging_mixin.py:188} INFO - [2025-12-11T23:11:45.103+0000] {dag.py:3954} INFO - Setting next_dagrun for dataset_consumes_unknown_never_scheduled to None, run_after=None
[2025-12-11T23:11:45.108+0000] {logging_mixin.py:188} INFO - [2025-12-11T23:11:45.107+0000] {dag.py:3954} INFO - Setting next_dagrun for dataset_produces_1 to 2025-12-10 00:00:00+00:00, run_after=2025-12-11 00:00:00+00:00
[2025-12-11T23:11:45.109+0000] {logging_mixin.py:188} INFO - [2025-12-11T23:11:45.109+0000] {dag.py:3954} INFO - Setting next_dagrun for dataset_produces_2 to None, run_after=None
[2025-12-11T23:11:45.175+0000] {processor.py:183} INFO - Processing /home/airflow/.local/lib/python3.9/site-packages/airflow/example_dags/example_datasets.py took 0.372 seconds
[2025-12-11T23:12:15.432+0000] {processor.py:161} INFO - Started process (PID=2744) to work on /home/airflow/.local/lib/python3.9/site-packages/airflow/example_dags/example_datasets.py
[2025-12-11T23:12:15.756+0000] {processor.py:830} INFO - Processing file /home/airflow/.local/lib/python3.9/site-packages/airflow/example_dags/example_datasets.py for tasks to queue
[2025-12-11T23:12:15.759+0000] {logging_mixin.py:188} INFO - [2025-12-11T23:12:15.758+0000] {dagbag.py:545} INFO - Filling up the DagBag from /home/airflow/.local/lib/python3.9/site-packages/airflow/example_dags/example_datasets.py
[2025-12-11T23:12:15.781+0000] {processor.py:840} INFO - DAG(s) 'conditional_dataset_and_time_based_timetable', 'dataset_consumes_1_never_scheduled', 'consume_1_and_2_with_dataset_expressions', 'dataset_consumes_1_and_2', 'dataset_produces_2', 'dataset_consumes_unknown_never_scheduled', 'dataset_produces_1', 'consume_1_or_2_with_dataset_expressions', 'dataset_consumes_1', 'consume_1_or_both_2_and_3_with_dataset_expressions' retrieved from /home/airflow/.local/lib/python3.9/site-packages/airflow/example_dags/example_datasets.py
[2025-12-11T23:12:15.894+0000] {logging_mixin.py:188} INFO - [2025-12-11T23:12:15.894+0000] {dag.py:3096} INFO - Sync 10 DAGs
[2025-12-11T23:12:15.942+0000] {logging_mixin.py:188} INFO - [2025-12-11T23:12:15.941+0000] {dag.py:3954} INFO - Setting next_dagrun for conditional_dataset_and_time_based_timetable to 2025-12-10 01:00:00+00:00, run_after=2025-12-10 01:00:00+00:00
[2025-12-11T23:12:15.948+0000] {logging_mixin.py:188} INFO - [2025-12-11T23:12:15.947+0000] {dag.py:3954} INFO - Setting next_dagrun for consume_1_and_2_with_dataset_expressions to None, run_after=None
[2025-12-11T23:12:15.949+0000] {logging_mixin.py:188} INFO - [2025-12-11T23:12:15.949+0000] {dag.py:3954} INFO - Setting next_dagrun for consume_1_or_2_with_dataset_expressions to None, run_after=None
[2025-12-11T23:12:15.951+0000] {logging_mixin.py:188} INFO - [2025-12-11T23:12:15.950+0000] {dag.py:3954} INFO - Setting next_dagrun for consume_1_or_both_2_and_3_with_dataset_expressions to None, run_after=None
[2025-12-11T23:12:15.952+0000] {logging_mixin.py:188} INFO - [2025-12-11T23:12:15.952+0000] {dag.py:3954} INFO - Setting next_dagrun for dataset_consumes_1 to None, run_after=None
[2025-12-11T23:12:15.953+0000] {logging_mixin.py:188} INFO - [2025-12-11T23:12:15.953+0000] {dag.py:3954} INFO - Setting next_dagrun for dataset_consumes_1_and_2 to None, run_after=None
[2025-12-11T23:12:15.955+0000] {logging_mixin.py:188} INFO - [2025-12-11T23:12:15.954+0000] {dag.py:3954} INFO - Setting next_dagrun for dataset_consumes_1_never_scheduled to None, run_after=None
[2025-12-11T23:12:15.956+0000] {logging_mixin.py:188} INFO - [2025-12-11T23:12:15.956+0000] {dag.py:3954} INFO - Setting next_dagrun for dataset_consumes_unknown_never_scheduled to None, run_after=None
[2025-12-11T23:12:15.959+0000] {logging_mixin.py:188} INFO - [2025-12-11T23:12:15.959+0000] {dag.py:3954} INFO - Setting next_dagrun for dataset_produces_1 to 2025-12-10 00:00:00+00:00, run_after=2025-12-11 00:00:00+00:00
[2025-12-11T23:12:15.960+0000] {logging_mixin.py:188} INFO - [2025-12-11T23:12:15.960+0000] {dag.py:3954} INFO - Setting next_dagrun for dataset_produces_2 to None, run_after=None
[2025-12-11T23:12:16.053+0000] {processor.py:183} INFO - Processing /home/airflow/.local/lib/python3.9/site-packages/airflow/example_dags/example_datasets.py took 0.632 seconds
[2025-12-11T23:12:46.894+0000] {processor.py:161} INFO - Started process (PID=2811) to work on /home/airflow/.local/lib/python3.9/site-packages/airflow/example_dags/example_datasets.py
[2025-12-11T23:12:46.904+0000] {processor.py:830} INFO - Processing file /home/airflow/.local/lib/python3.9/site-packages/airflow/example_dags/example_datasets.py for tasks to queue
[2025-12-11T23:12:46.913+0000] {logging_mixin.py:188} INFO - [2025-12-11T23:12:46.912+0000] {dagbag.py:545} INFO - Filling up the DagBag from /home/airflow/.local/lib/python3.9/site-packages/airflow/example_dags/example_datasets.py
[2025-12-11T23:12:46.939+0000] {processor.py:840} INFO - DAG(s) 'conditional_dataset_and_time_based_timetable', 'dataset_produces_1', 'consume_1_or_both_2_and_3_with_dataset_expressions', 'dataset_consumes_1_never_scheduled', 'consume_1_and_2_with_dataset_expressions', 'dataset_produces_2', 'dataset_consumes_unknown_never_scheduled', 'dataset_consumes_1_and_2', 'consume_1_or_2_with_dataset_expressions', 'dataset_consumes_1' retrieved from /home/airflow/.local/lib/python3.9/site-packages/airflow/example_dags/example_datasets.py
[2025-12-11T23:12:47.072+0000] {logging_mixin.py:188} INFO - [2025-12-11T23:12:47.071+0000] {dag.py:3096} INFO - Sync 10 DAGs
[2025-12-11T23:12:47.130+0000] {logging_mixin.py:188} INFO - [2025-12-11T23:12:47.130+0000] {dag.py:3954} INFO - Setting next_dagrun for conditional_dataset_and_time_based_timetable to 2025-12-10 01:00:00+00:00, run_after=2025-12-10 01:00:00+00:00
[2025-12-11T23:12:47.136+0000] {logging_mixin.py:188} INFO - [2025-12-11T23:12:47.136+0000] {dag.py:3954} INFO - Setting next_dagrun for consume_1_and_2_with_dataset_expressions to None, run_after=None
[2025-12-11T23:12:47.138+0000] {logging_mixin.py:188} INFO - [2025-12-11T23:12:47.137+0000] {dag.py:3954} INFO - Setting next_dagrun for consume_1_or_2_with_dataset_expressions to None, run_after=None
[2025-12-11T23:12:47.139+0000] {logging_mixin.py:188} INFO - [2025-12-11T23:12:47.139+0000] {dag.py:3954} INFO - Setting next_dagrun for consume_1_or_both_2_and_3_with_dataset_expressions to None, run_after=None
[2025-12-11T23:12:47.140+0000] {logging_mixin.py:188} INFO - [2025-12-11T23:12:47.140+0000] {dag.py:3954} INFO - Setting next_dagrun for dataset_consumes_1 to None, run_after=None
[2025-12-11T23:12:47.150+0000] {logging_mixin.py:188} INFO - [2025-12-11T23:12:47.149+0000] {dag.py:3954} INFO - Setting next_dagrun for dataset_consumes_1_and_2 to None, run_after=None
[2025-12-11T23:12:47.152+0000] {logging_mixin.py:188} INFO - [2025-12-11T23:12:47.151+0000] {dag.py:3954} INFO - Setting next_dagrun for dataset_consumes_1_never_scheduled to None, run_after=None
[2025-12-11T23:12:47.156+0000] {logging_mixin.py:188} INFO - [2025-12-11T23:12:47.156+0000] {dag.py:3954} INFO - Setting next_dagrun for dataset_consumes_unknown_never_scheduled to None, run_after=None
[2025-12-11T23:12:47.159+0000] {logging_mixin.py:188} INFO - [2025-12-11T23:12:47.159+0000] {dag.py:3954} INFO - Setting next_dagrun for dataset_produces_1 to 2025-12-10 00:00:00+00:00, run_after=2025-12-11 00:00:00+00:00
[2025-12-11T23:12:47.160+0000] {logging_mixin.py:188} INFO - [2025-12-11T23:12:47.160+0000] {dag.py:3954} INFO - Setting next_dagrun for dataset_produces_2 to None, run_after=None
[2025-12-11T23:12:47.212+0000] {processor.py:183} INFO - Processing /home/airflow/.local/lib/python3.9/site-packages/airflow/example_dags/example_datasets.py took 0.329 seconds
[2025-12-11T23:13:17.808+0000] {processor.py:161} INFO - Started process (PID=2878) to work on /home/airflow/.local/lib/python3.9/site-packages/airflow/example_dags/example_datasets.py
[2025-12-11T23:13:17.843+0000] {processor.py:830} INFO - Processing file /home/airflow/.local/lib/python3.9/site-packages/airflow/example_dags/example_datasets.py for tasks to queue
[2025-12-11T23:13:17.847+0000] {logging_mixin.py:188} INFO - [2025-12-11T23:13:17.846+0000] {dagbag.py:545} INFO - Filling up the DagBag from /home/airflow/.local/lib/python3.9/site-packages/airflow/example_dags/example_datasets.py
[2025-12-11T23:13:17.873+0000] {processor.py:840} INFO - DAG(s) 'dataset_consumes_1_and_2', 'consume_1_or_2_with_dataset_expressions', 'dataset_consumes_1_never_scheduled', 'dataset_consumes_1', 'consume_1_and_2_with_dataset_expressions', 'conditional_dataset_and_time_based_timetable', 'dataset_consumes_unknown_never_scheduled', 'dataset_produces_1', 'dataset_produces_2', 'consume_1_or_both_2_and_3_with_dataset_expressions' retrieved from /home/airflow/.local/lib/python3.9/site-packages/airflow/example_dags/example_datasets.py
[2025-12-11T23:13:17.997+0000] {logging_mixin.py:188} INFO - [2025-12-11T23:13:17.997+0000] {dag.py:3096} INFO - Sync 10 DAGs
[2025-12-11T23:13:18.038+0000] {logging_mixin.py:188} INFO - [2025-12-11T23:13:18.037+0000] {dag.py:3954} INFO - Setting next_dagrun for conditional_dataset_and_time_based_timetable to 2025-12-10 01:00:00+00:00, run_after=2025-12-10 01:00:00+00:00
[2025-12-11T23:13:18.044+0000] {logging_mixin.py:188} INFO - [2025-12-11T23:13:18.043+0000] {dag.py:3954} INFO - Setting next_dagrun for consume_1_and_2_with_dataset_expressions to None, run_after=None
[2025-12-11T23:13:18.045+0000] {logging_mixin.py:188} INFO - [2025-12-11T23:13:18.045+0000] {dag.py:3954} INFO - Setting next_dagrun for consume_1_or_2_with_dataset_expressions to None, run_after=None
[2025-12-11T23:13:18.047+0000] {logging_mixin.py:188} INFO - [2025-12-11T23:13:18.047+0000] {dag.py:3954} INFO - Setting next_dagrun for consume_1_or_both_2_and_3_with_dataset_expressions to None, run_after=None
[2025-12-11T23:13:18.050+0000] {logging_mixin.py:188} INFO - [2025-12-11T23:13:18.049+0000] {dag.py:3954} INFO - Setting next_dagrun for dataset_consumes_1 to None, run_after=None
[2025-12-11T23:13:18.051+0000] {logging_mixin.py:188} INFO - [2025-12-11T23:13:18.051+0000] {dag.py:3954} INFO - Setting next_dagrun for dataset_consumes_1_and_2 to None, run_after=None
[2025-12-11T23:13:18.053+0000] {logging_mixin.py:188} INFO - [2025-12-11T23:13:18.052+0000] {dag.py:3954} INFO - Setting next_dagrun for dataset_consumes_1_never_scheduled to None, run_after=None
[2025-12-11T23:13:18.054+0000] {logging_mixin.py:188} INFO - [2025-12-11T23:13:18.054+0000] {dag.py:3954} INFO - Setting next_dagrun for dataset_consumes_unknown_never_scheduled to None, run_after=None
[2025-12-11T23:13:18.057+0000] {logging_mixin.py:188} INFO - [2025-12-11T23:13:18.056+0000] {dag.py:3954} INFO - Setting next_dagrun for dataset_produces_1 to 2025-12-10 00:00:00+00:00, run_after=2025-12-11 00:00:00+00:00
[2025-12-11T23:13:18.058+0000] {logging_mixin.py:188} INFO - [2025-12-11T23:13:18.058+0000] {dag.py:3954} INFO - Setting next_dagrun for dataset_produces_2 to None, run_after=None
[2025-12-11T23:13:18.775+0000] {processor.py:183} INFO - Processing /home/airflow/.local/lib/python3.9/site-packages/airflow/example_dags/example_datasets.py took 0.981 seconds
[2025-12-11T23:13:49.525+0000] {processor.py:161} INFO - Started process (PID=2952) to work on /home/airflow/.local/lib/python3.9/site-packages/airflow/example_dags/example_datasets.py
[2025-12-11T23:13:49.672+0000] {processor.py:830} INFO - Processing file /home/airflow/.local/lib/python3.9/site-packages/airflow/example_dags/example_datasets.py for tasks to queue
[2025-12-11T23:13:49.675+0000] {logging_mixin.py:188} INFO - [2025-12-11T23:13:49.675+0000] {dagbag.py:545} INFO - Filling up the DagBag from /home/airflow/.local/lib/python3.9/site-packages/airflow/example_dags/example_datasets.py
[2025-12-11T23:13:49.696+0000] {processor.py:840} INFO - DAG(s) 'dataset_consumes_1_never_scheduled', 'consume_1_or_both_2_and_3_with_dataset_expressions', 'consume_1_or_2_with_dataset_expressions', 'dataset_consumes_1_and_2', 'dataset_produces_2', 'dataset_consumes_1', 'dataset_consumes_unknown_never_scheduled', 'conditional_dataset_and_time_based_timetable', 'dataset_produces_1', 'consume_1_and_2_with_dataset_expressions' retrieved from /home/airflow/.local/lib/python3.9/site-packages/airflow/example_dags/example_datasets.py
[2025-12-11T23:13:49.766+0000] {logging_mixin.py:188} INFO - [2025-12-11T23:13:49.766+0000] {dag.py:3096} INFO - Sync 10 DAGs
[2025-12-11T23:13:49.806+0000] {logging_mixin.py:188} INFO - [2025-12-11T23:13:49.806+0000] {dag.py:3954} INFO - Setting next_dagrun for conditional_dataset_and_time_based_timetable to 2025-12-10 01:00:00+00:00, run_after=2025-12-10 01:00:00+00:00
[2025-12-11T23:13:49.811+0000] {logging_mixin.py:188} INFO - [2025-12-11T23:13:49.811+0000] {dag.py:3954} INFO - Setting next_dagrun for consume_1_and_2_with_dataset_expressions to None, run_after=None
[2025-12-11T23:13:49.813+0000] {logging_mixin.py:188} INFO - [2025-12-11T23:13:49.812+0000] {dag.py:3954} INFO - Setting next_dagrun for consume_1_or_2_with_dataset_expressions to None, run_after=None
[2025-12-11T23:13:49.814+0000] {logging_mixin.py:188} INFO - [2025-12-11T23:13:49.814+0000] {dag.py:3954} INFO - Setting next_dagrun for consume_1_or_both_2_and_3_with_dataset_expressions to None, run_after=None
[2025-12-11T23:13:49.815+0000] {logging_mixin.py:188} INFO - [2025-12-11T23:13:49.815+0000] {dag.py:3954} INFO - Setting next_dagrun for dataset_consumes_1 to None, run_after=None
[2025-12-11T23:13:49.816+0000] {logging_mixin.py:188} INFO - [2025-12-11T23:13:49.816+0000] {dag.py:3954} INFO - Setting next_dagrun for dataset_consumes_1_and_2 to None, run_after=None
[2025-12-11T23:13:49.818+0000] {logging_mixin.py:188} INFO - [2025-12-11T23:13:49.818+0000] {dag.py:3954} INFO - Setting next_dagrun for dataset_consumes_1_never_scheduled to None, run_after=None
[2025-12-11T23:13:49.819+0000] {logging_mixin.py:188} INFO - [2025-12-11T23:13:49.819+0000] {dag.py:3954} INFO - Setting next_dagrun for dataset_consumes_unknown_never_scheduled to None, run_after=None
[2025-12-11T23:13:49.822+0000] {logging_mixin.py:188} INFO - [2025-12-11T23:13:49.822+0000] {dag.py:3954} INFO - Setting next_dagrun for dataset_produces_1 to 2025-12-10 00:00:00+00:00, run_after=2025-12-11 00:00:00+00:00
[2025-12-11T23:13:49.823+0000] {logging_mixin.py:188} INFO - [2025-12-11T23:13:49.823+0000] {dag.py:3954} INFO - Setting next_dagrun for dataset_produces_2 to None, run_after=None
[2025-12-11T23:13:50.247+0000] {processor.py:183} INFO - Processing /home/airflow/.local/lib/python3.9/site-packages/airflow/example_dags/example_datasets.py took 0.732 seconds
[2025-12-11T23:14:22.022+0000] {processor.py:161} INFO - Started process (PID=3019) to work on /home/airflow/.local/lib/python3.9/site-packages/airflow/example_dags/example_datasets.py
[2025-12-11T23:14:22.023+0000] {processor.py:830} INFO - Processing file /home/airflow/.local/lib/python3.9/site-packages/airflow/example_dags/example_datasets.py for tasks to queue
[2025-12-11T23:14:22.026+0000] {logging_mixin.py:188} INFO - [2025-12-11T23:14:22.026+0000] {dagbag.py:545} INFO - Filling up the DagBag from /home/airflow/.local/lib/python3.9/site-packages/airflow/example_dags/example_datasets.py
[2025-12-11T23:14:22.048+0000] {processor.py:840} INFO - DAG(s) 'dataset_consumes_1', 'dataset_consumes_1_and_2', 'dataset_produces_2', 'consume_1_or_2_with_dataset_expressions', 'consume_1_and_2_with_dataset_expressions', 'dataset_consumes_1_never_scheduled', 'dataset_consumes_unknown_never_scheduled', 'dataset_produces_1', 'consume_1_or_both_2_and_3_with_dataset_expressions', 'conditional_dataset_and_time_based_timetable' retrieved from /home/airflow/.local/lib/python3.9/site-packages/airflow/example_dags/example_datasets.py
[2025-12-11T23:14:22.127+0000] {logging_mixin.py:188} INFO - [2025-12-11T23:14:22.126+0000] {dag.py:3096} INFO - Sync 10 DAGs
[2025-12-11T23:14:22.171+0000] {logging_mixin.py:188} INFO - [2025-12-11T23:14:22.170+0000] {dag.py:3954} INFO - Setting next_dagrun for conditional_dataset_and_time_based_timetable to 2025-12-10 01:00:00+00:00, run_after=2025-12-10 01:00:00+00:00
[2025-12-11T23:14:22.176+0000] {logging_mixin.py:188} INFO - [2025-12-11T23:14:22.176+0000] {dag.py:3954} INFO - Setting next_dagrun for consume_1_and_2_with_dataset_expressions to None, run_after=None
[2025-12-11T23:14:22.178+0000] {logging_mixin.py:188} INFO - [2025-12-11T23:14:22.178+0000] {dag.py:3954} INFO - Setting next_dagrun for consume_1_or_2_with_dataset_expressions to None, run_after=None
[2025-12-11T23:14:22.179+0000] {logging_mixin.py:188} INFO - [2025-12-11T23:14:22.179+0000] {dag.py:3954} INFO - Setting next_dagrun for consume_1_or_both_2_and_3_with_dataset_expressions to None, run_after=None
[2025-12-11T23:14:22.181+0000] {logging_mixin.py:188} INFO - [2025-12-11T23:14:22.180+0000] {dag.py:3954} INFO - Setting next_dagrun for dataset_consumes_1 to None, run_after=None
[2025-12-11T23:14:22.182+0000] {logging_mixin.py:188} INFO - [2025-12-11T23:14:22.182+0000] {dag.py:3954} INFO - Setting next_dagrun for dataset_consumes_1_and_2 to None, run_after=None
[2025-12-11T23:14:22.183+0000] {logging_mixin.py:188} INFO - [2025-12-11T23:14:22.183+0000] {dag.py:3954} INFO - Setting next_dagrun for dataset_consumes_1_never_scheduled to None, run_after=None
[2025-12-11T23:14:22.185+0000] {logging_mixin.py:188} INFO - [2025-12-11T23:14:22.185+0000] {dag.py:3954} INFO - Setting next_dagrun for dataset_consumes_unknown_never_scheduled to None, run_after=None
[2025-12-11T23:14:22.188+0000] {logging_mixin.py:188} INFO - [2025-12-11T23:14:22.187+0000] {dag.py:3954} INFO - Setting next_dagrun for dataset_produces_1 to 2025-12-10 00:00:00+00:00, run_after=2025-12-11 00:00:00+00:00
[2025-12-11T23:14:22.189+0000] {logging_mixin.py:188} INFO - [2025-12-11T23:14:22.189+0000] {dag.py:3954} INFO - Setting next_dagrun for dataset_produces_2 to None, run_after=None
[2025-12-11T23:14:22.238+0000] {processor.py:183} INFO - Processing /home/airflow/.local/lib/python3.9/site-packages/airflow/example_dags/example_datasets.py took 0.228 seconds
[2025-12-11T23:14:52.669+0000] {processor.py:161} INFO - Started process (PID=3086) to work on /home/airflow/.local/lib/python3.9/site-packages/airflow/example_dags/example_datasets.py
[2025-12-11T23:14:52.672+0000] {processor.py:830} INFO - Processing file /home/airflow/.local/lib/python3.9/site-packages/airflow/example_dags/example_datasets.py for tasks to queue
[2025-12-11T23:14:52.675+0000] {logging_mixin.py:188} INFO - [2025-12-11T23:14:52.675+0000] {dagbag.py:545} INFO - Filling up the DagBag from /home/airflow/.local/lib/python3.9/site-packages/airflow/example_dags/example_datasets.py
[2025-12-11T23:14:52.703+0000] {processor.py:840} INFO - DAG(s) 'consume_1_or_2_with_dataset_expressions', 'consume_1_or_both_2_and_3_with_dataset_expressions', 'dataset_produces_1', 'dataset_consumes_1_and_2', 'consume_1_and_2_with_dataset_expressions', 'dataset_consumes_unknown_never_scheduled', 'dataset_produces_2', 'dataset_consumes_1', 'dataset_consumes_1_never_scheduled', 'conditional_dataset_and_time_based_timetable' retrieved from /home/airflow/.local/lib/python3.9/site-packages/airflow/example_dags/example_datasets.py
[2025-12-11T23:14:52.820+0000] {logging_mixin.py:188} INFO - [2025-12-11T23:14:52.820+0000] {dag.py:3096} INFO - Sync 10 DAGs
[2025-12-11T23:14:52.891+0000] {logging_mixin.py:188} INFO - [2025-12-11T23:14:52.891+0000] {dag.py:3954} INFO - Setting next_dagrun for conditional_dataset_and_time_based_timetable to 2025-12-10 01:00:00+00:00, run_after=2025-12-10 01:00:00+00:00
[2025-12-11T23:14:52.898+0000] {logging_mixin.py:188} INFO - [2025-12-11T23:14:52.898+0000] {dag.py:3954} INFO - Setting next_dagrun for consume_1_and_2_with_dataset_expressions to None, run_after=None
[2025-12-11T23:14:52.900+0000] {logging_mixin.py:188} INFO - [2025-12-11T23:14:52.900+0000] {dag.py:3954} INFO - Setting next_dagrun for consume_1_or_2_with_dataset_expressions to None, run_after=None
[2025-12-11T23:14:52.911+0000] {logging_mixin.py:188} INFO - [2025-12-11T23:14:52.910+0000] {dag.py:3954} INFO - Setting next_dagrun for consume_1_or_both_2_and_3_with_dataset_expressions to None, run_after=None
[2025-12-11T23:14:52.913+0000] {logging_mixin.py:188} INFO - [2025-12-11T23:14:52.912+0000] {dag.py:3954} INFO - Setting next_dagrun for dataset_consumes_1 to None, run_after=None
[2025-12-11T23:14:52.914+0000] {logging_mixin.py:188} INFO - [2025-12-11T23:14:52.914+0000] {dag.py:3954} INFO - Setting next_dagrun for dataset_consumes_1_and_2 to None, run_after=None
[2025-12-11T23:14:52.916+0000] {logging_mixin.py:188} INFO - [2025-12-11T23:14:52.915+0000] {dag.py:3954} INFO - Setting next_dagrun for dataset_consumes_1_never_scheduled to None, run_after=None
[2025-12-11T23:14:52.917+0000] {logging_mixin.py:188} INFO - [2025-12-11T23:14:52.917+0000] {dag.py:3954} INFO - Setting next_dagrun for dataset_consumes_unknown_never_scheduled to None, run_after=None
[2025-12-11T23:14:52.920+0000] {logging_mixin.py:188} INFO - [2025-12-11T23:14:52.920+0000] {dag.py:3954} INFO - Setting next_dagrun for dataset_produces_1 to 2025-12-10 00:00:00+00:00, run_after=2025-12-11 00:00:00+00:00
[2025-12-11T23:14:52.922+0000] {logging_mixin.py:188} INFO - [2025-12-11T23:14:52.921+0000] {dag.py:3954} INFO - Setting next_dagrun for dataset_produces_2 to None, run_after=None
[2025-12-11T23:14:53.037+0000] {processor.py:183} INFO - Processing /home/airflow/.local/lib/python3.9/site-packages/airflow/example_dags/example_datasets.py took 0.383 seconds
[2025-12-11T23:15:23.576+0000] {processor.py:161} INFO - Started process (PID=3153) to work on /home/airflow/.local/lib/python3.9/site-packages/airflow/example_dags/example_datasets.py
[2025-12-11T23:15:23.577+0000] {processor.py:830} INFO - Processing file /home/airflow/.local/lib/python3.9/site-packages/airflow/example_dags/example_datasets.py for tasks to queue
[2025-12-11T23:15:23.589+0000] {logging_mixin.py:188} INFO - [2025-12-11T23:15:23.580+0000] {dagbag.py:545} INFO - Filling up the DagBag from /home/airflow/.local/lib/python3.9/site-packages/airflow/example_dags/example_datasets.py
[2025-12-11T23:15:23.620+0000] {processor.py:840} INFO - DAG(s) 'consume_1_or_both_2_and_3_with_dataset_expressions', 'dataset_consumes_1_never_scheduled', 'dataset_consumes_1', 'dataset_produces_2', 'dataset_produces_1', 'dataset_consumes_unknown_never_scheduled', 'consume_1_or_2_with_dataset_expressions', 'dataset_consumes_1_and_2', 'consume_1_and_2_with_dataset_expressions', 'conditional_dataset_and_time_based_timetable' retrieved from /home/airflow/.local/lib/python3.9/site-packages/airflow/example_dags/example_datasets.py
[2025-12-11T23:15:23.790+0000] {logging_mixin.py:188} INFO - [2025-12-11T23:15:23.790+0000] {dag.py:3096} INFO - Sync 10 DAGs
[2025-12-11T23:15:23.863+0000] {logging_mixin.py:188} INFO - [2025-12-11T23:15:23.862+0000] {dag.py:3954} INFO - Setting next_dagrun for conditional_dataset_and_time_based_timetable to 2025-12-10 01:00:00+00:00, run_after=2025-12-10 01:00:00+00:00
[2025-12-11T23:15:23.874+0000] {logging_mixin.py:188} INFO - [2025-12-11T23:15:23.873+0000] {dag.py:3954} INFO - Setting next_dagrun for consume_1_and_2_with_dataset_expressions to None, run_after=None
[2025-12-11T23:15:23.875+0000] {logging_mixin.py:188} INFO - [2025-12-11T23:15:23.875+0000] {dag.py:3954} INFO - Setting next_dagrun for consume_1_or_2_with_dataset_expressions to None, run_after=None
[2025-12-11T23:15:23.877+0000] {logging_mixin.py:188} INFO - [2025-12-11T23:15:23.876+0000] {dag.py:3954} INFO - Setting next_dagrun for consume_1_or_both_2_and_3_with_dataset_expressions to None, run_after=None
[2025-12-11T23:15:23.878+0000] {logging_mixin.py:188} INFO - [2025-12-11T23:15:23.878+0000] {dag.py:3954} INFO - Setting next_dagrun for dataset_consumes_1 to None, run_after=None
[2025-12-11T23:15:23.890+0000] {logging_mixin.py:188} INFO - [2025-12-11T23:15:23.890+0000] {dag.py:3954} INFO - Setting next_dagrun for dataset_consumes_1_and_2 to None, run_after=None
[2025-12-11T23:15:23.892+0000] {logging_mixin.py:188} INFO - [2025-12-11T23:15:23.892+0000] {dag.py:3954} INFO - Setting next_dagrun for dataset_consumes_1_never_scheduled to None, run_after=None
[2025-12-11T23:15:23.893+0000] {logging_mixin.py:188} INFO - [2025-12-11T23:15:23.893+0000] {dag.py:3954} INFO - Setting next_dagrun for dataset_consumes_unknown_never_scheduled to None, run_after=None
[2025-12-11T23:15:23.897+0000] {logging_mixin.py:188} INFO - [2025-12-11T23:15:23.897+0000] {dag.py:3954} INFO - Setting next_dagrun for dataset_produces_1 to 2025-12-10 00:00:00+00:00, run_after=2025-12-11 00:00:00+00:00
[2025-12-11T23:15:23.899+0000] {logging_mixin.py:188} INFO - [2025-12-11T23:15:23.899+0000] {dag.py:3954} INFO - Setting next_dagrun for dataset_produces_2 to None, run_after=None
[2025-12-11T23:15:24.016+0000] {processor.py:183} INFO - Processing /home/airflow/.local/lib/python3.9/site-packages/airflow/example_dags/example_datasets.py took 0.454 seconds
[2025-12-11T23:15:54.197+0000] {processor.py:161} INFO - Started process (PID=3221) to work on /home/airflow/.local/lib/python3.9/site-packages/airflow/example_dags/example_datasets.py
[2025-12-11T23:15:54.199+0000] {processor.py:830} INFO - Processing file /home/airflow/.local/lib/python3.9/site-packages/airflow/example_dags/example_datasets.py for tasks to queue
[2025-12-11T23:15:54.202+0000] {logging_mixin.py:188} INFO - [2025-12-11T23:15:54.202+0000] {dagbag.py:545} INFO - Filling up the DagBag from /home/airflow/.local/lib/python3.9/site-packages/airflow/example_dags/example_datasets.py
[2025-12-11T23:15:54.224+0000] {processor.py:840} INFO - DAG(s) 'dataset_produces_1', 'dataset_consumes_1', 'consume_1_or_2_with_dataset_expressions', 'conditional_dataset_and_time_based_timetable', 'consume_1_or_both_2_and_3_with_dataset_expressions', 'dataset_consumes_1_and_2', 'consume_1_and_2_with_dataset_expressions', 'dataset_produces_2', 'dataset_consumes_unknown_never_scheduled', 'dataset_consumes_1_never_scheduled' retrieved from /home/airflow/.local/lib/python3.9/site-packages/airflow/example_dags/example_datasets.py
[2025-12-11T23:15:54.330+0000] {logging_mixin.py:188} INFO - [2025-12-11T23:15:54.329+0000] {dag.py:3096} INFO - Sync 10 DAGs
[2025-12-11T23:15:54.436+0000] {logging_mixin.py:188} INFO - [2025-12-11T23:15:54.435+0000] {dag.py:3954} INFO - Setting next_dagrun for conditional_dataset_and_time_based_timetable to 2025-12-10 01:00:00+00:00, run_after=2025-12-10 01:00:00+00:00
[2025-12-11T23:15:54.451+0000] {logging_mixin.py:188} INFO - [2025-12-11T23:15:54.451+0000] {dag.py:3954} INFO - Setting next_dagrun for consume_1_and_2_with_dataset_expressions to None, run_after=None
[2025-12-11T23:15:54.453+0000] {logging_mixin.py:188} INFO - [2025-12-11T23:15:54.453+0000] {dag.py:3954} INFO - Setting next_dagrun for consume_1_or_2_with_dataset_expressions to None, run_after=None
[2025-12-11T23:15:54.455+0000] {logging_mixin.py:188} INFO - [2025-12-11T23:15:54.455+0000] {dag.py:3954} INFO - Setting next_dagrun for consume_1_or_both_2_and_3_with_dataset_expressions to None, run_after=None
[2025-12-11T23:15:54.456+0000] {logging_mixin.py:188} INFO - [2025-12-11T23:15:54.456+0000] {dag.py:3954} INFO - Setting next_dagrun for dataset_consumes_1 to None, run_after=None
[2025-12-11T23:15:54.457+0000] {logging_mixin.py:188} INFO - [2025-12-11T23:15:54.457+0000] {dag.py:3954} INFO - Setting next_dagrun for dataset_consumes_1_and_2 to None, run_after=None
[2025-12-11T23:15:54.459+0000] {logging_mixin.py:188} INFO - [2025-12-11T23:15:54.459+0000] {dag.py:3954} INFO - Setting next_dagrun for dataset_consumes_1_never_scheduled to None, run_after=None
[2025-12-11T23:15:54.460+0000] {logging_mixin.py:188} INFO - [2025-12-11T23:15:54.460+0000] {dag.py:3954} INFO - Setting next_dagrun for dataset_consumes_unknown_never_scheduled to None, run_after=None
[2025-12-11T23:15:54.471+0000] {logging_mixin.py:188} INFO - [2025-12-11T23:15:54.471+0000] {dag.py:3954} INFO - Setting next_dagrun for dataset_produces_1 to 2025-12-10 00:00:00+00:00, run_after=2025-12-11 00:00:00+00:00
[2025-12-11T23:15:54.473+0000] {logging_mixin.py:188} INFO - [2025-12-11T23:15:54.473+0000] {dag.py:3954} INFO - Setting next_dagrun for dataset_produces_2 to None, run_after=None
[2025-12-11T23:15:54.540+0000] {processor.py:183} INFO - Processing /home/airflow/.local/lib/python3.9/site-packages/airflow/example_dags/example_datasets.py took 0.355 seconds
[2025-12-11T23:16:25.101+0000] {processor.py:161} INFO - Started process (PID=3288) to work on /home/airflow/.local/lib/python3.9/site-packages/airflow/example_dags/example_datasets.py
[2025-12-11T23:16:25.109+0000] {processor.py:830} INFO - Processing file /home/airflow/.local/lib/python3.9/site-packages/airflow/example_dags/example_datasets.py for tasks to queue
[2025-12-11T23:16:25.113+0000] {logging_mixin.py:188} INFO - [2025-12-11T23:16:25.112+0000] {dagbag.py:545} INFO - Filling up the DagBag from /home/airflow/.local/lib/python3.9/site-packages/airflow/example_dags/example_datasets.py
[2025-12-11T23:16:25.157+0000] {processor.py:840} INFO - DAG(s) 'conditional_dataset_and_time_based_timetable', 'dataset_consumes_1_never_scheduled', 'dataset_consumes_unknown_never_scheduled', 'dataset_consumes_1_and_2', 'dataset_produces_2', 'consume_1_or_both_2_and_3_with_dataset_expressions', 'dataset_produces_1', 'consume_1_or_2_with_dataset_expressions', 'consume_1_and_2_with_dataset_expressions', 'dataset_consumes_1' retrieved from /home/airflow/.local/lib/python3.9/site-packages/airflow/example_dags/example_datasets.py
[2025-12-11T23:16:25.298+0000] {logging_mixin.py:188} INFO - [2025-12-11T23:16:25.298+0000] {dag.py:3096} INFO - Sync 10 DAGs
[2025-12-11T23:16:25.360+0000] {logging_mixin.py:188} INFO - [2025-12-11T23:16:25.360+0000] {dag.py:3954} INFO - Setting next_dagrun for conditional_dataset_and_time_based_timetable to 2025-12-10 01:00:00+00:00, run_after=2025-12-10 01:00:00+00:00
[2025-12-11T23:16:25.374+0000] {logging_mixin.py:188} INFO - [2025-12-11T23:16:25.373+0000] {dag.py:3954} INFO - Setting next_dagrun for consume_1_and_2_with_dataset_expressions to None, run_after=None
[2025-12-11T23:16:25.376+0000] {logging_mixin.py:188} INFO - [2025-12-11T23:16:25.376+0000] {dag.py:3954} INFO - Setting next_dagrun for consume_1_or_2_with_dataset_expressions to None, run_after=None
[2025-12-11T23:16:25.378+0000] {logging_mixin.py:188} INFO - [2025-12-11T23:16:25.378+0000] {dag.py:3954} INFO - Setting next_dagrun for consume_1_or_both_2_and_3_with_dataset_expressions to None, run_after=None
[2025-12-11T23:16:25.380+0000] {logging_mixin.py:188} INFO - [2025-12-11T23:16:25.379+0000] {dag.py:3954} INFO - Setting next_dagrun for dataset_consumes_1 to None, run_after=None
[2025-12-11T23:16:25.381+0000] {logging_mixin.py:188} INFO - [2025-12-11T23:16:25.381+0000] {dag.py:3954} INFO - Setting next_dagrun for dataset_consumes_1_and_2 to None, run_after=None
[2025-12-11T23:16:25.390+0000] {logging_mixin.py:188} INFO - [2025-12-11T23:16:25.390+0000] {dag.py:3954} INFO - Setting next_dagrun for dataset_consumes_1_never_scheduled to None, run_after=None
[2025-12-11T23:16:25.392+0000] {logging_mixin.py:188} INFO - [2025-12-11T23:16:25.392+0000] {dag.py:3954} INFO - Setting next_dagrun for dataset_consumes_unknown_never_scheduled to None, run_after=None
[2025-12-11T23:16:25.396+0000] {logging_mixin.py:188} INFO - [2025-12-11T23:16:25.395+0000] {dag.py:3954} INFO - Setting next_dagrun for dataset_produces_1 to 2025-12-10 00:00:00+00:00, run_after=2025-12-11 00:00:00+00:00
[2025-12-11T23:16:25.397+0000] {logging_mixin.py:188} INFO - [2025-12-11T23:16:25.397+0000] {dag.py:3954} INFO - Setting next_dagrun for dataset_produces_2 to None, run_after=None
[2025-12-11T23:16:25.622+0000] {processor.py:183} INFO - Processing /home/airflow/.local/lib/python3.9/site-packages/airflow/example_dags/example_datasets.py took 0.545 seconds
[2025-12-11T23:16:55.675+0000] {processor.py:161} INFO - Started process (PID=3353) to work on /home/airflow/.local/lib/python3.9/site-packages/airflow/example_dags/example_datasets.py
[2025-12-11T23:16:55.682+0000] {processor.py:830} INFO - Processing file /home/airflow/.local/lib/python3.9/site-packages/airflow/example_dags/example_datasets.py for tasks to queue
[2025-12-11T23:16:55.686+0000] {logging_mixin.py:188} INFO - [2025-12-11T23:16:55.685+0000] {dagbag.py:545} INFO - Filling up the DagBag from /home/airflow/.local/lib/python3.9/site-packages/airflow/example_dags/example_datasets.py
[2025-12-11T23:16:55.706+0000] {processor.py:840} INFO - DAG(s) 'dataset_produces_2', 'consume_1_and_2_with_dataset_expressions', 'dataset_consumes_unknown_never_scheduled', 'dataset_consumes_1_never_scheduled', 'consume_1_or_both_2_and_3_with_dataset_expressions', 'consume_1_or_2_with_dataset_expressions', 'dataset_produces_1', 'dataset_consumes_1', 'dataset_consumes_1_and_2', 'conditional_dataset_and_time_based_timetable' retrieved from /home/airflow/.local/lib/python3.9/site-packages/airflow/example_dags/example_datasets.py
[2025-12-11T23:16:55.779+0000] {logging_mixin.py:188} INFO - [2025-12-11T23:16:55.778+0000] {dag.py:3096} INFO - Sync 10 DAGs
[2025-12-11T23:16:55.821+0000] {logging_mixin.py:188} INFO - [2025-12-11T23:16:55.820+0000] {dag.py:3954} INFO - Setting next_dagrun for conditional_dataset_and_time_based_timetable to 2025-12-10 01:00:00+00:00, run_after=2025-12-10 01:00:00+00:00
[2025-12-11T23:16:55.826+0000] {logging_mixin.py:188} INFO - [2025-12-11T23:16:55.826+0000] {dag.py:3954} INFO - Setting next_dagrun for consume_1_and_2_with_dataset_expressions to None, run_after=None
[2025-12-11T23:16:55.828+0000] {logging_mixin.py:188} INFO - [2025-12-11T23:16:55.827+0000] {dag.py:3954} INFO - Setting next_dagrun for consume_1_or_2_with_dataset_expressions to None, run_after=None
[2025-12-11T23:16:55.829+0000] {logging_mixin.py:188} INFO - [2025-12-11T23:16:55.829+0000] {dag.py:3954} INFO - Setting next_dagrun for consume_1_or_both_2_and_3_with_dataset_expressions to None, run_after=None
[2025-12-11T23:16:55.831+0000] {logging_mixin.py:188} INFO - [2025-12-11T23:16:55.831+0000] {dag.py:3954} INFO - Setting next_dagrun for dataset_consumes_1 to None, run_after=None
[2025-12-11T23:16:55.832+0000] {logging_mixin.py:188} INFO - [2025-12-11T23:16:55.832+0000] {dag.py:3954} INFO - Setting next_dagrun for dataset_consumes_1_and_2 to None, run_after=None
[2025-12-11T23:16:55.833+0000] {logging_mixin.py:188} INFO - [2025-12-11T23:16:55.833+0000] {dag.py:3954} INFO - Setting next_dagrun for dataset_consumes_1_never_scheduled to None, run_after=None
[2025-12-11T23:16:55.835+0000] {logging_mixin.py:188} INFO - [2025-12-11T23:16:55.835+0000] {dag.py:3954} INFO - Setting next_dagrun for dataset_consumes_unknown_never_scheduled to None, run_after=None
[2025-12-11T23:16:55.838+0000] {logging_mixin.py:188} INFO - [2025-12-11T23:16:55.837+0000] {dag.py:3954} INFO - Setting next_dagrun for dataset_produces_1 to 2025-12-10 00:00:00+00:00, run_after=2025-12-11 00:00:00+00:00
[2025-12-11T23:16:55.839+0000] {logging_mixin.py:188} INFO - [2025-12-11T23:16:55.839+0000] {dag.py:3954} INFO - Setting next_dagrun for dataset_produces_2 to None, run_after=None
[2025-12-11T23:16:55.885+0000] {processor.py:183} INFO - Processing /home/airflow/.local/lib/python3.9/site-packages/airflow/example_dags/example_datasets.py took 0.220 seconds
[2025-12-11T23:17:26.256+0000] {processor.py:161} INFO - Started process (PID=3419) to work on /home/airflow/.local/lib/python3.9/site-packages/airflow/example_dags/example_datasets.py
[2025-12-11T23:17:26.258+0000] {processor.py:830} INFO - Processing file /home/airflow/.local/lib/python3.9/site-packages/airflow/example_dags/example_datasets.py for tasks to queue
[2025-12-11T23:17:26.260+0000] {logging_mixin.py:188} INFO - [2025-12-11T23:17:26.260+0000] {dagbag.py:545} INFO - Filling up the DagBag from /home/airflow/.local/lib/python3.9/site-packages/airflow/example_dags/example_datasets.py
[2025-12-11T23:17:26.281+0000] {processor.py:840} INFO - DAG(s) 'conditional_dataset_and_time_based_timetable', 'dataset_produces_1', 'consume_1_or_2_with_dataset_expressions', 'consume_1_or_both_2_and_3_with_dataset_expressions', 'dataset_consumes_unknown_never_scheduled', 'consume_1_and_2_with_dataset_expressions', 'dataset_produces_2', 'dataset_consumes_1', 'dataset_consumes_1_never_scheduled', 'dataset_consumes_1_and_2' retrieved from /home/airflow/.local/lib/python3.9/site-packages/airflow/example_dags/example_datasets.py
[2025-12-11T23:17:26.370+0000] {logging_mixin.py:188} INFO - [2025-12-11T23:17:26.370+0000] {dag.py:3096} INFO - Sync 10 DAGs
[2025-12-11T23:17:26.419+0000] {logging_mixin.py:188} INFO - [2025-12-11T23:17:26.419+0000] {dag.py:3954} INFO - Setting next_dagrun for conditional_dataset_and_time_based_timetable to 2025-12-10 01:00:00+00:00, run_after=2025-12-10 01:00:00+00:00
[2025-12-11T23:17:26.425+0000] {logging_mixin.py:188} INFO - [2025-12-11T23:17:26.425+0000] {dag.py:3954} INFO - Setting next_dagrun for consume_1_and_2_with_dataset_expressions to None, run_after=None
[2025-12-11T23:17:26.427+0000] {logging_mixin.py:188} INFO - [2025-12-11T23:17:26.426+0000] {dag.py:3954} INFO - Setting next_dagrun for consume_1_or_2_with_dataset_expressions to None, run_after=None
[2025-12-11T23:17:26.428+0000] {logging_mixin.py:188} INFO - [2025-12-11T23:17:26.428+0000] {dag.py:3954} INFO - Setting next_dagrun for consume_1_or_both_2_and_3_with_dataset_expressions to None, run_after=None
[2025-12-11T23:17:26.430+0000] {logging_mixin.py:188} INFO - [2025-12-11T23:17:26.430+0000] {dag.py:3954} INFO - Setting next_dagrun for dataset_consumes_1 to None, run_after=None
[2025-12-11T23:17:26.431+0000] {logging_mixin.py:188} INFO - [2025-12-11T23:17:26.431+0000] {dag.py:3954} INFO - Setting next_dagrun for dataset_consumes_1_and_2 to None, run_after=None
[2025-12-11T23:17:26.433+0000] {logging_mixin.py:188} INFO - [2025-12-11T23:17:26.433+0000] {dag.py:3954} INFO - Setting next_dagrun for dataset_consumes_1_never_scheduled to None, run_after=None
[2025-12-11T23:17:26.434+0000] {logging_mixin.py:188} INFO - [2025-12-11T23:17:26.434+0000] {dag.py:3954} INFO - Setting next_dagrun for dataset_consumes_unknown_never_scheduled to None, run_after=None
[2025-12-11T23:17:26.438+0000] {logging_mixin.py:188} INFO - [2025-12-11T23:17:26.437+0000] {dag.py:3954} INFO - Setting next_dagrun for dataset_produces_1 to 2025-12-10 00:00:00+00:00, run_after=2025-12-11 00:00:00+00:00
[2025-12-11T23:17:26.439+0000] {logging_mixin.py:188} INFO - [2025-12-11T23:17:26.439+0000] {dag.py:3954} INFO - Setting next_dagrun for dataset_produces_2 to None, run_after=None
[2025-12-11T23:17:26.496+0000] {processor.py:183} INFO - Processing /home/airflow/.local/lib/python3.9/site-packages/airflow/example_dags/example_datasets.py took 0.251 seconds
[2025-12-11T23:17:56.726+0000] {processor.py:161} INFO - Started process (PID=3487) to work on /home/airflow/.local/lib/python3.9/site-packages/airflow/example_dags/example_datasets.py
[2025-12-11T23:17:56.736+0000] {processor.py:830} INFO - Processing file /home/airflow/.local/lib/python3.9/site-packages/airflow/example_dags/example_datasets.py for tasks to queue
[2025-12-11T23:17:56.740+0000] {logging_mixin.py:188} INFO - [2025-12-11T23:17:56.739+0000] {dagbag.py:545} INFO - Filling up the DagBag from /home/airflow/.local/lib/python3.9/site-packages/airflow/example_dags/example_datasets.py
[2025-12-11T23:17:56.772+0000] {processor.py:840} INFO - DAG(s) 'dataset_consumes_1_never_scheduled', 'consume_1_and_2_with_dataset_expressions', 'dataset_produces_1', 'dataset_produces_2', 'dataset_consumes_1_and_2', 'consume_1_or_2_with_dataset_expressions', 'consume_1_or_both_2_and_3_with_dataset_expressions', 'conditional_dataset_and_time_based_timetable', 'dataset_consumes_1', 'dataset_consumes_unknown_never_scheduled' retrieved from /home/airflow/.local/lib/python3.9/site-packages/airflow/example_dags/example_datasets.py
[2025-12-11T23:17:56.900+0000] {logging_mixin.py:188} INFO - [2025-12-11T23:17:56.899+0000] {dag.py:3096} INFO - Sync 10 DAGs
[2025-12-11T23:17:56.952+0000] {logging_mixin.py:188} INFO - [2025-12-11T23:17:56.951+0000] {dag.py:3954} INFO - Setting next_dagrun for conditional_dataset_and_time_based_timetable to 2025-12-10 01:00:00+00:00, run_after=2025-12-10 01:00:00+00:00
[2025-12-11T23:17:57.158+0000] {logging_mixin.py:188} INFO - [2025-12-11T23:17:57.158+0000] {dag.py:3954} INFO - Setting next_dagrun for consume_1_and_2_with_dataset_expressions to None, run_after=None
[2025-12-11T23:17:57.161+0000] {logging_mixin.py:188} INFO - [2025-12-11T23:17:57.161+0000] {dag.py:3954} INFO - Setting next_dagrun for consume_1_or_2_with_dataset_expressions to None, run_after=None
[2025-12-11T23:17:57.172+0000] {logging_mixin.py:188} INFO - [2025-12-11T23:17:57.171+0000] {dag.py:3954} INFO - Setting next_dagrun for consume_1_or_both_2_and_3_with_dataset_expressions to None, run_after=None
[2025-12-11T23:17:57.174+0000] {logging_mixin.py:188} INFO - [2025-12-11T23:17:57.174+0000] {dag.py:3954} INFO - Setting next_dagrun for dataset_consumes_1 to None, run_after=None
[2025-12-11T23:17:57.176+0000] {logging_mixin.py:188} INFO - [2025-12-11T23:17:57.176+0000] {dag.py:3954} INFO - Setting next_dagrun for dataset_consumes_1_and_2 to None, run_after=None
[2025-12-11T23:17:57.178+0000] {logging_mixin.py:188} INFO - [2025-12-11T23:17:57.178+0000] {dag.py:3954} INFO - Setting next_dagrun for dataset_consumes_1_never_scheduled to None, run_after=None
[2025-12-11T23:17:57.180+0000] {logging_mixin.py:188} INFO - [2025-12-11T23:17:57.180+0000] {dag.py:3954} INFO - Setting next_dagrun for dataset_consumes_unknown_never_scheduled to None, run_after=None
[2025-12-11T23:17:57.185+0000] {logging_mixin.py:188} INFO - [2025-12-11T23:17:57.185+0000] {dag.py:3954} INFO - Setting next_dagrun for dataset_produces_1 to 2025-12-10 00:00:00+00:00, run_after=2025-12-11 00:00:00+00:00
[2025-12-11T23:17:57.187+0000] {logging_mixin.py:188} INFO - [2025-12-11T23:17:57.187+0000] {dag.py:3954} INFO - Setting next_dagrun for dataset_produces_2 to None, run_after=None
[2025-12-11T23:17:57.262+0000] {processor.py:183} INFO - Processing /home/airflow/.local/lib/python3.9/site-packages/airflow/example_dags/example_datasets.py took 0.553 seconds
[2025-12-11T23:18:27.376+0000] {processor.py:161} INFO - Started process (PID=3554) to work on /home/airflow/.local/lib/python3.9/site-packages/airflow/example_dags/example_datasets.py
[2025-12-11T23:18:27.378+0000] {processor.py:830} INFO - Processing file /home/airflow/.local/lib/python3.9/site-packages/airflow/example_dags/example_datasets.py for tasks to queue
[2025-12-11T23:18:27.380+0000] {logging_mixin.py:188} INFO - [2025-12-11T23:18:27.380+0000] {dagbag.py:545} INFO - Filling up the DagBag from /home/airflow/.local/lib/python3.9/site-packages/airflow/example_dags/example_datasets.py
[2025-12-11T23:18:27.401+0000] {processor.py:840} INFO - DAG(s) 'dataset_consumes_1_and_2', 'dataset_produces_1', 'dataset_consumes_unknown_never_scheduled', 'conditional_dataset_and_time_based_timetable', 'consume_1_or_both_2_and_3_with_dataset_expressions', 'consume_1_and_2_with_dataset_expressions', 'dataset_produces_2', 'dataset_consumes_1_never_scheduled', 'consume_1_or_2_with_dataset_expressions', 'dataset_consumes_1' retrieved from /home/airflow/.local/lib/python3.9/site-packages/airflow/example_dags/example_datasets.py
[2025-12-11T23:18:27.479+0000] {logging_mixin.py:188} INFO - [2025-12-11T23:18:27.479+0000] {dag.py:3096} INFO - Sync 10 DAGs
[2025-12-11T23:18:27.527+0000] {logging_mixin.py:188} INFO - [2025-12-11T23:18:27.526+0000] {dag.py:3954} INFO - Setting next_dagrun for conditional_dataset_and_time_based_timetable to 2025-12-10 01:00:00+00:00, run_after=2025-12-10 01:00:00+00:00
[2025-12-11T23:18:27.536+0000] {logging_mixin.py:188} INFO - [2025-12-11T23:18:27.536+0000] {dag.py:3954} INFO - Setting next_dagrun for consume_1_and_2_with_dataset_expressions to None, run_after=None
[2025-12-11T23:18:27.538+0000] {logging_mixin.py:188} INFO - [2025-12-11T23:18:27.538+0000] {dag.py:3954} INFO - Setting next_dagrun for consume_1_or_2_with_dataset_expressions to None, run_after=None
[2025-12-11T23:18:27.540+0000] {logging_mixin.py:188} INFO - [2025-12-11T23:18:27.540+0000] {dag.py:3954} INFO - Setting next_dagrun for consume_1_or_both_2_and_3_with_dataset_expressions to None, run_after=None
[2025-12-11T23:18:27.541+0000] {logging_mixin.py:188} INFO - [2025-12-11T23:18:27.541+0000] {dag.py:3954} INFO - Setting next_dagrun for dataset_consumes_1 to None, run_after=None
[2025-12-11T23:18:27.543+0000] {logging_mixin.py:188} INFO - [2025-12-11T23:18:27.543+0000] {dag.py:3954} INFO - Setting next_dagrun for dataset_consumes_1_and_2 to None, run_after=None
[2025-12-11T23:18:27.544+0000] {logging_mixin.py:188} INFO - [2025-12-11T23:18:27.544+0000] {dag.py:3954} INFO - Setting next_dagrun for dataset_consumes_1_never_scheduled to None, run_after=None
[2025-12-11T23:18:27.546+0000] {logging_mixin.py:188} INFO - [2025-12-11T23:18:27.546+0000] {dag.py:3954} INFO - Setting next_dagrun for dataset_consumes_unknown_never_scheduled to None, run_after=None
[2025-12-11T23:18:27.551+0000] {logging_mixin.py:188} INFO - [2025-12-11T23:18:27.550+0000] {dag.py:3954} INFO - Setting next_dagrun for dataset_produces_1 to 2025-12-10 00:00:00+00:00, run_after=2025-12-11 00:00:00+00:00
[2025-12-11T23:18:27.552+0000] {logging_mixin.py:188} INFO - [2025-12-11T23:18:27.552+0000] {dag.py:3954} INFO - Setting next_dagrun for dataset_produces_2 to None, run_after=None
[2025-12-11T23:18:27.602+0000] {processor.py:183} INFO - Processing /home/airflow/.local/lib/python3.9/site-packages/airflow/example_dags/example_datasets.py took 0.236 seconds
[2025-12-11T23:18:57.811+0000] {processor.py:161} INFO - Started process (PID=3621) to work on /home/airflow/.local/lib/python3.9/site-packages/airflow/example_dags/example_datasets.py
[2025-12-11T23:18:57.813+0000] {processor.py:830} INFO - Processing file /home/airflow/.local/lib/python3.9/site-packages/airflow/example_dags/example_datasets.py for tasks to queue
[2025-12-11T23:18:57.816+0000] {logging_mixin.py:188} INFO - [2025-12-11T23:18:57.816+0000] {dagbag.py:545} INFO - Filling up the DagBag from /home/airflow/.local/lib/python3.9/site-packages/airflow/example_dags/example_datasets.py
[2025-12-11T23:18:57.857+0000] {processor.py:840} INFO - DAG(s) 'dataset_produces_1', 'dataset_consumes_1_and_2', 'dataset_produces_2', 'conditional_dataset_and_time_based_timetable', 'consume_1_and_2_with_dataset_expressions', 'dataset_consumes_1_never_scheduled', 'dataset_consumes_1', 'dataset_consumes_unknown_never_scheduled', 'consume_1_or_both_2_and_3_with_dataset_expressions', 'consume_1_or_2_with_dataset_expressions' retrieved from /home/airflow/.local/lib/python3.9/site-packages/airflow/example_dags/example_datasets.py
[2025-12-11T23:18:58.013+0000] {logging_mixin.py:188} INFO - [2025-12-11T23:18:58.013+0000] {dag.py:3096} INFO - Sync 10 DAGs
[2025-12-11T23:18:58.111+0000] {logging_mixin.py:188} INFO - [2025-12-11T23:18:58.111+0000] {dag.py:3954} INFO - Setting next_dagrun for conditional_dataset_and_time_based_timetable to 2025-12-10 01:00:00+00:00, run_after=2025-12-10 01:00:00+00:00
[2025-12-11T23:18:58.120+0000] {logging_mixin.py:188} INFO - [2025-12-11T23:18:58.120+0000] {dag.py:3954} INFO - Setting next_dagrun for consume_1_and_2_with_dataset_expressions to None, run_after=None
[2025-12-11T23:18:58.123+0000] {logging_mixin.py:188} INFO - [2025-12-11T23:18:58.122+0000] {dag.py:3954} INFO - Setting next_dagrun for consume_1_or_2_with_dataset_expressions to None, run_after=None
[2025-12-11T23:18:58.131+0000] {logging_mixin.py:188} INFO - [2025-12-11T23:18:58.131+0000] {dag.py:3954} INFO - Setting next_dagrun for consume_1_or_both_2_and_3_with_dataset_expressions to None, run_after=None
[2025-12-11T23:18:58.134+0000] {logging_mixin.py:188} INFO - [2025-12-11T23:18:58.134+0000] {dag.py:3954} INFO - Setting next_dagrun for dataset_consumes_1 to None, run_after=None
[2025-12-11T23:18:58.136+0000] {logging_mixin.py:188} INFO - [2025-12-11T23:18:58.136+0000] {dag.py:3954} INFO - Setting next_dagrun for dataset_consumes_1_and_2 to None, run_after=None
[2025-12-11T23:18:58.138+0000] {logging_mixin.py:188} INFO - [2025-12-11T23:18:58.137+0000] {dag.py:3954} INFO - Setting next_dagrun for dataset_consumes_1_never_scheduled to None, run_after=None
[2025-12-11T23:18:58.139+0000] {logging_mixin.py:188} INFO - [2025-12-11T23:18:58.139+0000] {dag.py:3954} INFO - Setting next_dagrun for dataset_consumes_unknown_never_scheduled to None, run_after=None
[2025-12-11T23:18:58.150+0000] {logging_mixin.py:188} INFO - [2025-12-11T23:18:58.150+0000] {dag.py:3954} INFO - Setting next_dagrun for dataset_produces_1 to 2025-12-10 00:00:00+00:00, run_after=2025-12-11 00:00:00+00:00
[2025-12-11T23:18:58.152+0000] {logging_mixin.py:188} INFO - [2025-12-11T23:18:58.152+0000] {dag.py:3954} INFO - Setting next_dagrun for dataset_produces_2 to None, run_after=None
[2025-12-11T23:18:58.220+0000] {processor.py:183} INFO - Processing /home/airflow/.local/lib/python3.9/site-packages/airflow/example_dags/example_datasets.py took 0.433 seconds
[2025-12-11T23:19:28.473+0000] {processor.py:161} INFO - Started process (PID=3689) to work on /home/airflow/.local/lib/python3.9/site-packages/airflow/example_dags/example_datasets.py
[2025-12-11T23:19:28.478+0000] {processor.py:830} INFO - Processing file /home/airflow/.local/lib/python3.9/site-packages/airflow/example_dags/example_datasets.py for tasks to queue
[2025-12-11T23:19:28.483+0000] {logging_mixin.py:188} INFO - [2025-12-11T23:19:28.482+0000] {dagbag.py:545} INFO - Filling up the DagBag from /home/airflow/.local/lib/python3.9/site-packages/airflow/example_dags/example_datasets.py
[2025-12-11T23:19:28.513+0000] {processor.py:840} INFO - DAG(s) 'consume_1_or_2_with_dataset_expressions', 'dataset_consumes_1_never_scheduled', 'dataset_produces_2', 'dataset_consumes_unknown_never_scheduled', 'consume_1_or_both_2_and_3_with_dataset_expressions', 'conditional_dataset_and_time_based_timetable', 'dataset_consumes_1', 'dataset_consumes_1_and_2', 'consume_1_and_2_with_dataset_expressions', 'dataset_produces_1' retrieved from /home/airflow/.local/lib/python3.9/site-packages/airflow/example_dags/example_datasets.py
[2025-12-11T23:19:28.616+0000] {logging_mixin.py:188} INFO - [2025-12-11T23:19:28.616+0000] {dag.py:3096} INFO - Sync 10 DAGs
[2025-12-11T23:19:28.712+0000] {logging_mixin.py:188} INFO - [2025-12-11T23:19:28.711+0000] {dag.py:3954} INFO - Setting next_dagrun for conditional_dataset_and_time_based_timetable to 2025-12-10 01:00:00+00:00, run_after=2025-12-10 01:00:00+00:00
[2025-12-11T23:19:28.734+0000] {logging_mixin.py:188} INFO - [2025-12-11T23:19:28.733+0000] {dag.py:3954} INFO - Setting next_dagrun for consume_1_and_2_with_dataset_expressions to None, run_after=None
[2025-12-11T23:19:28.737+0000] {logging_mixin.py:188} INFO - [2025-12-11T23:19:28.736+0000] {dag.py:3954} INFO - Setting next_dagrun for consume_1_or_2_with_dataset_expressions to None, run_after=None
[2025-12-11T23:19:28.739+0000] {logging_mixin.py:188} INFO - [2025-12-11T23:19:28.739+0000] {dag.py:3954} INFO - Setting next_dagrun for consume_1_or_both_2_and_3_with_dataset_expressions to None, run_after=None
[2025-12-11T23:19:28.741+0000] {logging_mixin.py:188} INFO - [2025-12-11T23:19:28.741+0000] {dag.py:3954} INFO - Setting next_dagrun for dataset_consumes_1 to None, run_after=None
[2025-12-11T23:19:28.752+0000] {logging_mixin.py:188} INFO - [2025-12-11T23:19:28.751+0000] {dag.py:3954} INFO - Setting next_dagrun for dataset_consumes_1_and_2 to None, run_after=None
[2025-12-11T23:19:28.755+0000] {logging_mixin.py:188} INFO - [2025-12-11T23:19:28.754+0000] {dag.py:3954} INFO - Setting next_dagrun for dataset_consumes_1_never_scheduled to None, run_after=None
[2025-12-11T23:19:28.757+0000] {logging_mixin.py:188} INFO - [2025-12-11T23:19:28.757+0000] {dag.py:3954} INFO - Setting next_dagrun for dataset_consumes_unknown_never_scheduled to None, run_after=None
[2025-12-11T23:19:28.761+0000] {logging_mixin.py:188} INFO - [2025-12-11T23:19:28.761+0000] {dag.py:3954} INFO - Setting next_dagrun for dataset_produces_1 to 2025-12-10 00:00:00+00:00, run_after=2025-12-11 00:00:00+00:00
[2025-12-11T23:19:28.763+0000] {logging_mixin.py:188} INFO - [2025-12-11T23:19:28.763+0000] {dag.py:3954} INFO - Setting next_dagrun for dataset_produces_2 to None, run_after=None
[2025-12-11T23:19:28.845+0000] {processor.py:183} INFO - Processing /home/airflow/.local/lib/python3.9/site-packages/airflow/example_dags/example_datasets.py took 0.386 seconds
[2025-12-11T23:19:59.011+0000] {processor.py:161} INFO - Started process (PID=3754) to work on /home/airflow/.local/lib/python3.9/site-packages/airflow/example_dags/example_datasets.py
[2025-12-11T23:19:59.012+0000] {processor.py:830} INFO - Processing file /home/airflow/.local/lib/python3.9/site-packages/airflow/example_dags/example_datasets.py for tasks to queue
[2025-12-11T23:19:59.015+0000] {logging_mixin.py:188} INFO - [2025-12-11T23:19:59.015+0000] {dagbag.py:545} INFO - Filling up the DagBag from /home/airflow/.local/lib/python3.9/site-packages/airflow/example_dags/example_datasets.py
[2025-12-11T23:19:59.057+0000] {processor.py:840} INFO - DAG(s) 'dataset_consumes_1_never_scheduled', 'dataset_consumes_1', 'consume_1_or_both_2_and_3_with_dataset_expressions', 'dataset_produces_1', 'dataset_consumes_unknown_never_scheduled', 'dataset_consumes_1_and_2', 'consume_1_and_2_with_dataset_expressions', 'dataset_produces_2', 'conditional_dataset_and_time_based_timetable', 'consume_1_or_2_with_dataset_expressions' retrieved from /home/airflow/.local/lib/python3.9/site-packages/airflow/example_dags/example_datasets.py
[2025-12-11T23:19:59.192+0000] {logging_mixin.py:188} INFO - [2025-12-11T23:19:59.192+0000] {dag.py:3096} INFO - Sync 10 DAGs
[2025-12-11T23:19:59.275+0000] {logging_mixin.py:188} INFO - [2025-12-11T23:19:59.274+0000] {dag.py:3954} INFO - Setting next_dagrun for conditional_dataset_and_time_based_timetable to 2025-12-10 01:00:00+00:00, run_after=2025-12-10 01:00:00+00:00
[2025-12-11T23:19:59.293+0000] {logging_mixin.py:188} INFO - [2025-12-11T23:19:59.292+0000] {dag.py:3954} INFO - Setting next_dagrun for consume_1_and_2_with_dataset_expressions to None, run_after=None
[2025-12-11T23:19:59.297+0000] {logging_mixin.py:188} INFO - [2025-12-11T23:19:59.296+0000] {dag.py:3954} INFO - Setting next_dagrun for consume_1_or_2_with_dataset_expressions to None, run_after=None
[2025-12-11T23:19:59.300+0000] {logging_mixin.py:188} INFO - [2025-12-11T23:19:59.299+0000] {dag.py:3954} INFO - Setting next_dagrun for consume_1_or_both_2_and_3_with_dataset_expressions to None, run_after=None
[2025-12-11T23:19:59.303+0000] {logging_mixin.py:188} INFO - [2025-12-11T23:19:59.302+0000] {dag.py:3954} INFO - Setting next_dagrun for dataset_consumes_1 to None, run_after=None
[2025-12-11T23:19:59.312+0000] {logging_mixin.py:188} INFO - [2025-12-11T23:19:59.311+0000] {dag.py:3954} INFO - Setting next_dagrun for dataset_consumes_1_and_2 to None, run_after=None
[2025-12-11T23:19:59.314+0000] {logging_mixin.py:188} INFO - [2025-12-11T23:19:59.314+0000] {dag.py:3954} INFO - Setting next_dagrun for dataset_consumes_1_never_scheduled to None, run_after=None
[2025-12-11T23:19:59.316+0000] {logging_mixin.py:188} INFO - [2025-12-11T23:19:59.316+0000] {dag.py:3954} INFO - Setting next_dagrun for dataset_consumes_unknown_never_scheduled to None, run_after=None
[2025-12-11T23:19:59.331+0000] {logging_mixin.py:188} INFO - [2025-12-11T23:19:59.320+0000] {dag.py:3954} INFO - Setting next_dagrun for dataset_produces_1 to 2025-12-10 00:00:00+00:00, run_after=2025-12-11 00:00:00+00:00
[2025-12-11T23:19:59.334+0000] {logging_mixin.py:188} INFO - [2025-12-11T23:19:59.334+0000] {dag.py:3954} INFO - Setting next_dagrun for dataset_produces_2 to None, run_after=None
[2025-12-11T23:19:59.459+0000] {processor.py:183} INFO - Processing /home/airflow/.local/lib/python3.9/site-packages/airflow/example_dags/example_datasets.py took 0.465 seconds
[2025-12-11T23:20:29.885+0000] {processor.py:161} INFO - Started process (PID=3821) to work on /home/airflow/.local/lib/python3.9/site-packages/airflow/example_dags/example_datasets.py
[2025-12-11T23:20:29.908+0000] {processor.py:830} INFO - Processing file /home/airflow/.local/lib/python3.9/site-packages/airflow/example_dags/example_datasets.py for tasks to queue
[2025-12-11T23:20:29.911+0000] {logging_mixin.py:188} INFO - [2025-12-11T23:20:29.911+0000] {dagbag.py:545} INFO - Filling up the DagBag from /home/airflow/.local/lib/python3.9/site-packages/airflow/example_dags/example_datasets.py
[2025-12-11T23:20:29.934+0000] {processor.py:840} INFO - DAG(s) 'conditional_dataset_and_time_based_timetable', 'consume_1_or_both_2_and_3_with_dataset_expressions', 'dataset_produces_1', 'consume_1_and_2_with_dataset_expressions', 'consume_1_or_2_with_dataset_expressions', 'dataset_consumes_1_never_scheduled', 'dataset_consumes_1_and_2', 'dataset_consumes_1', 'dataset_produces_2', 'dataset_consumes_unknown_never_scheduled' retrieved from /home/airflow/.local/lib/python3.9/site-packages/airflow/example_dags/example_datasets.py
[2025-12-11T23:20:30.027+0000] {logging_mixin.py:188} INFO - [2025-12-11T23:20:30.026+0000] {dag.py:3096} INFO - Sync 10 DAGs
[2025-12-11T23:20:30.087+0000] {logging_mixin.py:188} INFO - [2025-12-11T23:20:30.086+0000] {dag.py:3954} INFO - Setting next_dagrun for conditional_dataset_and_time_based_timetable to 2025-12-10 01:00:00+00:00, run_after=2025-12-10 01:00:00+00:00
[2025-12-11T23:20:30.096+0000] {logging_mixin.py:188} INFO - [2025-12-11T23:20:30.096+0000] {dag.py:3954} INFO - Setting next_dagrun for consume_1_and_2_with_dataset_expressions to None, run_after=None
[2025-12-11T23:20:30.099+0000] {logging_mixin.py:188} INFO - [2025-12-11T23:20:30.099+0000] {dag.py:3954} INFO - Setting next_dagrun for consume_1_or_2_with_dataset_expressions to None, run_after=None
[2025-12-11T23:20:30.101+0000] {logging_mixin.py:188} INFO - [2025-12-11T23:20:30.101+0000] {dag.py:3954} INFO - Setting next_dagrun for consume_1_or_both_2_and_3_with_dataset_expressions to None, run_after=None
[2025-12-11T23:20:30.103+0000] {logging_mixin.py:188} INFO - [2025-12-11T23:20:30.103+0000] {dag.py:3954} INFO - Setting next_dagrun for dataset_consumes_1 to None, run_after=None
[2025-12-11T23:20:30.105+0000] {logging_mixin.py:188} INFO - [2025-12-11T23:20:30.105+0000] {dag.py:3954} INFO - Setting next_dagrun for dataset_consumes_1_and_2 to None, run_after=None
[2025-12-11T23:20:30.107+0000] {logging_mixin.py:188} INFO - [2025-12-11T23:20:30.106+0000] {dag.py:3954} INFO - Setting next_dagrun for dataset_consumes_1_never_scheduled to None, run_after=None
[2025-12-11T23:20:30.108+0000] {logging_mixin.py:188} INFO - [2025-12-11T23:20:30.108+0000] {dag.py:3954} INFO - Setting next_dagrun for dataset_consumes_unknown_never_scheduled to None, run_after=None
[2025-12-11T23:20:30.112+0000] {logging_mixin.py:188} INFO - [2025-12-11T23:20:30.112+0000] {dag.py:3954} INFO - Setting next_dagrun for dataset_produces_1 to 2025-12-10 00:00:00+00:00, run_after=2025-12-11 00:00:00+00:00
[2025-12-11T23:20:30.115+0000] {logging_mixin.py:188} INFO - [2025-12-11T23:20:30.114+0000] {dag.py:3954} INFO - Setting next_dagrun for dataset_produces_2 to None, run_after=None
[2025-12-11T23:20:30.191+0000] {processor.py:183} INFO - Processing /home/airflow/.local/lib/python3.9/site-packages/airflow/example_dags/example_datasets.py took 0.318 seconds
[2025-12-11T23:21:00.724+0000] {processor.py:161} INFO - Started process (PID=3888) to work on /home/airflow/.local/lib/python3.9/site-packages/airflow/example_dags/example_datasets.py
[2025-12-11T23:21:00.878+0000] {processor.py:830} INFO - Processing file /home/airflow/.local/lib/python3.9/site-packages/airflow/example_dags/example_datasets.py for tasks to queue
[2025-12-11T23:21:00.881+0000] {logging_mixin.py:188} INFO - [2025-12-11T23:21:00.881+0000] {dagbag.py:545} INFO - Filling up the DagBag from /home/airflow/.local/lib/python3.9/site-packages/airflow/example_dags/example_datasets.py
[2025-12-11T23:21:00.916+0000] {processor.py:840} INFO - DAG(s) 'dataset_produces_1', 'consume_1_or_both_2_and_3_with_dataset_expressions', 'consume_1_and_2_with_dataset_expressions', 'dataset_consumes_1_and_2', 'dataset_consumes_1', 'dataset_produces_2', 'consume_1_or_2_with_dataset_expressions', 'dataset_consumes_1_never_scheduled', 'conditional_dataset_and_time_based_timetable', 'dataset_consumes_unknown_never_scheduled' retrieved from /home/airflow/.local/lib/python3.9/site-packages/airflow/example_dags/example_datasets.py
[2025-12-11T23:21:01.082+0000] {logging_mixin.py:188} INFO - [2025-12-11T23:21:01.082+0000] {dag.py:3096} INFO - Sync 10 DAGs
[2025-12-11T23:21:01.130+0000] {logging_mixin.py:188} INFO - [2025-12-11T23:21:01.130+0000] {dag.py:3954} INFO - Setting next_dagrun for conditional_dataset_and_time_based_timetable to 2025-12-10 01:00:00+00:00, run_after=2025-12-10 01:00:00+00:00
[2025-12-11T23:21:01.135+0000] {logging_mixin.py:188} INFO - [2025-12-11T23:21:01.135+0000] {dag.py:3954} INFO - Setting next_dagrun for consume_1_and_2_with_dataset_expressions to None, run_after=None
[2025-12-11T23:21:01.137+0000] {logging_mixin.py:188} INFO - [2025-12-11T23:21:01.137+0000] {dag.py:3954} INFO - Setting next_dagrun for consume_1_or_2_with_dataset_expressions to None, run_after=None
[2025-12-11T23:21:01.138+0000] {logging_mixin.py:188} INFO - [2025-12-11T23:21:01.138+0000] {dag.py:3954} INFO - Setting next_dagrun for consume_1_or_both_2_and_3_with_dataset_expressions to None, run_after=None
[2025-12-11T23:21:01.140+0000] {logging_mixin.py:188} INFO - [2025-12-11T23:21:01.140+0000] {dag.py:3954} INFO - Setting next_dagrun for dataset_consumes_1 to None, run_after=None
[2025-12-11T23:21:01.141+0000] {logging_mixin.py:188} INFO - [2025-12-11T23:21:01.141+0000] {dag.py:3954} INFO - Setting next_dagrun for dataset_consumes_1_and_2 to None, run_after=None
[2025-12-11T23:21:01.143+0000] {logging_mixin.py:188} INFO - [2025-12-11T23:21:01.143+0000] {dag.py:3954} INFO - Setting next_dagrun for dataset_consumes_1_never_scheduled to None, run_after=None
[2025-12-11T23:21:01.144+0000] {logging_mixin.py:188} INFO - [2025-12-11T23:21:01.144+0000] {dag.py:3954} INFO - Setting next_dagrun for dataset_consumes_unknown_never_scheduled to None, run_after=None
[2025-12-11T23:21:01.147+0000] {logging_mixin.py:188} INFO - [2025-12-11T23:21:01.147+0000] {dag.py:3954} INFO - Setting next_dagrun for dataset_produces_1 to 2025-12-10 00:00:00+00:00, run_after=2025-12-11 00:00:00+00:00
[2025-12-11T23:21:01.148+0000] {logging_mixin.py:188} INFO - [2025-12-11T23:21:01.148+0000] {dag.py:3954} INFO - Setting next_dagrun for dataset_produces_2 to None, run_after=None
[2025-12-11T23:21:01.415+0000] {processor.py:183} INFO - Processing /home/airflow/.local/lib/python3.9/site-packages/airflow/example_dags/example_datasets.py took 0.702 seconds
[2025-12-11T23:21:31.574+0000] {processor.py:161} INFO - Started process (PID=3956) to work on /home/airflow/.local/lib/python3.9/site-packages/airflow/example_dags/example_datasets.py
[2025-12-11T23:21:31.576+0000] {processor.py:830} INFO - Processing file /home/airflow/.local/lib/python3.9/site-packages/airflow/example_dags/example_datasets.py for tasks to queue
[2025-12-11T23:21:31.578+0000] {logging_mixin.py:188} INFO - [2025-12-11T23:21:31.578+0000] {dagbag.py:545} INFO - Filling up the DagBag from /home/airflow/.local/lib/python3.9/site-packages/airflow/example_dags/example_datasets.py
[2025-12-11T23:21:31.598+0000] {processor.py:840} INFO - DAG(s) 'dataset_produces_2', 'conditional_dataset_and_time_based_timetable', 'dataset_consumes_unknown_never_scheduled', 'consume_1_and_2_with_dataset_expressions', 'dataset_consumes_1_never_scheduled', 'consume_1_or_both_2_and_3_with_dataset_expressions', 'dataset_produces_1', 'dataset_consumes_1_and_2', 'consume_1_or_2_with_dataset_expressions', 'dataset_consumes_1' retrieved from /home/airflow/.local/lib/python3.9/site-packages/airflow/example_dags/example_datasets.py
[2025-12-11T23:21:31.673+0000] {logging_mixin.py:188} INFO - [2025-12-11T23:21:31.672+0000] {dag.py:3096} INFO - Sync 10 DAGs
[2025-12-11T23:21:31.718+0000] {logging_mixin.py:188} INFO - [2025-12-11T23:21:31.718+0000] {dag.py:3954} INFO - Setting next_dagrun for conditional_dataset_and_time_based_timetable to 2025-12-10 01:00:00+00:00, run_after=2025-12-10 01:00:00+00:00
[2025-12-11T23:21:31.725+0000] {logging_mixin.py:188} INFO - [2025-12-11T23:21:31.725+0000] {dag.py:3954} INFO - Setting next_dagrun for consume_1_and_2_with_dataset_expressions to None, run_after=None
[2025-12-11T23:21:31.727+0000] {logging_mixin.py:188} INFO - [2025-12-11T23:21:31.726+0000] {dag.py:3954} INFO - Setting next_dagrun for consume_1_or_2_with_dataset_expressions to None, run_after=None
[2025-12-11T23:21:31.728+0000] {logging_mixin.py:188} INFO - [2025-12-11T23:21:31.728+0000] {dag.py:3954} INFO - Setting next_dagrun for consume_1_or_both_2_and_3_with_dataset_expressions to None, run_after=None
[2025-12-11T23:21:31.730+0000] {logging_mixin.py:188} INFO - [2025-12-11T23:21:31.730+0000] {dag.py:3954} INFO - Setting next_dagrun for dataset_consumes_1 to None, run_after=None
[2025-12-11T23:21:31.731+0000] {logging_mixin.py:188} INFO - [2025-12-11T23:21:31.731+0000] {dag.py:3954} INFO - Setting next_dagrun for dataset_consumes_1_and_2 to None, run_after=None
[2025-12-11T23:21:31.733+0000] {logging_mixin.py:188} INFO - [2025-12-11T23:21:31.733+0000] {dag.py:3954} INFO - Setting next_dagrun for dataset_consumes_1_never_scheduled to None, run_after=None
[2025-12-11T23:21:31.734+0000] {logging_mixin.py:188} INFO - [2025-12-11T23:21:31.734+0000] {dag.py:3954} INFO - Setting next_dagrun for dataset_consumes_unknown_never_scheduled to None, run_after=None
[2025-12-11T23:21:31.737+0000] {logging_mixin.py:188} INFO - [2025-12-11T23:21:31.737+0000] {dag.py:3954} INFO - Setting next_dagrun for dataset_produces_1 to 2025-12-10 00:00:00+00:00, run_after=2025-12-11 00:00:00+00:00
[2025-12-11T23:21:31.738+0000] {logging_mixin.py:188} INFO - [2025-12-11T23:21:31.738+0000] {dag.py:3954} INFO - Setting next_dagrun for dataset_produces_2 to None, run_after=None
[2025-12-11T23:21:31.789+0000] {processor.py:183} INFO - Processing /home/airflow/.local/lib/python3.9/site-packages/airflow/example_dags/example_datasets.py took 0.226 seconds
[2025-12-11T23:22:01.835+0000] {processor.py:161} INFO - Started process (PID=4023) to work on /home/airflow/.local/lib/python3.9/site-packages/airflow/example_dags/example_datasets.py
[2025-12-11T23:22:01.837+0000] {processor.py:830} INFO - Processing file /home/airflow/.local/lib/python3.9/site-packages/airflow/example_dags/example_datasets.py for tasks to queue
[2025-12-11T23:22:01.839+0000] {logging_mixin.py:188} INFO - [2025-12-11T23:22:01.839+0000] {dagbag.py:545} INFO - Filling up the DagBag from /home/airflow/.local/lib/python3.9/site-packages/airflow/example_dags/example_datasets.py
[2025-12-11T23:22:01.860+0000] {processor.py:840} INFO - DAG(s) 'dataset_produces_2', 'dataset_consumes_unknown_never_scheduled', 'consume_1_or_2_with_dataset_expressions', 'dataset_consumes_1_and_2', 'dataset_consumes_1', 'conditional_dataset_and_time_based_timetable', 'dataset_produces_1', 'dataset_consumes_1_never_scheduled', 'consume_1_and_2_with_dataset_expressions', 'consume_1_or_both_2_and_3_with_dataset_expressions' retrieved from /home/airflow/.local/lib/python3.9/site-packages/airflow/example_dags/example_datasets.py
[2025-12-11T23:22:01.931+0000] {logging_mixin.py:188} INFO - [2025-12-11T23:22:01.931+0000] {dag.py:3096} INFO - Sync 10 DAGs
[2025-12-11T23:22:01.974+0000] {logging_mixin.py:188} INFO - [2025-12-11T23:22:01.973+0000] {dag.py:3954} INFO - Setting next_dagrun for conditional_dataset_and_time_based_timetable to 2025-12-10 01:00:00+00:00, run_after=2025-12-10 01:00:00+00:00
[2025-12-11T23:22:01.979+0000] {logging_mixin.py:188} INFO - [2025-12-11T23:22:01.979+0000] {dag.py:3954} INFO - Setting next_dagrun for consume_1_and_2_with_dataset_expressions to None, run_after=None
[2025-12-11T23:22:01.981+0000] {logging_mixin.py:188} INFO - [2025-12-11T23:22:01.981+0000] {dag.py:3954} INFO - Setting next_dagrun for consume_1_or_2_with_dataset_expressions to None, run_after=None
[2025-12-11T23:22:01.983+0000] {logging_mixin.py:188} INFO - [2025-12-11T23:22:01.982+0000] {dag.py:3954} INFO - Setting next_dagrun for consume_1_or_both_2_and_3_with_dataset_expressions to None, run_after=None
[2025-12-11T23:22:01.984+0000] {logging_mixin.py:188} INFO - [2025-12-11T23:22:01.984+0000] {dag.py:3954} INFO - Setting next_dagrun for dataset_consumes_1 to None, run_after=None
[2025-12-11T23:22:01.985+0000] {logging_mixin.py:188} INFO - [2025-12-11T23:22:01.985+0000] {dag.py:3954} INFO - Setting next_dagrun for dataset_consumes_1_and_2 to None, run_after=None
[2025-12-11T23:22:01.987+0000] {logging_mixin.py:188} INFO - [2025-12-11T23:22:01.987+0000] {dag.py:3954} INFO - Setting next_dagrun for dataset_consumes_1_never_scheduled to None, run_after=None
[2025-12-11T23:22:01.988+0000] {logging_mixin.py:188} INFO - [2025-12-11T23:22:01.988+0000] {dag.py:3954} INFO - Setting next_dagrun for dataset_consumes_unknown_never_scheduled to None, run_after=None
[2025-12-11T23:22:01.991+0000] {logging_mixin.py:188} INFO - [2025-12-11T23:22:01.991+0000] {dag.py:3954} INFO - Setting next_dagrun for dataset_produces_1 to 2025-12-10 00:00:00+00:00, run_after=2025-12-11 00:00:00+00:00
[2025-12-11T23:22:01.993+0000] {logging_mixin.py:188} INFO - [2025-12-11T23:22:01.993+0000] {dag.py:3954} INFO - Setting next_dagrun for dataset_produces_2 to None, run_after=None
[2025-12-11T23:22:02.045+0000] {processor.py:183} INFO - Processing /home/airflow/.local/lib/python3.9/site-packages/airflow/example_dags/example_datasets.py took 0.221 seconds
[2025-12-11T23:22:32.238+0000] {processor.py:161} INFO - Started process (PID=4089) to work on /home/airflow/.local/lib/python3.9/site-packages/airflow/example_dags/example_datasets.py
[2025-12-11T23:22:32.240+0000] {processor.py:830} INFO - Processing file /home/airflow/.local/lib/python3.9/site-packages/airflow/example_dags/example_datasets.py for tasks to queue
[2025-12-11T23:22:32.243+0000] {logging_mixin.py:188} INFO - [2025-12-11T23:22:32.242+0000] {dagbag.py:545} INFO - Filling up the DagBag from /home/airflow/.local/lib/python3.9/site-packages/airflow/example_dags/example_datasets.py
[2025-12-11T23:22:32.265+0000] {processor.py:840} INFO - DAG(s) 'consume_1_and_2_with_dataset_expressions', 'dataset_consumes_unknown_never_scheduled', 'consume_1_or_both_2_and_3_with_dataset_expressions', 'dataset_produces_2', 'dataset_consumes_1_and_2', 'dataset_consumes_1_never_scheduled', 'dataset_consumes_1', 'conditional_dataset_and_time_based_timetable', 'dataset_produces_1', 'consume_1_or_2_with_dataset_expressions' retrieved from /home/airflow/.local/lib/python3.9/site-packages/airflow/example_dags/example_datasets.py
[2025-12-11T23:22:32.338+0000] {logging_mixin.py:188} INFO - [2025-12-11T23:22:32.337+0000] {dag.py:3096} INFO - Sync 10 DAGs
[2025-12-11T23:22:32.383+0000] {logging_mixin.py:188} INFO - [2025-12-11T23:22:32.382+0000] {dag.py:3954} INFO - Setting next_dagrun for conditional_dataset_and_time_based_timetable to 2025-12-10 01:00:00+00:00, run_after=2025-12-10 01:00:00+00:00
[2025-12-11T23:22:32.390+0000] {logging_mixin.py:188} INFO - [2025-12-11T23:22:32.390+0000] {dag.py:3954} INFO - Setting next_dagrun for consume_1_and_2_with_dataset_expressions to None, run_after=None
[2025-12-11T23:22:32.392+0000] {logging_mixin.py:188} INFO - [2025-12-11T23:22:32.392+0000] {dag.py:3954} INFO - Setting next_dagrun for consume_1_or_2_with_dataset_expressions to None, run_after=None
[2025-12-11T23:22:32.394+0000] {logging_mixin.py:188} INFO - [2025-12-11T23:22:32.393+0000] {dag.py:3954} INFO - Setting next_dagrun for consume_1_or_both_2_and_3_with_dataset_expressions to None, run_after=None
[2025-12-11T23:22:32.395+0000] {logging_mixin.py:188} INFO - [2025-12-11T23:22:32.395+0000] {dag.py:3954} INFO - Setting next_dagrun for dataset_consumes_1 to None, run_after=None
[2025-12-11T23:22:32.396+0000] {logging_mixin.py:188} INFO - [2025-12-11T23:22:32.396+0000] {dag.py:3954} INFO - Setting next_dagrun for dataset_consumes_1_and_2 to None, run_after=None
[2025-12-11T23:22:32.398+0000] {logging_mixin.py:188} INFO - [2025-12-11T23:22:32.398+0000] {dag.py:3954} INFO - Setting next_dagrun for dataset_consumes_1_never_scheduled to None, run_after=None
[2025-12-11T23:22:32.399+0000] {logging_mixin.py:188} INFO - [2025-12-11T23:22:32.399+0000] {dag.py:3954} INFO - Setting next_dagrun for dataset_consumes_unknown_never_scheduled to None, run_after=None
[2025-12-11T23:22:32.402+0000] {logging_mixin.py:188} INFO - [2025-12-11T23:22:32.402+0000] {dag.py:3954} INFO - Setting next_dagrun for dataset_produces_1 to 2025-12-10 00:00:00+00:00, run_after=2025-12-11 00:00:00+00:00
[2025-12-11T23:22:32.403+0000] {logging_mixin.py:188} INFO - [2025-12-11T23:22:32.403+0000] {dag.py:3954} INFO - Setting next_dagrun for dataset_produces_2 to None, run_after=None
[2025-12-11T23:22:32.454+0000] {processor.py:183} INFO - Processing /home/airflow/.local/lib/python3.9/site-packages/airflow/example_dags/example_datasets.py took 0.228 seconds
[2025-12-11T23:23:02.536+0000] {processor.py:161} INFO - Started process (PID=4156) to work on /home/airflow/.local/lib/python3.9/site-packages/airflow/example_dags/example_datasets.py
[2025-12-11T23:23:02.537+0000] {processor.py:830} INFO - Processing file /home/airflow/.local/lib/python3.9/site-packages/airflow/example_dags/example_datasets.py for tasks to queue
[2025-12-11T23:23:02.540+0000] {logging_mixin.py:188} INFO - [2025-12-11T23:23:02.540+0000] {dagbag.py:545} INFO - Filling up the DagBag from /home/airflow/.local/lib/python3.9/site-packages/airflow/example_dags/example_datasets.py
[2025-12-11T23:23:02.560+0000] {processor.py:840} INFO - DAG(s) 'dataset_consumes_1_never_scheduled', 'dataset_consumes_unknown_never_scheduled', 'consume_1_or_2_with_dataset_expressions', 'conditional_dataset_and_time_based_timetable', 'dataset_consumes_1', 'dataset_produces_1', 'consume_1_or_both_2_and_3_with_dataset_expressions', 'consume_1_and_2_with_dataset_expressions', 'dataset_produces_2', 'dataset_consumes_1_and_2' retrieved from /home/airflow/.local/lib/python3.9/site-packages/airflow/example_dags/example_datasets.py
[2025-12-11T23:23:02.643+0000] {logging_mixin.py:188} INFO - [2025-12-11T23:23:02.642+0000] {dag.py:3096} INFO - Sync 10 DAGs
[2025-12-11T23:23:02.686+0000] {logging_mixin.py:188} INFO - [2025-12-11T23:23:02.685+0000] {dag.py:3954} INFO - Setting next_dagrun for conditional_dataset_and_time_based_timetable to 2025-12-10 01:00:00+00:00, run_after=2025-12-10 01:00:00+00:00
[2025-12-11T23:23:02.694+0000] {logging_mixin.py:188} INFO - [2025-12-11T23:23:02.693+0000] {dag.py:3954} INFO - Setting next_dagrun for consume_1_and_2_with_dataset_expressions to None, run_after=None
[2025-12-11T23:23:02.696+0000] {logging_mixin.py:188} INFO - [2025-12-11T23:23:02.696+0000] {dag.py:3954} INFO - Setting next_dagrun for consume_1_or_2_with_dataset_expressions to None, run_after=None
[2025-12-11T23:23:02.698+0000] {logging_mixin.py:188} INFO - [2025-12-11T23:23:02.698+0000] {dag.py:3954} INFO - Setting next_dagrun for consume_1_or_both_2_and_3_with_dataset_expressions to None, run_after=None
[2025-12-11T23:23:02.701+0000] {logging_mixin.py:188} INFO - [2025-12-11T23:23:02.701+0000] {dag.py:3954} INFO - Setting next_dagrun for dataset_consumes_1 to None, run_after=None
[2025-12-11T23:23:02.703+0000] {logging_mixin.py:188} INFO - [2025-12-11T23:23:02.703+0000] {dag.py:3954} INFO - Setting next_dagrun for dataset_consumes_1_and_2 to None, run_after=None
[2025-12-11T23:23:02.705+0000] {logging_mixin.py:188} INFO - [2025-12-11T23:23:02.704+0000] {dag.py:3954} INFO - Setting next_dagrun for dataset_consumes_1_never_scheduled to None, run_after=None
[2025-12-11T23:23:02.706+0000] {logging_mixin.py:188} INFO - [2025-12-11T23:23:02.706+0000] {dag.py:3954} INFO - Setting next_dagrun for dataset_consumes_unknown_never_scheduled to None, run_after=None
[2025-12-11T23:23:02.710+0000] {logging_mixin.py:188} INFO - [2025-12-11T23:23:02.710+0000] {dag.py:3954} INFO - Setting next_dagrun for dataset_produces_1 to 2025-12-10 00:00:00+00:00, run_after=2025-12-11 00:00:00+00:00
[2025-12-11T23:23:02.711+0000] {logging_mixin.py:188} INFO - [2025-12-11T23:23:02.711+0000] {dag.py:3954} INFO - Setting next_dagrun for dataset_produces_2 to None, run_after=None
[2025-12-11T23:23:02.779+0000] {processor.py:183} INFO - Processing /home/airflow/.local/lib/python3.9/site-packages/airflow/example_dags/example_datasets.py took 0.254 seconds
[2025-12-11T23:23:33.413+0000] {processor.py:161} INFO - Started process (PID=4221) to work on /home/airflow/.local/lib/python3.9/site-packages/airflow/example_dags/example_datasets.py
[2025-12-11T23:23:33.422+0000] {processor.py:830} INFO - Processing file /home/airflow/.local/lib/python3.9/site-packages/airflow/example_dags/example_datasets.py for tasks to queue
[2025-12-11T23:23:33.425+0000] {logging_mixin.py:188} INFO - [2025-12-11T23:23:33.425+0000] {dagbag.py:545} INFO - Filling up the DagBag from /home/airflow/.local/lib/python3.9/site-packages/airflow/example_dags/example_datasets.py
[2025-12-11T23:23:33.455+0000] {processor.py:840} INFO - DAG(s) 'consume_1_or_2_with_dataset_expressions', 'dataset_produces_1', 'dataset_consumes_1', 'dataset_consumes_unknown_never_scheduled', 'dataset_consumes_1_and_2', 'consume_1_or_both_2_and_3_with_dataset_expressions', 'consume_1_and_2_with_dataset_expressions', 'dataset_consumes_1_never_scheduled', 'dataset_produces_2', 'conditional_dataset_and_time_based_timetable' retrieved from /home/airflow/.local/lib/python3.9/site-packages/airflow/example_dags/example_datasets.py
[2025-12-11T23:23:33.557+0000] {logging_mixin.py:188} INFO - [2025-12-11T23:23:33.557+0000] {dag.py:3096} INFO - Sync 10 DAGs
[2025-12-11T23:23:33.631+0000] {logging_mixin.py:188} INFO - [2025-12-11T23:23:33.630+0000] {dag.py:3954} INFO - Setting next_dagrun for conditional_dataset_and_time_based_timetable to 2025-12-10 01:00:00+00:00, run_after=2025-12-10 01:00:00+00:00
[2025-12-11T23:23:33.640+0000] {logging_mixin.py:188} INFO - [2025-12-11T23:23:33.640+0000] {dag.py:3954} INFO - Setting next_dagrun for consume_1_and_2_with_dataset_expressions to None, run_after=None
[2025-12-11T23:23:33.652+0000] {logging_mixin.py:188} INFO - [2025-12-11T23:23:33.651+0000] {dag.py:3954} INFO - Setting next_dagrun for consume_1_or_2_with_dataset_expressions to None, run_after=None
[2025-12-11T23:23:33.654+0000] {logging_mixin.py:188} INFO - [2025-12-11T23:23:33.654+0000] {dag.py:3954} INFO - Setting next_dagrun for consume_1_or_both_2_and_3_with_dataset_expressions to None, run_after=None
[2025-12-11T23:23:33.656+0000] {logging_mixin.py:188} INFO - [2025-12-11T23:23:33.656+0000] {dag.py:3954} INFO - Setting next_dagrun for dataset_consumes_1 to None, run_after=None
[2025-12-11T23:23:33.658+0000] {logging_mixin.py:188} INFO - [2025-12-11T23:23:33.658+0000] {dag.py:3954} INFO - Setting next_dagrun for dataset_consumes_1_and_2 to None, run_after=None
[2025-12-11T23:23:33.660+0000] {logging_mixin.py:188} INFO - [2025-12-11T23:23:33.660+0000] {dag.py:3954} INFO - Setting next_dagrun for dataset_consumes_1_never_scheduled to None, run_after=None
[2025-12-11T23:23:33.662+0000] {logging_mixin.py:188} INFO - [2025-12-11T23:23:33.662+0000] {dag.py:3954} INFO - Setting next_dagrun for dataset_consumes_unknown_never_scheduled to None, run_after=None
[2025-12-11T23:23:33.672+0000] {logging_mixin.py:188} INFO - [2025-12-11T23:23:33.672+0000] {dag.py:3954} INFO - Setting next_dagrun for dataset_produces_1 to 2025-12-10 00:00:00+00:00, run_after=2025-12-11 00:00:00+00:00
[2025-12-11T23:23:33.675+0000] {logging_mixin.py:188} INFO - [2025-12-11T23:23:33.674+0000] {dag.py:3954} INFO - Setting next_dagrun for dataset_produces_2 to None, run_after=None
[2025-12-11T23:23:33.787+0000] {processor.py:183} INFO - Processing /home/airflow/.local/lib/python3.9/site-packages/airflow/example_dags/example_datasets.py took 0.386 seconds
[2025-12-11T23:24:05.159+0000] {processor.py:161} INFO - Started process (PID=4289) to work on /home/airflow/.local/lib/python3.9/site-packages/airflow/example_dags/example_datasets.py
[2025-12-11T23:24:05.173+0000] {processor.py:830} INFO - Processing file /home/airflow/.local/lib/python3.9/site-packages/airflow/example_dags/example_datasets.py for tasks to queue
[2025-12-11T23:24:05.177+0000] {logging_mixin.py:188} INFO - [2025-12-11T23:24:05.176+0000] {dagbag.py:545} INFO - Filling up the DagBag from /home/airflow/.local/lib/python3.9/site-packages/airflow/example_dags/example_datasets.py
[2025-12-11T23:24:05.201+0000] {processor.py:840} INFO - DAG(s) 'conditional_dataset_and_time_based_timetable', 'dataset_consumes_1', 'consume_1_or_both_2_and_3_with_dataset_expressions', 'consume_1_or_2_with_dataset_expressions', 'dataset_consumes_1_and_2', 'consume_1_and_2_with_dataset_expressions', 'dataset_produces_2', 'dataset_consumes_unknown_never_scheduled', 'dataset_produces_1', 'dataset_consumes_1_never_scheduled' retrieved from /home/airflow/.local/lib/python3.9/site-packages/airflow/example_dags/example_datasets.py
[2025-12-11T23:24:05.274+0000] {logging_mixin.py:188} INFO - [2025-12-11T23:24:05.273+0000] {dag.py:3096} INFO - Sync 10 DAGs
[2025-12-11T23:24:05.321+0000] {logging_mixin.py:188} INFO - [2025-12-11T23:24:05.321+0000] {dag.py:3954} INFO - Setting next_dagrun for conditional_dataset_and_time_based_timetable to 2025-12-10 01:00:00+00:00, run_after=2025-12-10 01:00:00+00:00
[2025-12-11T23:24:05.328+0000] {logging_mixin.py:188} INFO - [2025-12-11T23:24:05.328+0000] {dag.py:3954} INFO - Setting next_dagrun for consume_1_and_2_with_dataset_expressions to None, run_after=None
[2025-12-11T23:24:05.330+0000] {logging_mixin.py:188} INFO - [2025-12-11T23:24:05.330+0000] {dag.py:3954} INFO - Setting next_dagrun for consume_1_or_2_with_dataset_expressions to None, run_after=None
[2025-12-11T23:24:05.332+0000] {logging_mixin.py:188} INFO - [2025-12-11T23:24:05.332+0000] {dag.py:3954} INFO - Setting next_dagrun for consume_1_or_both_2_and_3_with_dataset_expressions to None, run_after=None
[2025-12-11T23:24:05.333+0000] {logging_mixin.py:188} INFO - [2025-12-11T23:24:05.333+0000] {dag.py:3954} INFO - Setting next_dagrun for dataset_consumes_1 to None, run_after=None
[2025-12-11T23:24:05.335+0000] {logging_mixin.py:188} INFO - [2025-12-11T23:24:05.335+0000] {dag.py:3954} INFO - Setting next_dagrun for dataset_consumes_1_and_2 to None, run_after=None
[2025-12-11T23:24:05.336+0000] {logging_mixin.py:188} INFO - [2025-12-11T23:24:05.336+0000] {dag.py:3954} INFO - Setting next_dagrun for dataset_consumes_1_never_scheduled to None, run_after=None
[2025-12-11T23:24:05.338+0000] {logging_mixin.py:188} INFO - [2025-12-11T23:24:05.338+0000] {dag.py:3954} INFO - Setting next_dagrun for dataset_consumes_unknown_never_scheduled to None, run_after=None
[2025-12-11T23:24:05.341+0000] {logging_mixin.py:188} INFO - [2025-12-11T23:24:05.341+0000] {dag.py:3954} INFO - Setting next_dagrun for dataset_produces_1 to 2025-12-10 00:00:00+00:00, run_after=2025-12-11 00:00:00+00:00
[2025-12-11T23:24:05.342+0000] {logging_mixin.py:188} INFO - [2025-12-11T23:24:05.342+0000] {dag.py:3954} INFO - Setting next_dagrun for dataset_produces_2 to None, run_after=None
[2025-12-11T23:24:05.393+0000] {processor.py:183} INFO - Processing /home/airflow/.local/lib/python3.9/site-packages/airflow/example_dags/example_datasets.py took 0.249 seconds
[2025-12-11T23:24:35.843+0000] {processor.py:161} INFO - Started process (PID=4353) to work on /home/airflow/.local/lib/python3.9/site-packages/airflow/example_dags/example_datasets.py
[2025-12-11T23:24:35.851+0000] {processor.py:830} INFO - Processing file /home/airflow/.local/lib/python3.9/site-packages/airflow/example_dags/example_datasets.py for tasks to queue
[2025-12-11T23:24:35.854+0000] {logging_mixin.py:188} INFO - [2025-12-11T23:24:35.854+0000] {dagbag.py:545} INFO - Filling up the DagBag from /home/airflow/.local/lib/python3.9/site-packages/airflow/example_dags/example_datasets.py
[2025-12-11T23:24:35.876+0000] {processor.py:840} INFO - DAG(s) 'dataset_consumes_1', 'dataset_produces_2', 'consume_1_or_both_2_and_3_with_dataset_expressions', 'dataset_consumes_unknown_never_scheduled', 'consume_1_and_2_with_dataset_expressions', 'conditional_dataset_and_time_based_timetable', 'dataset_produces_1', 'consume_1_or_2_with_dataset_expressions', 'dataset_consumes_1_never_scheduled', 'dataset_consumes_1_and_2' retrieved from /home/airflow/.local/lib/python3.9/site-packages/airflow/example_dags/example_datasets.py
[2025-12-11T23:24:35.950+0000] {logging_mixin.py:188} INFO - [2025-12-11T23:24:35.950+0000] {dag.py:3096} INFO - Sync 10 DAGs
[2025-12-11T23:24:36.016+0000] {logging_mixin.py:188} INFO - [2025-12-11T23:24:36.015+0000] {dag.py:3954} INFO - Setting next_dagrun for conditional_dataset_and_time_based_timetable to 2025-12-10 01:00:00+00:00, run_after=2025-12-10 01:00:00+00:00
[2025-12-11T23:24:36.022+0000] {logging_mixin.py:188} INFO - [2025-12-11T23:24:36.022+0000] {dag.py:3954} INFO - Setting next_dagrun for consume_1_and_2_with_dataset_expressions to None, run_after=None
[2025-12-11T23:24:36.025+0000] {logging_mixin.py:188} INFO - [2025-12-11T23:24:36.024+0000] {dag.py:3954} INFO - Setting next_dagrun for consume_1_or_2_with_dataset_expressions to None, run_after=None
[2025-12-11T23:24:36.027+0000] {logging_mixin.py:188} INFO - [2025-12-11T23:24:36.026+0000] {dag.py:3954} INFO - Setting next_dagrun for consume_1_or_both_2_and_3_with_dataset_expressions to None, run_after=None
[2025-12-11T23:24:36.028+0000] {logging_mixin.py:188} INFO - [2025-12-11T23:24:36.028+0000] {dag.py:3954} INFO - Setting next_dagrun for dataset_consumes_1 to None, run_after=None
[2025-12-11T23:24:36.030+0000] {logging_mixin.py:188} INFO - [2025-12-11T23:24:36.030+0000] {dag.py:3954} INFO - Setting next_dagrun for dataset_consumes_1_and_2 to None, run_after=None
[2025-12-11T23:24:36.032+0000] {logging_mixin.py:188} INFO - [2025-12-11T23:24:36.031+0000] {dag.py:3954} INFO - Setting next_dagrun for dataset_consumes_1_never_scheduled to None, run_after=None
[2025-12-11T23:24:36.033+0000] {logging_mixin.py:188} INFO - [2025-12-11T23:24:36.033+0000] {dag.py:3954} INFO - Setting next_dagrun for dataset_consumes_unknown_never_scheduled to None, run_after=None
[2025-12-11T23:24:36.036+0000] {logging_mixin.py:188} INFO - [2025-12-11T23:24:36.036+0000] {dag.py:3954} INFO - Setting next_dagrun for dataset_produces_1 to 2025-12-10 00:00:00+00:00, run_after=2025-12-11 00:00:00+00:00
[2025-12-11T23:24:36.038+0000] {logging_mixin.py:188} INFO - [2025-12-11T23:24:36.037+0000] {dag.py:3954} INFO - Setting next_dagrun for dataset_produces_2 to None, run_after=None
[2025-12-11T23:24:36.087+0000] {processor.py:183} INFO - Processing /home/airflow/.local/lib/python3.9/site-packages/airflow/example_dags/example_datasets.py took 0.256 seconds
[2025-12-11T23:25:06.202+0000] {processor.py:161} INFO - Started process (PID=4421) to work on /home/airflow/.local/lib/python3.9/site-packages/airflow/example_dags/example_datasets.py
[2025-12-11T23:25:06.204+0000] {processor.py:830} INFO - Processing file /home/airflow/.local/lib/python3.9/site-packages/airflow/example_dags/example_datasets.py for tasks to queue
[2025-12-11T23:25:06.206+0000] {logging_mixin.py:188} INFO - [2025-12-11T23:25:06.206+0000] {dagbag.py:545} INFO - Filling up the DagBag from /home/airflow/.local/lib/python3.9/site-packages/airflow/example_dags/example_datasets.py
[2025-12-11T23:25:06.225+0000] {processor.py:840} INFO - DAG(s) 'dataset_consumes_1', 'consume_1_or_both_2_and_3_with_dataset_expressions', 'dataset_consumes_unknown_never_scheduled', 'dataset_consumes_1_and_2', 'dataset_consumes_1_never_scheduled', 'consume_1_and_2_with_dataset_expressions', 'dataset_produces_2', 'dataset_produces_1', 'conditional_dataset_and_time_based_timetable', 'consume_1_or_2_with_dataset_expressions' retrieved from /home/airflow/.local/lib/python3.9/site-packages/airflow/example_dags/example_datasets.py
[2025-12-11T23:25:06.298+0000] {logging_mixin.py:188} INFO - [2025-12-11T23:25:06.297+0000] {dag.py:3096} INFO - Sync 10 DAGs
[2025-12-11T23:25:06.343+0000] {logging_mixin.py:188} INFO - [2025-12-11T23:25:06.342+0000] {dag.py:3954} INFO - Setting next_dagrun for conditional_dataset_and_time_based_timetable to 2025-12-10 01:00:00+00:00, run_after=2025-12-10 01:00:00+00:00
[2025-12-11T23:25:06.350+0000] {logging_mixin.py:188} INFO - [2025-12-11T23:25:06.349+0000] {dag.py:3954} INFO - Setting next_dagrun for consume_1_and_2_with_dataset_expressions to None, run_after=None
[2025-12-11T23:25:06.352+0000] {logging_mixin.py:188} INFO - [2025-12-11T23:25:06.351+0000] {dag.py:3954} INFO - Setting next_dagrun for consume_1_or_2_with_dataset_expressions to None, run_after=None
[2025-12-11T23:25:06.354+0000] {logging_mixin.py:188} INFO - [2025-12-11T23:25:06.353+0000] {dag.py:3954} INFO - Setting next_dagrun for consume_1_or_both_2_and_3_with_dataset_expressions to None, run_after=None
[2025-12-11T23:25:06.355+0000] {logging_mixin.py:188} INFO - [2025-12-11T23:25:06.355+0000] {dag.py:3954} INFO - Setting next_dagrun for dataset_consumes_1 to None, run_after=None
[2025-12-11T23:25:06.357+0000] {logging_mixin.py:188} INFO - [2025-12-11T23:25:06.357+0000] {dag.py:3954} INFO - Setting next_dagrun for dataset_consumes_1_and_2 to None, run_after=None
[2025-12-11T23:25:06.359+0000] {logging_mixin.py:188} INFO - [2025-12-11T23:25:06.358+0000] {dag.py:3954} INFO - Setting next_dagrun for dataset_consumes_1_never_scheduled to None, run_after=None
[2025-12-11T23:25:06.360+0000] {logging_mixin.py:188} INFO - [2025-12-11T23:25:06.360+0000] {dag.py:3954} INFO - Setting next_dagrun for dataset_consumes_unknown_never_scheduled to None, run_after=None
[2025-12-11T23:25:06.363+0000] {logging_mixin.py:188} INFO - [2025-12-11T23:25:06.363+0000] {dag.py:3954} INFO - Setting next_dagrun for dataset_produces_1 to 2025-12-10 00:00:00+00:00, run_after=2025-12-11 00:00:00+00:00
[2025-12-11T23:25:06.364+0000] {logging_mixin.py:188} INFO - [2025-12-11T23:25:06.364+0000] {dag.py:3954} INFO - Setting next_dagrun for dataset_produces_2 to None, run_after=None
[2025-12-11T23:25:06.419+0000] {processor.py:183} INFO - Processing /home/airflow/.local/lib/python3.9/site-packages/airflow/example_dags/example_datasets.py took 0.226 seconds
[2025-12-11T23:25:36.721+0000] {processor.py:161} INFO - Started process (PID=4487) to work on /home/airflow/.local/lib/python3.9/site-packages/airflow/example_dags/example_datasets.py
[2025-12-11T23:25:36.723+0000] {processor.py:830} INFO - Processing file /home/airflow/.local/lib/python3.9/site-packages/airflow/example_dags/example_datasets.py for tasks to queue
[2025-12-11T23:25:36.726+0000] {logging_mixin.py:188} INFO - [2025-12-11T23:25:36.726+0000] {dagbag.py:545} INFO - Filling up the DagBag from /home/airflow/.local/lib/python3.9/site-packages/airflow/example_dags/example_datasets.py
[2025-12-11T23:25:36.748+0000] {processor.py:840} INFO - DAG(s) 'consume_1_and_2_with_dataset_expressions', 'dataset_produces_1', 'consume_1_or_both_2_and_3_with_dataset_expressions', 'dataset_consumes_1', 'consume_1_or_2_with_dataset_expressions', 'dataset_consumes_1_never_scheduled', 'conditional_dataset_and_time_based_timetable', 'dataset_consumes_1_and_2', 'dataset_produces_2', 'dataset_consumes_unknown_never_scheduled' retrieved from /home/airflow/.local/lib/python3.9/site-packages/airflow/example_dags/example_datasets.py
[2025-12-11T23:25:36.841+0000] {logging_mixin.py:188} INFO - [2025-12-11T23:25:36.840+0000] {dag.py:3096} INFO - Sync 10 DAGs
[2025-12-11T23:25:36.916+0000] {logging_mixin.py:188} INFO - [2025-12-11T23:25:36.916+0000] {dag.py:3954} INFO - Setting next_dagrun for conditional_dataset_and_time_based_timetable to 2025-12-10 01:00:00+00:00, run_after=2025-12-10 01:00:00+00:00
[2025-12-11T23:25:36.922+0000] {logging_mixin.py:188} INFO - [2025-12-11T23:25:36.921+0000] {dag.py:3954} INFO - Setting next_dagrun for consume_1_and_2_with_dataset_expressions to None, run_after=None
[2025-12-11T23:25:36.923+0000] {logging_mixin.py:188} INFO - [2025-12-11T23:25:36.923+0000] {dag.py:3954} INFO - Setting next_dagrun for consume_1_or_2_with_dataset_expressions to None, run_after=None
[2025-12-11T23:25:36.925+0000] {logging_mixin.py:188} INFO - [2025-12-11T23:25:36.924+0000] {dag.py:3954} INFO - Setting next_dagrun for consume_1_or_both_2_and_3_with_dataset_expressions to None, run_after=None
[2025-12-11T23:25:36.926+0000] {logging_mixin.py:188} INFO - [2025-12-11T23:25:36.926+0000] {dag.py:3954} INFO - Setting next_dagrun for dataset_consumes_1 to None, run_after=None
[2025-12-11T23:25:36.927+0000] {logging_mixin.py:188} INFO - [2025-12-11T23:25:36.927+0000] {dag.py:3954} INFO - Setting next_dagrun for dataset_consumes_1_and_2 to None, run_after=None
[2025-12-11T23:25:36.930+0000] {logging_mixin.py:188} INFO - [2025-12-11T23:25:36.929+0000] {dag.py:3954} INFO - Setting next_dagrun for dataset_consumes_1_never_scheduled to None, run_after=None
[2025-12-11T23:25:36.931+0000] {logging_mixin.py:188} INFO - [2025-12-11T23:25:36.931+0000] {dag.py:3954} INFO - Setting next_dagrun for dataset_consumes_unknown_never_scheduled to None, run_after=None
[2025-12-11T23:25:36.935+0000] {logging_mixin.py:188} INFO - [2025-12-11T23:25:36.935+0000] {dag.py:3954} INFO - Setting next_dagrun for dataset_produces_1 to 2025-12-10 00:00:00+00:00, run_after=2025-12-11 00:00:00+00:00
[2025-12-11T23:25:36.937+0000] {logging_mixin.py:188} INFO - [2025-12-11T23:25:36.937+0000] {dag.py:3954} INFO - Setting next_dagrun for dataset_produces_2 to None, run_after=None
[2025-12-11T23:25:36.992+0000] {processor.py:183} INFO - Processing /home/airflow/.local/lib/python3.9/site-packages/airflow/example_dags/example_datasets.py took 0.281 seconds
[2025-12-11T23:26:07.473+0000] {processor.py:161} INFO - Started process (PID=4553) to work on /home/airflow/.local/lib/python3.9/site-packages/airflow/example_dags/example_datasets.py
[2025-12-11T23:26:07.475+0000] {processor.py:830} INFO - Processing file /home/airflow/.local/lib/python3.9/site-packages/airflow/example_dags/example_datasets.py for tasks to queue
[2025-12-11T23:26:07.479+0000] {logging_mixin.py:188} INFO - [2025-12-11T23:26:07.478+0000] {dagbag.py:545} INFO - Filling up the DagBag from /home/airflow/.local/lib/python3.9/site-packages/airflow/example_dags/example_datasets.py
[2025-12-11T23:26:07.559+0000] {processor.py:840} INFO - DAG(s) 'consume_1_or_both_2_and_3_with_dataset_expressions', 'dataset_consumes_1', 'consume_1_and_2_with_dataset_expressions', 'conditional_dataset_and_time_based_timetable', 'dataset_produces_1', 'dataset_consumes_1_and_2', 'dataset_consumes_1_never_scheduled', 'dataset_consumes_unknown_never_scheduled', 'dataset_produces_2', 'consume_1_or_2_with_dataset_expressions' retrieved from /home/airflow/.local/lib/python3.9/site-packages/airflow/example_dags/example_datasets.py
[2025-12-11T23:26:07.792+0000] {logging_mixin.py:188} INFO - [2025-12-11T23:26:07.791+0000] {dag.py:3096} INFO - Sync 10 DAGs
[2025-12-11T23:26:07.930+0000] {logging_mixin.py:188} INFO - [2025-12-11T23:26:07.930+0000] {dag.py:3954} INFO - Setting next_dagrun for conditional_dataset_and_time_based_timetable to 2025-12-10 01:00:00+00:00, run_after=2025-12-10 01:00:00+00:00
[2025-12-11T23:26:07.954+0000] {logging_mixin.py:188} INFO - [2025-12-11T23:26:07.953+0000] {dag.py:3954} INFO - Setting next_dagrun for consume_1_and_2_with_dataset_expressions to None, run_after=None
[2025-12-11T23:26:07.957+0000] {logging_mixin.py:188} INFO - [2025-12-11T23:26:07.956+0000] {dag.py:3954} INFO - Setting next_dagrun for consume_1_or_2_with_dataset_expressions to None, run_after=None
[2025-12-11T23:26:07.972+0000] {logging_mixin.py:188} INFO - [2025-12-11T23:26:07.972+0000] {dag.py:3954} INFO - Setting next_dagrun for consume_1_or_both_2_and_3_with_dataset_expressions to None, run_after=None
[2025-12-11T23:26:07.975+0000] {logging_mixin.py:188} INFO - [2025-12-11T23:26:07.974+0000] {dag.py:3954} INFO - Setting next_dagrun for dataset_consumes_1 to None, run_after=None
[2025-12-11T23:26:07.977+0000] {logging_mixin.py:188} INFO - [2025-12-11T23:26:07.977+0000] {dag.py:3954} INFO - Setting next_dagrun for dataset_consumes_1_and_2 to None, run_after=None
[2025-12-11T23:26:07.990+0000] {logging_mixin.py:188} INFO - [2025-12-11T23:26:07.990+0000] {dag.py:3954} INFO - Setting next_dagrun for dataset_consumes_1_never_scheduled to None, run_after=None
[2025-12-11T23:26:07.992+0000] {logging_mixin.py:188} INFO - [2025-12-11T23:26:07.992+0000] {dag.py:3954} INFO - Setting next_dagrun for dataset_consumes_unknown_never_scheduled to None, run_after=None
[2025-12-11T23:26:07.997+0000] {logging_mixin.py:188} INFO - [2025-12-11T23:26:07.997+0000] {dag.py:3954} INFO - Setting next_dagrun for dataset_produces_1 to 2025-12-10 00:00:00+00:00, run_after=2025-12-11 00:00:00+00:00
[2025-12-11T23:26:08.011+0000] {logging_mixin.py:188} INFO - [2025-12-11T23:26:08.011+0000] {dag.py:3954} INFO - Setting next_dagrun for dataset_produces_2 to None, run_after=None
[2025-12-11T23:26:08.172+0000] {processor.py:183} INFO - Processing /home/airflow/.local/lib/python3.9/site-packages/airflow/example_dags/example_datasets.py took 0.722 seconds
[2025-12-11T23:26:38.336+0000] {processor.py:161} INFO - Started process (PID=4626) to work on /home/airflow/.local/lib/python3.9/site-packages/airflow/example_dags/example_datasets.py
[2025-12-11T23:26:38.338+0000] {processor.py:830} INFO - Processing file /home/airflow/.local/lib/python3.9/site-packages/airflow/example_dags/example_datasets.py for tasks to queue
[2025-12-11T23:26:38.340+0000] {logging_mixin.py:188} INFO - [2025-12-11T23:26:38.340+0000] {dagbag.py:545} INFO - Filling up the DagBag from /home/airflow/.local/lib/python3.9/site-packages/airflow/example_dags/example_datasets.py
[2025-12-11T23:26:38.360+0000] {processor.py:840} INFO - DAG(s) 'dataset_consumes_1_never_scheduled', 'consume_1_or_2_with_dataset_expressions', 'dataset_consumes_1_and_2', 'dataset_consumes_unknown_never_scheduled', 'consume_1_and_2_with_dataset_expressions', 'conditional_dataset_and_time_based_timetable', 'dataset_consumes_1', 'consume_1_or_both_2_and_3_with_dataset_expressions', 'dataset_produces_1', 'dataset_produces_2' retrieved from /home/airflow/.local/lib/python3.9/site-packages/airflow/example_dags/example_datasets.py
[2025-12-11T23:26:38.434+0000] {logging_mixin.py:188} INFO - [2025-12-11T23:26:38.433+0000] {dag.py:3096} INFO - Sync 10 DAGs
[2025-12-11T23:26:38.474+0000] {logging_mixin.py:188} INFO - [2025-12-11T23:26:38.474+0000] {dag.py:3954} INFO - Setting next_dagrun for conditional_dataset_and_time_based_timetable to 2025-12-10 01:00:00+00:00, run_after=2025-12-10 01:00:00+00:00
[2025-12-11T23:26:38.480+0000] {logging_mixin.py:188} INFO - [2025-12-11T23:26:38.479+0000] {dag.py:3954} INFO - Setting next_dagrun for consume_1_and_2_with_dataset_expressions to None, run_after=None
[2025-12-11T23:26:38.481+0000] {logging_mixin.py:188} INFO - [2025-12-11T23:26:38.481+0000] {dag.py:3954} INFO - Setting next_dagrun for consume_1_or_2_with_dataset_expressions to None, run_after=None
[2025-12-11T23:26:38.483+0000] {logging_mixin.py:188} INFO - [2025-12-11T23:26:38.482+0000] {dag.py:3954} INFO - Setting next_dagrun for consume_1_or_both_2_and_3_with_dataset_expressions to None, run_after=None
[2025-12-11T23:26:38.484+0000] {logging_mixin.py:188} INFO - [2025-12-11T23:26:38.484+0000] {dag.py:3954} INFO - Setting next_dagrun for dataset_consumes_1 to None, run_after=None
[2025-12-11T23:26:38.485+0000] {logging_mixin.py:188} INFO - [2025-12-11T23:26:38.485+0000] {dag.py:3954} INFO - Setting next_dagrun for dataset_consumes_1_and_2 to None, run_after=None
[2025-12-11T23:26:38.486+0000] {logging_mixin.py:188} INFO - [2025-12-11T23:26:38.486+0000] {dag.py:3954} INFO - Setting next_dagrun for dataset_consumes_1_never_scheduled to None, run_after=None
[2025-12-11T23:26:38.488+0000] {logging_mixin.py:188} INFO - [2025-12-11T23:26:38.488+0000] {dag.py:3954} INFO - Setting next_dagrun for dataset_consumes_unknown_never_scheduled to None, run_after=None
[2025-12-11T23:26:38.491+0000] {logging_mixin.py:188} INFO - [2025-12-11T23:26:38.490+0000] {dag.py:3954} INFO - Setting next_dagrun for dataset_produces_1 to 2025-12-10 00:00:00+00:00, run_after=2025-12-11 00:00:00+00:00
[2025-12-11T23:26:38.492+0000] {logging_mixin.py:188} INFO - [2025-12-11T23:26:38.492+0000] {dag.py:3954} INFO - Setting next_dagrun for dataset_produces_2 to None, run_after=None
[2025-12-11T23:26:38.544+0000] {processor.py:183} INFO - Processing /home/airflow/.local/lib/python3.9/site-packages/airflow/example_dags/example_datasets.py took 0.217 seconds
[2025-12-11T23:27:08.847+0000] {processor.py:161} INFO - Started process (PID=4692) to work on /home/airflow/.local/lib/python3.9/site-packages/airflow/example_dags/example_datasets.py
[2025-12-11T23:27:08.849+0000] {processor.py:830} INFO - Processing file /home/airflow/.local/lib/python3.9/site-packages/airflow/example_dags/example_datasets.py for tasks to queue
[2025-12-11T23:27:08.851+0000] {logging_mixin.py:188} INFO - [2025-12-11T23:27:08.851+0000] {dagbag.py:545} INFO - Filling up the DagBag from /home/airflow/.local/lib/python3.9/site-packages/airflow/example_dags/example_datasets.py
[2025-12-11T23:27:08.871+0000] {processor.py:840} INFO - DAG(s) 'dataset_produces_1', 'dataset_consumes_1', 'dataset_consumes_1_and_2', 'dataset_consumes_1_never_scheduled', 'consume_1_or_2_with_dataset_expressions', 'consume_1_and_2_with_dataset_expressions', 'consume_1_or_both_2_and_3_with_dataset_expressions', 'conditional_dataset_and_time_based_timetable', 'dataset_consumes_unknown_never_scheduled', 'dataset_produces_2' retrieved from /home/airflow/.local/lib/python3.9/site-packages/airflow/example_dags/example_datasets.py
[2025-12-11T23:27:08.956+0000] {logging_mixin.py:188} INFO - [2025-12-11T23:27:08.955+0000] {dag.py:3096} INFO - Sync 10 DAGs
[2025-12-11T23:27:08.996+0000] {logging_mixin.py:188} INFO - [2025-12-11T23:27:08.995+0000] {dag.py:3954} INFO - Setting next_dagrun for conditional_dataset_and_time_based_timetable to 2025-12-10 01:00:00+00:00, run_after=2025-12-10 01:00:00+00:00
[2025-12-11T23:27:09.001+0000] {logging_mixin.py:188} INFO - [2025-12-11T23:27:09.000+0000] {dag.py:3954} INFO - Setting next_dagrun for consume_1_and_2_with_dataset_expressions to None, run_after=None
[2025-12-11T23:27:09.002+0000] {logging_mixin.py:188} INFO - [2025-12-11T23:27:09.002+0000] {dag.py:3954} INFO - Setting next_dagrun for consume_1_or_2_with_dataset_expressions to None, run_after=None
[2025-12-11T23:27:09.003+0000] {logging_mixin.py:188} INFO - [2025-12-11T23:27:09.003+0000] {dag.py:3954} INFO - Setting next_dagrun for consume_1_or_both_2_and_3_with_dataset_expressions to None, run_after=None
[2025-12-11T23:27:09.010+0000] {logging_mixin.py:188} INFO - [2025-12-11T23:27:09.009+0000] {dag.py:3954} INFO - Setting next_dagrun for dataset_consumes_1 to None, run_after=None
[2025-12-11T23:27:09.011+0000] {logging_mixin.py:188} INFO - [2025-12-11T23:27:09.011+0000] {dag.py:3954} INFO - Setting next_dagrun for dataset_consumes_1_and_2 to None, run_after=None
[2025-12-11T23:27:09.012+0000] {logging_mixin.py:188} INFO - [2025-12-11T23:27:09.012+0000] {dag.py:3954} INFO - Setting next_dagrun for dataset_consumes_1_never_scheduled to None, run_after=None
[2025-12-11T23:27:09.014+0000] {logging_mixin.py:188} INFO - [2025-12-11T23:27:09.014+0000] {dag.py:3954} INFO - Setting next_dagrun for dataset_consumes_unknown_never_scheduled to None, run_after=None
[2025-12-11T23:27:09.016+0000] {logging_mixin.py:188} INFO - [2025-12-11T23:27:09.016+0000] {dag.py:3954} INFO - Setting next_dagrun for dataset_produces_1 to 2025-12-10 00:00:00+00:00, run_after=2025-12-11 00:00:00+00:00
[2025-12-11T23:27:09.018+0000] {logging_mixin.py:188} INFO - [2025-12-11T23:27:09.018+0000] {dag.py:3954} INFO - Setting next_dagrun for dataset_produces_2 to None, run_after=None
[2025-12-11T23:27:09.067+0000] {processor.py:183} INFO - Processing /home/airflow/.local/lib/python3.9/site-packages/airflow/example_dags/example_datasets.py took 0.230 seconds
[2025-12-11T23:27:39.783+0000] {processor.py:161} INFO - Started process (PID=4759) to work on /home/airflow/.local/lib/python3.9/site-packages/airflow/example_dags/example_datasets.py
[2025-12-11T23:27:39.797+0000] {processor.py:830} INFO - Processing file /home/airflow/.local/lib/python3.9/site-packages/airflow/example_dags/example_datasets.py for tasks to queue
[2025-12-11T23:27:39.800+0000] {logging_mixin.py:188} INFO - [2025-12-11T23:27:39.800+0000] {dagbag.py:545} INFO - Filling up the DagBag from /home/airflow/.local/lib/python3.9/site-packages/airflow/example_dags/example_datasets.py
[2025-12-11T23:27:39.839+0000] {processor.py:840} INFO - DAG(s) 'consume_1_or_both_2_and_3_with_dataset_expressions', 'dataset_consumes_1_and_2', 'dataset_produces_1', 'dataset_produces_2', 'dataset_consumes_unknown_never_scheduled', 'dataset_consumes_1', 'conditional_dataset_and_time_based_timetable', 'dataset_consumes_1_never_scheduled', 'consume_1_or_2_with_dataset_expressions', 'consume_1_and_2_with_dataset_expressions' retrieved from /home/airflow/.local/lib/python3.9/site-packages/airflow/example_dags/example_datasets.py
[2025-12-11T23:27:40.014+0000] {logging_mixin.py:188} INFO - [2025-12-11T23:27:40.013+0000] {dag.py:3096} INFO - Sync 10 DAGs
[2025-12-11T23:27:40.138+0000] {logging_mixin.py:188} INFO - [2025-12-11T23:27:40.137+0000] {dag.py:3954} INFO - Setting next_dagrun for conditional_dataset_and_time_based_timetable to 2025-12-10 01:00:00+00:00, run_after=2025-12-10 01:00:00+00:00
[2025-12-11T23:27:40.150+0000] {logging_mixin.py:188} INFO - [2025-12-11T23:27:40.150+0000] {dag.py:3954} INFO - Setting next_dagrun for consume_1_and_2_with_dataset_expressions to None, run_after=None
[2025-12-11T23:27:40.153+0000] {logging_mixin.py:188} INFO - [2025-12-11T23:27:40.152+0000] {dag.py:3954} INFO - Setting next_dagrun for consume_1_or_2_with_dataset_expressions to None, run_after=None
[2025-12-11T23:27:40.154+0000] {logging_mixin.py:188} INFO - [2025-12-11T23:27:40.154+0000] {dag.py:3954} INFO - Setting next_dagrun for consume_1_or_both_2_and_3_with_dataset_expressions to None, run_after=None
[2025-12-11T23:27:40.156+0000] {logging_mixin.py:188} INFO - [2025-12-11T23:27:40.156+0000] {dag.py:3954} INFO - Setting next_dagrun for dataset_consumes_1 to None, run_after=None
[2025-12-11T23:27:40.157+0000] {logging_mixin.py:188} INFO - [2025-12-11T23:27:40.157+0000] {dag.py:3954} INFO - Setting next_dagrun for dataset_consumes_1_and_2 to None, run_after=None
[2025-12-11T23:27:40.159+0000] {logging_mixin.py:188} INFO - [2025-12-11T23:27:40.158+0000] {dag.py:3954} INFO - Setting next_dagrun for dataset_consumes_1_never_scheduled to None, run_after=None
[2025-12-11T23:27:40.160+0000] {logging_mixin.py:188} INFO - [2025-12-11T23:27:40.160+0000] {dag.py:3954} INFO - Setting next_dagrun for dataset_consumes_unknown_never_scheduled to None, run_after=None
[2025-12-11T23:27:40.169+0000] {logging_mixin.py:188} INFO - [2025-12-11T23:27:40.169+0000] {dag.py:3954} INFO - Setting next_dagrun for dataset_produces_1 to 2025-12-10 00:00:00+00:00, run_after=2025-12-11 00:00:00+00:00
[2025-12-11T23:27:40.171+0000] {logging_mixin.py:188} INFO - [2025-12-11T23:27:40.171+0000] {dag.py:3954} INFO - Setting next_dagrun for dataset_produces_2 to None, run_after=None
[2025-12-11T23:27:40.258+0000] {processor.py:183} INFO - Processing /home/airflow/.local/lib/python3.9/site-packages/airflow/example_dags/example_datasets.py took 0.485 seconds
[2025-12-11T23:28:10.424+0000] {processor.py:161} INFO - Started process (PID=4826) to work on /home/airflow/.local/lib/python3.9/site-packages/airflow/example_dags/example_datasets.py
[2025-12-11T23:28:10.427+0000] {processor.py:830} INFO - Processing file /home/airflow/.local/lib/python3.9/site-packages/airflow/example_dags/example_datasets.py for tasks to queue
[2025-12-11T23:28:10.430+0000] {logging_mixin.py:188} INFO - [2025-12-11T23:28:10.430+0000] {dagbag.py:545} INFO - Filling up the DagBag from /home/airflow/.local/lib/python3.9/site-packages/airflow/example_dags/example_datasets.py
[2025-12-11T23:28:10.462+0000] {processor.py:840} INFO - DAG(s) 'conditional_dataset_and_time_based_timetable', 'consume_1_or_both_2_and_3_with_dataset_expressions', 'consume_1_and_2_with_dataset_expressions', 'dataset_consumes_1_never_scheduled', 'consume_1_or_2_with_dataset_expressions', 'dataset_consumes_1', 'dataset_produces_1', 'dataset_produces_2', 'dataset_consumes_unknown_never_scheduled', 'dataset_consumes_1_and_2' retrieved from /home/airflow/.local/lib/python3.9/site-packages/airflow/example_dags/example_datasets.py
[2025-12-11T23:28:10.595+0000] {logging_mixin.py:188} INFO - [2025-12-11T23:28:10.594+0000] {dag.py:3096} INFO - Sync 10 DAGs
[2025-12-11T23:28:10.665+0000] {logging_mixin.py:188} INFO - [2025-12-11T23:28:10.664+0000] {dag.py:3954} INFO - Setting next_dagrun for conditional_dataset_and_time_based_timetable to 2025-12-10 01:00:00+00:00, run_after=2025-12-10 01:00:00+00:00
[2025-12-11T23:28:10.675+0000] {logging_mixin.py:188} INFO - [2025-12-11T23:28:10.675+0000] {dag.py:3954} INFO - Setting next_dagrun for consume_1_and_2_with_dataset_expressions to None, run_after=None
[2025-12-11T23:28:10.677+0000] {logging_mixin.py:188} INFO - [2025-12-11T23:28:10.677+0000] {dag.py:3954} INFO - Setting next_dagrun for consume_1_or_2_with_dataset_expressions to None, run_after=None
[2025-12-11T23:28:10.678+0000] {logging_mixin.py:188} INFO - [2025-12-11T23:28:10.678+0000] {dag.py:3954} INFO - Setting next_dagrun for consume_1_or_both_2_and_3_with_dataset_expressions to None, run_after=None
[2025-12-11T23:28:10.680+0000] {logging_mixin.py:188} INFO - [2025-12-11T23:28:10.680+0000] {dag.py:3954} INFO - Setting next_dagrun for dataset_consumes_1 to None, run_after=None
[2025-12-11T23:28:10.681+0000] {logging_mixin.py:188} INFO - [2025-12-11T23:28:10.681+0000] {dag.py:3954} INFO - Setting next_dagrun for dataset_consumes_1_and_2 to None, run_after=None
[2025-12-11T23:28:10.682+0000] {logging_mixin.py:188} INFO - [2025-12-11T23:28:10.682+0000] {dag.py:3954} INFO - Setting next_dagrun for dataset_consumes_1_never_scheduled to None, run_after=None
[2025-12-11T23:28:10.684+0000] {logging_mixin.py:188} INFO - [2025-12-11T23:28:10.683+0000] {dag.py:3954} INFO - Setting next_dagrun for dataset_consumes_unknown_never_scheduled to None, run_after=None
[2025-12-11T23:28:10.686+0000] {logging_mixin.py:188} INFO - [2025-12-11T23:28:10.686+0000] {dag.py:3954} INFO - Setting next_dagrun for dataset_produces_1 to 2025-12-10 00:00:00+00:00, run_after=2025-12-11 00:00:00+00:00
[2025-12-11T23:28:10.687+0000] {logging_mixin.py:188} INFO - [2025-12-11T23:28:10.687+0000] {dag.py:3954} INFO - Setting next_dagrun for dataset_produces_2 to None, run_after=None
[2025-12-11T23:28:10.738+0000] {processor.py:183} INFO - Processing /home/airflow/.local/lib/python3.9/site-packages/airflow/example_dags/example_datasets.py took 0.327 seconds
[2025-12-11T23:28:40.913+0000] {processor.py:161} INFO - Started process (PID=4900) to work on /home/airflow/.local/lib/python3.9/site-packages/airflow/example_dags/example_datasets.py
[2025-12-11T23:28:40.915+0000] {processor.py:830} INFO - Processing file /home/airflow/.local/lib/python3.9/site-packages/airflow/example_dags/example_datasets.py for tasks to queue
[2025-12-11T23:28:40.918+0000] {logging_mixin.py:188} INFO - [2025-12-11T23:28:40.918+0000] {dagbag.py:545} INFO - Filling up the DagBag from /home/airflow/.local/lib/python3.9/site-packages/airflow/example_dags/example_datasets.py
[2025-12-11T23:28:40.972+0000] {processor.py:840} INFO - DAG(s) 'dataset_consumes_1', 'dataset_consumes_1_and_2', 'dataset_consumes_unknown_never_scheduled', 'conditional_dataset_and_time_based_timetable', 'consume_1_or_2_with_dataset_expressions', 'dataset_produces_1', 'consume_1_and_2_with_dataset_expressions', 'dataset_consumes_1_never_scheduled', 'consume_1_or_both_2_and_3_with_dataset_expressions', 'dataset_produces_2' retrieved from /home/airflow/.local/lib/python3.9/site-packages/airflow/example_dags/example_datasets.py
[2025-12-11T23:28:41.137+0000] {logging_mixin.py:188} INFO - [2025-12-11T23:28:41.137+0000] {dag.py:3096} INFO - Sync 10 DAGs
[2025-12-11T23:28:41.194+0000] {logging_mixin.py:188} INFO - [2025-12-11T23:28:41.193+0000] {dag.py:3954} INFO - Setting next_dagrun for conditional_dataset_and_time_based_timetable to 2025-12-10 01:00:00+00:00, run_after=2025-12-10 01:00:00+00:00
[2025-12-11T23:28:41.200+0000] {logging_mixin.py:188} INFO - [2025-12-11T23:28:41.199+0000] {dag.py:3954} INFO - Setting next_dagrun for consume_1_and_2_with_dataset_expressions to None, run_after=None
[2025-12-11T23:28:41.211+0000] {logging_mixin.py:188} INFO - [2025-12-11T23:28:41.211+0000] {dag.py:3954} INFO - Setting next_dagrun for consume_1_or_2_with_dataset_expressions to None, run_after=None
[2025-12-11T23:28:41.213+0000] {logging_mixin.py:188} INFO - [2025-12-11T23:28:41.212+0000] {dag.py:3954} INFO - Setting next_dagrun for consume_1_or_both_2_and_3_with_dataset_expressions to None, run_after=None
[2025-12-11T23:28:41.214+0000] {logging_mixin.py:188} INFO - [2025-12-11T23:28:41.214+0000] {dag.py:3954} INFO - Setting next_dagrun for dataset_consumes_1 to None, run_after=None
[2025-12-11T23:28:41.216+0000] {logging_mixin.py:188} INFO - [2025-12-11T23:28:41.215+0000] {dag.py:3954} INFO - Setting next_dagrun for dataset_consumes_1_and_2 to None, run_after=None
[2025-12-11T23:28:41.217+0000] {logging_mixin.py:188} INFO - [2025-12-11T23:28:41.217+0000] {dag.py:3954} INFO - Setting next_dagrun for dataset_consumes_1_never_scheduled to None, run_after=None
[2025-12-11T23:28:41.218+0000] {logging_mixin.py:188} INFO - [2025-12-11T23:28:41.218+0000] {dag.py:3954} INFO - Setting next_dagrun for dataset_consumes_unknown_never_scheduled to None, run_after=None
[2025-12-11T23:28:41.229+0000] {logging_mixin.py:188} INFO - [2025-12-11T23:28:41.229+0000] {dag.py:3954} INFO - Setting next_dagrun for dataset_produces_1 to 2025-12-10 00:00:00+00:00, run_after=2025-12-11 00:00:00+00:00
[2025-12-11T23:28:41.231+0000] {logging_mixin.py:188} INFO - [2025-12-11T23:28:41.231+0000] {dag.py:3954} INFO - Setting next_dagrun for dataset_produces_2 to None, run_after=None
[2025-12-11T23:28:41.332+0000] {processor.py:183} INFO - Processing /home/airflow/.local/lib/python3.9/site-packages/airflow/example_dags/example_datasets.py took 0.438 seconds
[2025-12-11T23:29:12.119+0000] {processor.py:161} INFO - Started process (PID=4967) to work on /home/airflow/.local/lib/python3.9/site-packages/airflow/example_dags/example_datasets.py
[2025-12-11T23:29:12.120+0000] {processor.py:830} INFO - Processing file /home/airflow/.local/lib/python3.9/site-packages/airflow/example_dags/example_datasets.py for tasks to queue
[2025-12-11T23:29:12.131+0000] {logging_mixin.py:188} INFO - [2025-12-11T23:29:12.130+0000] {dagbag.py:545} INFO - Filling up the DagBag from /home/airflow/.local/lib/python3.9/site-packages/airflow/example_dags/example_datasets.py
[2025-12-11T23:29:12.159+0000] {processor.py:840} INFO - DAG(s) 'dataset_consumes_1_and_2', 'dataset_consumes_1_never_scheduled', 'consume_1_or_both_2_and_3_with_dataset_expressions', 'conditional_dataset_and_time_based_timetable', 'consume_1_and_2_with_dataset_expressions', 'dataset_consumes_unknown_never_scheduled', 'dataset_consumes_1', 'consume_1_or_2_with_dataset_expressions', 'dataset_produces_2', 'dataset_produces_1' retrieved from /home/airflow/.local/lib/python3.9/site-packages/airflow/example_dags/example_datasets.py
[2025-12-11T23:29:12.297+0000] {logging_mixin.py:188} INFO - [2025-12-11T23:29:12.296+0000] {dag.py:3096} INFO - Sync 10 DAGs
[2025-12-11T23:29:12.360+0000] {logging_mixin.py:188} INFO - [2025-12-11T23:29:12.360+0000] {dag.py:3954} INFO - Setting next_dagrun for conditional_dataset_and_time_based_timetable to 2025-12-10 01:00:00+00:00, run_after=2025-12-10 01:00:00+00:00
[2025-12-11T23:29:12.374+0000] {logging_mixin.py:188} INFO - [2025-12-11T23:29:12.374+0000] {dag.py:3954} INFO - Setting next_dagrun for consume_1_and_2_with_dataset_expressions to None, run_after=None
[2025-12-11T23:29:12.377+0000] {logging_mixin.py:188} INFO - [2025-12-11T23:29:12.376+0000] {dag.py:3954} INFO - Setting next_dagrun for consume_1_or_2_with_dataset_expressions to None, run_after=None
[2025-12-11T23:29:12.378+0000] {logging_mixin.py:188} INFO - [2025-12-11T23:29:12.378+0000] {dag.py:3954} INFO - Setting next_dagrun for consume_1_or_both_2_and_3_with_dataset_expressions to None, run_after=None
[2025-12-11T23:29:12.380+0000] {logging_mixin.py:188} INFO - [2025-12-11T23:29:12.380+0000] {dag.py:3954} INFO - Setting next_dagrun for dataset_consumes_1 to None, run_after=None
[2025-12-11T23:29:12.381+0000] {logging_mixin.py:188} INFO - [2025-12-11T23:29:12.381+0000] {dag.py:3954} INFO - Setting next_dagrun for dataset_consumes_1_and_2 to None, run_after=None
[2025-12-11T23:29:12.390+0000] {logging_mixin.py:188} INFO - [2025-12-11T23:29:12.390+0000] {dag.py:3954} INFO - Setting next_dagrun for dataset_consumes_1_never_scheduled to None, run_after=None
[2025-12-11T23:29:12.392+0000] {logging_mixin.py:188} INFO - [2025-12-11T23:29:12.392+0000] {dag.py:3954} INFO - Setting next_dagrun for dataset_consumes_unknown_never_scheduled to None, run_after=None
[2025-12-11T23:29:12.395+0000] {logging_mixin.py:188} INFO - [2025-12-11T23:29:12.395+0000] {dag.py:3954} INFO - Setting next_dagrun for dataset_produces_1 to 2025-12-10 00:00:00+00:00, run_after=2025-12-11 00:00:00+00:00
[2025-12-11T23:29:12.397+0000] {logging_mixin.py:188} INFO - [2025-12-11T23:29:12.396+0000] {dag.py:3954} INFO - Setting next_dagrun for dataset_produces_2 to None, run_after=None
[2025-12-11T23:29:12.483+0000] {processor.py:183} INFO - Processing /home/airflow/.local/lib/python3.9/site-packages/airflow/example_dags/example_datasets.py took 0.376 seconds
[2025-12-11T23:29:42.737+0000] {processor.py:161} INFO - Started process (PID=5034) to work on /home/airflow/.local/lib/python3.9/site-packages/airflow/example_dags/example_datasets.py
[2025-12-11T23:29:42.739+0000] {processor.py:830} INFO - Processing file /home/airflow/.local/lib/python3.9/site-packages/airflow/example_dags/example_datasets.py for tasks to queue
[2025-12-11T23:29:42.751+0000] {logging_mixin.py:188} INFO - [2025-12-11T23:29:42.751+0000] {dagbag.py:545} INFO - Filling up the DagBag from /home/airflow/.local/lib/python3.9/site-packages/airflow/example_dags/example_datasets.py
[2025-12-11T23:29:42.798+0000] {processor.py:840} INFO - DAG(s) 'dataset_consumes_1_never_scheduled', 'dataset_consumes_1', 'dataset_consumes_1_and_2', 'consume_1_or_2_with_dataset_expressions', 'dataset_produces_1', 'consume_1_or_both_2_and_3_with_dataset_expressions', 'dataset_consumes_unknown_never_scheduled', 'dataset_produces_2', 'conditional_dataset_and_time_based_timetable', 'consume_1_and_2_with_dataset_expressions' retrieved from /home/airflow/.local/lib/python3.9/site-packages/airflow/example_dags/example_datasets.py
[2025-12-11T23:29:42.938+0000] {logging_mixin.py:188} INFO - [2025-12-11T23:29:42.938+0000] {dag.py:3096} INFO - Sync 10 DAGs
[2025-12-11T23:29:42.990+0000] {logging_mixin.py:188} INFO - [2025-12-11T23:29:42.990+0000] {dag.py:3954} INFO - Setting next_dagrun for conditional_dataset_and_time_based_timetable to 2025-12-10 01:00:00+00:00, run_after=2025-12-10 01:00:00+00:00
[2025-12-11T23:29:42.997+0000] {logging_mixin.py:188} INFO - [2025-12-11T23:29:42.997+0000] {dag.py:3954} INFO - Setting next_dagrun for consume_1_and_2_with_dataset_expressions to None, run_after=None
[2025-12-11T23:29:43.000+0000] {logging_mixin.py:188} INFO - [2025-12-11T23:29:43.000+0000] {dag.py:3954} INFO - Setting next_dagrun for consume_1_or_2_with_dataset_expressions to None, run_after=None
[2025-12-11T23:29:43.003+0000] {logging_mixin.py:188} INFO - [2025-12-11T23:29:43.002+0000] {dag.py:3954} INFO - Setting next_dagrun for consume_1_or_both_2_and_3_with_dataset_expressions to None, run_after=None
[2025-12-11T23:29:43.005+0000] {logging_mixin.py:188} INFO - [2025-12-11T23:29:43.004+0000] {dag.py:3954} INFO - Setting next_dagrun for dataset_consumes_1 to None, run_after=None
[2025-12-11T23:29:43.006+0000] {logging_mixin.py:188} INFO - [2025-12-11T23:29:43.006+0000] {dag.py:3954} INFO - Setting next_dagrun for dataset_consumes_1_and_2 to None, run_after=None
[2025-12-11T23:29:43.011+0000] {logging_mixin.py:188} INFO - [2025-12-11T23:29:43.010+0000] {dag.py:3954} INFO - Setting next_dagrun for dataset_consumes_1_never_scheduled to None, run_after=None
[2025-12-11T23:29:43.013+0000] {logging_mixin.py:188} INFO - [2025-12-11T23:29:43.012+0000] {dag.py:3954} INFO - Setting next_dagrun for dataset_consumes_unknown_never_scheduled to None, run_after=None
[2025-12-11T23:29:43.016+0000] {logging_mixin.py:188} INFO - [2025-12-11T23:29:43.016+0000] {dag.py:3954} INFO - Setting next_dagrun for dataset_produces_1 to 2025-12-10 00:00:00+00:00, run_after=2025-12-11 00:00:00+00:00
[2025-12-11T23:29:43.018+0000] {logging_mixin.py:188} INFO - [2025-12-11T23:29:43.018+0000] {dag.py:3954} INFO - Setting next_dagrun for dataset_produces_2 to None, run_after=None
[2025-12-11T23:29:43.086+0000] {processor.py:183} INFO - Processing /home/airflow/.local/lib/python3.9/site-packages/airflow/example_dags/example_datasets.py took 0.368 seconds
[2025-12-11T23:30:13.185+0000] {processor.py:161} INFO - Started process (PID=5101) to work on /home/airflow/.local/lib/python3.9/site-packages/airflow/example_dags/example_datasets.py
[2025-12-11T23:30:13.186+0000] {processor.py:830} INFO - Processing file /home/airflow/.local/lib/python3.9/site-packages/airflow/example_dags/example_datasets.py for tasks to queue
[2025-12-11T23:30:13.191+0000] {logging_mixin.py:188} INFO - [2025-12-11T23:30:13.191+0000] {dagbag.py:545} INFO - Filling up the DagBag from /home/airflow/.local/lib/python3.9/site-packages/airflow/example_dags/example_datasets.py
[2025-12-11T23:30:13.230+0000] {processor.py:840} INFO - DAG(s) 'dataset_consumes_1_never_scheduled', 'dataset_consumes_1', 'dataset_produces_2', 'consume_1_and_2_with_dataset_expressions', 'consume_1_or_2_with_dataset_expressions', 'consume_1_or_both_2_and_3_with_dataset_expressions', 'dataset_produces_1', 'dataset_consumes_1_and_2', 'dataset_consumes_unknown_never_scheduled', 'conditional_dataset_and_time_based_timetable' retrieved from /home/airflow/.local/lib/python3.9/site-packages/airflow/example_dags/example_datasets.py
[2025-12-11T23:30:13.360+0000] {logging_mixin.py:188} INFO - [2025-12-11T23:30:13.360+0000] {dag.py:3096} INFO - Sync 10 DAGs
[2025-12-11T23:30:13.437+0000] {logging_mixin.py:188} INFO - [2025-12-11T23:30:13.437+0000] {dag.py:3954} INFO - Setting next_dagrun for conditional_dataset_and_time_based_timetable to 2025-12-10 01:00:00+00:00, run_after=2025-12-10 01:00:00+00:00
[2025-12-11T23:30:13.450+0000] {logging_mixin.py:188} INFO - [2025-12-11T23:30:13.449+0000] {dag.py:3954} INFO - Setting next_dagrun for consume_1_and_2_with_dataset_expressions to None, run_after=None
[2025-12-11T23:30:13.453+0000] {logging_mixin.py:188} INFO - [2025-12-11T23:30:13.453+0000] {dag.py:3954} INFO - Setting next_dagrun for consume_1_or_2_with_dataset_expressions to None, run_after=None
[2025-12-11T23:30:13.457+0000] {logging_mixin.py:188} INFO - [2025-12-11T23:30:13.457+0000] {dag.py:3954} INFO - Setting next_dagrun for consume_1_or_both_2_and_3_with_dataset_expressions to None, run_after=None
[2025-12-11T23:30:13.462+0000] {logging_mixin.py:188} INFO - [2025-12-11T23:30:13.461+0000] {dag.py:3954} INFO - Setting next_dagrun for dataset_consumes_1 to None, run_after=None
[2025-12-11T23:30:13.464+0000] {logging_mixin.py:188} INFO - [2025-12-11T23:30:13.464+0000] {dag.py:3954} INFO - Setting next_dagrun for dataset_consumes_1_and_2 to None, run_after=None
[2025-12-11T23:30:13.470+0000] {logging_mixin.py:188} INFO - [2025-12-11T23:30:13.470+0000] {dag.py:3954} INFO - Setting next_dagrun for dataset_consumes_1_never_scheduled to None, run_after=None
[2025-12-11T23:30:13.476+0000] {logging_mixin.py:188} INFO - [2025-12-11T23:30:13.476+0000] {dag.py:3954} INFO - Setting next_dagrun for dataset_consumes_unknown_never_scheduled to None, run_after=None
[2025-12-11T23:30:13.481+0000] {logging_mixin.py:188} INFO - [2025-12-11T23:30:13.481+0000] {dag.py:3954} INFO - Setting next_dagrun for dataset_produces_1 to 2025-12-10 00:00:00+00:00, run_after=2025-12-11 00:00:00+00:00
[2025-12-11T23:30:13.484+0000] {logging_mixin.py:188} INFO - [2025-12-11T23:30:13.484+0000] {dag.py:3954} INFO - Setting next_dagrun for dataset_produces_2 to None, run_after=None
[2025-12-11T23:30:13.612+0000] {processor.py:183} INFO - Processing /home/airflow/.local/lib/python3.9/site-packages/airflow/example_dags/example_datasets.py took 0.437 seconds
[2025-12-11T23:30:43.716+0000] {processor.py:161} INFO - Started process (PID=5168) to work on /home/airflow/.local/lib/python3.9/site-packages/airflow/example_dags/example_datasets.py
[2025-12-11T23:30:43.719+0000] {processor.py:830} INFO - Processing file /home/airflow/.local/lib/python3.9/site-packages/airflow/example_dags/example_datasets.py for tasks to queue
[2025-12-11T23:30:43.722+0000] {logging_mixin.py:188} INFO - [2025-12-11T23:30:43.721+0000] {dagbag.py:545} INFO - Filling up the DagBag from /home/airflow/.local/lib/python3.9/site-packages/airflow/example_dags/example_datasets.py
[2025-12-11T23:30:43.761+0000] {processor.py:840} INFO - DAG(s) 'dataset_consumes_1_and_2', 'consume_1_and_2_with_dataset_expressions', 'consume_1_or_2_with_dataset_expressions', 'consume_1_or_both_2_and_3_with_dataset_expressions', 'conditional_dataset_and_time_based_timetable', 'dataset_consumes_1_never_scheduled', 'dataset_consumes_unknown_never_scheduled', 'dataset_produces_2', 'dataset_produces_1', 'dataset_consumes_1' retrieved from /home/airflow/.local/lib/python3.9/site-packages/airflow/example_dags/example_datasets.py
[2025-12-11T23:30:43.913+0000] {logging_mixin.py:188} INFO - [2025-12-11T23:30:43.913+0000] {dag.py:3096} INFO - Sync 10 DAGs
[2025-12-11T23:30:43.990+0000] {logging_mixin.py:188} INFO - [2025-12-11T23:30:43.989+0000] {dag.py:3954} INFO - Setting next_dagrun for conditional_dataset_and_time_based_timetable to 2025-12-10 01:00:00+00:00, run_after=2025-12-10 01:00:00+00:00
[2025-12-11T23:30:43.996+0000] {logging_mixin.py:188} INFO - [2025-12-11T23:30:43.996+0000] {dag.py:3954} INFO - Setting next_dagrun for consume_1_and_2_with_dataset_expressions to None, run_after=None
[2025-12-11T23:30:43.998+0000] {logging_mixin.py:188} INFO - [2025-12-11T23:30:43.997+0000] {dag.py:3954} INFO - Setting next_dagrun for consume_1_or_2_with_dataset_expressions to None, run_after=None
[2025-12-11T23:30:43.999+0000] {logging_mixin.py:188} INFO - [2025-12-11T23:30:43.999+0000] {dag.py:3954} INFO - Setting next_dagrun for consume_1_or_both_2_and_3_with_dataset_expressions to None, run_after=None
[2025-12-11T23:30:44.001+0000] {logging_mixin.py:188} INFO - [2025-12-11T23:30:44.000+0000] {dag.py:3954} INFO - Setting next_dagrun for dataset_consumes_1 to None, run_after=None
[2025-12-11T23:30:44.010+0000] {logging_mixin.py:188} INFO - [2025-12-11T23:30:44.009+0000] {dag.py:3954} INFO - Setting next_dagrun for dataset_consumes_1_and_2 to None, run_after=None
[2025-12-11T23:30:44.011+0000] {logging_mixin.py:188} INFO - [2025-12-11T23:30:44.011+0000] {dag.py:3954} INFO - Setting next_dagrun for dataset_consumes_1_never_scheduled to None, run_after=None
[2025-12-11T23:30:44.013+0000] {logging_mixin.py:188} INFO - [2025-12-11T23:30:44.013+0000] {dag.py:3954} INFO - Setting next_dagrun for dataset_consumes_unknown_never_scheduled to None, run_after=None
[2025-12-11T23:30:44.016+0000] {logging_mixin.py:188} INFO - [2025-12-11T23:30:44.016+0000] {dag.py:3954} INFO - Setting next_dagrun for dataset_produces_1 to 2025-12-10 00:00:00+00:00, run_after=2025-12-11 00:00:00+00:00
[2025-12-11T23:30:44.017+0000] {logging_mixin.py:188} INFO - [2025-12-11T23:30:44.017+0000] {dag.py:3954} INFO - Setting next_dagrun for dataset_produces_2 to None, run_after=None
[2025-12-11T23:30:44.103+0000] {processor.py:183} INFO - Processing /home/airflow/.local/lib/python3.9/site-packages/airflow/example_dags/example_datasets.py took 0.405 seconds
[2025-12-11T23:31:14.329+0000] {processor.py:161} INFO - Started process (PID=5235) to work on /home/airflow/.local/lib/python3.9/site-packages/airflow/example_dags/example_datasets.py
[2025-12-11T23:31:14.332+0000] {processor.py:830} INFO - Processing file /home/airflow/.local/lib/python3.9/site-packages/airflow/example_dags/example_datasets.py for tasks to queue
[2025-12-11T23:31:14.336+0000] {logging_mixin.py:188} INFO - [2025-12-11T23:31:14.335+0000] {dagbag.py:545} INFO - Filling up the DagBag from /home/airflow/.local/lib/python3.9/site-packages/airflow/example_dags/example_datasets.py
[2025-12-11T23:31:14.380+0000] {processor.py:840} INFO - DAG(s) 'conditional_dataset_and_time_based_timetable', 'dataset_produces_2', 'dataset_consumes_1_and_2', 'dataset_produces_1', 'consume_1_or_both_2_and_3_with_dataset_expressions', 'consume_1_or_2_with_dataset_expressions', 'dataset_consumes_1_never_scheduled', 'consume_1_and_2_with_dataset_expressions', 'dataset_consumes_1', 'dataset_consumes_unknown_never_scheduled' retrieved from /home/airflow/.local/lib/python3.9/site-packages/airflow/example_dags/example_datasets.py
[2025-12-11T23:31:14.575+0000] {logging_mixin.py:188} INFO - [2025-12-11T23:31:14.574+0000] {dag.py:3096} INFO - Sync 10 DAGs
[2025-12-11T23:31:14.659+0000] {logging_mixin.py:188} INFO - [2025-12-11T23:31:14.659+0000] {dag.py:3954} INFO - Setting next_dagrun for conditional_dataset_and_time_based_timetable to 2025-12-10 01:00:00+00:00, run_after=2025-12-10 01:00:00+00:00
[2025-12-11T23:31:14.689+0000] {logging_mixin.py:188} INFO - [2025-12-11T23:31:14.675+0000] {dag.py:3954} INFO - Setting next_dagrun for consume_1_and_2_with_dataset_expressions to None, run_after=None
[2025-12-11T23:31:14.693+0000] {logging_mixin.py:188} INFO - [2025-12-11T23:31:14.693+0000] {dag.py:3954} INFO - Setting next_dagrun for consume_1_or_2_with_dataset_expressions to None, run_after=None
[2025-12-11T23:31:14.696+0000] {logging_mixin.py:188} INFO - [2025-12-11T23:31:14.696+0000] {dag.py:3954} INFO - Setting next_dagrun for consume_1_or_both_2_and_3_with_dataset_expressions to None, run_after=None
[2025-12-11T23:31:14.711+0000] {logging_mixin.py:188} INFO - [2025-12-11T23:31:14.710+0000] {dag.py:3954} INFO - Setting next_dagrun for dataset_consumes_1 to None, run_after=None
[2025-12-11T23:31:14.714+0000] {logging_mixin.py:188} INFO - [2025-12-11T23:31:14.714+0000] {dag.py:3954} INFO - Setting next_dagrun for dataset_consumes_1_and_2 to None, run_after=None
[2025-12-11T23:31:14.716+0000] {logging_mixin.py:188} INFO - [2025-12-11T23:31:14.716+0000] {dag.py:3954} INFO - Setting next_dagrun for dataset_consumes_1_never_scheduled to None, run_after=None
[2025-12-11T23:31:14.732+0000] {logging_mixin.py:188} INFO - [2025-12-11T23:31:14.731+0000] {dag.py:3954} INFO - Setting next_dagrun for dataset_consumes_unknown_never_scheduled to None, run_after=None
[2025-12-11T23:31:14.736+0000] {logging_mixin.py:188} INFO - [2025-12-11T23:31:14.735+0000] {dag.py:3954} INFO - Setting next_dagrun for dataset_produces_1 to 2025-12-10 00:00:00+00:00, run_after=2025-12-11 00:00:00+00:00
[2025-12-11T23:31:14.738+0000] {logging_mixin.py:188} INFO - [2025-12-11T23:31:14.737+0000] {dag.py:3954} INFO - Setting next_dagrun for dataset_produces_2 to None, run_after=None
[2025-12-11T23:31:14.994+0000] {processor.py:183} INFO - Processing /home/airflow/.local/lib/python3.9/site-packages/airflow/example_dags/example_datasets.py took 0.682 seconds
[2025-12-11T23:31:45.166+0000] {processor.py:161} INFO - Started process (PID=5303) to work on /home/airflow/.local/lib/python3.9/site-packages/airflow/example_dags/example_datasets.py
[2025-12-11T23:31:45.168+0000] {processor.py:830} INFO - Processing file /home/airflow/.local/lib/python3.9/site-packages/airflow/example_dags/example_datasets.py for tasks to queue
[2025-12-11T23:31:45.171+0000] {logging_mixin.py:188} INFO - [2025-12-11T23:31:45.171+0000] {dagbag.py:545} INFO - Filling up the DagBag from /home/airflow/.local/lib/python3.9/site-packages/airflow/example_dags/example_datasets.py
[2025-12-11T23:31:45.194+0000] {processor.py:840} INFO - DAG(s) 'conditional_dataset_and_time_based_timetable', 'dataset_produces_2', 'dataset_consumes_1_never_scheduled', 'consume_1_or_both_2_and_3_with_dataset_expressions', 'dataset_consumes_1_and_2', 'dataset_consumes_unknown_never_scheduled', 'dataset_consumes_1', 'consume_1_and_2_with_dataset_expressions', 'dataset_produces_1', 'consume_1_or_2_with_dataset_expressions' retrieved from /home/airflow/.local/lib/python3.9/site-packages/airflow/example_dags/example_datasets.py
[2025-12-11T23:31:45.298+0000] {logging_mixin.py:188} INFO - [2025-12-11T23:31:45.298+0000] {dag.py:3096} INFO - Sync 10 DAGs
[2025-12-11T23:31:45.362+0000] {logging_mixin.py:188} INFO - [2025-12-11T23:31:45.361+0000] {dag.py:3954} INFO - Setting next_dagrun for conditional_dataset_and_time_based_timetable to 2025-12-10 01:00:00+00:00, run_after=2025-12-10 01:00:00+00:00
[2025-12-11T23:31:45.374+0000] {logging_mixin.py:188} INFO - [2025-12-11T23:31:45.374+0000] {dag.py:3954} INFO - Setting next_dagrun for consume_1_and_2_with_dataset_expressions to None, run_after=None
[2025-12-11T23:31:45.376+0000] {logging_mixin.py:188} INFO - [2025-12-11T23:31:45.376+0000] {dag.py:3954} INFO - Setting next_dagrun for consume_1_or_2_with_dataset_expressions to None, run_after=None
[2025-12-11T23:31:45.378+0000] {logging_mixin.py:188} INFO - [2025-12-11T23:31:45.378+0000] {dag.py:3954} INFO - Setting next_dagrun for consume_1_or_both_2_and_3_with_dataset_expressions to None, run_after=None
[2025-12-11T23:31:45.380+0000] {logging_mixin.py:188} INFO - [2025-12-11T23:31:45.379+0000] {dag.py:3954} INFO - Setting next_dagrun for dataset_consumes_1 to None, run_after=None
[2025-12-11T23:31:45.381+0000] {logging_mixin.py:188} INFO - [2025-12-11T23:31:45.381+0000] {dag.py:3954} INFO - Setting next_dagrun for dataset_consumes_1_and_2 to None, run_after=None
[2025-12-11T23:31:45.383+0000] {logging_mixin.py:188} INFO - [2025-12-11T23:31:45.383+0000] {dag.py:3954} INFO - Setting next_dagrun for dataset_consumes_1_never_scheduled to None, run_after=None
[2025-12-11T23:31:45.390+0000] {logging_mixin.py:188} INFO - [2025-12-11T23:31:45.389+0000] {dag.py:3954} INFO - Setting next_dagrun for dataset_consumes_unknown_never_scheduled to None, run_after=None
[2025-12-11T23:31:45.393+0000] {logging_mixin.py:188} INFO - [2025-12-11T23:31:45.393+0000] {dag.py:3954} INFO - Setting next_dagrun for dataset_produces_1 to 2025-12-10 00:00:00+00:00, run_after=2025-12-11 00:00:00+00:00
[2025-12-11T23:31:45.394+0000] {logging_mixin.py:188} INFO - [2025-12-11T23:31:45.394+0000] {dag.py:3954} INFO - Setting next_dagrun for dataset_produces_2 to None, run_after=None
[2025-12-11T23:31:45.450+0000] {processor.py:183} INFO - Processing /home/airflow/.local/lib/python3.9/site-packages/airflow/example_dags/example_datasets.py took 0.294 seconds
[2025-12-11T23:32:15.723+0000] {processor.py:161} INFO - Started process (PID=5370) to work on /home/airflow/.local/lib/python3.9/site-packages/airflow/example_dags/example_datasets.py
[2025-12-11T23:32:15.730+0000] {processor.py:830} INFO - Processing file /home/airflow/.local/lib/python3.9/site-packages/airflow/example_dags/example_datasets.py for tasks to queue
[2025-12-11T23:32:15.734+0000] {logging_mixin.py:188} INFO - [2025-12-11T23:32:15.733+0000] {dagbag.py:545} INFO - Filling up the DagBag from /home/airflow/.local/lib/python3.9/site-packages/airflow/example_dags/example_datasets.py
[2025-12-11T23:32:15.791+0000] {processor.py:840} INFO - DAG(s) 'dataset_produces_1', 'conditional_dataset_and_time_based_timetable', 'consume_1_and_2_with_dataset_expressions', 'dataset_consumes_1_never_scheduled', 'dataset_produces_2', 'dataset_consumes_1', 'consume_1_or_both_2_and_3_with_dataset_expressions', 'dataset_consumes_1_and_2', 'consume_1_or_2_with_dataset_expressions', 'dataset_consumes_unknown_never_scheduled' retrieved from /home/airflow/.local/lib/python3.9/site-packages/airflow/example_dags/example_datasets.py
[2025-12-11T23:32:15.915+0000] {logging_mixin.py:188} INFO - [2025-12-11T23:32:15.914+0000] {dag.py:3096} INFO - Sync 10 DAGs
[2025-12-11T23:32:15.986+0000] {logging_mixin.py:188} INFO - [2025-12-11T23:32:15.986+0000] {dag.py:3954} INFO - Setting next_dagrun for conditional_dataset_and_time_based_timetable to 2025-12-10 01:00:00+00:00, run_after=2025-12-10 01:00:00+00:00
[2025-12-11T23:32:15.994+0000] {logging_mixin.py:188} INFO - [2025-12-11T23:32:15.993+0000] {dag.py:3954} INFO - Setting next_dagrun for consume_1_and_2_with_dataset_expressions to None, run_after=None
[2025-12-11T23:32:15.995+0000] {logging_mixin.py:188} INFO - [2025-12-11T23:32:15.995+0000] {dag.py:3954} INFO - Setting next_dagrun for consume_1_or_2_with_dataset_expressions to None, run_after=None
[2025-12-11T23:32:15.997+0000] {logging_mixin.py:188} INFO - [2025-12-11T23:32:15.996+0000] {dag.py:3954} INFO - Setting next_dagrun for consume_1_or_both_2_and_3_with_dataset_expressions to None, run_after=None
[2025-12-11T23:32:15.998+0000] {logging_mixin.py:188} INFO - [2025-12-11T23:32:15.998+0000] {dag.py:3954} INFO - Setting next_dagrun for dataset_consumes_1 to None, run_after=None
[2025-12-11T23:32:15.999+0000] {logging_mixin.py:188} INFO - [2025-12-11T23:32:15.999+0000] {dag.py:3954} INFO - Setting next_dagrun for dataset_consumes_1_and_2 to None, run_after=None
[2025-12-11T23:32:16.001+0000] {logging_mixin.py:188} INFO - [2025-12-11T23:32:16.000+0000] {dag.py:3954} INFO - Setting next_dagrun for dataset_consumes_1_never_scheduled to None, run_after=None
[2025-12-11T23:32:16.002+0000] {logging_mixin.py:188} INFO - [2025-12-11T23:32:16.002+0000] {dag.py:3954} INFO - Setting next_dagrun for dataset_consumes_unknown_never_scheduled to None, run_after=None
[2025-12-11T23:32:16.005+0000] {logging_mixin.py:188} INFO - [2025-12-11T23:32:16.005+0000] {dag.py:3954} INFO - Setting next_dagrun for dataset_produces_1 to 2025-12-10 00:00:00+00:00, run_after=2025-12-11 00:00:00+00:00
[2025-12-11T23:32:16.006+0000] {logging_mixin.py:188} INFO - [2025-12-11T23:32:16.006+0000] {dag.py:3954} INFO - Setting next_dagrun for dataset_produces_2 to None, run_after=None
[2025-12-11T23:32:16.212+0000] {processor.py:183} INFO - Processing /home/airflow/.local/lib/python3.9/site-packages/airflow/example_dags/example_datasets.py took 0.500 seconds
[2025-12-11T23:32:46.317+0000] {processor.py:161} INFO - Started process (PID=5438) to work on /home/airflow/.local/lib/python3.9/site-packages/airflow/example_dags/example_datasets.py
[2025-12-11T23:32:46.325+0000] {processor.py:830} INFO - Processing file /home/airflow/.local/lib/python3.9/site-packages/airflow/example_dags/example_datasets.py for tasks to queue
[2025-12-11T23:32:46.328+0000] {logging_mixin.py:188} INFO - [2025-12-11T23:32:46.327+0000] {dagbag.py:545} INFO - Filling up the DagBag from /home/airflow/.local/lib/python3.9/site-packages/airflow/example_dags/example_datasets.py
[2025-12-11T23:32:46.350+0000] {processor.py:840} INFO - DAG(s) 'consume_1_or_both_2_and_3_with_dataset_expressions', 'dataset_produces_1', 'dataset_consumes_1_never_scheduled', 'dataset_produces_2', 'dataset_consumes_unknown_never_scheduled', 'consume_1_or_2_with_dataset_expressions', 'dataset_consumes_1_and_2', 'consume_1_and_2_with_dataset_expressions', 'dataset_consumes_1', 'conditional_dataset_and_time_based_timetable' retrieved from /home/airflow/.local/lib/python3.9/site-packages/airflow/example_dags/example_datasets.py
[2025-12-11T23:32:46.434+0000] {logging_mixin.py:188} INFO - [2025-12-11T23:32:46.433+0000] {dag.py:3096} INFO - Sync 10 DAGs
[2025-12-11T23:32:46.483+0000] {logging_mixin.py:188} INFO - [2025-12-11T23:32:46.483+0000] {dag.py:3954} INFO - Setting next_dagrun for conditional_dataset_and_time_based_timetable to 2025-12-10 01:00:00+00:00, run_after=2025-12-10 01:00:00+00:00
[2025-12-11T23:32:46.494+0000] {logging_mixin.py:188} INFO - [2025-12-11T23:32:46.494+0000] {dag.py:3954} INFO - Setting next_dagrun for consume_1_and_2_with_dataset_expressions to None, run_after=None
[2025-12-11T23:32:46.496+0000] {logging_mixin.py:188} INFO - [2025-12-11T23:32:46.496+0000] {dag.py:3954} INFO - Setting next_dagrun for consume_1_or_2_with_dataset_expressions to None, run_after=None
[2025-12-11T23:32:46.498+0000] {logging_mixin.py:188} INFO - [2025-12-11T23:32:46.498+0000] {dag.py:3954} INFO - Setting next_dagrun for consume_1_or_both_2_and_3_with_dataset_expressions to None, run_after=None
[2025-12-11T23:32:46.500+0000] {logging_mixin.py:188} INFO - [2025-12-11T23:32:46.500+0000] {dag.py:3954} INFO - Setting next_dagrun for dataset_consumes_1 to None, run_after=None
[2025-12-11T23:32:46.501+0000] {logging_mixin.py:188} INFO - [2025-12-11T23:32:46.501+0000] {dag.py:3954} INFO - Setting next_dagrun for dataset_consumes_1_and_2 to None, run_after=None
[2025-12-11T23:32:46.510+0000] {logging_mixin.py:188} INFO - [2025-12-11T23:32:46.510+0000] {dag.py:3954} INFO - Setting next_dagrun for dataset_consumes_1_never_scheduled to None, run_after=None
[2025-12-11T23:32:46.512+0000] {logging_mixin.py:188} INFO - [2025-12-11T23:32:46.512+0000] {dag.py:3954} INFO - Setting next_dagrun for dataset_consumes_unknown_never_scheduled to None, run_after=None
[2025-12-11T23:32:46.515+0000] {logging_mixin.py:188} INFO - [2025-12-11T23:32:46.515+0000] {dag.py:3954} INFO - Setting next_dagrun for dataset_produces_1 to 2025-12-10 00:00:00+00:00, run_after=2025-12-11 00:00:00+00:00
[2025-12-11T23:32:46.517+0000] {logging_mixin.py:188} INFO - [2025-12-11T23:32:46.517+0000] {dag.py:3954} INFO - Setting next_dagrun for dataset_produces_2 to None, run_after=None
[2025-12-11T23:32:46.578+0000] {processor.py:183} INFO - Processing /home/airflow/.local/lib/python3.9/site-packages/airflow/example_dags/example_datasets.py took 0.275 seconds
[2025-12-11T23:33:17.345+0000] {processor.py:161} INFO - Started process (PID=5505) to work on /home/airflow/.local/lib/python3.9/site-packages/airflow/example_dags/example_datasets.py
[2025-12-11T23:33:17.347+0000] {processor.py:830} INFO - Processing file /home/airflow/.local/lib/python3.9/site-packages/airflow/example_dags/example_datasets.py for tasks to queue
[2025-12-11T23:33:17.352+0000] {logging_mixin.py:188} INFO - [2025-12-11T23:33:17.351+0000] {dagbag.py:545} INFO - Filling up the DagBag from /home/airflow/.local/lib/python3.9/site-packages/airflow/example_dags/example_datasets.py
[2025-12-11T23:33:17.374+0000] {processor.py:840} INFO - DAG(s) 'consume_1_or_2_with_dataset_expressions', 'dataset_produces_2', 'dataset_consumes_1', 'dataset_consumes_unknown_never_scheduled', 'dataset_produces_1', 'consume_1_or_both_2_and_3_with_dataset_expressions', 'conditional_dataset_and_time_based_timetable', 'dataset_consumes_1_never_scheduled', 'consume_1_and_2_with_dataset_expressions', 'dataset_consumes_1_and_2' retrieved from /home/airflow/.local/lib/python3.9/site-packages/airflow/example_dags/example_datasets.py
[2025-12-11T23:33:17.447+0000] {logging_mixin.py:188} INFO - [2025-12-11T23:33:17.447+0000] {dag.py:3096} INFO - Sync 10 DAGs
[2025-12-11T23:33:17.496+0000] {logging_mixin.py:188} INFO - [2025-12-11T23:33:17.495+0000] {dag.py:3954} INFO - Setting next_dagrun for conditional_dataset_and_time_based_timetable to 2025-12-10 01:00:00+00:00, run_after=2025-12-10 01:00:00+00:00
[2025-12-11T23:33:17.502+0000] {logging_mixin.py:188} INFO - [2025-12-11T23:33:17.501+0000] {dag.py:3954} INFO - Setting next_dagrun for consume_1_and_2_with_dataset_expressions to None, run_after=None
[2025-12-11T23:33:17.503+0000] {logging_mixin.py:188} INFO - [2025-12-11T23:33:17.503+0000] {dag.py:3954} INFO - Setting next_dagrun for consume_1_or_2_with_dataset_expressions to None, run_after=None
[2025-12-11T23:33:17.505+0000] {logging_mixin.py:188} INFO - [2025-12-11T23:33:17.505+0000] {dag.py:3954} INFO - Setting next_dagrun for consume_1_or_both_2_and_3_with_dataset_expressions to None, run_after=None
[2025-12-11T23:33:17.506+0000] {logging_mixin.py:188} INFO - [2025-12-11T23:33:17.506+0000] {dag.py:3954} INFO - Setting next_dagrun for dataset_consumes_1 to None, run_after=None
[2025-12-11T23:33:17.508+0000] {logging_mixin.py:188} INFO - [2025-12-11T23:33:17.507+0000] {dag.py:3954} INFO - Setting next_dagrun for dataset_consumes_1_and_2 to None, run_after=None
[2025-12-11T23:33:17.509+0000] {logging_mixin.py:188} INFO - [2025-12-11T23:33:17.509+0000] {dag.py:3954} INFO - Setting next_dagrun for dataset_consumes_1_never_scheduled to None, run_after=None
[2025-12-11T23:33:17.510+0000] {logging_mixin.py:188} INFO - [2025-12-11T23:33:17.510+0000] {dag.py:3954} INFO - Setting next_dagrun for dataset_consumes_unknown_never_scheduled to None, run_after=None
[2025-12-11T23:33:17.513+0000] {logging_mixin.py:188} INFO - [2025-12-11T23:33:17.513+0000] {dag.py:3954} INFO - Setting next_dagrun for dataset_produces_1 to 2025-12-10 00:00:00+00:00, run_after=2025-12-11 00:00:00+00:00
[2025-12-11T23:33:17.514+0000] {logging_mixin.py:188} INFO - [2025-12-11T23:33:17.514+0000] {dag.py:3954} INFO - Setting next_dagrun for dataset_produces_2 to None, run_after=None
[2025-12-11T23:33:17.560+0000] {processor.py:183} INFO - Processing /home/airflow/.local/lib/python3.9/site-packages/airflow/example_dags/example_datasets.py took 0.226 seconds
[2025-12-11T23:33:48.426+0000] {processor.py:161} INFO - Started process (PID=5573) to work on /home/airflow/.local/lib/python3.9/site-packages/airflow/example_dags/example_datasets.py
[2025-12-11T23:33:48.434+0000] {processor.py:830} INFO - Processing file /home/airflow/.local/lib/python3.9/site-packages/airflow/example_dags/example_datasets.py for tasks to queue
[2025-12-11T23:33:48.437+0000] {logging_mixin.py:188} INFO - [2025-12-11T23:33:48.437+0000] {dagbag.py:545} INFO - Filling up the DagBag from /home/airflow/.local/lib/python3.9/site-packages/airflow/example_dags/example_datasets.py
[2025-12-11T23:33:48.458+0000] {processor.py:840} INFO - DAG(s) 'consume_1_or_2_with_dataset_expressions', 'consume_1_or_both_2_and_3_with_dataset_expressions', 'dataset_produces_2', 'dataset_produces_1', 'dataset_consumes_unknown_never_scheduled', 'conditional_dataset_and_time_based_timetable', 'dataset_consumes_1_never_scheduled', 'dataset_consumes_1', 'dataset_consumes_1_and_2', 'consume_1_and_2_with_dataset_expressions' retrieved from /home/airflow/.local/lib/python3.9/site-packages/airflow/example_dags/example_datasets.py
[2025-12-11T23:33:48.531+0000] {logging_mixin.py:188} INFO - [2025-12-11T23:33:48.531+0000] {dag.py:3096} INFO - Sync 10 DAGs
[2025-12-11T23:33:48.573+0000] {logging_mixin.py:188} INFO - [2025-12-11T23:33:48.573+0000] {dag.py:3954} INFO - Setting next_dagrun for conditional_dataset_and_time_based_timetable to 2025-12-10 01:00:00+00:00, run_after=2025-12-10 01:00:00+00:00
[2025-12-11T23:33:48.580+0000] {logging_mixin.py:188} INFO - [2025-12-11T23:33:48.580+0000] {dag.py:3954} INFO - Setting next_dagrun for consume_1_and_2_with_dataset_expressions to None, run_after=None
[2025-12-11T23:33:48.582+0000] {logging_mixin.py:188} INFO - [2025-12-11T23:33:48.582+0000] {dag.py:3954} INFO - Setting next_dagrun for consume_1_or_2_with_dataset_expressions to None, run_after=None
[2025-12-11T23:33:48.584+0000] {logging_mixin.py:188} INFO - [2025-12-11T23:33:48.584+0000] {dag.py:3954} INFO - Setting next_dagrun for consume_1_or_both_2_and_3_with_dataset_expressions to None, run_after=None
[2025-12-11T23:33:48.585+0000] {logging_mixin.py:188} INFO - [2025-12-11T23:33:48.585+0000] {dag.py:3954} INFO - Setting next_dagrun for dataset_consumes_1 to None, run_after=None
[2025-12-11T23:33:48.587+0000] {logging_mixin.py:188} INFO - [2025-12-11T23:33:48.587+0000] {dag.py:3954} INFO - Setting next_dagrun for dataset_consumes_1_and_2 to None, run_after=None
[2025-12-11T23:33:48.588+0000] {logging_mixin.py:188} INFO - [2025-12-11T23:33:48.588+0000] {dag.py:3954} INFO - Setting next_dagrun for dataset_consumes_1_never_scheduled to None, run_after=None
[2025-12-11T23:33:48.590+0000] {logging_mixin.py:188} INFO - [2025-12-11T23:33:48.590+0000] {dag.py:3954} INFO - Setting next_dagrun for dataset_consumes_unknown_never_scheduled to None, run_after=None
[2025-12-11T23:33:48.593+0000] {logging_mixin.py:188} INFO - [2025-12-11T23:33:48.593+0000] {dag.py:3954} INFO - Setting next_dagrun for dataset_produces_1 to 2025-12-10 00:00:00+00:00, run_after=2025-12-11 00:00:00+00:00
[2025-12-11T23:33:48.594+0000] {logging_mixin.py:188} INFO - [2025-12-11T23:33:48.594+0000] {dag.py:3954} INFO - Setting next_dagrun for dataset_produces_2 to None, run_after=None
[2025-12-11T23:33:48.647+0000] {processor.py:183} INFO - Processing /home/airflow/.local/lib/python3.9/site-packages/airflow/example_dags/example_datasets.py took 0.233 seconds
[2025-12-11T23:34:19.322+0000] {processor.py:161} INFO - Started process (PID=5640) to work on /home/airflow/.local/lib/python3.9/site-packages/airflow/example_dags/example_datasets.py
[2025-12-11T23:34:19.323+0000] {processor.py:830} INFO - Processing file /home/airflow/.local/lib/python3.9/site-packages/airflow/example_dags/example_datasets.py for tasks to queue
[2025-12-11T23:34:19.326+0000] {logging_mixin.py:188} INFO - [2025-12-11T23:34:19.325+0000] {dagbag.py:545} INFO - Filling up the DagBag from /home/airflow/.local/lib/python3.9/site-packages/airflow/example_dags/example_datasets.py
[2025-12-11T23:34:19.347+0000] {processor.py:840} INFO - DAG(s) 'dataset_consumes_1_never_scheduled', 'dataset_consumes_1', 'dataset_consumes_1_and_2', 'dataset_produces_2', 'consume_1_and_2_with_dataset_expressions', 'dataset_produces_1', 'consume_1_or_both_2_and_3_with_dataset_expressions', 'dataset_consumes_unknown_never_scheduled', 'consume_1_or_2_with_dataset_expressions', 'conditional_dataset_and_time_based_timetable' retrieved from /home/airflow/.local/lib/python3.9/site-packages/airflow/example_dags/example_datasets.py
[2025-12-11T23:34:19.410+0000] {logging_mixin.py:188} INFO - [2025-12-11T23:34:19.410+0000] {dag.py:3096} INFO - Sync 10 DAGs
[2025-12-11T23:34:19.448+0000] {logging_mixin.py:188} INFO - [2025-12-11T23:34:19.448+0000] {dag.py:3954} INFO - Setting next_dagrun for conditional_dataset_and_time_based_timetable to 2025-12-10 01:00:00+00:00, run_after=2025-12-10 01:00:00+00:00
[2025-12-11T23:34:19.453+0000] {logging_mixin.py:188} INFO - [2025-12-11T23:34:19.453+0000] {dag.py:3954} INFO - Setting next_dagrun for consume_1_and_2_with_dataset_expressions to None, run_after=None
[2025-12-11T23:34:19.454+0000] {logging_mixin.py:188} INFO - [2025-12-11T23:34:19.454+0000] {dag.py:3954} INFO - Setting next_dagrun for consume_1_or_2_with_dataset_expressions to None, run_after=None
[2025-12-11T23:34:19.456+0000] {logging_mixin.py:188} INFO - [2025-12-11T23:34:19.456+0000] {dag.py:3954} INFO - Setting next_dagrun for consume_1_or_both_2_and_3_with_dataset_expressions to None, run_after=None
[2025-12-11T23:34:19.457+0000] {logging_mixin.py:188} INFO - [2025-12-11T23:34:19.457+0000] {dag.py:3954} INFO - Setting next_dagrun for dataset_consumes_1 to None, run_after=None
[2025-12-11T23:34:19.459+0000] {logging_mixin.py:188} INFO - [2025-12-11T23:34:19.458+0000] {dag.py:3954} INFO - Setting next_dagrun for dataset_consumes_1_and_2 to None, run_after=None
[2025-12-11T23:34:19.460+0000] {logging_mixin.py:188} INFO - [2025-12-11T23:34:19.460+0000] {dag.py:3954} INFO - Setting next_dagrun for dataset_consumes_1_never_scheduled to None, run_after=None
[2025-12-11T23:34:19.461+0000] {logging_mixin.py:188} INFO - [2025-12-11T23:34:19.461+0000] {dag.py:3954} INFO - Setting next_dagrun for dataset_consumes_unknown_never_scheduled to None, run_after=None
[2025-12-11T23:34:19.464+0000] {logging_mixin.py:188} INFO - [2025-12-11T23:34:19.463+0000] {dag.py:3954} INFO - Setting next_dagrun for dataset_produces_1 to 2025-12-10 00:00:00+00:00, run_after=2025-12-11 00:00:00+00:00
[2025-12-11T23:34:19.465+0000] {logging_mixin.py:188} INFO - [2025-12-11T23:34:19.465+0000] {dag.py:3954} INFO - Setting next_dagrun for dataset_produces_2 to None, run_after=None
[2025-12-11T23:34:19.510+0000] {processor.py:183} INFO - Processing /home/airflow/.local/lib/python3.9/site-packages/airflow/example_dags/example_datasets.py took 0.201 seconds
[2025-12-11T23:34:49.565+0000] {processor.py:161} INFO - Started process (PID=5706) to work on /home/airflow/.local/lib/python3.9/site-packages/airflow/example_dags/example_datasets.py
[2025-12-11T23:34:49.573+0000] {processor.py:830} INFO - Processing file /home/airflow/.local/lib/python3.9/site-packages/airflow/example_dags/example_datasets.py for tasks to queue
[2025-12-11T23:34:49.575+0000] {logging_mixin.py:188} INFO - [2025-12-11T23:34:49.575+0000] {dagbag.py:545} INFO - Filling up the DagBag from /home/airflow/.local/lib/python3.9/site-packages/airflow/example_dags/example_datasets.py
[2025-12-11T23:34:49.596+0000] {processor.py:840} INFO - DAG(s) 'dataset_consumes_1_never_scheduled', 'conditional_dataset_and_time_based_timetable', 'dataset_consumes_1_and_2', 'consume_1_or_both_2_and_3_with_dataset_expressions', 'dataset_produces_1', 'consume_1_or_2_with_dataset_expressions', 'consume_1_and_2_with_dataset_expressions', 'dataset_consumes_1', 'dataset_consumes_unknown_never_scheduled', 'dataset_produces_2' retrieved from /home/airflow/.local/lib/python3.9/site-packages/airflow/example_dags/example_datasets.py
[2025-12-11T23:34:49.677+0000] {logging_mixin.py:188} INFO - [2025-12-11T23:34:49.676+0000] {dag.py:3096} INFO - Sync 10 DAGs
[2025-12-11T23:34:49.721+0000] {logging_mixin.py:188} INFO - [2025-12-11T23:34:49.721+0000] {dag.py:3954} INFO - Setting next_dagrun for conditional_dataset_and_time_based_timetable to 2025-12-10 01:00:00+00:00, run_after=2025-12-10 01:00:00+00:00
[2025-12-11T23:34:49.728+0000] {logging_mixin.py:188} INFO - [2025-12-11T23:34:49.727+0000] {dag.py:3954} INFO - Setting next_dagrun for consume_1_and_2_with_dataset_expressions to None, run_after=None
[2025-12-11T23:34:49.730+0000] {logging_mixin.py:188} INFO - [2025-12-11T23:34:49.730+0000] {dag.py:3954} INFO - Setting next_dagrun for consume_1_or_2_with_dataset_expressions to None, run_after=None
[2025-12-11T23:34:49.731+0000] {logging_mixin.py:188} INFO - [2025-12-11T23:34:49.731+0000] {dag.py:3954} INFO - Setting next_dagrun for consume_1_or_both_2_and_3_with_dataset_expressions to None, run_after=None
[2025-12-11T23:34:49.733+0000] {logging_mixin.py:188} INFO - [2025-12-11T23:34:49.733+0000] {dag.py:3954} INFO - Setting next_dagrun for dataset_consumes_1 to None, run_after=None
[2025-12-11T23:34:49.734+0000] {logging_mixin.py:188} INFO - [2025-12-11T23:34:49.734+0000] {dag.py:3954} INFO - Setting next_dagrun for dataset_consumes_1_and_2 to None, run_after=None
[2025-12-11T23:34:49.735+0000] {logging_mixin.py:188} INFO - [2025-12-11T23:34:49.735+0000] {dag.py:3954} INFO - Setting next_dagrun for dataset_consumes_1_never_scheduled to None, run_after=None
[2025-12-11T23:34:49.737+0000] {logging_mixin.py:188} INFO - [2025-12-11T23:34:49.737+0000] {dag.py:3954} INFO - Setting next_dagrun for dataset_consumes_unknown_never_scheduled to None, run_after=None
[2025-12-11T23:34:49.740+0000] {logging_mixin.py:188} INFO - [2025-12-11T23:34:49.740+0000] {dag.py:3954} INFO - Setting next_dagrun for dataset_produces_1 to 2025-12-10 00:00:00+00:00, run_after=2025-12-11 00:00:00+00:00
[2025-12-11T23:34:49.741+0000] {logging_mixin.py:188} INFO - [2025-12-11T23:34:49.741+0000] {dag.py:3954} INFO - Setting next_dagrun for dataset_produces_2 to None, run_after=None
[2025-12-11T23:34:49.794+0000] {processor.py:183} INFO - Processing /home/airflow/.local/lib/python3.9/site-packages/airflow/example_dags/example_datasets.py took 0.239 seconds
[2025-12-11T23:35:20.351+0000] {processor.py:161} INFO - Started process (PID=5771) to work on /home/airflow/.local/lib/python3.9/site-packages/airflow/example_dags/example_datasets.py
[2025-12-11T23:35:20.356+0000] {processor.py:830} INFO - Processing file /home/airflow/.local/lib/python3.9/site-packages/airflow/example_dags/example_datasets.py for tasks to queue
[2025-12-11T23:35:20.358+0000] {logging_mixin.py:188} INFO - [2025-12-11T23:35:20.358+0000] {dagbag.py:545} INFO - Filling up the DagBag from /home/airflow/.local/lib/python3.9/site-packages/airflow/example_dags/example_datasets.py
[2025-12-11T23:35:20.382+0000] {processor.py:840} INFO - DAG(s) 'dataset_consumes_unknown_never_scheduled', 'dataset_produces_2', 'consume_1_and_2_with_dataset_expressions', 'dataset_consumes_1_and_2', 'dataset_consumes_1_never_scheduled', 'dataset_consumes_1', 'dataset_produces_1', 'consume_1_or_both_2_and_3_with_dataset_expressions', 'conditional_dataset_and_time_based_timetable', 'consume_1_or_2_with_dataset_expressions' retrieved from /home/airflow/.local/lib/python3.9/site-packages/airflow/example_dags/example_datasets.py
[2025-12-11T23:35:20.459+0000] {logging_mixin.py:188} INFO - [2025-12-11T23:35:20.458+0000] {dag.py:3096} INFO - Sync 10 DAGs
[2025-12-11T23:35:20.502+0000] {logging_mixin.py:188} INFO - [2025-12-11T23:35:20.502+0000] {dag.py:3954} INFO - Setting next_dagrun for conditional_dataset_and_time_based_timetable to 2025-12-10 01:00:00+00:00, run_after=2025-12-10 01:00:00+00:00
[2025-12-11T23:35:20.508+0000] {logging_mixin.py:188} INFO - [2025-12-11T23:35:20.508+0000] {dag.py:3954} INFO - Setting next_dagrun for consume_1_and_2_with_dataset_expressions to None, run_after=None
[2025-12-11T23:35:20.510+0000] {logging_mixin.py:188} INFO - [2025-12-11T23:35:20.509+0000] {dag.py:3954} INFO - Setting next_dagrun for consume_1_or_2_with_dataset_expressions to None, run_after=None
[2025-12-11T23:35:20.511+0000] {logging_mixin.py:188} INFO - [2025-12-11T23:35:20.511+0000] {dag.py:3954} INFO - Setting next_dagrun for consume_1_or_both_2_and_3_with_dataset_expressions to None, run_after=None
[2025-12-11T23:35:20.513+0000] {logging_mixin.py:188} INFO - [2025-12-11T23:35:20.512+0000] {dag.py:3954} INFO - Setting next_dagrun for dataset_consumes_1 to None, run_after=None
[2025-12-11T23:35:20.514+0000] {logging_mixin.py:188} INFO - [2025-12-11T23:35:20.514+0000] {dag.py:3954} INFO - Setting next_dagrun for dataset_consumes_1_and_2 to None, run_after=None
[2025-12-11T23:35:20.515+0000] {logging_mixin.py:188} INFO - [2025-12-11T23:35:20.515+0000] {dag.py:3954} INFO - Setting next_dagrun for dataset_consumes_1_never_scheduled to None, run_after=None
[2025-12-11T23:35:20.517+0000] {logging_mixin.py:188} INFO - [2025-12-11T23:35:20.517+0000] {dag.py:3954} INFO - Setting next_dagrun for dataset_consumes_unknown_never_scheduled to None, run_after=None
[2025-12-11T23:35:20.520+0000] {logging_mixin.py:188} INFO - [2025-12-11T23:35:20.520+0000] {dag.py:3954} INFO - Setting next_dagrun for dataset_produces_1 to 2025-12-10 00:00:00+00:00, run_after=2025-12-11 00:00:00+00:00
[2025-12-11T23:35:20.522+0000] {logging_mixin.py:188} INFO - [2025-12-11T23:35:20.522+0000] {dag.py:3954} INFO - Setting next_dagrun for dataset_produces_2 to None, run_after=None
[2025-12-11T23:35:20.578+0000] {processor.py:183} INFO - Processing /home/airflow/.local/lib/python3.9/site-packages/airflow/example_dags/example_datasets.py took 0.237 seconds
[2025-12-11T23:35:50.764+0000] {processor.py:161} INFO - Started process (PID=5837) to work on /home/airflow/.local/lib/python3.9/site-packages/airflow/example_dags/example_datasets.py
[2025-12-11T23:35:50.773+0000] {processor.py:830} INFO - Processing file /home/airflow/.local/lib/python3.9/site-packages/airflow/example_dags/example_datasets.py for tasks to queue
[2025-12-11T23:35:50.776+0000] {logging_mixin.py:188} INFO - [2025-12-11T23:35:50.775+0000] {dagbag.py:545} INFO - Filling up the DagBag from /home/airflow/.local/lib/python3.9/site-packages/airflow/example_dags/example_datasets.py
[2025-12-11T23:35:50.797+0000] {processor.py:840} INFO - DAG(s) 'conditional_dataset_and_time_based_timetable', 'dataset_produces_2', 'dataset_consumes_unknown_never_scheduled', 'dataset_consumes_1', 'dataset_consumes_1_never_scheduled', 'consume_1_or_both_2_and_3_with_dataset_expressions', 'dataset_consumes_1_and_2', 'consume_1_and_2_with_dataset_expressions', 'dataset_produces_1', 'consume_1_or_2_with_dataset_expressions' retrieved from /home/airflow/.local/lib/python3.9/site-packages/airflow/example_dags/example_datasets.py
[2025-12-11T23:35:50.872+0000] {logging_mixin.py:188} INFO - [2025-12-11T23:35:50.871+0000] {dag.py:3096} INFO - Sync 10 DAGs
[2025-12-11T23:35:50.925+0000] {logging_mixin.py:188} INFO - [2025-12-11T23:35:50.924+0000] {dag.py:3954} INFO - Setting next_dagrun for conditional_dataset_and_time_based_timetable to 2025-12-10 01:00:00+00:00, run_after=2025-12-10 01:00:00+00:00
[2025-12-11T23:35:50.932+0000] {logging_mixin.py:188} INFO - [2025-12-11T23:35:50.932+0000] {dag.py:3954} INFO - Setting next_dagrun for consume_1_and_2_with_dataset_expressions to None, run_after=None
[2025-12-11T23:35:50.934+0000] {logging_mixin.py:188} INFO - [2025-12-11T23:35:50.934+0000] {dag.py:3954} INFO - Setting next_dagrun for consume_1_or_2_with_dataset_expressions to None, run_after=None
[2025-12-11T23:35:50.936+0000] {logging_mixin.py:188} INFO - [2025-12-11T23:35:50.935+0000] {dag.py:3954} INFO - Setting next_dagrun for consume_1_or_both_2_and_3_with_dataset_expressions to None, run_after=None
[2025-12-11T23:35:50.937+0000] {logging_mixin.py:188} INFO - [2025-12-11T23:35:50.937+0000] {dag.py:3954} INFO - Setting next_dagrun for dataset_consumes_1 to None, run_after=None
[2025-12-11T23:35:50.939+0000] {logging_mixin.py:188} INFO - [2025-12-11T23:35:50.938+0000] {dag.py:3954} INFO - Setting next_dagrun for dataset_consumes_1_and_2 to None, run_after=None
[2025-12-11T23:35:50.940+0000] {logging_mixin.py:188} INFO - [2025-12-11T23:35:50.940+0000] {dag.py:3954} INFO - Setting next_dagrun for dataset_consumes_1_never_scheduled to None, run_after=None
[2025-12-11T23:35:50.942+0000] {logging_mixin.py:188} INFO - [2025-12-11T23:35:50.941+0000] {dag.py:3954} INFO - Setting next_dagrun for dataset_consumes_unknown_never_scheduled to None, run_after=None
[2025-12-11T23:35:50.945+0000] {logging_mixin.py:188} INFO - [2025-12-11T23:35:50.944+0000] {dag.py:3954} INFO - Setting next_dagrun for dataset_produces_1 to 2025-12-10 00:00:00+00:00, run_after=2025-12-11 00:00:00+00:00
[2025-12-11T23:35:50.946+0000] {logging_mixin.py:188} INFO - [2025-12-11T23:35:50.946+0000] {dag.py:3954} INFO - Setting next_dagrun for dataset_produces_2 to None, run_after=None
[2025-12-11T23:35:50.994+0000] {processor.py:183} INFO - Processing /home/airflow/.local/lib/python3.9/site-packages/airflow/example_dags/example_datasets.py took 0.240 seconds
[2025-12-11T23:36:21.578+0000] {processor.py:161} INFO - Started process (PID=5902) to work on /home/airflow/.local/lib/python3.9/site-packages/airflow/example_dags/example_datasets.py
[2025-12-11T23:36:21.583+0000] {processor.py:830} INFO - Processing file /home/airflow/.local/lib/python3.9/site-packages/airflow/example_dags/example_datasets.py for tasks to queue
[2025-12-11T23:36:21.586+0000] {logging_mixin.py:188} INFO - [2025-12-11T23:36:21.585+0000] {dagbag.py:545} INFO - Filling up the DagBag from /home/airflow/.local/lib/python3.9/site-packages/airflow/example_dags/example_datasets.py
[2025-12-11T23:36:21.610+0000] {processor.py:840} INFO - DAG(s) 'dataset_consumes_unknown_never_scheduled', 'dataset_produces_2', 'dataset_consumes_1', 'consume_1_or_both_2_and_3_with_dataset_expressions', 'conditional_dataset_and_time_based_timetable', 'dataset_consumes_1_and_2', 'dataset_consumes_1_never_scheduled', 'dataset_produces_1', 'consume_1_and_2_with_dataset_expressions', 'consume_1_or_2_with_dataset_expressions' retrieved from /home/airflow/.local/lib/python3.9/site-packages/airflow/example_dags/example_datasets.py
[2025-12-11T23:36:21.699+0000] {logging_mixin.py:188} INFO - [2025-12-11T23:36:21.698+0000] {dag.py:3096} INFO - Sync 10 DAGs
[2025-12-11T23:36:21.760+0000] {logging_mixin.py:188} INFO - [2025-12-11T23:36:21.760+0000] {dag.py:3954} INFO - Setting next_dagrun for conditional_dataset_and_time_based_timetable to 2025-12-10 01:00:00+00:00, run_after=2025-12-10 01:00:00+00:00
[2025-12-11T23:36:21.768+0000] {logging_mixin.py:188} INFO - [2025-12-11T23:36:21.768+0000] {dag.py:3954} INFO - Setting next_dagrun for consume_1_and_2_with_dataset_expressions to None, run_after=None
[2025-12-11T23:36:21.771+0000] {logging_mixin.py:188} INFO - [2025-12-11T23:36:21.771+0000] {dag.py:3954} INFO - Setting next_dagrun for consume_1_or_2_with_dataset_expressions to None, run_after=None
[2025-12-11T23:36:21.773+0000] {logging_mixin.py:188} INFO - [2025-12-11T23:36:21.773+0000] {dag.py:3954} INFO - Setting next_dagrun for consume_1_or_both_2_and_3_with_dataset_expressions to None, run_after=None
[2025-12-11T23:36:21.775+0000] {logging_mixin.py:188} INFO - [2025-12-11T23:36:21.775+0000] {dag.py:3954} INFO - Setting next_dagrun for dataset_consumes_1 to None, run_after=None
[2025-12-11T23:36:21.777+0000] {logging_mixin.py:188} INFO - [2025-12-11T23:36:21.777+0000] {dag.py:3954} INFO - Setting next_dagrun for dataset_consumes_1_and_2 to None, run_after=None
[2025-12-11T23:36:21.779+0000] {logging_mixin.py:188} INFO - [2025-12-11T23:36:21.779+0000] {dag.py:3954} INFO - Setting next_dagrun for dataset_consumes_1_never_scheduled to None, run_after=None
[2025-12-11T23:36:21.781+0000] {logging_mixin.py:188} INFO - [2025-12-11T23:36:21.781+0000] {dag.py:3954} INFO - Setting next_dagrun for dataset_consumes_unknown_never_scheduled to None, run_after=None
[2025-12-11T23:36:21.785+0000] {logging_mixin.py:188} INFO - [2025-12-11T23:36:21.785+0000] {dag.py:3954} INFO - Setting next_dagrun for dataset_produces_1 to 2025-12-10 00:00:00+00:00, run_after=2025-12-11 00:00:00+00:00
[2025-12-11T23:36:21.787+0000] {logging_mixin.py:188} INFO - [2025-12-11T23:36:21.787+0000] {dag.py:3954} INFO - Setting next_dagrun for dataset_produces_2 to None, run_after=None
[2025-12-11T23:36:21.866+0000] {processor.py:183} INFO - Processing /home/airflow/.local/lib/python3.9/site-packages/airflow/example_dags/example_datasets.py took 0.299 seconds
[2025-12-11T23:36:52.348+0000] {processor.py:161} INFO - Started process (PID=5970) to work on /home/airflow/.local/lib/python3.9/site-packages/airflow/example_dags/example_datasets.py
[2025-12-11T23:36:52.354+0000] {processor.py:830} INFO - Processing file /home/airflow/.local/lib/python3.9/site-packages/airflow/example_dags/example_datasets.py for tasks to queue
[2025-12-11T23:36:52.357+0000] {logging_mixin.py:188} INFO - [2025-12-11T23:36:52.356+0000] {dagbag.py:545} INFO - Filling up the DagBag from /home/airflow/.local/lib/python3.9/site-packages/airflow/example_dags/example_datasets.py
[2025-12-11T23:36:52.379+0000] {processor.py:840} INFO - DAG(s) 'dataset_produces_2', 'dataset_consumes_1_never_scheduled', 'consume_1_and_2_with_dataset_expressions', 'conditional_dataset_and_time_based_timetable', 'dataset_consumes_1_and_2', 'consume_1_or_2_with_dataset_expressions', 'consume_1_or_both_2_and_3_with_dataset_expressions', 'dataset_produces_1', 'dataset_consumes_1', 'dataset_consumes_unknown_never_scheduled' retrieved from /home/airflow/.local/lib/python3.9/site-packages/airflow/example_dags/example_datasets.py
[2025-12-11T23:36:52.460+0000] {logging_mixin.py:188} INFO - [2025-12-11T23:36:52.460+0000] {dag.py:3096} INFO - Sync 10 DAGs
[2025-12-11T23:36:52.504+0000] {logging_mixin.py:188} INFO - [2025-12-11T23:36:52.503+0000] {dag.py:3954} INFO - Setting next_dagrun for conditional_dataset_and_time_based_timetable to 2025-12-10 01:00:00+00:00, run_after=2025-12-10 01:00:00+00:00
[2025-12-11T23:36:52.510+0000] {logging_mixin.py:188} INFO - [2025-12-11T23:36:52.510+0000] {dag.py:3954} INFO - Setting next_dagrun for consume_1_and_2_with_dataset_expressions to None, run_after=None
[2025-12-11T23:36:52.512+0000] {logging_mixin.py:188} INFO - [2025-12-11T23:36:52.511+0000] {dag.py:3954} INFO - Setting next_dagrun for consume_1_or_2_with_dataset_expressions to None, run_after=None
[2025-12-11T23:36:52.513+0000] {logging_mixin.py:188} INFO - [2025-12-11T23:36:52.513+0000] {dag.py:3954} INFO - Setting next_dagrun for consume_1_or_both_2_and_3_with_dataset_expressions to None, run_after=None
[2025-12-11T23:36:52.515+0000] {logging_mixin.py:188} INFO - [2025-12-11T23:36:52.515+0000] {dag.py:3954} INFO - Setting next_dagrun for dataset_consumes_1 to None, run_after=None
[2025-12-11T23:36:52.516+0000] {logging_mixin.py:188} INFO - [2025-12-11T23:36:52.516+0000] {dag.py:3954} INFO - Setting next_dagrun for dataset_consumes_1_and_2 to None, run_after=None
[2025-12-11T23:36:52.518+0000] {logging_mixin.py:188} INFO - [2025-12-11T23:36:52.518+0000] {dag.py:3954} INFO - Setting next_dagrun for dataset_consumes_1_never_scheduled to None, run_after=None
[2025-12-11T23:36:52.520+0000] {logging_mixin.py:188} INFO - [2025-12-11T23:36:52.520+0000] {dag.py:3954} INFO - Setting next_dagrun for dataset_consumes_unknown_never_scheduled to None, run_after=None
[2025-12-11T23:36:52.524+0000] {logging_mixin.py:188} INFO - [2025-12-11T23:36:52.524+0000] {dag.py:3954} INFO - Setting next_dagrun for dataset_produces_1 to 2025-12-10 00:00:00+00:00, run_after=2025-12-11 00:00:00+00:00
[2025-12-11T23:36:52.526+0000] {logging_mixin.py:188} INFO - [2025-12-11T23:36:52.525+0000] {dag.py:3954} INFO - Setting next_dagrun for dataset_produces_2 to None, run_after=None
[2025-12-11T23:36:52.594+0000] {processor.py:183} INFO - Processing /home/airflow/.local/lib/python3.9/site-packages/airflow/example_dags/example_datasets.py took 0.255 seconds
[2025-12-11T23:37:23.295+0000] {processor.py:161} INFO - Started process (PID=6044) to work on /home/airflow/.local/lib/python3.9/site-packages/airflow/example_dags/example_datasets.py
[2025-12-11T23:37:23.311+0000] {processor.py:830} INFO - Processing file /home/airflow/.local/lib/python3.9/site-packages/airflow/example_dags/example_datasets.py for tasks to queue
[2025-12-11T23:37:23.315+0000] {logging_mixin.py:188} INFO - [2025-12-11T23:37:23.314+0000] {dagbag.py:545} INFO - Filling up the DagBag from /home/airflow/.local/lib/python3.9/site-packages/airflow/example_dags/example_datasets.py
[2025-12-11T23:37:23.373+0000] {processor.py:840} INFO - DAG(s) 'dataset_consumes_1', 'dataset_consumes_unknown_never_scheduled', 'consume_1_or_2_with_dataset_expressions', 'dataset_consumes_1_and_2', 'consume_1_and_2_with_dataset_expressions', 'consume_1_or_both_2_and_3_with_dataset_expressions', 'dataset_consumes_1_never_scheduled', 'conditional_dataset_and_time_based_timetable', 'dataset_produces_1', 'dataset_produces_2' retrieved from /home/airflow/.local/lib/python3.9/site-packages/airflow/example_dags/example_datasets.py
[2025-12-11T23:37:23.559+0000] {logging_mixin.py:188} INFO - [2025-12-11T23:37:23.559+0000] {dag.py:3096} INFO - Sync 10 DAGs
[2025-12-11T23:37:23.660+0000] {logging_mixin.py:188} INFO - [2025-12-11T23:37:23.660+0000] {dag.py:3954} INFO - Setting next_dagrun for conditional_dataset_and_time_based_timetable to 2025-12-10 01:00:00+00:00, run_after=2025-12-10 01:00:00+00:00
[2025-12-11T23:37:23.675+0000] {logging_mixin.py:188} INFO - [2025-12-11T23:37:23.675+0000] {dag.py:3954} INFO - Setting next_dagrun for consume_1_and_2_with_dataset_expressions to None, run_after=None
[2025-12-11T23:37:23.692+0000] {logging_mixin.py:188} INFO - [2025-12-11T23:37:23.692+0000] {dag.py:3954} INFO - Setting next_dagrun for consume_1_or_2_with_dataset_expressions to None, run_after=None
[2025-12-11T23:37:23.695+0000] {logging_mixin.py:188} INFO - [2025-12-11T23:37:23.694+0000] {dag.py:3954} INFO - Setting next_dagrun for consume_1_or_both_2_and_3_with_dataset_expressions to None, run_after=None
[2025-12-11T23:37:23.712+0000] {logging_mixin.py:188} INFO - [2025-12-11T23:37:23.712+0000] {dag.py:3954} INFO - Setting next_dagrun for dataset_consumes_1 to None, run_after=None
[2025-12-11T23:37:23.714+0000] {logging_mixin.py:188} INFO - [2025-12-11T23:37:23.714+0000] {dag.py:3954} INFO - Setting next_dagrun for dataset_consumes_1_and_2 to None, run_after=None
[2025-12-11T23:37:23.730+0000] {logging_mixin.py:188} INFO - [2025-12-11T23:37:23.730+0000] {dag.py:3954} INFO - Setting next_dagrun for dataset_consumes_1_never_scheduled to None, run_after=None
[2025-12-11T23:37:23.732+0000] {logging_mixin.py:188} INFO - [2025-12-11T23:37:23.732+0000] {dag.py:3954} INFO - Setting next_dagrun for dataset_consumes_unknown_never_scheduled to None, run_after=None
[2025-12-11T23:37:23.752+0000] {logging_mixin.py:188} INFO - [2025-12-11T23:37:23.752+0000] {dag.py:3954} INFO - Setting next_dagrun for dataset_produces_1 to 2025-12-10 00:00:00+00:00, run_after=2025-12-11 00:00:00+00:00
[2025-12-11T23:37:23.754+0000] {logging_mixin.py:188} INFO - [2025-12-11T23:37:23.754+0000] {dag.py:3954} INFO - Setting next_dagrun for dataset_produces_2 to None, run_after=None
[2025-12-11T23:37:23.896+0000] {processor.py:183} INFO - Processing /home/airflow/.local/lib/python3.9/site-packages/airflow/example_dags/example_datasets.py took 0.642 seconds
[2025-12-11T23:37:54.215+0000] {processor.py:161} INFO - Started process (PID=6112) to work on /home/airflow/.local/lib/python3.9/site-packages/airflow/example_dags/example_datasets.py
[2025-12-11T23:37:54.251+0000] {processor.py:830} INFO - Processing file /home/airflow/.local/lib/python3.9/site-packages/airflow/example_dags/example_datasets.py for tasks to queue
[2025-12-11T23:37:54.254+0000] {logging_mixin.py:188} INFO - [2025-12-11T23:37:54.254+0000] {dagbag.py:545} INFO - Filling up the DagBag from /home/airflow/.local/lib/python3.9/site-packages/airflow/example_dags/example_datasets.py
[2025-12-11T23:37:54.291+0000] {processor.py:840} INFO - DAG(s) 'dataset_consumes_1', 'dataset_produces_2', 'dataset_consumes_1_never_scheduled', 'consume_1_or_both_2_and_3_with_dataset_expressions', 'conditional_dataset_and_time_based_timetable', 'dataset_consumes_1_and_2', 'consume_1_or_2_with_dataset_expressions', 'dataset_consumes_unknown_never_scheduled', 'consume_1_and_2_with_dataset_expressions', 'dataset_produces_1' retrieved from /home/airflow/.local/lib/python3.9/site-packages/airflow/example_dags/example_datasets.py
[2025-12-11T23:37:54.551+0000] {logging_mixin.py:188} INFO - [2025-12-11T23:37:54.550+0000] {dag.py:3096} INFO - Sync 10 DAGs
[2025-12-11T23:37:54.651+0000] {logging_mixin.py:188} INFO - [2025-12-11T23:37:54.651+0000] {dag.py:3954} INFO - Setting next_dagrun for conditional_dataset_and_time_based_timetable to 2025-12-10 01:00:00+00:00, run_after=2025-12-10 01:00:00+00:00
[2025-12-11T23:37:54.672+0000] {logging_mixin.py:188} INFO - [2025-12-11T23:37:54.672+0000] {dag.py:3954} INFO - Setting next_dagrun for consume_1_and_2_with_dataset_expressions to None, run_after=None
[2025-12-11T23:37:54.675+0000] {logging_mixin.py:188} INFO - [2025-12-11T23:37:54.675+0000] {dag.py:3954} INFO - Setting next_dagrun for consume_1_or_2_with_dataset_expressions to None, run_after=None
[2025-12-11T23:37:54.691+0000] {logging_mixin.py:188} INFO - [2025-12-11T23:37:54.691+0000] {dag.py:3954} INFO - Setting next_dagrun for consume_1_or_both_2_and_3_with_dataset_expressions to None, run_after=None
[2025-12-11T23:37:54.694+0000] {logging_mixin.py:188} INFO - [2025-12-11T23:37:54.693+0000] {dag.py:3954} INFO - Setting next_dagrun for dataset_consumes_1 to None, run_after=None
[2025-12-11T23:37:54.696+0000] {logging_mixin.py:188} INFO - [2025-12-11T23:37:54.695+0000] {dag.py:3954} INFO - Setting next_dagrun for dataset_consumes_1_and_2 to None, run_after=None
[2025-12-11T23:37:54.710+0000] {logging_mixin.py:188} INFO - [2025-12-11T23:37:54.710+0000] {dag.py:3954} INFO - Setting next_dagrun for dataset_consumes_1_never_scheduled to None, run_after=None
[2025-12-11T23:37:54.713+0000] {logging_mixin.py:188} INFO - [2025-12-11T23:37:54.713+0000] {dag.py:3954} INFO - Setting next_dagrun for dataset_consumes_unknown_never_scheduled to None, run_after=None
[2025-12-11T23:37:54.731+0000] {logging_mixin.py:188} INFO - [2025-12-11T23:37:54.730+0000] {dag.py:3954} INFO - Setting next_dagrun for dataset_produces_1 to 2025-12-10 00:00:00+00:00, run_after=2025-12-11 00:00:00+00:00
[2025-12-11T23:37:54.734+0000] {logging_mixin.py:188} INFO - [2025-12-11T23:37:54.733+0000] {dag.py:3954} INFO - Setting next_dagrun for dataset_produces_2 to None, run_after=None
[2025-12-11T23:37:54.893+0000] {processor.py:183} INFO - Processing /home/airflow/.local/lib/python3.9/site-packages/airflow/example_dags/example_datasets.py took 0.699 seconds
[2025-12-11T23:38:25.050+0000] {processor.py:161} INFO - Started process (PID=6178) to work on /home/airflow/.local/lib/python3.9/site-packages/airflow/example_dags/example_datasets.py
[2025-12-11T23:38:25.052+0000] {processor.py:830} INFO - Processing file /home/airflow/.local/lib/python3.9/site-packages/airflow/example_dags/example_datasets.py for tasks to queue
[2025-12-11T23:38:25.055+0000] {logging_mixin.py:188} INFO - [2025-12-11T23:38:25.054+0000] {dagbag.py:545} INFO - Filling up the DagBag from /home/airflow/.local/lib/python3.9/site-packages/airflow/example_dags/example_datasets.py
[2025-12-11T23:38:25.097+0000] {processor.py:840} INFO - DAG(s) 'consume_1_or_both_2_and_3_with_dataset_expressions', 'conditional_dataset_and_time_based_timetable', 'dataset_produces_2', 'dataset_consumes_unknown_never_scheduled', 'dataset_consumes_1', 'consume_1_and_2_with_dataset_expressions', 'dataset_consumes_1_never_scheduled', 'consume_1_or_2_with_dataset_expressions', 'dataset_produces_1', 'dataset_consumes_1_and_2' retrieved from /home/airflow/.local/lib/python3.9/site-packages/airflow/example_dags/example_datasets.py
[2025-12-11T23:38:25.273+0000] {logging_mixin.py:188} INFO - [2025-12-11T23:38:25.273+0000] {dag.py:3096} INFO - Sync 10 DAGs
[2025-12-11T23:38:25.390+0000] {logging_mixin.py:188} INFO - [2025-12-11T23:38:25.389+0000] {dag.py:3954} INFO - Setting next_dagrun for conditional_dataset_and_time_based_timetable to 2025-12-10 01:00:00+00:00, run_after=2025-12-10 01:00:00+00:00
[2025-12-11T23:38:25.409+0000] {logging_mixin.py:188} INFO - [2025-12-11T23:38:25.395+0000] {dag.py:3954} INFO - Setting next_dagrun for consume_1_and_2_with_dataset_expressions to None, run_after=None
[2025-12-11T23:38:25.412+0000] {logging_mixin.py:188} INFO - [2025-12-11T23:38:25.412+0000] {dag.py:3954} INFO - Setting next_dagrun for consume_1_or_2_with_dataset_expressions to None, run_after=None
[2025-12-11T23:38:25.414+0000] {logging_mixin.py:188} INFO - [2025-12-11T23:38:25.414+0000] {dag.py:3954} INFO - Setting next_dagrun for consume_1_or_both_2_and_3_with_dataset_expressions to None, run_after=None
[2025-12-11T23:38:25.415+0000] {logging_mixin.py:188} INFO - [2025-12-11T23:38:25.415+0000] {dag.py:3954} INFO - Setting next_dagrun for dataset_consumes_1 to None, run_after=None
[2025-12-11T23:38:25.431+0000] {logging_mixin.py:188} INFO - [2025-12-11T23:38:25.430+0000] {dag.py:3954} INFO - Setting next_dagrun for dataset_consumes_1_and_2 to None, run_after=None
[2025-12-11T23:38:25.433+0000] {logging_mixin.py:188} INFO - [2025-12-11T23:38:25.432+0000] {dag.py:3954} INFO - Setting next_dagrun for dataset_consumes_1_never_scheduled to None, run_after=None
[2025-12-11T23:38:25.450+0000] {logging_mixin.py:188} INFO - [2025-12-11T23:38:25.450+0000] {dag.py:3954} INFO - Setting next_dagrun for dataset_consumes_unknown_never_scheduled to None, run_after=None
[2025-12-11T23:38:25.454+0000] {logging_mixin.py:188} INFO - [2025-12-11T23:38:25.454+0000] {dag.py:3954} INFO - Setting next_dagrun for dataset_produces_1 to 2025-12-10 00:00:00+00:00, run_after=2025-12-11 00:00:00+00:00
[2025-12-11T23:38:25.456+0000] {logging_mixin.py:188} INFO - [2025-12-11T23:38:25.455+0000] {dag.py:3954} INFO - Setting next_dagrun for dataset_produces_2 to None, run_after=None
[2025-12-11T23:38:25.610+0000] {processor.py:183} INFO - Processing /home/airflow/.local/lib/python3.9/site-packages/airflow/example_dags/example_datasets.py took 0.580 seconds
[2025-12-11T23:38:55.725+0000] {processor.py:161} INFO - Started process (PID=6239) to work on /home/airflow/.local/lib/python3.9/site-packages/airflow/example_dags/example_datasets.py
[2025-12-11T23:38:55.727+0000] {processor.py:830} INFO - Processing file /home/airflow/.local/lib/python3.9/site-packages/airflow/example_dags/example_datasets.py for tasks to queue
[2025-12-11T23:38:55.730+0000] {logging_mixin.py:188} INFO - [2025-12-11T23:38:55.730+0000] {dagbag.py:545} INFO - Filling up the DagBag from /home/airflow/.local/lib/python3.9/site-packages/airflow/example_dags/example_datasets.py
[2025-12-11T23:38:55.752+0000] {processor.py:840} INFO - DAG(s) 'consume_1_or_both_2_and_3_with_dataset_expressions', 'dataset_consumes_1_and_2', 'dataset_consumes_1', 'dataset_produces_2', 'consume_1_or_2_with_dataset_expressions', 'conditional_dataset_and_time_based_timetable', 'dataset_consumes_1_never_scheduled', 'dataset_produces_1', 'consume_1_and_2_with_dataset_expressions', 'dataset_consumes_unknown_never_scheduled' retrieved from /home/airflow/.local/lib/python3.9/site-packages/airflow/example_dags/example_datasets.py
[2025-12-11T23:38:55.846+0000] {logging_mixin.py:188} INFO - [2025-12-11T23:38:55.846+0000] {dag.py:3096} INFO - Sync 10 DAGs
[2025-12-11T23:38:55.932+0000] {logging_mixin.py:188} INFO - [2025-12-11T23:38:55.931+0000] {dag.py:3954} INFO - Setting next_dagrun for conditional_dataset_and_time_based_timetable to 2025-12-10 01:00:00+00:00, run_after=2025-12-10 01:00:00+00:00
[2025-12-11T23:38:55.940+0000] {logging_mixin.py:188} INFO - [2025-12-11T23:38:55.939+0000] {dag.py:3954} INFO - Setting next_dagrun for consume_1_and_2_with_dataset_expressions to None, run_after=None
[2025-12-11T23:38:55.952+0000] {logging_mixin.py:188} INFO - [2025-12-11T23:38:55.952+0000] {dag.py:3954} INFO - Setting next_dagrun for consume_1_or_2_with_dataset_expressions to None, run_after=None
[2025-12-11T23:38:55.955+0000] {logging_mixin.py:188} INFO - [2025-12-11T23:38:55.954+0000] {dag.py:3954} INFO - Setting next_dagrun for consume_1_or_both_2_and_3_with_dataset_expressions to None, run_after=None
[2025-12-11T23:38:55.957+0000] {logging_mixin.py:188} INFO - [2025-12-11T23:38:55.956+0000] {dag.py:3954} INFO - Setting next_dagrun for dataset_consumes_1 to None, run_after=None
[2025-12-11T23:38:55.972+0000] {logging_mixin.py:188} INFO - [2025-12-11T23:38:55.971+0000] {dag.py:3954} INFO - Setting next_dagrun for dataset_consumes_1_and_2 to None, run_after=None
[2025-12-11T23:38:55.974+0000] {logging_mixin.py:188} INFO - [2025-12-11T23:38:55.973+0000] {dag.py:3954} INFO - Setting next_dagrun for dataset_consumes_1_never_scheduled to None, run_after=None
[2025-12-11T23:38:55.976+0000] {logging_mixin.py:188} INFO - [2025-12-11T23:38:55.975+0000] {dag.py:3954} INFO - Setting next_dagrun for dataset_consumes_unknown_never_scheduled to None, run_after=None
[2025-12-11T23:38:55.980+0000] {logging_mixin.py:188} INFO - [2025-12-11T23:38:55.979+0000] {dag.py:3954} INFO - Setting next_dagrun for dataset_produces_1 to 2025-12-10 00:00:00+00:00, run_after=2025-12-11 00:00:00+00:00
[2025-12-11T23:38:55.981+0000] {logging_mixin.py:188} INFO - [2025-12-11T23:38:55.981+0000] {dag.py:3954} INFO - Setting next_dagrun for dataset_produces_2 to None, run_after=None
[2025-12-11T23:38:56.047+0000] {processor.py:183} INFO - Processing /home/airflow/.local/lib/python3.9/site-packages/airflow/example_dags/example_datasets.py took 0.332 seconds
[2025-12-11T23:39:26.353+0000] {processor.py:161} INFO - Started process (PID=6305) to work on /home/airflow/.local/lib/python3.9/site-packages/airflow/example_dags/example_datasets.py
[2025-12-11T23:39:26.354+0000] {processor.py:830} INFO - Processing file /home/airflow/.local/lib/python3.9/site-packages/airflow/example_dags/example_datasets.py for tasks to queue
[2025-12-11T23:39:26.357+0000] {logging_mixin.py:188} INFO - [2025-12-11T23:39:26.356+0000] {dagbag.py:545} INFO - Filling up the DagBag from /home/airflow/.local/lib/python3.9/site-packages/airflow/example_dags/example_datasets.py
[2025-12-11T23:39:26.386+0000] {processor.py:840} INFO - DAG(s) 'consume_1_or_2_with_dataset_expressions', 'conditional_dataset_and_time_based_timetable', 'dataset_consumes_1_never_scheduled', 'dataset_produces_2', 'dataset_consumes_unknown_never_scheduled', 'dataset_consumes_1', 'consume_1_or_both_2_and_3_with_dataset_expressions', 'dataset_consumes_1_and_2', 'consume_1_and_2_with_dataset_expressions', 'dataset_produces_1' retrieved from /home/airflow/.local/lib/python3.9/site-packages/airflow/example_dags/example_datasets.py
[2025-12-11T23:39:26.559+0000] {logging_mixin.py:188} INFO - [2025-12-11T23:39:26.559+0000] {dag.py:3096} INFO - Sync 10 DAGs
[2025-12-11T23:39:26.633+0000] {logging_mixin.py:188} INFO - [2025-12-11T23:39:26.633+0000] {dag.py:3954} INFO - Setting next_dagrun for conditional_dataset_and_time_based_timetable to 2025-12-10 01:00:00+00:00, run_after=2025-12-10 01:00:00+00:00
[2025-12-11T23:39:26.649+0000] {logging_mixin.py:188} INFO - [2025-12-11T23:39:26.642+0000] {dag.py:3954} INFO - Setting next_dagrun for consume_1_and_2_with_dataset_expressions to None, run_after=None
[2025-12-11T23:39:26.652+0000] {logging_mixin.py:188} INFO - [2025-12-11T23:39:26.652+0000] {dag.py:3954} INFO - Setting next_dagrun for consume_1_or_2_with_dataset_expressions to None, run_after=None
[2025-12-11T23:39:26.654+0000] {logging_mixin.py:188} INFO - [2025-12-11T23:39:26.654+0000] {dag.py:3954} INFO - Setting next_dagrun for consume_1_or_both_2_and_3_with_dataset_expressions to None, run_after=None
[2025-12-11T23:39:26.656+0000] {logging_mixin.py:188} INFO - [2025-12-11T23:39:26.656+0000] {dag.py:3954} INFO - Setting next_dagrun for dataset_consumes_1 to None, run_after=None
[2025-12-11T23:39:26.658+0000] {logging_mixin.py:188} INFO - [2025-12-11T23:39:26.657+0000] {dag.py:3954} INFO - Setting next_dagrun for dataset_consumes_1_and_2 to None, run_after=None
[2025-12-11T23:39:26.659+0000] {logging_mixin.py:188} INFO - [2025-12-11T23:39:26.659+0000] {dag.py:3954} INFO - Setting next_dagrun for dataset_consumes_1_never_scheduled to None, run_after=None
[2025-12-11T23:39:26.670+0000] {logging_mixin.py:188} INFO - [2025-12-11T23:39:26.670+0000] {dag.py:3954} INFO - Setting next_dagrun for dataset_consumes_unknown_never_scheduled to None, run_after=None
[2025-12-11T23:39:26.674+0000] {logging_mixin.py:188} INFO - [2025-12-11T23:39:26.674+0000] {dag.py:3954} INFO - Setting next_dagrun for dataset_produces_1 to 2025-12-10 00:00:00+00:00, run_after=2025-12-11 00:00:00+00:00
[2025-12-11T23:39:26.677+0000] {logging_mixin.py:188} INFO - [2025-12-11T23:39:26.676+0000] {dag.py:3954} INFO - Setting next_dagrun for dataset_produces_2 to None, run_after=None
[2025-12-11T23:39:26.799+0000] {processor.py:183} INFO - Processing /home/airflow/.local/lib/python3.9/site-packages/airflow/example_dags/example_datasets.py took 0.459 seconds
[2025-12-11T23:39:56.999+0000] {processor.py:161} INFO - Started process (PID=6372) to work on /home/airflow/.local/lib/python3.9/site-packages/airflow/example_dags/example_datasets.py
[2025-12-11T23:39:57.010+0000] {processor.py:830} INFO - Processing file /home/airflow/.local/lib/python3.9/site-packages/airflow/example_dags/example_datasets.py for tasks to queue
[2025-12-11T23:39:57.013+0000] {logging_mixin.py:188} INFO - [2025-12-11T23:39:57.012+0000] {dagbag.py:545} INFO - Filling up the DagBag from /home/airflow/.local/lib/python3.9/site-packages/airflow/example_dags/example_datasets.py
[2025-12-11T23:39:57.073+0000] {processor.py:840} INFO - DAG(s) 'consume_1_or_both_2_and_3_with_dataset_expressions', 'dataset_consumes_unknown_never_scheduled', 'conditional_dataset_and_time_based_timetable', 'dataset_consumes_1_never_scheduled', 'dataset_produces_2', 'consume_1_or_2_with_dataset_expressions', 'dataset_consumes_1', 'dataset_produces_1', 'consume_1_and_2_with_dataset_expressions', 'dataset_consumes_1_and_2' retrieved from /home/airflow/.local/lib/python3.9/site-packages/airflow/example_dags/example_datasets.py
[2025-12-11T23:39:57.292+0000] {logging_mixin.py:188} INFO - [2025-12-11T23:39:57.292+0000] {dag.py:3096} INFO - Sync 10 DAGs
[2025-12-11T23:39:57.416+0000] {logging_mixin.py:188} INFO - [2025-12-11T23:39:57.416+0000] {dag.py:3954} INFO - Setting next_dagrun for conditional_dataset_and_time_based_timetable to 2025-12-10 01:00:00+00:00, run_after=2025-12-10 01:00:00+00:00
[2025-12-11T23:39:57.433+0000] {logging_mixin.py:188} INFO - [2025-12-11T23:39:57.432+0000] {dag.py:3954} INFO - Setting next_dagrun for consume_1_and_2_with_dataset_expressions to None, run_after=None
[2025-12-11T23:39:57.436+0000] {logging_mixin.py:188} INFO - [2025-12-11T23:39:57.436+0000] {dag.py:3954} INFO - Setting next_dagrun for consume_1_or_2_with_dataset_expressions to None, run_after=None
[2025-12-11T23:39:57.439+0000] {logging_mixin.py:188} INFO - [2025-12-11T23:39:57.439+0000] {dag.py:3954} INFO - Setting next_dagrun for consume_1_or_both_2_and_3_with_dataset_expressions to None, run_after=None
[2025-12-11T23:39:57.450+0000] {logging_mixin.py:188} INFO - [2025-12-11T23:39:57.450+0000] {dag.py:3954} INFO - Setting next_dagrun for dataset_consumes_1 to None, run_after=None
[2025-12-11T23:39:57.453+0000] {logging_mixin.py:188} INFO - [2025-12-11T23:39:57.453+0000] {dag.py:3954} INFO - Setting next_dagrun for dataset_consumes_1_and_2 to None, run_after=None
[2025-12-11T23:39:57.456+0000] {logging_mixin.py:188} INFO - [2025-12-11T23:39:57.455+0000] {dag.py:3954} INFO - Setting next_dagrun for dataset_consumes_1_never_scheduled to None, run_after=None
[2025-12-11T23:39:57.457+0000] {logging_mixin.py:188} INFO - [2025-12-11T23:39:57.457+0000] {dag.py:3954} INFO - Setting next_dagrun for dataset_consumes_unknown_never_scheduled to None, run_after=None
[2025-12-11T23:39:57.474+0000] {logging_mixin.py:188} INFO - [2025-12-11T23:39:57.473+0000] {dag.py:3954} INFO - Setting next_dagrun for dataset_produces_1 to 2025-12-10 00:00:00+00:00, run_after=2025-12-11 00:00:00+00:00
[2025-12-11T23:39:57.477+0000] {logging_mixin.py:188} INFO - [2025-12-11T23:39:57.477+0000] {dag.py:3954} INFO - Setting next_dagrun for dataset_produces_2 to None, run_after=None
[2025-12-11T23:39:57.855+0000] {processor.py:183} INFO - Processing /home/airflow/.local/lib/python3.9/site-packages/airflow/example_dags/example_datasets.py took 0.874 seconds
[2025-12-11T23:40:28.160+0000] {processor.py:161} INFO - Started process (PID=6447) to work on /home/airflow/.local/lib/python3.9/site-packages/airflow/example_dags/example_datasets.py
[2025-12-11T23:40:28.171+0000] {processor.py:830} INFO - Processing file /home/airflow/.local/lib/python3.9/site-packages/airflow/example_dags/example_datasets.py for tasks to queue
[2025-12-11T23:40:28.174+0000] {logging_mixin.py:188} INFO - [2025-12-11T23:40:28.173+0000] {dagbag.py:545} INFO - Filling up the DagBag from /home/airflow/.local/lib/python3.9/site-packages/airflow/example_dags/example_datasets.py
[2025-12-11T23:40:28.215+0000] {processor.py:840} INFO - DAG(s) 'dataset_produces_1', 'consume_1_or_2_with_dataset_expressions', 'dataset_consumes_1', 'dataset_consumes_1_never_scheduled', 'dataset_consumes_1_and_2', 'dataset_produces_2', 'consume_1_or_both_2_and_3_with_dataset_expressions', 'dataset_consumes_unknown_never_scheduled', 'conditional_dataset_and_time_based_timetable', 'consume_1_and_2_with_dataset_expressions' retrieved from /home/airflow/.local/lib/python3.9/site-packages/airflow/example_dags/example_datasets.py
[2025-12-11T23:40:28.352+0000] {logging_mixin.py:188} INFO - [2025-12-11T23:40:28.351+0000] {dag.py:3096} INFO - Sync 10 DAGs
[2025-12-11T23:40:28.421+0000] {logging_mixin.py:188} INFO - [2025-12-11T23:40:28.420+0000] {dag.py:3954} INFO - Setting next_dagrun for conditional_dataset_and_time_based_timetable to 2025-12-10 01:00:00+00:00, run_after=2025-12-10 01:00:00+00:00
[2025-12-11T23:40:28.432+0000] {logging_mixin.py:188} INFO - [2025-12-11T23:40:28.431+0000] {dag.py:3954} INFO - Setting next_dagrun for consume_1_and_2_with_dataset_expressions to None, run_after=None
[2025-12-11T23:40:28.434+0000] {logging_mixin.py:188} INFO - [2025-12-11T23:40:28.434+0000] {dag.py:3954} INFO - Setting next_dagrun for consume_1_or_2_with_dataset_expressions to None, run_after=None
[2025-12-11T23:40:28.435+0000] {logging_mixin.py:188} INFO - [2025-12-11T23:40:28.435+0000] {dag.py:3954} INFO - Setting next_dagrun for consume_1_or_both_2_and_3_with_dataset_expressions to None, run_after=None
[2025-12-11T23:40:28.437+0000] {logging_mixin.py:188} INFO - [2025-12-11T23:40:28.436+0000] {dag.py:3954} INFO - Setting next_dagrun for dataset_consumes_1 to None, run_after=None
[2025-12-11T23:40:28.438+0000] {logging_mixin.py:188} INFO - [2025-12-11T23:40:28.438+0000] {dag.py:3954} INFO - Setting next_dagrun for dataset_consumes_1_and_2 to None, run_after=None
[2025-12-11T23:40:28.439+0000] {logging_mixin.py:188} INFO - [2025-12-11T23:40:28.439+0000] {dag.py:3954} INFO - Setting next_dagrun for dataset_consumes_1_never_scheduled to None, run_after=None
[2025-12-11T23:40:28.441+0000] {logging_mixin.py:188} INFO - [2025-12-11T23:40:28.441+0000] {dag.py:3954} INFO - Setting next_dagrun for dataset_consumes_unknown_never_scheduled to None, run_after=None
[2025-12-11T23:40:28.452+0000] {logging_mixin.py:188} INFO - [2025-12-11T23:40:28.451+0000] {dag.py:3954} INFO - Setting next_dagrun for dataset_produces_1 to 2025-12-10 00:00:00+00:00, run_after=2025-12-11 00:00:00+00:00
[2025-12-11T23:40:28.482+0000] {logging_mixin.py:188} INFO - [2025-12-11T23:40:28.481+0000] {dag.py:3954} INFO - Setting next_dagrun for dataset_produces_2 to None, run_after=None
[2025-12-11T23:40:28.600+0000] {processor.py:183} INFO - Processing /home/airflow/.local/lib/python3.9/site-packages/airflow/example_dags/example_datasets.py took 0.460 seconds
[2025-12-11T23:40:58.674+0000] {processor.py:161} INFO - Started process (PID=6514) to work on /home/airflow/.local/lib/python3.9/site-packages/airflow/example_dags/example_datasets.py
[2025-12-11T23:40:58.675+0000] {processor.py:830} INFO - Processing file /home/airflow/.local/lib/python3.9/site-packages/airflow/example_dags/example_datasets.py for tasks to queue
[2025-12-11T23:40:58.678+0000] {logging_mixin.py:188} INFO - [2025-12-11T23:40:58.678+0000] {dagbag.py:545} INFO - Filling up the DagBag from /home/airflow/.local/lib/python3.9/site-packages/airflow/example_dags/example_datasets.py
[2025-12-11T23:40:58.702+0000] {processor.py:840} INFO - DAG(s) 'conditional_dataset_and_time_based_timetable', 'dataset_consumes_1_and_2', 'consume_1_or_both_2_and_3_with_dataset_expressions', 'dataset_produces_2', 'dataset_consumes_unknown_never_scheduled', 'dataset_consumes_1_never_scheduled', 'dataset_produces_1', 'consume_1_or_2_with_dataset_expressions', 'consume_1_and_2_with_dataset_expressions', 'dataset_consumes_1' retrieved from /home/airflow/.local/lib/python3.9/site-packages/airflow/example_dags/example_datasets.py
[2025-12-11T23:40:58.780+0000] {logging_mixin.py:188} INFO - [2025-12-11T23:40:58.780+0000] {dag.py:3096} INFO - Sync 10 DAGs
[2025-12-11T23:40:58.858+0000] {logging_mixin.py:188} INFO - [2025-12-11T23:40:58.857+0000] {dag.py:3954} INFO - Setting next_dagrun for conditional_dataset_and_time_based_timetable to 2025-12-10 01:00:00+00:00, run_after=2025-12-10 01:00:00+00:00
[2025-12-11T23:40:58.878+0000] {logging_mixin.py:188} INFO - [2025-12-11T23:40:58.877+0000] {dag.py:3954} INFO - Setting next_dagrun for consume_1_and_2_with_dataset_expressions to None, run_after=None
[2025-12-11T23:40:58.891+0000] {logging_mixin.py:188} INFO - [2025-12-11T23:40:58.881+0000] {dag.py:3954} INFO - Setting next_dagrun for consume_1_or_2_with_dataset_expressions to None, run_after=None
[2025-12-11T23:40:58.895+0000] {logging_mixin.py:188} INFO - [2025-12-11T23:40:58.895+0000] {dag.py:3954} INFO - Setting next_dagrun for consume_1_or_both_2_and_3_with_dataset_expressions to None, run_after=None
[2025-12-11T23:40:58.898+0000] {logging_mixin.py:188} INFO - [2025-12-11T23:40:58.898+0000] {dag.py:3954} INFO - Setting next_dagrun for dataset_consumes_1 to None, run_after=None
[2025-12-11T23:40:58.901+0000] {logging_mixin.py:188} INFO - [2025-12-11T23:40:58.901+0000] {dag.py:3954} INFO - Setting next_dagrun for dataset_consumes_1_and_2 to None, run_after=None
[2025-12-11T23:40:58.903+0000] {logging_mixin.py:188} INFO - [2025-12-11T23:40:58.903+0000] {dag.py:3954} INFO - Setting next_dagrun for dataset_consumes_1_never_scheduled to None, run_after=None
[2025-12-11T23:40:58.911+0000] {logging_mixin.py:188} INFO - [2025-12-11T23:40:58.911+0000] {dag.py:3954} INFO - Setting next_dagrun for dataset_consumes_unknown_never_scheduled to None, run_after=None
[2025-12-11T23:40:58.916+0000] {logging_mixin.py:188} INFO - [2025-12-11T23:40:58.916+0000] {dag.py:3954} INFO - Setting next_dagrun for dataset_produces_1 to 2025-12-10 00:00:00+00:00, run_after=2025-12-11 00:00:00+00:00
[2025-12-11T23:40:58.918+0000] {logging_mixin.py:188} INFO - [2025-12-11T23:40:58.918+0000] {dag.py:3954} INFO - Setting next_dagrun for dataset_produces_2 to None, run_after=None
[2025-12-11T23:40:58.976+0000] {processor.py:183} INFO - Processing /home/airflow/.local/lib/python3.9/site-packages/airflow/example_dags/example_datasets.py took 0.315 seconds
[2025-12-11T23:41:29.449+0000] {processor.py:161} INFO - Started process (PID=6580) to work on /home/airflow/.local/lib/python3.9/site-packages/airflow/example_dags/example_datasets.py
[2025-12-11T23:41:29.451+0000] {processor.py:830} INFO - Processing file /home/airflow/.local/lib/python3.9/site-packages/airflow/example_dags/example_datasets.py for tasks to queue
[2025-12-11T23:41:29.454+0000] {logging_mixin.py:188} INFO - [2025-12-11T23:41:29.453+0000] {dagbag.py:545} INFO - Filling up the DagBag from /home/airflow/.local/lib/python3.9/site-packages/airflow/example_dags/example_datasets.py
[2025-12-11T23:41:29.474+0000] {processor.py:840} INFO - DAG(s) 'dataset_consumes_1', 'dataset_consumes_unknown_never_scheduled', 'dataset_produces_1', 'dataset_consumes_1_and_2', 'consume_1_or_both_2_and_3_with_dataset_expressions', 'dataset_consumes_1_never_scheduled', 'consume_1_or_2_with_dataset_expressions', 'conditional_dataset_and_time_based_timetable', 'dataset_produces_2', 'consume_1_and_2_with_dataset_expressions' retrieved from /home/airflow/.local/lib/python3.9/site-packages/airflow/example_dags/example_datasets.py
[2025-12-11T23:41:29.548+0000] {logging_mixin.py:188} INFO - [2025-12-11T23:41:29.547+0000] {dag.py:3096} INFO - Sync 10 DAGs
[2025-12-11T23:41:29.593+0000] {logging_mixin.py:188} INFO - [2025-12-11T23:41:29.593+0000] {dag.py:3954} INFO - Setting next_dagrun for conditional_dataset_and_time_based_timetable to 2025-12-10 01:00:00+00:00, run_after=2025-12-10 01:00:00+00:00
[2025-12-11T23:41:29.599+0000] {logging_mixin.py:188} INFO - [2025-12-11T23:41:29.598+0000] {dag.py:3954} INFO - Setting next_dagrun for consume_1_and_2_with_dataset_expressions to None, run_after=None
[2025-12-11T23:41:29.601+0000] {logging_mixin.py:188} INFO - [2025-12-11T23:41:29.600+0000] {dag.py:3954} INFO - Setting next_dagrun for consume_1_or_2_with_dataset_expressions to None, run_after=None
[2025-12-11T23:41:29.602+0000] {logging_mixin.py:188} INFO - [2025-12-11T23:41:29.602+0000] {dag.py:3954} INFO - Setting next_dagrun for consume_1_or_both_2_and_3_with_dataset_expressions to None, run_after=None
[2025-12-11T23:41:29.603+0000] {logging_mixin.py:188} INFO - [2025-12-11T23:41:29.603+0000] {dag.py:3954} INFO - Setting next_dagrun for dataset_consumes_1 to None, run_after=None
[2025-12-11T23:41:29.605+0000] {logging_mixin.py:188} INFO - [2025-12-11T23:41:29.605+0000] {dag.py:3954} INFO - Setting next_dagrun for dataset_consumes_1_and_2 to None, run_after=None
[2025-12-11T23:41:29.606+0000] {logging_mixin.py:188} INFO - [2025-12-11T23:41:29.606+0000] {dag.py:3954} INFO - Setting next_dagrun for dataset_consumes_1_never_scheduled to None, run_after=None
[2025-12-11T23:41:29.607+0000] {logging_mixin.py:188} INFO - [2025-12-11T23:41:29.607+0000] {dag.py:3954} INFO - Setting next_dagrun for dataset_consumes_unknown_never_scheduled to None, run_after=None
[2025-12-11T23:41:29.611+0000] {logging_mixin.py:188} INFO - [2025-12-11T23:41:29.611+0000] {dag.py:3954} INFO - Setting next_dagrun for dataset_produces_1 to 2025-12-10 00:00:00+00:00, run_after=2025-12-11 00:00:00+00:00
[2025-12-11T23:41:29.613+0000] {logging_mixin.py:188} INFO - [2025-12-11T23:41:29.613+0000] {dag.py:3954} INFO - Setting next_dagrun for dataset_produces_2 to None, run_after=None
[2025-12-11T23:41:29.661+0000] {processor.py:183} INFO - Processing /home/airflow/.local/lib/python3.9/site-packages/airflow/example_dags/example_datasets.py took 0.221 seconds
[2025-12-11T23:41:59.860+0000] {processor.py:161} INFO - Started process (PID=6647) to work on /home/airflow/.local/lib/python3.9/site-packages/airflow/example_dags/example_datasets.py
[2025-12-11T23:41:59.869+0000] {processor.py:830} INFO - Processing file /home/airflow/.local/lib/python3.9/site-packages/airflow/example_dags/example_datasets.py for tasks to queue
[2025-12-11T23:41:59.872+0000] {logging_mixin.py:188} INFO - [2025-12-11T23:41:59.871+0000] {dagbag.py:545} INFO - Filling up the DagBag from /home/airflow/.local/lib/python3.9/site-packages/airflow/example_dags/example_datasets.py
[2025-12-11T23:41:59.893+0000] {processor.py:840} INFO - DAG(s) 'consume_1_and_2_with_dataset_expressions', 'dataset_consumes_1', 'dataset_consumes_1_never_scheduled', 'consume_1_or_both_2_and_3_with_dataset_expressions', 'dataset_produces_2', 'dataset_consumes_1_and_2', 'conditional_dataset_and_time_based_timetable', 'dataset_produces_1', 'dataset_consumes_unknown_never_scheduled', 'consume_1_or_2_with_dataset_expressions' retrieved from /home/airflow/.local/lib/python3.9/site-packages/airflow/example_dags/example_datasets.py
[2025-12-11T23:41:59.970+0000] {logging_mixin.py:188} INFO - [2025-12-11T23:41:59.970+0000] {dag.py:3096} INFO - Sync 10 DAGs
[2025-12-11T23:42:00.015+0000] {logging_mixin.py:188} INFO - [2025-12-11T23:42:00.014+0000] {dag.py:3954} INFO - Setting next_dagrun for conditional_dataset_and_time_based_timetable to 2025-12-10 01:00:00+00:00, run_after=2025-12-10 01:00:00+00:00
[2025-12-11T23:42:00.021+0000] {logging_mixin.py:188} INFO - [2025-12-11T23:42:00.020+0000] {dag.py:3954} INFO - Setting next_dagrun for consume_1_and_2_with_dataset_expressions to None, run_after=None
[2025-12-11T23:42:00.023+0000] {logging_mixin.py:188} INFO - [2025-12-11T23:42:00.022+0000] {dag.py:3954} INFO - Setting next_dagrun for consume_1_or_2_with_dataset_expressions to None, run_after=None
[2025-12-11T23:42:00.024+0000] {logging_mixin.py:188} INFO - [2025-12-11T23:42:00.024+0000] {dag.py:3954} INFO - Setting next_dagrun for consume_1_or_both_2_and_3_with_dataset_expressions to None, run_after=None
[2025-12-11T23:42:00.026+0000] {logging_mixin.py:188} INFO - [2025-12-11T23:42:00.026+0000] {dag.py:3954} INFO - Setting next_dagrun for dataset_consumes_1 to None, run_after=None
[2025-12-11T23:42:00.028+0000] {logging_mixin.py:188} INFO - [2025-12-11T23:42:00.027+0000] {dag.py:3954} INFO - Setting next_dagrun for dataset_consumes_1_and_2 to None, run_after=None
[2025-12-11T23:42:00.029+0000] {logging_mixin.py:188} INFO - [2025-12-11T23:42:00.029+0000] {dag.py:3954} INFO - Setting next_dagrun for dataset_consumes_1_never_scheduled to None, run_after=None
[2025-12-11T23:42:00.031+0000] {logging_mixin.py:188} INFO - [2025-12-11T23:42:00.030+0000] {dag.py:3954} INFO - Setting next_dagrun for dataset_consumes_unknown_never_scheduled to None, run_after=None
[2025-12-11T23:42:00.034+0000] {logging_mixin.py:188} INFO - [2025-12-11T23:42:00.034+0000] {dag.py:3954} INFO - Setting next_dagrun for dataset_produces_1 to 2025-12-10 00:00:00+00:00, run_after=2025-12-11 00:00:00+00:00
[2025-12-11T23:42:00.036+0000] {logging_mixin.py:188} INFO - [2025-12-11T23:42:00.035+0000] {dag.py:3954} INFO - Setting next_dagrun for dataset_produces_2 to None, run_after=None
[2025-12-11T23:42:00.091+0000] {processor.py:183} INFO - Processing /home/airflow/.local/lib/python3.9/site-packages/airflow/example_dags/example_datasets.py took 0.243 seconds
