[2025-12-11T22:52:13.513+0000] {processor.py:161} INFO - Started process (PID=117) to work on /home/airflow/.local/lib/python3.9/site-packages/airflow/example_dags/example_branch_operator.py
[2025-12-11T22:52:13.515+0000] {processor.py:830} INFO - Processing file /home/airflow/.local/lib/python3.9/site-packages/airflow/example_dags/example_branch_operator.py for tasks to queue
[2025-12-11T22:52:13.532+0000] {logging_mixin.py:188} INFO - [2025-12-11T22:52:13.532+0000] {dagbag.py:545} INFO - Filling up the DagBag from /home/airflow/.local/lib/python3.9/site-packages/airflow/example_dags/example_branch_operator.py
[2025-12-11T22:52:13.654+0000] {processor.py:840} INFO - DAG(s) 'example_branch_operator' retrieved from /home/airflow/.local/lib/python3.9/site-packages/airflow/example_dags/example_branch_operator.py
[2025-12-11T22:52:14.553+0000] {logging_mixin.py:188} INFO - [2025-12-11T22:52:14.552+0000] {dag.py:3096} INFO - Sync 1 DAGs
[2025-12-11T22:52:14.712+0000] {logging_mixin.py:188} INFO - [2025-12-11T22:52:14.711+0000] {dag.py:3954} INFO - Setting next_dagrun for example_branch_operator to 2025-12-10 00:00:00+00:00, run_after=2025-12-11 00:00:00+00:00
[2025-12-11T22:52:15.151+0000] {processor.py:183} INFO - Processing /home/airflow/.local/lib/python3.9/site-packages/airflow/example_dags/example_branch_operator.py took 1.697 seconds
[2025-12-11T22:52:53.651+0000] {processor.py:161} INFO - Started process (PID=183) to work on /home/airflow/.local/lib/python3.9/site-packages/airflow/example_dags/example_branch_operator.py
[2025-12-11T22:52:53.654+0000] {processor.py:830} INFO - Processing file /home/airflow/.local/lib/python3.9/site-packages/airflow/example_dags/example_branch_operator.py for tasks to queue
[2025-12-11T22:52:53.658+0000] {logging_mixin.py:188} INFO - [2025-12-11T22:52:53.657+0000] {dagbag.py:545} INFO - Filling up the DagBag from /home/airflow/.local/lib/python3.9/site-packages/airflow/example_dags/example_branch_operator.py
[2025-12-11T22:52:53.790+0000] {processor.py:840} INFO - DAG(s) 'example_branch_operator' retrieved from /home/airflow/.local/lib/python3.9/site-packages/airflow/example_dags/example_branch_operator.py
[2025-12-11T22:52:54.051+0000] {logging_mixin.py:188} INFO - [2025-12-11T22:52:54.050+0000] {dag.py:3096} INFO - Sync 1 DAGs
[2025-12-11T22:52:54.232+0000] {logging_mixin.py:188} INFO - [2025-12-11T22:52:54.231+0000] {dag.py:3954} INFO - Setting next_dagrun for example_branch_operator to 2025-12-10 00:00:00+00:00, run_after=2025-12-11 00:00:00+00:00
[2025-12-11T22:52:54.372+0000] {processor.py:183} INFO - Processing /home/airflow/.local/lib/python3.9/site-packages/airflow/example_dags/example_branch_operator.py took 0.861 seconds
[2025-12-11T22:53:24.458+0000] {processor.py:161} INFO - Started process (PID=242) to work on /home/airflow/.local/lib/python3.9/site-packages/airflow/example_dags/example_branch_operator.py
[2025-12-11T22:53:24.509+0000] {processor.py:830} INFO - Processing file /home/airflow/.local/lib/python3.9/site-packages/airflow/example_dags/example_branch_operator.py for tasks to queue
[2025-12-11T22:53:24.512+0000] {logging_mixin.py:188} INFO - [2025-12-11T22:53:24.512+0000] {dagbag.py:545} INFO - Filling up the DagBag from /home/airflow/.local/lib/python3.9/site-packages/airflow/example_dags/example_branch_operator.py
[2025-12-11T22:53:24.539+0000] {processor.py:840} INFO - DAG(s) 'example_branch_operator' retrieved from /home/airflow/.local/lib/python3.9/site-packages/airflow/example_dags/example_branch_operator.py
[2025-12-11T22:53:24.705+0000] {logging_mixin.py:188} INFO - [2025-12-11T22:53:24.705+0000] {dag.py:3096} INFO - Sync 1 DAGs
[2025-12-11T22:53:24.751+0000] {logging_mixin.py:188} INFO - [2025-12-11T22:53:24.750+0000] {dag.py:3954} INFO - Setting next_dagrun for example_branch_operator to 2025-12-10 00:00:00+00:00, run_after=2025-12-11 00:00:00+00:00
[2025-12-11T22:53:24.810+0000] {processor.py:183} INFO - Processing /home/airflow/.local/lib/python3.9/site-packages/airflow/example_dags/example_branch_operator.py took 0.369 seconds
[2025-12-11T22:53:56.794+0000] {processor.py:161} INFO - Started process (PID=308) to work on /home/airflow/.local/lib/python3.9/site-packages/airflow/example_dags/example_branch_operator.py
[2025-12-11T22:53:56.811+0000] {processor.py:830} INFO - Processing file /home/airflow/.local/lib/python3.9/site-packages/airflow/example_dags/example_branch_operator.py for tasks to queue
[2025-12-11T22:53:56.815+0000] {logging_mixin.py:188} INFO - [2025-12-11T22:53:56.814+0000] {dagbag.py:545} INFO - Filling up the DagBag from /home/airflow/.local/lib/python3.9/site-packages/airflow/example_dags/example_branch_operator.py
[2025-12-11T22:53:56.892+0000] {processor.py:840} INFO - DAG(s) 'example_branch_operator' retrieved from /home/airflow/.local/lib/python3.9/site-packages/airflow/example_dags/example_branch_operator.py
[2025-12-11T22:53:57.013+0000] {logging_mixin.py:188} INFO - [2025-12-11T22:53:57.012+0000] {dag.py:3096} INFO - Sync 1 DAGs
[2025-12-11T22:53:57.112+0000] {logging_mixin.py:188} INFO - [2025-12-11T22:53:57.111+0000] {dag.py:3954} INFO - Setting next_dagrun for example_branch_operator to 2025-12-10 00:00:00+00:00, run_after=2025-12-11 00:00:00+00:00
[2025-12-11T22:53:57.176+0000] {processor.py:183} INFO - Processing /home/airflow/.local/lib/python3.9/site-packages/airflow/example_dags/example_branch_operator.py took 0.421 seconds
[2025-12-11T22:54:28.297+0000] {processor.py:161} INFO - Started process (PID=374) to work on /home/airflow/.local/lib/python3.9/site-packages/airflow/example_dags/example_branch_operator.py
[2025-12-11T22:54:28.298+0000] {processor.py:830} INFO - Processing file /home/airflow/.local/lib/python3.9/site-packages/airflow/example_dags/example_branch_operator.py for tasks to queue
[2025-12-11T22:54:28.313+0000] {logging_mixin.py:188} INFO - [2025-12-11T22:54:28.312+0000] {dagbag.py:545} INFO - Filling up the DagBag from /home/airflow/.local/lib/python3.9/site-packages/airflow/example_dags/example_branch_operator.py
[2025-12-11T22:54:28.377+0000] {processor.py:840} INFO - DAG(s) 'example_branch_operator' retrieved from /home/airflow/.local/lib/python3.9/site-packages/airflow/example_dags/example_branch_operator.py
[2025-12-11T22:54:28.510+0000] {logging_mixin.py:188} INFO - [2025-12-11T22:54:28.496+0000] {dag.py:3096} INFO - Sync 1 DAGs
[2025-12-11T22:54:28.616+0000] {logging_mixin.py:188} INFO - [2025-12-11T22:54:28.615+0000] {dag.py:3954} INFO - Setting next_dagrun for example_branch_operator to 2025-12-10 00:00:00+00:00, run_after=2025-12-11 00:00:00+00:00
[2025-12-11T22:54:28.699+0000] {processor.py:183} INFO - Processing /home/airflow/.local/lib/python3.9/site-packages/airflow/example_dags/example_branch_operator.py took 0.428 seconds
[2025-12-11T22:54:59.123+0000] {processor.py:161} INFO - Started process (PID=433) to work on /home/airflow/.local/lib/python3.9/site-packages/airflow/example_dags/example_branch_operator.py
[2025-12-11T22:54:59.124+0000] {processor.py:830} INFO - Processing file /home/airflow/.local/lib/python3.9/site-packages/airflow/example_dags/example_branch_operator.py for tasks to queue
[2025-12-11T22:54:59.131+0000] {logging_mixin.py:188} INFO - [2025-12-11T22:54:59.130+0000] {dagbag.py:545} INFO - Filling up the DagBag from /home/airflow/.local/lib/python3.9/site-packages/airflow/example_dags/example_branch_operator.py
[2025-12-11T22:54:59.156+0000] {processor.py:840} INFO - DAG(s) 'example_branch_operator' retrieved from /home/airflow/.local/lib/python3.9/site-packages/airflow/example_dags/example_branch_operator.py
[2025-12-11T22:54:59.206+0000] {logging_mixin.py:188} INFO - [2025-12-11T22:54:59.205+0000] {dag.py:3096} INFO - Sync 1 DAGs
[2025-12-11T22:54:59.250+0000] {logging_mixin.py:188} INFO - [2025-12-11T22:54:59.250+0000] {dag.py:3954} INFO - Setting next_dagrun for example_branch_operator to 2025-12-10 00:00:00+00:00, run_after=2025-12-11 00:00:00+00:00
[2025-12-11T22:54:59.315+0000] {processor.py:183} INFO - Processing /home/airflow/.local/lib/python3.9/site-packages/airflow/example_dags/example_branch_operator.py took 0.202 seconds
[2025-12-11T22:55:29.571+0000] {processor.py:161} INFO - Started process (PID=499) to work on /home/airflow/.local/lib/python3.9/site-packages/airflow/example_dags/example_branch_operator.py
[2025-12-11T22:55:29.573+0000] {processor.py:830} INFO - Processing file /home/airflow/.local/lib/python3.9/site-packages/airflow/example_dags/example_branch_operator.py for tasks to queue
[2025-12-11T22:55:29.576+0000] {logging_mixin.py:188} INFO - [2025-12-11T22:55:29.576+0000] {dagbag.py:545} INFO - Filling up the DagBag from /home/airflow/.local/lib/python3.9/site-packages/airflow/example_dags/example_branch_operator.py
[2025-12-11T22:55:29.604+0000] {processor.py:840} INFO - DAG(s) 'example_branch_operator' retrieved from /home/airflow/.local/lib/python3.9/site-packages/airflow/example_dags/example_branch_operator.py
[2025-12-11T22:55:29.657+0000] {logging_mixin.py:188} INFO - [2025-12-11T22:55:29.657+0000] {dag.py:3096} INFO - Sync 1 DAGs
[2025-12-11T22:55:29.697+0000] {logging_mixin.py:188} INFO - [2025-12-11T22:55:29.697+0000] {dag.py:3954} INFO - Setting next_dagrun for example_branch_operator to 2025-12-10 00:00:00+00:00, run_after=2025-12-11 00:00:00+00:00
[2025-12-11T22:55:29.729+0000] {processor.py:183} INFO - Processing /home/airflow/.local/lib/python3.9/site-packages/airflow/example_dags/example_branch_operator.py took 0.169 seconds
[2025-12-11T22:55:59.933+0000] {processor.py:161} INFO - Started process (PID=565) to work on /home/airflow/.local/lib/python3.9/site-packages/airflow/example_dags/example_branch_operator.py
[2025-12-11T22:55:59.935+0000] {processor.py:830} INFO - Processing file /home/airflow/.local/lib/python3.9/site-packages/airflow/example_dags/example_branch_operator.py for tasks to queue
[2025-12-11T22:55:59.937+0000] {logging_mixin.py:188} INFO - [2025-12-11T22:55:59.937+0000] {dagbag.py:545} INFO - Filling up the DagBag from /home/airflow/.local/lib/python3.9/site-packages/airflow/example_dags/example_branch_operator.py
[2025-12-11T22:55:59.979+0000] {processor.py:840} INFO - DAG(s) 'example_branch_operator' retrieved from /home/airflow/.local/lib/python3.9/site-packages/airflow/example_dags/example_branch_operator.py
[2025-12-11T22:56:00.052+0000] {logging_mixin.py:188} INFO - [2025-12-11T22:56:00.051+0000] {dag.py:3096} INFO - Sync 1 DAGs
[2025-12-11T22:56:00.092+0000] {logging_mixin.py:188} INFO - [2025-12-11T22:56:00.091+0000] {dag.py:3954} INFO - Setting next_dagrun for example_branch_operator to 2025-12-10 00:00:00+00:00, run_after=2025-12-11 00:00:00+00:00
[2025-12-11T22:56:00.120+0000] {processor.py:183} INFO - Processing /home/airflow/.local/lib/python3.9/site-packages/airflow/example_dags/example_branch_operator.py took 0.206 seconds
[2025-12-11T22:56:30.311+0000] {processor.py:161} INFO - Started process (PID=631) to work on /home/airflow/.local/lib/python3.9/site-packages/airflow/example_dags/example_branch_operator.py
[2025-12-11T22:56:30.313+0000] {processor.py:830} INFO - Processing file /home/airflow/.local/lib/python3.9/site-packages/airflow/example_dags/example_branch_operator.py for tasks to queue
[2025-12-11T22:56:30.316+0000] {logging_mixin.py:188} INFO - [2025-12-11T22:56:30.315+0000] {dagbag.py:545} INFO - Filling up the DagBag from /home/airflow/.local/lib/python3.9/site-packages/airflow/example_dags/example_branch_operator.py
[2025-12-11T22:56:30.380+0000] {processor.py:840} INFO - DAG(s) 'example_branch_operator' retrieved from /home/airflow/.local/lib/python3.9/site-packages/airflow/example_dags/example_branch_operator.py
[2025-12-11T22:56:30.518+0000] {logging_mixin.py:188} INFO - [2025-12-11T22:56:30.517+0000] {dag.py:3096} INFO - Sync 1 DAGs
[2025-12-11T22:56:30.592+0000] {logging_mixin.py:188} INFO - [2025-12-11T22:56:30.591+0000] {dag.py:3954} INFO - Setting next_dagrun for example_branch_operator to 2025-12-10 00:00:00+00:00, run_after=2025-12-11 00:00:00+00:00
[2025-12-11T22:56:30.675+0000] {processor.py:183} INFO - Processing /home/airflow/.local/lib/python3.9/site-packages/airflow/example_dags/example_branch_operator.py took 0.383 seconds
[2025-12-11T22:57:00.798+0000] {processor.py:161} INFO - Started process (PID=697) to work on /home/airflow/.local/lib/python3.9/site-packages/airflow/example_dags/example_branch_operator.py
[2025-12-11T22:57:00.806+0000] {processor.py:830} INFO - Processing file /home/airflow/.local/lib/python3.9/site-packages/airflow/example_dags/example_branch_operator.py for tasks to queue
[2025-12-11T22:57:00.812+0000] {logging_mixin.py:188} INFO - [2025-12-11T22:57:00.811+0000] {dagbag.py:545} INFO - Filling up the DagBag from /home/airflow/.local/lib/python3.9/site-packages/airflow/example_dags/example_branch_operator.py
[2025-12-11T22:57:00.856+0000] {processor.py:840} INFO - DAG(s) 'example_branch_operator' retrieved from /home/airflow/.local/lib/python3.9/site-packages/airflow/example_dags/example_branch_operator.py
[2025-12-11T22:57:00.939+0000] {logging_mixin.py:188} INFO - [2025-12-11T22:57:00.939+0000] {dag.py:3096} INFO - Sync 1 DAGs
[2025-12-11T22:57:01.019+0000] {logging_mixin.py:188} INFO - [2025-12-11T22:57:01.018+0000] {dag.py:3954} INFO - Setting next_dagrun for example_branch_operator to 2025-12-10 00:00:00+00:00, run_after=2025-12-11 00:00:00+00:00
[2025-12-11T22:57:01.100+0000] {processor.py:183} INFO - Processing /home/airflow/.local/lib/python3.9/site-packages/airflow/example_dags/example_branch_operator.py took 0.321 seconds
[2025-12-11T22:57:31.255+0000] {processor.py:161} INFO - Started process (PID=763) to work on /home/airflow/.local/lib/python3.9/site-packages/airflow/example_dags/example_branch_operator.py
[2025-12-11T22:57:31.257+0000] {processor.py:830} INFO - Processing file /home/airflow/.local/lib/python3.9/site-packages/airflow/example_dags/example_branch_operator.py for tasks to queue
[2025-12-11T22:57:31.270+0000] {logging_mixin.py:188} INFO - [2025-12-11T22:57:31.269+0000] {dagbag.py:545} INFO - Filling up the DagBag from /home/airflow/.local/lib/python3.9/site-packages/airflow/example_dags/example_branch_operator.py
[2025-12-11T22:57:31.311+0000] {processor.py:840} INFO - DAG(s) 'example_branch_operator' retrieved from /home/airflow/.local/lib/python3.9/site-packages/airflow/example_dags/example_branch_operator.py
[2025-12-11T22:57:31.379+0000] {logging_mixin.py:188} INFO - [2025-12-11T22:57:31.378+0000] {dag.py:3096} INFO - Sync 1 DAGs
[2025-12-11T22:57:31.451+0000] {logging_mixin.py:188} INFO - [2025-12-11T22:57:31.450+0000] {dag.py:3954} INFO - Setting next_dagrun for example_branch_operator to 2025-12-10 00:00:00+00:00, run_after=2025-12-11 00:00:00+00:00
[2025-12-11T22:57:31.516+0000] {processor.py:183} INFO - Processing /home/airflow/.local/lib/python3.9/site-packages/airflow/example_dags/example_branch_operator.py took 0.281 seconds
[2025-12-11T22:58:02.598+0000] {processor.py:161} INFO - Started process (PID=836) to work on /home/airflow/.local/lib/python3.9/site-packages/airflow/example_dags/example_branch_operator.py
[2025-12-11T22:58:02.600+0000] {processor.py:830} INFO - Processing file /home/airflow/.local/lib/python3.9/site-packages/airflow/example_dags/example_branch_operator.py for tasks to queue
[2025-12-11T22:58:02.612+0000] {logging_mixin.py:188} INFO - [2025-12-11T22:58:02.611+0000] {dagbag.py:545} INFO - Filling up the DagBag from /home/airflow/.local/lib/python3.9/site-packages/airflow/example_dags/example_branch_operator.py
[2025-12-11T22:58:02.698+0000] {processor.py:840} INFO - DAG(s) 'example_branch_operator' retrieved from /home/airflow/.local/lib/python3.9/site-packages/airflow/example_dags/example_branch_operator.py
[2025-12-11T22:58:02.821+0000] {logging_mixin.py:188} INFO - [2025-12-11T22:58:02.820+0000] {dag.py:3096} INFO - Sync 1 DAGs
[2025-12-11T22:58:02.893+0000] {logging_mixin.py:188} INFO - [2025-12-11T22:58:02.892+0000] {dag.py:3954} INFO - Setting next_dagrun for example_branch_operator to 2025-12-10 00:00:00+00:00, run_after=2025-12-11 00:00:00+00:00
[2025-12-11T22:58:02.953+0000] {processor.py:183} INFO - Processing /home/airflow/.local/lib/python3.9/site-packages/airflow/example_dags/example_branch_operator.py took 0.375 seconds
[2025-12-11T22:58:33.410+0000] {processor.py:161} INFO - Started process (PID=902) to work on /home/airflow/.local/lib/python3.9/site-packages/airflow/example_dags/example_branch_operator.py
[2025-12-11T22:58:33.412+0000] {processor.py:830} INFO - Processing file /home/airflow/.local/lib/python3.9/site-packages/airflow/example_dags/example_branch_operator.py for tasks to queue
[2025-12-11T22:58:33.415+0000] {logging_mixin.py:188} INFO - [2025-12-11T22:58:33.414+0000] {dagbag.py:545} INFO - Filling up the DagBag from /home/airflow/.local/lib/python3.9/site-packages/airflow/example_dags/example_branch_operator.py
[2025-12-11T22:58:33.458+0000] {processor.py:840} INFO - DAG(s) 'example_branch_operator' retrieved from /home/airflow/.local/lib/python3.9/site-packages/airflow/example_dags/example_branch_operator.py
[2025-12-11T22:58:33.550+0000] {logging_mixin.py:188} INFO - [2025-12-11T22:58:33.549+0000] {dag.py:3096} INFO - Sync 1 DAGs
[2025-12-11T22:58:33.616+0000] {logging_mixin.py:188} INFO - [2025-12-11T22:58:33.615+0000] {dag.py:3954} INFO - Setting next_dagrun for example_branch_operator to 2025-12-10 00:00:00+00:00, run_after=2025-12-11 00:00:00+00:00
[2025-12-11T22:58:33.673+0000] {processor.py:183} INFO - Processing /home/airflow/.local/lib/python3.9/site-packages/airflow/example_dags/example_branch_operator.py took 0.280 seconds
[2025-12-11T22:59:04.316+0000] {processor.py:161} INFO - Started process (PID=968) to work on /home/airflow/.local/lib/python3.9/site-packages/airflow/example_dags/example_branch_operator.py
[2025-12-11T22:59:04.317+0000] {processor.py:830} INFO - Processing file /home/airflow/.local/lib/python3.9/site-packages/airflow/example_dags/example_branch_operator.py for tasks to queue
[2025-12-11T22:59:04.320+0000] {logging_mixin.py:188} INFO - [2025-12-11T22:59:04.319+0000] {dagbag.py:545} INFO - Filling up the DagBag from /home/airflow/.local/lib/python3.9/site-packages/airflow/example_dags/example_branch_operator.py
[2025-12-11T22:59:04.355+0000] {processor.py:840} INFO - DAG(s) 'example_branch_operator' retrieved from /home/airflow/.local/lib/python3.9/site-packages/airflow/example_dags/example_branch_operator.py
[2025-12-11T22:59:04.419+0000] {logging_mixin.py:188} INFO - [2025-12-11T22:59:04.418+0000] {dag.py:3096} INFO - Sync 1 DAGs
[2025-12-11T22:59:04.478+0000] {logging_mixin.py:188} INFO - [2025-12-11T22:59:04.478+0000] {dag.py:3954} INFO - Setting next_dagrun for example_branch_operator to 2025-12-10 00:00:00+00:00, run_after=2025-12-11 00:00:00+00:00
[2025-12-11T22:59:04.521+0000] {processor.py:183} INFO - Processing /home/airflow/.local/lib/python3.9/site-packages/airflow/example_dags/example_branch_operator.py took 0.223 seconds
[2025-12-11T22:59:34.769+0000] {processor.py:161} INFO - Started process (PID=1034) to work on /home/airflow/.local/lib/python3.9/site-packages/airflow/example_dags/example_branch_operator.py
[2025-12-11T22:59:34.771+0000] {processor.py:830} INFO - Processing file /home/airflow/.local/lib/python3.9/site-packages/airflow/example_dags/example_branch_operator.py for tasks to queue
[2025-12-11T22:59:34.775+0000] {logging_mixin.py:188} INFO - [2025-12-11T22:59:34.774+0000] {dagbag.py:545} INFO - Filling up the DagBag from /home/airflow/.local/lib/python3.9/site-packages/airflow/example_dags/example_branch_operator.py
[2025-12-11T22:59:34.850+0000] {processor.py:840} INFO - DAG(s) 'example_branch_operator' retrieved from /home/airflow/.local/lib/python3.9/site-packages/airflow/example_dags/example_branch_operator.py
[2025-12-11T22:59:34.957+0000] {logging_mixin.py:188} INFO - [2025-12-11T22:59:34.956+0000] {dag.py:3096} INFO - Sync 1 DAGs
[2025-12-11T22:59:35.053+0000] {logging_mixin.py:188} INFO - [2025-12-11T22:59:35.052+0000] {dag.py:3954} INFO - Setting next_dagrun for example_branch_operator to 2025-12-10 00:00:00+00:00, run_after=2025-12-11 00:00:00+00:00
[2025-12-11T22:59:35.137+0000] {processor.py:183} INFO - Processing /home/airflow/.local/lib/python3.9/site-packages/airflow/example_dags/example_branch_operator.py took 0.387 seconds
[2025-12-11T23:00:06.200+0000] {processor.py:161} INFO - Started process (PID=1100) to work on /home/airflow/.local/lib/python3.9/site-packages/airflow/example_dags/example_branch_operator.py
[2025-12-11T23:00:06.210+0000] {processor.py:830} INFO - Processing file /home/airflow/.local/lib/python3.9/site-packages/airflow/example_dags/example_branch_operator.py for tasks to queue
[2025-12-11T23:00:06.214+0000] {logging_mixin.py:188} INFO - [2025-12-11T23:00:06.214+0000] {dagbag.py:545} INFO - Filling up the DagBag from /home/airflow/.local/lib/python3.9/site-packages/airflow/example_dags/example_branch_operator.py
[2025-12-11T23:00:06.274+0000] {processor.py:840} INFO - DAG(s) 'example_branch_operator' retrieved from /home/airflow/.local/lib/python3.9/site-packages/airflow/example_dags/example_branch_operator.py
[2025-12-11T23:00:06.450+0000] {logging_mixin.py:188} INFO - [2025-12-11T23:00:06.437+0000] {dag.py:3096} INFO - Sync 1 DAGs
[2025-12-11T23:00:06.580+0000] {logging_mixin.py:188} INFO - [2025-12-11T23:00:06.579+0000] {dag.py:3954} INFO - Setting next_dagrun for example_branch_operator to 2025-12-10 00:00:00+00:00, run_after=2025-12-11 00:00:00+00:00
[2025-12-11T23:00:06.657+0000] {processor.py:183} INFO - Processing /home/airflow/.local/lib/python3.9/site-packages/airflow/example_dags/example_branch_operator.py took 0.479 seconds
[2025-12-11T23:00:37.437+0000] {processor.py:161} INFO - Started process (PID=1166) to work on /home/airflow/.local/lib/python3.9/site-packages/airflow/example_dags/example_branch_operator.py
[2025-12-11T23:00:37.439+0000] {processor.py:830} INFO - Processing file /home/airflow/.local/lib/python3.9/site-packages/airflow/example_dags/example_branch_operator.py for tasks to queue
[2025-12-11T23:00:37.442+0000] {logging_mixin.py:188} INFO - [2025-12-11T23:00:37.441+0000] {dagbag.py:545} INFO - Filling up the DagBag from /home/airflow/.local/lib/python3.9/site-packages/airflow/example_dags/example_branch_operator.py
[2025-12-11T23:00:37.480+0000] {processor.py:840} INFO - DAG(s) 'example_branch_operator' retrieved from /home/airflow/.local/lib/python3.9/site-packages/airflow/example_dags/example_branch_operator.py
[2025-12-11T23:00:37.579+0000] {logging_mixin.py:188} INFO - [2025-12-11T23:00:37.578+0000] {dag.py:3096} INFO - Sync 1 DAGs
[2025-12-11T23:00:37.655+0000] {logging_mixin.py:188} INFO - [2025-12-11T23:00:37.654+0000] {dag.py:3954} INFO - Setting next_dagrun for example_branch_operator to 2025-12-10 00:00:00+00:00, run_after=2025-12-11 00:00:00+00:00
[2025-12-11T23:00:37.713+0000] {processor.py:183} INFO - Processing /home/airflow/.local/lib/python3.9/site-packages/airflow/example_dags/example_branch_operator.py took 0.293 seconds
[2025-12-11T23:01:07.838+0000] {processor.py:161} INFO - Started process (PID=1230) to work on /home/airflow/.local/lib/python3.9/site-packages/airflow/example_dags/example_branch_operator.py
[2025-12-11T23:01:07.843+0000] {processor.py:830} INFO - Processing file /home/airflow/.local/lib/python3.9/site-packages/airflow/example_dags/example_branch_operator.py for tasks to queue
[2025-12-11T23:01:07.845+0000] {logging_mixin.py:188} INFO - [2025-12-11T23:01:07.845+0000] {dagbag.py:545} INFO - Filling up the DagBag from /home/airflow/.local/lib/python3.9/site-packages/airflow/example_dags/example_branch_operator.py
[2025-12-11T23:01:07.871+0000] {processor.py:840} INFO - DAG(s) 'example_branch_operator' retrieved from /home/airflow/.local/lib/python3.9/site-packages/airflow/example_dags/example_branch_operator.py
[2025-12-11T23:01:07.915+0000] {logging_mixin.py:188} INFO - [2025-12-11T23:01:07.914+0000] {dag.py:3096} INFO - Sync 1 DAGs
[2025-12-11T23:01:07.950+0000] {logging_mixin.py:188} INFO - [2025-12-11T23:01:07.950+0000] {dag.py:3954} INFO - Setting next_dagrun for example_branch_operator to 2025-12-10 00:00:00+00:00, run_after=2025-12-11 00:00:00+00:00
[2025-12-11T23:01:07.976+0000] {processor.py:183} INFO - Processing /home/airflow/.local/lib/python3.9/site-packages/airflow/example_dags/example_branch_operator.py took 0.147 seconds
[2025-12-11T23:01:38.321+0000] {processor.py:161} INFO - Started process (PID=1296) to work on /home/airflow/.local/lib/python3.9/site-packages/airflow/example_dags/example_branch_operator.py
[2025-12-11T23:01:38.329+0000] {processor.py:830} INFO - Processing file /home/airflow/.local/lib/python3.9/site-packages/airflow/example_dags/example_branch_operator.py for tasks to queue
[2025-12-11T23:01:38.333+0000] {logging_mixin.py:188} INFO - [2025-12-11T23:01:38.332+0000] {dagbag.py:545} INFO - Filling up the DagBag from /home/airflow/.local/lib/python3.9/site-packages/airflow/example_dags/example_branch_operator.py
[2025-12-11T23:01:38.362+0000] {processor.py:840} INFO - DAG(s) 'example_branch_operator' retrieved from /home/airflow/.local/lib/python3.9/site-packages/airflow/example_dags/example_branch_operator.py
[2025-12-11T23:01:38.417+0000] {logging_mixin.py:188} INFO - [2025-12-11T23:01:38.417+0000] {dag.py:3096} INFO - Sync 1 DAGs
[2025-12-11T23:01:38.459+0000] {logging_mixin.py:188} INFO - [2025-12-11T23:01:38.458+0000] {dag.py:3954} INFO - Setting next_dagrun for example_branch_operator to 2025-12-10 00:00:00+00:00, run_after=2025-12-11 00:00:00+00:00
[2025-12-11T23:01:38.489+0000] {processor.py:183} INFO - Processing /home/airflow/.local/lib/python3.9/site-packages/airflow/example_dags/example_branch_operator.py took 0.178 seconds
[2025-12-11T23:02:08.894+0000] {processor.py:161} INFO - Started process (PID=1363) to work on /home/airflow/.local/lib/python3.9/site-packages/airflow/example_dags/example_branch_operator.py
[2025-12-11T23:02:08.895+0000] {processor.py:830} INFO - Processing file /home/airflow/.local/lib/python3.9/site-packages/airflow/example_dags/example_branch_operator.py for tasks to queue
[2025-12-11T23:02:08.898+0000] {logging_mixin.py:188} INFO - [2025-12-11T23:02:08.898+0000] {dagbag.py:545} INFO - Filling up the DagBag from /home/airflow/.local/lib/python3.9/site-packages/airflow/example_dags/example_branch_operator.py
[2025-12-11T23:02:08.930+0000] {processor.py:840} INFO - DAG(s) 'example_branch_operator' retrieved from /home/airflow/.local/lib/python3.9/site-packages/airflow/example_dags/example_branch_operator.py
[2025-12-11T23:02:08.979+0000] {logging_mixin.py:188} INFO - [2025-12-11T23:02:08.978+0000] {dag.py:3096} INFO - Sync 1 DAGs
[2025-12-11T23:02:09.014+0000] {logging_mixin.py:188} INFO - [2025-12-11T23:02:09.014+0000] {dag.py:3954} INFO - Setting next_dagrun for example_branch_operator to 2025-12-10 00:00:00+00:00, run_after=2025-12-11 00:00:00+00:00
[2025-12-11T23:02:09.040+0000] {processor.py:183} INFO - Processing /home/airflow/.local/lib/python3.9/site-packages/airflow/example_dags/example_branch_operator.py took 0.157 seconds
[2025-12-11T23:02:39.358+0000] {processor.py:161} INFO - Started process (PID=1430) to work on /home/airflow/.local/lib/python3.9/site-packages/airflow/example_dags/example_branch_operator.py
[2025-12-11T23:02:39.360+0000] {processor.py:830} INFO - Processing file /home/airflow/.local/lib/python3.9/site-packages/airflow/example_dags/example_branch_operator.py for tasks to queue
[2025-12-11T23:02:39.363+0000] {logging_mixin.py:188} INFO - [2025-12-11T23:02:39.362+0000] {dagbag.py:545} INFO - Filling up the DagBag from /home/airflow/.local/lib/python3.9/site-packages/airflow/example_dags/example_branch_operator.py
[2025-12-11T23:02:39.391+0000] {processor.py:840} INFO - DAG(s) 'example_branch_operator' retrieved from /home/airflow/.local/lib/python3.9/site-packages/airflow/example_dags/example_branch_operator.py
[2025-12-11T23:02:39.444+0000] {logging_mixin.py:188} INFO - [2025-12-11T23:02:39.443+0000] {dag.py:3096} INFO - Sync 1 DAGs
[2025-12-11T23:02:39.496+0000] {logging_mixin.py:188} INFO - [2025-12-11T23:02:39.495+0000] {dag.py:3954} INFO - Setting next_dagrun for example_branch_operator to 2025-12-10 00:00:00+00:00, run_after=2025-12-11 00:00:00+00:00
[2025-12-11T23:02:39.536+0000] {processor.py:183} INFO - Processing /home/airflow/.local/lib/python3.9/site-packages/airflow/example_dags/example_branch_operator.py took 0.187 seconds
[2025-12-11T23:03:09.773+0000] {processor.py:161} INFO - Started process (PID=1499) to work on /home/airflow/.local/lib/python3.9/site-packages/airflow/example_dags/example_branch_operator.py
[2025-12-11T23:03:09.774+0000] {processor.py:830} INFO - Processing file /home/airflow/.local/lib/python3.9/site-packages/airflow/example_dags/example_branch_operator.py for tasks to queue
[2025-12-11T23:03:09.777+0000] {logging_mixin.py:188} INFO - [2025-12-11T23:03:09.776+0000] {dagbag.py:545} INFO - Filling up the DagBag from /home/airflow/.local/lib/python3.9/site-packages/airflow/example_dags/example_branch_operator.py
[2025-12-11T23:03:09.799+0000] {processor.py:840} INFO - DAG(s) 'example_branch_operator' retrieved from /home/airflow/.local/lib/python3.9/site-packages/airflow/example_dags/example_branch_operator.py
[2025-12-11T23:03:09.851+0000] {logging_mixin.py:188} INFO - [2025-12-11T23:03:09.850+0000] {dag.py:3096} INFO - Sync 1 DAGs
[2025-12-11T23:03:09.891+0000] {logging_mixin.py:188} INFO - [2025-12-11T23:03:09.891+0000] {dag.py:3954} INFO - Setting next_dagrun for example_branch_operator to 2025-12-10 00:00:00+00:00, run_after=2025-12-11 00:00:00+00:00
[2025-12-11T23:03:09.932+0000] {processor.py:183} INFO - Processing /home/airflow/.local/lib/python3.9/site-packages/airflow/example_dags/example_branch_operator.py took 0.169 seconds
[2025-12-11T23:03:40.138+0000] {processor.py:161} INFO - Started process (PID=1567) to work on /home/airflow/.local/lib/python3.9/site-packages/airflow/example_dags/example_branch_operator.py
[2025-12-11T23:03:40.139+0000] {processor.py:830} INFO - Processing file /home/airflow/.local/lib/python3.9/site-packages/airflow/example_dags/example_branch_operator.py for tasks to queue
[2025-12-11T23:03:40.142+0000] {logging_mixin.py:188} INFO - [2025-12-11T23:03:40.141+0000] {dagbag.py:545} INFO - Filling up the DagBag from /home/airflow/.local/lib/python3.9/site-packages/airflow/example_dags/example_branch_operator.py
[2025-12-11T23:03:40.171+0000] {processor.py:840} INFO - DAG(s) 'example_branch_operator' retrieved from /home/airflow/.local/lib/python3.9/site-packages/airflow/example_dags/example_branch_operator.py
[2025-12-11T23:03:40.212+0000] {logging_mixin.py:188} INFO - [2025-12-11T23:03:40.212+0000] {dag.py:3096} INFO - Sync 1 DAGs
[2025-12-11T23:03:40.246+0000] {logging_mixin.py:188} INFO - [2025-12-11T23:03:40.245+0000] {dag.py:3954} INFO - Setting next_dagrun for example_branch_operator to 2025-12-10 00:00:00+00:00, run_after=2025-12-11 00:00:00+00:00
[2025-12-11T23:03:40.273+0000] {processor.py:183} INFO - Processing /home/airflow/.local/lib/python3.9/site-packages/airflow/example_dags/example_branch_operator.py took 0.146 seconds
[2025-12-11T23:04:10.618+0000] {processor.py:161} INFO - Started process (PID=1639) to work on /home/airflow/.local/lib/python3.9/site-packages/airflow/example_dags/example_branch_operator.py
[2025-12-11T23:04:10.619+0000] {processor.py:830} INFO - Processing file /home/airflow/.local/lib/python3.9/site-packages/airflow/example_dags/example_branch_operator.py for tasks to queue
[2025-12-11T23:04:10.622+0000] {logging_mixin.py:188} INFO - [2025-12-11T23:04:10.621+0000] {dagbag.py:545} INFO - Filling up the DagBag from /home/airflow/.local/lib/python3.9/site-packages/airflow/example_dags/example_branch_operator.py
[2025-12-11T23:04:10.652+0000] {processor.py:840} INFO - DAG(s) 'example_branch_operator' retrieved from /home/airflow/.local/lib/python3.9/site-packages/airflow/example_dags/example_branch_operator.py
[2025-12-11T23:04:10.704+0000] {logging_mixin.py:188} INFO - [2025-12-11T23:04:10.703+0000] {dag.py:3096} INFO - Sync 1 DAGs
[2025-12-11T23:04:10.770+0000] {logging_mixin.py:188} INFO - [2025-12-11T23:04:10.770+0000] {dag.py:3954} INFO - Setting next_dagrun for example_branch_operator to 2025-12-10 00:00:00+00:00, run_after=2025-12-11 00:00:00+00:00
[2025-12-11T23:04:10.817+0000] {processor.py:183} INFO - Processing /home/airflow/.local/lib/python3.9/site-packages/airflow/example_dags/example_branch_operator.py took 0.211 seconds
[2025-12-11T23:04:41.497+0000] {processor.py:161} INFO - Started process (PID=1710) to work on /home/airflow/.local/lib/python3.9/site-packages/airflow/example_dags/example_branch_operator.py
[2025-12-11T23:04:41.498+0000] {processor.py:830} INFO - Processing file /home/airflow/.local/lib/python3.9/site-packages/airflow/example_dags/example_branch_operator.py for tasks to queue
[2025-12-11T23:04:41.501+0000] {logging_mixin.py:188} INFO - [2025-12-11T23:04:41.501+0000] {dagbag.py:545} INFO - Filling up the DagBag from /home/airflow/.local/lib/python3.9/site-packages/airflow/example_dags/example_branch_operator.py
[2025-12-11T23:04:41.526+0000] {processor.py:840} INFO - DAG(s) 'example_branch_operator' retrieved from /home/airflow/.local/lib/python3.9/site-packages/airflow/example_dags/example_branch_operator.py
[2025-12-11T23:04:41.576+0000] {logging_mixin.py:188} INFO - [2025-12-11T23:04:41.575+0000] {dag.py:3096} INFO - Sync 1 DAGs
[2025-12-11T23:04:41.616+0000] {logging_mixin.py:188} INFO - [2025-12-11T23:04:41.616+0000] {dag.py:3954} INFO - Setting next_dagrun for example_branch_operator to 2025-12-10 00:00:00+00:00, run_after=2025-12-11 00:00:00+00:00
[2025-12-11T23:04:41.647+0000] {processor.py:183} INFO - Processing /home/airflow/.local/lib/python3.9/site-packages/airflow/example_dags/example_branch_operator.py took 0.163 seconds
[2025-12-11T23:05:12.009+0000] {processor.py:161} INFO - Started process (PID=1781) to work on /home/airflow/.local/lib/python3.9/site-packages/airflow/example_dags/example_branch_operator.py
[2025-12-11T23:05:12.011+0000] {processor.py:830} INFO - Processing file /home/airflow/.local/lib/python3.9/site-packages/airflow/example_dags/example_branch_operator.py for tasks to queue
[2025-12-11T23:05:12.013+0000] {logging_mixin.py:188} INFO - [2025-12-11T23:05:12.013+0000] {dagbag.py:545} INFO - Filling up the DagBag from /home/airflow/.local/lib/python3.9/site-packages/airflow/example_dags/example_branch_operator.py
[2025-12-11T23:05:12.040+0000] {processor.py:840} INFO - DAG(s) 'example_branch_operator' retrieved from /home/airflow/.local/lib/python3.9/site-packages/airflow/example_dags/example_branch_operator.py
[2025-12-11T23:05:12.092+0000] {logging_mixin.py:188} INFO - [2025-12-11T23:05:12.092+0000] {dag.py:3096} INFO - Sync 1 DAGs
[2025-12-11T23:05:12.142+0000] {logging_mixin.py:188} INFO - [2025-12-11T23:05:12.141+0000] {dag.py:3954} INFO - Setting next_dagrun for example_branch_operator to 2025-12-10 00:00:00+00:00, run_after=2025-12-11 00:00:00+00:00
[2025-12-11T23:05:12.168+0000] {processor.py:183} INFO - Processing /home/airflow/.local/lib/python3.9/site-packages/airflow/example_dags/example_branch_operator.py took 0.168 seconds
[2025-12-11T23:05:42.331+0000] {processor.py:161} INFO - Started process (PID=1852) to work on /home/airflow/.local/lib/python3.9/site-packages/airflow/example_dags/example_branch_operator.py
[2025-12-11T23:05:42.333+0000] {processor.py:830} INFO - Processing file /home/airflow/.local/lib/python3.9/site-packages/airflow/example_dags/example_branch_operator.py for tasks to queue
[2025-12-11T23:05:42.336+0000] {logging_mixin.py:188} INFO - [2025-12-11T23:05:42.335+0000] {dagbag.py:545} INFO - Filling up the DagBag from /home/airflow/.local/lib/python3.9/site-packages/airflow/example_dags/example_branch_operator.py
[2025-12-11T23:05:42.369+0000] {processor.py:840} INFO - DAG(s) 'example_branch_operator' retrieved from /home/airflow/.local/lib/python3.9/site-packages/airflow/example_dags/example_branch_operator.py
[2025-12-11T23:05:42.425+0000] {logging_mixin.py:188} INFO - [2025-12-11T23:05:42.424+0000] {dag.py:3096} INFO - Sync 1 DAGs
[2025-12-11T23:05:42.543+0000] {logging_mixin.py:188} INFO - [2025-12-11T23:05:42.543+0000] {dag.py:3954} INFO - Setting next_dagrun for example_branch_operator to 2025-12-10 00:00:00+00:00, run_after=2025-12-11 00:00:00+00:00
[2025-12-11T23:05:42.591+0000] {processor.py:183} INFO - Processing /home/airflow/.local/lib/python3.9/site-packages/airflow/example_dags/example_branch_operator.py took 0.271 seconds
[2025-12-11T23:06:12.895+0000] {processor.py:161} INFO - Started process (PID=1921) to work on /home/airflow/.local/lib/python3.9/site-packages/airflow/example_dags/example_branch_operator.py
[2025-12-11T23:06:12.897+0000] {processor.py:830} INFO - Processing file /home/airflow/.local/lib/python3.9/site-packages/airflow/example_dags/example_branch_operator.py for tasks to queue
[2025-12-11T23:06:12.900+0000] {logging_mixin.py:188} INFO - [2025-12-11T23:06:12.900+0000] {dagbag.py:545} INFO - Filling up the DagBag from /home/airflow/.local/lib/python3.9/site-packages/airflow/example_dags/example_branch_operator.py
[2025-12-11T23:06:12.959+0000] {processor.py:840} INFO - DAG(s) 'example_branch_operator' retrieved from /home/airflow/.local/lib/python3.9/site-packages/airflow/example_dags/example_branch_operator.py
[2025-12-11T23:06:13.093+0000] {logging_mixin.py:188} INFO - [2025-12-11T23:06:13.092+0000] {dag.py:3096} INFO - Sync 1 DAGs
[2025-12-11T23:06:13.180+0000] {logging_mixin.py:188} INFO - [2025-12-11T23:06:13.179+0000] {dag.py:3954} INFO - Setting next_dagrun for example_branch_operator to 2025-12-10 00:00:00+00:00, run_after=2025-12-11 00:00:00+00:00
[2025-12-11T23:06:13.243+0000] {processor.py:183} INFO - Processing /home/airflow/.local/lib/python3.9/site-packages/airflow/example_dags/example_branch_operator.py took 0.360 seconds
[2025-12-11T23:06:43.892+0000] {processor.py:161} INFO - Started process (PID=1989) to work on /home/airflow/.local/lib/python3.9/site-packages/airflow/example_dags/example_branch_operator.py
[2025-12-11T23:06:43.894+0000] {processor.py:830} INFO - Processing file /home/airflow/.local/lib/python3.9/site-packages/airflow/example_dags/example_branch_operator.py for tasks to queue
[2025-12-11T23:06:43.898+0000] {logging_mixin.py:188} INFO - [2025-12-11T23:06:43.897+0000] {dagbag.py:545} INFO - Filling up the DagBag from /home/airflow/.local/lib/python3.9/site-packages/airflow/example_dags/example_branch_operator.py
[2025-12-11T23:06:43.952+0000] {processor.py:840} INFO - DAG(s) 'example_branch_operator' retrieved from /home/airflow/.local/lib/python3.9/site-packages/airflow/example_dags/example_branch_operator.py
[2025-12-11T23:06:44.021+0000] {logging_mixin.py:188} INFO - [2025-12-11T23:06:44.020+0000] {dag.py:3096} INFO - Sync 1 DAGs
[2025-12-11T23:06:44.065+0000] {logging_mixin.py:188} INFO - [2025-12-11T23:06:44.064+0000] {dag.py:3954} INFO - Setting next_dagrun for example_branch_operator to 2025-12-10 00:00:00+00:00, run_after=2025-12-11 00:00:00+00:00
[2025-12-11T23:06:44.254+0000] {processor.py:183} INFO - Processing /home/airflow/.local/lib/python3.9/site-packages/airflow/example_dags/example_branch_operator.py took 0.375 seconds
[2025-12-11T23:07:15.033+0000] {processor.py:161} INFO - Started process (PID=2069) to work on /home/airflow/.local/lib/python3.9/site-packages/airflow/example_dags/example_branch_operator.py
[2025-12-11T23:07:15.050+0000] {processor.py:830} INFO - Processing file /home/airflow/.local/lib/python3.9/site-packages/airflow/example_dags/example_branch_operator.py for tasks to queue
[2025-12-11T23:07:15.053+0000] {logging_mixin.py:188} INFO - [2025-12-11T23:07:15.053+0000] {dagbag.py:545} INFO - Filling up the DagBag from /home/airflow/.local/lib/python3.9/site-packages/airflow/example_dags/example_branch_operator.py
[2025-12-11T23:07:15.097+0000] {processor.py:840} INFO - DAG(s) 'example_branch_operator' retrieved from /home/airflow/.local/lib/python3.9/site-packages/airflow/example_dags/example_branch_operator.py
[2025-12-11T23:07:15.193+0000] {logging_mixin.py:188} INFO - [2025-12-11T23:07:15.193+0000] {dag.py:3096} INFO - Sync 1 DAGs
[2025-12-11T23:07:15.237+0000] {logging_mixin.py:188} INFO - [2025-12-11T23:07:15.237+0000] {dag.py:3954} INFO - Setting next_dagrun for example_branch_operator to 2025-12-10 00:00:00+00:00, run_after=2025-12-11 00:00:00+00:00
[2025-12-11T23:07:15.571+0000] {processor.py:183} INFO - Processing /home/airflow/.local/lib/python3.9/site-packages/airflow/example_dags/example_branch_operator.py took 0.552 seconds
[2025-12-11T23:07:45.855+0000] {processor.py:161} INFO - Started process (PID=2141) to work on /home/airflow/.local/lib/python3.9/site-packages/airflow/example_dags/example_branch_operator.py
[2025-12-11T23:07:45.857+0000] {processor.py:830} INFO - Processing file /home/airflow/.local/lib/python3.9/site-packages/airflow/example_dags/example_branch_operator.py for tasks to queue
[2025-12-11T23:07:45.861+0000] {logging_mixin.py:188} INFO - [2025-12-11T23:07:45.861+0000] {dagbag.py:545} INFO - Filling up the DagBag from /home/airflow/.local/lib/python3.9/site-packages/airflow/example_dags/example_branch_operator.py
[2025-12-11T23:07:45.917+0000] {processor.py:840} INFO - DAG(s) 'example_branch_operator' retrieved from /home/airflow/.local/lib/python3.9/site-packages/airflow/example_dags/example_branch_operator.py
[2025-12-11T23:07:45.984+0000] {logging_mixin.py:188} INFO - [2025-12-11T23:07:45.983+0000] {dag.py:3096} INFO - Sync 1 DAGs
[2025-12-11T23:07:46.028+0000] {logging_mixin.py:188} INFO - [2025-12-11T23:07:46.027+0000] {dag.py:3954} INFO - Setting next_dagrun for example_branch_operator to 2025-12-10 00:00:00+00:00, run_after=2025-12-11 00:00:00+00:00
[2025-12-11T23:07:46.392+0000] {processor.py:183} INFO - Processing /home/airflow/.local/lib/python3.9/site-packages/airflow/example_dags/example_branch_operator.py took 0.560 seconds
[2025-12-11T23:08:17.281+0000] {processor.py:161} INFO - Started process (PID=2213) to work on /home/airflow/.local/lib/python3.9/site-packages/airflow/example_dags/example_branch_operator.py
[2025-12-11T23:08:17.373+0000] {processor.py:830} INFO - Processing file /home/airflow/.local/lib/python3.9/site-packages/airflow/example_dags/example_branch_operator.py for tasks to queue
[2025-12-11T23:08:17.376+0000] {logging_mixin.py:188} INFO - [2025-12-11T23:08:17.375+0000] {dagbag.py:545} INFO - Filling up the DagBag from /home/airflow/.local/lib/python3.9/site-packages/airflow/example_dags/example_branch_operator.py
[2025-12-11T23:08:17.402+0000] {processor.py:840} INFO - DAG(s) 'example_branch_operator' retrieved from /home/airflow/.local/lib/python3.9/site-packages/airflow/example_dags/example_branch_operator.py
[2025-12-11T23:08:17.455+0000] {logging_mixin.py:188} INFO - [2025-12-11T23:08:17.454+0000] {dag.py:3096} INFO - Sync 1 DAGs
[2025-12-11T23:08:17.499+0000] {logging_mixin.py:188} INFO - [2025-12-11T23:08:17.498+0000] {dag.py:3954} INFO - Setting next_dagrun for example_branch_operator to 2025-12-10 00:00:00+00:00, run_after=2025-12-11 00:00:00+00:00
[2025-12-11T23:08:17.560+0000] {processor.py:183} INFO - Processing /home/airflow/.local/lib/python3.9/site-packages/airflow/example_dags/example_branch_operator.py took 0.295 seconds
[2025-12-11T23:08:47.907+0000] {processor.py:161} INFO - Started process (PID=2281) to work on /home/airflow/.local/lib/python3.9/site-packages/airflow/example_dags/example_branch_operator.py
[2025-12-11T23:08:47.949+0000] {processor.py:830} INFO - Processing file /home/airflow/.local/lib/python3.9/site-packages/airflow/example_dags/example_branch_operator.py for tasks to queue
[2025-12-11T23:08:48.062+0000] {logging_mixin.py:188} INFO - [2025-12-11T23:08:48.062+0000] {dagbag.py:545} INFO - Filling up the DagBag from /home/airflow/.local/lib/python3.9/site-packages/airflow/example_dags/example_branch_operator.py
[2025-12-11T23:08:48.091+0000] {processor.py:840} INFO - DAG(s) 'example_branch_operator' retrieved from /home/airflow/.local/lib/python3.9/site-packages/airflow/example_dags/example_branch_operator.py
[2025-12-11T23:08:48.211+0000] {logging_mixin.py:188} INFO - [2025-12-11T23:08:48.206+0000] {dag.py:3096} INFO - Sync 1 DAGs
[2025-12-11T23:08:48.311+0000] {logging_mixin.py:188} INFO - [2025-12-11T23:08:48.310+0000] {dag.py:3954} INFO - Setting next_dagrun for example_branch_operator to 2025-12-10 00:00:00+00:00, run_after=2025-12-11 00:00:00+00:00
[2025-12-11T23:08:48.636+0000] {processor.py:183} INFO - Processing /home/airflow/.local/lib/python3.9/site-packages/airflow/example_dags/example_branch_operator.py took 0.742 seconds
[2025-12-11T23:09:18.869+0000] {processor.py:161} INFO - Started process (PID=2354) to work on /home/airflow/.local/lib/python3.9/site-packages/airflow/example_dags/example_branch_operator.py
[2025-12-11T23:09:18.877+0000] {processor.py:830} INFO - Processing file /home/airflow/.local/lib/python3.9/site-packages/airflow/example_dags/example_branch_operator.py for tasks to queue
[2025-12-11T23:09:18.892+0000] {logging_mixin.py:188} INFO - [2025-12-11T23:09:18.891+0000] {dagbag.py:545} INFO - Filling up the DagBag from /home/airflow/.local/lib/python3.9/site-packages/airflow/example_dags/example_branch_operator.py
[2025-12-11T23:09:18.955+0000] {processor.py:840} INFO - DAG(s) 'example_branch_operator' retrieved from /home/airflow/.local/lib/python3.9/site-packages/airflow/example_dags/example_branch_operator.py
[2025-12-11T23:09:19.054+0000] {logging_mixin.py:188} INFO - [2025-12-11T23:09:19.053+0000] {dag.py:3096} INFO - Sync 1 DAGs
[2025-12-11T23:09:19.156+0000] {logging_mixin.py:188} INFO - [2025-12-11T23:09:19.155+0000] {dag.py:3954} INFO - Setting next_dagrun for example_branch_operator to 2025-12-10 00:00:00+00:00, run_after=2025-12-11 00:00:00+00:00
[2025-12-11T23:09:19.216+0000] {processor.py:183} INFO - Processing /home/airflow/.local/lib/python3.9/site-packages/airflow/example_dags/example_branch_operator.py took 0.366 seconds
[2025-12-11T23:09:50.160+0000] {processor.py:161} INFO - Started process (PID=2423) to work on /home/airflow/.local/lib/python3.9/site-packages/airflow/example_dags/example_branch_operator.py
[2025-12-11T23:09:50.169+0000] {processor.py:830} INFO - Processing file /home/airflow/.local/lib/python3.9/site-packages/airflow/example_dags/example_branch_operator.py for tasks to queue
[2025-12-11T23:09:50.173+0000] {logging_mixin.py:188} INFO - [2025-12-11T23:09:50.172+0000] {dagbag.py:545} INFO - Filling up the DagBag from /home/airflow/.local/lib/python3.9/site-packages/airflow/example_dags/example_branch_operator.py
[2025-12-11T23:09:50.233+0000] {processor.py:840} INFO - DAG(s) 'example_branch_operator' retrieved from /home/airflow/.local/lib/python3.9/site-packages/airflow/example_dags/example_branch_operator.py
[2025-12-11T23:09:50.349+0000] {logging_mixin.py:188} INFO - [2025-12-11T23:09:50.337+0000] {dag.py:3096} INFO - Sync 1 DAGs
[2025-12-11T23:09:50.458+0000] {logging_mixin.py:188} INFO - [2025-12-11T23:09:50.457+0000] {dag.py:3954} INFO - Setting next_dagrun for example_branch_operator to 2025-12-10 00:00:00+00:00, run_after=2025-12-11 00:00:00+00:00
[2025-12-11T23:09:50.538+0000] {processor.py:183} INFO - Processing /home/airflow/.local/lib/python3.9/site-packages/airflow/example_dags/example_branch_operator.py took 0.398 seconds
[2025-12-11T23:10:20.896+0000] {processor.py:161} INFO - Started process (PID=2493) to work on /home/airflow/.local/lib/python3.9/site-packages/airflow/example_dags/example_branch_operator.py
[2025-12-11T23:10:20.909+0000] {processor.py:830} INFO - Processing file /home/airflow/.local/lib/python3.9/site-packages/airflow/example_dags/example_branch_operator.py for tasks to queue
[2025-12-11T23:10:20.913+0000] {logging_mixin.py:188} INFO - [2025-12-11T23:10:20.913+0000] {dagbag.py:545} INFO - Filling up the DagBag from /home/airflow/.local/lib/python3.9/site-packages/airflow/example_dags/example_branch_operator.py
[2025-12-11T23:10:20.976+0000] {processor.py:840} INFO - DAG(s) 'example_branch_operator' retrieved from /home/airflow/.local/lib/python3.9/site-packages/airflow/example_dags/example_branch_operator.py
[2025-12-11T23:10:21.132+0000] {logging_mixin.py:188} INFO - [2025-12-11T23:10:21.132+0000] {dag.py:3096} INFO - Sync 1 DAGs
[2025-12-11T23:10:21.231+0000] {logging_mixin.py:188} INFO - [2025-12-11T23:10:21.231+0000] {dag.py:3954} INFO - Setting next_dagrun for example_branch_operator to 2025-12-10 00:00:00+00:00, run_after=2025-12-11 00:00:00+00:00
[2025-12-11T23:10:21.810+0000] {processor.py:183} INFO - Processing /home/airflow/.local/lib/python3.9/site-packages/airflow/example_dags/example_branch_operator.py took 0.935 seconds
[2025-12-11T23:10:52.194+0000] {processor.py:161} INFO - Started process (PID=2563) to work on /home/airflow/.local/lib/python3.9/site-packages/airflow/example_dags/example_branch_operator.py
[2025-12-11T23:10:52.291+0000] {processor.py:830} INFO - Processing file /home/airflow/.local/lib/python3.9/site-packages/airflow/example_dags/example_branch_operator.py for tasks to queue
[2025-12-11T23:10:52.294+0000] {logging_mixin.py:188} INFO - [2025-12-11T23:10:52.293+0000] {dagbag.py:545} INFO - Filling up the DagBag from /home/airflow/.local/lib/python3.9/site-packages/airflow/example_dags/example_branch_operator.py
[2025-12-11T23:10:52.330+0000] {processor.py:840} INFO - DAG(s) 'example_branch_operator' retrieved from /home/airflow/.local/lib/python3.9/site-packages/airflow/example_dags/example_branch_operator.py
[2025-12-11T23:10:52.435+0000] {logging_mixin.py:188} INFO - [2025-12-11T23:10:52.435+0000] {dag.py:3096} INFO - Sync 1 DAGs
[2025-12-11T23:10:52.540+0000] {logging_mixin.py:188} INFO - [2025-12-11T23:10:52.540+0000] {dag.py:3954} INFO - Setting next_dagrun for example_branch_operator to 2025-12-10 00:00:00+00:00, run_after=2025-12-11 00:00:00+00:00
[2025-12-11T23:10:52.691+0000] {processor.py:183} INFO - Processing /home/airflow/.local/lib/python3.9/site-packages/airflow/example_dags/example_branch_operator.py took 0.538 seconds
[2025-12-11T23:11:23.059+0000] {processor.py:161} INFO - Started process (PID=2630) to work on /home/airflow/.local/lib/python3.9/site-packages/airflow/example_dags/example_branch_operator.py
[2025-12-11T23:11:23.073+0000] {processor.py:830} INFO - Processing file /home/airflow/.local/lib/python3.9/site-packages/airflow/example_dags/example_branch_operator.py for tasks to queue
[2025-12-11T23:11:23.081+0000] {logging_mixin.py:188} INFO - [2025-12-11T23:11:23.080+0000] {dagbag.py:545} INFO - Filling up the DagBag from /home/airflow/.local/lib/python3.9/site-packages/airflow/example_dags/example_branch_operator.py
[2025-12-11T23:11:23.383+0000] {processor.py:840} INFO - DAG(s) 'example_branch_operator' retrieved from /home/airflow/.local/lib/python3.9/site-packages/airflow/example_dags/example_branch_operator.py
[2025-12-11T23:11:23.534+0000] {logging_mixin.py:188} INFO - [2025-12-11T23:11:23.534+0000] {dag.py:3096} INFO - Sync 1 DAGs
[2025-12-11T23:11:23.611+0000] {logging_mixin.py:188} INFO - [2025-12-11T23:11:23.611+0000] {dag.py:3954} INFO - Setting next_dagrun for example_branch_operator to 2025-12-10 00:00:00+00:00, run_after=2025-12-11 00:00:00+00:00
[2025-12-11T23:11:23.674+0000] {processor.py:183} INFO - Processing /home/airflow/.local/lib/python3.9/site-packages/airflow/example_dags/example_branch_operator.py took 0.652 seconds
[2025-12-11T23:11:54.110+0000] {processor.py:161} INFO - Started process (PID=2697) to work on /home/airflow/.local/lib/python3.9/site-packages/airflow/example_dags/example_branch_operator.py
[2025-12-11T23:11:54.224+0000] {processor.py:830} INFO - Processing file /home/airflow/.local/lib/python3.9/site-packages/airflow/example_dags/example_branch_operator.py for tasks to queue
[2025-12-11T23:11:54.227+0000] {logging_mixin.py:188} INFO - [2025-12-11T23:11:54.226+0000] {dagbag.py:545} INFO - Filling up the DagBag from /home/airflow/.local/lib/python3.9/site-packages/airflow/example_dags/example_branch_operator.py
[2025-12-11T23:11:54.254+0000] {processor.py:840} INFO - DAG(s) 'example_branch_operator' retrieved from /home/airflow/.local/lib/python3.9/site-packages/airflow/example_dags/example_branch_operator.py
[2025-12-11T23:11:54.321+0000] {logging_mixin.py:188} INFO - [2025-12-11T23:11:54.321+0000] {dag.py:3096} INFO - Sync 1 DAGs
[2025-12-11T23:11:54.390+0000] {logging_mixin.py:188} INFO - [2025-12-11T23:11:54.390+0000] {dag.py:3954} INFO - Setting next_dagrun for example_branch_operator to 2025-12-10 00:00:00+00:00, run_after=2025-12-11 00:00:00+00:00
[2025-12-11T23:11:54.522+0000] {processor.py:183} INFO - Processing /home/airflow/.local/lib/python3.9/site-packages/airflow/example_dags/example_branch_operator.py took 0.431 seconds
[2025-12-11T23:12:25.086+0000] {processor.py:161} INFO - Started process (PID=2764) to work on /home/airflow/.local/lib/python3.9/site-packages/airflow/example_dags/example_branch_operator.py
[2025-12-11T23:12:25.227+0000] {processor.py:830} INFO - Processing file /home/airflow/.local/lib/python3.9/site-packages/airflow/example_dags/example_branch_operator.py for tasks to queue
[2025-12-11T23:12:25.230+0000] {logging_mixin.py:188} INFO - [2025-12-11T23:12:25.230+0000] {dagbag.py:545} INFO - Filling up the DagBag from /home/airflow/.local/lib/python3.9/site-packages/airflow/example_dags/example_branch_operator.py
[2025-12-11T23:12:25.260+0000] {processor.py:840} INFO - DAG(s) 'example_branch_operator' retrieved from /home/airflow/.local/lib/python3.9/site-packages/airflow/example_dags/example_branch_operator.py
[2025-12-11T23:12:25.318+0000] {logging_mixin.py:188} INFO - [2025-12-11T23:12:25.318+0000] {dag.py:3096} INFO - Sync 1 DAGs
[2025-12-11T23:12:25.367+0000] {logging_mixin.py:188} INFO - [2025-12-11T23:12:25.366+0000] {dag.py:3954} INFO - Setting next_dagrun for example_branch_operator to 2025-12-10 00:00:00+00:00, run_after=2025-12-11 00:00:00+00:00
[2025-12-11T23:12:25.410+0000] {processor.py:183} INFO - Processing /home/airflow/.local/lib/python3.9/site-packages/airflow/example_dags/example_branch_operator.py took 0.334 seconds
[2025-12-11T23:12:56.272+0000] {processor.py:161} INFO - Started process (PID=2831) to work on /home/airflow/.local/lib/python3.9/site-packages/airflow/example_dags/example_branch_operator.py
[2025-12-11T23:12:56.304+0000] {processor.py:830} INFO - Processing file /home/airflow/.local/lib/python3.9/site-packages/airflow/example_dags/example_branch_operator.py for tasks to queue
[2025-12-11T23:12:56.307+0000] {logging_mixin.py:188} INFO - [2025-12-11T23:12:56.307+0000] {dagbag.py:545} INFO - Filling up the DagBag from /home/airflow/.local/lib/python3.9/site-packages/airflow/example_dags/example_branch_operator.py
[2025-12-11T23:12:56.337+0000] {processor.py:840} INFO - DAG(s) 'example_branch_operator' retrieved from /home/airflow/.local/lib/python3.9/site-packages/airflow/example_dags/example_branch_operator.py
[2025-12-11T23:12:56.389+0000] {logging_mixin.py:188} INFO - [2025-12-11T23:12:56.388+0000] {dag.py:3096} INFO - Sync 1 DAGs
[2025-12-11T23:12:56.440+0000] {logging_mixin.py:188} INFO - [2025-12-11T23:12:56.439+0000] {dag.py:3954} INFO - Setting next_dagrun for example_branch_operator to 2025-12-10 00:00:00+00:00, run_after=2025-12-11 00:00:00+00:00
[2025-12-11T23:12:56.507+0000] {processor.py:183} INFO - Processing /home/airflow/.local/lib/python3.9/site-packages/airflow/example_dags/example_branch_operator.py took 0.246 seconds
[2025-12-11T23:13:26.604+0000] {processor.py:161} INFO - Started process (PID=2898) to work on /home/airflow/.local/lib/python3.9/site-packages/airflow/example_dags/example_branch_operator.py
[2025-12-11T23:13:26.609+0000] {processor.py:830} INFO - Processing file /home/airflow/.local/lib/python3.9/site-packages/airflow/example_dags/example_branch_operator.py for tasks to queue
[2025-12-11T23:13:26.612+0000] {logging_mixin.py:188} INFO - [2025-12-11T23:13:26.612+0000] {dagbag.py:545} INFO - Filling up the DagBag from /home/airflow/.local/lib/python3.9/site-packages/airflow/example_dags/example_branch_operator.py
[2025-12-11T23:13:26.651+0000] {processor.py:840} INFO - DAG(s) 'example_branch_operator' retrieved from /home/airflow/.local/lib/python3.9/site-packages/airflow/example_dags/example_branch_operator.py
[2025-12-11T23:13:26.721+0000] {logging_mixin.py:188} INFO - [2025-12-11T23:13:26.721+0000] {dag.py:3096} INFO - Sync 1 DAGs
[2025-12-11T23:13:26.792+0000] {logging_mixin.py:188} INFO - [2025-12-11T23:13:26.791+0000] {dag.py:3954} INFO - Setting next_dagrun for example_branch_operator to 2025-12-10 00:00:00+00:00, run_after=2025-12-11 00:00:00+00:00
[2025-12-11T23:13:26.840+0000] {processor.py:183} INFO - Processing /home/airflow/.local/lib/python3.9/site-packages/airflow/example_dags/example_branch_operator.py took 0.246 seconds
[2025-12-11T23:13:58.824+0000] {processor.py:161} INFO - Started process (PID=2964) to work on /home/airflow/.local/lib/python3.9/site-packages/airflow/example_dags/example_branch_operator.py
[2025-12-11T23:13:58.832+0000] {processor.py:830} INFO - Processing file /home/airflow/.local/lib/python3.9/site-packages/airflow/example_dags/example_branch_operator.py for tasks to queue
[2025-12-11T23:13:58.836+0000] {logging_mixin.py:188} INFO - [2025-12-11T23:13:58.836+0000] {dagbag.py:545} INFO - Filling up the DagBag from /home/airflow/.local/lib/python3.9/site-packages/airflow/example_dags/example_branch_operator.py
[2025-12-11T23:13:58.872+0000] {processor.py:840} INFO - DAG(s) 'example_branch_operator' retrieved from /home/airflow/.local/lib/python3.9/site-packages/airflow/example_dags/example_branch_operator.py
[2025-12-11T23:13:58.926+0000] {logging_mixin.py:188} INFO - [2025-12-11T23:13:58.926+0000] {dag.py:3096} INFO - Sync 1 DAGs
[2025-12-11T23:13:58.970+0000] {logging_mixin.py:188} INFO - [2025-12-11T23:13:58.970+0000] {dag.py:3954} INFO - Setting next_dagrun for example_branch_operator to 2025-12-10 00:00:00+00:00, run_after=2025-12-11 00:00:00+00:00
[2025-12-11T23:13:59.129+0000] {processor.py:183} INFO - Processing /home/airflow/.local/lib/python3.9/site-packages/airflow/example_dags/example_branch_operator.py took 0.319 seconds
[2025-12-11T23:14:29.465+0000] {processor.py:161} INFO - Started process (PID=3031) to work on /home/airflow/.local/lib/python3.9/site-packages/airflow/example_dags/example_branch_operator.py
[2025-12-11T23:14:29.467+0000] {processor.py:830} INFO - Processing file /home/airflow/.local/lib/python3.9/site-packages/airflow/example_dags/example_branch_operator.py for tasks to queue
[2025-12-11T23:14:29.470+0000] {logging_mixin.py:188} INFO - [2025-12-11T23:14:29.470+0000] {dagbag.py:545} INFO - Filling up the DagBag from /home/airflow/.local/lib/python3.9/site-packages/airflow/example_dags/example_branch_operator.py
[2025-12-11T23:14:29.495+0000] {processor.py:840} INFO - DAG(s) 'example_branch_operator' retrieved from /home/airflow/.local/lib/python3.9/site-packages/airflow/example_dags/example_branch_operator.py
[2025-12-11T23:14:29.551+0000] {logging_mixin.py:188} INFO - [2025-12-11T23:14:29.551+0000] {dag.py:3096} INFO - Sync 1 DAGs
[2025-12-11T23:14:29.615+0000] {logging_mixin.py:188} INFO - [2025-12-11T23:14:29.615+0000] {dag.py:3954} INFO - Setting next_dagrun for example_branch_operator to 2025-12-10 00:00:00+00:00, run_after=2025-12-11 00:00:00+00:00
[2025-12-11T23:14:29.652+0000] {processor.py:183} INFO - Processing /home/airflow/.local/lib/python3.9/site-packages/airflow/example_dags/example_branch_operator.py took 0.197 seconds
[2025-12-11T23:14:59.833+0000] {processor.py:161} INFO - Started process (PID=3098) to work on /home/airflow/.local/lib/python3.9/site-packages/airflow/example_dags/example_branch_operator.py
[2025-12-11T23:14:59.835+0000] {processor.py:830} INFO - Processing file /home/airflow/.local/lib/python3.9/site-packages/airflow/example_dags/example_branch_operator.py for tasks to queue
[2025-12-11T23:14:59.838+0000] {logging_mixin.py:188} INFO - [2025-12-11T23:14:59.837+0000] {dagbag.py:545} INFO - Filling up the DagBag from /home/airflow/.local/lib/python3.9/site-packages/airflow/example_dags/example_branch_operator.py
[2025-12-11T23:14:59.862+0000] {processor.py:840} INFO - DAG(s) 'example_branch_operator' retrieved from /home/airflow/.local/lib/python3.9/site-packages/airflow/example_dags/example_branch_operator.py
[2025-12-11T23:14:59.914+0000] {logging_mixin.py:188} INFO - [2025-12-11T23:14:59.914+0000] {dag.py:3096} INFO - Sync 1 DAGs
[2025-12-11T23:14:59.959+0000] {logging_mixin.py:188} INFO - [2025-12-11T23:14:59.959+0000] {dag.py:3954} INFO - Setting next_dagrun for example_branch_operator to 2025-12-10 00:00:00+00:00, run_after=2025-12-11 00:00:00+00:00
[2025-12-11T23:14:59.987+0000] {processor.py:183} INFO - Processing /home/airflow/.local/lib/python3.9/site-packages/airflow/example_dags/example_branch_operator.py took 0.165 seconds
[2025-12-11T23:15:31.069+0000] {processor.py:161} INFO - Started process (PID=3165) to work on /home/airflow/.local/lib/python3.9/site-packages/airflow/example_dags/example_branch_operator.py
[2025-12-11T23:15:31.150+0000] {processor.py:830} INFO - Processing file /home/airflow/.local/lib/python3.9/site-packages/airflow/example_dags/example_branch_operator.py for tasks to queue
[2025-12-11T23:15:31.154+0000] {logging_mixin.py:188} INFO - [2025-12-11T23:15:31.154+0000] {dagbag.py:545} INFO - Filling up the DagBag from /home/airflow/.local/lib/python3.9/site-packages/airflow/example_dags/example_branch_operator.py
[2025-12-11T23:15:31.217+0000] {processor.py:840} INFO - DAG(s) 'example_branch_operator' retrieved from /home/airflow/.local/lib/python3.9/site-packages/airflow/example_dags/example_branch_operator.py
[2025-12-11T23:15:31.284+0000] {logging_mixin.py:188} INFO - [2025-12-11T23:15:31.284+0000] {dag.py:3096} INFO - Sync 1 DAGs
[2025-12-11T23:15:31.341+0000] {logging_mixin.py:188} INFO - [2025-12-11T23:15:31.340+0000] {dag.py:3954} INFO - Setting next_dagrun for example_branch_operator to 2025-12-10 00:00:00+00:00, run_after=2025-12-11 00:00:00+00:00
[2025-12-11T23:15:31.402+0000] {processor.py:183} INFO - Processing /home/airflow/.local/lib/python3.9/site-packages/airflow/example_dags/example_branch_operator.py took 0.349 seconds
[2025-12-11T23:16:01.799+0000] {processor.py:161} INFO - Started process (PID=3232) to work on /home/airflow/.local/lib/python3.9/site-packages/airflow/example_dags/example_branch_operator.py
[2025-12-11T23:16:01.801+0000] {processor.py:830} INFO - Processing file /home/airflow/.local/lib/python3.9/site-packages/airflow/example_dags/example_branch_operator.py for tasks to queue
[2025-12-11T23:16:01.804+0000] {logging_mixin.py:188} INFO - [2025-12-11T23:16:01.804+0000] {dagbag.py:545} INFO - Filling up the DagBag from /home/airflow/.local/lib/python3.9/site-packages/airflow/example_dags/example_branch_operator.py
[2025-12-11T23:16:01.831+0000] {processor.py:840} INFO - DAG(s) 'example_branch_operator' retrieved from /home/airflow/.local/lib/python3.9/site-packages/airflow/example_dags/example_branch_operator.py
[2025-12-11T23:16:01.881+0000] {logging_mixin.py:188} INFO - [2025-12-11T23:16:01.880+0000] {dag.py:3096} INFO - Sync 1 DAGs
[2025-12-11T23:16:01.932+0000] {logging_mixin.py:188} INFO - [2025-12-11T23:16:01.931+0000] {dag.py:3954} INFO - Setting next_dagrun for example_branch_operator to 2025-12-10 00:00:00+00:00, run_after=2025-12-11 00:00:00+00:00
[2025-12-11T23:16:01.978+0000] {processor.py:183} INFO - Processing /home/airflow/.local/lib/python3.9/site-packages/airflow/example_dags/example_branch_operator.py took 0.190 seconds
[2025-12-11T23:16:32.230+0000] {processor.py:161} INFO - Started process (PID=3299) to work on /home/airflow/.local/lib/python3.9/site-packages/airflow/example_dags/example_branch_operator.py
[2025-12-11T23:16:32.239+0000] {processor.py:830} INFO - Processing file /home/airflow/.local/lib/python3.9/site-packages/airflow/example_dags/example_branch_operator.py for tasks to queue
[2025-12-11T23:16:32.252+0000] {logging_mixin.py:188} INFO - [2025-12-11T23:16:32.251+0000] {dagbag.py:545} INFO - Filling up the DagBag from /home/airflow/.local/lib/python3.9/site-packages/airflow/example_dags/example_branch_operator.py
[2025-12-11T23:16:32.311+0000] {processor.py:840} INFO - DAG(s) 'example_branch_operator' retrieved from /home/airflow/.local/lib/python3.9/site-packages/airflow/example_dags/example_branch_operator.py
[2025-12-11T23:16:32.367+0000] {logging_mixin.py:188} INFO - [2025-12-11T23:16:32.366+0000] {dag.py:3096} INFO - Sync 1 DAGs
[2025-12-11T23:16:32.411+0000] {logging_mixin.py:188} INFO - [2025-12-11T23:16:32.410+0000] {dag.py:3954} INFO - Setting next_dagrun for example_branch_operator to 2025-12-10 00:00:00+00:00, run_after=2025-12-11 00:00:00+00:00
[2025-12-11T23:16:32.441+0000] {processor.py:183} INFO - Processing /home/airflow/.local/lib/python3.9/site-packages/airflow/example_dags/example_branch_operator.py took 0.226 seconds
[2025-12-11T23:17:03.101+0000] {processor.py:161} INFO - Started process (PID=3366) to work on /home/airflow/.local/lib/python3.9/site-packages/airflow/example_dags/example_branch_operator.py
[2025-12-11T23:17:03.102+0000] {processor.py:830} INFO - Processing file /home/airflow/.local/lib/python3.9/site-packages/airflow/example_dags/example_branch_operator.py for tasks to queue
[2025-12-11T23:17:03.105+0000] {logging_mixin.py:188} INFO - [2025-12-11T23:17:03.105+0000] {dagbag.py:545} INFO - Filling up the DagBag from /home/airflow/.local/lib/python3.9/site-packages/airflow/example_dags/example_branch_operator.py
[2025-12-11T23:17:03.130+0000] {processor.py:840} INFO - DAG(s) 'example_branch_operator' retrieved from /home/airflow/.local/lib/python3.9/site-packages/airflow/example_dags/example_branch_operator.py
[2025-12-11T23:17:03.182+0000] {logging_mixin.py:188} INFO - [2025-12-11T23:17:03.182+0000] {dag.py:3096} INFO - Sync 1 DAGs
[2025-12-11T23:17:03.218+0000] {logging_mixin.py:188} INFO - [2025-12-11T23:17:03.218+0000] {dag.py:3954} INFO - Setting next_dagrun for example_branch_operator to 2025-12-10 00:00:00+00:00, run_after=2025-12-11 00:00:00+00:00
[2025-12-11T23:17:03.243+0000] {processor.py:183} INFO - Processing /home/airflow/.local/lib/python3.9/site-packages/airflow/example_dags/example_branch_operator.py took 0.153 seconds
[2025-12-11T23:17:33.528+0000] {processor.py:161} INFO - Started process (PID=3433) to work on /home/airflow/.local/lib/python3.9/site-packages/airflow/example_dags/example_branch_operator.py
[2025-12-11T23:17:33.530+0000] {processor.py:830} INFO - Processing file /home/airflow/.local/lib/python3.9/site-packages/airflow/example_dags/example_branch_operator.py for tasks to queue
[2025-12-11T23:17:33.533+0000] {logging_mixin.py:188} INFO - [2025-12-11T23:17:33.532+0000] {dagbag.py:545} INFO - Filling up the DagBag from /home/airflow/.local/lib/python3.9/site-packages/airflow/example_dags/example_branch_operator.py
[2025-12-11T23:17:33.561+0000] {processor.py:840} INFO - DAG(s) 'example_branch_operator' retrieved from /home/airflow/.local/lib/python3.9/site-packages/airflow/example_dags/example_branch_operator.py
[2025-12-11T23:17:33.612+0000] {logging_mixin.py:188} INFO - [2025-12-11T23:17:33.612+0000] {dag.py:3096} INFO - Sync 1 DAGs
[2025-12-11T23:17:33.650+0000] {logging_mixin.py:188} INFO - [2025-12-11T23:17:33.649+0000] {dag.py:3954} INFO - Setting next_dagrun for example_branch_operator to 2025-12-10 00:00:00+00:00, run_after=2025-12-11 00:00:00+00:00
[2025-12-11T23:17:33.677+0000] {processor.py:183} INFO - Processing /home/airflow/.local/lib/python3.9/site-packages/airflow/example_dags/example_branch_operator.py took 0.160 seconds
[2025-12-11T23:18:04.065+0000] {processor.py:161} INFO - Started process (PID=3500) to work on /home/airflow/.local/lib/python3.9/site-packages/airflow/example_dags/example_branch_operator.py
[2025-12-11T23:18:04.067+0000] {processor.py:830} INFO - Processing file /home/airflow/.local/lib/python3.9/site-packages/airflow/example_dags/example_branch_operator.py for tasks to queue
[2025-12-11T23:18:04.069+0000] {logging_mixin.py:188} INFO - [2025-12-11T23:18:04.069+0000] {dagbag.py:545} INFO - Filling up the DagBag from /home/airflow/.local/lib/python3.9/site-packages/airflow/example_dags/example_branch_operator.py
[2025-12-11T23:18:04.094+0000] {processor.py:840} INFO - DAG(s) 'example_branch_operator' retrieved from /home/airflow/.local/lib/python3.9/site-packages/airflow/example_dags/example_branch_operator.py
[2025-12-11T23:18:04.138+0000] {logging_mixin.py:188} INFO - [2025-12-11T23:18:04.137+0000] {dag.py:3096} INFO - Sync 1 DAGs
[2025-12-11T23:18:04.175+0000] {logging_mixin.py:188} INFO - [2025-12-11T23:18:04.175+0000] {dag.py:3954} INFO - Setting next_dagrun for example_branch_operator to 2025-12-10 00:00:00+00:00, run_after=2025-12-11 00:00:00+00:00
[2025-12-11T23:18:04.206+0000] {processor.py:183} INFO - Processing /home/airflow/.local/lib/python3.9/site-packages/airflow/example_dags/example_branch_operator.py took 0.152 seconds
[2025-12-11T23:18:34.713+0000] {processor.py:161} INFO - Started process (PID=3567) to work on /home/airflow/.local/lib/python3.9/site-packages/airflow/example_dags/example_branch_operator.py
[2025-12-11T23:18:34.715+0000] {processor.py:830} INFO - Processing file /home/airflow/.local/lib/python3.9/site-packages/airflow/example_dags/example_branch_operator.py for tasks to queue
[2025-12-11T23:18:34.720+0000] {logging_mixin.py:188} INFO - [2025-12-11T23:18:34.719+0000] {dagbag.py:545} INFO - Filling up the DagBag from /home/airflow/.local/lib/python3.9/site-packages/airflow/example_dags/example_branch_operator.py
[2025-12-11T23:18:34.773+0000] {processor.py:840} INFO - DAG(s) 'example_branch_operator' retrieved from /home/airflow/.local/lib/python3.9/site-packages/airflow/example_dags/example_branch_operator.py
[2025-12-11T23:18:34.856+0000] {logging_mixin.py:188} INFO - [2025-12-11T23:18:34.855+0000] {dag.py:3096} INFO - Sync 1 DAGs
[2025-12-11T23:18:34.901+0000] {logging_mixin.py:188} INFO - [2025-12-11T23:18:34.901+0000] {dag.py:3954} INFO - Setting next_dagrun for example_branch_operator to 2025-12-10 00:00:00+00:00, run_after=2025-12-11 00:00:00+00:00
[2025-12-11T23:18:34.928+0000] {processor.py:183} INFO - Processing /home/airflow/.local/lib/python3.9/site-packages/airflow/example_dags/example_branch_operator.py took 0.248 seconds
[2025-12-11T23:19:05.092+0000] {processor.py:161} INFO - Started process (PID=3634) to work on /home/airflow/.local/lib/python3.9/site-packages/airflow/example_dags/example_branch_operator.py
[2025-12-11T23:19:05.094+0000] {processor.py:830} INFO - Processing file /home/airflow/.local/lib/python3.9/site-packages/airflow/example_dags/example_branch_operator.py for tasks to queue
[2025-12-11T23:19:05.097+0000] {logging_mixin.py:188} INFO - [2025-12-11T23:19:05.097+0000] {dagbag.py:545} INFO - Filling up the DagBag from /home/airflow/.local/lib/python3.9/site-packages/airflow/example_dags/example_branch_operator.py
[2025-12-11T23:19:05.121+0000] {processor.py:840} INFO - DAG(s) 'example_branch_operator' retrieved from /home/airflow/.local/lib/python3.9/site-packages/airflow/example_dags/example_branch_operator.py
[2025-12-11T23:19:05.165+0000] {logging_mixin.py:188} INFO - [2025-12-11T23:19:05.165+0000] {dag.py:3096} INFO - Sync 1 DAGs
[2025-12-11T23:19:05.205+0000] {logging_mixin.py:188} INFO - [2025-12-11T23:19:05.205+0000] {dag.py:3954} INFO - Setting next_dagrun for example_branch_operator to 2025-12-10 00:00:00+00:00, run_after=2025-12-11 00:00:00+00:00
[2025-12-11T23:19:05.232+0000] {processor.py:183} INFO - Processing /home/airflow/.local/lib/python3.9/site-packages/airflow/example_dags/example_branch_operator.py took 0.152 seconds
[2025-12-11T23:19:35.895+0000] {processor.py:161} INFO - Started process (PID=3701) to work on /home/airflow/.local/lib/python3.9/site-packages/airflow/example_dags/example_branch_operator.py
[2025-12-11T23:19:35.944+0000] {processor.py:830} INFO - Processing file /home/airflow/.local/lib/python3.9/site-packages/airflow/example_dags/example_branch_operator.py for tasks to queue
[2025-12-11T23:19:35.949+0000] {logging_mixin.py:188} INFO - [2025-12-11T23:19:35.949+0000] {dagbag.py:545} INFO - Filling up the DagBag from /home/airflow/.local/lib/python3.9/site-packages/airflow/example_dags/example_branch_operator.py
[2025-12-11T23:19:35.994+0000] {processor.py:840} INFO - DAG(s) 'example_branch_operator' retrieved from /home/airflow/.local/lib/python3.9/site-packages/airflow/example_dags/example_branch_operator.py
[2025-12-11T23:19:36.074+0000] {logging_mixin.py:188} INFO - [2025-12-11T23:19:36.074+0000] {dag.py:3096} INFO - Sync 1 DAGs
[2025-12-11T23:19:36.115+0000] {logging_mixin.py:188} INFO - [2025-12-11T23:19:36.115+0000] {dag.py:3954} INFO - Setting next_dagrun for example_branch_operator to 2025-12-10 00:00:00+00:00, run_after=2025-12-11 00:00:00+00:00
[2025-12-11T23:19:36.335+0000] {processor.py:183} INFO - Processing /home/airflow/.local/lib/python3.9/site-packages/airflow/example_dags/example_branch_operator.py took 0.454 seconds
[2025-12-11T23:20:06.653+0000] {processor.py:161} INFO - Started process (PID=3768) to work on /home/airflow/.local/lib/python3.9/site-packages/airflow/example_dags/example_branch_operator.py
[2025-12-11T23:20:06.660+0000] {processor.py:830} INFO - Processing file /home/airflow/.local/lib/python3.9/site-packages/airflow/example_dags/example_branch_operator.py for tasks to queue
[2025-12-11T23:20:06.663+0000] {logging_mixin.py:188} INFO - [2025-12-11T23:20:06.663+0000] {dagbag.py:545} INFO - Filling up the DagBag from /home/airflow/.local/lib/python3.9/site-packages/airflow/example_dags/example_branch_operator.py
[2025-12-11T23:20:06.690+0000] {processor.py:840} INFO - DAG(s) 'example_branch_operator' retrieved from /home/airflow/.local/lib/python3.9/site-packages/airflow/example_dags/example_branch_operator.py
[2025-12-11T23:20:06.737+0000] {logging_mixin.py:188} INFO - [2025-12-11T23:20:06.737+0000] {dag.py:3096} INFO - Sync 1 DAGs
[2025-12-11T23:20:06.774+0000] {logging_mixin.py:188} INFO - [2025-12-11T23:20:06.774+0000] {dag.py:3954} INFO - Setting next_dagrun for example_branch_operator to 2025-12-10 00:00:00+00:00, run_after=2025-12-11 00:00:00+00:00
[2025-12-11T23:20:06.802+0000] {processor.py:183} INFO - Processing /home/airflow/.local/lib/python3.9/site-packages/airflow/example_dags/example_branch_operator.py took 0.162 seconds
[2025-12-11T23:20:36.881+0000] {processor.py:161} INFO - Started process (PID=3835) to work on /home/airflow/.local/lib/python3.9/site-packages/airflow/example_dags/example_branch_operator.py
[2025-12-11T23:20:36.884+0000] {processor.py:830} INFO - Processing file /home/airflow/.local/lib/python3.9/site-packages/airflow/example_dags/example_branch_operator.py for tasks to queue
[2025-12-11T23:20:36.887+0000] {logging_mixin.py:188} INFO - [2025-12-11T23:20:36.887+0000] {dagbag.py:545} INFO - Filling up the DagBag from /home/airflow/.local/lib/python3.9/site-packages/airflow/example_dags/example_branch_operator.py
[2025-12-11T23:20:36.924+0000] {processor.py:840} INFO - DAG(s) 'example_branch_operator' retrieved from /home/airflow/.local/lib/python3.9/site-packages/airflow/example_dags/example_branch_operator.py
[2025-12-11T23:20:36.988+0000] {logging_mixin.py:188} INFO - [2025-12-11T23:20:36.987+0000] {dag.py:3096} INFO - Sync 1 DAGs
[2025-12-11T23:20:37.044+0000] {logging_mixin.py:188} INFO - [2025-12-11T23:20:37.043+0000] {dag.py:3954} INFO - Setting next_dagrun for example_branch_operator to 2025-12-10 00:00:00+00:00, run_after=2025-12-11 00:00:00+00:00
[2025-12-11T23:20:37.078+0000] {processor.py:183} INFO - Processing /home/airflow/.local/lib/python3.9/site-packages/airflow/example_dags/example_branch_operator.py took 0.208 seconds
[2025-12-11T23:21:07.303+0000] {processor.py:161} INFO - Started process (PID=3902) to work on /home/airflow/.local/lib/python3.9/site-packages/airflow/example_dags/example_branch_operator.py
[2025-12-11T23:21:07.305+0000] {processor.py:830} INFO - Processing file /home/airflow/.local/lib/python3.9/site-packages/airflow/example_dags/example_branch_operator.py for tasks to queue
[2025-12-11T23:21:07.309+0000] {logging_mixin.py:188} INFO - [2025-12-11T23:21:07.308+0000] {dagbag.py:545} INFO - Filling up the DagBag from /home/airflow/.local/lib/python3.9/site-packages/airflow/example_dags/example_branch_operator.py
[2025-12-11T23:21:07.353+0000] {processor.py:840} INFO - DAG(s) 'example_branch_operator' retrieved from /home/airflow/.local/lib/python3.9/site-packages/airflow/example_dags/example_branch_operator.py
[2025-12-11T23:21:07.426+0000] {logging_mixin.py:188} INFO - [2025-12-11T23:21:07.426+0000] {dag.py:3096} INFO - Sync 1 DAGs
[2025-12-11T23:21:07.495+0000] {logging_mixin.py:188} INFO - [2025-12-11T23:21:07.494+0000] {dag.py:3954} INFO - Setting next_dagrun for example_branch_operator to 2025-12-10 00:00:00+00:00, run_after=2025-12-11 00:00:00+00:00
[2025-12-11T23:21:07.820+0000] {processor.py:183} INFO - Processing /home/airflow/.local/lib/python3.9/site-packages/airflow/example_dags/example_branch_operator.py took 0.536 seconds
[2025-12-11T23:21:38.314+0000] {processor.py:161} INFO - Started process (PID=3976) to work on /home/airflow/.local/lib/python3.9/site-packages/airflow/example_dags/example_branch_operator.py
[2025-12-11T23:21:38.316+0000] {processor.py:830} INFO - Processing file /home/airflow/.local/lib/python3.9/site-packages/airflow/example_dags/example_branch_operator.py for tasks to queue
[2025-12-11T23:21:38.319+0000] {logging_mixin.py:188} INFO - [2025-12-11T23:21:38.318+0000] {dagbag.py:545} INFO - Filling up the DagBag from /home/airflow/.local/lib/python3.9/site-packages/airflow/example_dags/example_branch_operator.py
[2025-12-11T23:21:38.360+0000] {processor.py:840} INFO - DAG(s) 'example_branch_operator' retrieved from /home/airflow/.local/lib/python3.9/site-packages/airflow/example_dags/example_branch_operator.py
[2025-12-11T23:21:38.412+0000] {logging_mixin.py:188} INFO - [2025-12-11T23:21:38.412+0000] {dag.py:3096} INFO - Sync 1 DAGs
[2025-12-11T23:21:38.452+0000] {logging_mixin.py:188} INFO - [2025-12-11T23:21:38.452+0000] {dag.py:3954} INFO - Setting next_dagrun for example_branch_operator to 2025-12-10 00:00:00+00:00, run_after=2025-12-11 00:00:00+00:00
[2025-12-11T23:21:38.481+0000] {processor.py:183} INFO - Processing /home/airflow/.local/lib/python3.9/site-packages/airflow/example_dags/example_branch_operator.py took 0.185 seconds
[2025-12-11T23:22:09.138+0000] {processor.py:161} INFO - Started process (PID=4043) to work on /home/airflow/.local/lib/python3.9/site-packages/airflow/example_dags/example_branch_operator.py
[2025-12-11T23:22:09.150+0000] {processor.py:830} INFO - Processing file /home/airflow/.local/lib/python3.9/site-packages/airflow/example_dags/example_branch_operator.py for tasks to queue
[2025-12-11T23:22:09.153+0000] {logging_mixin.py:188} INFO - [2025-12-11T23:22:09.152+0000] {dagbag.py:545} INFO - Filling up the DagBag from /home/airflow/.local/lib/python3.9/site-packages/airflow/example_dags/example_branch_operator.py
[2025-12-11T23:22:09.315+0000] {processor.py:840} INFO - DAG(s) 'example_branch_operator' retrieved from /home/airflow/.local/lib/python3.9/site-packages/airflow/example_dags/example_branch_operator.py
[2025-12-11T23:22:09.499+0000] {logging_mixin.py:188} INFO - [2025-12-11T23:22:09.498+0000] {dag.py:3096} INFO - Sync 1 DAGs
[2025-12-11T23:22:09.577+0000] {logging_mixin.py:188} INFO - [2025-12-11T23:22:09.577+0000] {dag.py:3954} INFO - Setting next_dagrun for example_branch_operator to 2025-12-10 00:00:00+00:00, run_after=2025-12-11 00:00:00+00:00
[2025-12-11T23:22:09.644+0000] {processor.py:183} INFO - Processing /home/airflow/.local/lib/python3.9/site-packages/airflow/example_dags/example_branch_operator.py took 0.529 seconds
[2025-12-11T23:22:39.881+0000] {processor.py:161} INFO - Started process (PID=4110) to work on /home/airflow/.local/lib/python3.9/site-packages/airflow/example_dags/example_branch_operator.py
[2025-12-11T23:22:39.889+0000] {processor.py:830} INFO - Processing file /home/airflow/.local/lib/python3.9/site-packages/airflow/example_dags/example_branch_operator.py for tasks to queue
[2025-12-11T23:22:39.892+0000] {logging_mixin.py:188} INFO - [2025-12-11T23:22:39.891+0000] {dagbag.py:545} INFO - Filling up the DagBag from /home/airflow/.local/lib/python3.9/site-packages/airflow/example_dags/example_branch_operator.py
[2025-12-11T23:22:39.931+0000] {processor.py:840} INFO - DAG(s) 'example_branch_operator' retrieved from /home/airflow/.local/lib/python3.9/site-packages/airflow/example_dags/example_branch_operator.py
[2025-12-11T23:22:39.998+0000] {logging_mixin.py:188} INFO - [2025-12-11T23:22:39.998+0000] {dag.py:3096} INFO - Sync 1 DAGs
[2025-12-11T23:22:40.097+0000] {logging_mixin.py:188} INFO - [2025-12-11T23:22:40.096+0000] {dag.py:3954} INFO - Setting next_dagrun for example_branch_operator to 2025-12-10 00:00:00+00:00, run_after=2025-12-11 00:00:00+00:00
[2025-12-11T23:22:40.169+0000] {processor.py:183} INFO - Processing /home/airflow/.local/lib/python3.9/site-packages/airflow/example_dags/example_branch_operator.py took 0.300 seconds
[2025-12-11T23:23:11.051+0000] {processor.py:161} INFO - Started process (PID=4177) to work on /home/airflow/.local/lib/python3.9/site-packages/airflow/example_dags/example_branch_operator.py
[2025-12-11T23:23:11.053+0000] {processor.py:830} INFO - Processing file /home/airflow/.local/lib/python3.9/site-packages/airflow/example_dags/example_branch_operator.py for tasks to queue
[2025-12-11T23:23:11.056+0000] {logging_mixin.py:188} INFO - [2025-12-11T23:23:11.056+0000] {dagbag.py:545} INFO - Filling up the DagBag from /home/airflow/.local/lib/python3.9/site-packages/airflow/example_dags/example_branch_operator.py
[2025-12-11T23:23:11.132+0000] {processor.py:840} INFO - DAG(s) 'example_branch_operator' retrieved from /home/airflow/.local/lib/python3.9/site-packages/airflow/example_dags/example_branch_operator.py
[2025-12-11T23:23:11.236+0000] {logging_mixin.py:188} INFO - [2025-12-11T23:23:11.235+0000] {dag.py:3096} INFO - Sync 1 DAGs
[2025-12-11T23:23:11.332+0000] {logging_mixin.py:188} INFO - [2025-12-11T23:23:11.331+0000] {dag.py:3954} INFO - Setting next_dagrun for example_branch_operator to 2025-12-10 00:00:00+00:00, run_after=2025-12-11 00:00:00+00:00
[2025-12-11T23:23:11.438+0000] {processor.py:183} INFO - Processing /home/airflow/.local/lib/python3.9/site-packages/airflow/example_dags/example_branch_operator.py took 0.426 seconds
[2025-12-11T23:23:41.798+0000] {processor.py:161} INFO - Started process (PID=4244) to work on /home/airflow/.local/lib/python3.9/site-packages/airflow/example_dags/example_branch_operator.py
[2025-12-11T23:23:41.800+0000] {processor.py:830} INFO - Processing file /home/airflow/.local/lib/python3.9/site-packages/airflow/example_dags/example_branch_operator.py for tasks to queue
[2025-12-11T23:23:41.810+0000] {logging_mixin.py:188} INFO - [2025-12-11T23:23:41.809+0000] {dagbag.py:545} INFO - Filling up the DagBag from /home/airflow/.local/lib/python3.9/site-packages/airflow/example_dags/example_branch_operator.py
[2025-12-11T23:23:41.857+0000] {processor.py:840} INFO - DAG(s) 'example_branch_operator' retrieved from /home/airflow/.local/lib/python3.9/site-packages/airflow/example_dags/example_branch_operator.py
[2025-12-11T23:23:41.961+0000] {logging_mixin.py:188} INFO - [2025-12-11T23:23:41.960+0000] {dag.py:3096} INFO - Sync 1 DAGs
[2025-12-11T23:23:42.034+0000] {logging_mixin.py:188} INFO - [2025-12-11T23:23:42.034+0000] {dag.py:3954} INFO - Setting next_dagrun for example_branch_operator to 2025-12-10 00:00:00+00:00, run_after=2025-12-11 00:00:00+00:00
[2025-12-11T23:23:42.097+0000] {processor.py:183} INFO - Processing /home/airflow/.local/lib/python3.9/site-packages/airflow/example_dags/example_branch_operator.py took 0.319 seconds
[2025-12-11T23:24:13.341+0000] {processor.py:161} INFO - Started process (PID=4310) to work on /home/airflow/.local/lib/python3.9/site-packages/airflow/example_dags/example_branch_operator.py
[2025-12-11T23:24:13.350+0000] {processor.py:830} INFO - Processing file /home/airflow/.local/lib/python3.9/site-packages/airflow/example_dags/example_branch_operator.py for tasks to queue
[2025-12-11T23:24:13.353+0000] {logging_mixin.py:188} INFO - [2025-12-11T23:24:13.352+0000] {dagbag.py:545} INFO - Filling up the DagBag from /home/airflow/.local/lib/python3.9/site-packages/airflow/example_dags/example_branch_operator.py
[2025-12-11T23:24:13.432+0000] {processor.py:840} INFO - DAG(s) 'example_branch_operator' retrieved from /home/airflow/.local/lib/python3.9/site-packages/airflow/example_dags/example_branch_operator.py
[2025-12-11T23:24:13.573+0000] {logging_mixin.py:188} INFO - [2025-12-11T23:24:13.573+0000] {dag.py:3096} INFO - Sync 1 DAGs
[2025-12-11T23:24:13.656+0000] {logging_mixin.py:188} INFO - [2025-12-11T23:24:13.656+0000] {dag.py:3954} INFO - Setting next_dagrun for example_branch_operator to 2025-12-10 00:00:00+00:00, run_after=2025-12-11 00:00:00+00:00
[2025-12-11T23:24:13.755+0000] {processor.py:183} INFO - Processing /home/airflow/.local/lib/python3.9/site-packages/airflow/example_dags/example_branch_operator.py took 0.425 seconds
[2025-12-11T23:24:44.754+0000] {processor.py:161} INFO - Started process (PID=4377) to work on /home/airflow/.local/lib/python3.9/site-packages/airflow/example_dags/example_branch_operator.py
[2025-12-11T23:24:44.756+0000] {processor.py:830} INFO - Processing file /home/airflow/.local/lib/python3.9/site-packages/airflow/example_dags/example_branch_operator.py for tasks to queue
[2025-12-11T23:24:44.771+0000] {logging_mixin.py:188} INFO - [2025-12-11T23:24:44.771+0000] {dagbag.py:545} INFO - Filling up the DagBag from /home/airflow/.local/lib/python3.9/site-packages/airflow/example_dags/example_branch_operator.py
[2025-12-11T23:24:44.835+0000] {processor.py:840} INFO - DAG(s) 'example_branch_operator' retrieved from /home/airflow/.local/lib/python3.9/site-packages/airflow/example_dags/example_branch_operator.py
[2025-12-11T23:24:44.957+0000] {logging_mixin.py:188} INFO - [2025-12-11T23:24:44.957+0000] {dag.py:3096} INFO - Sync 1 DAGs
[2025-12-11T23:24:45.051+0000] {logging_mixin.py:188} INFO - [2025-12-11T23:24:45.050+0000] {dag.py:3954} INFO - Setting next_dagrun for example_branch_operator to 2025-12-10 00:00:00+00:00, run_after=2025-12-11 00:00:00+00:00
[2025-12-11T23:24:45.151+0000] {processor.py:183} INFO - Processing /home/airflow/.local/lib/python3.9/site-packages/airflow/example_dags/example_branch_operator.py took 0.430 seconds
[2025-12-11T23:25:15.481+0000] {processor.py:161} INFO - Started process (PID=4442) to work on /home/airflow/.local/lib/python3.9/site-packages/airflow/example_dags/example_branch_operator.py
[2025-12-11T23:25:15.488+0000] {processor.py:830} INFO - Processing file /home/airflow/.local/lib/python3.9/site-packages/airflow/example_dags/example_branch_operator.py for tasks to queue
[2025-12-11T23:25:15.491+0000] {logging_mixin.py:188} INFO - [2025-12-11T23:25:15.490+0000] {dagbag.py:545} INFO - Filling up the DagBag from /home/airflow/.local/lib/python3.9/site-packages/airflow/example_dags/example_branch_operator.py
[2025-12-11T23:25:15.518+0000] {processor.py:840} INFO - DAG(s) 'example_branch_operator' retrieved from /home/airflow/.local/lib/python3.9/site-packages/airflow/example_dags/example_branch_operator.py
[2025-12-11T23:25:15.566+0000] {logging_mixin.py:188} INFO - [2025-12-11T23:25:15.566+0000] {dag.py:3096} INFO - Sync 1 DAGs
[2025-12-11T23:25:15.604+0000] {logging_mixin.py:188} INFO - [2025-12-11T23:25:15.604+0000] {dag.py:3954} INFO - Setting next_dagrun for example_branch_operator to 2025-12-10 00:00:00+00:00, run_after=2025-12-11 00:00:00+00:00
[2025-12-11T23:25:15.633+0000] {processor.py:183} INFO - Processing /home/airflow/.local/lib/python3.9/site-packages/airflow/example_dags/example_branch_operator.py took 0.164 seconds
[2025-12-11T23:25:46.266+0000] {processor.py:161} INFO - Started process (PID=4509) to work on /home/airflow/.local/lib/python3.9/site-packages/airflow/example_dags/example_branch_operator.py
[2025-12-11T23:25:46.268+0000] {processor.py:830} INFO - Processing file /home/airflow/.local/lib/python3.9/site-packages/airflow/example_dags/example_branch_operator.py for tasks to queue
[2025-12-11T23:25:46.271+0000] {logging_mixin.py:188} INFO - [2025-12-11T23:25:46.271+0000] {dagbag.py:545} INFO - Filling up the DagBag from /home/airflow/.local/lib/python3.9/site-packages/airflow/example_dags/example_branch_operator.py
[2025-12-11T23:25:46.295+0000] {processor.py:840} INFO - DAG(s) 'example_branch_operator' retrieved from /home/airflow/.local/lib/python3.9/site-packages/airflow/example_dags/example_branch_operator.py
[2025-12-11T23:25:46.347+0000] {logging_mixin.py:188} INFO - [2025-12-11T23:25:46.347+0000] {dag.py:3096} INFO - Sync 1 DAGs
[2025-12-11T23:25:46.387+0000] {logging_mixin.py:188} INFO - [2025-12-11T23:25:46.386+0000] {dag.py:3954} INFO - Setting next_dagrun for example_branch_operator to 2025-12-10 00:00:00+00:00, run_after=2025-12-11 00:00:00+00:00
[2025-12-11T23:25:46.421+0000] {processor.py:183} INFO - Processing /home/airflow/.local/lib/python3.9/site-packages/airflow/example_dags/example_branch_operator.py took 0.166 seconds
[2025-12-11T23:26:16.935+0000] {processor.py:161} INFO - Started process (PID=4575) to work on /home/airflow/.local/lib/python3.9/site-packages/airflow/example_dags/example_branch_operator.py
[2025-12-11T23:26:16.946+0000] {processor.py:830} INFO - Processing file /home/airflow/.local/lib/python3.9/site-packages/airflow/example_dags/example_branch_operator.py for tasks to queue
[2025-12-11T23:26:16.949+0000] {logging_mixin.py:188} INFO - [2025-12-11T23:26:16.948+0000] {dagbag.py:545} INFO - Filling up the DagBag from /home/airflow/.local/lib/python3.9/site-packages/airflow/example_dags/example_branch_operator.py
[2025-12-11T23:26:16.973+0000] {processor.py:840} INFO - DAG(s) 'example_branch_operator' retrieved from /home/airflow/.local/lib/python3.9/site-packages/airflow/example_dags/example_branch_operator.py
[2025-12-11T23:26:17.017+0000] {logging_mixin.py:188} INFO - [2025-12-11T23:26:17.016+0000] {dag.py:3096} INFO - Sync 1 DAGs
[2025-12-11T23:26:17.058+0000] {logging_mixin.py:188} INFO - [2025-12-11T23:26:17.057+0000] {dag.py:3954} INFO - Setting next_dagrun for example_branch_operator to 2025-12-10 00:00:00+00:00, run_after=2025-12-11 00:00:00+00:00
[2025-12-11T23:26:17.214+0000] {processor.py:183} INFO - Processing /home/airflow/.local/lib/python3.9/site-packages/airflow/example_dags/example_branch_operator.py took 0.292 seconds
[2025-12-11T23:26:47.972+0000] {processor.py:161} INFO - Started process (PID=4647) to work on /home/airflow/.local/lib/python3.9/site-packages/airflow/example_dags/example_branch_operator.py
[2025-12-11T23:26:47.975+0000] {processor.py:830} INFO - Processing file /home/airflow/.local/lib/python3.9/site-packages/airflow/example_dags/example_branch_operator.py for tasks to queue
[2025-12-11T23:26:47.978+0000] {logging_mixin.py:188} INFO - [2025-12-11T23:26:47.978+0000] {dagbag.py:545} INFO - Filling up the DagBag from /home/airflow/.local/lib/python3.9/site-packages/airflow/example_dags/example_branch_operator.py
[2025-12-11T23:26:48.019+0000] {processor.py:840} INFO - DAG(s) 'example_branch_operator' retrieved from /home/airflow/.local/lib/python3.9/site-packages/airflow/example_dags/example_branch_operator.py
[2025-12-11T23:26:48.098+0000] {logging_mixin.py:188} INFO - [2025-12-11T23:26:48.097+0000] {dag.py:3096} INFO - Sync 1 DAGs
[2025-12-11T23:26:48.155+0000] {logging_mixin.py:188} INFO - [2025-12-11T23:26:48.155+0000] {dag.py:3954} INFO - Setting next_dagrun for example_branch_operator to 2025-12-10 00:00:00+00:00, run_after=2025-12-11 00:00:00+00:00
[2025-12-11T23:26:48.203+0000] {processor.py:183} INFO - Processing /home/airflow/.local/lib/python3.9/site-packages/airflow/example_dags/example_branch_operator.py took 0.268 seconds
[2025-12-11T23:27:18.615+0000] {processor.py:161} INFO - Started process (PID=4714) to work on /home/airflow/.local/lib/python3.9/site-packages/airflow/example_dags/example_branch_operator.py
[2025-12-11T23:27:18.624+0000] {processor.py:830} INFO - Processing file /home/airflow/.local/lib/python3.9/site-packages/airflow/example_dags/example_branch_operator.py for tasks to queue
[2025-12-11T23:27:18.627+0000] {logging_mixin.py:188} INFO - [2025-12-11T23:27:18.627+0000] {dagbag.py:545} INFO - Filling up the DagBag from /home/airflow/.local/lib/python3.9/site-packages/airflow/example_dags/example_branch_operator.py
[2025-12-11T23:27:18.653+0000] {processor.py:840} INFO - DAG(s) 'example_branch_operator' retrieved from /home/airflow/.local/lib/python3.9/site-packages/airflow/example_dags/example_branch_operator.py
[2025-12-11T23:27:18.702+0000] {logging_mixin.py:188} INFO - [2025-12-11T23:27:18.702+0000] {dag.py:3096} INFO - Sync 1 DAGs
[2025-12-11T23:27:18.739+0000] {logging_mixin.py:188} INFO - [2025-12-11T23:27:18.738+0000] {dag.py:3954} INFO - Setting next_dagrun for example_branch_operator to 2025-12-10 00:00:00+00:00, run_after=2025-12-11 00:00:00+00:00
[2025-12-11T23:27:18.769+0000] {processor.py:183} INFO - Processing /home/airflow/.local/lib/python3.9/site-packages/airflow/example_dags/example_branch_operator.py took 0.166 seconds
[2025-12-11T23:27:49.099+0000] {processor.py:161} INFO - Started process (PID=4781) to work on /home/airflow/.local/lib/python3.9/site-packages/airflow/example_dags/example_branch_operator.py
[2025-12-11T23:27:49.101+0000] {processor.py:830} INFO - Processing file /home/airflow/.local/lib/python3.9/site-packages/airflow/example_dags/example_branch_operator.py for tasks to queue
[2025-12-11T23:27:49.103+0000] {logging_mixin.py:188} INFO - [2025-12-11T23:27:49.103+0000] {dagbag.py:545} INFO - Filling up the DagBag from /home/airflow/.local/lib/python3.9/site-packages/airflow/example_dags/example_branch_operator.py
[2025-12-11T23:27:49.127+0000] {processor.py:840} INFO - DAG(s) 'example_branch_operator' retrieved from /home/airflow/.local/lib/python3.9/site-packages/airflow/example_dags/example_branch_operator.py
[2025-12-11T23:27:49.170+0000] {logging_mixin.py:188} INFO - [2025-12-11T23:27:49.169+0000] {dag.py:3096} INFO - Sync 1 DAGs
[2025-12-11T23:27:49.209+0000] {logging_mixin.py:188} INFO - [2025-12-11T23:27:49.208+0000] {dag.py:3954} INFO - Setting next_dagrun for example_branch_operator to 2025-12-10 00:00:00+00:00, run_after=2025-12-11 00:00:00+00:00
[2025-12-11T23:27:49.237+0000] {processor.py:183} INFO - Processing /home/airflow/.local/lib/python3.9/site-packages/airflow/example_dags/example_branch_operator.py took 0.150 seconds
[2025-12-11T23:28:20.112+0000] {processor.py:161} INFO - Started process (PID=4847) to work on /home/airflow/.local/lib/python3.9/site-packages/airflow/example_dags/example_branch_operator.py
[2025-12-11T23:28:20.114+0000] {processor.py:830} INFO - Processing file /home/airflow/.local/lib/python3.9/site-packages/airflow/example_dags/example_branch_operator.py for tasks to queue
[2025-12-11T23:28:20.116+0000] {logging_mixin.py:188} INFO - [2025-12-11T23:28:20.116+0000] {dagbag.py:545} INFO - Filling up the DagBag from /home/airflow/.local/lib/python3.9/site-packages/airflow/example_dags/example_branch_operator.py
[2025-12-11T23:28:20.170+0000] {processor.py:840} INFO - DAG(s) 'example_branch_operator' retrieved from /home/airflow/.local/lib/python3.9/site-packages/airflow/example_dags/example_branch_operator.py
[2025-12-11T23:28:20.239+0000] {logging_mixin.py:188} INFO - [2025-12-11T23:28:20.238+0000] {dag.py:3096} INFO - Sync 1 DAGs
[2025-12-11T23:28:20.323+0000] {logging_mixin.py:188} INFO - [2025-12-11T23:28:20.323+0000] {dag.py:3954} INFO - Setting next_dagrun for example_branch_operator to 2025-12-10 00:00:00+00:00, run_after=2025-12-11 00:00:00+00:00
[2025-12-11T23:28:20.400+0000] {processor.py:183} INFO - Processing /home/airflow/.local/lib/python3.9/site-packages/airflow/example_dags/example_branch_operator.py took 0.307 seconds
[2025-12-11T23:28:51.174+0000] {processor.py:161} INFO - Started process (PID=4914) to work on /home/airflow/.local/lib/python3.9/site-packages/airflow/example_dags/example_branch_operator.py
[2025-12-11T23:28:51.178+0000] {processor.py:830} INFO - Processing file /home/airflow/.local/lib/python3.9/site-packages/airflow/example_dags/example_branch_operator.py for tasks to queue
[2025-12-11T23:28:51.196+0000] {logging_mixin.py:188} INFO - [2025-12-11T23:28:51.195+0000] {dagbag.py:545} INFO - Filling up the DagBag from /home/airflow/.local/lib/python3.9/site-packages/airflow/example_dags/example_branch_operator.py
[2025-12-11T23:28:51.276+0000] {processor.py:840} INFO - DAG(s) 'example_branch_operator' retrieved from /home/airflow/.local/lib/python3.9/site-packages/airflow/example_dags/example_branch_operator.py
[2025-12-11T23:28:51.365+0000] {logging_mixin.py:188} INFO - [2025-12-11T23:28:51.365+0000] {dag.py:3096} INFO - Sync 1 DAGs
[2025-12-11T23:28:51.411+0000] {logging_mixin.py:188} INFO - [2025-12-11T23:28:51.410+0000] {dag.py:3954} INFO - Setting next_dagrun for example_branch_operator to 2025-12-10 00:00:00+00:00, run_after=2025-12-11 00:00:00+00:00
[2025-12-11T23:28:51.555+0000] {processor.py:183} INFO - Processing /home/airflow/.local/lib/python3.9/site-packages/airflow/example_dags/example_branch_operator.py took 0.421 seconds
[2025-12-11T23:29:22.203+0000] {processor.py:161} INFO - Started process (PID=4981) to work on /home/airflow/.local/lib/python3.9/site-packages/airflow/example_dags/example_branch_operator.py
[2025-12-11T23:29:22.205+0000] {processor.py:830} INFO - Processing file /home/airflow/.local/lib/python3.9/site-packages/airflow/example_dags/example_branch_operator.py for tasks to queue
[2025-12-11T23:29:22.207+0000] {logging_mixin.py:188} INFO - [2025-12-11T23:29:22.207+0000] {dagbag.py:545} INFO - Filling up the DagBag from /home/airflow/.local/lib/python3.9/site-packages/airflow/example_dags/example_branch_operator.py
[2025-12-11T23:29:22.231+0000] {processor.py:840} INFO - DAG(s) 'example_branch_operator' retrieved from /home/airflow/.local/lib/python3.9/site-packages/airflow/example_dags/example_branch_operator.py
[2025-12-11T23:29:22.285+0000] {logging_mixin.py:188} INFO - [2025-12-11T23:29:22.285+0000] {dag.py:3096} INFO - Sync 1 DAGs
[2025-12-11T23:29:22.336+0000] {logging_mixin.py:188} INFO - [2025-12-11T23:29:22.336+0000] {dag.py:3954} INFO - Setting next_dagrun for example_branch_operator to 2025-12-10 00:00:00+00:00, run_after=2025-12-11 00:00:00+00:00
[2025-12-11T23:29:22.363+0000] {processor.py:183} INFO - Processing /home/airflow/.local/lib/python3.9/site-packages/airflow/example_dags/example_branch_operator.py took 0.171 seconds
[2025-12-11T23:29:52.450+0000] {processor.py:161} INFO - Started process (PID=5048) to work on /home/airflow/.local/lib/python3.9/site-packages/airflow/example_dags/example_branch_operator.py
[2025-12-11T23:29:52.451+0000] {processor.py:830} INFO - Processing file /home/airflow/.local/lib/python3.9/site-packages/airflow/example_dags/example_branch_operator.py for tasks to queue
[2025-12-11T23:29:52.454+0000] {logging_mixin.py:188} INFO - [2025-12-11T23:29:52.454+0000] {dagbag.py:545} INFO - Filling up the DagBag from /home/airflow/.local/lib/python3.9/site-packages/airflow/example_dags/example_branch_operator.py
[2025-12-11T23:29:52.479+0000] {processor.py:840} INFO - DAG(s) 'example_branch_operator' retrieved from /home/airflow/.local/lib/python3.9/site-packages/airflow/example_dags/example_branch_operator.py
[2025-12-11T23:29:52.533+0000] {logging_mixin.py:188} INFO - [2025-12-11T23:29:52.532+0000] {dag.py:3096} INFO - Sync 1 DAGs
[2025-12-11T23:29:52.574+0000] {logging_mixin.py:188} INFO - [2025-12-11T23:29:52.574+0000] {dag.py:3954} INFO - Setting next_dagrun for example_branch_operator to 2025-12-10 00:00:00+00:00, run_after=2025-12-11 00:00:00+00:00
[2025-12-11T23:29:52.600+0000] {processor.py:183} INFO - Processing /home/airflow/.local/lib/python3.9/site-packages/airflow/example_dags/example_branch_operator.py took 0.160 seconds
[2025-12-11T23:30:23.150+0000] {processor.py:161} INFO - Started process (PID=5122) to work on /home/airflow/.local/lib/python3.9/site-packages/airflow/example_dags/example_branch_operator.py
[2025-12-11T23:30:23.152+0000] {processor.py:830} INFO - Processing file /home/airflow/.local/lib/python3.9/site-packages/airflow/example_dags/example_branch_operator.py for tasks to queue
[2025-12-11T23:30:23.155+0000] {logging_mixin.py:188} INFO - [2025-12-11T23:30:23.154+0000] {dagbag.py:545} INFO - Filling up the DagBag from /home/airflow/.local/lib/python3.9/site-packages/airflow/example_dags/example_branch_operator.py
[2025-12-11T23:30:23.194+0000] {processor.py:840} INFO - DAG(s) 'example_branch_operator' retrieved from /home/airflow/.local/lib/python3.9/site-packages/airflow/example_dags/example_branch_operator.py
[2025-12-11T23:30:23.299+0000] {logging_mixin.py:188} INFO - [2025-12-11T23:30:23.298+0000] {dag.py:3096} INFO - Sync 1 DAGs
[2025-12-11T23:30:23.377+0000] {logging_mixin.py:188} INFO - [2025-12-11T23:30:23.377+0000] {dag.py:3954} INFO - Setting next_dagrun for example_branch_operator to 2025-12-10 00:00:00+00:00, run_after=2025-12-11 00:00:00+00:00
[2025-12-11T23:30:23.435+0000] {processor.py:183} INFO - Processing /home/airflow/.local/lib/python3.9/site-packages/airflow/example_dags/example_branch_operator.py took 0.305 seconds
[2025-12-11T23:30:53.602+0000] {processor.py:161} INFO - Started process (PID=5189) to work on /home/airflow/.local/lib/python3.9/site-packages/airflow/example_dags/example_branch_operator.py
[2025-12-11T23:30:53.633+0000] {processor.py:830} INFO - Processing file /home/airflow/.local/lib/python3.9/site-packages/airflow/example_dags/example_branch_operator.py for tasks to queue
[2025-12-11T23:30:53.636+0000] {logging_mixin.py:188} INFO - [2025-12-11T23:30:53.635+0000] {dagbag.py:545} INFO - Filling up the DagBag from /home/airflow/.local/lib/python3.9/site-packages/airflow/example_dags/example_branch_operator.py
[2025-12-11T23:30:53.671+0000] {processor.py:840} INFO - DAG(s) 'example_branch_operator' retrieved from /home/airflow/.local/lib/python3.9/site-packages/airflow/example_dags/example_branch_operator.py
[2025-12-11T23:30:53.739+0000] {logging_mixin.py:188} INFO - [2025-12-11T23:30:53.739+0000] {dag.py:3096} INFO - Sync 1 DAGs
[2025-12-11T23:30:53.812+0000] {logging_mixin.py:188} INFO - [2025-12-11T23:30:53.811+0000] {dag.py:3954} INFO - Setting next_dagrun for example_branch_operator to 2025-12-10 00:00:00+00:00, run_after=2025-12-11 00:00:00+00:00
[2025-12-11T23:30:53.873+0000] {processor.py:183} INFO - Processing /home/airflow/.local/lib/python3.9/site-packages/airflow/example_dags/example_branch_operator.py took 0.281 seconds
[2025-12-11T23:31:24.681+0000] {processor.py:161} INFO - Started process (PID=5256) to work on /home/airflow/.local/lib/python3.9/site-packages/airflow/example_dags/example_branch_operator.py
[2025-12-11T23:31:24.692+0000] {processor.py:830} INFO - Processing file /home/airflow/.local/lib/python3.9/site-packages/airflow/example_dags/example_branch_operator.py for tasks to queue
[2025-12-11T23:31:24.696+0000] {logging_mixin.py:188} INFO - [2025-12-11T23:31:24.695+0000] {dagbag.py:545} INFO - Filling up the DagBag from /home/airflow/.local/lib/python3.9/site-packages/airflow/example_dags/example_branch_operator.py
[2025-12-11T23:31:24.741+0000] {processor.py:840} INFO - DAG(s) 'example_branch_operator' retrieved from /home/airflow/.local/lib/python3.9/site-packages/airflow/example_dags/example_branch_operator.py
[2025-12-11T23:31:24.817+0000] {logging_mixin.py:188} INFO - [2025-12-11T23:31:24.817+0000] {dag.py:3096} INFO - Sync 1 DAGs
[2025-12-11T23:31:24.876+0000] {logging_mixin.py:188} INFO - [2025-12-11T23:31:24.875+0000] {dag.py:3954} INFO - Setting next_dagrun for example_branch_operator to 2025-12-10 00:00:00+00:00, run_after=2025-12-11 00:00:00+00:00
[2025-12-11T23:31:25.175+0000] {processor.py:183} INFO - Processing /home/airflow/.local/lib/python3.9/site-packages/airflow/example_dags/example_branch_operator.py took 0.516 seconds
[2025-12-11T23:31:55.266+0000] {processor.py:161} INFO - Started process (PID=5323) to work on /home/airflow/.local/lib/python3.9/site-packages/airflow/example_dags/example_branch_operator.py
[2025-12-11T23:31:55.272+0000] {processor.py:830} INFO - Processing file /home/airflow/.local/lib/python3.9/site-packages/airflow/example_dags/example_branch_operator.py for tasks to queue
[2025-12-11T23:31:55.275+0000] {logging_mixin.py:188} INFO - [2025-12-11T23:31:55.275+0000] {dagbag.py:545} INFO - Filling up the DagBag from /home/airflow/.local/lib/python3.9/site-packages/airflow/example_dags/example_branch_operator.py
[2025-12-11T23:31:55.301+0000] {processor.py:840} INFO - DAG(s) 'example_branch_operator' retrieved from /home/airflow/.local/lib/python3.9/site-packages/airflow/example_dags/example_branch_operator.py
[2025-12-11T23:31:55.401+0000] {logging_mixin.py:188} INFO - [2025-12-11T23:31:55.401+0000] {dag.py:3096} INFO - Sync 1 DAGs
[2025-12-11T23:31:55.474+0000] {logging_mixin.py:188} INFO - [2025-12-11T23:31:55.473+0000] {dag.py:3954} INFO - Setting next_dagrun for example_branch_operator to 2025-12-10 00:00:00+00:00, run_after=2025-12-11 00:00:00+00:00
[2025-12-11T23:31:55.520+0000] {processor.py:183} INFO - Processing /home/airflow/.local/lib/python3.9/site-packages/airflow/example_dags/example_branch_operator.py took 0.265 seconds
[2025-12-11T23:32:25.625+0000] {processor.py:161} INFO - Started process (PID=5390) to work on /home/airflow/.local/lib/python3.9/site-packages/airflow/example_dags/example_branch_operator.py
[2025-12-11T23:32:25.626+0000] {processor.py:830} INFO - Processing file /home/airflow/.local/lib/python3.9/site-packages/airflow/example_dags/example_branch_operator.py for tasks to queue
[2025-12-11T23:32:25.630+0000] {logging_mixin.py:188} INFO - [2025-12-11T23:32:25.629+0000] {dagbag.py:545} INFO - Filling up the DagBag from /home/airflow/.local/lib/python3.9/site-packages/airflow/example_dags/example_branch_operator.py
[2025-12-11T23:32:25.657+0000] {processor.py:840} INFO - DAG(s) 'example_branch_operator' retrieved from /home/airflow/.local/lib/python3.9/site-packages/airflow/example_dags/example_branch_operator.py
[2025-12-11T23:32:25.729+0000] {logging_mixin.py:188} INFO - [2025-12-11T23:32:25.722+0000] {dag.py:3096} INFO - Sync 1 DAGs
[2025-12-11T23:32:25.796+0000] {logging_mixin.py:188} INFO - [2025-12-11T23:32:25.796+0000] {dag.py:3954} INFO - Setting next_dagrun for example_branch_operator to 2025-12-10 00:00:00+00:00, run_after=2025-12-11 00:00:00+00:00
[2025-12-11T23:32:25.832+0000] {processor.py:183} INFO - Processing /home/airflow/.local/lib/python3.9/site-packages/airflow/example_dags/example_branch_operator.py took 0.218 seconds
[2025-12-11T23:32:56.075+0000] {processor.py:161} INFO - Started process (PID=5457) to work on /home/airflow/.local/lib/python3.9/site-packages/airflow/example_dags/example_branch_operator.py
[2025-12-11T23:32:56.077+0000] {processor.py:830} INFO - Processing file /home/airflow/.local/lib/python3.9/site-packages/airflow/example_dags/example_branch_operator.py for tasks to queue
[2025-12-11T23:32:56.092+0000] {logging_mixin.py:188} INFO - [2025-12-11T23:32:56.092+0000] {dagbag.py:545} INFO - Filling up the DagBag from /home/airflow/.local/lib/python3.9/site-packages/airflow/example_dags/example_branch_operator.py
[2025-12-11T23:32:56.154+0000] {processor.py:840} INFO - DAG(s) 'example_branch_operator' retrieved from /home/airflow/.local/lib/python3.9/site-packages/airflow/example_dags/example_branch_operator.py
[2025-12-11T23:32:56.275+0000] {logging_mixin.py:188} INFO - [2025-12-11T23:32:56.274+0000] {dag.py:3096} INFO - Sync 1 DAGs
[2025-12-11T23:32:56.330+0000] {logging_mixin.py:188} INFO - [2025-12-11T23:32:56.330+0000] {dag.py:3954} INFO - Setting next_dagrun for example_branch_operator to 2025-12-10 00:00:00+00:00, run_after=2025-12-11 00:00:00+00:00
[2025-12-11T23:32:56.372+0000] {processor.py:183} INFO - Processing /home/airflow/.local/lib/python3.9/site-packages/airflow/example_dags/example_branch_operator.py took 0.332 seconds
[2025-12-11T23:33:26.619+0000] {processor.py:161} INFO - Started process (PID=5524) to work on /home/airflow/.local/lib/python3.9/site-packages/airflow/example_dags/example_branch_operator.py
[2025-12-11T23:33:26.621+0000] {processor.py:830} INFO - Processing file /home/airflow/.local/lib/python3.9/site-packages/airflow/example_dags/example_branch_operator.py for tasks to queue
[2025-12-11T23:33:26.624+0000] {logging_mixin.py:188} INFO - [2025-12-11T23:33:26.624+0000] {dagbag.py:545} INFO - Filling up the DagBag from /home/airflow/.local/lib/python3.9/site-packages/airflow/example_dags/example_branch_operator.py
[2025-12-11T23:33:26.655+0000] {processor.py:840} INFO - DAG(s) 'example_branch_operator' retrieved from /home/airflow/.local/lib/python3.9/site-packages/airflow/example_dags/example_branch_operator.py
[2025-12-11T23:33:26.701+0000] {logging_mixin.py:188} INFO - [2025-12-11T23:33:26.700+0000] {dag.py:3096} INFO - Sync 1 DAGs
[2025-12-11T23:33:26.742+0000] {logging_mixin.py:188} INFO - [2025-12-11T23:33:26.741+0000] {dag.py:3954} INFO - Setting next_dagrun for example_branch_operator to 2025-12-10 00:00:00+00:00, run_after=2025-12-11 00:00:00+00:00
[2025-12-11T23:33:26.767+0000] {processor.py:183} INFO - Processing /home/airflow/.local/lib/python3.9/site-packages/airflow/example_dags/example_branch_operator.py took 0.167 seconds
[2025-12-11T23:33:57.294+0000] {processor.py:161} INFO - Started process (PID=5591) to work on /home/airflow/.local/lib/python3.9/site-packages/airflow/example_dags/example_branch_operator.py
[2025-12-11T23:33:57.296+0000] {processor.py:830} INFO - Processing file /home/airflow/.local/lib/python3.9/site-packages/airflow/example_dags/example_branch_operator.py for tasks to queue
[2025-12-11T23:33:57.299+0000] {logging_mixin.py:188} INFO - [2025-12-11T23:33:57.299+0000] {dagbag.py:545} INFO - Filling up the DagBag from /home/airflow/.local/lib/python3.9/site-packages/airflow/example_dags/example_branch_operator.py
[2025-12-11T23:33:57.324+0000] {processor.py:840} INFO - DAG(s) 'example_branch_operator' retrieved from /home/airflow/.local/lib/python3.9/site-packages/airflow/example_dags/example_branch_operator.py
[2025-12-11T23:33:57.399+0000] {logging_mixin.py:188} INFO - [2025-12-11T23:33:57.399+0000] {dag.py:3096} INFO - Sync 1 DAGs
[2025-12-11T23:33:57.454+0000] {logging_mixin.py:188} INFO - [2025-12-11T23:33:57.454+0000] {dag.py:3954} INFO - Setting next_dagrun for example_branch_operator to 2025-12-10 00:00:00+00:00, run_after=2025-12-11 00:00:00+00:00
[2025-12-11T23:33:57.489+0000] {processor.py:183} INFO - Processing /home/airflow/.local/lib/python3.9/site-packages/airflow/example_dags/example_branch_operator.py took 0.210 seconds
[2025-12-11T23:34:27.600+0000] {processor.py:161} INFO - Started process (PID=5658) to work on /home/airflow/.local/lib/python3.9/site-packages/airflow/example_dags/example_branch_operator.py
[2025-12-11T23:34:27.608+0000] {processor.py:830} INFO - Processing file /home/airflow/.local/lib/python3.9/site-packages/airflow/example_dags/example_branch_operator.py for tasks to queue
[2025-12-11T23:34:27.611+0000] {logging_mixin.py:188} INFO - [2025-12-11T23:34:27.610+0000] {dagbag.py:545} INFO - Filling up the DagBag from /home/airflow/.local/lib/python3.9/site-packages/airflow/example_dags/example_branch_operator.py
[2025-12-11T23:34:27.636+0000] {processor.py:840} INFO - DAG(s) 'example_branch_operator' retrieved from /home/airflow/.local/lib/python3.9/site-packages/airflow/example_dags/example_branch_operator.py
[2025-12-11T23:34:27.685+0000] {logging_mixin.py:188} INFO - [2025-12-11T23:34:27.684+0000] {dag.py:3096} INFO - Sync 1 DAGs
[2025-12-11T23:34:27.724+0000] {logging_mixin.py:188} INFO - [2025-12-11T23:34:27.724+0000] {dag.py:3954} INFO - Setting next_dagrun for example_branch_operator to 2025-12-10 00:00:00+00:00, run_after=2025-12-11 00:00:00+00:00
[2025-12-11T23:34:27.754+0000] {processor.py:183} INFO - Processing /home/airflow/.local/lib/python3.9/site-packages/airflow/example_dags/example_branch_operator.py took 0.168 seconds
[2025-12-11T23:34:58.088+0000] {processor.py:161} INFO - Started process (PID=5725) to work on /home/airflow/.local/lib/python3.9/site-packages/airflow/example_dags/example_branch_operator.py
[2025-12-11T23:34:58.089+0000] {processor.py:830} INFO - Processing file /home/airflow/.local/lib/python3.9/site-packages/airflow/example_dags/example_branch_operator.py for tasks to queue
[2025-12-11T23:34:58.092+0000] {logging_mixin.py:188} INFO - [2025-12-11T23:34:58.091+0000] {dagbag.py:545} INFO - Filling up the DagBag from /home/airflow/.local/lib/python3.9/site-packages/airflow/example_dags/example_branch_operator.py
[2025-12-11T23:34:58.117+0000] {processor.py:840} INFO - DAG(s) 'example_branch_operator' retrieved from /home/airflow/.local/lib/python3.9/site-packages/airflow/example_dags/example_branch_operator.py
[2025-12-11T23:34:58.163+0000] {logging_mixin.py:188} INFO - [2025-12-11T23:34:58.162+0000] {dag.py:3096} INFO - Sync 1 DAGs
[2025-12-11T23:34:58.201+0000] {logging_mixin.py:188} INFO - [2025-12-11T23:34:58.200+0000] {dag.py:3954} INFO - Setting next_dagrun for example_branch_operator to 2025-12-10 00:00:00+00:00, run_after=2025-12-11 00:00:00+00:00
[2025-12-11T23:34:58.226+0000] {processor.py:183} INFO - Processing /home/airflow/.local/lib/python3.9/site-packages/airflow/example_dags/example_branch_operator.py took 0.148 seconds
[2025-12-11T23:35:28.387+0000] {processor.py:161} INFO - Started process (PID=5791) to work on /home/airflow/.local/lib/python3.9/site-packages/airflow/example_dags/example_branch_operator.py
[2025-12-11T23:35:28.439+0000] {processor.py:830} INFO - Processing file /home/airflow/.local/lib/python3.9/site-packages/airflow/example_dags/example_branch_operator.py for tasks to queue
[2025-12-11T23:35:28.445+0000] {logging_mixin.py:188} INFO - [2025-12-11T23:35:28.444+0000] {dagbag.py:545} INFO - Filling up the DagBag from /home/airflow/.local/lib/python3.9/site-packages/airflow/example_dags/example_branch_operator.py
[2025-12-11T23:35:28.476+0000] {processor.py:840} INFO - DAG(s) 'example_branch_operator' retrieved from /home/airflow/.local/lib/python3.9/site-packages/airflow/example_dags/example_branch_operator.py
[2025-12-11T23:35:28.540+0000] {logging_mixin.py:188} INFO - [2025-12-11T23:35:28.539+0000] {dag.py:3096} INFO - Sync 1 DAGs
[2025-12-11T23:35:28.629+0000] {logging_mixin.py:188} INFO - [2025-12-11T23:35:28.629+0000] {dag.py:3954} INFO - Setting next_dagrun for example_branch_operator to 2025-12-10 00:00:00+00:00, run_after=2025-12-11 00:00:00+00:00
[2025-12-11T23:35:28.705+0000] {processor.py:183} INFO - Processing /home/airflow/.local/lib/python3.9/site-packages/airflow/example_dags/example_branch_operator.py took 0.328 seconds
[2025-12-11T23:35:58.853+0000] {processor.py:161} INFO - Started process (PID=5858) to work on /home/airflow/.local/lib/python3.9/site-packages/airflow/example_dags/example_branch_operator.py
[2025-12-11T23:35:58.854+0000] {processor.py:830} INFO - Processing file /home/airflow/.local/lib/python3.9/site-packages/airflow/example_dags/example_branch_operator.py for tasks to queue
[2025-12-11T23:35:58.857+0000] {logging_mixin.py:188} INFO - [2025-12-11T23:35:58.856+0000] {dagbag.py:545} INFO - Filling up the DagBag from /home/airflow/.local/lib/python3.9/site-packages/airflow/example_dags/example_branch_operator.py
[2025-12-11T23:35:58.884+0000] {processor.py:840} INFO - DAG(s) 'example_branch_operator' retrieved from /home/airflow/.local/lib/python3.9/site-packages/airflow/example_dags/example_branch_operator.py
[2025-12-11T23:35:58.932+0000] {logging_mixin.py:188} INFO - [2025-12-11T23:35:58.932+0000] {dag.py:3096} INFO - Sync 1 DAGs
[2025-12-11T23:35:58.975+0000] {logging_mixin.py:188} INFO - [2025-12-11T23:35:58.975+0000] {dag.py:3954} INFO - Setting next_dagrun for example_branch_operator to 2025-12-10 00:00:00+00:00, run_after=2025-12-11 00:00:00+00:00
[2025-12-11T23:35:59.021+0000] {processor.py:183} INFO - Processing /home/airflow/.local/lib/python3.9/site-packages/airflow/example_dags/example_branch_operator.py took 0.180 seconds
[2025-12-11T23:36:29.685+0000] {processor.py:161} INFO - Started process (PID=5925) to work on /home/airflow/.local/lib/python3.9/site-packages/airflow/example_dags/example_branch_operator.py
[2025-12-11T23:36:29.689+0000] {processor.py:830} INFO - Processing file /home/airflow/.local/lib/python3.9/site-packages/airflow/example_dags/example_branch_operator.py for tasks to queue
[2025-12-11T23:36:29.693+0000] {logging_mixin.py:188} INFO - [2025-12-11T23:36:29.692+0000] {dagbag.py:545} INFO - Filling up the DagBag from /home/airflow/.local/lib/python3.9/site-packages/airflow/example_dags/example_branch_operator.py
[2025-12-11T23:36:29.728+0000] {processor.py:840} INFO - DAG(s) 'example_branch_operator' retrieved from /home/airflow/.local/lib/python3.9/site-packages/airflow/example_dags/example_branch_operator.py
[2025-12-11T23:36:29.801+0000] {logging_mixin.py:188} INFO - [2025-12-11T23:36:29.801+0000] {dag.py:3096} INFO - Sync 1 DAGs
[2025-12-11T23:36:29.860+0000] {logging_mixin.py:188} INFO - [2025-12-11T23:36:29.860+0000] {dag.py:3954} INFO - Setting next_dagrun for example_branch_operator to 2025-12-10 00:00:00+00:00, run_after=2025-12-11 00:00:00+00:00
[2025-12-11T23:36:29.906+0000] {processor.py:183} INFO - Processing /home/airflow/.local/lib/python3.9/site-packages/airflow/example_dags/example_branch_operator.py took 0.232 seconds
[2025-12-11T23:37:00.334+0000] {processor.py:161} INFO - Started process (PID=5993) to work on /home/airflow/.local/lib/python3.9/site-packages/airflow/example_dags/example_branch_operator.py
[2025-12-11T23:37:00.336+0000] {processor.py:830} INFO - Processing file /home/airflow/.local/lib/python3.9/site-packages/airflow/example_dags/example_branch_operator.py for tasks to queue
[2025-12-11T23:37:00.338+0000] {logging_mixin.py:188} INFO - [2025-12-11T23:37:00.338+0000] {dagbag.py:545} INFO - Filling up the DagBag from /home/airflow/.local/lib/python3.9/site-packages/airflow/example_dags/example_branch_operator.py
[2025-12-11T23:37:00.364+0000] {processor.py:840} INFO - DAG(s) 'example_branch_operator' retrieved from /home/airflow/.local/lib/python3.9/site-packages/airflow/example_dags/example_branch_operator.py
[2025-12-11T23:37:00.410+0000] {logging_mixin.py:188} INFO - [2025-12-11T23:37:00.409+0000] {dag.py:3096} INFO - Sync 1 DAGs
[2025-12-11T23:37:00.471+0000] {logging_mixin.py:188} INFO - [2025-12-11T23:37:00.470+0000] {dag.py:3954} INFO - Setting next_dagrun for example_branch_operator to 2025-12-10 00:00:00+00:00, run_after=2025-12-11 00:00:00+00:00
[2025-12-11T23:37:00.506+0000] {processor.py:183} INFO - Processing /home/airflow/.local/lib/python3.9/site-packages/airflow/example_dags/example_branch_operator.py took 0.186 seconds
[2025-12-11T23:37:30.794+0000] {processor.py:161} INFO - Started process (PID=6060) to work on /home/airflow/.local/lib/python3.9/site-packages/airflow/example_dags/example_branch_operator.py
[2025-12-11T23:37:30.795+0000] {processor.py:830} INFO - Processing file /home/airflow/.local/lib/python3.9/site-packages/airflow/example_dags/example_branch_operator.py for tasks to queue
[2025-12-11T23:37:30.798+0000] {logging_mixin.py:188} INFO - [2025-12-11T23:37:30.797+0000] {dagbag.py:545} INFO - Filling up the DagBag from /home/airflow/.local/lib/python3.9/site-packages/airflow/example_dags/example_branch_operator.py
[2025-12-11T23:37:30.824+0000] {processor.py:840} INFO - DAG(s) 'example_branch_operator' retrieved from /home/airflow/.local/lib/python3.9/site-packages/airflow/example_dags/example_branch_operator.py
[2025-12-11T23:37:30.871+0000] {logging_mixin.py:188} INFO - [2025-12-11T23:37:30.870+0000] {dag.py:3096} INFO - Sync 1 DAGs
[2025-12-11T23:37:30.905+0000] {logging_mixin.py:188} INFO - [2025-12-11T23:37:30.905+0000] {dag.py:3954} INFO - Setting next_dagrun for example_branch_operator to 2025-12-10 00:00:00+00:00, run_after=2025-12-11 00:00:00+00:00
[2025-12-11T23:37:30.937+0000] {processor.py:183} INFO - Processing /home/airflow/.local/lib/python3.9/site-packages/airflow/example_dags/example_branch_operator.py took 0.154 seconds
[2025-12-11T23:38:01.234+0000] {processor.py:161} INFO - Started process (PID=6127) to work on /home/airflow/.local/lib/python3.9/site-packages/airflow/example_dags/example_branch_operator.py
[2025-12-11T23:38:01.236+0000] {processor.py:830} INFO - Processing file /home/airflow/.local/lib/python3.9/site-packages/airflow/example_dags/example_branch_operator.py for tasks to queue
[2025-12-11T23:38:01.239+0000] {logging_mixin.py:188} INFO - [2025-12-11T23:38:01.239+0000] {dagbag.py:545} INFO - Filling up the DagBag from /home/airflow/.local/lib/python3.9/site-packages/airflow/example_dags/example_branch_operator.py
[2025-12-11T23:38:01.276+0000] {processor.py:840} INFO - DAG(s) 'example_branch_operator' retrieved from /home/airflow/.local/lib/python3.9/site-packages/airflow/example_dags/example_branch_operator.py
[2025-12-11T23:38:01.328+0000] {logging_mixin.py:188} INFO - [2025-12-11T23:38:01.328+0000] {dag.py:3096} INFO - Sync 1 DAGs
[2025-12-11T23:38:01.372+0000] {logging_mixin.py:188} INFO - [2025-12-11T23:38:01.372+0000] {dag.py:3954} INFO - Setting next_dagrun for example_branch_operator to 2025-12-10 00:00:00+00:00, run_after=2025-12-11 00:00:00+00:00
[2025-12-11T23:38:01.401+0000] {processor.py:183} INFO - Processing /home/airflow/.local/lib/python3.9/site-packages/airflow/example_dags/example_branch_operator.py took 0.184 seconds
[2025-12-11T23:38:31.924+0000] {processor.py:161} INFO - Started process (PID=6194) to work on /home/airflow/.local/lib/python3.9/site-packages/airflow/example_dags/example_branch_operator.py
[2025-12-11T23:38:31.926+0000] {processor.py:830} INFO - Processing file /home/airflow/.local/lib/python3.9/site-packages/airflow/example_dags/example_branch_operator.py for tasks to queue
[2025-12-11T23:38:31.928+0000] {logging_mixin.py:188} INFO - [2025-12-11T23:38:31.928+0000] {dagbag.py:545} INFO - Filling up the DagBag from /home/airflow/.local/lib/python3.9/site-packages/airflow/example_dags/example_branch_operator.py
[2025-12-11T23:38:31.953+0000] {processor.py:840} INFO - DAG(s) 'example_branch_operator' retrieved from /home/airflow/.local/lib/python3.9/site-packages/airflow/example_dags/example_branch_operator.py
[2025-12-11T23:38:32.002+0000] {logging_mixin.py:188} INFO - [2025-12-11T23:38:32.001+0000] {dag.py:3096} INFO - Sync 1 DAGs
[2025-12-11T23:38:32.045+0000] {logging_mixin.py:188} INFO - [2025-12-11T23:38:32.044+0000] {dag.py:3954} INFO - Setting next_dagrun for example_branch_operator to 2025-12-10 00:00:00+00:00, run_after=2025-12-11 00:00:00+00:00
[2025-12-11T23:38:32.074+0000] {processor.py:183} INFO - Processing /home/airflow/.local/lib/python3.9/site-packages/airflow/example_dags/example_branch_operator.py took 0.161 seconds
[2025-12-11T23:39:02.868+0000] {processor.py:161} INFO - Started process (PID=6261) to work on /home/airflow/.local/lib/python3.9/site-packages/airflow/example_dags/example_branch_operator.py
[2025-12-11T23:39:02.870+0000] {processor.py:830} INFO - Processing file /home/airflow/.local/lib/python3.9/site-packages/airflow/example_dags/example_branch_operator.py for tasks to queue
[2025-12-11T23:39:02.873+0000] {logging_mixin.py:188} INFO - [2025-12-11T23:39:02.873+0000] {dagbag.py:545} INFO - Filling up the DagBag from /home/airflow/.local/lib/python3.9/site-packages/airflow/example_dags/example_branch_operator.py
[2025-12-11T23:39:02.904+0000] {processor.py:840} INFO - DAG(s) 'example_branch_operator' retrieved from /home/airflow/.local/lib/python3.9/site-packages/airflow/example_dags/example_branch_operator.py
[2025-12-11T23:39:02.978+0000] {logging_mixin.py:188} INFO - [2025-12-11T23:39:02.978+0000] {dag.py:3096} INFO - Sync 1 DAGs
[2025-12-11T23:39:03.021+0000] {logging_mixin.py:188} INFO - [2025-12-11T23:39:03.021+0000] {dag.py:3954} INFO - Setting next_dagrun for example_branch_operator to 2025-12-10 00:00:00+00:00, run_after=2025-12-11 00:00:00+00:00
[2025-12-11T23:39:03.063+0000] {processor.py:183} INFO - Processing /home/airflow/.local/lib/python3.9/site-packages/airflow/example_dags/example_branch_operator.py took 0.206 seconds
[2025-12-11T23:39:33.598+0000] {processor.py:161} INFO - Started process (PID=6328) to work on /home/airflow/.local/lib/python3.9/site-packages/airflow/example_dags/example_branch_operator.py
[2025-12-11T23:39:33.600+0000] {processor.py:830} INFO - Processing file /home/airflow/.local/lib/python3.9/site-packages/airflow/example_dags/example_branch_operator.py for tasks to queue
[2025-12-11T23:39:33.604+0000] {logging_mixin.py:188} INFO - [2025-12-11T23:39:33.603+0000] {dagbag.py:545} INFO - Filling up the DagBag from /home/airflow/.local/lib/python3.9/site-packages/airflow/example_dags/example_branch_operator.py
[2025-12-11T23:39:33.644+0000] {processor.py:840} INFO - DAG(s) 'example_branch_operator' retrieved from /home/airflow/.local/lib/python3.9/site-packages/airflow/example_dags/example_branch_operator.py
[2025-12-11T23:39:33.719+0000] {logging_mixin.py:188} INFO - [2025-12-11T23:39:33.718+0000] {dag.py:3096} INFO - Sync 1 DAGs
[2025-12-11T23:39:33.784+0000] {logging_mixin.py:188} INFO - [2025-12-11T23:39:33.783+0000] {dag.py:3954} INFO - Setting next_dagrun for example_branch_operator to 2025-12-10 00:00:00+00:00, run_after=2025-12-11 00:00:00+00:00
[2025-12-11T23:39:33.827+0000] {processor.py:183} INFO - Processing /home/airflow/.local/lib/python3.9/site-packages/airflow/example_dags/example_branch_operator.py took 0.244 seconds
[2025-12-11T23:40:04.740+0000] {processor.py:161} INFO - Started process (PID=6395) to work on /home/airflow/.local/lib/python3.9/site-packages/airflow/example_dags/example_branch_operator.py
[2025-12-11T23:40:04.744+0000] {processor.py:830} INFO - Processing file /home/airflow/.local/lib/python3.9/site-packages/airflow/example_dags/example_branch_operator.py for tasks to queue
[2025-12-11T23:40:04.746+0000] {logging_mixin.py:188} INFO - [2025-12-11T23:40:04.746+0000] {dagbag.py:545} INFO - Filling up the DagBag from /home/airflow/.local/lib/python3.9/site-packages/airflow/example_dags/example_branch_operator.py
[2025-12-11T23:40:04.773+0000] {processor.py:840} INFO - DAG(s) 'example_branch_operator' retrieved from /home/airflow/.local/lib/python3.9/site-packages/airflow/example_dags/example_branch_operator.py
[2025-12-11T23:40:04.843+0000] {logging_mixin.py:188} INFO - [2025-12-11T23:40:04.842+0000] {dag.py:3096} INFO - Sync 1 DAGs
[2025-12-11T23:40:04.901+0000] {logging_mixin.py:188} INFO - [2025-12-11T23:40:04.901+0000] {dag.py:3954} INFO - Setting next_dagrun for example_branch_operator to 2025-12-10 00:00:00+00:00, run_after=2025-12-11 00:00:00+00:00
[2025-12-11T23:40:04.943+0000] {processor.py:183} INFO - Processing /home/airflow/.local/lib/python3.9/site-packages/airflow/example_dags/example_branch_operator.py took 0.219 seconds
[2025-12-11T23:40:36.358+0000] {processor.py:161} INFO - Started process (PID=6462) to work on /home/airflow/.local/lib/python3.9/site-packages/airflow/example_dags/example_branch_operator.py
[2025-12-11T23:40:36.371+0000] {processor.py:830} INFO - Processing file /home/airflow/.local/lib/python3.9/site-packages/airflow/example_dags/example_branch_operator.py for tasks to queue
[2025-12-11T23:40:36.374+0000] {logging_mixin.py:188} INFO - [2025-12-11T23:40:36.374+0000] {dagbag.py:545} INFO - Filling up the DagBag from /home/airflow/.local/lib/python3.9/site-packages/airflow/example_dags/example_branch_operator.py
[2025-12-11T23:40:36.400+0000] {processor.py:840} INFO - DAG(s) 'example_branch_operator' retrieved from /home/airflow/.local/lib/python3.9/site-packages/airflow/example_dags/example_branch_operator.py
[2025-12-11T23:40:36.447+0000] {logging_mixin.py:188} INFO - [2025-12-11T23:40:36.447+0000] {dag.py:3096} INFO - Sync 1 DAGs
[2025-12-11T23:40:36.484+0000] {logging_mixin.py:188} INFO - [2025-12-11T23:40:36.484+0000] {dag.py:3954} INFO - Setting next_dagrun for example_branch_operator to 2025-12-10 00:00:00+00:00, run_after=2025-12-11 00:00:00+00:00
[2025-12-11T23:40:36.514+0000] {processor.py:183} INFO - Processing /home/airflow/.local/lib/python3.9/site-packages/airflow/example_dags/example_branch_operator.py took 0.169 seconds
[2025-12-11T23:41:07.175+0000] {processor.py:161} INFO - Started process (PID=6529) to work on /home/airflow/.local/lib/python3.9/site-packages/airflow/example_dags/example_branch_operator.py
[2025-12-11T23:41:07.177+0000] {processor.py:830} INFO - Processing file /home/airflow/.local/lib/python3.9/site-packages/airflow/example_dags/example_branch_operator.py for tasks to queue
[2025-12-11T23:41:07.180+0000] {logging_mixin.py:188} INFO - [2025-12-11T23:41:07.180+0000] {dagbag.py:545} INFO - Filling up the DagBag from /home/airflow/.local/lib/python3.9/site-packages/airflow/example_dags/example_branch_operator.py
[2025-12-11T23:41:07.214+0000] {processor.py:840} INFO - DAG(s) 'example_branch_operator' retrieved from /home/airflow/.local/lib/python3.9/site-packages/airflow/example_dags/example_branch_operator.py
[2025-12-11T23:41:07.271+0000] {logging_mixin.py:188} INFO - [2025-12-11T23:41:07.270+0000] {dag.py:3096} INFO - Sync 1 DAGs
[2025-12-11T23:41:07.315+0000] {logging_mixin.py:188} INFO - [2025-12-11T23:41:07.314+0000] {dag.py:3954} INFO - Setting next_dagrun for example_branch_operator to 2025-12-10 00:00:00+00:00, run_after=2025-12-11 00:00:00+00:00
[2025-12-11T23:41:07.343+0000] {processor.py:183} INFO - Processing /home/airflow/.local/lib/python3.9/site-packages/airflow/example_dags/example_branch_operator.py took 0.181 seconds
[2025-12-11T23:41:38.137+0000] {processor.py:161} INFO - Started process (PID=6597) to work on /home/airflow/.local/lib/python3.9/site-packages/airflow/example_dags/example_branch_operator.py
[2025-12-11T23:41:38.139+0000] {processor.py:830} INFO - Processing file /home/airflow/.local/lib/python3.9/site-packages/airflow/example_dags/example_branch_operator.py for tasks to queue
[2025-12-11T23:41:38.141+0000] {logging_mixin.py:188} INFO - [2025-12-11T23:41:38.141+0000] {dagbag.py:545} INFO - Filling up the DagBag from /home/airflow/.local/lib/python3.9/site-packages/airflow/example_dags/example_branch_operator.py
[2025-12-11T23:41:38.179+0000] {processor.py:840} INFO - DAG(s) 'example_branch_operator' retrieved from /home/airflow/.local/lib/python3.9/site-packages/airflow/example_dags/example_branch_operator.py
[2025-12-11T23:41:38.278+0000] {logging_mixin.py:188} INFO - [2025-12-11T23:41:38.277+0000] {dag.py:3096} INFO - Sync 1 DAGs
[2025-12-11T23:41:38.340+0000] {logging_mixin.py:188} INFO - [2025-12-11T23:41:38.339+0000] {dag.py:3954} INFO - Setting next_dagrun for example_branch_operator to 2025-12-10 00:00:00+00:00, run_after=2025-12-11 00:00:00+00:00
[2025-12-11T23:41:38.396+0000] {processor.py:183} INFO - Processing /home/airflow/.local/lib/python3.9/site-packages/airflow/example_dags/example_branch_operator.py took 0.277 seconds
[2025-12-11T23:42:08.816+0000] {processor.py:161} INFO - Started process (PID=6664) to work on /home/airflow/.local/lib/python3.9/site-packages/airflow/example_dags/example_branch_operator.py
[2025-12-11T23:42:08.817+0000] {processor.py:830} INFO - Processing file /home/airflow/.local/lib/python3.9/site-packages/airflow/example_dags/example_branch_operator.py for tasks to queue
[2025-12-11T23:42:08.820+0000] {logging_mixin.py:188} INFO - [2025-12-11T23:42:08.819+0000] {dagbag.py:545} INFO - Filling up the DagBag from /home/airflow/.local/lib/python3.9/site-packages/airflow/example_dags/example_branch_operator.py
[2025-12-11T23:42:08.858+0000] {processor.py:840} INFO - DAG(s) 'example_branch_operator' retrieved from /home/airflow/.local/lib/python3.9/site-packages/airflow/example_dags/example_branch_operator.py
[2025-12-11T23:42:08.953+0000] {logging_mixin.py:188} INFO - [2025-12-11T23:42:08.953+0000] {dag.py:3096} INFO - Sync 1 DAGs
[2025-12-11T23:42:09.051+0000] {logging_mixin.py:188} INFO - [2025-12-11T23:42:09.050+0000] {dag.py:3954} INFO - Setting next_dagrun for example_branch_operator to 2025-12-10 00:00:00+00:00, run_after=2025-12-11 00:00:00+00:00
[2025-12-11T23:42:09.132+0000] {processor.py:183} INFO - Processing /home/airflow/.local/lib/python3.9/site-packages/airflow/example_dags/example_branch_operator.py took 0.334 seconds
