[2025-12-11T22:51:52.915+0000] {processor.py:161} INFO - Started process (PID=93) to work on /home/airflow/.local/lib/python3.9/site-packages/airflow/example_dags/example_dag_decorator.py
[2025-12-11T22:51:52.931+0000] {processor.py:830} INFO - Processing file /home/airflow/.local/lib/python3.9/site-packages/airflow/example_dags/example_dag_decorator.py for tasks to queue
[2025-12-11T22:51:52.934+0000] {logging_mixin.py:188} INFO - [2025-12-11T22:51:52.934+0000] {dagbag.py:545} INFO - Filling up the DagBag from /home/airflow/.local/lib/python3.9/site-packages/airflow/example_dags/example_dag_decorator.py
[2025-12-11T22:51:54.413+0000] {processor.py:840} INFO - DAG(s) 'example_dag_decorator' retrieved from /home/airflow/.local/lib/python3.9/site-packages/airflow/example_dags/example_dag_decorator.py
[2025-12-11T22:51:55.414+0000] {logging_mixin.py:188} INFO - [2025-12-11T22:51:55.413+0000] {dag.py:3096} INFO - Sync 1 DAGs
[2025-12-11T22:51:55.515+0000] {logging_mixin.py:188} INFO - [2025-12-11T22:51:55.515+0000] {dag.py:3954} INFO - Setting next_dagrun for example_dag_decorator to None, run_after=None
[2025-12-11T22:51:55.811+0000] {processor.py:183} INFO - Processing /home/airflow/.local/lib/python3.9/site-packages/airflow/example_dags/example_dag_decorator.py took 2.941 seconds
[2025-12-11T22:52:41.134+0000] {processor.py:161} INFO - Started process (PID=158) to work on /home/airflow/.local/lib/python3.9/site-packages/airflow/example_dags/example_dag_decorator.py
[2025-12-11T22:52:41.150+0000] {processor.py:830} INFO - Processing file /home/airflow/.local/lib/python3.9/site-packages/airflow/example_dags/example_dag_decorator.py for tasks to queue
[2025-12-11T22:52:41.153+0000] {logging_mixin.py:188} INFO - [2025-12-11T22:52:41.152+0000] {dagbag.py:545} INFO - Filling up the DagBag from /home/airflow/.local/lib/python3.9/site-packages/airflow/example_dags/example_dag_decorator.py
[2025-12-11T22:52:41.753+0000] {processor.py:840} INFO - DAG(s) 'example_dag_decorator' retrieved from /home/airflow/.local/lib/python3.9/site-packages/airflow/example_dags/example_dag_decorator.py
[2025-12-11T22:52:42.713+0000] {logging_mixin.py:188} INFO - [2025-12-11T22:52:42.713+0000] {dag.py:3096} INFO - Sync 1 DAGs
[2025-12-11T22:52:42.835+0000] {logging_mixin.py:188} INFO - [2025-12-11T22:52:42.835+0000] {dag.py:3954} INFO - Setting next_dagrun for example_dag_decorator to None, run_after=None
[2025-12-11T22:52:50.689+0000] {processor.py:183} INFO - Processing /home/airflow/.local/lib/python3.9/site-packages/airflow/example_dags/example_dag_decorator.py took 9.579 seconds
[2025-12-11T22:53:20.916+0000] {processor.py:161} INFO - Started process (PID=233) to work on /home/airflow/.local/lib/python3.9/site-packages/airflow/example_dags/example_dag_decorator.py
[2025-12-11T22:53:20.931+0000] {processor.py:830} INFO - Processing file /home/airflow/.local/lib/python3.9/site-packages/airflow/example_dags/example_dag_decorator.py for tasks to queue
[2025-12-11T22:53:20.935+0000] {logging_mixin.py:188} INFO - [2025-12-11T22:53:20.934+0000] {dagbag.py:545} INFO - Filling up the DagBag from /home/airflow/.local/lib/python3.9/site-packages/airflow/example_dags/example_dag_decorator.py
[2025-12-11T22:53:21.532+0000] {processor.py:840} INFO - DAG(s) 'example_dag_decorator' retrieved from /home/airflow/.local/lib/python3.9/site-packages/airflow/example_dags/example_dag_decorator.py
[2025-12-11T22:53:22.333+0000] {logging_mixin.py:188} INFO - [2025-12-11T22:53:22.333+0000] {dag.py:3096} INFO - Sync 1 DAGs
[2025-12-11T22:53:22.412+0000] {logging_mixin.py:188} INFO - [2025-12-11T22:53:22.411+0000] {dag.py:3954} INFO - Setting next_dagrun for example_dag_decorator to None, run_after=None
[2025-12-11T22:53:22.522+0000] {processor.py:183} INFO - Processing /home/airflow/.local/lib/python3.9/site-packages/airflow/example_dags/example_dag_decorator.py took 1.632 seconds
[2025-12-11T22:53:53.072+0000] {processor.py:161} INFO - Started process (PID=301) to work on /home/airflow/.local/lib/python3.9/site-packages/airflow/example_dags/example_dag_decorator.py
[2025-12-11T22:53:53.309+0000] {processor.py:830} INFO - Processing file /home/airflow/.local/lib/python3.9/site-packages/airflow/example_dags/example_dag_decorator.py for tasks to queue
[2025-12-11T22:53:53.314+0000] {logging_mixin.py:188} INFO - [2025-12-11T22:53:53.313+0000] {dagbag.py:545} INFO - Filling up the DagBag from /home/airflow/.local/lib/python3.9/site-packages/airflow/example_dags/example_dag_decorator.py
[2025-12-11T22:53:53.589+0000] {processor.py:840} INFO - DAG(s) 'example_dag_decorator' retrieved from /home/airflow/.local/lib/python3.9/site-packages/airflow/example_dags/example_dag_decorator.py
[2025-12-11T22:53:53.969+0000] {logging_mixin.py:188} INFO - [2025-12-11T22:53:53.962+0000] {dag.py:3096} INFO - Sync 1 DAGs
[2025-12-11T22:53:54.197+0000] {logging_mixin.py:188} INFO - [2025-12-11T22:53:54.196+0000] {dag.py:3954} INFO - Setting next_dagrun for example_dag_decorator to None, run_after=None
[2025-12-11T22:53:54.417+0000] {processor.py:183} INFO - Processing /home/airflow/.local/lib/python3.9/site-packages/airflow/example_dags/example_dag_decorator.py took 1.387 seconds
[2025-12-11T22:54:25.254+0000] {processor.py:161} INFO - Started process (PID=367) to work on /home/airflow/.local/lib/python3.9/site-packages/airflow/example_dags/example_dag_decorator.py
[2025-12-11T22:54:25.292+0000] {processor.py:830} INFO - Processing file /home/airflow/.local/lib/python3.9/site-packages/airflow/example_dags/example_dag_decorator.py for tasks to queue
[2025-12-11T22:54:25.296+0000] {logging_mixin.py:188} INFO - [2025-12-11T22:54:25.295+0000] {dagbag.py:545} INFO - Filling up the DagBag from /home/airflow/.local/lib/python3.9/site-packages/airflow/example_dags/example_dag_decorator.py
[2025-12-11T22:54:25.591+0000] {processor.py:840} INFO - DAG(s) 'example_dag_decorator' retrieved from /home/airflow/.local/lib/python3.9/site-packages/airflow/example_dags/example_dag_decorator.py
[2025-12-11T22:54:26.050+0000] {logging_mixin.py:188} INFO - [2025-12-11T22:54:26.049+0000] {dag.py:3096} INFO - Sync 1 DAGs
[2025-12-11T22:54:26.114+0000] {logging_mixin.py:188} INFO - [2025-12-11T22:54:26.113+0000] {dag.py:3954} INFO - Setting next_dagrun for example_dag_decorator to None, run_after=None
[2025-12-11T22:54:26.681+0000] {processor.py:183} INFO - Processing /home/airflow/.local/lib/python3.9/site-packages/airflow/example_dags/example_dag_decorator.py took 1.451 seconds
[2025-12-11T22:54:57.136+0000] {processor.py:161} INFO - Started process (PID=427) to work on /home/airflow/.local/lib/python3.9/site-packages/airflow/example_dags/example_dag_decorator.py
[2025-12-11T22:54:57.139+0000] {processor.py:830} INFO - Processing file /home/airflow/.local/lib/python3.9/site-packages/airflow/example_dags/example_dag_decorator.py for tasks to queue
[2025-12-11T22:54:57.142+0000] {logging_mixin.py:188} INFO - [2025-12-11T22:54:57.141+0000] {dagbag.py:545} INFO - Filling up the DagBag from /home/airflow/.local/lib/python3.9/site-packages/airflow/example_dags/example_dag_decorator.py
[2025-12-11T22:54:57.275+0000] {processor.py:840} INFO - DAG(s) 'example_dag_decorator' retrieved from /home/airflow/.local/lib/python3.9/site-packages/airflow/example_dags/example_dag_decorator.py
[2025-12-11T22:54:57.437+0000] {logging_mixin.py:188} INFO - [2025-12-11T22:54:57.436+0000] {dag.py:3096} INFO - Sync 1 DAGs
[2025-12-11T22:54:57.456+0000] {logging_mixin.py:188} INFO - [2025-12-11T22:54:57.455+0000] {dag.py:3954} INFO - Setting next_dagrun for example_dag_decorator to None, run_after=None
[2025-12-11T22:54:57.488+0000] {processor.py:183} INFO - Processing /home/airflow/.local/lib/python3.9/site-packages/airflow/example_dags/example_dag_decorator.py took 0.363 seconds
[2025-12-11T22:55:27.813+0000] {processor.py:161} INFO - Started process (PID=493) to work on /home/airflow/.local/lib/python3.9/site-packages/airflow/example_dags/example_dag_decorator.py
[2025-12-11T22:55:27.815+0000] {processor.py:830} INFO - Processing file /home/airflow/.local/lib/python3.9/site-packages/airflow/example_dags/example_dag_decorator.py for tasks to queue
[2025-12-11T22:55:27.818+0000] {logging_mixin.py:188} INFO - [2025-12-11T22:55:27.818+0000] {dagbag.py:545} INFO - Filling up the DagBag from /home/airflow/.local/lib/python3.9/site-packages/airflow/example_dags/example_dag_decorator.py
[2025-12-11T22:55:27.979+0000] {processor.py:840} INFO - DAG(s) 'example_dag_decorator' retrieved from /home/airflow/.local/lib/python3.9/site-packages/airflow/example_dags/example_dag_decorator.py
[2025-12-11T22:55:28.219+0000] {logging_mixin.py:188} INFO - [2025-12-11T22:55:28.219+0000] {dag.py:3096} INFO - Sync 1 DAGs
[2025-12-11T22:55:28.257+0000] {logging_mixin.py:188} INFO - [2025-12-11T22:55:28.256+0000] {dag.py:3954} INFO - Setting next_dagrun for example_dag_decorator to None, run_after=None
[2025-12-11T22:55:28.294+0000] {processor.py:183} INFO - Processing /home/airflow/.local/lib/python3.9/site-packages/airflow/example_dags/example_dag_decorator.py took 0.500 seconds
[2025-12-11T22:55:58.349+0000] {processor.py:161} INFO - Started process (PID=560) to work on /home/airflow/.local/lib/python3.9/site-packages/airflow/example_dags/example_dag_decorator.py
[2025-12-11T22:55:58.350+0000] {processor.py:830} INFO - Processing file /home/airflow/.local/lib/python3.9/site-packages/airflow/example_dags/example_dag_decorator.py for tasks to queue
[2025-12-11T22:55:58.353+0000] {logging_mixin.py:188} INFO - [2025-12-11T22:55:58.352+0000] {dagbag.py:545} INFO - Filling up the DagBag from /home/airflow/.local/lib/python3.9/site-packages/airflow/example_dags/example_dag_decorator.py
[2025-12-11T22:55:58.534+0000] {processor.py:840} INFO - DAG(s) 'example_dag_decorator' retrieved from /home/airflow/.local/lib/python3.9/site-packages/airflow/example_dags/example_dag_decorator.py
[2025-12-11T22:55:58.695+0000] {logging_mixin.py:188} INFO - [2025-12-11T22:55:58.695+0000] {dag.py:3096} INFO - Sync 1 DAGs
[2025-12-11T22:55:58.713+0000] {logging_mixin.py:188} INFO - [2025-12-11T22:55:58.712+0000] {dag.py:3954} INFO - Setting next_dagrun for example_dag_decorator to None, run_after=None
[2025-12-11T22:55:58.740+0000] {processor.py:183} INFO - Processing /home/airflow/.local/lib/python3.9/site-packages/airflow/example_dags/example_dag_decorator.py took 0.402 seconds
[2025-12-11T22:56:28.909+0000] {processor.py:161} INFO - Started process (PID=625) to work on /home/airflow/.local/lib/python3.9/site-packages/airflow/example_dags/example_dag_decorator.py
[2025-12-11T22:56:28.911+0000] {processor.py:830} INFO - Processing file /home/airflow/.local/lib/python3.9/site-packages/airflow/example_dags/example_dag_decorator.py for tasks to queue
[2025-12-11T22:56:28.914+0000] {logging_mixin.py:188} INFO - [2025-12-11T22:56:28.914+0000] {dagbag.py:545} INFO - Filling up the DagBag from /home/airflow/.local/lib/python3.9/site-packages/airflow/example_dags/example_dag_decorator.py
[2025-12-11T22:56:29.109+0000] {processor.py:840} INFO - DAG(s) 'example_dag_decorator' retrieved from /home/airflow/.local/lib/python3.9/site-packages/airflow/example_dags/example_dag_decorator.py
[2025-12-11T22:56:29.493+0000] {logging_mixin.py:188} INFO - [2025-12-11T22:56:29.492+0000] {dag.py:3096} INFO - Sync 1 DAGs
[2025-12-11T22:56:29.592+0000] {logging_mixin.py:188} INFO - [2025-12-11T22:56:29.591+0000] {dag.py:3954} INFO - Setting next_dagrun for example_dag_decorator to None, run_after=None
[2025-12-11T22:56:29.676+0000] {processor.py:183} INFO - Processing /home/airflow/.local/lib/python3.9/site-packages/airflow/example_dags/example_dag_decorator.py took 0.781 seconds
[2025-12-11T22:56:59.823+0000] {processor.py:161} INFO - Started process (PID=692) to work on /home/airflow/.local/lib/python3.9/site-packages/airflow/example_dags/example_dag_decorator.py
[2025-12-11T22:56:59.828+0000] {processor.py:830} INFO - Processing file /home/airflow/.local/lib/python3.9/site-packages/airflow/example_dags/example_dag_decorator.py for tasks to queue
[2025-12-11T22:56:59.831+0000] {logging_mixin.py:188} INFO - [2025-12-11T22:56:59.831+0000] {dagbag.py:545} INFO - Filling up the DagBag from /home/airflow/.local/lib/python3.9/site-packages/airflow/example_dags/example_dag_decorator.py
[2025-12-11T22:56:59.980+0000] {processor.py:840} INFO - DAG(s) 'example_dag_decorator' retrieved from /home/airflow/.local/lib/python3.9/site-packages/airflow/example_dags/example_dag_decorator.py
[2025-12-11T22:57:00.214+0000] {logging_mixin.py:188} INFO - [2025-12-11T22:57:00.214+0000] {dag.py:3096} INFO - Sync 1 DAGs
[2025-12-11T22:57:00.253+0000] {logging_mixin.py:188} INFO - [2025-12-11T22:57:00.252+0000] {dag.py:3954} INFO - Setting next_dagrun for example_dag_decorator to None, run_after=None
[2025-12-11T22:57:00.392+0000] {processor.py:183} INFO - Processing /home/airflow/.local/lib/python3.9/site-packages/airflow/example_dags/example_dag_decorator.py took 0.579 seconds
[2025-12-11T22:57:30.595+0000] {processor.py:161} INFO - Started process (PID=759) to work on /home/airflow/.local/lib/python3.9/site-packages/airflow/example_dags/example_dag_decorator.py
[2025-12-11T22:57:30.596+0000] {processor.py:830} INFO - Processing file /home/airflow/.local/lib/python3.9/site-packages/airflow/example_dags/example_dag_decorator.py for tasks to queue
[2025-12-11T22:57:30.599+0000] {logging_mixin.py:188} INFO - [2025-12-11T22:57:30.598+0000] {dagbag.py:545} INFO - Filling up the DagBag from /home/airflow/.local/lib/python3.9/site-packages/airflow/example_dags/example_dag_decorator.py
[2025-12-11T22:57:30.799+0000] {processor.py:840} INFO - DAG(s) 'example_dag_decorator' retrieved from /home/airflow/.local/lib/python3.9/site-packages/airflow/example_dags/example_dag_decorator.py
[2025-12-11T22:57:31.072+0000] {logging_mixin.py:188} INFO - [2025-12-11T22:57:31.072+0000] {dag.py:3096} INFO - Sync 1 DAGs
[2025-12-11T22:57:31.117+0000] {logging_mixin.py:188} INFO - [2025-12-11T22:57:31.117+0000] {dag.py:3954} INFO - Setting next_dagrun for example_dag_decorator to None, run_after=None
[2025-12-11T22:57:31.172+0000] {processor.py:183} INFO - Processing /home/airflow/.local/lib/python3.9/site-packages/airflow/example_dags/example_dag_decorator.py took 0.597 seconds
[2025-12-11T22:58:01.994+0000] {processor.py:161} INFO - Started process (PID=833) to work on /home/airflow/.local/lib/python3.9/site-packages/airflow/example_dags/example_dag_decorator.py
[2025-12-11T22:58:01.996+0000] {processor.py:830} INFO - Processing file /home/airflow/.local/lib/python3.9/site-packages/airflow/example_dags/example_dag_decorator.py for tasks to queue
[2025-12-11T22:58:01.998+0000] {logging_mixin.py:188} INFO - [2025-12-11T22:58:01.998+0000] {dagbag.py:545} INFO - Filling up the DagBag from /home/airflow/.local/lib/python3.9/site-packages/airflow/example_dags/example_dag_decorator.py
[2025-12-11T22:58:02.182+0000] {processor.py:840} INFO - DAG(s) 'example_dag_decorator' retrieved from /home/airflow/.local/lib/python3.9/site-packages/airflow/example_dags/example_dag_decorator.py
[2025-12-11T22:58:02.463+0000] {logging_mixin.py:188} INFO - [2025-12-11T22:58:02.462+0000] {dag.py:3096} INFO - Sync 1 DAGs
[2025-12-11T22:58:02.492+0000] {logging_mixin.py:188} INFO - [2025-12-11T22:58:02.492+0000] {dag.py:3954} INFO - Setting next_dagrun for example_dag_decorator to None, run_after=None
[2025-12-11T22:58:02.552+0000] {processor.py:183} INFO - Processing /home/airflow/.local/lib/python3.9/site-packages/airflow/example_dags/example_dag_decorator.py took 0.571 seconds
[2025-12-11T22:58:32.873+0000] {processor.py:161} INFO - Started process (PID=899) to work on /home/airflow/.local/lib/python3.9/site-packages/airflow/example_dags/example_dag_decorator.py
[2025-12-11T22:58:32.875+0000] {processor.py:830} INFO - Processing file /home/airflow/.local/lib/python3.9/site-packages/airflow/example_dags/example_dag_decorator.py for tasks to queue
[2025-12-11T22:58:32.879+0000] {logging_mixin.py:188} INFO - [2025-12-11T22:58:32.878+0000] {dagbag.py:545} INFO - Filling up the DagBag from /home/airflow/.local/lib/python3.9/site-packages/airflow/example_dags/example_dag_decorator.py
[2025-12-11T22:58:33.058+0000] {processor.py:840} INFO - DAG(s) 'example_dag_decorator' retrieved from /home/airflow/.local/lib/python3.9/site-packages/airflow/example_dags/example_dag_decorator.py
[2025-12-11T22:58:33.263+0000] {logging_mixin.py:188} INFO - [2025-12-11T22:58:33.262+0000] {dag.py:3096} INFO - Sync 1 DAGs
[2025-12-11T22:58:33.295+0000] {logging_mixin.py:188} INFO - [2025-12-11T22:58:33.294+0000] {dag.py:3954} INFO - Setting next_dagrun for example_dag_decorator to None, run_after=None
[2025-12-11T22:58:33.337+0000] {processor.py:183} INFO - Processing /home/airflow/.local/lib/python3.9/site-packages/airflow/example_dags/example_dag_decorator.py took 0.479 seconds
[2025-12-11T22:59:03.764+0000] {processor.py:161} INFO - Started process (PID=965) to work on /home/airflow/.local/lib/python3.9/site-packages/airflow/example_dags/example_dag_decorator.py
[2025-12-11T22:59:03.770+0000] {processor.py:830} INFO - Processing file /home/airflow/.local/lib/python3.9/site-packages/airflow/example_dags/example_dag_decorator.py for tasks to queue
[2025-12-11T22:59:03.772+0000] {logging_mixin.py:188} INFO - [2025-12-11T22:59:03.772+0000] {dagbag.py:545} INFO - Filling up the DagBag from /home/airflow/.local/lib/python3.9/site-packages/airflow/example_dags/example_dag_decorator.py
[2025-12-11T22:59:03.957+0000] {processor.py:840} INFO - DAG(s) 'example_dag_decorator' retrieved from /home/airflow/.local/lib/python3.9/site-packages/airflow/example_dags/example_dag_decorator.py
[2025-12-11T22:59:04.232+0000] {logging_mixin.py:188} INFO - [2025-12-11T22:59:04.232+0000] {dag.py:3096} INFO - Sync 1 DAGs
[2025-12-11T22:59:04.254+0000] {logging_mixin.py:188} INFO - [2025-12-11T22:59:04.253+0000] {dag.py:3954} INFO - Setting next_dagrun for example_dag_decorator to None, run_after=None
[2025-12-11T22:59:04.295+0000] {processor.py:183} INFO - Processing /home/airflow/.local/lib/python3.9/site-packages/airflow/example_dags/example_dag_decorator.py took 0.542 seconds
[2025-12-11T22:59:34.390+0000] {processor.py:161} INFO - Started process (PID=1032) to work on /home/airflow/.local/lib/python3.9/site-packages/airflow/example_dags/example_dag_decorator.py
[2025-12-11T22:59:34.392+0000] {processor.py:830} INFO - Processing file /home/airflow/.local/lib/python3.9/site-packages/airflow/example_dags/example_dag_decorator.py for tasks to queue
[2025-12-11T22:59:34.395+0000] {logging_mixin.py:188} INFO - [2025-12-11T22:59:34.395+0000] {dagbag.py:545} INFO - Filling up the DagBag from /home/airflow/.local/lib/python3.9/site-packages/airflow/example_dags/example_dag_decorator.py
[2025-12-11T22:59:34.638+0000] {processor.py:840} INFO - DAG(s) 'example_dag_decorator' retrieved from /home/airflow/.local/lib/python3.9/site-packages/airflow/example_dags/example_dag_decorator.py
[2025-12-11T22:59:35.009+0000] {logging_mixin.py:188} INFO - [2025-12-11T22:59:34.995+0000] {dag.py:3096} INFO - Sync 1 DAGs
[2025-12-11T22:59:35.037+0000] {logging_mixin.py:188} INFO - [2025-12-11T22:59:35.036+0000] {dag.py:3954} INFO - Setting next_dagrun for example_dag_decorator to None, run_after=None
[2025-12-11T22:59:35.133+0000] {processor.py:183} INFO - Processing /home/airflow/.local/lib/python3.9/site-packages/airflow/example_dags/example_dag_decorator.py took 0.775 seconds
[2025-12-11T23:00:06.020+0000] {processor.py:161} INFO - Started process (PID=1099) to work on /home/airflow/.local/lib/python3.9/site-packages/airflow/example_dags/example_dag_decorator.py
[2025-12-11T23:00:06.022+0000] {processor.py:830} INFO - Processing file /home/airflow/.local/lib/python3.9/site-packages/airflow/example_dags/example_dag_decorator.py for tasks to queue
[2025-12-11T23:00:06.026+0000] {logging_mixin.py:188} INFO - [2025-12-11T23:00:06.026+0000] {dagbag.py:545} INFO - Filling up the DagBag from /home/airflow/.local/lib/python3.9/site-packages/airflow/example_dags/example_dag_decorator.py
[2025-12-11T23:00:06.412+0000] {processor.py:840} INFO - DAG(s) 'example_dag_decorator' retrieved from /home/airflow/.local/lib/python3.9/site-packages/airflow/example_dags/example_dag_decorator.py
[2025-12-11T23:00:06.855+0000] {logging_mixin.py:188} INFO - [2025-12-11T23:00:06.855+0000] {dag.py:3096} INFO - Sync 1 DAGs
[2025-12-11T23:00:06.900+0000] {logging_mixin.py:188} INFO - [2025-12-11T23:00:06.900+0000] {dag.py:3954} INFO - Setting next_dagrun for example_dag_decorator to None, run_after=None
[2025-12-11T23:00:06.990+0000] {processor.py:183} INFO - Processing /home/airflow/.local/lib/python3.9/site-packages/airflow/example_dags/example_dag_decorator.py took 1.014 seconds
[2025-12-11T23:00:37.151+0000] {processor.py:161} INFO - Started process (PID=1165) to work on /home/airflow/.local/lib/python3.9/site-packages/airflow/example_dags/example_dag_decorator.py
[2025-12-11T23:00:37.152+0000] {processor.py:830} INFO - Processing file /home/airflow/.local/lib/python3.9/site-packages/airflow/example_dags/example_dag_decorator.py for tasks to queue
[2025-12-11T23:00:37.155+0000] {logging_mixin.py:188} INFO - [2025-12-11T23:00:37.154+0000] {dagbag.py:545} INFO - Filling up the DagBag from /home/airflow/.local/lib/python3.9/site-packages/airflow/example_dags/example_dag_decorator.py
[2025-12-11T23:00:37.337+0000] {processor.py:840} INFO - DAG(s) 'example_dag_decorator' retrieved from /home/airflow/.local/lib/python3.9/site-packages/airflow/example_dags/example_dag_decorator.py
[2025-12-11T23:00:37.636+0000] {logging_mixin.py:188} INFO - [2025-12-11T23:00:37.636+0000] {dag.py:3096} INFO - Sync 1 DAGs
[2025-12-11T23:00:37.662+0000] {logging_mixin.py:188} INFO - [2025-12-11T23:00:37.661+0000] {dag.py:3954} INFO - Setting next_dagrun for example_dag_decorator to None, run_after=None
[2025-12-11T23:00:37.697+0000] {processor.py:183} INFO - Processing /home/airflow/.local/lib/python3.9/site-packages/airflow/example_dags/example_dag_decorator.py took 0.565 seconds
[2025-12-11T23:01:07.824+0000] {processor.py:161} INFO - Started process (PID=1229) to work on /home/airflow/.local/lib/python3.9/site-packages/airflow/example_dags/example_dag_decorator.py
[2025-12-11T23:01:07.832+0000] {processor.py:830} INFO - Processing file /home/airflow/.local/lib/python3.9/site-packages/airflow/example_dags/example_dag_decorator.py for tasks to queue
[2025-12-11T23:01:07.835+0000] {logging_mixin.py:188} INFO - [2025-12-11T23:01:07.834+0000] {dagbag.py:545} INFO - Filling up the DagBag from /home/airflow/.local/lib/python3.9/site-packages/airflow/example_dags/example_dag_decorator.py
[2025-12-11T23:01:07.943+0000] {processor.py:840} INFO - DAG(s) 'example_dag_decorator' retrieved from /home/airflow/.local/lib/python3.9/site-packages/airflow/example_dags/example_dag_decorator.py
[2025-12-11T23:01:07.986+0000] {logging_mixin.py:188} INFO - [2025-12-11T23:01:07.986+0000] {dag.py:3096} INFO - Sync 1 DAGs
[2025-12-11T23:01:08.012+0000] {logging_mixin.py:188} INFO - [2025-12-11T23:01:08.011+0000] {dag.py:3954} INFO - Setting next_dagrun for example_dag_decorator to None, run_after=None
[2025-12-11T23:01:08.041+0000] {processor.py:183} INFO - Processing /home/airflow/.local/lib/python3.9/site-packages/airflow/example_dags/example_dag_decorator.py took 0.227 seconds
[2025-12-11T23:01:38.302+0000] {processor.py:161} INFO - Started process (PID=1295) to work on /home/airflow/.local/lib/python3.9/site-packages/airflow/example_dags/example_dag_decorator.py
[2025-12-11T23:01:38.308+0000] {processor.py:830} INFO - Processing file /home/airflow/.local/lib/python3.9/site-packages/airflow/example_dags/example_dag_decorator.py for tasks to queue
[2025-12-11T23:01:38.311+0000] {logging_mixin.py:188} INFO - [2025-12-11T23:01:38.311+0000] {dagbag.py:545} INFO - Filling up the DagBag from /home/airflow/.local/lib/python3.9/site-packages/airflow/example_dags/example_dag_decorator.py
[2025-12-11T23:01:38.434+0000] {processor.py:840} INFO - DAG(s) 'example_dag_decorator' retrieved from /home/airflow/.local/lib/python3.9/site-packages/airflow/example_dags/example_dag_decorator.py
[2025-12-11T23:01:38.599+0000] {logging_mixin.py:188} INFO - [2025-12-11T23:01:38.598+0000] {dag.py:3096} INFO - Sync 1 DAGs
[2025-12-11T23:01:38.617+0000] {logging_mixin.py:188} INFO - [2025-12-11T23:01:38.616+0000] {dag.py:3954} INFO - Setting next_dagrun for example_dag_decorator to None, run_after=None
[2025-12-11T23:01:38.647+0000] {processor.py:183} INFO - Processing /home/airflow/.local/lib/python3.9/site-packages/airflow/example_dags/example_dag_decorator.py took 0.356 seconds
[2025-12-11T23:02:08.878+0000] {processor.py:161} INFO - Started process (PID=1362) to work on /home/airflow/.local/lib/python3.9/site-packages/airflow/example_dags/example_dag_decorator.py
[2025-12-11T23:02:08.879+0000] {processor.py:830} INFO - Processing file /home/airflow/.local/lib/python3.9/site-packages/airflow/example_dags/example_dag_decorator.py for tasks to queue
[2025-12-11T23:02:08.881+0000] {logging_mixin.py:188} INFO - [2025-12-11T23:02:08.881+0000] {dagbag.py:545} INFO - Filling up the DagBag from /home/airflow/.local/lib/python3.9/site-packages/airflow/example_dags/example_dag_decorator.py
[2025-12-11T23:02:08.991+0000] {processor.py:840} INFO - DAG(s) 'example_dag_decorator' retrieved from /home/airflow/.local/lib/python3.9/site-packages/airflow/example_dags/example_dag_decorator.py
[2025-12-11T23:02:09.167+0000] {logging_mixin.py:188} INFO - [2025-12-11T23:02:09.166+0000] {dag.py:3096} INFO - Sync 1 DAGs
[2025-12-11T23:02:09.186+0000] {logging_mixin.py:188} INFO - [2025-12-11T23:02:09.185+0000] {dag.py:3954} INFO - Setting next_dagrun for example_dag_decorator to None, run_after=None
[2025-12-11T23:02:09.217+0000] {processor.py:183} INFO - Processing /home/airflow/.local/lib/python3.9/site-packages/airflow/example_dags/example_dag_decorator.py took 0.349 seconds
[2025-12-11T23:02:39.342+0000] {processor.py:161} INFO - Started process (PID=1429) to work on /home/airflow/.local/lib/python3.9/site-packages/airflow/example_dags/example_dag_decorator.py
[2025-12-11T23:02:39.344+0000] {processor.py:830} INFO - Processing file /home/airflow/.local/lib/python3.9/site-packages/airflow/example_dags/example_dag_decorator.py for tasks to queue
[2025-12-11T23:02:39.346+0000] {logging_mixin.py:188} INFO - [2025-12-11T23:02:39.346+0000] {dagbag.py:545} INFO - Filling up the DagBag from /home/airflow/.local/lib/python3.9/site-packages/airflow/example_dags/example_dag_decorator.py
[2025-12-11T23:02:39.475+0000] {processor.py:840} INFO - DAG(s) 'example_dag_decorator' retrieved from /home/airflow/.local/lib/python3.9/site-packages/airflow/example_dags/example_dag_decorator.py
[2025-12-11T23:02:39.635+0000] {logging_mixin.py:188} INFO - [2025-12-11T23:02:39.635+0000] {dag.py:3096} INFO - Sync 1 DAGs
[2025-12-11T23:02:39.653+0000] {logging_mixin.py:188} INFO - [2025-12-11T23:02:39.652+0000] {dag.py:3954} INFO - Setting next_dagrun for example_dag_decorator to None, run_after=None
[2025-12-11T23:02:39.679+0000] {processor.py:183} INFO - Processing /home/airflow/.local/lib/python3.9/site-packages/airflow/example_dags/example_dag_decorator.py took 0.346 seconds
[2025-12-11T23:03:09.761+0000] {processor.py:161} INFO - Started process (PID=1498) to work on /home/airflow/.local/lib/python3.9/site-packages/airflow/example_dags/example_dag_decorator.py
[2025-12-11T23:03:09.763+0000] {processor.py:830} INFO - Processing file /home/airflow/.local/lib/python3.9/site-packages/airflow/example_dags/example_dag_decorator.py for tasks to queue
[2025-12-11T23:03:09.771+0000] {logging_mixin.py:188} INFO - [2025-12-11T23:03:09.770+0000] {dagbag.py:545} INFO - Filling up the DagBag from /home/airflow/.local/lib/python3.9/site-packages/airflow/example_dags/example_dag_decorator.py
[2025-12-11T23:03:09.895+0000] {processor.py:840} INFO - DAG(s) 'example_dag_decorator' retrieved from /home/airflow/.local/lib/python3.9/site-packages/airflow/example_dags/example_dag_decorator.py
[2025-12-11T23:03:10.066+0000] {logging_mixin.py:188} INFO - [2025-12-11T23:03:10.065+0000] {dag.py:3096} INFO - Sync 1 DAGs
[2025-12-11T23:03:10.084+0000] {logging_mixin.py:188} INFO - [2025-12-11T23:03:10.083+0000] {dag.py:3954} INFO - Setting next_dagrun for example_dag_decorator to None, run_after=None
[2025-12-11T23:03:10.111+0000] {processor.py:183} INFO - Processing /home/airflow/.local/lib/python3.9/site-packages/airflow/example_dags/example_dag_decorator.py took 0.360 seconds
[2025-12-11T23:03:40.312+0000] {processor.py:161} INFO - Started process (PID=1569) to work on /home/airflow/.local/lib/python3.9/site-packages/airflow/example_dags/example_dag_decorator.py
[2025-12-11T23:03:40.314+0000] {processor.py:830} INFO - Processing file /home/airflow/.local/lib/python3.9/site-packages/airflow/example_dags/example_dag_decorator.py for tasks to queue
[2025-12-11T23:03:40.317+0000] {logging_mixin.py:188} INFO - [2025-12-11T23:03:40.316+0000] {dagbag.py:545} INFO - Filling up the DagBag from /home/airflow/.local/lib/python3.9/site-packages/airflow/example_dags/example_dag_decorator.py
[2025-12-11T23:03:40.475+0000] {processor.py:840} INFO - DAG(s) 'example_dag_decorator' retrieved from /home/airflow/.local/lib/python3.9/site-packages/airflow/example_dags/example_dag_decorator.py
[2025-12-11T23:03:40.642+0000] {logging_mixin.py:188} INFO - [2025-12-11T23:03:40.641+0000] {dag.py:3096} INFO - Sync 1 DAGs
[2025-12-11T23:03:40.930+0000] {logging_mixin.py:188} INFO - [2025-12-11T23:03:40.929+0000] {dag.py:3954} INFO - Setting next_dagrun for example_dag_decorator to None, run_after=None
[2025-12-11T23:03:40.959+0000] {processor.py:183} INFO - Processing /home/airflow/.local/lib/python3.9/site-packages/airflow/example_dags/example_dag_decorator.py took 0.660 seconds
[2025-12-11T23:04:11.827+0000] {processor.py:161} INFO - Started process (PID=1641) to work on /home/airflow/.local/lib/python3.9/site-packages/airflow/example_dags/example_dag_decorator.py
[2025-12-11T23:04:11.829+0000] {processor.py:830} INFO - Processing file /home/airflow/.local/lib/python3.9/site-packages/airflow/example_dags/example_dag_decorator.py for tasks to queue
[2025-12-11T23:04:11.832+0000] {logging_mixin.py:188} INFO - [2025-12-11T23:04:11.831+0000] {dagbag.py:545} INFO - Filling up the DagBag from /home/airflow/.local/lib/python3.9/site-packages/airflow/example_dags/example_dag_decorator.py
[2025-12-11T23:04:11.945+0000] {processor.py:840} INFO - DAG(s) 'example_dag_decorator' retrieved from /home/airflow/.local/lib/python3.9/site-packages/airflow/example_dags/example_dag_decorator.py
[2025-12-11T23:04:12.129+0000] {logging_mixin.py:188} INFO - [2025-12-11T23:04:12.128+0000] {dag.py:3096} INFO - Sync 1 DAGs
[2025-12-11T23:04:12.461+0000] {logging_mixin.py:188} INFO - [2025-12-11T23:04:12.461+0000] {dag.py:3954} INFO - Setting next_dagrun for example_dag_decorator to None, run_after=None
[2025-12-11T23:04:12.495+0000] {processor.py:183} INFO - Processing /home/airflow/.local/lib/python3.9/site-packages/airflow/example_dags/example_dag_decorator.py took 0.677 seconds
[2025-12-11T23:04:42.703+0000] {processor.py:161} INFO - Started process (PID=1712) to work on /home/airflow/.local/lib/python3.9/site-packages/airflow/example_dags/example_dag_decorator.py
[2025-12-11T23:04:42.705+0000] {processor.py:830} INFO - Processing file /home/airflow/.local/lib/python3.9/site-packages/airflow/example_dags/example_dag_decorator.py for tasks to queue
[2025-12-11T23:04:42.708+0000] {logging_mixin.py:188} INFO - [2025-12-11T23:04:42.708+0000] {dagbag.py:545} INFO - Filling up the DagBag from /home/airflow/.local/lib/python3.9/site-packages/airflow/example_dags/example_dag_decorator.py
[2025-12-11T23:04:42.837+0000] {processor.py:840} INFO - DAG(s) 'example_dag_decorator' retrieved from /home/airflow/.local/lib/python3.9/site-packages/airflow/example_dags/example_dag_decorator.py
[2025-12-11T23:04:43.030+0000] {logging_mixin.py:188} INFO - [2025-12-11T23:04:43.029+0000] {dag.py:3096} INFO - Sync 1 DAGs
[2025-12-11T23:04:43.054+0000] {logging_mixin.py:188} INFO - [2025-12-11T23:04:43.054+0000] {dag.py:3954} INFO - Setting next_dagrun for example_dag_decorator to None, run_after=None
[2025-12-11T23:04:43.096+0000] {processor.py:183} INFO - Processing /home/airflow/.local/lib/python3.9/site-packages/airflow/example_dags/example_dag_decorator.py took 0.404 seconds
[2025-12-11T23:05:13.195+0000] {processor.py:161} INFO - Started process (PID=1783) to work on /home/airflow/.local/lib/python3.9/site-packages/airflow/example_dags/example_dag_decorator.py
[2025-12-11T23:05:13.197+0000] {processor.py:830} INFO - Processing file /home/airflow/.local/lib/python3.9/site-packages/airflow/example_dags/example_dag_decorator.py for tasks to queue
[2025-12-11T23:05:13.199+0000] {logging_mixin.py:188} INFO - [2025-12-11T23:05:13.199+0000] {dagbag.py:545} INFO - Filling up the DagBag from /home/airflow/.local/lib/python3.9/site-packages/airflow/example_dags/example_dag_decorator.py
[2025-12-11T23:05:13.315+0000] {processor.py:840} INFO - DAG(s) 'example_dag_decorator' retrieved from /home/airflow/.local/lib/python3.9/site-packages/airflow/example_dags/example_dag_decorator.py
[2025-12-11T23:05:13.743+0000] {logging_mixin.py:188} INFO - [2025-12-11T23:05:13.743+0000] {dag.py:3096} INFO - Sync 1 DAGs
[2025-12-11T23:05:13.758+0000] {logging_mixin.py:188} INFO - [2025-12-11T23:05:13.757+0000] {dag.py:3954} INFO - Setting next_dagrun for example_dag_decorator to None, run_after=None
[2025-12-11T23:05:13.786+0000] {processor.py:183} INFO - Processing /home/airflow/.local/lib/python3.9/site-packages/airflow/example_dags/example_dag_decorator.py took 0.602 seconds
[2025-12-11T23:05:44.011+0000] {processor.py:161} INFO - Started process (PID=1856) to work on /home/airflow/.local/lib/python3.9/site-packages/airflow/example_dags/example_dag_decorator.py
[2025-12-11T23:05:44.013+0000] {processor.py:830} INFO - Processing file /home/airflow/.local/lib/python3.9/site-packages/airflow/example_dags/example_dag_decorator.py for tasks to queue
[2025-12-11T23:05:44.017+0000] {logging_mixin.py:188} INFO - [2025-12-11T23:05:44.016+0000] {dagbag.py:545} INFO - Filling up the DagBag from /home/airflow/.local/lib/python3.9/site-packages/airflow/example_dags/example_dag_decorator.py
[2025-12-11T23:05:44.337+0000] {processor.py:840} INFO - DAG(s) 'example_dag_decorator' retrieved from /home/airflow/.local/lib/python3.9/site-packages/airflow/example_dags/example_dag_decorator.py
[2025-12-11T23:05:44.596+0000] {logging_mixin.py:188} INFO - [2025-12-11T23:05:44.596+0000] {dag.py:3096} INFO - Sync 1 DAGs
[2025-12-11T23:05:44.632+0000] {logging_mixin.py:188} INFO - [2025-12-11T23:05:44.632+0000] {dag.py:3954} INFO - Setting next_dagrun for example_dag_decorator to None, run_after=None
[2025-12-11T23:05:45.186+0000] {processor.py:183} INFO - Processing /home/airflow/.local/lib/python3.9/site-packages/airflow/example_dags/example_dag_decorator.py took 1.212 seconds
[2025-12-11T23:06:15.594+0000] {processor.py:161} INFO - Started process (PID=1927) to work on /home/airflow/.local/lib/python3.9/site-packages/airflow/example_dags/example_dag_decorator.py
[2025-12-11T23:06:15.595+0000] {processor.py:830} INFO - Processing file /home/airflow/.local/lib/python3.9/site-packages/airflow/example_dags/example_dag_decorator.py for tasks to queue
[2025-12-11T23:06:15.597+0000] {logging_mixin.py:188} INFO - [2025-12-11T23:06:15.597+0000] {dagbag.py:545} INFO - Filling up the DagBag from /home/airflow/.local/lib/python3.9/site-packages/airflow/example_dags/example_dag_decorator.py
[2025-12-11T23:06:15.804+0000] {processor.py:840} INFO - DAG(s) 'example_dag_decorator' retrieved from /home/airflow/.local/lib/python3.9/site-packages/airflow/example_dags/example_dag_decorator.py
[2025-12-11T23:06:16.581+0000] {logging_mixin.py:188} INFO - [2025-12-11T23:06:16.581+0000] {dag.py:3096} INFO - Sync 1 DAGs
[2025-12-11T23:06:16.600+0000] {logging_mixin.py:188} INFO - [2025-12-11T23:06:16.600+0000] {dag.py:3954} INFO - Setting next_dagrun for example_dag_decorator to None, run_after=None
[2025-12-11T23:06:16.786+0000] {processor.py:183} INFO - Processing /home/airflow/.local/lib/python3.9/site-packages/airflow/example_dags/example_dag_decorator.py took 1.211 seconds
[2025-12-11T23:06:47.897+0000] {processor.py:161} INFO - Started process (PID=2006) to work on /home/airflow/.local/lib/python3.9/site-packages/airflow/example_dags/example_dag_decorator.py
[2025-12-11T23:06:47.910+0000] {processor.py:830} INFO - Processing file /home/airflow/.local/lib/python3.9/site-packages/airflow/example_dags/example_dag_decorator.py for tasks to queue
[2025-12-11T23:06:47.913+0000] {logging_mixin.py:188} INFO - [2025-12-11T23:06:47.913+0000] {dagbag.py:545} INFO - Filling up the DagBag from /home/airflow/.local/lib/python3.9/site-packages/airflow/example_dags/example_dag_decorator.py
[2025-12-11T23:06:48.090+0000] {processor.py:840} INFO - DAG(s) 'example_dag_decorator' retrieved from /home/airflow/.local/lib/python3.9/site-packages/airflow/example_dags/example_dag_decorator.py
[2025-12-11T23:06:48.683+0000] {logging_mixin.py:188} INFO - [2025-12-11T23:06:48.683+0000] {dag.py:3096} INFO - Sync 1 DAGs
[2025-12-11T23:06:48.714+0000] {logging_mixin.py:188} INFO - [2025-12-11T23:06:48.714+0000] {dag.py:3954} INFO - Setting next_dagrun for example_dag_decorator to None, run_after=None
[2025-12-11T23:06:48.758+0000] {processor.py:183} INFO - Processing /home/airflow/.local/lib/python3.9/site-packages/airflow/example_dags/example_dag_decorator.py took 0.879 seconds
[2025-12-11T23:07:18.908+0000] {processor.py:161} INFO - Started process (PID=2078) to work on /home/airflow/.local/lib/python3.9/site-packages/airflow/example_dags/example_dag_decorator.py
[2025-12-11T23:07:18.938+0000] {processor.py:830} INFO - Processing file /home/airflow/.local/lib/python3.9/site-packages/airflow/example_dags/example_dag_decorator.py for tasks to queue
[2025-12-11T23:07:18.942+0000] {logging_mixin.py:188} INFO - [2025-12-11T23:07:18.941+0000] {dagbag.py:545} INFO - Filling up the DagBag from /home/airflow/.local/lib/python3.9/site-packages/airflow/example_dags/example_dag_decorator.py
[2025-12-11T23:07:19.156+0000] {processor.py:840} INFO - DAG(s) 'example_dag_decorator' retrieved from /home/airflow/.local/lib/python3.9/site-packages/airflow/example_dags/example_dag_decorator.py
[2025-12-11T23:07:19.739+0000] {logging_mixin.py:188} INFO - [2025-12-11T23:07:19.738+0000] {dag.py:3096} INFO - Sync 1 DAGs
[2025-12-11T23:07:19.766+0000] {logging_mixin.py:188} INFO - [2025-12-11T23:07:19.765+0000] {dag.py:3954} INFO - Setting next_dagrun for example_dag_decorator to None, run_after=None
[2025-12-11T23:07:19.808+0000] {processor.py:183} INFO - Processing /home/airflow/.local/lib/python3.9/site-packages/airflow/example_dags/example_dag_decorator.py took 0.911 seconds
[2025-12-11T23:07:49.891+0000] {processor.py:161} INFO - Started process (PID=2151) to work on /home/airflow/.local/lib/python3.9/site-packages/airflow/example_dags/example_dag_decorator.py
[2025-12-11T23:07:49.897+0000] {processor.py:830} INFO - Processing file /home/airflow/.local/lib/python3.9/site-packages/airflow/example_dags/example_dag_decorator.py for tasks to queue
[2025-12-11T23:07:49.900+0000] {logging_mixin.py:188} INFO - [2025-12-11T23:07:49.899+0000] {dagbag.py:545} INFO - Filling up the DagBag from /home/airflow/.local/lib/python3.9/site-packages/airflow/example_dags/example_dag_decorator.py
[2025-12-11T23:07:50.049+0000] {processor.py:840} INFO - DAG(s) 'example_dag_decorator' retrieved from /home/airflow/.local/lib/python3.9/site-packages/airflow/example_dags/example_dag_decorator.py
[2025-12-11T23:07:50.455+0000] {logging_mixin.py:188} INFO - [2025-12-11T23:07:50.455+0000] {dag.py:3096} INFO - Sync 1 DAGs
[2025-12-11T23:07:50.471+0000] {logging_mixin.py:188} INFO - [2025-12-11T23:07:50.471+0000] {dag.py:3954} INFO - Setting next_dagrun for example_dag_decorator to None, run_after=None
[2025-12-11T23:07:50.500+0000] {processor.py:183} INFO - Processing /home/airflow/.local/lib/python3.9/site-packages/airflow/example_dags/example_dag_decorator.py took 0.625 seconds
[2025-12-11T23:08:22.263+0000] {processor.py:161} INFO - Started process (PID=2223) to work on /home/airflow/.local/lib/python3.9/site-packages/airflow/example_dags/example_dag_decorator.py
[2025-12-11T23:08:22.322+0000] {processor.py:830} INFO - Processing file /home/airflow/.local/lib/python3.9/site-packages/airflow/example_dags/example_dag_decorator.py for tasks to queue
[2025-12-11T23:08:22.326+0000] {logging_mixin.py:188} INFO - [2025-12-11T23:08:22.325+0000] {dagbag.py:545} INFO - Filling up the DagBag from /home/airflow/.local/lib/python3.9/site-packages/airflow/example_dags/example_dag_decorator.py
[2025-12-11T23:08:22.893+0000] {processor.py:840} INFO - DAG(s) 'example_dag_decorator' retrieved from /home/airflow/.local/lib/python3.9/site-packages/airflow/example_dags/example_dag_decorator.py
[2025-12-11T23:08:23.197+0000] {logging_mixin.py:188} INFO - [2025-12-11T23:08:23.197+0000] {dag.py:3096} INFO - Sync 1 DAGs
[2025-12-11T23:08:23.233+0000] {logging_mixin.py:188} INFO - [2025-12-11T23:08:23.232+0000] {dag.py:3954} INFO - Setting next_dagrun for example_dag_decorator to None, run_after=None
[2025-12-11T23:08:23.346+0000] {processor.py:183} INFO - Processing /home/airflow/.local/lib/python3.9/site-packages/airflow/example_dags/example_dag_decorator.py took 1.094 seconds
[2025-12-11T23:08:53.637+0000] {processor.py:161} INFO - Started process (PID=2291) to work on /home/airflow/.local/lib/python3.9/site-packages/airflow/example_dags/example_dag_decorator.py
[2025-12-11T23:08:53.640+0000] {processor.py:830} INFO - Processing file /home/airflow/.local/lib/python3.9/site-packages/airflow/example_dags/example_dag_decorator.py for tasks to queue
[2025-12-11T23:08:53.642+0000] {logging_mixin.py:188} INFO - [2025-12-11T23:08:53.642+0000] {dagbag.py:545} INFO - Filling up the DagBag from /home/airflow/.local/lib/python3.9/site-packages/airflow/example_dags/example_dag_decorator.py
[2025-12-11T23:08:54.030+0000] {processor.py:840} INFO - DAG(s) 'example_dag_decorator' retrieved from /home/airflow/.local/lib/python3.9/site-packages/airflow/example_dags/example_dag_decorator.py
[2025-12-11T23:08:54.159+0000] {logging_mixin.py:188} INFO - [2025-12-11T23:08:54.158+0000] {dag.py:3096} INFO - Sync 1 DAGs
[2025-12-11T23:08:54.173+0000] {logging_mixin.py:188} INFO - [2025-12-11T23:08:54.173+0000] {dag.py:3954} INFO - Setting next_dagrun for example_dag_decorator to None, run_after=None
[2025-12-11T23:08:54.197+0000] {processor.py:183} INFO - Processing /home/airflow/.local/lib/python3.9/site-packages/airflow/example_dags/example_dag_decorator.py took 0.571 seconds
[2025-12-11T23:09:24.338+0000] {processor.py:161} INFO - Started process (PID=2366) to work on /home/airflow/.local/lib/python3.9/site-packages/airflow/example_dags/example_dag_decorator.py
[2025-12-11T23:09:24.339+0000] {processor.py:830} INFO - Processing file /home/airflow/.local/lib/python3.9/site-packages/airflow/example_dags/example_dag_decorator.py for tasks to queue
[2025-12-11T23:09:24.342+0000] {logging_mixin.py:188} INFO - [2025-12-11T23:09:24.341+0000] {dagbag.py:545} INFO - Filling up the DagBag from /home/airflow/.local/lib/python3.9/site-packages/airflow/example_dags/example_dag_decorator.py
[2025-12-11T23:09:24.707+0000] {processor.py:840} INFO - DAG(s) 'example_dag_decorator' retrieved from /home/airflow/.local/lib/python3.9/site-packages/airflow/example_dags/example_dag_decorator.py
[2025-12-11T23:09:24.851+0000] {logging_mixin.py:188} INFO - [2025-12-11T23:09:24.850+0000] {dag.py:3096} INFO - Sync 1 DAGs
[2025-12-11T23:09:24.866+0000] {logging_mixin.py:188} INFO - [2025-12-11T23:09:24.866+0000] {dag.py:3954} INFO - Setting next_dagrun for example_dag_decorator to None, run_after=None
[2025-12-11T23:09:24.892+0000] {processor.py:183} INFO - Processing /home/airflow/.local/lib/python3.9/site-packages/airflow/example_dags/example_dag_decorator.py took 0.566 seconds
[2025-12-11T23:09:57.034+0000] {processor.py:161} INFO - Started process (PID=2437) to work on /home/airflow/.local/lib/python3.9/site-packages/airflow/example_dags/example_dag_decorator.py
[2025-12-11T23:09:57.104+0000] {processor.py:830} INFO - Processing file /home/airflow/.local/lib/python3.9/site-packages/airflow/example_dags/example_dag_decorator.py for tasks to queue
[2025-12-11T23:09:57.107+0000] {logging_mixin.py:188} INFO - [2025-12-11T23:09:57.107+0000] {dagbag.py:545} INFO - Filling up the DagBag from /home/airflow/.local/lib/python3.9/site-packages/airflow/example_dags/example_dag_decorator.py
[2025-12-11T23:09:57.246+0000] {processor.py:840} INFO - DAG(s) 'example_dag_decorator' retrieved from /home/airflow/.local/lib/python3.9/site-packages/airflow/example_dags/example_dag_decorator.py
[2025-12-11T23:09:57.418+0000] {logging_mixin.py:188} INFO - [2025-12-11T23:09:57.417+0000] {dag.py:3096} INFO - Sync 1 DAGs
[2025-12-11T23:09:57.442+0000] {logging_mixin.py:188} INFO - [2025-12-11T23:09:57.442+0000] {dag.py:3954} INFO - Setting next_dagrun for example_dag_decorator to None, run_after=None
[2025-12-11T23:09:57.479+0000] {processor.py:183} INFO - Processing /home/airflow/.local/lib/python3.9/site-packages/airflow/example_dags/example_dag_decorator.py took 0.456 seconds
[2025-12-11T23:10:27.598+0000] {processor.py:161} INFO - Started process (PID=2505) to work on /home/airflow/.local/lib/python3.9/site-packages/airflow/example_dags/example_dag_decorator.py
[2025-12-11T23:10:27.600+0000] {processor.py:830} INFO - Processing file /home/airflow/.local/lib/python3.9/site-packages/airflow/example_dags/example_dag_decorator.py for tasks to queue
[2025-12-11T23:10:27.602+0000] {logging_mixin.py:188} INFO - [2025-12-11T23:10:27.602+0000] {dagbag.py:545} INFO - Filling up the DagBag from /home/airflow/.local/lib/python3.9/site-packages/airflow/example_dags/example_dag_decorator.py
[2025-12-11T23:10:27.725+0000] {processor.py:840} INFO - DAG(s) 'example_dag_decorator' retrieved from /home/airflow/.local/lib/python3.9/site-packages/airflow/example_dags/example_dag_decorator.py
[2025-12-11T23:10:27.762+0000] {logging_mixin.py:188} INFO - [2025-12-11T23:10:27.762+0000] {dag.py:3096} INFO - Sync 1 DAGs
[2025-12-11T23:10:27.782+0000] {logging_mixin.py:188} INFO - [2025-12-11T23:10:27.782+0000] {dag.py:3954} INFO - Setting next_dagrun for example_dag_decorator to None, run_after=None
[2025-12-11T23:10:27.810+0000] {processor.py:183} INFO - Processing /home/airflow/.local/lib/python3.9/site-packages/airflow/example_dags/example_dag_decorator.py took 0.222 seconds
[2025-12-11T23:10:57.927+0000] {processor.py:161} INFO - Started process (PID=2575) to work on /home/airflow/.local/lib/python3.9/site-packages/airflow/example_dags/example_dag_decorator.py
[2025-12-11T23:10:57.929+0000] {processor.py:830} INFO - Processing file /home/airflow/.local/lib/python3.9/site-packages/airflow/example_dags/example_dag_decorator.py for tasks to queue
[2025-12-11T23:10:57.932+0000] {logging_mixin.py:188} INFO - [2025-12-11T23:10:57.931+0000] {dagbag.py:545} INFO - Filling up the DagBag from /home/airflow/.local/lib/python3.9/site-packages/airflow/example_dags/example_dag_decorator.py
[2025-12-11T23:10:58.077+0000] {processor.py:840} INFO - DAG(s) 'example_dag_decorator' retrieved from /home/airflow/.local/lib/python3.9/site-packages/airflow/example_dags/example_dag_decorator.py
[2025-12-11T23:10:58.125+0000] {logging_mixin.py:188} INFO - [2025-12-11T23:10:58.125+0000] {dag.py:3096} INFO - Sync 1 DAGs
[2025-12-11T23:10:58.145+0000] {logging_mixin.py:188} INFO - [2025-12-11T23:10:58.144+0000] {dag.py:3954} INFO - Setting next_dagrun for example_dag_decorator to None, run_after=None
[2025-12-11T23:10:58.175+0000] {processor.py:183} INFO - Processing /home/airflow/.local/lib/python3.9/site-packages/airflow/example_dags/example_dag_decorator.py took 0.258 seconds
[2025-12-11T23:11:28.325+0000] {processor.py:161} INFO - Started process (PID=2640) to work on /home/airflow/.local/lib/python3.9/site-packages/airflow/example_dags/example_dag_decorator.py
[2025-12-11T23:11:28.349+0000] {processor.py:830} INFO - Processing file /home/airflow/.local/lib/python3.9/site-packages/airflow/example_dags/example_dag_decorator.py for tasks to queue
[2025-12-11T23:11:28.353+0000] {logging_mixin.py:188} INFO - [2025-12-11T23:11:28.352+0000] {dagbag.py:545} INFO - Filling up the DagBag from /home/airflow/.local/lib/python3.9/site-packages/airflow/example_dags/example_dag_decorator.py
[2025-12-11T23:11:28.499+0000] {processor.py:840} INFO - DAG(s) 'example_dag_decorator' retrieved from /home/airflow/.local/lib/python3.9/site-packages/airflow/example_dags/example_dag_decorator.py
[2025-12-11T23:11:28.803+0000] {logging_mixin.py:188} INFO - [2025-12-11T23:11:28.802+0000] {dag.py:3096} INFO - Sync 1 DAGs
[2025-12-11T23:11:28.820+0000] {logging_mixin.py:188} INFO - [2025-12-11T23:11:28.820+0000] {dag.py:3954} INFO - Setting next_dagrun for example_dag_decorator to None, run_after=None
[2025-12-11T23:11:28.852+0000] {processor.py:183} INFO - Processing /home/airflow/.local/lib/python3.9/site-packages/airflow/example_dags/example_dag_decorator.py took 0.539 seconds
[2025-12-11T23:11:59.089+0000] {processor.py:161} INFO - Started process (PID=2707) to work on /home/airflow/.local/lib/python3.9/site-packages/airflow/example_dags/example_dag_decorator.py
[2025-12-11T23:11:59.201+0000] {processor.py:830} INFO - Processing file /home/airflow/.local/lib/python3.9/site-packages/airflow/example_dags/example_dag_decorator.py for tasks to queue
[2025-12-11T23:11:59.205+0000] {logging_mixin.py:188} INFO - [2025-12-11T23:11:59.205+0000] {dagbag.py:545} INFO - Filling up the DagBag from /home/airflow/.local/lib/python3.9/site-packages/airflow/example_dags/example_dag_decorator.py
[2025-12-11T23:11:59.316+0000] {processor.py:840} INFO - DAG(s) 'example_dag_decorator' retrieved from /home/airflow/.local/lib/python3.9/site-packages/airflow/example_dags/example_dag_decorator.py
[2025-12-11T23:11:59.480+0000] {logging_mixin.py:188} INFO - [2025-12-11T23:11:59.479+0000] {dag.py:3096} INFO - Sync 1 DAGs
[2025-12-11T23:11:59.499+0000] {logging_mixin.py:188} INFO - [2025-12-11T23:11:59.499+0000] {dag.py:3954} INFO - Setting next_dagrun for example_dag_decorator to None, run_after=None
[2025-12-11T23:11:59.845+0000] {processor.py:183} INFO - Processing /home/airflow/.local/lib/python3.9/site-packages/airflow/example_dags/example_dag_decorator.py took 0.767 seconds
[2025-12-11T23:12:30.365+0000] {processor.py:161} INFO - Started process (PID=2773) to work on /home/airflow/.local/lib/python3.9/site-packages/airflow/example_dags/example_dag_decorator.py
[2025-12-11T23:12:30.665+0000] {processor.py:830} INFO - Processing file /home/airflow/.local/lib/python3.9/site-packages/airflow/example_dags/example_dag_decorator.py for tasks to queue
[2025-12-11T23:12:30.669+0000] {logging_mixin.py:188} INFO - [2025-12-11T23:12:30.669+0000] {dagbag.py:545} INFO - Filling up the DagBag from /home/airflow/.local/lib/python3.9/site-packages/airflow/example_dags/example_dag_decorator.py
[2025-12-11T23:12:30.876+0000] {processor.py:840} INFO - DAG(s) 'example_dag_decorator' retrieved from /home/airflow/.local/lib/python3.9/site-packages/airflow/example_dags/example_dag_decorator.py
[2025-12-11T23:12:31.039+0000] {logging_mixin.py:188} INFO - [2025-12-11T23:12:31.038+0000] {dag.py:3096} INFO - Sync 1 DAGs
[2025-12-11T23:12:31.080+0000] {logging_mixin.py:188} INFO - [2025-12-11T23:12:31.079+0000] {dag.py:3954} INFO - Setting next_dagrun for example_dag_decorator to None, run_after=None
[2025-12-11T23:12:31.415+0000] {processor.py:183} INFO - Processing /home/airflow/.local/lib/python3.9/site-packages/airflow/example_dags/example_dag_decorator.py took 1.060 seconds
[2025-12-11T23:13:01.690+0000] {processor.py:161} INFO - Started process (PID=2839) to work on /home/airflow/.local/lib/python3.9/site-packages/airflow/example_dags/example_dag_decorator.py
[2025-12-11T23:13:01.693+0000] {processor.py:830} INFO - Processing file /home/airflow/.local/lib/python3.9/site-packages/airflow/example_dags/example_dag_decorator.py for tasks to queue
[2025-12-11T23:13:01.697+0000] {logging_mixin.py:188} INFO - [2025-12-11T23:13:01.697+0000] {dagbag.py:545} INFO - Filling up the DagBag from /home/airflow/.local/lib/python3.9/site-packages/airflow/example_dags/example_dag_decorator.py
[2025-12-11T23:13:01.913+0000] {processor.py:840} INFO - DAG(s) 'example_dag_decorator' retrieved from /home/airflow/.local/lib/python3.9/site-packages/airflow/example_dags/example_dag_decorator.py
[2025-12-11T23:13:02.204+0000] {logging_mixin.py:188} INFO - [2025-12-11T23:13:02.203+0000] {dag.py:3096} INFO - Sync 1 DAGs
[2025-12-11T23:13:02.226+0000] {logging_mixin.py:188} INFO - [2025-12-11T23:13:02.226+0000] {dag.py:3954} INFO - Setting next_dagrun for example_dag_decorator to None, run_after=None
[2025-12-11T23:13:02.262+0000] {processor.py:183} INFO - Processing /home/airflow/.local/lib/python3.9/site-packages/airflow/example_dags/example_dag_decorator.py took 0.599 seconds
[2025-12-11T23:13:32.639+0000] {processor.py:161} INFO - Started process (PID=2906) to work on /home/airflow/.local/lib/python3.9/site-packages/airflow/example_dags/example_dag_decorator.py
[2025-12-11T23:13:32.641+0000] {processor.py:830} INFO - Processing file /home/airflow/.local/lib/python3.9/site-packages/airflow/example_dags/example_dag_decorator.py for tasks to queue
[2025-12-11T23:13:32.645+0000] {logging_mixin.py:188} INFO - [2025-12-11T23:13:32.644+0000] {dagbag.py:545} INFO - Filling up the DagBag from /home/airflow/.local/lib/python3.9/site-packages/airflow/example_dags/example_dag_decorator.py
[2025-12-11T23:13:32.756+0000] {processor.py:840} INFO - DAG(s) 'example_dag_decorator' retrieved from /home/airflow/.local/lib/python3.9/site-packages/airflow/example_dags/example_dag_decorator.py
[2025-12-11T23:13:32.907+0000] {logging_mixin.py:188} INFO - [2025-12-11T23:13:32.906+0000] {dag.py:3096} INFO - Sync 1 DAGs
[2025-12-11T23:13:32.925+0000] {logging_mixin.py:188} INFO - [2025-12-11T23:13:32.925+0000] {dag.py:3954} INFO - Setting next_dagrun for example_dag_decorator to None, run_after=None
[2025-12-11T23:13:32.954+0000] {processor.py:183} INFO - Processing /home/airflow/.local/lib/python3.9/site-packages/airflow/example_dags/example_dag_decorator.py took 0.325 seconds
[2025-12-11T23:14:03.752+0000] {processor.py:161} INFO - Started process (PID=2980) to work on /home/airflow/.local/lib/python3.9/site-packages/airflow/example_dags/example_dag_decorator.py
[2025-12-11T23:14:03.758+0000] {processor.py:830} INFO - Processing file /home/airflow/.local/lib/python3.9/site-packages/airflow/example_dags/example_dag_decorator.py for tasks to queue
[2025-12-11T23:14:03.772+0000] {logging_mixin.py:188} INFO - [2025-12-11T23:14:03.771+0000] {dagbag.py:545} INFO - Filling up the DagBag from /home/airflow/.local/lib/python3.9/site-packages/airflow/example_dags/example_dag_decorator.py
[2025-12-11T23:14:04.013+0000] {processor.py:840} INFO - DAG(s) 'example_dag_decorator' retrieved from /home/airflow/.local/lib/python3.9/site-packages/airflow/example_dags/example_dag_decorator.py
[2025-12-11T23:14:04.092+0000] {logging_mixin.py:188} INFO - [2025-12-11T23:14:04.092+0000] {dag.py:3096} INFO - Sync 1 DAGs
[2025-12-11T23:14:04.152+0000] {logging_mixin.py:188} INFO - [2025-12-11T23:14:04.151+0000] {dag.py:3954} INFO - Setting next_dagrun for example_dag_decorator to None, run_after=None
[2025-12-11T23:14:04.229+0000] {processor.py:183} INFO - Processing /home/airflow/.local/lib/python3.9/site-packages/airflow/example_dags/example_dag_decorator.py took 0.515 seconds
[2025-12-11T23:14:34.632+0000] {processor.py:161} INFO - Started process (PID=3047) to work on /home/airflow/.local/lib/python3.9/site-packages/airflow/example_dags/example_dag_decorator.py
[2025-12-11T23:14:34.634+0000] {processor.py:830} INFO - Processing file /home/airflow/.local/lib/python3.9/site-packages/airflow/example_dags/example_dag_decorator.py for tasks to queue
[2025-12-11T23:14:34.637+0000] {logging_mixin.py:188} INFO - [2025-12-11T23:14:34.637+0000] {dagbag.py:545} INFO - Filling up the DagBag from /home/airflow/.local/lib/python3.9/site-packages/airflow/example_dags/example_dag_decorator.py
[2025-12-11T23:14:34.991+0000] {processor.py:840} INFO - DAG(s) 'example_dag_decorator' retrieved from /home/airflow/.local/lib/python3.9/site-packages/airflow/example_dags/example_dag_decorator.py
[2025-12-11T23:14:35.209+0000] {logging_mixin.py:188} INFO - [2025-12-11T23:14:35.193+0000] {dag.py:3096} INFO - Sync 1 DAGs
[2025-12-11T23:14:35.295+0000] {logging_mixin.py:188} INFO - [2025-12-11T23:14:35.295+0000] {dag.py:3954} INFO - Setting next_dagrun for example_dag_decorator to None, run_after=None
[2025-12-11T23:14:35.556+0000] {processor.py:183} INFO - Processing /home/airflow/.local/lib/python3.9/site-packages/airflow/example_dags/example_dag_decorator.py took 0.944 seconds
[2025-12-11T23:15:05.769+0000] {processor.py:161} INFO - Started process (PID=3114) to work on /home/airflow/.local/lib/python3.9/site-packages/airflow/example_dags/example_dag_decorator.py
[2025-12-11T23:15:05.814+0000] {processor.py:830} INFO - Processing file /home/airflow/.local/lib/python3.9/site-packages/airflow/example_dags/example_dag_decorator.py for tasks to queue
[2025-12-11T23:15:05.819+0000] {logging_mixin.py:188} INFO - [2025-12-11T23:15:05.819+0000] {dagbag.py:545} INFO - Filling up the DagBag from /home/airflow/.local/lib/python3.9/site-packages/airflow/example_dags/example_dag_decorator.py
[2025-12-11T23:15:06.057+0000] {processor.py:840} INFO - DAG(s) 'example_dag_decorator' retrieved from /home/airflow/.local/lib/python3.9/site-packages/airflow/example_dags/example_dag_decorator.py
[2025-12-11T23:15:06.473+0000] {logging_mixin.py:188} INFO - [2025-12-11T23:15:06.472+0000] {dag.py:3096} INFO - Sync 1 DAGs
[2025-12-11T23:15:06.531+0000] {logging_mixin.py:188} INFO - [2025-12-11T23:15:06.530+0000] {dag.py:3954} INFO - Setting next_dagrun for example_dag_decorator to None, run_after=None
[2025-12-11T23:15:06.674+0000] {processor.py:183} INFO - Processing /home/airflow/.local/lib/python3.9/site-packages/airflow/example_dags/example_dag_decorator.py took 0.940 seconds
[2025-12-11T23:15:37.118+0000] {processor.py:161} INFO - Started process (PID=3183) to work on /home/airflow/.local/lib/python3.9/site-packages/airflow/example_dags/example_dag_decorator.py
[2025-12-11T23:15:37.194+0000] {processor.py:830} INFO - Processing file /home/airflow/.local/lib/python3.9/site-packages/airflow/example_dags/example_dag_decorator.py for tasks to queue
[2025-12-11T23:15:37.198+0000] {logging_mixin.py:188} INFO - [2025-12-11T23:15:37.197+0000] {dagbag.py:545} INFO - Filling up the DagBag from /home/airflow/.local/lib/python3.9/site-packages/airflow/example_dags/example_dag_decorator.py
[2025-12-11T23:15:37.477+0000] {processor.py:840} INFO - DAG(s) 'example_dag_decorator' retrieved from /home/airflow/.local/lib/python3.9/site-packages/airflow/example_dags/example_dag_decorator.py
[2025-12-11T23:15:37.812+0000] {logging_mixin.py:188} INFO - [2025-12-11T23:15:37.812+0000] {dag.py:3096} INFO - Sync 1 DAGs
[2025-12-11T23:15:37.838+0000] {logging_mixin.py:188} INFO - [2025-12-11T23:15:37.838+0000] {dag.py:3954} INFO - Setting next_dagrun for example_dag_decorator to None, run_after=None
[2025-12-11T23:15:37.898+0000] {processor.py:183} INFO - Processing /home/airflow/.local/lib/python3.9/site-packages/airflow/example_dags/example_dag_decorator.py took 0.804 seconds
[2025-12-11T23:16:08.073+0000] {processor.py:161} INFO - Started process (PID=3249) to work on /home/airflow/.local/lib/python3.9/site-packages/airflow/example_dags/example_dag_decorator.py
[2025-12-11T23:16:08.082+0000] {processor.py:830} INFO - Processing file /home/airflow/.local/lib/python3.9/site-packages/airflow/example_dags/example_dag_decorator.py for tasks to queue
[2025-12-11T23:16:08.092+0000] {logging_mixin.py:188} INFO - [2025-12-11T23:16:08.092+0000] {dagbag.py:545} INFO - Filling up the DagBag from /home/airflow/.local/lib/python3.9/site-packages/airflow/example_dags/example_dag_decorator.py
[2025-12-11T23:16:08.373+0000] {processor.py:840} INFO - DAG(s) 'example_dag_decorator' retrieved from /home/airflow/.local/lib/python3.9/site-packages/airflow/example_dags/example_dag_decorator.py
[2025-12-11T23:16:08.717+0000] {logging_mixin.py:188} INFO - [2025-12-11T23:16:08.717+0000] {dag.py:3096} INFO - Sync 1 DAGs
[2025-12-11T23:16:08.778+0000] {logging_mixin.py:188} INFO - [2025-12-11T23:16:08.777+0000] {dag.py:3954} INFO - Setting next_dagrun for example_dag_decorator to None, run_after=None
[2025-12-11T23:16:09.055+0000] {processor.py:183} INFO - Processing /home/airflow/.local/lib/python3.9/site-packages/airflow/example_dags/example_dag_decorator.py took 1.018 seconds
[2025-12-11T23:16:39.254+0000] {processor.py:161} INFO - Started process (PID=3316) to work on /home/airflow/.local/lib/python3.9/site-packages/airflow/example_dags/example_dag_decorator.py
[2025-12-11T23:16:39.256+0000] {processor.py:830} INFO - Processing file /home/airflow/.local/lib/python3.9/site-packages/airflow/example_dags/example_dag_decorator.py for tasks to queue
[2025-12-11T23:16:39.259+0000] {logging_mixin.py:188} INFO - [2025-12-11T23:16:39.258+0000] {dagbag.py:545} INFO - Filling up the DagBag from /home/airflow/.local/lib/python3.9/site-packages/airflow/example_dags/example_dag_decorator.py
[2025-12-11T23:16:39.496+0000] {processor.py:840} INFO - DAG(s) 'example_dag_decorator' retrieved from /home/airflow/.local/lib/python3.9/site-packages/airflow/example_dags/example_dag_decorator.py
[2025-12-11T23:16:39.738+0000] {logging_mixin.py:188} INFO - [2025-12-11T23:16:39.738+0000] {dag.py:3096} INFO - Sync 1 DAGs
[2025-12-11T23:16:39.772+0000] {logging_mixin.py:188} INFO - [2025-12-11T23:16:39.772+0000] {dag.py:3954} INFO - Setting next_dagrun for example_dag_decorator to None, run_after=None
[2025-12-11T23:16:39.854+0000] {processor.py:183} INFO - Processing /home/airflow/.local/lib/python3.9/site-packages/airflow/example_dags/example_dag_decorator.py took 0.622 seconds
[2025-12-11T23:17:10.025+0000] {processor.py:161} INFO - Started process (PID=3383) to work on /home/airflow/.local/lib/python3.9/site-packages/airflow/example_dags/example_dag_decorator.py
[2025-12-11T23:17:10.034+0000] {processor.py:830} INFO - Processing file /home/airflow/.local/lib/python3.9/site-packages/airflow/example_dags/example_dag_decorator.py for tasks to queue
[2025-12-11T23:17:10.037+0000] {logging_mixin.py:188} INFO - [2025-12-11T23:17:10.037+0000] {dagbag.py:545} INFO - Filling up the DagBag from /home/airflow/.local/lib/python3.9/site-packages/airflow/example_dags/example_dag_decorator.py
[2025-12-11T23:17:10.173+0000] {processor.py:840} INFO - DAG(s) 'example_dag_decorator' retrieved from /home/airflow/.local/lib/python3.9/site-packages/airflow/example_dags/example_dag_decorator.py
[2025-12-11T23:17:10.378+0000] {logging_mixin.py:188} INFO - [2025-12-11T23:17:10.377+0000] {dag.py:3096} INFO - Sync 1 DAGs
[2025-12-11T23:17:10.400+0000] {logging_mixin.py:188} INFO - [2025-12-11T23:17:10.399+0000] {dag.py:3954} INFO - Setting next_dagrun for example_dag_decorator to None, run_after=None
[2025-12-11T23:17:10.436+0000] {processor.py:183} INFO - Processing /home/airflow/.local/lib/python3.9/site-packages/airflow/example_dags/example_dag_decorator.py took 0.422 seconds
[2025-12-11T23:17:40.593+0000] {processor.py:161} INFO - Started process (PID=3451) to work on /home/airflow/.local/lib/python3.9/site-packages/airflow/example_dags/example_dag_decorator.py
[2025-12-11T23:17:40.595+0000] {processor.py:830} INFO - Processing file /home/airflow/.local/lib/python3.9/site-packages/airflow/example_dags/example_dag_decorator.py for tasks to queue
[2025-12-11T23:17:40.600+0000] {logging_mixin.py:188} INFO - [2025-12-11T23:17:40.599+0000] {dagbag.py:545} INFO - Filling up the DagBag from /home/airflow/.local/lib/python3.9/site-packages/airflow/example_dags/example_dag_decorator.py
[2025-12-11T23:17:40.715+0000] {processor.py:840} INFO - DAG(s) 'example_dag_decorator' retrieved from /home/airflow/.local/lib/python3.9/site-packages/airflow/example_dags/example_dag_decorator.py
[2025-12-11T23:17:40.876+0000] {logging_mixin.py:188} INFO - [2025-12-11T23:17:40.876+0000] {dag.py:3096} INFO - Sync 1 DAGs
[2025-12-11T23:17:40.895+0000] {logging_mixin.py:188} INFO - [2025-12-11T23:17:40.895+0000] {dag.py:3954} INFO - Setting next_dagrun for example_dag_decorator to None, run_after=None
[2025-12-11T23:17:40.926+0000] {processor.py:183} INFO - Processing /home/airflow/.local/lib/python3.9/site-packages/airflow/example_dags/example_dag_decorator.py took 0.346 seconds
[2025-12-11T23:18:11.160+0000] {processor.py:161} INFO - Started process (PID=3519) to work on /home/airflow/.local/lib/python3.9/site-packages/airflow/example_dags/example_dag_decorator.py
[2025-12-11T23:18:11.161+0000] {processor.py:830} INFO - Processing file /home/airflow/.local/lib/python3.9/site-packages/airflow/example_dags/example_dag_decorator.py for tasks to queue
[2025-12-11T23:18:11.164+0000] {logging_mixin.py:188} INFO - [2025-12-11T23:18:11.164+0000] {dagbag.py:545} INFO - Filling up the DagBag from /home/airflow/.local/lib/python3.9/site-packages/airflow/example_dags/example_dag_decorator.py
[2025-12-11T23:18:11.281+0000] {processor.py:840} INFO - DAG(s) 'example_dag_decorator' retrieved from /home/airflow/.local/lib/python3.9/site-packages/airflow/example_dags/example_dag_decorator.py
[2025-12-11T23:18:11.487+0000] {logging_mixin.py:188} INFO - [2025-12-11T23:18:11.486+0000] {dag.py:3096} INFO - Sync 1 DAGs
[2025-12-11T23:18:11.506+0000] {logging_mixin.py:188} INFO - [2025-12-11T23:18:11.506+0000] {dag.py:3954} INFO - Setting next_dagrun for example_dag_decorator to None, run_after=None
[2025-12-11T23:18:11.540+0000] {processor.py:183} INFO - Processing /home/airflow/.local/lib/python3.9/site-packages/airflow/example_dags/example_dag_decorator.py took 0.392 seconds
[2025-12-11T23:18:41.758+0000] {processor.py:161} INFO - Started process (PID=3586) to work on /home/airflow/.local/lib/python3.9/site-packages/airflow/example_dags/example_dag_decorator.py
[2025-12-11T23:18:41.760+0000] {processor.py:830} INFO - Processing file /home/airflow/.local/lib/python3.9/site-packages/airflow/example_dags/example_dag_decorator.py for tasks to queue
[2025-12-11T23:18:41.762+0000] {logging_mixin.py:188} INFO - [2025-12-11T23:18:41.762+0000] {dagbag.py:545} INFO - Filling up the DagBag from /home/airflow/.local/lib/python3.9/site-packages/airflow/example_dags/example_dag_decorator.py
[2025-12-11T23:18:41.933+0000] {processor.py:840} INFO - DAG(s) 'example_dag_decorator' retrieved from /home/airflow/.local/lib/python3.9/site-packages/airflow/example_dags/example_dag_decorator.py
[2025-12-11T23:18:42.129+0000] {logging_mixin.py:188} INFO - [2025-12-11T23:18:42.128+0000] {dag.py:3096} INFO - Sync 1 DAGs
[2025-12-11T23:18:42.156+0000] {logging_mixin.py:188} INFO - [2025-12-11T23:18:42.155+0000] {dag.py:3954} INFO - Setting next_dagrun for example_dag_decorator to None, run_after=None
[2025-12-11T23:18:42.200+0000] {processor.py:183} INFO - Processing /home/airflow/.local/lib/python3.9/site-packages/airflow/example_dags/example_dag_decorator.py took 0.454 seconds
[2025-12-11T23:19:12.872+0000] {processor.py:161} INFO - Started process (PID=3654) to work on /home/airflow/.local/lib/python3.9/site-packages/airflow/example_dags/example_dag_decorator.py
[2025-12-11T23:19:12.873+0000] {processor.py:830} INFO - Processing file /home/airflow/.local/lib/python3.9/site-packages/airflow/example_dags/example_dag_decorator.py for tasks to queue
[2025-12-11T23:19:12.876+0000] {logging_mixin.py:188} INFO - [2025-12-11T23:19:12.876+0000] {dagbag.py:545} INFO - Filling up the DagBag from /home/airflow/.local/lib/python3.9/site-packages/airflow/example_dags/example_dag_decorator.py
[2025-12-11T23:19:13.005+0000] {processor.py:840} INFO - DAG(s) 'example_dag_decorator' retrieved from /home/airflow/.local/lib/python3.9/site-packages/airflow/example_dags/example_dag_decorator.py
[2025-12-11T23:19:13.170+0000] {logging_mixin.py:188} INFO - [2025-12-11T23:19:13.169+0000] {dag.py:3096} INFO - Sync 1 DAGs
[2025-12-11T23:19:13.189+0000] {logging_mixin.py:188} INFO - [2025-12-11T23:19:13.189+0000] {dag.py:3954} INFO - Setting next_dagrun for example_dag_decorator to None, run_after=None
[2025-12-11T23:19:13.218+0000] {processor.py:183} INFO - Processing /home/airflow/.local/lib/python3.9/site-packages/airflow/example_dags/example_dag_decorator.py took 0.357 seconds
[2025-12-11T23:19:43.301+0000] {processor.py:161} INFO - Started process (PID=3721) to work on /home/airflow/.local/lib/python3.9/site-packages/airflow/example_dags/example_dag_decorator.py
[2025-12-11T23:19:43.310+0000] {processor.py:830} INFO - Processing file /home/airflow/.local/lib/python3.9/site-packages/airflow/example_dags/example_dag_decorator.py for tasks to queue
[2025-12-11T23:19:43.313+0000] {logging_mixin.py:188} INFO - [2025-12-11T23:19:43.312+0000] {dagbag.py:545} INFO - Filling up the DagBag from /home/airflow/.local/lib/python3.9/site-packages/airflow/example_dags/example_dag_decorator.py
[2025-12-11T23:19:43.431+0000] {processor.py:840} INFO - DAG(s) 'example_dag_decorator' retrieved from /home/airflow/.local/lib/python3.9/site-packages/airflow/example_dags/example_dag_decorator.py
[2025-12-11T23:19:43.572+0000] {logging_mixin.py:188} INFO - [2025-12-11T23:19:43.571+0000] {dag.py:3096} INFO - Sync 1 DAGs
[2025-12-11T23:19:43.587+0000] {logging_mixin.py:188} INFO - [2025-12-11T23:19:43.586+0000] {dag.py:3954} INFO - Setting next_dagrun for example_dag_decorator to None, run_after=None
[2025-12-11T23:19:43.614+0000] {processor.py:183} INFO - Processing /home/airflow/.local/lib/python3.9/site-packages/airflow/example_dags/example_dag_decorator.py took 0.323 seconds
[2025-12-11T23:20:14.111+0000] {processor.py:161} INFO - Started process (PID=3788) to work on /home/airflow/.local/lib/python3.9/site-packages/airflow/example_dags/example_dag_decorator.py
[2025-12-11T23:20:14.115+0000] {processor.py:830} INFO - Processing file /home/airflow/.local/lib/python3.9/site-packages/airflow/example_dags/example_dag_decorator.py for tasks to queue
[2025-12-11T23:20:14.118+0000] {logging_mixin.py:188} INFO - [2025-12-11T23:20:14.117+0000] {dagbag.py:545} INFO - Filling up the DagBag from /home/airflow/.local/lib/python3.9/site-packages/airflow/example_dags/example_dag_decorator.py
[2025-12-11T23:20:14.271+0000] {processor.py:840} INFO - DAG(s) 'example_dag_decorator' retrieved from /home/airflow/.local/lib/python3.9/site-packages/airflow/example_dags/example_dag_decorator.py
[2025-12-11T23:20:14.413+0000] {logging_mixin.py:188} INFO - [2025-12-11T23:20:14.412+0000] {dag.py:3096} INFO - Sync 1 DAGs
[2025-12-11T23:20:14.432+0000] {logging_mixin.py:188} INFO - [2025-12-11T23:20:14.432+0000] {dag.py:3954} INFO - Setting next_dagrun for example_dag_decorator to None, run_after=None
[2025-12-11T23:20:14.476+0000] {processor.py:183} INFO - Processing /home/airflow/.local/lib/python3.9/site-packages/airflow/example_dags/example_dag_decorator.py took 0.387 seconds
[2025-12-11T23:20:44.945+0000] {processor.py:161} INFO - Started process (PID=3855) to work on /home/airflow/.local/lib/python3.9/site-packages/airflow/example_dags/example_dag_decorator.py
[2025-12-11T23:20:44.993+0000] {processor.py:830} INFO - Processing file /home/airflow/.local/lib/python3.9/site-packages/airflow/example_dags/example_dag_decorator.py for tasks to queue
[2025-12-11T23:20:44.996+0000] {logging_mixin.py:188} INFO - [2025-12-11T23:20:44.996+0000] {dagbag.py:545} INFO - Filling up the DagBag from /home/airflow/.local/lib/python3.9/site-packages/airflow/example_dags/example_dag_decorator.py
[2025-12-11T23:20:45.130+0000] {processor.py:840} INFO - DAG(s) 'example_dag_decorator' retrieved from /home/airflow/.local/lib/python3.9/site-packages/airflow/example_dags/example_dag_decorator.py
[2025-12-11T23:20:45.400+0000] {logging_mixin.py:188} INFO - [2025-12-11T23:20:45.399+0000] {dag.py:3096} INFO - Sync 1 DAGs
[2025-12-11T23:20:45.437+0000] {logging_mixin.py:188} INFO - [2025-12-11T23:20:45.436+0000] {dag.py:3954} INFO - Setting next_dagrun for example_dag_decorator to None, run_after=None
[2025-12-11T23:20:45.575+0000] {processor.py:183} INFO - Processing /home/airflow/.local/lib/python3.9/site-packages/airflow/example_dags/example_dag_decorator.py took 0.645 seconds
[2025-12-11T23:21:15.693+0000] {processor.py:161} INFO - Started process (PID=3920) to work on /home/airflow/.local/lib/python3.9/site-packages/airflow/example_dags/example_dag_decorator.py
[2025-12-11T23:21:15.695+0000] {processor.py:830} INFO - Processing file /home/airflow/.local/lib/python3.9/site-packages/airflow/example_dags/example_dag_decorator.py for tasks to queue
[2025-12-11T23:21:15.697+0000] {logging_mixin.py:188} INFO - [2025-12-11T23:21:15.697+0000] {dagbag.py:545} INFO - Filling up the DagBag from /home/airflow/.local/lib/python3.9/site-packages/airflow/example_dags/example_dag_decorator.py
[2025-12-11T23:21:15.957+0000] {processor.py:840} INFO - DAG(s) 'example_dag_decorator' retrieved from /home/airflow/.local/lib/python3.9/site-packages/airflow/example_dags/example_dag_decorator.py
[2025-12-11T23:21:16.211+0000] {logging_mixin.py:188} INFO - [2025-12-11T23:21:16.211+0000] {dag.py:3096} INFO - Sync 1 DAGs
[2025-12-11T23:21:16.237+0000] {logging_mixin.py:188} INFO - [2025-12-11T23:21:16.236+0000] {dag.py:3954} INFO - Setting next_dagrun for example_dag_decorator to None, run_after=None
[2025-12-11T23:21:16.276+0000] {processor.py:183} INFO - Processing /home/airflow/.local/lib/python3.9/site-packages/airflow/example_dags/example_dag_decorator.py took 0.596 seconds
[2025-12-11T23:21:46.462+0000] {processor.py:161} INFO - Started process (PID=3987) to work on /home/airflow/.local/lib/python3.9/site-packages/airflow/example_dags/example_dag_decorator.py
[2025-12-11T23:21:46.464+0000] {processor.py:830} INFO - Processing file /home/airflow/.local/lib/python3.9/site-packages/airflow/example_dags/example_dag_decorator.py for tasks to queue
[2025-12-11T23:21:46.467+0000] {logging_mixin.py:188} INFO - [2025-12-11T23:21:46.467+0000] {dagbag.py:545} INFO - Filling up the DagBag from /home/airflow/.local/lib/python3.9/site-packages/airflow/example_dags/example_dag_decorator.py
[2025-12-11T23:21:46.601+0000] {processor.py:840} INFO - DAG(s) 'example_dag_decorator' retrieved from /home/airflow/.local/lib/python3.9/site-packages/airflow/example_dags/example_dag_decorator.py
[2025-12-11T23:21:46.815+0000] {logging_mixin.py:188} INFO - [2025-12-11T23:21:46.815+0000] {dag.py:3096} INFO - Sync 1 DAGs
[2025-12-11T23:21:46.850+0000] {logging_mixin.py:188} INFO - [2025-12-11T23:21:46.849+0000] {dag.py:3954} INFO - Setting next_dagrun for example_dag_decorator to None, run_after=None
[2025-12-11T23:21:46.896+0000] {processor.py:183} INFO - Processing /home/airflow/.local/lib/python3.9/site-packages/airflow/example_dags/example_dag_decorator.py took 0.447 seconds
[2025-12-11T23:22:17.333+0000] {processor.py:161} INFO - Started process (PID=4054) to work on /home/airflow/.local/lib/python3.9/site-packages/airflow/example_dags/example_dag_decorator.py
[2025-12-11T23:22:17.369+0000] {processor.py:830} INFO - Processing file /home/airflow/.local/lib/python3.9/site-packages/airflow/example_dags/example_dag_decorator.py for tasks to queue
[2025-12-11T23:22:17.373+0000] {logging_mixin.py:188} INFO - [2025-12-11T23:22:17.373+0000] {dagbag.py:545} INFO - Filling up the DagBag from /home/airflow/.local/lib/python3.9/site-packages/airflow/example_dags/example_dag_decorator.py
[2025-12-11T23:22:17.517+0000] {processor.py:840} INFO - DAG(s) 'example_dag_decorator' retrieved from /home/airflow/.local/lib/python3.9/site-packages/airflow/example_dags/example_dag_decorator.py
[2025-12-11T23:22:17.703+0000] {logging_mixin.py:188} INFO - [2025-12-11T23:22:17.702+0000] {dag.py:3096} INFO - Sync 1 DAGs
[2025-12-11T23:22:17.726+0000] {logging_mixin.py:188} INFO - [2025-12-11T23:22:17.725+0000] {dag.py:3954} INFO - Setting next_dagrun for example_dag_decorator to None, run_after=None
[2025-12-11T23:22:17.902+0000] {processor.py:183} INFO - Processing /home/airflow/.local/lib/python3.9/site-packages/airflow/example_dags/example_dag_decorator.py took 0.579 seconds
[2025-12-11T23:22:47.956+0000] {processor.py:161} INFO - Started process (PID=4121) to work on /home/airflow/.local/lib/python3.9/site-packages/airflow/example_dags/example_dag_decorator.py
[2025-12-11T23:22:47.957+0000] {processor.py:830} INFO - Processing file /home/airflow/.local/lib/python3.9/site-packages/airflow/example_dags/example_dag_decorator.py for tasks to queue
[2025-12-11T23:22:47.960+0000] {logging_mixin.py:188} INFO - [2025-12-11T23:22:47.960+0000] {dagbag.py:545} INFO - Filling up the DagBag from /home/airflow/.local/lib/python3.9/site-packages/airflow/example_dags/example_dag_decorator.py
[2025-12-11T23:22:48.086+0000] {processor.py:840} INFO - DAG(s) 'example_dag_decorator' retrieved from /home/airflow/.local/lib/python3.9/site-packages/airflow/example_dags/example_dag_decorator.py
[2025-12-11T23:22:48.132+0000] {logging_mixin.py:188} INFO - [2025-12-11T23:22:48.132+0000] {dag.py:3096} INFO - Sync 1 DAGs
[2025-12-11T23:22:48.160+0000] {logging_mixin.py:188} INFO - [2025-12-11T23:22:48.160+0000] {dag.py:3954} INFO - Setting next_dagrun for example_dag_decorator to None, run_after=None
[2025-12-11T23:22:48.188+0000] {processor.py:183} INFO - Processing /home/airflow/.local/lib/python3.9/site-packages/airflow/example_dags/example_dag_decorator.py took 0.244 seconds
[2025-12-11T23:23:18.550+0000] {processor.py:161} INFO - Started process (PID=4188) to work on /home/airflow/.local/lib/python3.9/site-packages/airflow/example_dags/example_dag_decorator.py
[2025-12-11T23:23:18.552+0000] {processor.py:830} INFO - Processing file /home/airflow/.local/lib/python3.9/site-packages/airflow/example_dags/example_dag_decorator.py for tasks to queue
[2025-12-11T23:23:18.555+0000] {logging_mixin.py:188} INFO - [2025-12-11T23:23:18.555+0000] {dagbag.py:545} INFO - Filling up the DagBag from /home/airflow/.local/lib/python3.9/site-packages/airflow/example_dags/example_dag_decorator.py
[2025-12-11T23:23:18.820+0000] {processor.py:840} INFO - DAG(s) 'example_dag_decorator' retrieved from /home/airflow/.local/lib/python3.9/site-packages/airflow/example_dags/example_dag_decorator.py
[2025-12-11T23:23:19.034+0000] {logging_mixin.py:188} INFO - [2025-12-11T23:23:19.034+0000] {dag.py:3096} INFO - Sync 1 DAGs
[2025-12-11T23:23:19.053+0000] {logging_mixin.py:188} INFO - [2025-12-11T23:23:19.052+0000] {dag.py:3954} INFO - Setting next_dagrun for example_dag_decorator to None, run_after=None
[2025-12-11T23:23:19.080+0000] {processor.py:183} INFO - Processing /home/airflow/.local/lib/python3.9/site-packages/airflow/example_dags/example_dag_decorator.py took 0.549 seconds
[2025-12-11T23:23:49.279+0000] {processor.py:161} INFO - Started process (PID=4256) to work on /home/airflow/.local/lib/python3.9/site-packages/airflow/example_dags/example_dag_decorator.py
[2025-12-11T23:23:49.304+0000] {processor.py:830} INFO - Processing file /home/airflow/.local/lib/python3.9/site-packages/airflow/example_dags/example_dag_decorator.py for tasks to queue
[2025-12-11T23:23:49.307+0000] {logging_mixin.py:188} INFO - [2025-12-11T23:23:49.307+0000] {dagbag.py:545} INFO - Filling up the DagBag from /home/airflow/.local/lib/python3.9/site-packages/airflow/example_dags/example_dag_decorator.py
[2025-12-11T23:23:49.419+0000] {processor.py:840} INFO - DAG(s) 'example_dag_decorator' retrieved from /home/airflow/.local/lib/python3.9/site-packages/airflow/example_dags/example_dag_decorator.py
[2025-12-11T23:23:49.561+0000] {logging_mixin.py:188} INFO - [2025-12-11T23:23:49.560+0000] {dag.py:3096} INFO - Sync 1 DAGs
[2025-12-11T23:23:49.578+0000] {logging_mixin.py:188} INFO - [2025-12-11T23:23:49.577+0000] {dag.py:3954} INFO - Setting next_dagrun for example_dag_decorator to None, run_after=None
[2025-12-11T23:23:49.733+0000] {processor.py:183} INFO - Processing /home/airflow/.local/lib/python3.9/site-packages/airflow/example_dags/example_dag_decorator.py took 0.465 seconds
[2025-12-11T23:24:20.164+0000] {processor.py:161} INFO - Started process (PID=4321) to work on /home/airflow/.local/lib/python3.9/site-packages/airflow/example_dags/example_dag_decorator.py
[2025-12-11T23:24:20.166+0000] {processor.py:830} INFO - Processing file /home/airflow/.local/lib/python3.9/site-packages/airflow/example_dags/example_dag_decorator.py for tasks to queue
[2025-12-11T23:24:20.169+0000] {logging_mixin.py:188} INFO - [2025-12-11T23:24:20.168+0000] {dagbag.py:545} INFO - Filling up the DagBag from /home/airflow/.local/lib/python3.9/site-packages/airflow/example_dags/example_dag_decorator.py
[2025-12-11T23:24:20.289+0000] {processor.py:840} INFO - DAG(s) 'example_dag_decorator' retrieved from /home/airflow/.local/lib/python3.9/site-packages/airflow/example_dags/example_dag_decorator.py
[2025-12-11T23:24:20.429+0000] {logging_mixin.py:188} INFO - [2025-12-11T23:24:20.429+0000] {dag.py:3096} INFO - Sync 1 DAGs
[2025-12-11T23:24:20.445+0000] {logging_mixin.py:188} INFO - [2025-12-11T23:24:20.445+0000] {dag.py:3954} INFO - Setting next_dagrun for example_dag_decorator to None, run_after=None
[2025-12-11T23:24:20.473+0000] {processor.py:183} INFO - Processing /home/airflow/.local/lib/python3.9/site-packages/airflow/example_dags/example_dag_decorator.py took 0.321 seconds
[2025-12-11T23:24:50.936+0000] {processor.py:161} INFO - Started process (PID=4388) to work on /home/airflow/.local/lib/python3.9/site-packages/airflow/example_dags/example_dag_decorator.py
[2025-12-11T23:24:50.943+0000] {processor.py:830} INFO - Processing file /home/airflow/.local/lib/python3.9/site-packages/airflow/example_dags/example_dag_decorator.py for tasks to queue
[2025-12-11T23:24:50.946+0000] {logging_mixin.py:188} INFO - [2025-12-11T23:24:50.946+0000] {dagbag.py:545} INFO - Filling up the DagBag from /home/airflow/.local/lib/python3.9/site-packages/airflow/example_dags/example_dag_decorator.py
[2025-12-11T23:24:51.061+0000] {processor.py:840} INFO - DAG(s) 'example_dag_decorator' retrieved from /home/airflow/.local/lib/python3.9/site-packages/airflow/example_dags/example_dag_decorator.py
[2025-12-11T23:24:51.212+0000] {logging_mixin.py:188} INFO - [2025-12-11T23:24:51.211+0000] {dag.py:3096} INFO - Sync 1 DAGs
[2025-12-11T23:24:51.228+0000] {logging_mixin.py:188} INFO - [2025-12-11T23:24:51.227+0000] {dag.py:3954} INFO - Setting next_dagrun for example_dag_decorator to None, run_after=None
[2025-12-11T23:24:51.391+0000] {processor.py:183} INFO - Processing /home/airflow/.local/lib/python3.9/site-packages/airflow/example_dags/example_dag_decorator.py took 0.466 seconds
[2025-12-11T23:25:21.458+0000] {processor.py:161} INFO - Started process (PID=4455) to work on /home/airflow/.local/lib/python3.9/site-packages/airflow/example_dags/example_dag_decorator.py
[2025-12-11T23:25:21.461+0000] {processor.py:830} INFO - Processing file /home/airflow/.local/lib/python3.9/site-packages/airflow/example_dags/example_dag_decorator.py for tasks to queue
[2025-12-11T23:25:21.464+0000] {logging_mixin.py:188} INFO - [2025-12-11T23:25:21.464+0000] {dagbag.py:545} INFO - Filling up the DagBag from /home/airflow/.local/lib/python3.9/site-packages/airflow/example_dags/example_dag_decorator.py
[2025-12-11T23:25:21.576+0000] {processor.py:840} INFO - DAG(s) 'example_dag_decorator' retrieved from /home/airflow/.local/lib/python3.9/site-packages/airflow/example_dags/example_dag_decorator.py
[2025-12-11T23:25:21.620+0000] {logging_mixin.py:188} INFO - [2025-12-11T23:25:21.619+0000] {dag.py:3096} INFO - Sync 1 DAGs
[2025-12-11T23:25:21.642+0000] {logging_mixin.py:188} INFO - [2025-12-11T23:25:21.642+0000] {dag.py:3954} INFO - Setting next_dagrun for example_dag_decorator to None, run_after=None
[2025-12-11T23:25:21.673+0000] {processor.py:183} INFO - Processing /home/airflow/.local/lib/python3.9/site-packages/airflow/example_dags/example_dag_decorator.py took 0.227 seconds
[2025-12-11T23:25:51.798+0000] {processor.py:161} INFO - Started process (PID=4522) to work on /home/airflow/.local/lib/python3.9/site-packages/airflow/example_dags/example_dag_decorator.py
[2025-12-11T23:25:51.800+0000] {processor.py:830} INFO - Processing file /home/airflow/.local/lib/python3.9/site-packages/airflow/example_dags/example_dag_decorator.py for tasks to queue
[2025-12-11T23:25:51.803+0000] {logging_mixin.py:188} INFO - [2025-12-11T23:25:51.802+0000] {dagbag.py:545} INFO - Filling up the DagBag from /home/airflow/.local/lib/python3.9/site-packages/airflow/example_dags/example_dag_decorator.py
[2025-12-11T23:25:51.978+0000] {processor.py:840} INFO - DAG(s) 'example_dag_decorator' retrieved from /home/airflow/.local/lib/python3.9/site-packages/airflow/example_dags/example_dag_decorator.py
[2025-12-11T23:25:52.094+0000] {logging_mixin.py:188} INFO - [2025-12-11T23:25:52.094+0000] {dag.py:3096} INFO - Sync 1 DAGs
[2025-12-11T23:25:52.137+0000] {logging_mixin.py:188} INFO - [2025-12-11T23:25:52.136+0000] {dag.py:3954} INFO - Setting next_dagrun for example_dag_decorator to None, run_after=None
[2025-12-11T23:25:52.177+0000] {processor.py:183} INFO - Processing /home/airflow/.local/lib/python3.9/site-packages/airflow/example_dags/example_dag_decorator.py took 0.390 seconds
[2025-12-11T23:26:22.932+0000] {processor.py:161} INFO - Started process (PID=4593) to work on /home/airflow/.local/lib/python3.9/site-packages/airflow/example_dags/example_dag_decorator.py
[2025-12-11T23:26:22.937+0000] {processor.py:830} INFO - Processing file /home/airflow/.local/lib/python3.9/site-packages/airflow/example_dags/example_dag_decorator.py for tasks to queue
[2025-12-11T23:26:22.951+0000] {logging_mixin.py:188} INFO - [2025-12-11T23:26:22.950+0000] {dagbag.py:545} INFO - Filling up the DagBag from /home/airflow/.local/lib/python3.9/site-packages/airflow/example_dags/example_dag_decorator.py
[2025-12-11T23:26:23.433+0000] {processor.py:840} INFO - DAG(s) 'example_dag_decorator' retrieved from /home/airflow/.local/lib/python3.9/site-packages/airflow/example_dags/example_dag_decorator.py
[2025-12-11T23:26:23.556+0000] {logging_mixin.py:188} INFO - [2025-12-11T23:26:23.555+0000] {dag.py:3096} INFO - Sync 1 DAGs
[2025-12-11T23:26:23.634+0000] {logging_mixin.py:188} INFO - [2025-12-11T23:26:23.633+0000] {dag.py:3954} INFO - Setting next_dagrun for example_dag_decorator to None, run_after=None
[2025-12-11T23:26:23.754+0000] {processor.py:183} INFO - Processing /home/airflow/.local/lib/python3.9/site-packages/airflow/example_dags/example_dag_decorator.py took 0.864 seconds
[2025-12-11T23:26:54.200+0000] {processor.py:161} INFO - Started process (PID=4660) to work on /home/airflow/.local/lib/python3.9/site-packages/airflow/example_dags/example_dag_decorator.py
[2025-12-11T23:26:54.201+0000] {processor.py:830} INFO - Processing file /home/airflow/.local/lib/python3.9/site-packages/airflow/example_dags/example_dag_decorator.py for tasks to queue
[2025-12-11T23:26:54.204+0000] {logging_mixin.py:188} INFO - [2025-12-11T23:26:54.204+0000] {dagbag.py:545} INFO - Filling up the DagBag from /home/airflow/.local/lib/python3.9/site-packages/airflow/example_dags/example_dag_decorator.py
[2025-12-11T23:26:54.322+0000] {processor.py:840} INFO - DAG(s) 'example_dag_decorator' retrieved from /home/airflow/.local/lib/python3.9/site-packages/airflow/example_dags/example_dag_decorator.py
[2025-12-11T23:26:54.362+0000] {logging_mixin.py:188} INFO - [2025-12-11T23:26:54.362+0000] {dag.py:3096} INFO - Sync 1 DAGs
[2025-12-11T23:26:54.382+0000] {logging_mixin.py:188} INFO - [2025-12-11T23:26:54.382+0000] {dag.py:3954} INFO - Setting next_dagrun for example_dag_decorator to None, run_after=None
[2025-12-11T23:26:54.410+0000] {processor.py:183} INFO - Processing /home/airflow/.local/lib/python3.9/site-packages/airflow/example_dags/example_dag_decorator.py took 0.220 seconds
[2025-12-11T23:27:24.837+0000] {processor.py:161} INFO - Started process (PID=4727) to work on /home/airflow/.local/lib/python3.9/site-packages/airflow/example_dags/example_dag_decorator.py
[2025-12-11T23:27:24.839+0000] {processor.py:830} INFO - Processing file /home/airflow/.local/lib/python3.9/site-packages/airflow/example_dags/example_dag_decorator.py for tasks to queue
[2025-12-11T23:27:24.841+0000] {logging_mixin.py:188} INFO - [2025-12-11T23:27:24.841+0000] {dagbag.py:545} INFO - Filling up the DagBag from /home/airflow/.local/lib/python3.9/site-packages/airflow/example_dags/example_dag_decorator.py
[2025-12-11T23:27:25.063+0000] {processor.py:840} INFO - DAG(s) 'example_dag_decorator' retrieved from /home/airflow/.local/lib/python3.9/site-packages/airflow/example_dags/example_dag_decorator.py
[2025-12-11T23:27:25.402+0000] {logging_mixin.py:188} INFO - [2025-12-11T23:27:25.401+0000] {dag.py:3096} INFO - Sync 1 DAGs
[2025-12-11T23:27:25.432+0000] {logging_mixin.py:188} INFO - [2025-12-11T23:27:25.431+0000] {dag.py:3954} INFO - Setting next_dagrun for example_dag_decorator to None, run_after=None
[2025-12-11T23:27:25.658+0000] {processor.py:183} INFO - Processing /home/airflow/.local/lib/python3.9/site-packages/airflow/example_dags/example_dag_decorator.py took 0.831 seconds
[2025-12-11T23:27:56.351+0000] {processor.py:161} INFO - Started process (PID=4795) to work on /home/airflow/.local/lib/python3.9/site-packages/airflow/example_dags/example_dag_decorator.py
[2025-12-11T23:27:56.353+0000] {processor.py:830} INFO - Processing file /home/airflow/.local/lib/python3.9/site-packages/airflow/example_dags/example_dag_decorator.py for tasks to queue
[2025-12-11T23:27:56.357+0000] {logging_mixin.py:188} INFO - [2025-12-11T23:27:56.356+0000] {dagbag.py:545} INFO - Filling up the DagBag from /home/airflow/.local/lib/python3.9/site-packages/airflow/example_dags/example_dag_decorator.py
[2025-12-11T23:27:56.530+0000] {processor.py:840} INFO - DAG(s) 'example_dag_decorator' retrieved from /home/airflow/.local/lib/python3.9/site-packages/airflow/example_dags/example_dag_decorator.py
[2025-12-11T23:27:56.815+0000] {logging_mixin.py:188} INFO - [2025-12-11T23:27:56.814+0000] {dag.py:3096} INFO - Sync 1 DAGs
[2025-12-11T23:27:56.842+0000] {logging_mixin.py:188} INFO - [2025-12-11T23:27:56.841+0000] {dag.py:3954} INFO - Setting next_dagrun for example_dag_decorator to None, run_after=None
[2025-12-11T23:27:56.891+0000] {processor.py:183} INFO - Processing /home/airflow/.local/lib/python3.9/site-packages/airflow/example_dags/example_dag_decorator.py took 0.554 seconds
[2025-12-11T23:28:27.694+0000] {processor.py:161} INFO - Started process (PID=4869) to work on /home/airflow/.local/lib/python3.9/site-packages/airflow/example_dags/example_dag_decorator.py
[2025-12-11T23:28:27.709+0000] {processor.py:830} INFO - Processing file /home/airflow/.local/lib/python3.9/site-packages/airflow/example_dags/example_dag_decorator.py for tasks to queue
[2025-12-11T23:28:27.712+0000] {logging_mixin.py:188} INFO - [2025-12-11T23:28:27.711+0000] {dagbag.py:545} INFO - Filling up the DagBag from /home/airflow/.local/lib/python3.9/site-packages/airflow/example_dags/example_dag_decorator.py
[2025-12-11T23:28:27.910+0000] {processor.py:840} INFO - DAG(s) 'example_dag_decorator' retrieved from /home/airflow/.local/lib/python3.9/site-packages/airflow/example_dags/example_dag_decorator.py
[2025-12-11T23:28:28.160+0000] {logging_mixin.py:188} INFO - [2025-12-11T23:28:28.160+0000] {dag.py:3096} INFO - Sync 1 DAGs
[2025-12-11T23:28:28.198+0000] {logging_mixin.py:188} INFO - [2025-12-11T23:28:28.197+0000] {dag.py:3954} INFO - Setting next_dagrun for example_dag_decorator to None, run_after=None
[2025-12-11T23:28:28.251+0000] {processor.py:183} INFO - Processing /home/airflow/.local/lib/python3.9/site-packages/airflow/example_dags/example_dag_decorator.py took 0.576 seconds
[2025-12-11T23:28:58.390+0000] {processor.py:161} INFO - Started process (PID=4936) to work on /home/airflow/.local/lib/python3.9/site-packages/airflow/example_dags/example_dag_decorator.py
[2025-12-11T23:28:58.397+0000] {processor.py:830} INFO - Processing file /home/airflow/.local/lib/python3.9/site-packages/airflow/example_dags/example_dag_decorator.py for tasks to queue
[2025-12-11T23:28:58.405+0000] {logging_mixin.py:188} INFO - [2025-12-11T23:28:58.400+0000] {dagbag.py:545} INFO - Filling up the DagBag from /home/airflow/.local/lib/python3.9/site-packages/airflow/example_dags/example_dag_decorator.py
[2025-12-11T23:28:58.612+0000] {processor.py:840} INFO - DAG(s) 'example_dag_decorator' retrieved from /home/airflow/.local/lib/python3.9/site-packages/airflow/example_dags/example_dag_decorator.py
[2025-12-11T23:28:58.853+0000] {logging_mixin.py:188} INFO - [2025-12-11T23:28:58.852+0000] {dag.py:3096} INFO - Sync 1 DAGs
[2025-12-11T23:28:58.880+0000] {logging_mixin.py:188} INFO - [2025-12-11T23:28:58.879+0000] {dag.py:3954} INFO - Setting next_dagrun for example_dag_decorator to None, run_after=None
[2025-12-11T23:28:58.931+0000] {processor.py:183} INFO - Processing /home/airflow/.local/lib/python3.9/site-packages/airflow/example_dags/example_dag_decorator.py took 0.566 seconds
[2025-12-11T23:29:29.160+0000] {processor.py:161} INFO - Started process (PID=5005) to work on /home/airflow/.local/lib/python3.9/site-packages/airflow/example_dags/example_dag_decorator.py
[2025-12-11T23:29:29.161+0000] {processor.py:830} INFO - Processing file /home/airflow/.local/lib/python3.9/site-packages/airflow/example_dags/example_dag_decorator.py for tasks to queue
[2025-12-11T23:29:29.164+0000] {logging_mixin.py:188} INFO - [2025-12-11T23:29:29.164+0000] {dagbag.py:545} INFO - Filling up the DagBag from /home/airflow/.local/lib/python3.9/site-packages/airflow/example_dags/example_dag_decorator.py
[2025-12-11T23:29:29.287+0000] {processor.py:840} INFO - DAG(s) 'example_dag_decorator' retrieved from /home/airflow/.local/lib/python3.9/site-packages/airflow/example_dags/example_dag_decorator.py
[2025-12-11T23:29:29.328+0000] {logging_mixin.py:188} INFO - [2025-12-11T23:29:29.328+0000] {dag.py:3096} INFO - Sync 1 DAGs
[2025-12-11T23:29:29.350+0000] {logging_mixin.py:188} INFO - [2025-12-11T23:29:29.349+0000] {dag.py:3954} INFO - Setting next_dagrun for example_dag_decorator to None, run_after=None
[2025-12-11T23:29:29.378+0000] {processor.py:183} INFO - Processing /home/airflow/.local/lib/python3.9/site-packages/airflow/example_dags/example_dag_decorator.py took 0.230 seconds
[2025-12-11T23:29:59.660+0000] {processor.py:161} INFO - Started process (PID=5070) to work on /home/airflow/.local/lib/python3.9/site-packages/airflow/example_dags/example_dag_decorator.py
[2025-12-11T23:29:59.743+0000] {processor.py:830} INFO - Processing file /home/airflow/.local/lib/python3.9/site-packages/airflow/example_dags/example_dag_decorator.py for tasks to queue
[2025-12-11T23:29:59.746+0000] {logging_mixin.py:188} INFO - [2025-12-11T23:29:59.745+0000] {dagbag.py:545} INFO - Filling up the DagBag from /home/airflow/.local/lib/python3.9/site-packages/airflow/example_dags/example_dag_decorator.py
[2025-12-11T23:29:59.938+0000] {processor.py:840} INFO - DAG(s) 'example_dag_decorator' retrieved from /home/airflow/.local/lib/python3.9/site-packages/airflow/example_dags/example_dag_decorator.py
[2025-12-11T23:30:00.145+0000] {logging_mixin.py:188} INFO - [2025-12-11T23:30:00.145+0000] {dag.py:3096} INFO - Sync 1 DAGs
[2025-12-11T23:30:00.167+0000] {logging_mixin.py:188} INFO - [2025-12-11T23:30:00.166+0000] {dag.py:3954} INFO - Setting next_dagrun for example_dag_decorator to None, run_after=None
[2025-12-11T23:30:00.294+0000] {processor.py:183} INFO - Processing /home/airflow/.local/lib/python3.9/site-packages/airflow/example_dags/example_dag_decorator.py took 0.648 seconds
[2025-12-11T23:30:30.953+0000] {processor.py:161} INFO - Started process (PID=5137) to work on /home/airflow/.local/lib/python3.9/site-packages/airflow/example_dags/example_dag_decorator.py
[2025-12-11T23:30:30.954+0000] {processor.py:830} INFO - Processing file /home/airflow/.local/lib/python3.9/site-packages/airflow/example_dags/example_dag_decorator.py for tasks to queue
[2025-12-11T23:30:30.957+0000] {logging_mixin.py:188} INFO - [2025-12-11T23:30:30.957+0000] {dagbag.py:545} INFO - Filling up the DagBag from /home/airflow/.local/lib/python3.9/site-packages/airflow/example_dags/example_dag_decorator.py
[2025-12-11T23:30:31.173+0000] {processor.py:840} INFO - DAG(s) 'example_dag_decorator' retrieved from /home/airflow/.local/lib/python3.9/site-packages/airflow/example_dags/example_dag_decorator.py
[2025-12-11T23:30:31.476+0000] {logging_mixin.py:188} INFO - [2025-12-11T23:30:31.476+0000] {dag.py:3096} INFO - Sync 1 DAGs
[2025-12-11T23:30:31.510+0000] {logging_mixin.py:188} INFO - [2025-12-11T23:30:31.509+0000] {dag.py:3954} INFO - Setting next_dagrun for example_dag_decorator to None, run_after=None
[2025-12-11T23:30:31.573+0000] {processor.py:183} INFO - Processing /home/airflow/.local/lib/python3.9/site-packages/airflow/example_dags/example_dag_decorator.py took 0.639 seconds
[2025-12-11T23:31:02.479+0000] {processor.py:161} INFO - Started process (PID=5206) to work on /home/airflow/.local/lib/python3.9/site-packages/airflow/example_dags/example_dag_decorator.py
[2025-12-11T23:31:02.481+0000] {processor.py:830} INFO - Processing file /home/airflow/.local/lib/python3.9/site-packages/airflow/example_dags/example_dag_decorator.py for tasks to queue
[2025-12-11T23:31:02.484+0000] {logging_mixin.py:188} INFO - [2025-12-11T23:31:02.483+0000] {dagbag.py:545} INFO - Filling up the DagBag from /home/airflow/.local/lib/python3.9/site-packages/airflow/example_dags/example_dag_decorator.py
[2025-12-11T23:31:02.677+0000] {processor.py:840} INFO - DAG(s) 'example_dag_decorator' retrieved from /home/airflow/.local/lib/python3.9/site-packages/airflow/example_dags/example_dag_decorator.py
[2025-12-11T23:31:02.839+0000] {logging_mixin.py:188} INFO - [2025-12-11T23:31:02.838+0000] {dag.py:3096} INFO - Sync 1 DAGs
[2025-12-11T23:31:02.859+0000] {logging_mixin.py:188} INFO - [2025-12-11T23:31:02.859+0000] {dag.py:3954} INFO - Setting next_dagrun for example_dag_decorator to None, run_after=None
[2025-12-11T23:31:02.891+0000] {processor.py:183} INFO - Processing /home/airflow/.local/lib/python3.9/site-packages/airflow/example_dags/example_dag_decorator.py took 0.423 seconds
[2025-12-11T23:31:33.078+0000] {processor.py:161} INFO - Started process (PID=5274) to work on /home/airflow/.local/lib/python3.9/site-packages/airflow/example_dags/example_dag_decorator.py
[2025-12-11T23:31:33.090+0000] {processor.py:830} INFO - Processing file /home/airflow/.local/lib/python3.9/site-packages/airflow/example_dags/example_dag_decorator.py for tasks to queue
[2025-12-11T23:31:33.093+0000] {logging_mixin.py:188} INFO - [2025-12-11T23:31:33.093+0000] {dagbag.py:545} INFO - Filling up the DagBag from /home/airflow/.local/lib/python3.9/site-packages/airflow/example_dags/example_dag_decorator.py
[2025-12-11T23:31:33.302+0000] {processor.py:840} INFO - DAG(s) 'example_dag_decorator' retrieved from /home/airflow/.local/lib/python3.9/site-packages/airflow/example_dags/example_dag_decorator.py
[2025-12-11T23:31:33.532+0000] {logging_mixin.py:188} INFO - [2025-12-11T23:31:33.532+0000] {dag.py:3096} INFO - Sync 1 DAGs
[2025-12-11T23:31:33.557+0000] {logging_mixin.py:188} INFO - [2025-12-11T23:31:33.556+0000] {dag.py:3954} INFO - Setting next_dagrun for example_dag_decorator to None, run_after=None
[2025-12-11T23:31:33.599+0000] {processor.py:183} INFO - Processing /home/airflow/.local/lib/python3.9/site-packages/airflow/example_dags/example_dag_decorator.py took 0.543 seconds
[2025-12-11T23:32:04.050+0000] {processor.py:161} INFO - Started process (PID=5342) to work on /home/airflow/.local/lib/python3.9/site-packages/airflow/example_dags/example_dag_decorator.py
[2025-12-11T23:32:04.052+0000] {processor.py:830} INFO - Processing file /home/airflow/.local/lib/python3.9/site-packages/airflow/example_dags/example_dag_decorator.py for tasks to queue
[2025-12-11T23:32:04.055+0000] {logging_mixin.py:188} INFO - [2025-12-11T23:32:04.055+0000] {dagbag.py:545} INFO - Filling up the DagBag from /home/airflow/.local/lib/python3.9/site-packages/airflow/example_dags/example_dag_decorator.py
[2025-12-11T23:32:04.179+0000] {processor.py:840} INFO - DAG(s) 'example_dag_decorator' retrieved from /home/airflow/.local/lib/python3.9/site-packages/airflow/example_dags/example_dag_decorator.py
[2025-12-11T23:32:04.323+0000] {logging_mixin.py:188} INFO - [2025-12-11T23:32:04.323+0000] {dag.py:3096} INFO - Sync 1 DAGs
[2025-12-11T23:32:04.341+0000] {logging_mixin.py:188} INFO - [2025-12-11T23:32:04.340+0000] {dag.py:3954} INFO - Setting next_dagrun for example_dag_decorator to None, run_after=None
[2025-12-11T23:32:04.385+0000] {processor.py:183} INFO - Processing /home/airflow/.local/lib/python3.9/site-packages/airflow/example_dags/example_dag_decorator.py took 0.347 seconds
[2025-12-11T23:32:34.706+0000] {processor.py:161} INFO - Started process (PID=5407) to work on /home/airflow/.local/lib/python3.9/site-packages/airflow/example_dags/example_dag_decorator.py
[2025-12-11T23:32:34.710+0000] {processor.py:830} INFO - Processing file /home/airflow/.local/lib/python3.9/site-packages/airflow/example_dags/example_dag_decorator.py for tasks to queue
[2025-12-11T23:32:34.713+0000] {logging_mixin.py:188} INFO - [2025-12-11T23:32:34.713+0000] {dagbag.py:545} INFO - Filling up the DagBag from /home/airflow/.local/lib/python3.9/site-packages/airflow/example_dags/example_dag_decorator.py
[2025-12-11T23:32:34.911+0000] {processor.py:840} INFO - DAG(s) 'example_dag_decorator' retrieved from /home/airflow/.local/lib/python3.9/site-packages/airflow/example_dags/example_dag_decorator.py
[2025-12-11T23:32:35.070+0000] {logging_mixin.py:188} INFO - [2025-12-11T23:32:35.069+0000] {dag.py:3096} INFO - Sync 1 DAGs
[2025-12-11T23:32:35.090+0000] {logging_mixin.py:188} INFO - [2025-12-11T23:32:35.090+0000] {dag.py:3954} INFO - Setting next_dagrun for example_dag_decorator to None, run_after=None
[2025-12-11T23:32:35.125+0000] {processor.py:183} INFO - Processing /home/airflow/.local/lib/python3.9/site-packages/airflow/example_dags/example_dag_decorator.py took 0.430 seconds
[2025-12-11T23:33:05.395+0000] {processor.py:161} INFO - Started process (PID=5482) to work on /home/airflow/.local/lib/python3.9/site-packages/airflow/example_dags/example_dag_decorator.py
[2025-12-11T23:33:05.397+0000] {processor.py:830} INFO - Processing file /home/airflow/.local/lib/python3.9/site-packages/airflow/example_dags/example_dag_decorator.py for tasks to queue
[2025-12-11T23:33:05.400+0000] {logging_mixin.py:188} INFO - [2025-12-11T23:33:05.399+0000] {dagbag.py:545} INFO - Filling up the DagBag from /home/airflow/.local/lib/python3.9/site-packages/airflow/example_dags/example_dag_decorator.py
[2025-12-11T23:33:05.621+0000] {processor.py:840} INFO - DAG(s) 'example_dag_decorator' retrieved from /home/airflow/.local/lib/python3.9/site-packages/airflow/example_dags/example_dag_decorator.py
[2025-12-11T23:33:05.951+0000] {logging_mixin.py:188} INFO - [2025-12-11T23:33:05.950+0000] {dag.py:3096} INFO - Sync 1 DAGs
[2025-12-11T23:33:05.979+0000] {logging_mixin.py:188} INFO - [2025-12-11T23:33:05.979+0000] {dag.py:3954} INFO - Setting next_dagrun for example_dag_decorator to None, run_after=None
[2025-12-11T23:33:06.037+0000] {processor.py:183} INFO - Processing /home/airflow/.local/lib/python3.9/site-packages/airflow/example_dags/example_dag_decorator.py took 0.663 seconds
[2025-12-11T23:33:36.752+0000] {processor.py:161} INFO - Started process (PID=5550) to work on /home/airflow/.local/lib/python3.9/site-packages/airflow/example_dags/example_dag_decorator.py
[2025-12-11T23:33:36.755+0000] {processor.py:830} INFO - Processing file /home/airflow/.local/lib/python3.9/site-packages/airflow/example_dags/example_dag_decorator.py for tasks to queue
[2025-12-11T23:33:36.758+0000] {logging_mixin.py:188} INFO - [2025-12-11T23:33:36.758+0000] {dagbag.py:545} INFO - Filling up the DagBag from /home/airflow/.local/lib/python3.9/site-packages/airflow/example_dags/example_dag_decorator.py
[2025-12-11T23:33:37.135+0000] {processor.py:840} INFO - DAG(s) 'example_dag_decorator' retrieved from /home/airflow/.local/lib/python3.9/site-packages/airflow/example_dags/example_dag_decorator.py
[2025-12-11T23:33:37.552+0000] {logging_mixin.py:188} INFO - [2025-12-11T23:33:37.552+0000] {dag.py:3096} INFO - Sync 1 DAGs
[2025-12-11T23:33:37.591+0000] {logging_mixin.py:188} INFO - [2025-12-11T23:33:37.590+0000] {dag.py:3954} INFO - Setting next_dagrun for example_dag_decorator to None, run_after=None
[2025-12-11T23:33:37.677+0000] {processor.py:183} INFO - Processing /home/airflow/.local/lib/python3.9/site-packages/airflow/example_dags/example_dag_decorator.py took 0.956 seconds
[2025-12-11T23:34:07.989+0000] {processor.py:161} INFO - Started process (PID=5618) to work on /home/airflow/.local/lib/python3.9/site-packages/airflow/example_dags/example_dag_decorator.py
[2025-12-11T23:34:07.997+0000] {processor.py:830} INFO - Processing file /home/airflow/.local/lib/python3.9/site-packages/airflow/example_dags/example_dag_decorator.py for tasks to queue
[2025-12-11T23:34:08.000+0000] {logging_mixin.py:188} INFO - [2025-12-11T23:34:08.000+0000] {dagbag.py:545} INFO - Filling up the DagBag from /home/airflow/.local/lib/python3.9/site-packages/airflow/example_dags/example_dag_decorator.py
[2025-12-11T23:34:08.170+0000] {processor.py:840} INFO - DAG(s) 'example_dag_decorator' retrieved from /home/airflow/.local/lib/python3.9/site-packages/airflow/example_dags/example_dag_decorator.py
[2025-12-11T23:34:08.392+0000] {logging_mixin.py:188} INFO - [2025-12-11T23:34:08.391+0000] {dag.py:3096} INFO - Sync 1 DAGs
[2025-12-11T23:34:08.419+0000] {logging_mixin.py:188} INFO - [2025-12-11T23:34:08.419+0000] {dag.py:3954} INFO - Setting next_dagrun for example_dag_decorator to None, run_after=None
[2025-12-11T23:34:08.475+0000] {processor.py:183} INFO - Processing /home/airflow/.local/lib/python3.9/site-packages/airflow/example_dags/example_dag_decorator.py took 0.504 seconds
[2025-12-11T23:34:38.614+0000] {processor.py:161} INFO - Started process (PID=5685) to work on /home/airflow/.local/lib/python3.9/site-packages/airflow/example_dags/example_dag_decorator.py
[2025-12-11T23:34:38.630+0000] {processor.py:830} INFO - Processing file /home/airflow/.local/lib/python3.9/site-packages/airflow/example_dags/example_dag_decorator.py for tasks to queue
[2025-12-11T23:34:38.634+0000] {logging_mixin.py:188} INFO - [2025-12-11T23:34:38.634+0000] {dagbag.py:545} INFO - Filling up the DagBag from /home/airflow/.local/lib/python3.9/site-packages/airflow/example_dags/example_dag_decorator.py
[2025-12-11T23:34:38.930+0000] {processor.py:840} INFO - DAG(s) 'example_dag_decorator' retrieved from /home/airflow/.local/lib/python3.9/site-packages/airflow/example_dags/example_dag_decorator.py
[2025-12-11T23:34:39.241+0000] {logging_mixin.py:188} INFO - [2025-12-11T23:34:39.240+0000] {dag.py:3096} INFO - Sync 1 DAGs
[2025-12-11T23:34:39.277+0000] {logging_mixin.py:188} INFO - [2025-12-11T23:34:39.277+0000] {dag.py:3954} INFO - Setting next_dagrun for example_dag_decorator to None, run_after=None
[2025-12-11T23:34:39.333+0000] {processor.py:183} INFO - Processing /home/airflow/.local/lib/python3.9/site-packages/airflow/example_dags/example_dag_decorator.py took 0.743 seconds
[2025-12-11T23:35:09.520+0000] {processor.py:161} INFO - Started process (PID=5751) to work on /home/airflow/.local/lib/python3.9/site-packages/airflow/example_dags/example_dag_decorator.py
[2025-12-11T23:35:09.598+0000] {processor.py:830} INFO - Processing file /home/airflow/.local/lib/python3.9/site-packages/airflow/example_dags/example_dag_decorator.py for tasks to queue
[2025-12-11T23:35:09.612+0000] {logging_mixin.py:188} INFO - [2025-12-11T23:35:09.611+0000] {dagbag.py:545} INFO - Filling up the DagBag from /home/airflow/.local/lib/python3.9/site-packages/airflow/example_dags/example_dag_decorator.py
[2025-12-11T23:35:09.841+0000] {processor.py:840} INFO - DAG(s) 'example_dag_decorator' retrieved from /home/airflow/.local/lib/python3.9/site-packages/airflow/example_dags/example_dag_decorator.py
[2025-12-11T23:35:10.173+0000] {logging_mixin.py:188} INFO - [2025-12-11T23:35:10.172+0000] {dag.py:3096} INFO - Sync 1 DAGs
[2025-12-11T23:35:10.215+0000] {logging_mixin.py:188} INFO - [2025-12-11T23:35:10.215+0000] {dag.py:3954} INFO - Setting next_dagrun for example_dag_decorator to None, run_after=None
[2025-12-11T23:35:10.293+0000] {processor.py:183} INFO - Processing /home/airflow/.local/lib/python3.9/site-packages/airflow/example_dags/example_dag_decorator.py took 0.792 seconds
[2025-12-11T23:35:40.390+0000] {processor.py:161} INFO - Started process (PID=5817) to work on /home/airflow/.local/lib/python3.9/site-packages/airflow/example_dags/example_dag_decorator.py
[2025-12-11T23:35:40.392+0000] {processor.py:830} INFO - Processing file /home/airflow/.local/lib/python3.9/site-packages/airflow/example_dags/example_dag_decorator.py for tasks to queue
[2025-12-11T23:35:40.395+0000] {logging_mixin.py:188} INFO - [2025-12-11T23:35:40.394+0000] {dagbag.py:545} INFO - Filling up the DagBag from /home/airflow/.local/lib/python3.9/site-packages/airflow/example_dags/example_dag_decorator.py
[2025-12-11T23:35:40.619+0000] {processor.py:840} INFO - DAG(s) 'example_dag_decorator' retrieved from /home/airflow/.local/lib/python3.9/site-packages/airflow/example_dags/example_dag_decorator.py
[2025-12-11T23:35:40.997+0000] {logging_mixin.py:188} INFO - [2025-12-11T23:35:40.996+0000] {dag.py:3096} INFO - Sync 1 DAGs
[2025-12-11T23:35:41.031+0000] {logging_mixin.py:188} INFO - [2025-12-11T23:35:41.030+0000] {dag.py:3954} INFO - Setting next_dagrun for example_dag_decorator to None, run_after=None
[2025-12-11T23:35:41.150+0000] {processor.py:183} INFO - Processing /home/airflow/.local/lib/python3.9/site-packages/airflow/example_dags/example_dag_decorator.py took 0.790 seconds
[2025-12-11T23:36:11.490+0000] {processor.py:161} INFO - Started process (PID=5884) to work on /home/airflow/.local/lib/python3.9/site-packages/airflow/example_dags/example_dag_decorator.py
[2025-12-11T23:36:11.492+0000] {processor.py:830} INFO - Processing file /home/airflow/.local/lib/python3.9/site-packages/airflow/example_dags/example_dag_decorator.py for tasks to queue
[2025-12-11T23:36:11.495+0000] {logging_mixin.py:188} INFO - [2025-12-11T23:36:11.494+0000] {dagbag.py:545} INFO - Filling up the DagBag from /home/airflow/.local/lib/python3.9/site-packages/airflow/example_dags/example_dag_decorator.py
[2025-12-11T23:36:11.696+0000] {processor.py:840} INFO - DAG(s) 'example_dag_decorator' retrieved from /home/airflow/.local/lib/python3.9/site-packages/airflow/example_dags/example_dag_decorator.py
[2025-12-11T23:36:12.112+0000] {logging_mixin.py:188} INFO - [2025-12-11T23:36:12.112+0000] {dag.py:3096} INFO - Sync 1 DAGs
[2025-12-11T23:36:12.181+0000] {logging_mixin.py:188} INFO - [2025-12-11T23:36:12.180+0000] {dag.py:3954} INFO - Setting next_dagrun for example_dag_decorator to None, run_after=None
[2025-12-11T23:36:12.290+0000] {processor.py:183} INFO - Processing /home/airflow/.local/lib/python3.9/site-packages/airflow/example_dags/example_dag_decorator.py took 0.818 seconds
[2025-12-11T23:36:42.531+0000] {processor.py:161} INFO - Started process (PID=5953) to work on /home/airflow/.local/lib/python3.9/site-packages/airflow/example_dags/example_dag_decorator.py
[2025-12-11T23:36:42.533+0000] {processor.py:830} INFO - Processing file /home/airflow/.local/lib/python3.9/site-packages/airflow/example_dags/example_dag_decorator.py for tasks to queue
[2025-12-11T23:36:42.536+0000] {logging_mixin.py:188} INFO - [2025-12-11T23:36:42.535+0000] {dagbag.py:545} INFO - Filling up the DagBag from /home/airflow/.local/lib/python3.9/site-packages/airflow/example_dags/example_dag_decorator.py
[2025-12-11T23:36:42.739+0000] {processor.py:840} INFO - DAG(s) 'example_dag_decorator' retrieved from /home/airflow/.local/lib/python3.9/site-packages/airflow/example_dags/example_dag_decorator.py
[2025-12-11T23:36:42.978+0000] {logging_mixin.py:188} INFO - [2025-12-11T23:36:42.977+0000] {dag.py:3096} INFO - Sync 1 DAGs
[2025-12-11T23:36:43.001+0000] {logging_mixin.py:188} INFO - [2025-12-11T23:36:43.001+0000] {dag.py:3954} INFO - Setting next_dagrun for example_dag_decorator to None, run_after=None
[2025-12-11T23:36:43.042+0000] {processor.py:183} INFO - Processing /home/airflow/.local/lib/python3.9/site-packages/airflow/example_dags/example_dag_decorator.py took 0.544 seconds
[2025-12-11T23:37:13.633+0000] {processor.py:161} INFO - Started process (PID=6020) to work on /home/airflow/.local/lib/python3.9/site-packages/airflow/example_dags/example_dag_decorator.py
[2025-12-11T23:37:13.635+0000] {processor.py:830} INFO - Processing file /home/airflow/.local/lib/python3.9/site-packages/airflow/example_dags/example_dag_decorator.py for tasks to queue
[2025-12-11T23:37:13.638+0000] {logging_mixin.py:188} INFO - [2025-12-11T23:37:13.637+0000] {dagbag.py:545} INFO - Filling up the DagBag from /home/airflow/.local/lib/python3.9/site-packages/airflow/example_dags/example_dag_decorator.py
[2025-12-11T23:37:13.750+0000] {processor.py:840} INFO - DAG(s) 'example_dag_decorator' retrieved from /home/airflow/.local/lib/python3.9/site-packages/airflow/example_dags/example_dag_decorator.py
[2025-12-11T23:37:13.885+0000] {logging_mixin.py:188} INFO - [2025-12-11T23:37:13.885+0000] {dag.py:3096} INFO - Sync 1 DAGs
[2025-12-11T23:37:13.903+0000] {logging_mixin.py:188} INFO - [2025-12-11T23:37:13.903+0000] {dag.py:3954} INFO - Setting next_dagrun for example_dag_decorator to None, run_after=None
[2025-12-11T23:37:14.199+0000] {processor.py:183} INFO - Processing /home/airflow/.local/lib/python3.9/site-packages/airflow/example_dags/example_dag_decorator.py took 0.577 seconds
[2025-12-11T23:37:44.405+0000] {processor.py:161} INFO - Started process (PID=6089) to work on /home/airflow/.local/lib/python3.9/site-packages/airflow/example_dags/example_dag_decorator.py
[2025-12-11T23:37:44.406+0000] {processor.py:830} INFO - Processing file /home/airflow/.local/lib/python3.9/site-packages/airflow/example_dags/example_dag_decorator.py for tasks to queue
[2025-12-11T23:37:44.410+0000] {logging_mixin.py:188} INFO - [2025-12-11T23:37:44.409+0000] {dagbag.py:545} INFO - Filling up the DagBag from /home/airflow/.local/lib/python3.9/site-packages/airflow/example_dags/example_dag_decorator.py
[2025-12-11T23:37:44.533+0000] {processor.py:840} INFO - DAG(s) 'example_dag_decorator' retrieved from /home/airflow/.local/lib/python3.9/site-packages/airflow/example_dags/example_dag_decorator.py
[2025-12-11T23:37:44.692+0000] {logging_mixin.py:188} INFO - [2025-12-11T23:37:44.692+0000] {dag.py:3096} INFO - Sync 1 DAGs
[2025-12-11T23:37:44.955+0000] {logging_mixin.py:188} INFO - [2025-12-11T23:37:44.955+0000] {dag.py:3954} INFO - Setting next_dagrun for example_dag_decorator to None, run_after=None
[2025-12-11T23:37:44.979+0000] {processor.py:183} INFO - Processing /home/airflow/.local/lib/python3.9/site-packages/airflow/example_dags/example_dag_decorator.py took 0.585 seconds
[2025-12-11T23:38:15.344+0000] {processor.py:161} INFO - Started process (PID=6158) to work on /home/airflow/.local/lib/python3.9/site-packages/airflow/example_dags/example_dag_decorator.py
[2025-12-11T23:38:15.376+0000] {processor.py:830} INFO - Processing file /home/airflow/.local/lib/python3.9/site-packages/airflow/example_dags/example_dag_decorator.py for tasks to queue
[2025-12-11T23:38:15.380+0000] {logging_mixin.py:188} INFO - [2025-12-11T23:38:15.379+0000] {dagbag.py:545} INFO - Filling up the DagBag from /home/airflow/.local/lib/python3.9/site-packages/airflow/example_dags/example_dag_decorator.py
[2025-12-11T23:38:15.539+0000] {processor.py:840} INFO - DAG(s) 'example_dag_decorator' retrieved from /home/airflow/.local/lib/python3.9/site-packages/airflow/example_dags/example_dag_decorator.py
[2025-12-11T23:38:15.697+0000] {logging_mixin.py:188} INFO - [2025-12-11T23:38:15.697+0000] {dag.py:3096} INFO - Sync 1 DAGs
[2025-12-11T23:38:16.034+0000] {logging_mixin.py:188} INFO - [2025-12-11T23:38:16.034+0000] {dag.py:3954} INFO - Setting next_dagrun for example_dag_decorator to None, run_after=None
[2025-12-11T23:38:16.256+0000] {processor.py:183} INFO - Processing /home/airflow/.local/lib/python3.9/site-packages/airflow/example_dags/example_dag_decorator.py took 0.925 seconds
[2025-12-11T23:38:46.665+0000] {processor.py:161} INFO - Started process (PID=6227) to work on /home/airflow/.local/lib/python3.9/site-packages/airflow/example_dags/example_dag_decorator.py
[2025-12-11T23:38:46.681+0000] {processor.py:830} INFO - Processing file /home/airflow/.local/lib/python3.9/site-packages/airflow/example_dags/example_dag_decorator.py for tasks to queue
[2025-12-11T23:38:46.684+0000] {logging_mixin.py:188} INFO - [2025-12-11T23:38:46.684+0000] {dagbag.py:545} INFO - Filling up the DagBag from /home/airflow/.local/lib/python3.9/site-packages/airflow/example_dags/example_dag_decorator.py
[2025-12-11T23:38:46.902+0000] {processor.py:840} INFO - DAG(s) 'example_dag_decorator' retrieved from /home/airflow/.local/lib/python3.9/site-packages/airflow/example_dags/example_dag_decorator.py
[2025-12-11T23:38:47.320+0000] {logging_mixin.py:188} INFO - [2025-12-11T23:38:47.320+0000] {dag.py:3096} INFO - Sync 1 DAGs
[2025-12-11T23:38:47.335+0000] {logging_mixin.py:188} INFO - [2025-12-11T23:38:47.335+0000] {dag.py:3954} INFO - Setting next_dagrun for example_dag_decorator to None, run_after=None
[2025-12-11T23:38:47.370+0000] {processor.py:183} INFO - Processing /home/airflow/.local/lib/python3.9/site-packages/airflow/example_dags/example_dag_decorator.py took 0.719 seconds
[2025-12-11T23:39:18.260+0000] {processor.py:161} INFO - Started process (PID=6295) to work on /home/airflow/.local/lib/python3.9/site-packages/airflow/example_dags/example_dag_decorator.py
[2025-12-11T23:39:18.320+0000] {processor.py:830} INFO - Processing file /home/airflow/.local/lib/python3.9/site-packages/airflow/example_dags/example_dag_decorator.py for tasks to queue
[2025-12-11T23:39:18.324+0000] {logging_mixin.py:188} INFO - [2025-12-11T23:39:18.323+0000] {dagbag.py:545} INFO - Filling up the DagBag from /home/airflow/.local/lib/python3.9/site-packages/airflow/example_dags/example_dag_decorator.py
[2025-12-11T23:39:18.457+0000] {processor.py:840} INFO - DAG(s) 'example_dag_decorator' retrieved from /home/airflow/.local/lib/python3.9/site-packages/airflow/example_dags/example_dag_decorator.py
[2025-12-11T23:39:18.865+0000] {logging_mixin.py:188} INFO - [2025-12-11T23:39:18.864+0000] {dag.py:3096} INFO - Sync 1 DAGs
[2025-12-11T23:39:18.880+0000] {logging_mixin.py:188} INFO - [2025-12-11T23:39:18.880+0000] {dag.py:3954} INFO - Setting next_dagrun for example_dag_decorator to None, run_after=None
[2025-12-11T23:39:19.072+0000] {processor.py:183} INFO - Processing /home/airflow/.local/lib/python3.9/site-packages/airflow/example_dags/example_dag_decorator.py took 0.832 seconds
[2025-12-11T23:39:49.625+0000] {processor.py:161} INFO - Started process (PID=6362) to work on /home/airflow/.local/lib/python3.9/site-packages/airflow/example_dags/example_dag_decorator.py
[2025-12-11T23:39:49.737+0000] {processor.py:830} INFO - Processing file /home/airflow/.local/lib/python3.9/site-packages/airflow/example_dags/example_dag_decorator.py for tasks to queue
[2025-12-11T23:39:49.786+0000] {logging_mixin.py:188} INFO - [2025-12-11T23:39:49.785+0000] {dagbag.py:545} INFO - Filling up the DagBag from /home/airflow/.local/lib/python3.9/site-packages/airflow/example_dags/example_dag_decorator.py
[2025-12-11T23:39:49.922+0000] {processor.py:840} INFO - DAG(s) 'example_dag_decorator' retrieved from /home/airflow/.local/lib/python3.9/site-packages/airflow/example_dags/example_dag_decorator.py
[2025-12-11T23:39:50.309+0000] {logging_mixin.py:188} INFO - [2025-12-11T23:39:50.309+0000] {dag.py:3096} INFO - Sync 1 DAGs
[2025-12-11T23:39:50.325+0000] {logging_mixin.py:188} INFO - [2025-12-11T23:39:50.325+0000] {dag.py:3954} INFO - Setting next_dagrun for example_dag_decorator to None, run_after=None
[2025-12-11T23:39:50.353+0000] {processor.py:183} INFO - Processing /home/airflow/.local/lib/python3.9/site-packages/airflow/example_dags/example_dag_decorator.py took 0.738 seconds
[2025-12-11T23:40:20.698+0000] {processor.py:161} INFO - Started process (PID=6429) to work on /home/airflow/.local/lib/python3.9/site-packages/airflow/example_dags/example_dag_decorator.py
[2025-12-11T23:40:20.705+0000] {processor.py:830} INFO - Processing file /home/airflow/.local/lib/python3.9/site-packages/airflow/example_dags/example_dag_decorator.py for tasks to queue
[2025-12-11T23:40:20.708+0000] {logging_mixin.py:188} INFO - [2025-12-11T23:40:20.707+0000] {dagbag.py:545} INFO - Filling up the DagBag from /home/airflow/.local/lib/python3.9/site-packages/airflow/example_dags/example_dag_decorator.py
[2025-12-11T23:40:20.831+0000] {processor.py:840} INFO - DAG(s) 'example_dag_decorator' retrieved from /home/airflow/.local/lib/python3.9/site-packages/airflow/example_dags/example_dag_decorator.py
[2025-12-11T23:40:21.186+0000] {logging_mixin.py:188} INFO - [2025-12-11T23:40:21.185+0000] {dag.py:3096} INFO - Sync 1 DAGs
[2025-12-11T23:40:21.200+0000] {logging_mixin.py:188} INFO - [2025-12-11T23:40:21.200+0000] {dag.py:3954} INFO - Setting next_dagrun for example_dag_decorator to None, run_after=None
[2025-12-11T23:40:21.227+0000] {processor.py:183} INFO - Processing /home/airflow/.local/lib/python3.9/site-packages/airflow/example_dags/example_dag_decorator.py took 0.539 seconds
[2025-12-11T23:40:51.566+0000] {processor.py:161} INFO - Started process (PID=6496) to work on /home/airflow/.local/lib/python3.9/site-packages/airflow/example_dags/example_dag_decorator.py
[2025-12-11T23:40:51.568+0000] {processor.py:830} INFO - Processing file /home/airflow/.local/lib/python3.9/site-packages/airflow/example_dags/example_dag_decorator.py for tasks to queue
[2025-12-11T23:40:51.571+0000] {logging_mixin.py:188} INFO - [2025-12-11T23:40:51.571+0000] {dagbag.py:545} INFO - Filling up the DagBag from /home/airflow/.local/lib/python3.9/site-packages/airflow/example_dags/example_dag_decorator.py
[2025-12-11T23:40:51.679+0000] {processor.py:840} INFO - DAG(s) 'example_dag_decorator' retrieved from /home/airflow/.local/lib/python3.9/site-packages/airflow/example_dags/example_dag_decorator.py
[2025-12-11T23:40:52.090+0000] {logging_mixin.py:188} INFO - [2025-12-11T23:40:52.089+0000] {dag.py:3096} INFO - Sync 1 DAGs
[2025-12-11T23:40:52.106+0000] {logging_mixin.py:188} INFO - [2025-12-11T23:40:52.105+0000] {dag.py:3954} INFO - Setting next_dagrun for example_dag_decorator to None, run_after=None
[2025-12-11T23:40:52.133+0000] {processor.py:183} INFO - Processing /home/airflow/.local/lib/python3.9/site-packages/airflow/example_dags/example_dag_decorator.py took 0.578 seconds
[2025-12-11T23:41:23.024+0000] {processor.py:161} INFO - Started process (PID=6563) to work on /home/airflow/.local/lib/python3.9/site-packages/airflow/example_dags/example_dag_decorator.py
[2025-12-11T23:41:23.026+0000] {processor.py:830} INFO - Processing file /home/airflow/.local/lib/python3.9/site-packages/airflow/example_dags/example_dag_decorator.py for tasks to queue
[2025-12-11T23:41:23.029+0000] {logging_mixin.py:188} INFO - [2025-12-11T23:41:23.028+0000] {dagbag.py:545} INFO - Filling up the DagBag from /home/airflow/.local/lib/python3.9/site-packages/airflow/example_dags/example_dag_decorator.py
[2025-12-11T23:41:23.140+0000] {processor.py:840} INFO - DAG(s) 'example_dag_decorator' retrieved from /home/airflow/.local/lib/python3.9/site-packages/airflow/example_dags/example_dag_decorator.py
[2025-12-11T23:41:23.527+0000] {logging_mixin.py:188} INFO - [2025-12-11T23:41:23.526+0000] {dag.py:3096} INFO - Sync 1 DAGs
[2025-12-11T23:41:23.553+0000] {logging_mixin.py:188} INFO - [2025-12-11T23:41:23.553+0000] {dag.py:3954} INFO - Setting next_dagrun for example_dag_decorator to None, run_after=None
[2025-12-11T23:41:23.602+0000] {processor.py:183} INFO - Processing /home/airflow/.local/lib/python3.9/site-packages/airflow/example_dags/example_dag_decorator.py took 0.589 seconds
[2025-12-11T23:41:54.234+0000] {processor.py:161} INFO - Started process (PID=6637) to work on /home/airflow/.local/lib/python3.9/site-packages/airflow/example_dags/example_dag_decorator.py
[2025-12-11T23:41:54.236+0000] {processor.py:830} INFO - Processing file /home/airflow/.local/lib/python3.9/site-packages/airflow/example_dags/example_dag_decorator.py for tasks to queue
[2025-12-11T23:41:54.239+0000] {logging_mixin.py:188} INFO - [2025-12-11T23:41:54.238+0000] {dagbag.py:545} INFO - Filling up the DagBag from /home/airflow/.local/lib/python3.9/site-packages/airflow/example_dags/example_dag_decorator.py
[2025-12-11T23:41:54.434+0000] {processor.py:840} INFO - DAG(s) 'example_dag_decorator' retrieved from /home/airflow/.local/lib/python3.9/site-packages/airflow/example_dags/example_dag_decorator.py
[2025-12-11T23:41:55.250+0000] {logging_mixin.py:188} INFO - [2025-12-11T23:41:55.236+0000] {dag.py:3096} INFO - Sync 1 DAGs
[2025-12-11T23:41:55.331+0000] {logging_mixin.py:188} INFO - [2025-12-11T23:41:55.330+0000] {dag.py:3954} INFO - Setting next_dagrun for example_dag_decorator to None, run_after=None
[2025-12-11T23:41:55.456+0000] {processor.py:183} INFO - Processing /home/airflow/.local/lib/python3.9/site-packages/airflow/example_dags/example_dag_decorator.py took 1.241 seconds
