[2025-12-11T22:52:20.171+0000] {processor.py:161} INFO - Started process (PID=123) to work on /home/airflow/.local/lib/python3.9/site-packages/airflow/example_dags/example_latest_only_with_trigger.py
[2025-12-11T22:52:20.173+0000] {processor.py:830} INFO - Processing file /home/airflow/.local/lib/python3.9/site-packages/airflow/example_dags/example_latest_only_with_trigger.py for tasks to queue
[2025-12-11T22:52:20.190+0000] {logging_mixin.py:188} INFO - [2025-12-11T22:52:20.189+0000] {dagbag.py:545} INFO - Filling up the DagBag from /home/airflow/.local/lib/python3.9/site-packages/airflow/example_dags/example_latest_only_with_trigger.py
[2025-12-11T22:52:20.254+0000] {processor.py:840} INFO - DAG(s) 'latest_only_with_trigger' retrieved from /home/airflow/.local/lib/python3.9/site-packages/airflow/example_dags/example_latest_only_with_trigger.py
[2025-12-11T22:52:20.931+0000] {logging_mixin.py:188} INFO - [2025-12-11T22:52:20.930+0000] {dag.py:3096} INFO - Sync 1 DAGs
[2025-12-11T22:52:21.070+0000] {logging_mixin.py:188} INFO - [2025-12-11T22:52:21.070+0000] {dag.py:3954} INFO - Setting next_dagrun for latest_only_with_trigger to 2025-12-11 16:00:00+00:00, run_after=2025-12-11 20:00:00+00:00
[2025-12-11T22:52:21.310+0000] {processor.py:183} INFO - Processing /home/airflow/.local/lib/python3.9/site-packages/airflow/example_dags/example_latest_only_with_trigger.py took 1.177 seconds
[2025-12-11T22:52:56.311+0000] {processor.py:161} INFO - Started process (PID=189) to work on /home/airflow/.local/lib/python3.9/site-packages/airflow/example_dags/example_latest_only_with_trigger.py
[2025-12-11T22:52:56.313+0000] {processor.py:830} INFO - Processing file /home/airflow/.local/lib/python3.9/site-packages/airflow/example_dags/example_latest_only_with_trigger.py for tasks to queue
[2025-12-11T22:52:56.330+0000] {logging_mixin.py:188} INFO - [2025-12-11T22:52:56.330+0000] {dagbag.py:545} INFO - Filling up the DagBag from /home/airflow/.local/lib/python3.9/site-packages/airflow/example_dags/example_latest_only_with_trigger.py
[2025-12-11T22:52:56.371+0000] {processor.py:840} INFO - DAG(s) 'latest_only_with_trigger' retrieved from /home/airflow/.local/lib/python3.9/site-packages/airflow/example_dags/example_latest_only_with_trigger.py
[2025-12-11T22:52:56.495+0000] {logging_mixin.py:188} INFO - [2025-12-11T22:52:56.494+0000] {dag.py:3096} INFO - Sync 1 DAGs
[2025-12-11T22:52:57.311+0000] {logging_mixin.py:188} INFO - [2025-12-11T22:52:57.310+0000] {dag.py:3954} INFO - Setting next_dagrun for latest_only_with_trigger to 2025-12-11 16:00:00+00:00, run_after=2025-12-11 20:00:00+00:00
[2025-12-11T22:52:57.532+0000] {processor.py:183} INFO - Processing /home/airflow/.local/lib/python3.9/site-packages/airflow/example_dags/example_latest_only_with_trigger.py took 1.262 seconds
[2025-12-11T22:53:28.032+0000] {processor.py:161} INFO - Started process (PID=248) to work on /home/airflow/.local/lib/python3.9/site-packages/airflow/example_dags/example_latest_only_with_trigger.py
[2025-12-11T22:53:28.039+0000] {processor.py:830} INFO - Processing file /home/airflow/.local/lib/python3.9/site-packages/airflow/example_dags/example_latest_only_with_trigger.py for tasks to queue
[2025-12-11T22:53:28.042+0000] {logging_mixin.py:188} INFO - [2025-12-11T22:53:28.042+0000] {dagbag.py:545} INFO - Filling up the DagBag from /home/airflow/.local/lib/python3.9/site-packages/airflow/example_dags/example_latest_only_with_trigger.py
[2025-12-11T22:53:28.056+0000] {processor.py:840} INFO - DAG(s) 'latest_only_with_trigger' retrieved from /home/airflow/.local/lib/python3.9/site-packages/airflow/example_dags/example_latest_only_with_trigger.py
[2025-12-11T22:53:28.453+0000] {logging_mixin.py:188} INFO - [2025-12-11T22:53:28.452+0000] {dag.py:3096} INFO - Sync 1 DAGs
[2025-12-11T22:53:28.512+0000] {logging_mixin.py:188} INFO - [2025-12-11T22:53:28.512+0000] {dag.py:3954} INFO - Setting next_dagrun for latest_only_with_trigger to 2025-12-11 16:00:00+00:00, run_after=2025-12-11 20:00:00+00:00
[2025-12-11T22:53:28.570+0000] {processor.py:183} INFO - Processing /home/airflow/.local/lib/python3.9/site-packages/airflow/example_dags/example_latest_only_with_trigger.py took 0.553 seconds
[2025-12-11T22:53:58.937+0000] {processor.py:161} INFO - Started process (PID=314) to work on /home/airflow/.local/lib/python3.9/site-packages/airflow/example_dags/example_latest_only_with_trigger.py
[2025-12-11T22:53:58.939+0000] {processor.py:830} INFO - Processing file /home/airflow/.local/lib/python3.9/site-packages/airflow/example_dags/example_latest_only_with_trigger.py for tasks to queue
[2025-12-11T22:53:58.942+0000] {logging_mixin.py:188} INFO - [2025-12-11T22:53:58.942+0000] {dagbag.py:545} INFO - Filling up the DagBag from /home/airflow/.local/lib/python3.9/site-packages/airflow/example_dags/example_latest_only_with_trigger.py
[2025-12-11T22:53:58.952+0000] {processor.py:840} INFO - DAG(s) 'latest_only_with_trigger' retrieved from /home/airflow/.local/lib/python3.9/site-packages/airflow/example_dags/example_latest_only_with_trigger.py
[2025-12-11T22:53:58.997+0000] {logging_mixin.py:188} INFO - [2025-12-11T22:53:58.996+0000] {dag.py:3096} INFO - Sync 1 DAGs
[2025-12-11T22:53:59.043+0000] {logging_mixin.py:188} INFO - [2025-12-11T22:53:59.042+0000] {dag.py:3954} INFO - Setting next_dagrun for latest_only_with_trigger to 2025-12-11 16:00:00+00:00, run_after=2025-12-11 20:00:00+00:00
[2025-12-11T22:53:59.072+0000] {processor.py:183} INFO - Processing /home/airflow/.local/lib/python3.9/site-packages/airflow/example_dags/example_latest_only_with_trigger.py took 0.146 seconds
[2025-12-11T22:54:30.051+0000] {processor.py:161} INFO - Started process (PID=380) to work on /home/airflow/.local/lib/python3.9/site-packages/airflow/example_dags/example_latest_only_with_trigger.py
[2025-12-11T22:54:30.053+0000] {processor.py:830} INFO - Processing file /home/airflow/.local/lib/python3.9/site-packages/airflow/example_dags/example_latest_only_with_trigger.py for tasks to queue
[2025-12-11T22:54:30.058+0000] {logging_mixin.py:188} INFO - [2025-12-11T22:54:30.057+0000] {dagbag.py:545} INFO - Filling up the DagBag from /home/airflow/.local/lib/python3.9/site-packages/airflow/example_dags/example_latest_only_with_trigger.py
[2025-12-11T22:54:30.078+0000] {processor.py:840} INFO - DAG(s) 'latest_only_with_trigger' retrieved from /home/airflow/.local/lib/python3.9/site-packages/airflow/example_dags/example_latest_only_with_trigger.py
[2025-12-11T22:54:30.191+0000] {logging_mixin.py:188} INFO - [2025-12-11T22:54:30.190+0000] {dag.py:3096} INFO - Sync 1 DAGs
[2025-12-11T22:54:30.278+0000] {logging_mixin.py:188} INFO - [2025-12-11T22:54:30.278+0000] {dag.py:3954} INFO - Setting next_dagrun for latest_only_with_trigger to 2025-12-11 16:00:00+00:00, run_after=2025-12-11 20:00:00+00:00
[2025-12-11T22:54:30.339+0000] {processor.py:183} INFO - Processing /home/airflow/.local/lib/python3.9/site-packages/airflow/example_dags/example_latest_only_with_trigger.py took 0.344 seconds
[2025-12-11T22:55:01.038+0000] {processor.py:161} INFO - Started process (PID=446) to work on /home/airflow/.local/lib/python3.9/site-packages/airflow/example_dags/example_latest_only_with_trigger.py
[2025-12-11T22:55:01.040+0000] {processor.py:830} INFO - Processing file /home/airflow/.local/lib/python3.9/site-packages/airflow/example_dags/example_latest_only_with_trigger.py for tasks to queue
[2025-12-11T22:55:01.052+0000] {logging_mixin.py:188} INFO - [2025-12-11T22:55:01.051+0000] {dagbag.py:545} INFO - Filling up the DagBag from /home/airflow/.local/lib/python3.9/site-packages/airflow/example_dags/example_latest_only_with_trigger.py
[2025-12-11T22:55:01.073+0000] {processor.py:840} INFO - DAG(s) 'latest_only_with_trigger' retrieved from /home/airflow/.local/lib/python3.9/site-packages/airflow/example_dags/example_latest_only_with_trigger.py
[2025-12-11T22:55:01.190+0000] {logging_mixin.py:188} INFO - [2025-12-11T22:55:01.181+0000] {dag.py:3096} INFO - Sync 1 DAGs
[2025-12-11T22:55:01.335+0000] {logging_mixin.py:188} INFO - [2025-12-11T22:55:01.334+0000] {dag.py:3954} INFO - Setting next_dagrun for latest_only_with_trigger to 2025-12-11 16:00:00+00:00, run_after=2025-12-11 20:00:00+00:00
[2025-12-11T22:55:01.529+0000] {processor.py:183} INFO - Processing /home/airflow/.local/lib/python3.9/site-packages/airflow/example_dags/example_latest_only_with_trigger.py took 0.520 seconds
[2025-12-11T22:55:31.772+0000] {processor.py:161} INFO - Started process (PID=505) to work on /home/airflow/.local/lib/python3.9/site-packages/airflow/example_dags/example_latest_only_with_trigger.py
[2025-12-11T22:55:31.774+0000] {processor.py:830} INFO - Processing file /home/airflow/.local/lib/python3.9/site-packages/airflow/example_dags/example_latest_only_with_trigger.py for tasks to queue
[2025-12-11T22:55:31.777+0000] {logging_mixin.py:188} INFO - [2025-12-11T22:55:31.776+0000] {dagbag.py:545} INFO - Filling up the DagBag from /home/airflow/.local/lib/python3.9/site-packages/airflow/example_dags/example_latest_only_with_trigger.py
[2025-12-11T22:55:31.787+0000] {processor.py:840} INFO - DAG(s) 'latest_only_with_trigger' retrieved from /home/airflow/.local/lib/python3.9/site-packages/airflow/example_dags/example_latest_only_with_trigger.py
[2025-12-11T22:55:31.827+0000] {logging_mixin.py:188} INFO - [2025-12-11T22:55:31.827+0000] {dag.py:3096} INFO - Sync 1 DAGs
[2025-12-11T22:55:31.867+0000] {logging_mixin.py:188} INFO - [2025-12-11T22:55:31.867+0000] {dag.py:3954} INFO - Setting next_dagrun for latest_only_with_trigger to 2025-12-11 16:00:00+00:00, run_after=2025-12-11 20:00:00+00:00
[2025-12-11T22:55:31.901+0000] {processor.py:183} INFO - Processing /home/airflow/.local/lib/python3.9/site-packages/airflow/example_dags/example_latest_only_with_trigger.py took 0.141 seconds
[2025-12-11T22:56:02.391+0000] {processor.py:161} INFO - Started process (PID=571) to work on /home/airflow/.local/lib/python3.9/site-packages/airflow/example_dags/example_latest_only_with_trigger.py
[2025-12-11T22:56:02.393+0000] {processor.py:830} INFO - Processing file /home/airflow/.local/lib/python3.9/site-packages/airflow/example_dags/example_latest_only_with_trigger.py for tasks to queue
[2025-12-11T22:56:02.397+0000] {logging_mixin.py:188} INFO - [2025-12-11T22:56:02.396+0000] {dagbag.py:545} INFO - Filling up the DagBag from /home/airflow/.local/lib/python3.9/site-packages/airflow/example_dags/example_latest_only_with_trigger.py
[2025-12-11T22:56:02.413+0000] {processor.py:840} INFO - DAG(s) 'latest_only_with_trigger' retrieved from /home/airflow/.local/lib/python3.9/site-packages/airflow/example_dags/example_latest_only_with_trigger.py
[2025-12-11T22:56:02.475+0000] {logging_mixin.py:188} INFO - [2025-12-11T22:56:02.475+0000] {dag.py:3096} INFO - Sync 1 DAGs
[2025-12-11T22:56:02.542+0000] {logging_mixin.py:188} INFO - [2025-12-11T22:56:02.541+0000] {dag.py:3954} INFO - Setting next_dagrun for latest_only_with_trigger to 2025-12-11 16:00:00+00:00, run_after=2025-12-11 20:00:00+00:00
[2025-12-11T22:56:02.612+0000] {processor.py:183} INFO - Processing /home/airflow/.local/lib/python3.9/site-packages/airflow/example_dags/example_latest_only_with_trigger.py took 0.243 seconds
[2025-12-11T22:56:33.155+0000] {processor.py:161} INFO - Started process (PID=637) to work on /home/airflow/.local/lib/python3.9/site-packages/airflow/example_dags/example_latest_only_with_trigger.py
[2025-12-11T22:56:33.157+0000] {processor.py:830} INFO - Processing file /home/airflow/.local/lib/python3.9/site-packages/airflow/example_dags/example_latest_only_with_trigger.py for tasks to queue
[2025-12-11T22:56:33.170+0000] {logging_mixin.py:188} INFO - [2025-12-11T22:56:33.169+0000] {dagbag.py:545} INFO - Filling up the DagBag from /home/airflow/.local/lib/python3.9/site-packages/airflow/example_dags/example_latest_only_with_trigger.py
[2025-12-11T22:56:33.183+0000] {processor.py:840} INFO - DAG(s) 'latest_only_with_trigger' retrieved from /home/airflow/.local/lib/python3.9/site-packages/airflow/example_dags/example_latest_only_with_trigger.py
[2025-12-11T22:56:33.249+0000] {logging_mixin.py:188} INFO - [2025-12-11T22:56:33.244+0000] {dag.py:3096} INFO - Sync 1 DAGs
[2025-12-11T22:56:33.330+0000] {logging_mixin.py:188} INFO - [2025-12-11T22:56:33.329+0000] {dag.py:3954} INFO - Setting next_dagrun for latest_only_with_trigger to 2025-12-11 16:00:00+00:00, run_after=2025-12-11 20:00:00+00:00
[2025-12-11T22:56:33.382+0000] {processor.py:183} INFO - Processing /home/airflow/.local/lib/python3.9/site-packages/airflow/example_dags/example_latest_only_with_trigger.py took 0.243 seconds
[2025-12-11T22:57:03.744+0000] {processor.py:161} INFO - Started process (PID=703) to work on /home/airflow/.local/lib/python3.9/site-packages/airflow/example_dags/example_latest_only_with_trigger.py
[2025-12-11T22:57:03.746+0000] {processor.py:830} INFO - Processing file /home/airflow/.local/lib/python3.9/site-packages/airflow/example_dags/example_latest_only_with_trigger.py for tasks to queue
[2025-12-11T22:57:03.749+0000] {logging_mixin.py:188} INFO - [2025-12-11T22:57:03.748+0000] {dagbag.py:545} INFO - Filling up the DagBag from /home/airflow/.local/lib/python3.9/site-packages/airflow/example_dags/example_latest_only_with_trigger.py
[2025-12-11T22:57:03.758+0000] {processor.py:840} INFO - DAG(s) 'latest_only_with_trigger' retrieved from /home/airflow/.local/lib/python3.9/site-packages/airflow/example_dags/example_latest_only_with_trigger.py
[2025-12-11T22:57:03.794+0000] {logging_mixin.py:188} INFO - [2025-12-11T22:57:03.793+0000] {dag.py:3096} INFO - Sync 1 DAGs
[2025-12-11T22:57:03.830+0000] {logging_mixin.py:188} INFO - [2025-12-11T22:57:03.829+0000] {dag.py:3954} INFO - Setting next_dagrun for latest_only_with_trigger to 2025-12-11 16:00:00+00:00, run_after=2025-12-11 20:00:00+00:00
[2025-12-11T22:57:03.858+0000] {processor.py:183} INFO - Processing /home/airflow/.local/lib/python3.9/site-packages/airflow/example_dags/example_latest_only_with_trigger.py took 0.124 seconds
[2025-12-11T22:57:33.960+0000] {processor.py:161} INFO - Started process (PID=769) to work on /home/airflow/.local/lib/python3.9/site-packages/airflow/example_dags/example_latest_only_with_trigger.py
[2025-12-11T22:57:33.961+0000] {processor.py:830} INFO - Processing file /home/airflow/.local/lib/python3.9/site-packages/airflow/example_dags/example_latest_only_with_trigger.py for tasks to queue
[2025-12-11T22:57:33.964+0000] {logging_mixin.py:188} INFO - [2025-12-11T22:57:33.963+0000] {dagbag.py:545} INFO - Filling up the DagBag from /home/airflow/.local/lib/python3.9/site-packages/airflow/example_dags/example_latest_only_with_trigger.py
[2025-12-11T22:57:33.973+0000] {processor.py:840} INFO - DAG(s) 'latest_only_with_trigger' retrieved from /home/airflow/.local/lib/python3.9/site-packages/airflow/example_dags/example_latest_only_with_trigger.py
[2025-12-11T22:57:34.022+0000] {logging_mixin.py:188} INFO - [2025-12-11T22:57:34.021+0000] {dag.py:3096} INFO - Sync 1 DAGs
[2025-12-11T22:57:34.097+0000] {logging_mixin.py:188} INFO - [2025-12-11T22:57:34.096+0000] {dag.py:3954} INFO - Setting next_dagrun for latest_only_with_trigger to 2025-12-11 16:00:00+00:00, run_after=2025-12-11 20:00:00+00:00
[2025-12-11T22:57:34.146+0000] {processor.py:183} INFO - Processing /home/airflow/.local/lib/python3.9/site-packages/airflow/example_dags/example_latest_only_with_trigger.py took 0.196 seconds
[2025-12-11T22:58:04.358+0000] {processor.py:161} INFO - Started process (PID=842) to work on /home/airflow/.local/lib/python3.9/site-packages/airflow/example_dags/example_latest_only_with_trigger.py
[2025-12-11T22:58:04.360+0000] {processor.py:830} INFO - Processing file /home/airflow/.local/lib/python3.9/site-packages/airflow/example_dags/example_latest_only_with_trigger.py for tasks to queue
[2025-12-11T22:58:04.372+0000] {logging_mixin.py:188} INFO - [2025-12-11T22:58:04.371+0000] {dagbag.py:545} INFO - Filling up the DagBag from /home/airflow/.local/lib/python3.9/site-packages/airflow/example_dags/example_latest_only_with_trigger.py
[2025-12-11T22:58:04.397+0000] {processor.py:840} INFO - DAG(s) 'latest_only_with_trigger' retrieved from /home/airflow/.local/lib/python3.9/site-packages/airflow/example_dags/example_latest_only_with_trigger.py
[2025-12-11T22:58:04.472+0000] {logging_mixin.py:188} INFO - [2025-12-11T22:58:04.472+0000] {dag.py:3096} INFO - Sync 1 DAGs
[2025-12-11T22:58:04.556+0000] {logging_mixin.py:188} INFO - [2025-12-11T22:58:04.556+0000] {dag.py:3954} INFO - Setting next_dagrun for latest_only_with_trigger to 2025-12-11 16:00:00+00:00, run_after=2025-12-11 20:00:00+00:00
[2025-12-11T22:58:04.603+0000] {processor.py:183} INFO - Processing /home/airflow/.local/lib/python3.9/site-packages/airflow/example_dags/example_latest_only_with_trigger.py took 0.268 seconds
[2025-12-11T22:58:35.130+0000] {processor.py:161} INFO - Started process (PID=908) to work on /home/airflow/.local/lib/python3.9/site-packages/airflow/example_dags/example_latest_only_with_trigger.py
[2025-12-11T22:58:35.138+0000] {processor.py:830} INFO - Processing file /home/airflow/.local/lib/python3.9/site-packages/airflow/example_dags/example_latest_only_with_trigger.py for tasks to queue
[2025-12-11T22:58:35.141+0000] {logging_mixin.py:188} INFO - [2025-12-11T22:58:35.140+0000] {dagbag.py:545} INFO - Filling up the DagBag from /home/airflow/.local/lib/python3.9/site-packages/airflow/example_dags/example_latest_only_with_trigger.py
[2025-12-11T22:58:35.156+0000] {processor.py:840} INFO - DAG(s) 'latest_only_with_trigger' retrieved from /home/airflow/.local/lib/python3.9/site-packages/airflow/example_dags/example_latest_only_with_trigger.py
[2025-12-11T22:58:35.214+0000] {logging_mixin.py:188} INFO - [2025-12-11T22:58:35.214+0000] {dag.py:3096} INFO - Sync 1 DAGs
[2025-12-11T22:58:35.274+0000] {logging_mixin.py:188} INFO - [2025-12-11T22:58:35.273+0000] {dag.py:3954} INFO - Setting next_dagrun for latest_only_with_trigger to 2025-12-11 16:00:00+00:00, run_after=2025-12-11 20:00:00+00:00
[2025-12-11T22:58:35.315+0000] {processor.py:183} INFO - Processing /home/airflow/.local/lib/python3.9/site-packages/airflow/example_dags/example_latest_only_with_trigger.py took 0.201 seconds
[2025-12-11T22:59:06.068+0000] {processor.py:161} INFO - Started process (PID=974) to work on /home/airflow/.local/lib/python3.9/site-packages/airflow/example_dags/example_latest_only_with_trigger.py
[2025-12-11T22:59:06.077+0000] {processor.py:830} INFO - Processing file /home/airflow/.local/lib/python3.9/site-packages/airflow/example_dags/example_latest_only_with_trigger.py for tasks to queue
[2025-12-11T22:59:06.080+0000] {logging_mixin.py:188} INFO - [2025-12-11T22:59:06.080+0000] {dagbag.py:545} INFO - Filling up the DagBag from /home/airflow/.local/lib/python3.9/site-packages/airflow/example_dags/example_latest_only_with_trigger.py
[2025-12-11T22:59:06.092+0000] {processor.py:840} INFO - DAG(s) 'latest_only_with_trigger' retrieved from /home/airflow/.local/lib/python3.9/site-packages/airflow/example_dags/example_latest_only_with_trigger.py
[2025-12-11T22:59:06.134+0000] {logging_mixin.py:188} INFO - [2025-12-11T22:59:06.134+0000] {dag.py:3096} INFO - Sync 1 DAGs
[2025-12-11T22:59:06.183+0000] {logging_mixin.py:188} INFO - [2025-12-11T22:59:06.183+0000] {dag.py:3954} INFO - Setting next_dagrun for latest_only_with_trigger to 2025-12-11 16:00:00+00:00, run_after=2025-12-11 20:00:00+00:00
[2025-12-11T22:59:06.245+0000] {processor.py:183} INFO - Processing /home/airflow/.local/lib/python3.9/site-packages/airflow/example_dags/example_latest_only_with_trigger.py took 0.188 seconds
[2025-12-11T22:59:36.854+0000] {processor.py:161} INFO - Started process (PID=1040) to work on /home/airflow/.local/lib/python3.9/site-packages/airflow/example_dags/example_latest_only_with_trigger.py
[2025-12-11T22:59:36.856+0000] {processor.py:830} INFO - Processing file /home/airflow/.local/lib/python3.9/site-packages/airflow/example_dags/example_latest_only_with_trigger.py for tasks to queue
[2025-12-11T22:59:36.872+0000] {logging_mixin.py:188} INFO - [2025-12-11T22:59:36.871+0000] {dagbag.py:545} INFO - Filling up the DagBag from /home/airflow/.local/lib/python3.9/site-packages/airflow/example_dags/example_latest_only_with_trigger.py
[2025-12-11T22:59:36.893+0000] {processor.py:840} INFO - DAG(s) 'latest_only_with_trigger' retrieved from /home/airflow/.local/lib/python3.9/site-packages/airflow/example_dags/example_latest_only_with_trigger.py
[2025-12-11T22:59:36.956+0000] {logging_mixin.py:188} INFO - [2025-12-11T22:59:36.956+0000] {dag.py:3096} INFO - Sync 1 DAGs
[2025-12-11T22:59:37.021+0000] {logging_mixin.py:188} INFO - [2025-12-11T22:59:37.021+0000] {dag.py:3954} INFO - Setting next_dagrun for latest_only_with_trigger to 2025-12-11 16:00:00+00:00, run_after=2025-12-11 20:00:00+00:00
[2025-12-11T22:59:37.073+0000] {processor.py:183} INFO - Processing /home/airflow/.local/lib/python3.9/site-packages/airflow/example_dags/example_latest_only_with_trigger.py took 0.238 seconds
[2025-12-11T23:00:08.032+0000] {processor.py:161} INFO - Started process (PID=1106) to work on /home/airflow/.local/lib/python3.9/site-packages/airflow/example_dags/example_latest_only_with_trigger.py
[2025-12-11T23:00:08.035+0000] {processor.py:830} INFO - Processing file /home/airflow/.local/lib/python3.9/site-packages/airflow/example_dags/example_latest_only_with_trigger.py for tasks to queue
[2025-12-11T23:00:08.038+0000] {logging_mixin.py:188} INFO - [2025-12-11T23:00:08.037+0000] {dagbag.py:545} INFO - Filling up the DagBag from /home/airflow/.local/lib/python3.9/site-packages/airflow/example_dags/example_latest_only_with_trigger.py
[2025-12-11T23:00:08.059+0000] {processor.py:840} INFO - DAG(s) 'latest_only_with_trigger' retrieved from /home/airflow/.local/lib/python3.9/site-packages/airflow/example_dags/example_latest_only_with_trigger.py
[2025-12-11T23:00:08.131+0000] {logging_mixin.py:188} INFO - [2025-12-11T23:00:08.130+0000] {dag.py:3096} INFO - Sync 1 DAGs
[2025-12-11T23:00:08.201+0000] {logging_mixin.py:188} INFO - [2025-12-11T23:00:08.200+0000] {dag.py:3954} INFO - Setting next_dagrun for latest_only_with_trigger to 2025-12-11 16:00:00+00:00, run_after=2025-12-11 20:00:00+00:00
[2025-12-11T23:00:08.253+0000] {processor.py:183} INFO - Processing /home/airflow/.local/lib/python3.9/site-packages/airflow/example_dags/example_latest_only_with_trigger.py took 0.243 seconds
[2025-12-11T23:00:38.440+0000] {processor.py:161} INFO - Started process (PID=1172) to work on /home/airflow/.local/lib/python3.9/site-packages/airflow/example_dags/example_latest_only_with_trigger.py
[2025-12-11T23:00:38.442+0000] {processor.py:830} INFO - Processing file /home/airflow/.local/lib/python3.9/site-packages/airflow/example_dags/example_latest_only_with_trigger.py for tasks to queue
[2025-12-11T23:00:38.451+0000] {logging_mixin.py:188} INFO - [2025-12-11T23:00:38.450+0000] {dagbag.py:545} INFO - Filling up the DagBag from /home/airflow/.local/lib/python3.9/site-packages/airflow/example_dags/example_latest_only_with_trigger.py
[2025-12-11T23:00:38.460+0000] {processor.py:840} INFO - DAG(s) 'latest_only_with_trigger' retrieved from /home/airflow/.local/lib/python3.9/site-packages/airflow/example_dags/example_latest_only_with_trigger.py
[2025-12-11T23:00:38.531+0000] {logging_mixin.py:188} INFO - [2025-12-11T23:00:38.531+0000] {dag.py:3096} INFO - Sync 1 DAGs
[2025-12-11T23:00:38.600+0000] {logging_mixin.py:188} INFO - [2025-12-11T23:00:38.600+0000] {dag.py:3954} INFO - Setting next_dagrun for latest_only_with_trigger to 2025-12-11 16:00:00+00:00, run_after=2025-12-11 20:00:00+00:00
[2025-12-11T23:00:38.649+0000] {processor.py:183} INFO - Processing /home/airflow/.local/lib/python3.9/site-packages/airflow/example_dags/example_latest_only_with_trigger.py took 0.220 seconds
[2025-12-11T23:01:08.915+0000] {processor.py:161} INFO - Started process (PID=1238) to work on /home/airflow/.local/lib/python3.9/site-packages/airflow/example_dags/example_latest_only_with_trigger.py
[2025-12-11T23:01:08.925+0000] {processor.py:830} INFO - Processing file /home/airflow/.local/lib/python3.9/site-packages/airflow/example_dags/example_latest_only_with_trigger.py for tasks to queue
[2025-12-11T23:01:08.928+0000] {logging_mixin.py:188} INFO - [2025-12-11T23:01:08.928+0000] {dagbag.py:545} INFO - Filling up the DagBag from /home/airflow/.local/lib/python3.9/site-packages/airflow/example_dags/example_latest_only_with_trigger.py
[2025-12-11T23:01:08.938+0000] {processor.py:840} INFO - DAG(s) 'latest_only_with_trigger' retrieved from /home/airflow/.local/lib/python3.9/site-packages/airflow/example_dags/example_latest_only_with_trigger.py
[2025-12-11T23:01:08.975+0000] {logging_mixin.py:188} INFO - [2025-12-11T23:01:08.975+0000] {dag.py:3096} INFO - Sync 1 DAGs
[2025-12-11T23:01:09.012+0000] {logging_mixin.py:188} INFO - [2025-12-11T23:01:09.012+0000] {dag.py:3954} INFO - Setting next_dagrun for latest_only_with_trigger to 2025-12-11 16:00:00+00:00, run_after=2025-12-11 20:00:00+00:00
[2025-12-11T23:01:09.044+0000] {processor.py:183} INFO - Processing /home/airflow/.local/lib/python3.9/site-packages/airflow/example_dags/example_latest_only_with_trigger.py took 0.140 seconds
[2025-12-11T23:01:39.904+0000] {processor.py:161} INFO - Started process (PID=1304) to work on /home/airflow/.local/lib/python3.9/site-packages/airflow/example_dags/example_latest_only_with_trigger.py
[2025-12-11T23:01:39.922+0000] {processor.py:830} INFO - Processing file /home/airflow/.local/lib/python3.9/site-packages/airflow/example_dags/example_latest_only_with_trigger.py for tasks to queue
[2025-12-11T23:01:39.926+0000] {logging_mixin.py:188} INFO - [2025-12-11T23:01:39.925+0000] {dagbag.py:545} INFO - Filling up the DagBag from /home/airflow/.local/lib/python3.9/site-packages/airflow/example_dags/example_latest_only_with_trigger.py
[2025-12-11T23:01:39.937+0000] {processor.py:840} INFO - DAG(s) 'latest_only_with_trigger' retrieved from /home/airflow/.local/lib/python3.9/site-packages/airflow/example_dags/example_latest_only_with_trigger.py
[2025-12-11T23:01:39.974+0000] {logging_mixin.py:188} INFO - [2025-12-11T23:01:39.973+0000] {dag.py:3096} INFO - Sync 1 DAGs
[2025-12-11T23:01:40.012+0000] {logging_mixin.py:188} INFO - [2025-12-11T23:01:40.011+0000] {dag.py:3954} INFO - Setting next_dagrun for latest_only_with_trigger to 2025-12-11 16:00:00+00:00, run_after=2025-12-11 20:00:00+00:00
[2025-12-11T23:01:40.052+0000] {processor.py:183} INFO - Processing /home/airflow/.local/lib/python3.9/site-packages/airflow/example_dags/example_latest_only_with_trigger.py took 0.159 seconds
[2025-12-11T23:02:10.477+0000] {processor.py:161} INFO - Started process (PID=1369) to work on /home/airflow/.local/lib/python3.9/site-packages/airflow/example_dags/example_latest_only_with_trigger.py
[2025-12-11T23:02:10.478+0000] {processor.py:830} INFO - Processing file /home/airflow/.local/lib/python3.9/site-packages/airflow/example_dags/example_latest_only_with_trigger.py for tasks to queue
[2025-12-11T23:02:10.481+0000] {logging_mixin.py:188} INFO - [2025-12-11T23:02:10.481+0000] {dagbag.py:545} INFO - Filling up the DagBag from /home/airflow/.local/lib/python3.9/site-packages/airflow/example_dags/example_latest_only_with_trigger.py
[2025-12-11T23:02:10.490+0000] {processor.py:840} INFO - DAG(s) 'latest_only_with_trigger' retrieved from /home/airflow/.local/lib/python3.9/site-packages/airflow/example_dags/example_latest_only_with_trigger.py
[2025-12-11T23:02:10.526+0000] {logging_mixin.py:188} INFO - [2025-12-11T23:02:10.526+0000] {dag.py:3096} INFO - Sync 1 DAGs
[2025-12-11T23:02:10.564+0000] {logging_mixin.py:188} INFO - [2025-12-11T23:02:10.564+0000] {dag.py:3954} INFO - Setting next_dagrun for latest_only_with_trigger to 2025-12-11 16:00:00+00:00, run_after=2025-12-11 20:00:00+00:00
[2025-12-11T23:02:10.589+0000] {processor.py:183} INFO - Processing /home/airflow/.local/lib/python3.9/site-packages/airflow/example_dags/example_latest_only_with_trigger.py took 0.122 seconds
[2025-12-11T23:02:41.094+0000] {processor.py:161} INFO - Started process (PID=1436) to work on /home/airflow/.local/lib/python3.9/site-packages/airflow/example_dags/example_latest_only_with_trigger.py
[2025-12-11T23:02:41.096+0000] {processor.py:830} INFO - Processing file /home/airflow/.local/lib/python3.9/site-packages/airflow/example_dags/example_latest_only_with_trigger.py for tasks to queue
[2025-12-11T23:02:41.099+0000] {logging_mixin.py:188} INFO - [2025-12-11T23:02:41.098+0000] {dagbag.py:545} INFO - Filling up the DagBag from /home/airflow/.local/lib/python3.9/site-packages/airflow/example_dags/example_latest_only_with_trigger.py
[2025-12-11T23:02:41.108+0000] {processor.py:840} INFO - DAG(s) 'latest_only_with_trigger' retrieved from /home/airflow/.local/lib/python3.9/site-packages/airflow/example_dags/example_latest_only_with_trigger.py
[2025-12-11T23:02:41.144+0000] {logging_mixin.py:188} INFO - [2025-12-11T23:02:41.144+0000] {dag.py:3096} INFO - Sync 1 DAGs
[2025-12-11T23:02:41.179+0000] {logging_mixin.py:188} INFO - [2025-12-11T23:02:41.179+0000] {dag.py:3954} INFO - Setting next_dagrun for latest_only_with_trigger to 2025-12-11 16:00:00+00:00, run_after=2025-12-11 20:00:00+00:00
[2025-12-11T23:02:41.204+0000] {processor.py:183} INFO - Processing /home/airflow/.local/lib/python3.9/site-packages/airflow/example_dags/example_latest_only_with_trigger.py took 0.123 seconds
[2025-12-11T23:03:11.585+0000] {processor.py:161} INFO - Started process (PID=1505) to work on /home/airflow/.local/lib/python3.9/site-packages/airflow/example_dags/example_latest_only_with_trigger.py
[2025-12-11T23:03:11.587+0000] {processor.py:830} INFO - Processing file /home/airflow/.local/lib/python3.9/site-packages/airflow/example_dags/example_latest_only_with_trigger.py for tasks to queue
[2025-12-11T23:03:11.590+0000] {logging_mixin.py:188} INFO - [2025-12-11T23:03:11.589+0000] {dagbag.py:545} INFO - Filling up the DagBag from /home/airflow/.local/lib/python3.9/site-packages/airflow/example_dags/example_latest_only_with_trigger.py
[2025-12-11T23:03:11.601+0000] {processor.py:840} INFO - DAG(s) 'latest_only_with_trigger' retrieved from /home/airflow/.local/lib/python3.9/site-packages/airflow/example_dags/example_latest_only_with_trigger.py
[2025-12-11T23:03:11.646+0000] {logging_mixin.py:188} INFO - [2025-12-11T23:03:11.645+0000] {dag.py:3096} INFO - Sync 1 DAGs
[2025-12-11T23:03:11.681+0000] {logging_mixin.py:188} INFO - [2025-12-11T23:03:11.680+0000] {dag.py:3954} INFO - Setting next_dagrun for latest_only_with_trigger to 2025-12-11 16:00:00+00:00, run_after=2025-12-11 20:00:00+00:00
[2025-12-11T23:03:11.707+0000] {processor.py:183} INFO - Processing /home/airflow/.local/lib/python3.9/site-packages/airflow/example_dags/example_latest_only_with_trigger.py took 0.133 seconds
[2025-12-11T23:03:42.427+0000] {processor.py:161} INFO - Started process (PID=1575) to work on /home/airflow/.local/lib/python3.9/site-packages/airflow/example_dags/example_latest_only_with_trigger.py
[2025-12-11T23:03:42.428+0000] {processor.py:830} INFO - Processing file /home/airflow/.local/lib/python3.9/site-packages/airflow/example_dags/example_latest_only_with_trigger.py for tasks to queue
[2025-12-11T23:03:42.432+0000] {logging_mixin.py:188} INFO - [2025-12-11T23:03:42.431+0000] {dagbag.py:545} INFO - Filling up the DagBag from /home/airflow/.local/lib/python3.9/site-packages/airflow/example_dags/example_latest_only_with_trigger.py
[2025-12-11T23:03:42.442+0000] {processor.py:840} INFO - DAG(s) 'latest_only_with_trigger' retrieved from /home/airflow/.local/lib/python3.9/site-packages/airflow/example_dags/example_latest_only_with_trigger.py
[2025-12-11T23:03:42.532+0000] {logging_mixin.py:188} INFO - [2025-12-11T23:03:42.531+0000] {dag.py:3096} INFO - Sync 1 DAGs
[2025-12-11T23:03:42.602+0000] {logging_mixin.py:188} INFO - [2025-12-11T23:03:42.601+0000] {dag.py:3954} INFO - Setting next_dagrun for latest_only_with_trigger to 2025-12-11 16:00:00+00:00, run_after=2025-12-11 20:00:00+00:00
[2025-12-11T23:03:42.645+0000] {processor.py:183} INFO - Processing /home/airflow/.local/lib/python3.9/site-packages/airflow/example_dags/example_latest_only_with_trigger.py took 0.229 seconds
[2025-12-11T23:04:12.752+0000] {processor.py:161} INFO - Started process (PID=1646) to work on /home/airflow/.local/lib/python3.9/site-packages/airflow/example_dags/example_latest_only_with_trigger.py
[2025-12-11T23:04:12.753+0000] {processor.py:830} INFO - Processing file /home/airflow/.local/lib/python3.9/site-packages/airflow/example_dags/example_latest_only_with_trigger.py for tasks to queue
[2025-12-11T23:04:12.755+0000] {logging_mixin.py:188} INFO - [2025-12-11T23:04:12.755+0000] {dagbag.py:545} INFO - Filling up the DagBag from /home/airflow/.local/lib/python3.9/site-packages/airflow/example_dags/example_latest_only_with_trigger.py
[2025-12-11T23:04:12.764+0000] {processor.py:840} INFO - DAG(s) 'latest_only_with_trigger' retrieved from /home/airflow/.local/lib/python3.9/site-packages/airflow/example_dags/example_latest_only_with_trigger.py
[2025-12-11T23:04:12.800+0000] {logging_mixin.py:188} INFO - [2025-12-11T23:04:12.799+0000] {dag.py:3096} INFO - Sync 1 DAGs
[2025-12-11T23:04:12.835+0000] {logging_mixin.py:188} INFO - [2025-12-11T23:04:12.834+0000] {dag.py:3954} INFO - Setting next_dagrun for latest_only_with_trigger to 2025-12-11 16:00:00+00:00, run_after=2025-12-11 20:00:00+00:00
[2025-12-11T23:04:12.861+0000] {processor.py:183} INFO - Processing /home/airflow/.local/lib/python3.9/site-packages/airflow/example_dags/example_latest_only_with_trigger.py took 0.120 seconds
[2025-12-11T23:04:43.444+0000] {processor.py:161} INFO - Started process (PID=1717) to work on /home/airflow/.local/lib/python3.9/site-packages/airflow/example_dags/example_latest_only_with_trigger.py
[2025-12-11T23:04:43.447+0000] {processor.py:830} INFO - Processing file /home/airflow/.local/lib/python3.9/site-packages/airflow/example_dags/example_latest_only_with_trigger.py for tasks to queue
[2025-12-11T23:04:43.453+0000] {logging_mixin.py:188} INFO - [2025-12-11T23:04:43.452+0000] {dagbag.py:545} INFO - Filling up the DagBag from /home/airflow/.local/lib/python3.9/site-packages/airflow/example_dags/example_latest_only_with_trigger.py
[2025-12-11T23:04:43.465+0000] {processor.py:840} INFO - DAG(s) 'latest_only_with_trigger' retrieved from /home/airflow/.local/lib/python3.9/site-packages/airflow/example_dags/example_latest_only_with_trigger.py
[2025-12-11T23:04:43.551+0000] {logging_mixin.py:188} INFO - [2025-12-11T23:04:43.550+0000] {dag.py:3096} INFO - Sync 1 DAGs
[2025-12-11T23:04:43.621+0000] {logging_mixin.py:188} INFO - [2025-12-11T23:04:43.620+0000] {dag.py:3954} INFO - Setting next_dagrun for latest_only_with_trigger to 2025-12-11 16:00:00+00:00, run_after=2025-12-11 20:00:00+00:00
[2025-12-11T23:04:43.694+0000] {processor.py:183} INFO - Processing /home/airflow/.local/lib/python3.9/site-packages/airflow/example_dags/example_latest_only_with_trigger.py took 0.264 seconds
[2025-12-11T23:05:13.836+0000] {processor.py:161} INFO - Started process (PID=1788) to work on /home/airflow/.local/lib/python3.9/site-packages/airflow/example_dags/example_latest_only_with_trigger.py
[2025-12-11T23:05:13.837+0000] {processor.py:830} INFO - Processing file /home/airflow/.local/lib/python3.9/site-packages/airflow/example_dags/example_latest_only_with_trigger.py for tasks to queue
[2025-12-11T23:05:13.840+0000] {logging_mixin.py:188} INFO - [2025-12-11T23:05:13.839+0000] {dagbag.py:545} INFO - Filling up the DagBag from /home/airflow/.local/lib/python3.9/site-packages/airflow/example_dags/example_latest_only_with_trigger.py
[2025-12-11T23:05:13.849+0000] {processor.py:840} INFO - DAG(s) 'latest_only_with_trigger' retrieved from /home/airflow/.local/lib/python3.9/site-packages/airflow/example_dags/example_latest_only_with_trigger.py
[2025-12-11T23:05:13.882+0000] {logging_mixin.py:188} INFO - [2025-12-11T23:05:13.882+0000] {dag.py:3096} INFO - Sync 1 DAGs
[2025-12-11T23:05:13.917+0000] {logging_mixin.py:188} INFO - [2025-12-11T23:05:13.916+0000] {dag.py:3954} INFO - Setting next_dagrun for latest_only_with_trigger to 2025-12-11 16:00:00+00:00, run_after=2025-12-11 20:00:00+00:00
[2025-12-11T23:05:13.947+0000] {processor.py:183} INFO - Processing /home/airflow/.local/lib/python3.9/site-packages/airflow/example_dags/example_latest_only_with_trigger.py took 0.122 seconds
[2025-12-11T23:05:44.874+0000] {processor.py:161} INFO - Started process (PID=1859) to work on /home/airflow/.local/lib/python3.9/site-packages/airflow/example_dags/example_latest_only_with_trigger.py
[2025-12-11T23:05:44.881+0000] {processor.py:830} INFO - Processing file /home/airflow/.local/lib/python3.9/site-packages/airflow/example_dags/example_latest_only_with_trigger.py for tasks to queue
[2025-12-11T23:05:44.892+0000] {logging_mixin.py:188} INFO - [2025-12-11T23:05:44.891+0000] {dagbag.py:545} INFO - Filling up the DagBag from /home/airflow/.local/lib/python3.9/site-packages/airflow/example_dags/example_latest_only_with_trigger.py
[2025-12-11T23:05:44.901+0000] {processor.py:840} INFO - DAG(s) 'latest_only_with_trigger' retrieved from /home/airflow/.local/lib/python3.9/site-packages/airflow/example_dags/example_latest_only_with_trigger.py
[2025-12-11T23:05:44.958+0000] {logging_mixin.py:188} INFO - [2025-12-11T23:05:44.958+0000] {dag.py:3096} INFO - Sync 1 DAGs
[2025-12-11T23:05:45.017+0000] {logging_mixin.py:188} INFO - [2025-12-11T23:05:45.016+0000] {dag.py:3954} INFO - Setting next_dagrun for latest_only_with_trigger to 2025-12-11 16:00:00+00:00, run_after=2025-12-11 20:00:00+00:00
[2025-12-11T23:05:45.072+0000] {processor.py:183} INFO - Processing /home/airflow/.local/lib/python3.9/site-packages/airflow/example_dags/example_latest_only_with_trigger.py took 0.217 seconds
[2025-12-11T23:06:15.637+0000] {processor.py:161} INFO - Started process (PID=1928) to work on /home/airflow/.local/lib/python3.9/site-packages/airflow/example_dags/example_latest_only_with_trigger.py
[2025-12-11T23:06:15.639+0000] {processor.py:830} INFO - Processing file /home/airflow/.local/lib/python3.9/site-packages/airflow/example_dags/example_latest_only_with_trigger.py for tasks to queue
[2025-12-11T23:06:15.642+0000] {logging_mixin.py:188} INFO - [2025-12-11T23:06:15.642+0000] {dagbag.py:545} INFO - Filling up the DagBag from /home/airflow/.local/lib/python3.9/site-packages/airflow/example_dags/example_latest_only_with_trigger.py
[2025-12-11T23:06:15.660+0000] {processor.py:840} INFO - DAG(s) 'latest_only_with_trigger' retrieved from /home/airflow/.local/lib/python3.9/site-packages/airflow/example_dags/example_latest_only_with_trigger.py
[2025-12-11T23:06:15.753+0000] {logging_mixin.py:188} INFO - [2025-12-11T23:06:15.752+0000] {dag.py:3096} INFO - Sync 1 DAGs
[2025-12-11T23:06:15.810+0000] {logging_mixin.py:188} INFO - [2025-12-11T23:06:15.809+0000] {dag.py:3954} INFO - Setting next_dagrun for latest_only_with_trigger to 2025-12-11 16:00:00+00:00, run_after=2025-12-11 20:00:00+00:00
[2025-12-11T23:06:15.857+0000] {processor.py:183} INFO - Processing /home/airflow/.local/lib/python3.9/site-packages/airflow/example_dags/example_latest_only_with_trigger.py took 0.241 seconds
[2025-12-11T23:06:47.398+0000] {processor.py:161} INFO - Started process (PID=2003) to work on /home/airflow/.local/lib/python3.9/site-packages/airflow/example_dags/example_latest_only_with_trigger.py
[2025-12-11T23:06:47.419+0000] {processor.py:830} INFO - Processing file /home/airflow/.local/lib/python3.9/site-packages/airflow/example_dags/example_latest_only_with_trigger.py for tasks to queue
[2025-12-11T23:06:47.423+0000] {logging_mixin.py:188} INFO - [2025-12-11T23:06:47.422+0000] {dagbag.py:545} INFO - Filling up the DagBag from /home/airflow/.local/lib/python3.9/site-packages/airflow/example_dags/example_latest_only_with_trigger.py
[2025-12-11T23:06:47.435+0000] {processor.py:840} INFO - DAG(s) 'latest_only_with_trigger' retrieved from /home/airflow/.local/lib/python3.9/site-packages/airflow/example_dags/example_latest_only_with_trigger.py
[2025-12-11T23:06:47.490+0000] {logging_mixin.py:188} INFO - [2025-12-11T23:06:47.489+0000] {dag.py:3096} INFO - Sync 1 DAGs
[2025-12-11T23:06:47.534+0000] {logging_mixin.py:188} INFO - [2025-12-11T23:06:47.533+0000] {dag.py:3954} INFO - Setting next_dagrun for latest_only_with_trigger to 2025-12-11 16:00:00+00:00, run_after=2025-12-11 20:00:00+00:00
[2025-12-11T23:06:47.580+0000] {processor.py:183} INFO - Processing /home/airflow/.local/lib/python3.9/site-packages/airflow/example_dags/example_latest_only_with_trigger.py took 0.200 seconds
[2025-12-11T23:07:18.589+0000] {processor.py:161} INFO - Started process (PID=2076) to work on /home/airflow/.local/lib/python3.9/site-packages/airflow/example_dags/example_latest_only_with_trigger.py
[2025-12-11T23:07:18.660+0000] {processor.py:830} INFO - Processing file /home/airflow/.local/lib/python3.9/site-packages/airflow/example_dags/example_latest_only_with_trigger.py for tasks to queue
[2025-12-11T23:07:18.664+0000] {logging_mixin.py:188} INFO - [2025-12-11T23:07:18.663+0000] {dagbag.py:545} INFO - Filling up the DagBag from /home/airflow/.local/lib/python3.9/site-packages/airflow/example_dags/example_latest_only_with_trigger.py
[2025-12-11T23:07:18.673+0000] {processor.py:840} INFO - DAG(s) 'latest_only_with_trigger' retrieved from /home/airflow/.local/lib/python3.9/site-packages/airflow/example_dags/example_latest_only_with_trigger.py
[2025-12-11T23:07:18.715+0000] {logging_mixin.py:188} INFO - [2025-12-11T23:07:18.714+0000] {dag.py:3096} INFO - Sync 1 DAGs
[2025-12-11T23:07:18.755+0000] {logging_mixin.py:188} INFO - [2025-12-11T23:07:18.755+0000] {dag.py:3954} INFO - Setting next_dagrun for latest_only_with_trigger to 2025-12-11 16:00:00+00:00, run_after=2025-12-11 20:00:00+00:00
[2025-12-11T23:07:18.838+0000] {processor.py:183} INFO - Processing /home/airflow/.local/lib/python3.9/site-packages/airflow/example_dags/example_latest_only_with_trigger.py took 0.262 seconds
[2025-12-11T23:07:49.660+0000] {processor.py:161} INFO - Started process (PID=2148) to work on /home/airflow/.local/lib/python3.9/site-packages/airflow/example_dags/example_latest_only_with_trigger.py
[2025-12-11T23:07:49.665+0000] {processor.py:830} INFO - Processing file /home/airflow/.local/lib/python3.9/site-packages/airflow/example_dags/example_latest_only_with_trigger.py for tasks to queue
[2025-12-11T23:07:49.667+0000] {logging_mixin.py:188} INFO - [2025-12-11T23:07:49.667+0000] {dagbag.py:545} INFO - Filling up the DagBag from /home/airflow/.local/lib/python3.9/site-packages/airflow/example_dags/example_latest_only_with_trigger.py
[2025-12-11T23:07:49.675+0000] {processor.py:840} INFO - DAG(s) 'latest_only_with_trigger' retrieved from /home/airflow/.local/lib/python3.9/site-packages/airflow/example_dags/example_latest_only_with_trigger.py
[2025-12-11T23:07:49.711+0000] {logging_mixin.py:188} INFO - [2025-12-11T23:07:49.710+0000] {dag.py:3096} INFO - Sync 1 DAGs
[2025-12-11T23:07:49.749+0000] {logging_mixin.py:188} INFO - [2025-12-11T23:07:49.749+0000] {dag.py:3954} INFO - Setting next_dagrun for latest_only_with_trigger to 2025-12-11 16:00:00+00:00, run_after=2025-12-11 20:00:00+00:00
[2025-12-11T23:07:49.775+0000] {processor.py:183} INFO - Processing /home/airflow/.local/lib/python3.9/site-packages/airflow/example_dags/example_latest_only_with_trigger.py took 0.125 seconds
[2025-12-11T23:08:20.365+0000] {processor.py:161} INFO - Started process (PID=2219) to work on /home/airflow/.local/lib/python3.9/site-packages/airflow/example_dags/example_latest_only_with_trigger.py
[2025-12-11T23:08:20.839+0000] {processor.py:830} INFO - Processing file /home/airflow/.local/lib/python3.9/site-packages/airflow/example_dags/example_latest_only_with_trigger.py for tasks to queue
[2025-12-11T23:08:20.843+0000] {logging_mixin.py:188} INFO - [2025-12-11T23:08:20.843+0000] {dagbag.py:545} INFO - Filling up the DagBag from /home/airflow/.local/lib/python3.9/site-packages/airflow/example_dags/example_latest_only_with_trigger.py
[2025-12-11T23:08:20.872+0000] {processor.py:840} INFO - DAG(s) 'latest_only_with_trigger' retrieved from /home/airflow/.local/lib/python3.9/site-packages/airflow/example_dags/example_latest_only_with_trigger.py
[2025-12-11T23:08:20.952+0000] {logging_mixin.py:188} INFO - [2025-12-11T23:08:20.951+0000] {dag.py:3096} INFO - Sync 1 DAGs
[2025-12-11T23:08:21.046+0000] {logging_mixin.py:188} INFO - [2025-12-11T23:08:21.045+0000] {dag.py:3954} INFO - Setting next_dagrun for latest_only_with_trigger to 2025-12-11 16:00:00+00:00, run_after=2025-12-11 20:00:00+00:00
[2025-12-11T23:08:21.117+0000] {processor.py:183} INFO - Processing /home/airflow/.local/lib/python3.9/site-packages/airflow/example_dags/example_latest_only_with_trigger.py took 0.778 seconds
[2025-12-11T23:08:51.220+0000] {processor.py:161} INFO - Started process (PID=2286) to work on /home/airflow/.local/lib/python3.9/site-packages/airflow/example_dags/example_latest_only_with_trigger.py
[2025-12-11T23:08:51.232+0000] {processor.py:830} INFO - Processing file /home/airflow/.local/lib/python3.9/site-packages/airflow/example_dags/example_latest_only_with_trigger.py for tasks to queue
[2025-12-11T23:08:51.235+0000] {logging_mixin.py:188} INFO - [2025-12-11T23:08:51.234+0000] {dagbag.py:545} INFO - Filling up the DagBag from /home/airflow/.local/lib/python3.9/site-packages/airflow/example_dags/example_latest_only_with_trigger.py
[2025-12-11T23:08:51.250+0000] {processor.py:840} INFO - DAG(s) 'latest_only_with_trigger' retrieved from /home/airflow/.local/lib/python3.9/site-packages/airflow/example_dags/example_latest_only_with_trigger.py
[2025-12-11T23:08:51.318+0000] {logging_mixin.py:188} INFO - [2025-12-11T23:08:51.317+0000] {dag.py:3096} INFO - Sync 1 DAGs
[2025-12-11T23:08:51.377+0000] {logging_mixin.py:188} INFO - [2025-12-11T23:08:51.376+0000] {dag.py:3954} INFO - Setting next_dagrun for latest_only_with_trigger to 2025-12-11 16:00:00+00:00, run_after=2025-12-11 20:00:00+00:00
[2025-12-11T23:08:51.682+0000] {processor.py:183} INFO - Processing /home/airflow/.local/lib/python3.9/site-packages/airflow/example_dags/example_latest_only_with_trigger.py took 0.480 seconds
[2025-12-11T23:09:21.801+0000] {processor.py:161} INFO - Started process (PID=2359) to work on /home/airflow/.local/lib/python3.9/site-packages/airflow/example_dags/example_latest_only_with_trigger.py
[2025-12-11T23:09:21.808+0000] {processor.py:830} INFO - Processing file /home/airflow/.local/lib/python3.9/site-packages/airflow/example_dags/example_latest_only_with_trigger.py for tasks to queue
[2025-12-11T23:09:21.811+0000] {logging_mixin.py:188} INFO - [2025-12-11T23:09:21.810+0000] {dagbag.py:545} INFO - Filling up the DagBag from /home/airflow/.local/lib/python3.9/site-packages/airflow/example_dags/example_latest_only_with_trigger.py
[2025-12-11T23:09:21.820+0000] {processor.py:840} INFO - DAG(s) 'latest_only_with_trigger' retrieved from /home/airflow/.local/lib/python3.9/site-packages/airflow/example_dags/example_latest_only_with_trigger.py
[2025-12-11T23:09:21.860+0000] {logging_mixin.py:188} INFO - [2025-12-11T23:09:21.860+0000] {dag.py:3096} INFO - Sync 1 DAGs
[2025-12-11T23:09:21.898+0000] {logging_mixin.py:188} INFO - [2025-12-11T23:09:21.898+0000] {dag.py:3954} INFO - Setting next_dagrun for latest_only_with_trigger to 2025-12-11 16:00:00+00:00, run_after=2025-12-11 20:00:00+00:00
[2025-12-11T23:09:21.925+0000] {processor.py:183} INFO - Processing /home/airflow/.local/lib/python3.9/site-packages/airflow/example_dags/example_latest_only_with_trigger.py took 0.134 seconds
[2025-12-11T23:09:52.374+0000] {processor.py:161} INFO - Started process (PID=2429) to work on /home/airflow/.local/lib/python3.9/site-packages/airflow/example_dags/example_latest_only_with_trigger.py
[2025-12-11T23:09:52.376+0000] {processor.py:830} INFO - Processing file /home/airflow/.local/lib/python3.9/site-packages/airflow/example_dags/example_latest_only_with_trigger.py for tasks to queue
[2025-12-11T23:09:52.380+0000] {logging_mixin.py:188} INFO - [2025-12-11T23:09:52.379+0000] {dagbag.py:545} INFO - Filling up the DagBag from /home/airflow/.local/lib/python3.9/site-packages/airflow/example_dags/example_latest_only_with_trigger.py
[2025-12-11T23:09:52.394+0000] {processor.py:840} INFO - DAG(s) 'latest_only_with_trigger' retrieved from /home/airflow/.local/lib/python3.9/site-packages/airflow/example_dags/example_latest_only_with_trigger.py
[2025-12-11T23:09:52.472+0000] {logging_mixin.py:188} INFO - [2025-12-11T23:09:52.471+0000] {dag.py:3096} INFO - Sync 1 DAGs
[2025-12-11T23:09:52.545+0000] {logging_mixin.py:188} INFO - [2025-12-11T23:09:52.544+0000] {dag.py:3954} INFO - Setting next_dagrun for latest_only_with_trigger to 2025-12-11 16:00:00+00:00, run_after=2025-12-11 20:00:00+00:00
[2025-12-11T23:09:52.832+0000] {processor.py:183} INFO - Processing /home/airflow/.local/lib/python3.9/site-packages/airflow/example_dags/example_latest_only_with_trigger.py took 0.478 seconds
[2025-12-11T23:10:23.455+0000] {processor.py:161} INFO - Started process (PID=2498) to work on /home/airflow/.local/lib/python3.9/site-packages/airflow/example_dags/example_latest_only_with_trigger.py
[2025-12-11T23:10:23.583+0000] {processor.py:830} INFO - Processing file /home/airflow/.local/lib/python3.9/site-packages/airflow/example_dags/example_latest_only_with_trigger.py for tasks to queue
[2025-12-11T23:10:23.586+0000] {logging_mixin.py:188} INFO - [2025-12-11T23:10:23.585+0000] {dagbag.py:545} INFO - Filling up the DagBag from /home/airflow/.local/lib/python3.9/site-packages/airflow/example_dags/example_latest_only_with_trigger.py
[2025-12-11T23:10:23.597+0000] {processor.py:840} INFO - DAG(s) 'latest_only_with_trigger' retrieved from /home/airflow/.local/lib/python3.9/site-packages/airflow/example_dags/example_latest_only_with_trigger.py
[2025-12-11T23:10:23.689+0000] {logging_mixin.py:188} INFO - [2025-12-11T23:10:23.679+0000] {dag.py:3096} INFO - Sync 1 DAGs
[2025-12-11T23:10:23.752+0000] {logging_mixin.py:188} INFO - [2025-12-11T23:10:23.751+0000] {dag.py:3954} INFO - Setting next_dagrun for latest_only_with_trigger to 2025-12-11 16:00:00+00:00, run_after=2025-12-11 20:00:00+00:00
[2025-12-11T23:10:24.071+0000] {processor.py:183} INFO - Processing /home/airflow/.local/lib/python3.9/site-packages/airflow/example_dags/example_latest_only_with_trigger.py took 0.636 seconds
[2025-12-11T23:10:54.259+0000] {processor.py:161} INFO - Started process (PID=2568) to work on /home/airflow/.local/lib/python3.9/site-packages/airflow/example_dags/example_latest_only_with_trigger.py
[2025-12-11T23:10:54.270+0000] {processor.py:830} INFO - Processing file /home/airflow/.local/lib/python3.9/site-packages/airflow/example_dags/example_latest_only_with_trigger.py for tasks to queue
[2025-12-11T23:10:54.272+0000] {logging_mixin.py:188} INFO - [2025-12-11T23:10:54.272+0000] {dagbag.py:545} INFO - Filling up the DagBag from /home/airflow/.local/lib/python3.9/site-packages/airflow/example_dags/example_latest_only_with_trigger.py
[2025-12-11T23:10:54.282+0000] {processor.py:840} INFO - DAG(s) 'latest_only_with_trigger' retrieved from /home/airflow/.local/lib/python3.9/site-packages/airflow/example_dags/example_latest_only_with_trigger.py
[2025-12-11T23:10:54.320+0000] {logging_mixin.py:188} INFO - [2025-12-11T23:10:54.320+0000] {dag.py:3096} INFO - Sync 1 DAGs
[2025-12-11T23:10:54.355+0000] {logging_mixin.py:188} INFO - [2025-12-11T23:10:54.355+0000] {dag.py:3954} INFO - Setting next_dagrun for latest_only_with_trigger to 2025-12-11 16:00:00+00:00, run_after=2025-12-11 20:00:00+00:00
[2025-12-11T23:10:54.379+0000] {processor.py:183} INFO - Processing /home/airflow/.local/lib/python3.9/site-packages/airflow/example_dags/example_latest_only_with_trigger.py took 0.139 seconds
[2025-12-11T23:11:24.776+0000] {processor.py:161} INFO - Started process (PID=2635) to work on /home/airflow/.local/lib/python3.9/site-packages/airflow/example_dags/example_latest_only_with_trigger.py
[2025-12-11T23:11:25.055+0000] {processor.py:830} INFO - Processing file /home/airflow/.local/lib/python3.9/site-packages/airflow/example_dags/example_latest_only_with_trigger.py for tasks to queue
[2025-12-11T23:11:25.058+0000] {logging_mixin.py:188} INFO - [2025-12-11T23:11:25.058+0000] {dagbag.py:545} INFO - Filling up the DagBag from /home/airflow/.local/lib/python3.9/site-packages/airflow/example_dags/example_latest_only_with_trigger.py
[2025-12-11T23:11:25.069+0000] {processor.py:840} INFO - DAG(s) 'latest_only_with_trigger' retrieved from /home/airflow/.local/lib/python3.9/site-packages/airflow/example_dags/example_latest_only_with_trigger.py
[2025-12-11T23:11:25.109+0000] {logging_mixin.py:188} INFO - [2025-12-11T23:11:25.109+0000] {dag.py:3096} INFO - Sync 1 DAGs
[2025-12-11T23:11:25.255+0000] {logging_mixin.py:188} INFO - [2025-12-11T23:11:25.254+0000] {dag.py:3954} INFO - Setting next_dagrun for latest_only_with_trigger to 2025-12-11 16:00:00+00:00, run_after=2025-12-11 20:00:00+00:00
[2025-12-11T23:11:25.345+0000] {processor.py:183} INFO - Processing /home/airflow/.local/lib/python3.9/site-packages/airflow/example_dags/example_latest_only_with_trigger.py took 0.582 seconds
[2025-12-11T23:11:55.565+0000] {processor.py:161} INFO - Started process (PID=2702) to work on /home/airflow/.local/lib/python3.9/site-packages/airflow/example_dags/example_latest_only_with_trigger.py
[2025-12-11T23:11:55.607+0000] {processor.py:830} INFO - Processing file /home/airflow/.local/lib/python3.9/site-packages/airflow/example_dags/example_latest_only_with_trigger.py for tasks to queue
[2025-12-11T23:11:55.610+0000] {logging_mixin.py:188} INFO - [2025-12-11T23:11:55.609+0000] {dagbag.py:545} INFO - Filling up the DagBag from /home/airflow/.local/lib/python3.9/site-packages/airflow/example_dags/example_latest_only_with_trigger.py
[2025-12-11T23:11:55.619+0000] {processor.py:840} INFO - DAG(s) 'latest_only_with_trigger' retrieved from /home/airflow/.local/lib/python3.9/site-packages/airflow/example_dags/example_latest_only_with_trigger.py
[2025-12-11T23:11:55.661+0000] {logging_mixin.py:188} INFO - [2025-12-11T23:11:55.660+0000] {dag.py:3096} INFO - Sync 1 DAGs
[2025-12-11T23:11:55.702+0000] {logging_mixin.py:188} INFO - [2025-12-11T23:11:55.702+0000] {dag.py:3954} INFO - Setting next_dagrun for latest_only_with_trigger to 2025-12-11 16:00:00+00:00, run_after=2025-12-11 20:00:00+00:00
[2025-12-11T23:11:55.739+0000] {processor.py:183} INFO - Processing /home/airflow/.local/lib/python3.9/site-packages/airflow/example_dags/example_latest_only_with_trigger.py took 0.185 seconds
[2025-12-11T23:12:26.110+0000] {processor.py:161} INFO - Started process (PID=2769) to work on /home/airflow/.local/lib/python3.9/site-packages/airflow/example_dags/example_latest_only_with_trigger.py
[2025-12-11T23:12:26.112+0000] {processor.py:830} INFO - Processing file /home/airflow/.local/lib/python3.9/site-packages/airflow/example_dags/example_latest_only_with_trigger.py for tasks to queue
[2025-12-11T23:12:26.116+0000] {logging_mixin.py:188} INFO - [2025-12-11T23:12:26.116+0000] {dagbag.py:545} INFO - Filling up the DagBag from /home/airflow/.local/lib/python3.9/site-packages/airflow/example_dags/example_latest_only_with_trigger.py
[2025-12-11T23:12:26.153+0000] {processor.py:840} INFO - DAG(s) 'latest_only_with_trigger' retrieved from /home/airflow/.local/lib/python3.9/site-packages/airflow/example_dags/example_latest_only_with_trigger.py
[2025-12-11T23:12:26.213+0000] {logging_mixin.py:188} INFO - [2025-12-11T23:12:26.212+0000] {dag.py:3096} INFO - Sync 1 DAGs
[2025-12-11T23:12:26.249+0000] {logging_mixin.py:188} INFO - [2025-12-11T23:12:26.249+0000] {dag.py:3954} INFO - Setting next_dagrun for latest_only_with_trigger to 2025-12-11 16:00:00+00:00, run_after=2025-12-11 20:00:00+00:00
[2025-12-11T23:12:27.114+0000] {processor.py:183} INFO - Processing /home/airflow/.local/lib/python3.9/site-packages/airflow/example_dags/example_latest_only_with_trigger.py took 1.035 seconds
[2025-12-11T23:12:58.119+0000] {processor.py:161} INFO - Started process (PID=2836) to work on /home/airflow/.local/lib/python3.9/site-packages/airflow/example_dags/example_latest_only_with_trigger.py
[2025-12-11T23:12:58.128+0000] {processor.py:830} INFO - Processing file /home/airflow/.local/lib/python3.9/site-packages/airflow/example_dags/example_latest_only_with_trigger.py for tasks to queue
[2025-12-11T23:12:58.134+0000] {logging_mixin.py:188} INFO - [2025-12-11T23:12:58.134+0000] {dagbag.py:545} INFO - Filling up the DagBag from /home/airflow/.local/lib/python3.9/site-packages/airflow/example_dags/example_latest_only_with_trigger.py
[2025-12-11T23:12:58.152+0000] {processor.py:840} INFO - DAG(s) 'latest_only_with_trigger' retrieved from /home/airflow/.local/lib/python3.9/site-packages/airflow/example_dags/example_latest_only_with_trigger.py
[2025-12-11T23:12:58.231+0000] {logging_mixin.py:188} INFO - [2025-12-11T23:12:58.231+0000] {dag.py:3096} INFO - Sync 1 DAGs
[2025-12-11T23:12:58.280+0000] {logging_mixin.py:188} INFO - [2025-12-11T23:12:58.279+0000] {dag.py:3954} INFO - Setting next_dagrun for latest_only_with_trigger to 2025-12-11 16:00:00+00:00, run_after=2025-12-11 20:00:00+00:00
[2025-12-11T23:12:58.316+0000] {processor.py:183} INFO - Processing /home/airflow/.local/lib/python3.9/site-packages/airflow/example_dags/example_latest_only_with_trigger.py took 0.207 seconds
[2025-12-11T23:13:29.150+0000] {processor.py:161} INFO - Started process (PID=2903) to work on /home/airflow/.local/lib/python3.9/site-packages/airflow/example_dags/example_latest_only_with_trigger.py
[2025-12-11T23:13:29.153+0000] {processor.py:830} INFO - Processing file /home/airflow/.local/lib/python3.9/site-packages/airflow/example_dags/example_latest_only_with_trigger.py for tasks to queue
[2025-12-11T23:13:29.156+0000] {logging_mixin.py:188} INFO - [2025-12-11T23:13:29.155+0000] {dagbag.py:545} INFO - Filling up the DagBag from /home/airflow/.local/lib/python3.9/site-packages/airflow/example_dags/example_latest_only_with_trigger.py
[2025-12-11T23:13:29.175+0000] {processor.py:840} INFO - DAG(s) 'latest_only_with_trigger' retrieved from /home/airflow/.local/lib/python3.9/site-packages/airflow/example_dags/example_latest_only_with_trigger.py
[2025-12-11T23:13:29.234+0000] {logging_mixin.py:188} INFO - [2025-12-11T23:13:29.234+0000] {dag.py:3096} INFO - Sync 1 DAGs
[2025-12-11T23:13:29.274+0000] {logging_mixin.py:188} INFO - [2025-12-11T23:13:29.274+0000] {dag.py:3954} INFO - Setting next_dagrun for latest_only_with_trigger to 2025-12-11 16:00:00+00:00, run_after=2025-12-11 20:00:00+00:00
[2025-12-11T23:13:29.305+0000] {processor.py:183} INFO - Processing /home/airflow/.local/lib/python3.9/site-packages/airflow/example_dags/example_latest_only_with_trigger.py took 0.190 seconds
[2025-12-11T23:13:59.785+0000] {processor.py:161} INFO - Started process (PID=2970) to work on /home/airflow/.local/lib/python3.9/site-packages/airflow/example_dags/example_latest_only_with_trigger.py
[2025-12-11T23:13:59.822+0000] {processor.py:830} INFO - Processing file /home/airflow/.local/lib/python3.9/site-packages/airflow/example_dags/example_latest_only_with_trigger.py for tasks to queue
[2025-12-11T23:13:59.828+0000] {logging_mixin.py:188} INFO - [2025-12-11T23:13:59.827+0000] {dagbag.py:545} INFO - Filling up the DagBag from /home/airflow/.local/lib/python3.9/site-packages/airflow/example_dags/example_latest_only_with_trigger.py
[2025-12-11T23:13:59.846+0000] {processor.py:840} INFO - DAG(s) 'latest_only_with_trigger' retrieved from /home/airflow/.local/lib/python3.9/site-packages/airflow/example_dags/example_latest_only_with_trigger.py
[2025-12-11T23:13:59.905+0000] {logging_mixin.py:188} INFO - [2025-12-11T23:13:59.905+0000] {dag.py:3096} INFO - Sync 1 DAGs
[2025-12-11T23:13:59.956+0000] {logging_mixin.py:188} INFO - [2025-12-11T23:13:59.955+0000] {dag.py:3954} INFO - Setting next_dagrun for latest_only_with_trigger to 2025-12-11 16:00:00+00:00, run_after=2025-12-11 20:00:00+00:00
[2025-12-11T23:14:00.004+0000] {processor.py:183} INFO - Processing /home/airflow/.local/lib/python3.9/site-packages/airflow/example_dags/example_latest_only_with_trigger.py took 0.230 seconds
[2025-12-11T23:14:30.100+0000] {processor.py:161} INFO - Started process (PID=3037) to work on /home/airflow/.local/lib/python3.9/site-packages/airflow/example_dags/example_latest_only_with_trigger.py
[2025-12-11T23:14:30.102+0000] {processor.py:830} INFO - Processing file /home/airflow/.local/lib/python3.9/site-packages/airflow/example_dags/example_latest_only_with_trigger.py for tasks to queue
[2025-12-11T23:14:30.105+0000] {logging_mixin.py:188} INFO - [2025-12-11T23:14:30.104+0000] {dagbag.py:545} INFO - Filling up the DagBag from /home/airflow/.local/lib/python3.9/site-packages/airflow/example_dags/example_latest_only_with_trigger.py
[2025-12-11T23:14:30.115+0000] {processor.py:840} INFO - DAG(s) 'latest_only_with_trigger' retrieved from /home/airflow/.local/lib/python3.9/site-packages/airflow/example_dags/example_latest_only_with_trigger.py
[2025-12-11T23:14:30.154+0000] {logging_mixin.py:188} INFO - [2025-12-11T23:14:30.153+0000] {dag.py:3096} INFO - Sync 1 DAGs
[2025-12-11T23:14:30.190+0000] {logging_mixin.py:188} INFO - [2025-12-11T23:14:30.190+0000] {dag.py:3954} INFO - Setting next_dagrun for latest_only_with_trigger to 2025-12-11 16:00:00+00:00, run_after=2025-12-11 20:00:00+00:00
[2025-12-11T23:14:30.233+0000] {processor.py:183} INFO - Processing /home/airflow/.local/lib/python3.9/site-packages/airflow/example_dags/example_latest_only_with_trigger.py took 0.144 seconds
[2025-12-11T23:15:00.403+0000] {processor.py:161} INFO - Started process (PID=3104) to work on /home/airflow/.local/lib/python3.9/site-packages/airflow/example_dags/example_latest_only_with_trigger.py
[2025-12-11T23:15:00.404+0000] {processor.py:830} INFO - Processing file /home/airflow/.local/lib/python3.9/site-packages/airflow/example_dags/example_latest_only_with_trigger.py for tasks to queue
[2025-12-11T23:15:00.407+0000] {logging_mixin.py:188} INFO - [2025-12-11T23:15:00.406+0000] {dagbag.py:545} INFO - Filling up the DagBag from /home/airflow/.local/lib/python3.9/site-packages/airflow/example_dags/example_latest_only_with_trigger.py
[2025-12-11T23:15:00.416+0000] {processor.py:840} INFO - DAG(s) 'latest_only_with_trigger' retrieved from /home/airflow/.local/lib/python3.9/site-packages/airflow/example_dags/example_latest_only_with_trigger.py
[2025-12-11T23:15:00.452+0000] {logging_mixin.py:188} INFO - [2025-12-11T23:15:00.452+0000] {dag.py:3096} INFO - Sync 1 DAGs
[2025-12-11T23:15:00.489+0000] {logging_mixin.py:188} INFO - [2025-12-11T23:15:00.489+0000] {dag.py:3954} INFO - Setting next_dagrun for latest_only_with_trigger to 2025-12-11 16:00:00+00:00, run_after=2025-12-11 20:00:00+00:00
[2025-12-11T23:15:00.518+0000] {processor.py:183} INFO - Processing /home/airflow/.local/lib/python3.9/site-packages/airflow/example_dags/example_latest_only_with_trigger.py took 0.125 seconds
[2025-12-11T23:15:32.986+0000] {processor.py:161} INFO - Started process (PID=3171) to work on /home/airflow/.local/lib/python3.9/site-packages/airflow/example_dags/example_latest_only_with_trigger.py
[2025-12-11T23:15:32.994+0000] {processor.py:830} INFO - Processing file /home/airflow/.local/lib/python3.9/site-packages/airflow/example_dags/example_latest_only_with_trigger.py for tasks to queue
[2025-12-11T23:15:32.997+0000] {logging_mixin.py:188} INFO - [2025-12-11T23:15:32.997+0000] {dagbag.py:545} INFO - Filling up the DagBag from /home/airflow/.local/lib/python3.9/site-packages/airflow/example_dags/example_latest_only_with_trigger.py
[2025-12-11T23:15:33.008+0000] {processor.py:840} INFO - DAG(s) 'latest_only_with_trigger' retrieved from /home/airflow/.local/lib/python3.9/site-packages/airflow/example_dags/example_latest_only_with_trigger.py
[2025-12-11T23:15:33.051+0000] {logging_mixin.py:188} INFO - [2025-12-11T23:15:33.051+0000] {dag.py:3096} INFO - Sync 1 DAGs
[2025-12-11T23:15:33.096+0000] {logging_mixin.py:188} INFO - [2025-12-11T23:15:33.096+0000] {dag.py:3954} INFO - Setting next_dagrun for latest_only_with_trigger to 2025-12-11 16:00:00+00:00, run_after=2025-12-11 20:00:00+00:00
[2025-12-11T23:15:33.165+0000] {processor.py:183} INFO - Processing /home/airflow/.local/lib/python3.9/site-packages/airflow/example_dags/example_latest_only_with_trigger.py took 0.190 seconds
[2025-12-11T23:16:03.489+0000] {processor.py:161} INFO - Started process (PID=3238) to work on /home/airflow/.local/lib/python3.9/site-packages/airflow/example_dags/example_latest_only_with_trigger.py
[2025-12-11T23:16:03.491+0000] {processor.py:830} INFO - Processing file /home/airflow/.local/lib/python3.9/site-packages/airflow/example_dags/example_latest_only_with_trigger.py for tasks to queue
[2025-12-11T23:16:03.493+0000] {logging_mixin.py:188} INFO - [2025-12-11T23:16:03.493+0000] {dagbag.py:545} INFO - Filling up the DagBag from /home/airflow/.local/lib/python3.9/site-packages/airflow/example_dags/example_latest_only_with_trigger.py
[2025-12-11T23:16:03.503+0000] {processor.py:840} INFO - DAG(s) 'latest_only_with_trigger' retrieved from /home/airflow/.local/lib/python3.9/site-packages/airflow/example_dags/example_latest_only_with_trigger.py
[2025-12-11T23:16:03.556+0000] {logging_mixin.py:188} INFO - [2025-12-11T23:16:03.555+0000] {dag.py:3096} INFO - Sync 1 DAGs
[2025-12-11T23:16:03.609+0000] {logging_mixin.py:188} INFO - [2025-12-11T23:16:03.608+0000] {dag.py:3954} INFO - Setting next_dagrun for latest_only_with_trigger to 2025-12-11 16:00:00+00:00, run_after=2025-12-11 20:00:00+00:00
[2025-12-11T23:16:03.655+0000] {processor.py:183} INFO - Processing /home/airflow/.local/lib/python3.9/site-packages/airflow/example_dags/example_latest_only_with_trigger.py took 0.176 seconds
[2025-12-11T23:16:33.741+0000] {processor.py:161} INFO - Started process (PID=3305) to work on /home/airflow/.local/lib/python3.9/site-packages/airflow/example_dags/example_latest_only_with_trigger.py
[2025-12-11T23:16:33.749+0000] {processor.py:830} INFO - Processing file /home/airflow/.local/lib/python3.9/site-packages/airflow/example_dags/example_latest_only_with_trigger.py for tasks to queue
[2025-12-11T23:16:33.752+0000] {logging_mixin.py:188} INFO - [2025-12-11T23:16:33.752+0000] {dagbag.py:545} INFO - Filling up the DagBag from /home/airflow/.local/lib/python3.9/site-packages/airflow/example_dags/example_latest_only_with_trigger.py
[2025-12-11T23:16:33.761+0000] {processor.py:840} INFO - DAG(s) 'latest_only_with_trigger' retrieved from /home/airflow/.local/lib/python3.9/site-packages/airflow/example_dags/example_latest_only_with_trigger.py
[2025-12-11T23:16:33.800+0000] {logging_mixin.py:188} INFO - [2025-12-11T23:16:33.799+0000] {dag.py:3096} INFO - Sync 1 DAGs
[2025-12-11T23:16:33.837+0000] {logging_mixin.py:188} INFO - [2025-12-11T23:16:33.837+0000] {dag.py:3954} INFO - Setting next_dagrun for latest_only_with_trigger to 2025-12-11 16:00:00+00:00, run_after=2025-12-11 20:00:00+00:00
[2025-12-11T23:16:33.863+0000] {processor.py:183} INFO - Processing /home/airflow/.local/lib/python3.9/site-packages/airflow/example_dags/example_latest_only_with_trigger.py took 0.134 seconds
[2025-12-11T23:17:05.272+0000] {processor.py:161} INFO - Started process (PID=3379) to work on /home/airflow/.local/lib/python3.9/site-packages/airflow/example_dags/example_latest_only_with_trigger.py
[2025-12-11T23:17:05.282+0000] {processor.py:830} INFO - Processing file /home/airflow/.local/lib/python3.9/site-packages/airflow/example_dags/example_latest_only_with_trigger.py for tasks to queue
[2025-12-11T23:17:05.292+0000] {logging_mixin.py:188} INFO - [2025-12-11T23:17:05.291+0000] {dagbag.py:545} INFO - Filling up the DagBag from /home/airflow/.local/lib/python3.9/site-packages/airflow/example_dags/example_latest_only_with_trigger.py
[2025-12-11T23:17:05.302+0000] {processor.py:840} INFO - DAG(s) 'latest_only_with_trigger' retrieved from /home/airflow/.local/lib/python3.9/site-packages/airflow/example_dags/example_latest_only_with_trigger.py
[2025-12-11T23:17:05.376+0000] {logging_mixin.py:188} INFO - [2025-12-11T23:17:05.375+0000] {dag.py:3096} INFO - Sync 1 DAGs
[2025-12-11T23:17:05.452+0000] {logging_mixin.py:188} INFO - [2025-12-11T23:17:05.451+0000] {dag.py:3954} INFO - Setting next_dagrun for latest_only_with_trigger to 2025-12-11 16:00:00+00:00, run_after=2025-12-11 20:00:00+00:00
[2025-12-11T23:17:05.503+0000] {processor.py:183} INFO - Processing /home/airflow/.local/lib/python3.9/site-packages/airflow/example_dags/example_latest_only_with_trigger.py took 0.265 seconds
[2025-12-11T23:17:35.692+0000] {processor.py:161} INFO - Started process (PID=3446) to work on /home/airflow/.local/lib/python3.9/site-packages/airflow/example_dags/example_latest_only_with_trigger.py
[2025-12-11T23:17:35.694+0000] {processor.py:830} INFO - Processing file /home/airflow/.local/lib/python3.9/site-packages/airflow/example_dags/example_latest_only_with_trigger.py for tasks to queue
[2025-12-11T23:17:35.696+0000] {logging_mixin.py:188} INFO - [2025-12-11T23:17:35.696+0000] {dagbag.py:545} INFO - Filling up the DagBag from /home/airflow/.local/lib/python3.9/site-packages/airflow/example_dags/example_latest_only_with_trigger.py
[2025-12-11T23:17:35.715+0000] {processor.py:840} INFO - DAG(s) 'latest_only_with_trigger' retrieved from /home/airflow/.local/lib/python3.9/site-packages/airflow/example_dags/example_latest_only_with_trigger.py
[2025-12-11T23:17:35.811+0000] {logging_mixin.py:188} INFO - [2025-12-11T23:17:35.810+0000] {dag.py:3096} INFO - Sync 1 DAGs
[2025-12-11T23:17:35.915+0000] {logging_mixin.py:188} INFO - [2025-12-11T23:17:35.915+0000] {dag.py:3954} INFO - Setting next_dagrun for latest_only_with_trigger to 2025-12-11 16:00:00+00:00, run_after=2025-12-11 20:00:00+00:00
[2025-12-11T23:17:35.975+0000] {processor.py:183} INFO - Processing /home/airflow/.local/lib/python3.9/site-packages/airflow/example_dags/example_latest_only_with_trigger.py took 0.305 seconds
[2025-12-11T23:18:06.774+0000] {processor.py:161} INFO - Started process (PID=3513) to work on /home/airflow/.local/lib/python3.9/site-packages/airflow/example_dags/example_latest_only_with_trigger.py
[2025-12-11T23:18:06.790+0000] {processor.py:830} INFO - Processing file /home/airflow/.local/lib/python3.9/site-packages/airflow/example_dags/example_latest_only_with_trigger.py for tasks to queue
[2025-12-11T23:18:06.793+0000] {logging_mixin.py:188} INFO - [2025-12-11T23:18:06.792+0000] {dagbag.py:545} INFO - Filling up the DagBag from /home/airflow/.local/lib/python3.9/site-packages/airflow/example_dags/example_latest_only_with_trigger.py
[2025-12-11T23:18:06.812+0000] {processor.py:840} INFO - DAG(s) 'latest_only_with_trigger' retrieved from /home/airflow/.local/lib/python3.9/site-packages/airflow/example_dags/example_latest_only_with_trigger.py
[2025-12-11T23:18:06.910+0000] {logging_mixin.py:188} INFO - [2025-12-11T23:18:06.910+0000] {dag.py:3096} INFO - Sync 1 DAGs
[2025-12-11T23:18:06.996+0000] {logging_mixin.py:188} INFO - [2025-12-11T23:18:06.996+0000] {dag.py:3954} INFO - Setting next_dagrun for latest_only_with_trigger to 2025-12-11 16:00:00+00:00, run_after=2025-12-11 20:00:00+00:00
[2025-12-11T23:18:07.076+0000] {processor.py:183} INFO - Processing /home/airflow/.local/lib/python3.9/site-packages/airflow/example_dags/example_latest_only_with_trigger.py took 0.339 seconds
[2025-12-11T23:18:37.799+0000] {processor.py:161} INFO - Started process (PID=3580) to work on /home/airflow/.local/lib/python3.9/site-packages/airflow/example_dags/example_latest_only_with_trigger.py
[2025-12-11T23:18:37.800+0000] {processor.py:830} INFO - Processing file /home/airflow/.local/lib/python3.9/site-packages/airflow/example_dags/example_latest_only_with_trigger.py for tasks to queue
[2025-12-11T23:18:37.812+0000] {logging_mixin.py:188} INFO - [2025-12-11T23:18:37.812+0000] {dagbag.py:545} INFO - Filling up the DagBag from /home/airflow/.local/lib/python3.9/site-packages/airflow/example_dags/example_latest_only_with_trigger.py
[2025-12-11T23:18:37.832+0000] {processor.py:840} INFO - DAG(s) 'latest_only_with_trigger' retrieved from /home/airflow/.local/lib/python3.9/site-packages/airflow/example_dags/example_latest_only_with_trigger.py
[2025-12-11T23:18:37.955+0000] {logging_mixin.py:188} INFO - [2025-12-11T23:18:37.954+0000] {dag.py:3096} INFO - Sync 1 DAGs
[2025-12-11T23:18:38.114+0000] {logging_mixin.py:188} INFO - [2025-12-11T23:18:38.114+0000] {dag.py:3954} INFO - Setting next_dagrun for latest_only_with_trigger to 2025-12-11 16:00:00+00:00, run_after=2025-12-11 20:00:00+00:00
[2025-12-11T23:18:38.171+0000] {processor.py:183} INFO - Processing /home/airflow/.local/lib/python3.9/site-packages/airflow/example_dags/example_latest_only_with_trigger.py took 0.397 seconds
[2025-12-11T23:19:08.659+0000] {processor.py:161} INFO - Started process (PID=3640) to work on /home/airflow/.local/lib/python3.9/site-packages/airflow/example_dags/example_latest_only_with_trigger.py
[2025-12-11T23:19:08.661+0000] {processor.py:830} INFO - Processing file /home/airflow/.local/lib/python3.9/site-packages/airflow/example_dags/example_latest_only_with_trigger.py for tasks to queue
[2025-12-11T23:19:08.671+0000] {logging_mixin.py:188} INFO - [2025-12-11T23:19:08.671+0000] {dagbag.py:545} INFO - Filling up the DagBag from /home/airflow/.local/lib/python3.9/site-packages/airflow/example_dags/example_latest_only_with_trigger.py
[2025-12-11T23:19:08.681+0000] {processor.py:840} INFO - DAG(s) 'latest_only_with_trigger' retrieved from /home/airflow/.local/lib/python3.9/site-packages/airflow/example_dags/example_latest_only_with_trigger.py
[2025-12-11T23:19:08.740+0000] {logging_mixin.py:188} INFO - [2025-12-11T23:19:08.740+0000] {dag.py:3096} INFO - Sync 1 DAGs
[2025-12-11T23:19:08.785+0000] {logging_mixin.py:188} INFO - [2025-12-11T23:19:08.785+0000] {dag.py:3954} INFO - Setting next_dagrun for latest_only_with_trigger to 2025-12-11 16:00:00+00:00, run_after=2025-12-11 20:00:00+00:00
[2025-12-11T23:19:08.831+0000] {processor.py:183} INFO - Processing /home/airflow/.local/lib/python3.9/site-packages/airflow/example_dags/example_latest_only_with_trigger.py took 0.186 seconds
[2025-12-11T23:19:39.755+0000] {processor.py:161} INFO - Started process (PID=3714) to work on /home/airflow/.local/lib/python3.9/site-packages/airflow/example_dags/example_latest_only_with_trigger.py
[2025-12-11T23:19:39.760+0000] {processor.py:830} INFO - Processing file /home/airflow/.local/lib/python3.9/site-packages/airflow/example_dags/example_latest_only_with_trigger.py for tasks to queue
[2025-12-11T23:19:39.772+0000] {logging_mixin.py:188} INFO - [2025-12-11T23:19:39.771+0000] {dagbag.py:545} INFO - Filling up the DagBag from /home/airflow/.local/lib/python3.9/site-packages/airflow/example_dags/example_latest_only_with_trigger.py
[2025-12-11T23:19:39.781+0000] {processor.py:840} INFO - DAG(s) 'latest_only_with_trigger' retrieved from /home/airflow/.local/lib/python3.9/site-packages/airflow/example_dags/example_latest_only_with_trigger.py
[2025-12-11T23:19:39.852+0000] {logging_mixin.py:188} INFO - [2025-12-11T23:19:39.851+0000] {dag.py:3096} INFO - Sync 1 DAGs
[2025-12-11T23:19:39.915+0000] {logging_mixin.py:188} INFO - [2025-12-11T23:19:39.915+0000] {dag.py:3954} INFO - Setting next_dagrun for latest_only_with_trigger to 2025-12-11 16:00:00+00:00, run_after=2025-12-11 20:00:00+00:00
[2025-12-11T23:19:40.304+0000] {processor.py:183} INFO - Processing /home/airflow/.local/lib/python3.9/site-packages/airflow/example_dags/example_latest_only_with_trigger.py took 0.569 seconds
[2025-12-11T23:20:11.055+0000] {processor.py:161} INFO - Started process (PID=3781) to work on /home/airflow/.local/lib/python3.9/site-packages/airflow/example_dags/example_latest_only_with_trigger.py
[2025-12-11T23:20:11.062+0000] {processor.py:830} INFO - Processing file /home/airflow/.local/lib/python3.9/site-packages/airflow/example_dags/example_latest_only_with_trigger.py for tasks to queue
[2025-12-11T23:20:11.072+0000] {logging_mixin.py:188} INFO - [2025-12-11T23:20:11.071+0000] {dagbag.py:545} INFO - Filling up the DagBag from /home/airflow/.local/lib/python3.9/site-packages/airflow/example_dags/example_latest_only_with_trigger.py
[2025-12-11T23:20:11.084+0000] {processor.py:840} INFO - DAG(s) 'latest_only_with_trigger' retrieved from /home/airflow/.local/lib/python3.9/site-packages/airflow/example_dags/example_latest_only_with_trigger.py
[2025-12-11T23:20:11.150+0000] {logging_mixin.py:188} INFO - [2025-12-11T23:20:11.150+0000] {dag.py:3096} INFO - Sync 1 DAGs
[2025-12-11T23:20:11.202+0000] {logging_mixin.py:188} INFO - [2025-12-11T23:20:11.202+0000] {dag.py:3954} INFO - Setting next_dagrun for latest_only_with_trigger to 2025-12-11 16:00:00+00:00, run_after=2025-12-11 20:00:00+00:00
[2025-12-11T23:20:11.474+0000] {processor.py:183} INFO - Processing /home/airflow/.local/lib/python3.9/site-packages/airflow/example_dags/example_latest_only_with_trigger.py took 0.441 seconds
[2025-12-11T23:20:42.457+0000] {processor.py:161} INFO - Started process (PID=3848) to work on /home/airflow/.local/lib/python3.9/site-packages/airflow/example_dags/example_latest_only_with_trigger.py
[2025-12-11T23:20:42.465+0000] {processor.py:830} INFO - Processing file /home/airflow/.local/lib/python3.9/site-packages/airflow/example_dags/example_latest_only_with_trigger.py for tasks to queue
[2025-12-11T23:20:42.471+0000] {logging_mixin.py:188} INFO - [2025-12-11T23:20:42.470+0000] {dagbag.py:545} INFO - Filling up the DagBag from /home/airflow/.local/lib/python3.9/site-packages/airflow/example_dags/example_latest_only_with_trigger.py
[2025-12-11T23:20:42.492+0000] {processor.py:840} INFO - DAG(s) 'latest_only_with_trigger' retrieved from /home/airflow/.local/lib/python3.9/site-packages/airflow/example_dags/example_latest_only_with_trigger.py
[2025-12-11T23:20:42.602+0000] {logging_mixin.py:188} INFO - [2025-12-11T23:20:42.601+0000] {dag.py:3096} INFO - Sync 1 DAGs
[2025-12-11T23:20:42.678+0000] {logging_mixin.py:188} INFO - [2025-12-11T23:20:42.678+0000] {dag.py:3954} INFO - Setting next_dagrun for latest_only_with_trigger to 2025-12-11 16:00:00+00:00, run_after=2025-12-11 20:00:00+00:00
[2025-12-11T23:20:42.832+0000] {processor.py:183} INFO - Processing /home/airflow/.local/lib/python3.9/site-packages/airflow/example_dags/example_latest_only_with_trigger.py took 0.397 seconds
[2025-12-11T23:21:13.145+0000] {processor.py:161} INFO - Started process (PID=3915) to work on /home/airflow/.local/lib/python3.9/site-packages/airflow/example_dags/example_latest_only_with_trigger.py
[2025-12-11T23:21:13.147+0000] {processor.py:830} INFO - Processing file /home/airflow/.local/lib/python3.9/site-packages/airflow/example_dags/example_latest_only_with_trigger.py for tasks to queue
[2025-12-11T23:21:13.149+0000] {logging_mixin.py:188} INFO - [2025-12-11T23:21:13.149+0000] {dagbag.py:545} INFO - Filling up the DagBag from /home/airflow/.local/lib/python3.9/site-packages/airflow/example_dags/example_latest_only_with_trigger.py
[2025-12-11T23:21:13.158+0000] {processor.py:840} INFO - DAG(s) 'latest_only_with_trigger' retrieved from /home/airflow/.local/lib/python3.9/site-packages/airflow/example_dags/example_latest_only_with_trigger.py
[2025-12-11T23:21:13.201+0000] {logging_mixin.py:188} INFO - [2025-12-11T23:21:13.201+0000] {dag.py:3096} INFO - Sync 1 DAGs
[2025-12-11T23:21:13.244+0000] {logging_mixin.py:188} INFO - [2025-12-11T23:21:13.244+0000] {dag.py:3954} INFO - Setting next_dagrun for latest_only_with_trigger to 2025-12-11 16:00:00+00:00, run_after=2025-12-11 20:00:00+00:00
[2025-12-11T23:21:13.276+0000] {processor.py:183} INFO - Processing /home/airflow/.local/lib/python3.9/site-packages/airflow/example_dags/example_latest_only_with_trigger.py took 0.142 seconds
[2025-12-11T23:21:44.016+0000] {processor.py:161} INFO - Started process (PID=3982) to work on /home/airflow/.local/lib/python3.9/site-packages/airflow/example_dags/example_latest_only_with_trigger.py
[2025-12-11T23:21:44.017+0000] {processor.py:830} INFO - Processing file /home/airflow/.local/lib/python3.9/site-packages/airflow/example_dags/example_latest_only_with_trigger.py for tasks to queue
[2025-12-11T23:21:44.019+0000] {logging_mixin.py:188} INFO - [2025-12-11T23:21:44.019+0000] {dagbag.py:545} INFO - Filling up the DagBag from /home/airflow/.local/lib/python3.9/site-packages/airflow/example_dags/example_latest_only_with_trigger.py
[2025-12-11T23:21:44.035+0000] {processor.py:840} INFO - DAG(s) 'latest_only_with_trigger' retrieved from /home/airflow/.local/lib/python3.9/site-packages/airflow/example_dags/example_latest_only_with_trigger.py
[2025-12-11T23:21:44.098+0000] {logging_mixin.py:188} INFO - [2025-12-11T23:21:44.097+0000] {dag.py:3096} INFO - Sync 1 DAGs
[2025-12-11T23:21:44.155+0000] {logging_mixin.py:188} INFO - [2025-12-11T23:21:44.154+0000] {dag.py:3954} INFO - Setting next_dagrun for latest_only_with_trigger to 2025-12-11 16:00:00+00:00, run_after=2025-12-11 20:00:00+00:00
[2025-12-11T23:21:44.201+0000] {processor.py:183} INFO - Processing /home/airflow/.local/lib/python3.9/site-packages/airflow/example_dags/example_latest_only_with_trigger.py took 0.204 seconds
[2025-12-11T23:22:14.644+0000] {processor.py:161} INFO - Started process (PID=4049) to work on /home/airflow/.local/lib/python3.9/site-packages/airflow/example_dags/example_latest_only_with_trigger.py
[2025-12-11T23:22:14.645+0000] {processor.py:830} INFO - Processing file /home/airflow/.local/lib/python3.9/site-packages/airflow/example_dags/example_latest_only_with_trigger.py for tasks to queue
[2025-12-11T23:22:14.648+0000] {logging_mixin.py:188} INFO - [2025-12-11T23:22:14.648+0000] {dagbag.py:545} INFO - Filling up the DagBag from /home/airflow/.local/lib/python3.9/site-packages/airflow/example_dags/example_latest_only_with_trigger.py
[2025-12-11T23:22:14.659+0000] {processor.py:840} INFO - DAG(s) 'latest_only_with_trigger' retrieved from /home/airflow/.local/lib/python3.9/site-packages/airflow/example_dags/example_latest_only_with_trigger.py
[2025-12-11T23:22:14.704+0000] {logging_mixin.py:188} INFO - [2025-12-11T23:22:14.704+0000] {dag.py:3096} INFO - Sync 1 DAGs
[2025-12-11T23:22:14.745+0000] {logging_mixin.py:188} INFO - [2025-12-11T23:22:14.744+0000] {dag.py:3954} INFO - Setting next_dagrun for latest_only_with_trigger to 2025-12-11 16:00:00+00:00, run_after=2025-12-11 20:00:00+00:00
[2025-12-11T23:22:14.776+0000] {processor.py:183} INFO - Processing /home/airflow/.local/lib/python3.9/site-packages/airflow/example_dags/example_latest_only_with_trigger.py took 0.143 seconds
[2025-12-11T23:22:45.338+0000] {processor.py:161} INFO - Started process (PID=4116) to work on /home/airflow/.local/lib/python3.9/site-packages/airflow/example_dags/example_latest_only_with_trigger.py
[2025-12-11T23:22:45.340+0000] {processor.py:830} INFO - Processing file /home/airflow/.local/lib/python3.9/site-packages/airflow/example_dags/example_latest_only_with_trigger.py for tasks to queue
[2025-12-11T23:22:45.342+0000] {logging_mixin.py:188} INFO - [2025-12-11T23:22:45.342+0000] {dagbag.py:545} INFO - Filling up the DagBag from /home/airflow/.local/lib/python3.9/site-packages/airflow/example_dags/example_latest_only_with_trigger.py
[2025-12-11T23:22:45.352+0000] {processor.py:840} INFO - DAG(s) 'latest_only_with_trigger' retrieved from /home/airflow/.local/lib/python3.9/site-packages/airflow/example_dags/example_latest_only_with_trigger.py
[2025-12-11T23:22:45.393+0000] {logging_mixin.py:188} INFO - [2025-12-11T23:22:45.392+0000] {dag.py:3096} INFO - Sync 1 DAGs
[2025-12-11T23:22:45.429+0000] {logging_mixin.py:188} INFO - [2025-12-11T23:22:45.429+0000] {dag.py:3954} INFO - Setting next_dagrun for latest_only_with_trigger to 2025-12-11 16:00:00+00:00, run_after=2025-12-11 20:00:00+00:00
[2025-12-11T23:22:45.458+0000] {processor.py:183} INFO - Processing /home/airflow/.local/lib/python3.9/site-packages/airflow/example_dags/example_latest_only_with_trigger.py took 0.130 seconds
[2025-12-11T23:23:15.574+0000] {processor.py:161} INFO - Started process (PID=4183) to work on /home/airflow/.local/lib/python3.9/site-packages/airflow/example_dags/example_latest_only_with_trigger.py
[2025-12-11T23:23:15.576+0000] {processor.py:830} INFO - Processing file /home/airflow/.local/lib/python3.9/site-packages/airflow/example_dags/example_latest_only_with_trigger.py for tasks to queue
[2025-12-11T23:23:15.579+0000] {logging_mixin.py:188} INFO - [2025-12-11T23:23:15.578+0000] {dagbag.py:545} INFO - Filling up the DagBag from /home/airflow/.local/lib/python3.9/site-packages/airflow/example_dags/example_latest_only_with_trigger.py
[2025-12-11T23:23:15.597+0000] {processor.py:840} INFO - DAG(s) 'latest_only_with_trigger' retrieved from /home/airflow/.local/lib/python3.9/site-packages/airflow/example_dags/example_latest_only_with_trigger.py
[2025-12-11T23:23:15.661+0000] {logging_mixin.py:188} INFO - [2025-12-11T23:23:15.661+0000] {dag.py:3096} INFO - Sync 1 DAGs
[2025-12-11T23:23:15.737+0000] {logging_mixin.py:188} INFO - [2025-12-11T23:23:15.736+0000] {dag.py:3954} INFO - Setting next_dagrun for latest_only_with_trigger to 2025-12-11 16:00:00+00:00, run_after=2025-12-11 20:00:00+00:00
[2025-12-11T23:23:15.798+0000] {processor.py:183} INFO - Processing /home/airflow/.local/lib/python3.9/site-packages/airflow/example_dags/example_latest_only_with_trigger.py took 0.241 seconds
[2025-12-11T23:23:46.029+0000] {processor.py:161} INFO - Started process (PID=4250) to work on /home/airflow/.local/lib/python3.9/site-packages/airflow/example_dags/example_latest_only_with_trigger.py
[2025-12-11T23:23:46.030+0000] {processor.py:830} INFO - Processing file /home/airflow/.local/lib/python3.9/site-packages/airflow/example_dags/example_latest_only_with_trigger.py for tasks to queue
[2025-12-11T23:23:46.033+0000] {logging_mixin.py:188} INFO - [2025-12-11T23:23:46.033+0000] {dagbag.py:545} INFO - Filling up the DagBag from /home/airflow/.local/lib/python3.9/site-packages/airflow/example_dags/example_latest_only_with_trigger.py
[2025-12-11T23:23:46.043+0000] {processor.py:840} INFO - DAG(s) 'latest_only_with_trigger' retrieved from /home/airflow/.local/lib/python3.9/site-packages/airflow/example_dags/example_latest_only_with_trigger.py
[2025-12-11T23:23:46.086+0000] {logging_mixin.py:188} INFO - [2025-12-11T23:23:46.085+0000] {dag.py:3096} INFO - Sync 1 DAGs
[2025-12-11T23:23:46.122+0000] {logging_mixin.py:188} INFO - [2025-12-11T23:23:46.121+0000] {dag.py:3954} INFO - Setting next_dagrun for latest_only_with_trigger to 2025-12-11 16:00:00+00:00, run_after=2025-12-11 20:00:00+00:00
[2025-12-11T23:23:46.147+0000] {processor.py:183} INFO - Processing /home/airflow/.local/lib/python3.9/site-packages/airflow/example_dags/example_latest_only_with_trigger.py took 0.129 seconds
[2025-12-11T23:24:16.563+0000] {processor.py:161} INFO - Started process (PID=4316) to work on /home/airflow/.local/lib/python3.9/site-packages/airflow/example_dags/example_latest_only_with_trigger.py
[2025-12-11T23:24:16.569+0000] {processor.py:830} INFO - Processing file /home/airflow/.local/lib/python3.9/site-packages/airflow/example_dags/example_latest_only_with_trigger.py for tasks to queue
[2025-12-11T23:24:16.573+0000] {logging_mixin.py:188} INFO - [2025-12-11T23:24:16.572+0000] {dagbag.py:545} INFO - Filling up the DagBag from /home/airflow/.local/lib/python3.9/site-packages/airflow/example_dags/example_latest_only_with_trigger.py
[2025-12-11T23:24:16.592+0000] {processor.py:840} INFO - DAG(s) 'latest_only_with_trigger' retrieved from /home/airflow/.local/lib/python3.9/site-packages/airflow/example_dags/example_latest_only_with_trigger.py
[2025-12-11T23:24:16.661+0000] {logging_mixin.py:188} INFO - [2025-12-11T23:24:16.660+0000] {dag.py:3096} INFO - Sync 1 DAGs
[2025-12-11T23:24:16.719+0000] {logging_mixin.py:188} INFO - [2025-12-11T23:24:16.719+0000] {dag.py:3954} INFO - Setting next_dagrun for latest_only_with_trigger to 2025-12-11 16:00:00+00:00, run_after=2025-12-11 20:00:00+00:00
[2025-12-11T23:24:16.762+0000] {processor.py:183} INFO - Processing /home/airflow/.local/lib/python3.9/site-packages/airflow/example_dags/example_latest_only_with_trigger.py took 0.213 seconds
[2025-12-11T23:24:47.492+0000] {processor.py:161} INFO - Started process (PID=4383) to work on /home/airflow/.local/lib/python3.9/site-packages/airflow/example_dags/example_latest_only_with_trigger.py
[2025-12-11T23:24:47.498+0000] {processor.py:830} INFO - Processing file /home/airflow/.local/lib/python3.9/site-packages/airflow/example_dags/example_latest_only_with_trigger.py for tasks to queue
[2025-12-11T23:24:47.501+0000] {logging_mixin.py:188} INFO - [2025-12-11T23:24:47.500+0000] {dagbag.py:545} INFO - Filling up the DagBag from /home/airflow/.local/lib/python3.9/site-packages/airflow/example_dags/example_latest_only_with_trigger.py
[2025-12-11T23:24:47.515+0000] {processor.py:840} INFO - DAG(s) 'latest_only_with_trigger' retrieved from /home/airflow/.local/lib/python3.9/site-packages/airflow/example_dags/example_latest_only_with_trigger.py
[2025-12-11T23:24:47.580+0000] {logging_mixin.py:188} INFO - [2025-12-11T23:24:47.580+0000] {dag.py:3096} INFO - Sync 1 DAGs
[2025-12-11T23:24:47.643+0000] {logging_mixin.py:188} INFO - [2025-12-11T23:24:47.643+0000] {dag.py:3954} INFO - Setting next_dagrun for latest_only_with_trigger to 2025-12-11 16:00:00+00:00, run_after=2025-12-11 20:00:00+00:00
[2025-12-11T23:24:47.699+0000] {processor.py:183} INFO - Processing /home/airflow/.local/lib/python3.9/site-packages/airflow/example_dags/example_latest_only_with_trigger.py took 0.223 seconds
[2025-12-11T23:25:17.862+0000] {processor.py:161} INFO - Started process (PID=4450) to work on /home/airflow/.local/lib/python3.9/site-packages/airflow/example_dags/example_latest_only_with_trigger.py
[2025-12-11T23:25:17.869+0000] {processor.py:830} INFO - Processing file /home/airflow/.local/lib/python3.9/site-packages/airflow/example_dags/example_latest_only_with_trigger.py for tasks to queue
[2025-12-11T23:25:17.872+0000] {logging_mixin.py:188} INFO - [2025-12-11T23:25:17.871+0000] {dagbag.py:545} INFO - Filling up the DagBag from /home/airflow/.local/lib/python3.9/site-packages/airflow/example_dags/example_latest_only_with_trigger.py
[2025-12-11T23:25:17.881+0000] {processor.py:840} INFO - DAG(s) 'latest_only_with_trigger' retrieved from /home/airflow/.local/lib/python3.9/site-packages/airflow/example_dags/example_latest_only_with_trigger.py
[2025-12-11T23:25:17.922+0000] {logging_mixin.py:188} INFO - [2025-12-11T23:25:17.921+0000] {dag.py:3096} INFO - Sync 1 DAGs
[2025-12-11T23:25:17.960+0000] {logging_mixin.py:188} INFO - [2025-12-11T23:25:17.959+0000] {dag.py:3954} INFO - Setting next_dagrun for latest_only_with_trigger to 2025-12-11 16:00:00+00:00, run_after=2025-12-11 20:00:00+00:00
[2025-12-11T23:25:18.013+0000] {processor.py:183} INFO - Processing /home/airflow/.local/lib/python3.9/site-packages/airflow/example_dags/example_latest_only_with_trigger.py took 0.161 seconds
[2025-12-11T23:25:48.233+0000] {processor.py:161} INFO - Started process (PID=4517) to work on /home/airflow/.local/lib/python3.9/site-packages/airflow/example_dags/example_latest_only_with_trigger.py
[2025-12-11T23:25:48.235+0000] {processor.py:830} INFO - Processing file /home/airflow/.local/lib/python3.9/site-packages/airflow/example_dags/example_latest_only_with_trigger.py for tasks to queue
[2025-12-11T23:25:48.237+0000] {logging_mixin.py:188} INFO - [2025-12-11T23:25:48.237+0000] {dagbag.py:545} INFO - Filling up the DagBag from /home/airflow/.local/lib/python3.9/site-packages/airflow/example_dags/example_latest_only_with_trigger.py
[2025-12-11T23:25:48.251+0000] {processor.py:840} INFO - DAG(s) 'latest_only_with_trigger' retrieved from /home/airflow/.local/lib/python3.9/site-packages/airflow/example_dags/example_latest_only_with_trigger.py
[2025-12-11T23:25:48.310+0000] {logging_mixin.py:188} INFO - [2025-12-11T23:25:48.310+0000] {dag.py:3096} INFO - Sync 1 DAGs
[2025-12-11T23:25:48.379+0000] {logging_mixin.py:188} INFO - [2025-12-11T23:25:48.378+0000] {dag.py:3954} INFO - Setting next_dagrun for latest_only_with_trigger to 2025-12-11 16:00:00+00:00, run_after=2025-12-11 20:00:00+00:00
[2025-12-11T23:25:48.411+0000] {processor.py:183} INFO - Processing /home/airflow/.local/lib/python3.9/site-packages/airflow/example_dags/example_latest_only_with_trigger.py took 0.189 seconds
[2025-12-11T23:26:18.622+0000] {processor.py:161} INFO - Started process (PID=4583) to work on /home/airflow/.local/lib/python3.9/site-packages/airflow/example_dags/example_latest_only_with_trigger.py
[2025-12-11T23:26:18.646+0000] {processor.py:830} INFO - Processing file /home/airflow/.local/lib/python3.9/site-packages/airflow/example_dags/example_latest_only_with_trigger.py for tasks to queue
[2025-12-11T23:26:18.649+0000] {logging_mixin.py:188} INFO - [2025-12-11T23:26:18.649+0000] {dagbag.py:545} INFO - Filling up the DagBag from /home/airflow/.local/lib/python3.9/site-packages/airflow/example_dags/example_latest_only_with_trigger.py
[2025-12-11T23:26:18.659+0000] {processor.py:840} INFO - DAG(s) 'latest_only_with_trigger' retrieved from /home/airflow/.local/lib/python3.9/site-packages/airflow/example_dags/example_latest_only_with_trigger.py
[2025-12-11T23:26:18.701+0000] {logging_mixin.py:188} INFO - [2025-12-11T23:26:18.701+0000] {dag.py:3096} INFO - Sync 1 DAGs
[2025-12-11T23:26:18.741+0000] {logging_mixin.py:188} INFO - [2025-12-11T23:26:18.740+0000] {dag.py:3954} INFO - Setting next_dagrun for latest_only_with_trigger to 2025-12-11 16:00:00+00:00, run_after=2025-12-11 20:00:00+00:00
[2025-12-11T23:26:18.773+0000] {processor.py:183} INFO - Processing /home/airflow/.local/lib/python3.9/site-packages/airflow/example_dags/example_latest_only_with_trigger.py took 0.163 seconds
[2025-12-11T23:26:49.563+0000] {processor.py:161} INFO - Started process (PID=4655) to work on /home/airflow/.local/lib/python3.9/site-packages/airflow/example_dags/example_latest_only_with_trigger.py
[2025-12-11T23:26:49.565+0000] {processor.py:830} INFO - Processing file /home/airflow/.local/lib/python3.9/site-packages/airflow/example_dags/example_latest_only_with_trigger.py for tasks to queue
[2025-12-11T23:26:49.570+0000] {logging_mixin.py:188} INFO - [2025-12-11T23:26:49.569+0000] {dagbag.py:545} INFO - Filling up the DagBag from /home/airflow/.local/lib/python3.9/site-packages/airflow/example_dags/example_latest_only_with_trigger.py
[2025-12-11T23:26:49.580+0000] {processor.py:840} INFO - DAG(s) 'latest_only_with_trigger' retrieved from /home/airflow/.local/lib/python3.9/site-packages/airflow/example_dags/example_latest_only_with_trigger.py
[2025-12-11T23:26:49.640+0000] {logging_mixin.py:188} INFO - [2025-12-11T23:26:49.639+0000] {dag.py:3096} INFO - Sync 1 DAGs
[2025-12-11T23:26:49.680+0000] {logging_mixin.py:188} INFO - [2025-12-11T23:26:49.679+0000] {dag.py:3954} INFO - Setting next_dagrun for latest_only_with_trigger to 2025-12-11 16:00:00+00:00, run_after=2025-12-11 20:00:00+00:00
[2025-12-11T23:26:49.762+0000] {processor.py:183} INFO - Processing /home/airflow/.local/lib/python3.9/site-packages/airflow/example_dags/example_latest_only_with_trigger.py took 0.210 seconds
[2025-12-11T23:27:20.215+0000] {processor.py:161} INFO - Started process (PID=4720) to work on /home/airflow/.local/lib/python3.9/site-packages/airflow/example_dags/example_latest_only_with_trigger.py
[2025-12-11T23:27:20.289+0000] {processor.py:830} INFO - Processing file /home/airflow/.local/lib/python3.9/site-packages/airflow/example_dags/example_latest_only_with_trigger.py for tasks to queue
[2025-12-11T23:27:20.292+0000] {logging_mixin.py:188} INFO - [2025-12-11T23:27:20.291+0000] {dagbag.py:545} INFO - Filling up the DagBag from /home/airflow/.local/lib/python3.9/site-packages/airflow/example_dags/example_latest_only_with_trigger.py
[2025-12-11T23:27:20.305+0000] {processor.py:840} INFO - DAG(s) 'latest_only_with_trigger' retrieved from /home/airflow/.local/lib/python3.9/site-packages/airflow/example_dags/example_latest_only_with_trigger.py
[2025-12-11T23:27:20.356+0000] {logging_mixin.py:188} INFO - [2025-12-11T23:27:20.356+0000] {dag.py:3096} INFO - Sync 1 DAGs
[2025-12-11T23:27:20.407+0000] {logging_mixin.py:188} INFO - [2025-12-11T23:27:20.406+0000] {dag.py:3954} INFO - Setting next_dagrun for latest_only_with_trigger to 2025-12-11 16:00:00+00:00, run_after=2025-12-11 20:00:00+00:00
[2025-12-11T23:27:20.718+0000] {processor.py:183} INFO - Processing /home/airflow/.local/lib/python3.9/site-packages/airflow/example_dags/example_latest_only_with_trigger.py took 0.513 seconds
[2025-12-11T23:27:50.798+0000] {processor.py:161} INFO - Started process (PID=4787) to work on /home/airflow/.local/lib/python3.9/site-packages/airflow/example_dags/example_latest_only_with_trigger.py
[2025-12-11T23:27:50.799+0000] {processor.py:830} INFO - Processing file /home/airflow/.local/lib/python3.9/site-packages/airflow/example_dags/example_latest_only_with_trigger.py for tasks to queue
[2025-12-11T23:27:50.802+0000] {logging_mixin.py:188} INFO - [2025-12-11T23:27:50.802+0000] {dagbag.py:545} INFO - Filling up the DagBag from /home/airflow/.local/lib/python3.9/site-packages/airflow/example_dags/example_latest_only_with_trigger.py
[2025-12-11T23:27:50.816+0000] {processor.py:840} INFO - DAG(s) 'latest_only_with_trigger' retrieved from /home/airflow/.local/lib/python3.9/site-packages/airflow/example_dags/example_latest_only_with_trigger.py
[2025-12-11T23:27:50.852+0000] {logging_mixin.py:188} INFO - [2025-12-11T23:27:50.852+0000] {dag.py:3096} INFO - Sync 1 DAGs
[2025-12-11T23:27:50.894+0000] {logging_mixin.py:188} INFO - [2025-12-11T23:27:50.893+0000] {dag.py:3954} INFO - Setting next_dagrun for latest_only_with_trigger to 2025-12-11 16:00:00+00:00, run_after=2025-12-11 20:00:00+00:00
[2025-12-11T23:27:50.923+0000] {processor.py:183} INFO - Processing /home/airflow/.local/lib/python3.9/site-packages/airflow/example_dags/example_latest_only_with_trigger.py took 0.135 seconds
[2025-12-11T23:28:21.213+0000] {processor.py:161} INFO - Started process (PID=4853) to work on /home/airflow/.local/lib/python3.9/site-packages/airflow/example_dags/example_latest_only_with_trigger.py
[2025-12-11T23:28:21.215+0000] {processor.py:830} INFO - Processing file /home/airflow/.local/lib/python3.9/site-packages/airflow/example_dags/example_latest_only_with_trigger.py for tasks to queue
[2025-12-11T23:28:21.218+0000] {logging_mixin.py:188} INFO - [2025-12-11T23:28:21.217+0000] {dagbag.py:545} INFO - Filling up the DagBag from /home/airflow/.local/lib/python3.9/site-packages/airflow/example_dags/example_latest_only_with_trigger.py
[2025-12-11T23:28:21.236+0000] {processor.py:840} INFO - DAG(s) 'latest_only_with_trigger' retrieved from /home/airflow/.local/lib/python3.9/site-packages/airflow/example_dags/example_latest_only_with_trigger.py
[2025-12-11T23:28:21.310+0000] {logging_mixin.py:188} INFO - [2025-12-11T23:28:21.310+0000] {dag.py:3096} INFO - Sync 1 DAGs
[2025-12-11T23:28:21.370+0000] {logging_mixin.py:188} INFO - [2025-12-11T23:28:21.370+0000] {dag.py:3954} INFO - Setting next_dagrun for latest_only_with_trigger to 2025-12-11 16:00:00+00:00, run_after=2025-12-11 20:00:00+00:00
[2025-12-11T23:28:21.418+0000] {processor.py:183} INFO - Processing /home/airflow/.local/lib/python3.9/site-packages/airflow/example_dags/example_latest_only_with_trigger.py took 0.224 seconds
[2025-12-11T23:28:52.377+0000] {processor.py:161} INFO - Started process (PID=4920) to work on /home/airflow/.local/lib/python3.9/site-packages/airflow/example_dags/example_latest_only_with_trigger.py
[2025-12-11T23:28:52.379+0000] {processor.py:830} INFO - Processing file /home/airflow/.local/lib/python3.9/site-packages/airflow/example_dags/example_latest_only_with_trigger.py for tasks to queue
[2025-12-11T23:28:52.382+0000] {logging_mixin.py:188} INFO - [2025-12-11T23:28:52.381+0000] {dagbag.py:545} INFO - Filling up the DagBag from /home/airflow/.local/lib/python3.9/site-packages/airflow/example_dags/example_latest_only_with_trigger.py
[2025-12-11T23:28:52.399+0000] {processor.py:840} INFO - DAG(s) 'latest_only_with_trigger' retrieved from /home/airflow/.local/lib/python3.9/site-packages/airflow/example_dags/example_latest_only_with_trigger.py
[2025-12-11T23:28:52.475+0000] {logging_mixin.py:188} INFO - [2025-12-11T23:28:52.475+0000] {dag.py:3096} INFO - Sync 1 DAGs
[2025-12-11T23:28:52.570+0000] {logging_mixin.py:188} INFO - [2025-12-11T23:28:52.570+0000] {dag.py:3954} INFO - Setting next_dagrun for latest_only_with_trigger to 2025-12-11 16:00:00+00:00, run_after=2025-12-11 20:00:00+00:00
[2025-12-11T23:28:52.641+0000] {processor.py:183} INFO - Processing /home/airflow/.local/lib/python3.9/site-packages/airflow/example_dags/example_latest_only_with_trigger.py took 0.285 seconds
[2025-12-11T23:29:22.834+0000] {processor.py:161} INFO - Started process (PID=4987) to work on /home/airflow/.local/lib/python3.9/site-packages/airflow/example_dags/example_latest_only_with_trigger.py
[2025-12-11T23:29:22.835+0000] {processor.py:830} INFO - Processing file /home/airflow/.local/lib/python3.9/site-packages/airflow/example_dags/example_latest_only_with_trigger.py for tasks to queue
[2025-12-11T23:29:22.838+0000] {logging_mixin.py:188} INFO - [2025-12-11T23:29:22.837+0000] {dagbag.py:545} INFO - Filling up the DagBag from /home/airflow/.local/lib/python3.9/site-packages/airflow/example_dags/example_latest_only_with_trigger.py
[2025-12-11T23:29:22.846+0000] {processor.py:840} INFO - DAG(s) 'latest_only_with_trigger' retrieved from /home/airflow/.local/lib/python3.9/site-packages/airflow/example_dags/example_latest_only_with_trigger.py
[2025-12-11T23:29:22.886+0000] {logging_mixin.py:188} INFO - [2025-12-11T23:29:22.886+0000] {dag.py:3096} INFO - Sync 1 DAGs
[2025-12-11T23:29:22.925+0000] {logging_mixin.py:188} INFO - [2025-12-11T23:29:22.924+0000] {dag.py:3954} INFO - Setting next_dagrun for latest_only_with_trigger to 2025-12-11 16:00:00+00:00, run_after=2025-12-11 20:00:00+00:00
[2025-12-11T23:29:22.949+0000] {processor.py:183} INFO - Processing /home/airflow/.local/lib/python3.9/site-packages/airflow/example_dags/example_latest_only_with_trigger.py took 0.128 seconds
[2025-12-11T23:29:53.411+0000] {processor.py:161} INFO - Started process (PID=5061) to work on /home/airflow/.local/lib/python3.9/site-packages/airflow/example_dags/example_latest_only_with_trigger.py
[2025-12-11T23:29:53.414+0000] {processor.py:830} INFO - Processing file /home/airflow/.local/lib/python3.9/site-packages/airflow/example_dags/example_latest_only_with_trigger.py for tasks to queue
[2025-12-11T23:29:53.417+0000] {logging_mixin.py:188} INFO - [2025-12-11T23:29:53.417+0000] {dagbag.py:545} INFO - Filling up the DagBag from /home/airflow/.local/lib/python3.9/site-packages/airflow/example_dags/example_latest_only_with_trigger.py
[2025-12-11T23:29:53.432+0000] {processor.py:840} INFO - DAG(s) 'latest_only_with_trigger' retrieved from /home/airflow/.local/lib/python3.9/site-packages/airflow/example_dags/example_latest_only_with_trigger.py
[2025-12-11T23:29:53.512+0000] {logging_mixin.py:188} INFO - [2025-12-11T23:29:53.512+0000] {dag.py:3096} INFO - Sync 1 DAGs
[2025-12-11T23:29:53.610+0000] {logging_mixin.py:188} INFO - [2025-12-11T23:29:53.609+0000] {dag.py:3954} INFO - Setting next_dagrun for latest_only_with_trigger to 2025-12-11 16:00:00+00:00, run_after=2025-12-11 20:00:00+00:00
[2025-12-11T23:29:53.660+0000] {processor.py:183} INFO - Processing /home/airflow/.local/lib/python3.9/site-packages/airflow/example_dags/example_latest_only_with_trigger.py took 0.270 seconds
[2025-12-11T23:30:24.296+0000] {processor.py:161} INFO - Started process (PID=5128) to work on /home/airflow/.local/lib/python3.9/site-packages/airflow/example_dags/example_latest_only_with_trigger.py
[2025-12-11T23:30:24.298+0000] {processor.py:830} INFO - Processing file /home/airflow/.local/lib/python3.9/site-packages/airflow/example_dags/example_latest_only_with_trigger.py for tasks to queue
[2025-12-11T23:30:24.312+0000] {logging_mixin.py:188} INFO - [2025-12-11T23:30:24.312+0000] {dagbag.py:545} INFO - Filling up the DagBag from /home/airflow/.local/lib/python3.9/site-packages/airflow/example_dags/example_latest_only_with_trigger.py
[2025-12-11T23:30:24.332+0000] {processor.py:840} INFO - DAG(s) 'latest_only_with_trigger' retrieved from /home/airflow/.local/lib/python3.9/site-packages/airflow/example_dags/example_latest_only_with_trigger.py
[2025-12-11T23:30:24.420+0000] {logging_mixin.py:188} INFO - [2025-12-11T23:30:24.419+0000] {dag.py:3096} INFO - Sync 1 DAGs
[2025-12-11T23:30:24.516+0000] {logging_mixin.py:188} INFO - [2025-12-11T23:30:24.516+0000] {dag.py:3954} INFO - Setting next_dagrun for latest_only_with_trigger to 2025-12-11 16:00:00+00:00, run_after=2025-12-11 20:00:00+00:00
[2025-12-11T23:30:24.592+0000] {processor.py:183} INFO - Processing /home/airflow/.local/lib/python3.9/site-packages/airflow/example_dags/example_latest_only_with_trigger.py took 0.322 seconds
[2025-12-11T23:30:55.421+0000] {processor.py:161} INFO - Started process (PID=5195) to work on /home/airflow/.local/lib/python3.9/site-packages/airflow/example_dags/example_latest_only_with_trigger.py
[2025-12-11T23:30:55.440+0000] {processor.py:830} INFO - Processing file /home/airflow/.local/lib/python3.9/site-packages/airflow/example_dags/example_latest_only_with_trigger.py for tasks to queue
[2025-12-11T23:30:55.455+0000] {logging_mixin.py:188} INFO - [2025-12-11T23:30:55.454+0000] {dagbag.py:545} INFO - Filling up the DagBag from /home/airflow/.local/lib/python3.9/site-packages/airflow/example_dags/example_latest_only_with_trigger.py
[2025-12-11T23:30:55.482+0000] {processor.py:840} INFO - DAG(s) 'latest_only_with_trigger' retrieved from /home/airflow/.local/lib/python3.9/site-packages/airflow/example_dags/example_latest_only_with_trigger.py
[2025-12-11T23:30:55.559+0000] {logging_mixin.py:188} INFO - [2025-12-11T23:30:55.559+0000] {dag.py:3096} INFO - Sync 1 DAGs
[2025-12-11T23:30:55.619+0000] {logging_mixin.py:188} INFO - [2025-12-11T23:30:55.618+0000] {dag.py:3954} INFO - Setting next_dagrun for latest_only_with_trigger to 2025-12-11 16:00:00+00:00, run_after=2025-12-11 20:00:00+00:00
[2025-12-11T23:30:55.674+0000] {processor.py:183} INFO - Processing /home/airflow/.local/lib/python3.9/site-packages/airflow/example_dags/example_latest_only_with_trigger.py took 0.273 seconds
[2025-12-11T23:31:26.779+0000] {processor.py:161} INFO - Started process (PID=5263) to work on /home/airflow/.local/lib/python3.9/site-packages/airflow/example_dags/example_latest_only_with_trigger.py
[2025-12-11T23:31:26.890+0000] {processor.py:830} INFO - Processing file /home/airflow/.local/lib/python3.9/site-packages/airflow/example_dags/example_latest_only_with_trigger.py for tasks to queue
[2025-12-11T23:31:26.894+0000] {logging_mixin.py:188} INFO - [2025-12-11T23:31:26.894+0000] {dagbag.py:545} INFO - Filling up the DagBag from /home/airflow/.local/lib/python3.9/site-packages/airflow/example_dags/example_latest_only_with_trigger.py
[2025-12-11T23:31:26.932+0000] {processor.py:840} INFO - DAG(s) 'latest_only_with_trigger' retrieved from /home/airflow/.local/lib/python3.9/site-packages/airflow/example_dags/example_latest_only_with_trigger.py
[2025-12-11T23:31:27.091+0000] {logging_mixin.py:188} INFO - [2025-12-11T23:31:27.091+0000] {dag.py:3096} INFO - Sync 1 DAGs
[2025-12-11T23:31:27.196+0000] {logging_mixin.py:188} INFO - [2025-12-11T23:31:27.195+0000] {dag.py:3954} INFO - Setting next_dagrun for latest_only_with_trigger to 2025-12-11 16:00:00+00:00, run_after=2025-12-11 20:00:00+00:00
[2025-12-11T23:31:27.472+0000] {processor.py:183} INFO - Processing /home/airflow/.local/lib/python3.9/site-packages/airflow/example_dags/example_latest_only_with_trigger.py took 0.709 seconds
[2025-12-11T23:31:57.642+0000] {processor.py:161} INFO - Started process (PID=5330) to work on /home/airflow/.local/lib/python3.9/site-packages/airflow/example_dags/example_latest_only_with_trigger.py
[2025-12-11T23:31:57.650+0000] {processor.py:830} INFO - Processing file /home/airflow/.local/lib/python3.9/site-packages/airflow/example_dags/example_latest_only_with_trigger.py for tasks to queue
[2025-12-11T23:31:57.654+0000] {logging_mixin.py:188} INFO - [2025-12-11T23:31:57.654+0000] {dagbag.py:545} INFO - Filling up the DagBag from /home/airflow/.local/lib/python3.9/site-packages/airflow/example_dags/example_latest_only_with_trigger.py
[2025-12-11T23:31:57.674+0000] {processor.py:840} INFO - DAG(s) 'latest_only_with_trigger' retrieved from /home/airflow/.local/lib/python3.9/site-packages/airflow/example_dags/example_latest_only_with_trigger.py
[2025-12-11T23:31:57.740+0000] {logging_mixin.py:188} INFO - [2025-12-11T23:31:57.740+0000] {dag.py:3096} INFO - Sync 1 DAGs
[2025-12-11T23:31:57.815+0000] {logging_mixin.py:188} INFO - [2025-12-11T23:31:57.814+0000] {dag.py:3954} INFO - Setting next_dagrun for latest_only_with_trigger to 2025-12-11 16:00:00+00:00, run_after=2025-12-11 20:00:00+00:00
[2025-12-11T23:31:57.850+0000] {processor.py:183} INFO - Processing /home/airflow/.local/lib/python3.9/site-packages/airflow/example_dags/example_latest_only_with_trigger.py took 0.237 seconds
[2025-12-11T23:32:28.698+0000] {processor.py:161} INFO - Started process (PID=5397) to work on /home/airflow/.local/lib/python3.9/site-packages/airflow/example_dags/example_latest_only_with_trigger.py
[2025-12-11T23:32:28.700+0000] {processor.py:830} INFO - Processing file /home/airflow/.local/lib/python3.9/site-packages/airflow/example_dags/example_latest_only_with_trigger.py for tasks to queue
[2025-12-11T23:32:28.712+0000] {logging_mixin.py:188} INFO - [2025-12-11T23:32:28.711+0000] {dagbag.py:545} INFO - Filling up the DagBag from /home/airflow/.local/lib/python3.9/site-packages/airflow/example_dags/example_latest_only_with_trigger.py
[2025-12-11T23:32:28.732+0000] {processor.py:840} INFO - DAG(s) 'latest_only_with_trigger' retrieved from /home/airflow/.local/lib/python3.9/site-packages/airflow/example_dags/example_latest_only_with_trigger.py
[2025-12-11T23:32:28.778+0000] {logging_mixin.py:188} INFO - [2025-12-11T23:32:28.778+0000] {dag.py:3096} INFO - Sync 1 DAGs
[2025-12-11T23:32:28.817+0000] {logging_mixin.py:188} INFO - [2025-12-11T23:32:28.816+0000] {dag.py:3954} INFO - Setting next_dagrun for latest_only_with_trigger to 2025-12-11 16:00:00+00:00, run_after=2025-12-11 20:00:00+00:00
[2025-12-11T23:32:28.969+0000] {processor.py:183} INFO - Processing /home/airflow/.local/lib/python3.9/site-packages/airflow/example_dags/example_latest_only_with_trigger.py took 0.292 seconds
[2025-12-11T23:32:59.239+0000] {processor.py:161} INFO - Started process (PID=5464) to work on /home/airflow/.local/lib/python3.9/site-packages/airflow/example_dags/example_latest_only_with_trigger.py
[2025-12-11T23:32:59.241+0000] {processor.py:830} INFO - Processing file /home/airflow/.local/lib/python3.9/site-packages/airflow/example_dags/example_latest_only_with_trigger.py for tasks to queue
[2025-12-11T23:32:59.251+0000] {logging_mixin.py:188} INFO - [2025-12-11T23:32:59.250+0000] {dagbag.py:545} INFO - Filling up the DagBag from /home/airflow/.local/lib/python3.9/site-packages/airflow/example_dags/example_latest_only_with_trigger.py
[2025-12-11T23:32:59.269+0000] {processor.py:840} INFO - DAG(s) 'latest_only_with_trigger' retrieved from /home/airflow/.local/lib/python3.9/site-packages/airflow/example_dags/example_latest_only_with_trigger.py
[2025-12-11T23:32:59.308+0000] {logging_mixin.py:188} INFO - [2025-12-11T23:32:59.308+0000] {dag.py:3096} INFO - Sync 1 DAGs
[2025-12-11T23:32:59.345+0000] {logging_mixin.py:188} INFO - [2025-12-11T23:32:59.344+0000] {dag.py:3954} INFO - Setting next_dagrun for latest_only_with_trigger to 2025-12-11 16:00:00+00:00, run_after=2025-12-11 20:00:00+00:00
[2025-12-11T23:32:59.370+0000] {processor.py:183} INFO - Processing /home/airflow/.local/lib/python3.9/site-packages/airflow/example_dags/example_latest_only_with_trigger.py took 0.153 seconds
[2025-12-11T23:33:29.471+0000] {processor.py:161} INFO - Started process (PID=5531) to work on /home/airflow/.local/lib/python3.9/site-packages/airflow/example_dags/example_latest_only_with_trigger.py
[2025-12-11T23:33:29.473+0000] {processor.py:830} INFO - Processing file /home/airflow/.local/lib/python3.9/site-packages/airflow/example_dags/example_latest_only_with_trigger.py for tasks to queue
[2025-12-11T23:33:29.475+0000] {logging_mixin.py:188} INFO - [2025-12-11T23:33:29.475+0000] {dagbag.py:545} INFO - Filling up the DagBag from /home/airflow/.local/lib/python3.9/site-packages/airflow/example_dags/example_latest_only_with_trigger.py
[2025-12-11T23:33:29.483+0000] {processor.py:840} INFO - DAG(s) 'latest_only_with_trigger' retrieved from /home/airflow/.local/lib/python3.9/site-packages/airflow/example_dags/example_latest_only_with_trigger.py
[2025-12-11T23:33:29.522+0000] {logging_mixin.py:188} INFO - [2025-12-11T23:33:29.521+0000] {dag.py:3096} INFO - Sync 1 DAGs
[2025-12-11T23:33:29.560+0000] {logging_mixin.py:188} INFO - [2025-12-11T23:33:29.560+0000] {dag.py:3954} INFO - Setting next_dagrun for latest_only_with_trigger to 2025-12-11 16:00:00+00:00, run_after=2025-12-11 20:00:00+00:00
[2025-12-11T23:33:29.590+0000] {processor.py:183} INFO - Processing /home/airflow/.local/lib/python3.9/site-packages/airflow/example_dags/example_latest_only_with_trigger.py took 0.128 seconds
[2025-12-11T23:34:00.022+0000] {processor.py:161} INFO - Started process (PID=5598) to work on /home/airflow/.local/lib/python3.9/site-packages/airflow/example_dags/example_latest_only_with_trigger.py
[2025-12-11T23:34:00.024+0000] {processor.py:830} INFO - Processing file /home/airflow/.local/lib/python3.9/site-packages/airflow/example_dags/example_latest_only_with_trigger.py for tasks to queue
[2025-12-11T23:34:00.028+0000] {logging_mixin.py:188} INFO - [2025-12-11T23:34:00.027+0000] {dagbag.py:545} INFO - Filling up the DagBag from /home/airflow/.local/lib/python3.9/site-packages/airflow/example_dags/example_latest_only_with_trigger.py
[2025-12-11T23:34:00.040+0000] {processor.py:840} INFO - DAG(s) 'latest_only_with_trigger' retrieved from /home/airflow/.local/lib/python3.9/site-packages/airflow/example_dags/example_latest_only_with_trigger.py
[2025-12-11T23:34:00.099+0000] {logging_mixin.py:188} INFO - [2025-12-11T23:34:00.098+0000] {dag.py:3096} INFO - Sync 1 DAGs
[2025-12-11T23:34:00.154+0000] {logging_mixin.py:188} INFO - [2025-12-11T23:34:00.153+0000] {dag.py:3954} INFO - Setting next_dagrun for latest_only_with_trigger to 2025-12-11 16:00:00+00:00, run_after=2025-12-11 20:00:00+00:00
[2025-12-11T23:34:00.192+0000] {processor.py:183} INFO - Processing /home/airflow/.local/lib/python3.9/site-packages/airflow/example_dags/example_latest_only_with_trigger.py took 0.191 seconds
[2025-12-11T23:34:30.364+0000] {processor.py:161} INFO - Started process (PID=5665) to work on /home/airflow/.local/lib/python3.9/site-packages/airflow/example_dags/example_latest_only_with_trigger.py
[2025-12-11T23:34:30.365+0000] {processor.py:830} INFO - Processing file /home/airflow/.local/lib/python3.9/site-packages/airflow/example_dags/example_latest_only_with_trigger.py for tasks to queue
[2025-12-11T23:34:30.368+0000] {logging_mixin.py:188} INFO - [2025-12-11T23:34:30.368+0000] {dagbag.py:545} INFO - Filling up the DagBag from /home/airflow/.local/lib/python3.9/site-packages/airflow/example_dags/example_latest_only_with_trigger.py
[2025-12-11T23:34:30.378+0000] {processor.py:840} INFO - DAG(s) 'latest_only_with_trigger' retrieved from /home/airflow/.local/lib/python3.9/site-packages/airflow/example_dags/example_latest_only_with_trigger.py
[2025-12-11T23:34:30.418+0000] {logging_mixin.py:188} INFO - [2025-12-11T23:34:30.418+0000] {dag.py:3096} INFO - Sync 1 DAGs
[2025-12-11T23:34:30.456+0000] {logging_mixin.py:188} INFO - [2025-12-11T23:34:30.456+0000] {dag.py:3954} INFO - Setting next_dagrun for latest_only_with_trigger to 2025-12-11 16:00:00+00:00, run_after=2025-12-11 20:00:00+00:00
[2025-12-11T23:34:30.485+0000] {processor.py:183} INFO - Processing /home/airflow/.local/lib/python3.9/site-packages/airflow/example_dags/example_latest_only_with_trigger.py took 0.132 seconds
[2025-12-11T23:35:00.678+0000] {processor.py:161} INFO - Started process (PID=5732) to work on /home/airflow/.local/lib/python3.9/site-packages/airflow/example_dags/example_latest_only_with_trigger.py
[2025-12-11T23:35:00.683+0000] {processor.py:830} INFO - Processing file /home/airflow/.local/lib/python3.9/site-packages/airflow/example_dags/example_latest_only_with_trigger.py for tasks to queue
[2025-12-11T23:35:00.687+0000] {logging_mixin.py:188} INFO - [2025-12-11T23:35:00.686+0000] {dagbag.py:545} INFO - Filling up the DagBag from /home/airflow/.local/lib/python3.9/site-packages/airflow/example_dags/example_latest_only_with_trigger.py
[2025-12-11T23:35:00.699+0000] {processor.py:840} INFO - DAG(s) 'latest_only_with_trigger' retrieved from /home/airflow/.local/lib/python3.9/site-packages/airflow/example_dags/example_latest_only_with_trigger.py
[2025-12-11T23:35:00.757+0000] {logging_mixin.py:188} INFO - [2025-12-11T23:35:00.756+0000] {dag.py:3096} INFO - Sync 1 DAGs
[2025-12-11T23:35:00.808+0000] {logging_mixin.py:188} INFO - [2025-12-11T23:35:00.808+0000] {dag.py:3954} INFO - Setting next_dagrun for latest_only_with_trigger to 2025-12-11 16:00:00+00:00, run_after=2025-12-11 20:00:00+00:00
[2025-12-11T23:35:00.843+0000] {processor.py:183} INFO - Processing /home/airflow/.local/lib/python3.9/site-packages/airflow/example_dags/example_latest_only_with_trigger.py took 0.189 seconds
[2025-12-11T23:35:31.272+0000] {processor.py:161} INFO - Started process (PID=5798) to work on /home/airflow/.local/lib/python3.9/site-packages/airflow/example_dags/example_latest_only_with_trigger.py
[2025-12-11T23:35:31.278+0000] {processor.py:830} INFO - Processing file /home/airflow/.local/lib/python3.9/site-packages/airflow/example_dags/example_latest_only_with_trigger.py for tasks to queue
[2025-12-11T23:35:31.281+0000] {logging_mixin.py:188} INFO - [2025-12-11T23:35:31.281+0000] {dagbag.py:545} INFO - Filling up the DagBag from /home/airflow/.local/lib/python3.9/site-packages/airflow/example_dags/example_latest_only_with_trigger.py
[2025-12-11T23:35:31.295+0000] {processor.py:840} INFO - DAG(s) 'latest_only_with_trigger' retrieved from /home/airflow/.local/lib/python3.9/site-packages/airflow/example_dags/example_latest_only_with_trigger.py
[2025-12-11T23:35:31.348+0000] {logging_mixin.py:188} INFO - [2025-12-11T23:35:31.347+0000] {dag.py:3096} INFO - Sync 1 DAGs
[2025-12-11T23:35:31.382+0000] {logging_mixin.py:188} INFO - [2025-12-11T23:35:31.382+0000] {dag.py:3954} INFO - Setting next_dagrun for latest_only_with_trigger to 2025-12-11 16:00:00+00:00, run_after=2025-12-11 20:00:00+00:00
[2025-12-11T23:35:31.407+0000] {processor.py:183} INFO - Processing /home/airflow/.local/lib/python3.9/site-packages/airflow/example_dags/example_latest_only_with_trigger.py took 0.156 seconds
[2025-12-11T23:36:01.578+0000] {processor.py:161} INFO - Started process (PID=5865) to work on /home/airflow/.local/lib/python3.9/site-packages/airflow/example_dags/example_latest_only_with_trigger.py
[2025-12-11T23:36:01.580+0000] {processor.py:830} INFO - Processing file /home/airflow/.local/lib/python3.9/site-packages/airflow/example_dags/example_latest_only_with_trigger.py for tasks to queue
[2025-12-11T23:36:01.583+0000] {logging_mixin.py:188} INFO - [2025-12-11T23:36:01.582+0000] {dagbag.py:545} INFO - Filling up the DagBag from /home/airflow/.local/lib/python3.9/site-packages/airflow/example_dags/example_latest_only_with_trigger.py
[2025-12-11T23:36:01.596+0000] {processor.py:840} INFO - DAG(s) 'latest_only_with_trigger' retrieved from /home/airflow/.local/lib/python3.9/site-packages/airflow/example_dags/example_latest_only_with_trigger.py
[2025-12-11T23:36:01.635+0000] {logging_mixin.py:188} INFO - [2025-12-11T23:36:01.634+0000] {dag.py:3096} INFO - Sync 1 DAGs
[2025-12-11T23:36:01.672+0000] {logging_mixin.py:188} INFO - [2025-12-11T23:36:01.672+0000] {dag.py:3954} INFO - Setting next_dagrun for latest_only_with_trigger to 2025-12-11 16:00:00+00:00, run_after=2025-12-11 20:00:00+00:00
[2025-12-11T23:36:01.697+0000] {processor.py:183} INFO - Processing /home/airflow/.local/lib/python3.9/site-packages/airflow/example_dags/example_latest_only_with_trigger.py took 0.133 seconds
[2025-12-11T23:36:32.458+0000] {processor.py:161} INFO - Started process (PID=5932) to work on /home/airflow/.local/lib/python3.9/site-packages/airflow/example_dags/example_latest_only_with_trigger.py
[2025-12-11T23:36:32.462+0000] {processor.py:830} INFO - Processing file /home/airflow/.local/lib/python3.9/site-packages/airflow/example_dags/example_latest_only_with_trigger.py for tasks to queue
[2025-12-11T23:36:32.471+0000] {logging_mixin.py:188} INFO - [2025-12-11T23:36:32.471+0000] {dagbag.py:545} INFO - Filling up the DagBag from /home/airflow/.local/lib/python3.9/site-packages/airflow/example_dags/example_latest_only_with_trigger.py
[2025-12-11T23:36:32.480+0000] {processor.py:840} INFO - DAG(s) 'latest_only_with_trigger' retrieved from /home/airflow/.local/lib/python3.9/site-packages/airflow/example_dags/example_latest_only_with_trigger.py
[2025-12-11T23:36:32.524+0000] {logging_mixin.py:188} INFO - [2025-12-11T23:36:32.523+0000] {dag.py:3096} INFO - Sync 1 DAGs
[2025-12-11T23:36:32.561+0000] {logging_mixin.py:188} INFO - [2025-12-11T23:36:32.561+0000] {dag.py:3954} INFO - Setting next_dagrun for latest_only_with_trigger to 2025-12-11 16:00:00+00:00, run_after=2025-12-11 20:00:00+00:00
[2025-12-11T23:36:32.626+0000] {processor.py:183} INFO - Processing /home/airflow/.local/lib/python3.9/site-packages/airflow/example_dags/example_latest_only_with_trigger.py took 0.183 seconds
[2025-12-11T23:37:03.013+0000] {processor.py:161} INFO - Started process (PID=6000) to work on /home/airflow/.local/lib/python3.9/site-packages/airflow/example_dags/example_latest_only_with_trigger.py
[2025-12-11T23:37:03.015+0000] {processor.py:830} INFO - Processing file /home/airflow/.local/lib/python3.9/site-packages/airflow/example_dags/example_latest_only_with_trigger.py for tasks to queue
[2025-12-11T23:37:03.018+0000] {logging_mixin.py:188} INFO - [2025-12-11T23:37:03.018+0000] {dagbag.py:545} INFO - Filling up the DagBag from /home/airflow/.local/lib/python3.9/site-packages/airflow/example_dags/example_latest_only_with_trigger.py
[2025-12-11T23:37:03.027+0000] {processor.py:840} INFO - DAG(s) 'latest_only_with_trigger' retrieved from /home/airflow/.local/lib/python3.9/site-packages/airflow/example_dags/example_latest_only_with_trigger.py
[2025-12-11T23:37:03.067+0000] {logging_mixin.py:188} INFO - [2025-12-11T23:37:03.066+0000] {dag.py:3096} INFO - Sync 1 DAGs
[2025-12-11T23:37:03.111+0000] {logging_mixin.py:188} INFO - [2025-12-11T23:37:03.110+0000] {dag.py:3954} INFO - Setting next_dagrun for latest_only_with_trigger to 2025-12-11 16:00:00+00:00, run_after=2025-12-11 20:00:00+00:00
[2025-12-11T23:37:03.140+0000] {processor.py:183} INFO - Processing /home/airflow/.local/lib/python3.9/site-packages/airflow/example_dags/example_latest_only_with_trigger.py took 0.138 seconds
[2025-12-11T23:37:33.641+0000] {processor.py:161} INFO - Started process (PID=6067) to work on /home/airflow/.local/lib/python3.9/site-packages/airflow/example_dags/example_latest_only_with_trigger.py
[2025-12-11T23:37:33.643+0000] {processor.py:830} INFO - Processing file /home/airflow/.local/lib/python3.9/site-packages/airflow/example_dags/example_latest_only_with_trigger.py for tasks to queue
[2025-12-11T23:37:33.646+0000] {logging_mixin.py:188} INFO - [2025-12-11T23:37:33.645+0000] {dagbag.py:545} INFO - Filling up the DagBag from /home/airflow/.local/lib/python3.9/site-packages/airflow/example_dags/example_latest_only_with_trigger.py
[2025-12-11T23:37:33.659+0000] {processor.py:840} INFO - DAG(s) 'latest_only_with_trigger' retrieved from /home/airflow/.local/lib/python3.9/site-packages/airflow/example_dags/example_latest_only_with_trigger.py
[2025-12-11T23:37:33.699+0000] {logging_mixin.py:188} INFO - [2025-12-11T23:37:33.698+0000] {dag.py:3096} INFO - Sync 1 DAGs
[2025-12-11T23:37:33.741+0000] {logging_mixin.py:188} INFO - [2025-12-11T23:37:33.741+0000] {dag.py:3954} INFO - Setting next_dagrun for latest_only_with_trigger to 2025-12-11 16:00:00+00:00, run_after=2025-12-11 20:00:00+00:00
[2025-12-11T23:37:33.779+0000] {processor.py:183} INFO - Processing /home/airflow/.local/lib/python3.9/site-packages/airflow/example_dags/example_latest_only_with_trigger.py took 0.149 seconds
[2025-12-11T23:38:03.900+0000] {processor.py:161} INFO - Started process (PID=6134) to work on /home/airflow/.local/lib/python3.9/site-packages/airflow/example_dags/example_latest_only_with_trigger.py
[2025-12-11T23:38:03.905+0000] {processor.py:830} INFO - Processing file /home/airflow/.local/lib/python3.9/site-packages/airflow/example_dags/example_latest_only_with_trigger.py for tasks to queue
[2025-12-11T23:38:03.908+0000] {logging_mixin.py:188} INFO - [2025-12-11T23:38:03.908+0000] {dagbag.py:545} INFO - Filling up the DagBag from /home/airflow/.local/lib/python3.9/site-packages/airflow/example_dags/example_latest_only_with_trigger.py
[2025-12-11T23:38:03.921+0000] {processor.py:840} INFO - DAG(s) 'latest_only_with_trigger' retrieved from /home/airflow/.local/lib/python3.9/site-packages/airflow/example_dags/example_latest_only_with_trigger.py
[2025-12-11T23:38:03.969+0000] {logging_mixin.py:188} INFO - [2025-12-11T23:38:03.969+0000] {dag.py:3096} INFO - Sync 1 DAGs
[2025-12-11T23:38:04.013+0000] {logging_mixin.py:188} INFO - [2025-12-11T23:38:04.012+0000] {dag.py:3954} INFO - Setting next_dagrun for latest_only_with_trigger to 2025-12-11 16:00:00+00:00, run_after=2025-12-11 20:00:00+00:00
[2025-12-11T23:38:04.040+0000] {processor.py:183} INFO - Processing /home/airflow/.local/lib/python3.9/site-packages/airflow/example_dags/example_latest_only_with_trigger.py took 0.154 seconds
[2025-12-11T23:38:34.643+0000] {processor.py:161} INFO - Started process (PID=6201) to work on /home/airflow/.local/lib/python3.9/site-packages/airflow/example_dags/example_latest_only_with_trigger.py
[2025-12-11T23:38:34.645+0000] {processor.py:830} INFO - Processing file /home/airflow/.local/lib/python3.9/site-packages/airflow/example_dags/example_latest_only_with_trigger.py for tasks to queue
[2025-12-11T23:38:34.648+0000] {logging_mixin.py:188} INFO - [2025-12-11T23:38:34.647+0000] {dagbag.py:545} INFO - Filling up the DagBag from /home/airflow/.local/lib/python3.9/site-packages/airflow/example_dags/example_latest_only_with_trigger.py
[2025-12-11T23:38:34.658+0000] {processor.py:840} INFO - DAG(s) 'latest_only_with_trigger' retrieved from /home/airflow/.local/lib/python3.9/site-packages/airflow/example_dags/example_latest_only_with_trigger.py
[2025-12-11T23:38:34.703+0000] {logging_mixin.py:188} INFO - [2025-12-11T23:38:34.703+0000] {dag.py:3096} INFO - Sync 1 DAGs
[2025-12-11T23:38:34.744+0000] {logging_mixin.py:188} INFO - [2025-12-11T23:38:34.744+0000] {dag.py:3954} INFO - Setting next_dagrun for latest_only_with_trigger to 2025-12-11 16:00:00+00:00, run_after=2025-12-11 20:00:00+00:00
[2025-12-11T23:38:34.776+0000] {processor.py:183} INFO - Processing /home/airflow/.local/lib/python3.9/site-packages/airflow/example_dags/example_latest_only_with_trigger.py took 0.144 seconds
[2025-12-11T23:39:05.597+0000] {processor.py:161} INFO - Started process (PID=6268) to work on /home/airflow/.local/lib/python3.9/site-packages/airflow/example_dags/example_latest_only_with_trigger.py
[2025-12-11T23:39:05.602+0000] {processor.py:830} INFO - Processing file /home/airflow/.local/lib/python3.9/site-packages/airflow/example_dags/example_latest_only_with_trigger.py for tasks to queue
[2025-12-11T23:39:05.605+0000] {logging_mixin.py:188} INFO - [2025-12-11T23:39:05.605+0000] {dagbag.py:545} INFO - Filling up the DagBag from /home/airflow/.local/lib/python3.9/site-packages/airflow/example_dags/example_latest_only_with_trigger.py
[2025-12-11T23:39:05.615+0000] {processor.py:840} INFO - DAG(s) 'latest_only_with_trigger' retrieved from /home/airflow/.local/lib/python3.9/site-packages/airflow/example_dags/example_latest_only_with_trigger.py
[2025-12-11T23:39:05.654+0000] {logging_mixin.py:188} INFO - [2025-12-11T23:39:05.653+0000] {dag.py:3096} INFO - Sync 1 DAGs
[2025-12-11T23:39:05.702+0000] {logging_mixin.py:188} INFO - [2025-12-11T23:39:05.702+0000] {dag.py:3954} INFO - Setting next_dagrun for latest_only_with_trigger to 2025-12-11 16:00:00+00:00, run_after=2025-12-11 20:00:00+00:00
[2025-12-11T23:39:05.743+0000] {processor.py:183} INFO - Processing /home/airflow/.local/lib/python3.9/site-packages/airflow/example_dags/example_latest_only_with_trigger.py took 0.158 seconds
[2025-12-11T23:39:36.364+0000] {processor.py:161} INFO - Started process (PID=6335) to work on /home/airflow/.local/lib/python3.9/site-packages/airflow/example_dags/example_latest_only_with_trigger.py
[2025-12-11T23:39:36.371+0000] {processor.py:830} INFO - Processing file /home/airflow/.local/lib/python3.9/site-packages/airflow/example_dags/example_latest_only_with_trigger.py for tasks to queue
[2025-12-11T23:39:36.373+0000] {logging_mixin.py:188} INFO - [2025-12-11T23:39:36.373+0000] {dagbag.py:545} INFO - Filling up the DagBag from /home/airflow/.local/lib/python3.9/site-packages/airflow/example_dags/example_latest_only_with_trigger.py
[2025-12-11T23:39:36.383+0000] {processor.py:840} INFO - DAG(s) 'latest_only_with_trigger' retrieved from /home/airflow/.local/lib/python3.9/site-packages/airflow/example_dags/example_latest_only_with_trigger.py
[2025-12-11T23:39:36.427+0000] {logging_mixin.py:188} INFO - [2025-12-11T23:39:36.427+0000] {dag.py:3096} INFO - Sync 1 DAGs
[2025-12-11T23:39:36.469+0000] {logging_mixin.py:188} INFO - [2025-12-11T23:39:36.469+0000] {dag.py:3954} INFO - Setting next_dagrun for latest_only_with_trigger to 2025-12-11 16:00:00+00:00, run_after=2025-12-11 20:00:00+00:00
[2025-12-11T23:39:36.502+0000] {processor.py:183} INFO - Processing /home/airflow/.local/lib/python3.9/site-packages/airflow/example_dags/example_latest_only_with_trigger.py took 0.148 seconds
[2025-12-11T23:40:06.696+0000] {processor.py:161} INFO - Started process (PID=6402) to work on /home/airflow/.local/lib/python3.9/site-packages/airflow/example_dags/example_latest_only_with_trigger.py
[2025-12-11T23:40:06.698+0000] {processor.py:830} INFO - Processing file /home/airflow/.local/lib/python3.9/site-packages/airflow/example_dags/example_latest_only_with_trigger.py for tasks to queue
[2025-12-11T23:40:06.701+0000] {logging_mixin.py:188} INFO - [2025-12-11T23:40:06.700+0000] {dagbag.py:545} INFO - Filling up the DagBag from /home/airflow/.local/lib/python3.9/site-packages/airflow/example_dags/example_latest_only_with_trigger.py
[2025-12-11T23:40:06.712+0000] {processor.py:840} INFO - DAG(s) 'latest_only_with_trigger' retrieved from /home/airflow/.local/lib/python3.9/site-packages/airflow/example_dags/example_latest_only_with_trigger.py
[2025-12-11T23:40:06.749+0000] {logging_mixin.py:188} INFO - [2025-12-11T23:40:06.749+0000] {dag.py:3096} INFO - Sync 1 DAGs
[2025-12-11T23:40:06.786+0000] {logging_mixin.py:188} INFO - [2025-12-11T23:40:06.786+0000] {dag.py:3954} INFO - Setting next_dagrun for latest_only_with_trigger to 2025-12-11 16:00:00+00:00, run_after=2025-12-11 20:00:00+00:00
[2025-12-11T23:40:06.813+0000] {processor.py:183} INFO - Processing /home/airflow/.local/lib/python3.9/site-packages/airflow/example_dags/example_latest_only_with_trigger.py took 0.131 seconds
[2025-12-11T23:40:37.214+0000] {processor.py:161} INFO - Started process (PID=6469) to work on /home/airflow/.local/lib/python3.9/site-packages/airflow/example_dags/example_latest_only_with_trigger.py
[2025-12-11T23:40:37.222+0000] {processor.py:830} INFO - Processing file /home/airflow/.local/lib/python3.9/site-packages/airflow/example_dags/example_latest_only_with_trigger.py for tasks to queue
[2025-12-11T23:40:37.225+0000] {logging_mixin.py:188} INFO - [2025-12-11T23:40:37.224+0000] {dagbag.py:545} INFO - Filling up the DagBag from /home/airflow/.local/lib/python3.9/site-packages/airflow/example_dags/example_latest_only_with_trigger.py
[2025-12-11T23:40:37.234+0000] {processor.py:840} INFO - DAG(s) 'latest_only_with_trigger' retrieved from /home/airflow/.local/lib/python3.9/site-packages/airflow/example_dags/example_latest_only_with_trigger.py
[2025-12-11T23:40:37.271+0000] {logging_mixin.py:188} INFO - [2025-12-11T23:40:37.271+0000] {dag.py:3096} INFO - Sync 1 DAGs
[2025-12-11T23:40:37.308+0000] {logging_mixin.py:188} INFO - [2025-12-11T23:40:37.308+0000] {dag.py:3954} INFO - Setting next_dagrun for latest_only_with_trigger to 2025-12-11 16:00:00+00:00, run_after=2025-12-11 20:00:00+00:00
[2025-12-11T23:40:37.336+0000] {processor.py:183} INFO - Processing /home/airflow/.local/lib/python3.9/site-packages/airflow/example_dags/example_latest_only_with_trigger.py took 0.133 seconds
[2025-12-11T23:41:07.854+0000] {processor.py:161} INFO - Started process (PID=6536) to work on /home/airflow/.local/lib/python3.9/site-packages/airflow/example_dags/example_latest_only_with_trigger.py
[2025-12-11T23:41:07.855+0000] {processor.py:830} INFO - Processing file /home/airflow/.local/lib/python3.9/site-packages/airflow/example_dags/example_latest_only_with_trigger.py for tasks to queue
[2025-12-11T23:41:07.858+0000] {logging_mixin.py:188} INFO - [2025-12-11T23:41:07.858+0000] {dagbag.py:545} INFO - Filling up the DagBag from /home/airflow/.local/lib/python3.9/site-packages/airflow/example_dags/example_latest_only_with_trigger.py
[2025-12-11T23:41:07.867+0000] {processor.py:840} INFO - DAG(s) 'latest_only_with_trigger' retrieved from /home/airflow/.local/lib/python3.9/site-packages/airflow/example_dags/example_latest_only_with_trigger.py
[2025-12-11T23:41:07.906+0000] {logging_mixin.py:188} INFO - [2025-12-11T23:41:07.906+0000] {dag.py:3096} INFO - Sync 1 DAGs
[2025-12-11T23:41:07.943+0000] {logging_mixin.py:188} INFO - [2025-12-11T23:41:07.943+0000] {dag.py:3954} INFO - Setting next_dagrun for latest_only_with_trigger to 2025-12-11 16:00:00+00:00, run_after=2025-12-11 20:00:00+00:00
[2025-12-11T23:41:07.969+0000] {processor.py:183} INFO - Processing /home/airflow/.local/lib/python3.9/site-packages/airflow/example_dags/example_latest_only_with_trigger.py took 0.127 seconds
[2025-12-11T23:41:39.200+0000] {processor.py:161} INFO - Started process (PID=6603) to work on /home/airflow/.local/lib/python3.9/site-packages/airflow/example_dags/example_latest_only_with_trigger.py
[2025-12-11T23:41:39.201+0000] {processor.py:830} INFO - Processing file /home/airflow/.local/lib/python3.9/site-packages/airflow/example_dags/example_latest_only_with_trigger.py for tasks to queue
[2025-12-11T23:41:39.211+0000] {logging_mixin.py:188} INFO - [2025-12-11T23:41:39.211+0000] {dagbag.py:545} INFO - Filling up the DagBag from /home/airflow/.local/lib/python3.9/site-packages/airflow/example_dags/example_latest_only_with_trigger.py
[2025-12-11T23:41:39.220+0000] {processor.py:840} INFO - DAG(s) 'latest_only_with_trigger' retrieved from /home/airflow/.local/lib/python3.9/site-packages/airflow/example_dags/example_latest_only_with_trigger.py
[2025-12-11T23:41:39.269+0000] {logging_mixin.py:188} INFO - [2025-12-11T23:41:39.261+0000] {dag.py:3096} INFO - Sync 1 DAGs
[2025-12-11T23:41:39.355+0000] {logging_mixin.py:188} INFO - [2025-12-11T23:41:39.355+0000] {dag.py:3954} INFO - Setting next_dagrun for latest_only_with_trigger to 2025-12-11 16:00:00+00:00, run_after=2025-12-11 20:00:00+00:00
[2025-12-11T23:41:39.431+0000] {processor.py:183} INFO - Processing /home/airflow/.local/lib/python3.9/site-packages/airflow/example_dags/example_latest_only_with_trigger.py took 0.241 seconds
[2025-12-11T23:42:10.340+0000] {processor.py:161} INFO - Started process (PID=6677) to work on /home/airflow/.local/lib/python3.9/site-packages/airflow/example_dags/example_latest_only_with_trigger.py
[2025-12-11T23:42:10.341+0000] {processor.py:830} INFO - Processing file /home/airflow/.local/lib/python3.9/site-packages/airflow/example_dags/example_latest_only_with_trigger.py for tasks to queue
[2025-12-11T23:42:10.351+0000] {logging_mixin.py:188} INFO - [2025-12-11T23:42:10.351+0000] {dagbag.py:545} INFO - Filling up the DagBag from /home/airflow/.local/lib/python3.9/site-packages/airflow/example_dags/example_latest_only_with_trigger.py
[2025-12-11T23:42:10.361+0000] {processor.py:840} INFO - DAG(s) 'latest_only_with_trigger' retrieved from /home/airflow/.local/lib/python3.9/site-packages/airflow/example_dags/example_latest_only_with_trigger.py
[2025-12-11T23:42:10.429+0000] {logging_mixin.py:188} INFO - [2025-12-11T23:42:10.421+0000] {dag.py:3096} INFO - Sync 1 DAGs
[2025-12-11T23:42:10.480+0000] {logging_mixin.py:188} INFO - [2025-12-11T23:42:10.479+0000] {dag.py:3954} INFO - Setting next_dagrun for latest_only_with_trigger to 2025-12-11 16:00:00+00:00, run_after=2025-12-11 20:00:00+00:00
[2025-12-11T23:42:10.532+0000] {processor.py:183} INFO - Processing /home/airflow/.local/lib/python3.9/site-packages/airflow/example_dags/example_latest_only_with_trigger.py took 0.203 seconds
