[2025-12-11T22:52:28.053+0000] {processor.py:161} INFO - Started process (PID=133) to work on /home/airflow/.local/lib/python3.9/site-packages/airflow/example_dags/example_task_group.py
[2025-12-11T22:52:28.069+0000] {processor.py:830} INFO - Processing file /home/airflow/.local/lib/python3.9/site-packages/airflow/example_dags/example_task_group.py for tasks to queue
[2025-12-11T22:52:28.073+0000] {logging_mixin.py:188} INFO - [2025-12-11T22:52:28.073+0000] {dagbag.py:545} INFO - Filling up the DagBag from /home/airflow/.local/lib/python3.9/site-packages/airflow/example_dags/example_task_group.py
[2025-12-11T22:52:28.130+0000] {processor.py:840} INFO - DAG(s) 'example_task_group' retrieved from /home/airflow/.local/lib/python3.9/site-packages/airflow/example_dags/example_task_group.py
[2025-12-11T22:52:28.916+0000] {logging_mixin.py:188} INFO - [2025-12-11T22:52:28.915+0000] {dag.py:3096} INFO - Sync 1 DAGs
[2025-12-11T22:52:29.050+0000] {logging_mixin.py:188} INFO - [2025-12-11T22:52:29.050+0000] {dag.py:3954} INFO - Setting next_dagrun for example_task_group to 2025-12-10 00:00:00+00:00, run_after=2025-12-11 00:00:00+00:00
[2025-12-11T22:52:29.172+0000] {processor.py:183} INFO - Processing /home/airflow/.local/lib/python3.9/site-packages/airflow/example_dags/example_task_group.py took 1.163 seconds
[2025-12-11T22:53:01.157+0000] {processor.py:161} INFO - Started process (PID=198) to work on /home/airflow/.local/lib/python3.9/site-packages/airflow/example_dags/example_task_group.py
[2025-12-11T22:53:01.171+0000] {processor.py:830} INFO - Processing file /home/airflow/.local/lib/python3.9/site-packages/airflow/example_dags/example_task_group.py for tasks to queue
[2025-12-11T22:53:01.191+0000] {logging_mixin.py:188} INFO - [2025-12-11T22:53:01.191+0000] {dagbag.py:545} INFO - Filling up the DagBag from /home/airflow/.local/lib/python3.9/site-packages/airflow/example_dags/example_task_group.py
[2025-12-11T22:53:01.254+0000] {processor.py:840} INFO - DAG(s) 'example_task_group' retrieved from /home/airflow/.local/lib/python3.9/site-packages/airflow/example_dags/example_task_group.py
[2025-12-11T22:53:01.449+0000] {logging_mixin.py:188} INFO - [2025-12-11T22:53:01.434+0000] {dag.py:3096} INFO - Sync 1 DAGs
[2025-12-11T22:53:01.654+0000] {logging_mixin.py:188} INFO - [2025-12-11T22:53:01.653+0000] {dag.py:3954} INFO - Setting next_dagrun for example_task_group to 2025-12-10 00:00:00+00:00, run_after=2025-12-11 00:00:00+00:00
[2025-12-11T22:53:01.913+0000] {processor.py:183} INFO - Processing /home/airflow/.local/lib/python3.9/site-packages/airflow/example_dags/example_task_group.py took 0.801 seconds
[2025-12-11T22:53:32.552+0000] {processor.py:161} INFO - Started process (PID=264) to work on /home/airflow/.local/lib/python3.9/site-packages/airflow/example_dags/example_task_group.py
[2025-12-11T22:53:32.554+0000] {processor.py:830} INFO - Processing file /home/airflow/.local/lib/python3.9/site-packages/airflow/example_dags/example_task_group.py for tasks to queue
[2025-12-11T22:53:32.572+0000] {logging_mixin.py:188} INFO - [2025-12-11T22:53:32.571+0000] {dagbag.py:545} INFO - Filling up the DagBag from /home/airflow/.local/lib/python3.9/site-packages/airflow/example_dags/example_task_group.py
[2025-12-11T22:53:32.611+0000] {processor.py:840} INFO - DAG(s) 'example_task_group' retrieved from /home/airflow/.local/lib/python3.9/site-packages/airflow/example_dags/example_task_group.py
[2025-12-11T22:53:32.716+0000] {logging_mixin.py:188} INFO - [2025-12-11T22:53:32.715+0000] {dag.py:3096} INFO - Sync 1 DAGs
[2025-12-11T22:53:32.832+0000] {logging_mixin.py:188} INFO - [2025-12-11T22:53:32.832+0000] {dag.py:3954} INFO - Setting next_dagrun for example_task_group to 2025-12-10 00:00:00+00:00, run_after=2025-12-11 00:00:00+00:00
[2025-12-11T22:53:32.917+0000] {processor.py:183} INFO - Processing /home/airflow/.local/lib/python3.9/site-packages/airflow/example_dags/example_task_group.py took 0.400 seconds
[2025-12-11T22:54:03.212+0000] {processor.py:161} INFO - Started process (PID=323) to work on /home/airflow/.local/lib/python3.9/site-packages/airflow/example_dags/example_task_group.py
[2025-12-11T22:54:03.258+0000] {processor.py:830} INFO - Processing file /home/airflow/.local/lib/python3.9/site-packages/airflow/example_dags/example_task_group.py for tasks to queue
[2025-12-11T22:54:03.261+0000] {logging_mixin.py:188} INFO - [2025-12-11T22:54:03.260+0000] {dagbag.py:545} INFO - Filling up the DagBag from /home/airflow/.local/lib/python3.9/site-packages/airflow/example_dags/example_task_group.py
[2025-12-11T22:54:03.272+0000] {processor.py:840} INFO - DAG(s) 'example_task_group' retrieved from /home/airflow/.local/lib/python3.9/site-packages/airflow/example_dags/example_task_group.py
[2025-12-11T22:54:03.313+0000] {logging_mixin.py:188} INFO - [2025-12-11T22:54:03.313+0000] {dag.py:3096} INFO - Sync 1 DAGs
[2025-12-11T22:54:03.385+0000] {logging_mixin.py:188} INFO - [2025-12-11T22:54:03.384+0000] {dag.py:3954} INFO - Setting next_dagrun for example_task_group to 2025-12-10 00:00:00+00:00, run_after=2025-12-11 00:00:00+00:00
[2025-12-11T22:54:03.439+0000] {processor.py:183} INFO - Processing /home/airflow/.local/lib/python3.9/site-packages/airflow/example_dags/example_task_group.py took 0.240 seconds
[2025-12-11T22:54:34.105+0000] {processor.py:161} INFO - Started process (PID=389) to work on /home/airflow/.local/lib/python3.9/site-packages/airflow/example_dags/example_task_group.py
[2025-12-11T22:54:34.108+0000] {processor.py:830} INFO - Processing file /home/airflow/.local/lib/python3.9/site-packages/airflow/example_dags/example_task_group.py for tasks to queue
[2025-12-11T22:54:34.111+0000] {logging_mixin.py:188} INFO - [2025-12-11T22:54:34.110+0000] {dagbag.py:545} INFO - Filling up the DagBag from /home/airflow/.local/lib/python3.9/site-packages/airflow/example_dags/example_task_group.py
[2025-12-11T22:54:34.123+0000] {processor.py:840} INFO - DAG(s) 'example_task_group' retrieved from /home/airflow/.local/lib/python3.9/site-packages/airflow/example_dags/example_task_group.py
[2025-12-11T22:54:34.167+0000] {logging_mixin.py:188} INFO - [2025-12-11T22:54:34.166+0000] {dag.py:3096} INFO - Sync 1 DAGs
[2025-12-11T22:54:34.210+0000] {logging_mixin.py:188} INFO - [2025-12-11T22:54:34.209+0000] {dag.py:3954} INFO - Setting next_dagrun for example_task_group to 2025-12-10 00:00:00+00:00, run_after=2025-12-11 00:00:00+00:00
[2025-12-11T22:54:34.241+0000] {processor.py:183} INFO - Processing /home/airflow/.local/lib/python3.9/site-packages/airflow/example_dags/example_task_group.py took 0.149 seconds
[2025-12-11T22:55:05.134+0000] {processor.py:161} INFO - Started process (PID=456) to work on /home/airflow/.local/lib/python3.9/site-packages/airflow/example_dags/example_task_group.py
[2025-12-11T22:55:05.151+0000] {processor.py:830} INFO - Processing file /home/airflow/.local/lib/python3.9/site-packages/airflow/example_dags/example_task_group.py for tasks to queue
[2025-12-11T22:55:05.154+0000] {logging_mixin.py:188} INFO - [2025-12-11T22:55:05.153+0000] {dagbag.py:545} INFO - Filling up the DagBag from /home/airflow/.local/lib/python3.9/site-packages/airflow/example_dags/example_task_group.py
[2025-12-11T22:55:05.180+0000] {processor.py:840} INFO - DAG(s) 'example_task_group' retrieved from /home/airflow/.local/lib/python3.9/site-packages/airflow/example_dags/example_task_group.py
[2025-12-11T22:55:05.274+0000] {logging_mixin.py:188} INFO - [2025-12-11T22:55:05.273+0000] {dag.py:3096} INFO - Sync 1 DAGs
[2025-12-11T22:55:05.354+0000] {logging_mixin.py:188} INFO - [2025-12-11T22:55:05.354+0000] {dag.py:3954} INFO - Setting next_dagrun for example_task_group to 2025-12-10 00:00:00+00:00, run_after=2025-12-11 00:00:00+00:00
[2025-12-11T22:55:05.470+0000] {processor.py:183} INFO - Processing /home/airflow/.local/lib/python3.9/site-packages/airflow/example_dags/example_task_group.py took 0.371 seconds
[2025-12-11T22:55:35.814+0000] {processor.py:161} INFO - Started process (PID=522) to work on /home/airflow/.local/lib/python3.9/site-packages/airflow/example_dags/example_task_group.py
[2025-12-11T22:55:35.815+0000] {processor.py:830} INFO - Processing file /home/airflow/.local/lib/python3.9/site-packages/airflow/example_dags/example_task_group.py for tasks to queue
[2025-12-11T22:55:35.830+0000] {logging_mixin.py:188} INFO - [2025-12-11T22:55:35.830+0000] {dagbag.py:545} INFO - Filling up the DagBag from /home/airflow/.local/lib/python3.9/site-packages/airflow/example_dags/example_task_group.py
[2025-12-11T22:55:35.853+0000] {processor.py:840} INFO - DAG(s) 'example_task_group' retrieved from /home/airflow/.local/lib/python3.9/site-packages/airflow/example_dags/example_task_group.py
[2025-12-11T22:55:35.954+0000] {logging_mixin.py:188} INFO - [2025-12-11T22:55:35.953+0000] {dag.py:3096} INFO - Sync 1 DAGs
[2025-12-11T22:55:36.051+0000] {logging_mixin.py:188} INFO - [2025-12-11T22:55:36.050+0000] {dag.py:3954} INFO - Setting next_dagrun for example_task_group to 2025-12-10 00:00:00+00:00, run_after=2025-12-11 00:00:00+00:00
[2025-12-11T22:55:36.155+0000] {processor.py:183} INFO - Processing /home/airflow/.local/lib/python3.9/site-packages/airflow/example_dags/example_task_group.py took 0.361 seconds
[2025-12-11T22:56:06.921+0000] {processor.py:161} INFO - Started process (PID=588) to work on /home/airflow/.local/lib/python3.9/site-packages/airflow/example_dags/example_task_group.py
[2025-12-11T22:56:06.930+0000] {processor.py:830} INFO - Processing file /home/airflow/.local/lib/python3.9/site-packages/airflow/example_dags/example_task_group.py for tasks to queue
[2025-12-11T22:56:06.933+0000] {logging_mixin.py:188} INFO - [2025-12-11T22:56:06.932+0000] {dagbag.py:545} INFO - Filling up the DagBag from /home/airflow/.local/lib/python3.9/site-packages/airflow/example_dags/example_task_group.py
[2025-12-11T22:56:06.951+0000] {processor.py:840} INFO - DAG(s) 'example_task_group' retrieved from /home/airflow/.local/lib/python3.9/site-packages/airflow/example_dags/example_task_group.py
[2025-12-11T22:56:07.001+0000] {logging_mixin.py:188} INFO - [2025-12-11T22:56:07.001+0000] {dag.py:3096} INFO - Sync 1 DAGs
[2025-12-11T22:56:07.069+0000] {logging_mixin.py:188} INFO - [2025-12-11T22:56:07.060+0000] {dag.py:3954} INFO - Setting next_dagrun for example_task_group to 2025-12-10 00:00:00+00:00, run_after=2025-12-11 00:00:00+00:00
[2025-12-11T22:56:07.099+0000] {processor.py:183} INFO - Processing /home/airflow/.local/lib/python3.9/site-packages/airflow/example_dags/example_task_group.py took 0.189 seconds
[2025-12-11T22:56:37.449+0000] {processor.py:161} INFO - Started process (PID=654) to work on /home/airflow/.local/lib/python3.9/site-packages/airflow/example_dags/example_task_group.py
[2025-12-11T22:56:37.458+0000] {processor.py:830} INFO - Processing file /home/airflow/.local/lib/python3.9/site-packages/airflow/example_dags/example_task_group.py for tasks to queue
[2025-12-11T22:56:37.461+0000] {logging_mixin.py:188} INFO - [2025-12-11T22:56:37.460+0000] {dagbag.py:545} INFO - Filling up the DagBag from /home/airflow/.local/lib/python3.9/site-packages/airflow/example_dags/example_task_group.py
[2025-12-11T22:56:37.478+0000] {processor.py:840} INFO - DAG(s) 'example_task_group' retrieved from /home/airflow/.local/lib/python3.9/site-packages/airflow/example_dags/example_task_group.py
[2025-12-11T22:56:37.545+0000] {logging_mixin.py:188} INFO - [2025-12-11T22:56:37.544+0000] {dag.py:3096} INFO - Sync 1 DAGs
[2025-12-11T22:56:37.616+0000] {logging_mixin.py:188} INFO - [2025-12-11T22:56:37.616+0000] {dag.py:3954} INFO - Setting next_dagrun for example_task_group to 2025-12-10 00:00:00+00:00, run_after=2025-12-11 00:00:00+00:00
[2025-12-11T22:56:37.678+0000] {processor.py:183} INFO - Processing /home/airflow/.local/lib/python3.9/site-packages/airflow/example_dags/example_task_group.py took 0.247 seconds
[2025-12-11T22:57:07.975+0000] {processor.py:161} INFO - Started process (PID=720) to work on /home/airflow/.local/lib/python3.9/site-packages/airflow/example_dags/example_task_group.py
[2025-12-11T22:57:07.976+0000] {processor.py:830} INFO - Processing file /home/airflow/.local/lib/python3.9/site-packages/airflow/example_dags/example_task_group.py for tasks to queue
[2025-12-11T22:57:07.979+0000] {logging_mixin.py:188} INFO - [2025-12-11T22:57:07.978+0000] {dagbag.py:545} INFO - Filling up the DagBag from /home/airflow/.local/lib/python3.9/site-packages/airflow/example_dags/example_task_group.py
[2025-12-11T22:57:07.996+0000] {processor.py:840} INFO - DAG(s) 'example_task_group' retrieved from /home/airflow/.local/lib/python3.9/site-packages/airflow/example_dags/example_task_group.py
[2025-12-11T22:57:08.052+0000] {logging_mixin.py:188} INFO - [2025-12-11T22:57:08.052+0000] {dag.py:3096} INFO - Sync 1 DAGs
[2025-12-11T22:57:08.109+0000] {logging_mixin.py:188} INFO - [2025-12-11T22:57:08.109+0000] {dag.py:3954} INFO - Setting next_dagrun for example_task_group to 2025-12-10 00:00:00+00:00, run_after=2025-12-11 00:00:00+00:00
[2025-12-11T22:57:08.142+0000] {processor.py:183} INFO - Processing /home/airflow/.local/lib/python3.9/site-packages/airflow/example_dags/example_task_group.py took 0.184 seconds
[2025-12-11T22:57:39.004+0000] {processor.py:161} INFO - Started process (PID=786) to work on /home/airflow/.local/lib/python3.9/site-packages/airflow/example_dags/example_task_group.py
[2025-12-11T22:57:39.006+0000] {processor.py:830} INFO - Processing file /home/airflow/.local/lib/python3.9/site-packages/airflow/example_dags/example_task_group.py for tasks to queue
[2025-12-11T22:57:39.011+0000] {logging_mixin.py:188} INFO - [2025-12-11T22:57:39.011+0000] {dagbag.py:545} INFO - Filling up the DagBag from /home/airflow/.local/lib/python3.9/site-packages/airflow/example_dags/example_task_group.py
[2025-12-11T22:57:39.023+0000] {processor.py:840} INFO - DAG(s) 'example_task_group' retrieved from /home/airflow/.local/lib/python3.9/site-packages/airflow/example_dags/example_task_group.py
[2025-12-11T22:57:39.068+0000] {logging_mixin.py:188} INFO - [2025-12-11T22:57:39.068+0000] {dag.py:3096} INFO - Sync 1 DAGs
[2025-12-11T22:57:39.130+0000] {logging_mixin.py:188} INFO - [2025-12-11T22:57:39.130+0000] {dag.py:3954} INFO - Setting next_dagrun for example_task_group to 2025-12-10 00:00:00+00:00, run_after=2025-12-11 00:00:00+00:00
[2025-12-11T22:57:39.196+0000] {processor.py:183} INFO - Processing /home/airflow/.local/lib/python3.9/site-packages/airflow/example_dags/example_task_group.py took 0.203 seconds
[2025-12-11T22:58:09.485+0000] {processor.py:161} INFO - Started process (PID=852) to work on /home/airflow/.local/lib/python3.9/site-packages/airflow/example_dags/example_task_group.py
[2025-12-11T22:58:09.490+0000] {processor.py:830} INFO - Processing file /home/airflow/.local/lib/python3.9/site-packages/airflow/example_dags/example_task_group.py for tasks to queue
[2025-12-11T22:58:09.494+0000] {logging_mixin.py:188} INFO - [2025-12-11T22:58:09.493+0000] {dagbag.py:545} INFO - Filling up the DagBag from /home/airflow/.local/lib/python3.9/site-packages/airflow/example_dags/example_task_group.py
[2025-12-11T22:58:09.506+0000] {processor.py:840} INFO - DAG(s) 'example_task_group' retrieved from /home/airflow/.local/lib/python3.9/site-packages/airflow/example_dags/example_task_group.py
[2025-12-11T22:58:09.553+0000] {logging_mixin.py:188} INFO - [2025-12-11T22:58:09.552+0000] {dag.py:3096} INFO - Sync 1 DAGs
[2025-12-11T22:58:09.595+0000] {logging_mixin.py:188} INFO - [2025-12-11T22:58:09.594+0000] {dag.py:3954} INFO - Setting next_dagrun for example_task_group to 2025-12-10 00:00:00+00:00, run_after=2025-12-11 00:00:00+00:00
[2025-12-11T22:58:09.620+0000] {processor.py:183} INFO - Processing /home/airflow/.local/lib/python3.9/site-packages/airflow/example_dags/example_task_group.py took 0.146 seconds
[2025-12-11T22:58:41.416+0000] {processor.py:161} INFO - Started process (PID=918) to work on /home/airflow/.local/lib/python3.9/site-packages/airflow/example_dags/example_task_group.py
[2025-12-11T22:58:41.428+0000] {processor.py:830} INFO - Processing file /home/airflow/.local/lib/python3.9/site-packages/airflow/example_dags/example_task_group.py for tasks to queue
[2025-12-11T22:58:41.433+0000] {logging_mixin.py:188} INFO - [2025-12-11T22:58:41.432+0000] {dagbag.py:545} INFO - Filling up the DagBag from /home/airflow/.local/lib/python3.9/site-packages/airflow/example_dags/example_task_group.py
[2025-12-11T22:58:41.449+0000] {processor.py:840} INFO - DAG(s) 'example_task_group' retrieved from /home/airflow/.local/lib/python3.9/site-packages/airflow/example_dags/example_task_group.py
[2025-12-11T22:58:41.497+0000] {logging_mixin.py:188} INFO - [2025-12-11T22:58:41.496+0000] {dag.py:3096} INFO - Sync 1 DAGs
[2025-12-11T22:58:41.538+0000] {logging_mixin.py:188} INFO - [2025-12-11T22:58:41.538+0000] {dag.py:3954} INFO - Setting next_dagrun for example_task_group to 2025-12-10 00:00:00+00:00, run_after=2025-12-11 00:00:00+00:00
[2025-12-11T22:58:41.824+0000] {processor.py:183} INFO - Processing /home/airflow/.local/lib/python3.9/site-packages/airflow/example_dags/example_task_group.py took 0.424 seconds
[2025-12-11T22:59:12.326+0000] {processor.py:161} INFO - Started process (PID=984) to work on /home/airflow/.local/lib/python3.9/site-packages/airflow/example_dags/example_task_group.py
[2025-12-11T22:59:12.327+0000] {processor.py:830} INFO - Processing file /home/airflow/.local/lib/python3.9/site-packages/airflow/example_dags/example_task_group.py for tasks to queue
[2025-12-11T22:59:12.330+0000] {logging_mixin.py:188} INFO - [2025-12-11T22:59:12.329+0000] {dagbag.py:545} INFO - Filling up the DagBag from /home/airflow/.local/lib/python3.9/site-packages/airflow/example_dags/example_task_group.py
[2025-12-11T22:59:12.341+0000] {processor.py:840} INFO - DAG(s) 'example_task_group' retrieved from /home/airflow/.local/lib/python3.9/site-packages/airflow/example_dags/example_task_group.py
[2025-12-11T22:59:12.383+0000] {logging_mixin.py:188} INFO - [2025-12-11T22:59:12.383+0000] {dag.py:3096} INFO - Sync 1 DAGs
[2025-12-11T22:59:12.420+0000] {logging_mixin.py:188} INFO - [2025-12-11T22:59:12.420+0000] {dag.py:3954} INFO - Setting next_dagrun for example_task_group to 2025-12-10 00:00:00+00:00, run_after=2025-12-11 00:00:00+00:00
[2025-12-11T22:59:12.445+0000] {processor.py:183} INFO - Processing /home/airflow/.local/lib/python3.9/site-packages/airflow/example_dags/example_task_group.py took 0.129 seconds
[2025-12-11T22:59:43.080+0000] {processor.py:161} INFO - Started process (PID=1050) to work on /home/airflow/.local/lib/python3.9/site-packages/airflow/example_dags/example_task_group.py
[2025-12-11T22:59:43.081+0000] {processor.py:830} INFO - Processing file /home/airflow/.local/lib/python3.9/site-packages/airflow/example_dags/example_task_group.py for tasks to queue
[2025-12-11T22:59:43.084+0000] {logging_mixin.py:188} INFO - [2025-12-11T22:59:43.084+0000] {dagbag.py:545} INFO - Filling up the DagBag from /home/airflow/.local/lib/python3.9/site-packages/airflow/example_dags/example_task_group.py
[2025-12-11T22:59:43.094+0000] {processor.py:840} INFO - DAG(s) 'example_task_group' retrieved from /home/airflow/.local/lib/python3.9/site-packages/airflow/example_dags/example_task_group.py
[2025-12-11T22:59:43.137+0000] {logging_mixin.py:188} INFO - [2025-12-11T22:59:43.136+0000] {dag.py:3096} INFO - Sync 1 DAGs
[2025-12-11T22:59:43.179+0000] {logging_mixin.py:188} INFO - [2025-12-11T22:59:43.178+0000] {dag.py:3954} INFO - Setting next_dagrun for example_task_group to 2025-12-10 00:00:00+00:00, run_after=2025-12-11 00:00:00+00:00
[2025-12-11T22:59:43.208+0000] {processor.py:183} INFO - Processing /home/airflow/.local/lib/python3.9/site-packages/airflow/example_dags/example_task_group.py took 0.139 seconds
[2025-12-11T23:00:13.370+0000] {processor.py:161} INFO - Started process (PID=1116) to work on /home/airflow/.local/lib/python3.9/site-packages/airflow/example_dags/example_task_group.py
[2025-12-11T23:00:13.372+0000] {processor.py:830} INFO - Processing file /home/airflow/.local/lib/python3.9/site-packages/airflow/example_dags/example_task_group.py for tasks to queue
[2025-12-11T23:00:13.375+0000] {logging_mixin.py:188} INFO - [2025-12-11T23:00:13.374+0000] {dagbag.py:545} INFO - Filling up the DagBag from /home/airflow/.local/lib/python3.9/site-packages/airflow/example_dags/example_task_group.py
[2025-12-11T23:00:13.387+0000] {processor.py:840} INFO - DAG(s) 'example_task_group' retrieved from /home/airflow/.local/lib/python3.9/site-packages/airflow/example_dags/example_task_group.py
[2025-12-11T23:00:13.440+0000] {logging_mixin.py:188} INFO - [2025-12-11T23:00:13.440+0000] {dag.py:3096} INFO - Sync 1 DAGs
[2025-12-11T23:00:13.503+0000] {logging_mixin.py:188} INFO - [2025-12-11T23:00:13.502+0000] {dag.py:3954} INFO - Setting next_dagrun for example_task_group to 2025-12-10 00:00:00+00:00, run_after=2025-12-11 00:00:00+00:00
[2025-12-11T23:00:13.537+0000] {processor.py:183} INFO - Processing /home/airflow/.local/lib/python3.9/site-packages/airflow/example_dags/example_task_group.py took 0.180 seconds
[2025-12-11T23:00:43.834+0000] {processor.py:161} INFO - Started process (PID=1182) to work on /home/airflow/.local/lib/python3.9/site-packages/airflow/example_dags/example_task_group.py
[2025-12-11T23:00:43.835+0000] {processor.py:830} INFO - Processing file /home/airflow/.local/lib/python3.9/site-packages/airflow/example_dags/example_task_group.py for tasks to queue
[2025-12-11T23:00:43.838+0000] {logging_mixin.py:188} INFO - [2025-12-11T23:00:43.837+0000] {dagbag.py:545} INFO - Filling up the DagBag from /home/airflow/.local/lib/python3.9/site-packages/airflow/example_dags/example_task_group.py
[2025-12-11T23:00:43.849+0000] {processor.py:840} INFO - DAG(s) 'example_task_group' retrieved from /home/airflow/.local/lib/python3.9/site-packages/airflow/example_dags/example_task_group.py
[2025-12-11T23:00:43.885+0000] {logging_mixin.py:188} INFO - [2025-12-11T23:00:43.885+0000] {dag.py:3096} INFO - Sync 1 DAGs
[2025-12-11T23:00:43.926+0000] {logging_mixin.py:188} INFO - [2025-12-11T23:00:43.925+0000] {dag.py:3954} INFO - Setting next_dagrun for example_task_group to 2025-12-10 00:00:00+00:00, run_after=2025-12-11 00:00:00+00:00
[2025-12-11T23:00:43.953+0000] {processor.py:183} INFO - Processing /home/airflow/.local/lib/python3.9/site-packages/airflow/example_dags/example_task_group.py took 0.131 seconds
[2025-12-11T23:01:14.123+0000] {processor.py:161} INFO - Started process (PID=1248) to work on /home/airflow/.local/lib/python3.9/site-packages/airflow/example_dags/example_task_group.py
[2025-12-11T23:01:14.124+0000] {processor.py:830} INFO - Processing file /home/airflow/.local/lib/python3.9/site-packages/airflow/example_dags/example_task_group.py for tasks to queue
[2025-12-11T23:01:14.126+0000] {logging_mixin.py:188} INFO - [2025-12-11T23:01:14.126+0000] {dagbag.py:545} INFO - Filling up the DagBag from /home/airflow/.local/lib/python3.9/site-packages/airflow/example_dags/example_task_group.py
[2025-12-11T23:01:14.137+0000] {processor.py:840} INFO - DAG(s) 'example_task_group' retrieved from /home/airflow/.local/lib/python3.9/site-packages/airflow/example_dags/example_task_group.py
[2025-12-11T23:01:14.175+0000] {logging_mixin.py:188} INFO - [2025-12-11T23:01:14.174+0000] {dag.py:3096} INFO - Sync 1 DAGs
[2025-12-11T23:01:14.215+0000] {logging_mixin.py:188} INFO - [2025-12-11T23:01:14.215+0000] {dag.py:3954} INFO - Setting next_dagrun for example_task_group to 2025-12-10 00:00:00+00:00, run_after=2025-12-11 00:00:00+00:00
[2025-12-11T23:01:14.241+0000] {processor.py:183} INFO - Processing /home/airflow/.local/lib/python3.9/site-packages/airflow/example_dags/example_task_group.py took 0.127 seconds
[2025-12-11T23:01:44.605+0000] {processor.py:161} INFO - Started process (PID=1315) to work on /home/airflow/.local/lib/python3.9/site-packages/airflow/example_dags/example_task_group.py
[2025-12-11T23:01:44.606+0000] {processor.py:830} INFO - Processing file /home/airflow/.local/lib/python3.9/site-packages/airflow/example_dags/example_task_group.py for tasks to queue
[2025-12-11T23:01:44.609+0000] {logging_mixin.py:188} INFO - [2025-12-11T23:01:44.608+0000] {dagbag.py:545} INFO - Filling up the DagBag from /home/airflow/.local/lib/python3.9/site-packages/airflow/example_dags/example_task_group.py
[2025-12-11T23:01:44.620+0000] {processor.py:840} INFO - DAG(s) 'example_task_group' retrieved from /home/airflow/.local/lib/python3.9/site-packages/airflow/example_dags/example_task_group.py
[2025-12-11T23:01:44.657+0000] {logging_mixin.py:188} INFO - [2025-12-11T23:01:44.657+0000] {dag.py:3096} INFO - Sync 1 DAGs
[2025-12-11T23:01:44.692+0000] {logging_mixin.py:188} INFO - [2025-12-11T23:01:44.692+0000] {dag.py:3954} INFO - Setting next_dagrun for example_task_group to 2025-12-10 00:00:00+00:00, run_after=2025-12-11 00:00:00+00:00
[2025-12-11T23:01:44.720+0000] {processor.py:183} INFO - Processing /home/airflow/.local/lib/python3.9/site-packages/airflow/example_dags/example_task_group.py took 0.125 seconds
[2025-12-11T23:02:15.173+0000] {processor.py:161} INFO - Started process (PID=1382) to work on /home/airflow/.local/lib/python3.9/site-packages/airflow/example_dags/example_task_group.py
[2025-12-11T23:02:15.174+0000] {processor.py:830} INFO - Processing file /home/airflow/.local/lib/python3.9/site-packages/airflow/example_dags/example_task_group.py for tasks to queue
[2025-12-11T23:02:15.177+0000] {logging_mixin.py:188} INFO - [2025-12-11T23:02:15.177+0000] {dagbag.py:545} INFO - Filling up the DagBag from /home/airflow/.local/lib/python3.9/site-packages/airflow/example_dags/example_task_group.py
[2025-12-11T23:02:15.190+0000] {processor.py:840} INFO - DAG(s) 'example_task_group' retrieved from /home/airflow/.local/lib/python3.9/site-packages/airflow/example_dags/example_task_group.py
[2025-12-11T23:02:15.232+0000] {logging_mixin.py:188} INFO - [2025-12-11T23:02:15.231+0000] {dag.py:3096} INFO - Sync 1 DAGs
[2025-12-11T23:02:15.272+0000] {logging_mixin.py:188} INFO - [2025-12-11T23:02:15.271+0000] {dag.py:3954} INFO - Setting next_dagrun for example_task_group to 2025-12-10 00:00:00+00:00, run_after=2025-12-11 00:00:00+00:00
[2025-12-11T23:02:15.298+0000] {processor.py:183} INFO - Processing /home/airflow/.local/lib/python3.9/site-packages/airflow/example_dags/example_task_group.py took 0.141 seconds
[2025-12-11T23:02:46.317+0000] {processor.py:161} INFO - Started process (PID=1449) to work on /home/airflow/.local/lib/python3.9/site-packages/airflow/example_dags/example_task_group.py
[2025-12-11T23:02:46.323+0000] {processor.py:830} INFO - Processing file /home/airflow/.local/lib/python3.9/site-packages/airflow/example_dags/example_task_group.py for tasks to queue
[2025-12-11T23:02:46.326+0000] {logging_mixin.py:188} INFO - [2025-12-11T23:02:46.326+0000] {dagbag.py:545} INFO - Filling up the DagBag from /home/airflow/.local/lib/python3.9/site-packages/airflow/example_dags/example_task_group.py
[2025-12-11T23:02:46.337+0000] {processor.py:840} INFO - DAG(s) 'example_task_group' retrieved from /home/airflow/.local/lib/python3.9/site-packages/airflow/example_dags/example_task_group.py
[2025-12-11T23:02:46.372+0000] {logging_mixin.py:188} INFO - [2025-12-11T23:02:46.371+0000] {dag.py:3096} INFO - Sync 1 DAGs
[2025-12-11T23:02:46.406+0000] {logging_mixin.py:188} INFO - [2025-12-11T23:02:46.405+0000] {dag.py:3954} INFO - Setting next_dagrun for example_task_group to 2025-12-10 00:00:00+00:00, run_after=2025-12-11 00:00:00+00:00
[2025-12-11T23:02:46.430+0000] {processor.py:183} INFO - Processing /home/airflow/.local/lib/python3.9/site-packages/airflow/example_dags/example_task_group.py took 0.123 seconds
[2025-12-11T23:03:17.595+0000] {processor.py:161} INFO - Started process (PID=1524) to work on /home/airflow/.local/lib/python3.9/site-packages/airflow/example_dags/example_task_group.py
[2025-12-11T23:03:17.597+0000] {processor.py:830} INFO - Processing file /home/airflow/.local/lib/python3.9/site-packages/airflow/example_dags/example_task_group.py for tasks to queue
[2025-12-11T23:03:17.599+0000] {logging_mixin.py:188} INFO - [2025-12-11T23:03:17.599+0000] {dagbag.py:545} INFO - Filling up the DagBag from /home/airflow/.local/lib/python3.9/site-packages/airflow/example_dags/example_task_group.py
[2025-12-11T23:03:17.633+0000] {processor.py:840} INFO - DAG(s) 'example_task_group' retrieved from /home/airflow/.local/lib/python3.9/site-packages/airflow/example_dags/example_task_group.py
[2025-12-11T23:03:17.732+0000] {logging_mixin.py:188} INFO - [2025-12-11T23:03:17.732+0000] {dag.py:3096} INFO - Sync 1 DAGs
[2025-12-11T23:03:17.836+0000] {logging_mixin.py:188} INFO - [2025-12-11T23:03:17.836+0000] {dag.py:3954} INFO - Setting next_dagrun for example_task_group to 2025-12-10 00:00:00+00:00, run_after=2025-12-11 00:00:00+00:00
[2025-12-11T23:03:17.896+0000] {processor.py:183} INFO - Processing /home/airflow/.local/lib/python3.9/site-packages/airflow/example_dags/example_task_group.py took 0.324 seconds
[2025-12-11T23:03:48.790+0000] {processor.py:161} INFO - Started process (PID=1595) to work on /home/airflow/.local/lib/python3.9/site-packages/airflow/example_dags/example_task_group.py
[2025-12-11T23:03:48.792+0000] {processor.py:830} INFO - Processing file /home/airflow/.local/lib/python3.9/site-packages/airflow/example_dags/example_task_group.py for tasks to queue
[2025-12-11T23:03:48.794+0000] {logging_mixin.py:188} INFO - [2025-12-11T23:03:48.794+0000] {dagbag.py:545} INFO - Filling up the DagBag from /home/airflow/.local/lib/python3.9/site-packages/airflow/example_dags/example_task_group.py
[2025-12-11T23:03:48.832+0000] {processor.py:840} INFO - DAG(s) 'example_task_group' retrieved from /home/airflow/.local/lib/python3.9/site-packages/airflow/example_dags/example_task_group.py
[2025-12-11T23:03:48.950+0000] {logging_mixin.py:188} INFO - [2025-12-11T23:03:48.936+0000] {dag.py:3096} INFO - Sync 1 DAGs
[2025-12-11T23:03:49.091+0000] {logging_mixin.py:188} INFO - [2025-12-11T23:03:49.090+0000] {dag.py:3954} INFO - Setting next_dagrun for example_task_group to 2025-12-10 00:00:00+00:00, run_after=2025-12-11 00:00:00+00:00
[2025-12-11T23:03:49.174+0000] {processor.py:183} INFO - Processing /home/airflow/.local/lib/python3.9/site-packages/airflow/example_dags/example_task_group.py took 0.403 seconds
[2025-12-11T23:04:19.496+0000] {processor.py:161} INFO - Started process (PID=1666) to work on /home/airflow/.local/lib/python3.9/site-packages/airflow/example_dags/example_task_group.py
[2025-12-11T23:04:19.587+0000] {processor.py:830} INFO - Processing file /home/airflow/.local/lib/python3.9/site-packages/airflow/example_dags/example_task_group.py for tasks to queue
[2025-12-11T23:04:19.591+0000] {logging_mixin.py:188} INFO - [2025-12-11T23:04:19.591+0000] {dagbag.py:545} INFO - Filling up the DagBag from /home/airflow/.local/lib/python3.9/site-packages/airflow/example_dags/example_task_group.py
[2025-12-11T23:04:19.602+0000] {processor.py:840} INFO - DAG(s) 'example_task_group' retrieved from /home/airflow/.local/lib/python3.9/site-packages/airflow/example_dags/example_task_group.py
[2025-12-11T23:04:19.669+0000] {logging_mixin.py:188} INFO - [2025-12-11T23:04:19.658+0000] {dag.py:3096} INFO - Sync 1 DAGs
[2025-12-11T23:04:19.777+0000] {logging_mixin.py:188} INFO - [2025-12-11T23:04:19.776+0000] {dag.py:3954} INFO - Setting next_dagrun for example_task_group to 2025-12-10 00:00:00+00:00, run_after=2025-12-11 00:00:00+00:00
[2025-12-11T23:04:19.895+0000] {processor.py:183} INFO - Processing /home/airflow/.local/lib/python3.9/site-packages/airflow/example_dags/example_task_group.py took 0.416 seconds
[2025-12-11T23:04:51.156+0000] {processor.py:161} INFO - Started process (PID=1737) to work on /home/airflow/.local/lib/python3.9/site-packages/airflow/example_dags/example_task_group.py
[2025-12-11T23:04:51.228+0000] {processor.py:830} INFO - Processing file /home/airflow/.local/lib/python3.9/site-packages/airflow/example_dags/example_task_group.py for tasks to queue
[2025-12-11T23:04:51.240+0000] {logging_mixin.py:188} INFO - [2025-12-11T23:04:51.239+0000] {dagbag.py:545} INFO - Filling up the DagBag from /home/airflow/.local/lib/python3.9/site-packages/airflow/example_dags/example_task_group.py
[2025-12-11T23:04:51.265+0000] {processor.py:840} INFO - DAG(s) 'example_task_group' retrieved from /home/airflow/.local/lib/python3.9/site-packages/airflow/example_dags/example_task_group.py
[2025-12-11T23:04:51.490+0000] {logging_mixin.py:188} INFO - [2025-12-11T23:04:51.490+0000] {dag.py:3096} INFO - Sync 1 DAGs
[2025-12-11T23:04:51.555+0000] {logging_mixin.py:188} INFO - [2025-12-11T23:04:51.555+0000] {dag.py:3954} INFO - Setting next_dagrun for example_task_group to 2025-12-10 00:00:00+00:00, run_after=2025-12-11 00:00:00+00:00
[2025-12-11T23:04:51.596+0000] {processor.py:183} INFO - Processing /home/airflow/.local/lib/python3.9/site-packages/airflow/example_dags/example_task_group.py took 0.462 seconds
[2025-12-11T23:05:21.695+0000] {processor.py:161} INFO - Started process (PID=1809) to work on /home/airflow/.local/lib/python3.9/site-packages/airflow/example_dags/example_task_group.py
[2025-12-11T23:05:21.697+0000] {processor.py:830} INFO - Processing file /home/airflow/.local/lib/python3.9/site-packages/airflow/example_dags/example_task_group.py for tasks to queue
[2025-12-11T23:05:21.700+0000] {logging_mixin.py:188} INFO - [2025-12-11T23:05:21.699+0000] {dagbag.py:545} INFO - Filling up the DagBag from /home/airflow/.local/lib/python3.9/site-packages/airflow/example_dags/example_task_group.py
[2025-12-11T23:05:21.718+0000] {processor.py:840} INFO - DAG(s) 'example_task_group' retrieved from /home/airflow/.local/lib/python3.9/site-packages/airflow/example_dags/example_task_group.py
[2025-12-11T23:05:21.795+0000] {logging_mixin.py:188} INFO - [2025-12-11T23:05:21.795+0000] {dag.py:3096} INFO - Sync 1 DAGs
[2025-12-11T23:05:21.853+0000] {logging_mixin.py:188} INFO - [2025-12-11T23:05:21.853+0000] {dag.py:3954} INFO - Setting next_dagrun for example_task_group to 2025-12-10 00:00:00+00:00, run_after=2025-12-11 00:00:00+00:00
[2025-12-11T23:05:21.895+0000] {processor.py:183} INFO - Processing /home/airflow/.local/lib/python3.9/site-packages/airflow/example_dags/example_task_group.py took 0.220 seconds
[2025-12-11T23:05:52.747+0000] {processor.py:161} INFO - Started process (PID=1880) to work on /home/airflow/.local/lib/python3.9/site-packages/airflow/example_dags/example_task_group.py
[2025-12-11T23:05:52.751+0000] {processor.py:830} INFO - Processing file /home/airflow/.local/lib/python3.9/site-packages/airflow/example_dags/example_task_group.py for tasks to queue
[2025-12-11T23:05:52.754+0000] {logging_mixin.py:188} INFO - [2025-12-11T23:05:52.753+0000] {dagbag.py:545} INFO - Filling up the DagBag from /home/airflow/.local/lib/python3.9/site-packages/airflow/example_dags/example_task_group.py
[2025-12-11T23:05:52.765+0000] {processor.py:840} INFO - DAG(s) 'example_task_group' retrieved from /home/airflow/.local/lib/python3.9/site-packages/airflow/example_dags/example_task_group.py
[2025-12-11T23:05:52.809+0000] {logging_mixin.py:188} INFO - [2025-12-11T23:05:52.807+0000] {dag.py:3096} INFO - Sync 1 DAGs
[2025-12-11T23:05:52.873+0000] {logging_mixin.py:188} INFO - [2025-12-11T23:05:52.873+0000] {dag.py:3954} INFO - Setting next_dagrun for example_task_group to 2025-12-10 00:00:00+00:00, run_after=2025-12-11 00:00:00+00:00
[2025-12-11T23:05:52.909+0000] {processor.py:183} INFO - Processing /home/airflow/.local/lib/python3.9/site-packages/airflow/example_dags/example_task_group.py took 0.175 seconds
[2025-12-11T23:06:23.245+0000] {processor.py:161} INFO - Started process (PID=1947) to work on /home/airflow/.local/lib/python3.9/site-packages/airflow/example_dags/example_task_group.py
[2025-12-11T23:06:23.246+0000] {processor.py:830} INFO - Processing file /home/airflow/.local/lib/python3.9/site-packages/airflow/example_dags/example_task_group.py for tasks to queue
[2025-12-11T23:06:23.250+0000] {logging_mixin.py:188} INFO - [2025-12-11T23:06:23.250+0000] {dagbag.py:545} INFO - Filling up the DagBag from /home/airflow/.local/lib/python3.9/site-packages/airflow/example_dags/example_task_group.py
[2025-12-11T23:06:23.264+0000] {processor.py:840} INFO - DAG(s) 'example_task_group' retrieved from /home/airflow/.local/lib/python3.9/site-packages/airflow/example_dags/example_task_group.py
[2025-12-11T23:06:23.311+0000] {logging_mixin.py:188} INFO - [2025-12-11T23:06:23.311+0000] {dag.py:3096} INFO - Sync 1 DAGs
[2025-12-11T23:06:23.354+0000] {logging_mixin.py:188} INFO - [2025-12-11T23:06:23.354+0000] {dag.py:3954} INFO - Setting next_dagrun for example_task_group to 2025-12-10 00:00:00+00:00, run_after=2025-12-11 00:00:00+00:00
[2025-12-11T23:06:23.379+0000] {processor.py:183} INFO - Processing /home/airflow/.local/lib/python3.9/site-packages/airflow/example_dags/example_task_group.py took 0.147 seconds
[2025-12-11T23:06:54.378+0000] {processor.py:161} INFO - Started process (PID=2019) to work on /home/airflow/.local/lib/python3.9/site-packages/airflow/example_dags/example_task_group.py
[2025-12-11T23:06:54.380+0000] {processor.py:830} INFO - Processing file /home/airflow/.local/lib/python3.9/site-packages/airflow/example_dags/example_task_group.py for tasks to queue
[2025-12-11T23:06:54.384+0000] {logging_mixin.py:188} INFO - [2025-12-11T23:06:54.383+0000] {dagbag.py:545} INFO - Filling up the DagBag from /home/airflow/.local/lib/python3.9/site-packages/airflow/example_dags/example_task_group.py
[2025-12-11T23:06:54.399+0000] {processor.py:840} INFO - DAG(s) 'example_task_group' retrieved from /home/airflow/.local/lib/python3.9/site-packages/airflow/example_dags/example_task_group.py
[2025-12-11T23:06:54.474+0000] {logging_mixin.py:188} INFO - [2025-12-11T23:06:54.473+0000] {dag.py:3096} INFO - Sync 1 DAGs
[2025-12-11T23:06:54.531+0000] {logging_mixin.py:188} INFO - [2025-12-11T23:06:54.530+0000] {dag.py:3954} INFO - Setting next_dagrun for example_task_group to 2025-12-10 00:00:00+00:00, run_after=2025-12-11 00:00:00+00:00
[2025-12-11T23:06:54.575+0000] {processor.py:183} INFO - Processing /home/airflow/.local/lib/python3.9/site-packages/airflow/example_dags/example_task_group.py took 0.217 seconds
[2025-12-11T23:07:24.953+0000] {processor.py:161} INFO - Started process (PID=2092) to work on /home/airflow/.local/lib/python3.9/site-packages/airflow/example_dags/example_task_group.py
[2025-12-11T23:07:24.958+0000] {processor.py:830} INFO - Processing file /home/airflow/.local/lib/python3.9/site-packages/airflow/example_dags/example_task_group.py for tasks to queue
[2025-12-11T23:07:24.962+0000] {logging_mixin.py:188} INFO - [2025-12-11T23:07:24.961+0000] {dagbag.py:545} INFO - Filling up the DagBag from /home/airflow/.local/lib/python3.9/site-packages/airflow/example_dags/example_task_group.py
[2025-12-11T23:07:24.981+0000] {processor.py:840} INFO - DAG(s) 'example_task_group' retrieved from /home/airflow/.local/lib/python3.9/site-packages/airflow/example_dags/example_task_group.py
[2025-12-11T23:07:25.061+0000] {logging_mixin.py:188} INFO - [2025-12-11T23:07:25.060+0000] {dag.py:3096} INFO - Sync 1 DAGs
[2025-12-11T23:07:25.132+0000] {logging_mixin.py:188} INFO - [2025-12-11T23:07:25.131+0000] {dag.py:3954} INFO - Setting next_dagrun for example_task_group to 2025-12-10 00:00:00+00:00, run_after=2025-12-11 00:00:00+00:00
[2025-12-11T23:07:25.319+0000] {processor.py:183} INFO - Processing /home/airflow/.local/lib/python3.9/site-packages/airflow/example_dags/example_task_group.py took 0.389 seconds
[2025-12-11T23:07:55.753+0000] {processor.py:161} INFO - Started process (PID=2164) to work on /home/airflow/.local/lib/python3.9/site-packages/airflow/example_dags/example_task_group.py
[2025-12-11T23:07:55.756+0000] {processor.py:830} INFO - Processing file /home/airflow/.local/lib/python3.9/site-packages/airflow/example_dags/example_task_group.py for tasks to queue
[2025-12-11T23:07:55.760+0000] {logging_mixin.py:188} INFO - [2025-12-11T23:07:55.759+0000] {dagbag.py:545} INFO - Filling up the DagBag from /home/airflow/.local/lib/python3.9/site-packages/airflow/example_dags/example_task_group.py
[2025-12-11T23:07:55.793+0000] {processor.py:840} INFO - DAG(s) 'example_task_group' retrieved from /home/airflow/.local/lib/python3.9/site-packages/airflow/example_dags/example_task_group.py
[2025-12-11T23:07:55.853+0000] {logging_mixin.py:188} INFO - [2025-12-11T23:07:55.853+0000] {dag.py:3096} INFO - Sync 1 DAGs
[2025-12-11T23:07:55.909+0000] {logging_mixin.py:188} INFO - [2025-12-11T23:07:55.903+0000] {dag.py:3954} INFO - Setting next_dagrun for example_task_group to 2025-12-10 00:00:00+00:00, run_after=2025-12-11 00:00:00+00:00
[2025-12-11T23:07:55.953+0000] {processor.py:183} INFO - Processing /home/airflow/.local/lib/python3.9/site-packages/airflow/example_dags/example_task_group.py took 0.221 seconds
[2025-12-11T23:08:26.152+0000] {processor.py:161} INFO - Started process (PID=2232) to work on /home/airflow/.local/lib/python3.9/site-packages/airflow/example_dags/example_task_group.py
[2025-12-11T23:08:26.154+0000] {processor.py:830} INFO - Processing file /home/airflow/.local/lib/python3.9/site-packages/airflow/example_dags/example_task_group.py for tasks to queue
[2025-12-11T23:08:26.157+0000] {logging_mixin.py:188} INFO - [2025-12-11T23:08:26.156+0000] {dagbag.py:545} INFO - Filling up the DagBag from /home/airflow/.local/lib/python3.9/site-packages/airflow/example_dags/example_task_group.py
[2025-12-11T23:08:26.167+0000] {processor.py:840} INFO - DAG(s) 'example_task_group' retrieved from /home/airflow/.local/lib/python3.9/site-packages/airflow/example_dags/example_task_group.py
[2025-12-11T23:08:26.205+0000] {logging_mixin.py:188} INFO - [2025-12-11T23:08:26.204+0000] {dag.py:3096} INFO - Sync 1 DAGs
[2025-12-11T23:08:26.243+0000] {logging_mixin.py:188} INFO - [2025-12-11T23:08:26.243+0000] {dag.py:3954} INFO - Setting next_dagrun for example_task_group to 2025-12-10 00:00:00+00:00, run_after=2025-12-11 00:00:00+00:00
[2025-12-11T23:08:26.269+0000] {processor.py:183} INFO - Processing /home/airflow/.local/lib/python3.9/site-packages/airflow/example_dags/example_task_group.py took 0.127 seconds
[2025-12-11T23:08:56.717+0000] {processor.py:161} INFO - Started process (PID=2299) to work on /home/airflow/.local/lib/python3.9/site-packages/airflow/example_dags/example_task_group.py
[2025-12-11T23:08:56.719+0000] {processor.py:830} INFO - Processing file /home/airflow/.local/lib/python3.9/site-packages/airflow/example_dags/example_task_group.py for tasks to queue
[2025-12-11T23:08:56.722+0000] {logging_mixin.py:188} INFO - [2025-12-11T23:08:56.721+0000] {dagbag.py:545} INFO - Filling up the DagBag from /home/airflow/.local/lib/python3.9/site-packages/airflow/example_dags/example_task_group.py
[2025-12-11T23:08:56.736+0000] {processor.py:840} INFO - DAG(s) 'example_task_group' retrieved from /home/airflow/.local/lib/python3.9/site-packages/airflow/example_dags/example_task_group.py
[2025-12-11T23:08:56.772+0000] {logging_mixin.py:188} INFO - [2025-12-11T23:08:56.772+0000] {dag.py:3096} INFO - Sync 1 DAGs
[2025-12-11T23:08:56.808+0000] {logging_mixin.py:188} INFO - [2025-12-11T23:08:56.808+0000] {dag.py:3954} INFO - Setting next_dagrun for example_task_group to 2025-12-10 00:00:00+00:00, run_after=2025-12-11 00:00:00+00:00
[2025-12-11T23:08:56.838+0000] {processor.py:183} INFO - Processing /home/airflow/.local/lib/python3.9/site-packages/airflow/example_dags/example_task_group.py took 0.136 seconds
[2025-12-11T23:09:27.333+0000] {processor.py:161} INFO - Started process (PID=2372) to work on /home/airflow/.local/lib/python3.9/site-packages/airflow/example_dags/example_task_group.py
[2025-12-11T23:09:27.335+0000] {processor.py:830} INFO - Processing file /home/airflow/.local/lib/python3.9/site-packages/airflow/example_dags/example_task_group.py for tasks to queue
[2025-12-11T23:09:27.338+0000] {logging_mixin.py:188} INFO - [2025-12-11T23:09:27.337+0000] {dagbag.py:545} INFO - Filling up the DagBag from /home/airflow/.local/lib/python3.9/site-packages/airflow/example_dags/example_task_group.py
[2025-12-11T23:09:27.352+0000] {processor.py:840} INFO - DAG(s) 'example_task_group' retrieved from /home/airflow/.local/lib/python3.9/site-packages/airflow/example_dags/example_task_group.py
[2025-12-11T23:09:27.391+0000] {logging_mixin.py:188} INFO - [2025-12-11T23:09:27.390+0000] {dag.py:3096} INFO - Sync 1 DAGs
[2025-12-11T23:09:27.430+0000] {logging_mixin.py:188} INFO - [2025-12-11T23:09:27.430+0000] {dag.py:3954} INFO - Setting next_dagrun for example_task_group to 2025-12-10 00:00:00+00:00, run_after=2025-12-11 00:00:00+00:00
[2025-12-11T23:09:27.458+0000] {processor.py:183} INFO - Processing /home/airflow/.local/lib/python3.9/site-packages/airflow/example_dags/example_task_group.py took 0.139 seconds
[2025-12-11T23:09:57.846+0000] {processor.py:161} INFO - Started process (PID=2442) to work on /home/airflow/.local/lib/python3.9/site-packages/airflow/example_dags/example_task_group.py
[2025-12-11T23:09:57.858+0000] {processor.py:830} INFO - Processing file /home/airflow/.local/lib/python3.9/site-packages/airflow/example_dags/example_task_group.py for tasks to queue
[2025-12-11T23:09:57.861+0000] {logging_mixin.py:188} INFO - [2025-12-11T23:09:57.860+0000] {dagbag.py:545} INFO - Filling up the DagBag from /home/airflow/.local/lib/python3.9/site-packages/airflow/example_dags/example_task_group.py
[2025-12-11T23:09:57.873+0000] {processor.py:840} INFO - DAG(s) 'example_task_group' retrieved from /home/airflow/.local/lib/python3.9/site-packages/airflow/example_dags/example_task_group.py
[2025-12-11T23:09:57.916+0000] {logging_mixin.py:188} INFO - [2025-12-11T23:09:57.915+0000] {dag.py:3096} INFO - Sync 1 DAGs
[2025-12-11T23:09:57.952+0000] {logging_mixin.py:188} INFO - [2025-12-11T23:09:57.951+0000] {dag.py:3954} INFO - Setting next_dagrun for example_task_group to 2025-12-10 00:00:00+00:00, run_after=2025-12-11 00:00:00+00:00
[2025-12-11T23:09:57.984+0000] {processor.py:183} INFO - Processing /home/airflow/.local/lib/python3.9/site-packages/airflow/example_dags/example_task_group.py took 0.148 seconds
[2025-12-11T23:10:28.445+0000] {processor.py:161} INFO - Started process (PID=2510) to work on /home/airflow/.local/lib/python3.9/site-packages/airflow/example_dags/example_task_group.py
[2025-12-11T23:10:28.447+0000] {processor.py:830} INFO - Processing file /home/airflow/.local/lib/python3.9/site-packages/airflow/example_dags/example_task_group.py for tasks to queue
[2025-12-11T23:10:28.450+0000] {logging_mixin.py:188} INFO - [2025-12-11T23:10:28.449+0000] {dagbag.py:545} INFO - Filling up the DagBag from /home/airflow/.local/lib/python3.9/site-packages/airflow/example_dags/example_task_group.py
[2025-12-11T23:10:28.462+0000] {processor.py:840} INFO - DAG(s) 'example_task_group' retrieved from /home/airflow/.local/lib/python3.9/site-packages/airflow/example_dags/example_task_group.py
[2025-12-11T23:10:28.500+0000] {logging_mixin.py:188} INFO - [2025-12-11T23:10:28.500+0000] {dag.py:3096} INFO - Sync 1 DAGs
[2025-12-11T23:10:28.540+0000] {logging_mixin.py:188} INFO - [2025-12-11T23:10:28.539+0000] {dag.py:3954} INFO - Setting next_dagrun for example_task_group to 2025-12-10 00:00:00+00:00, run_after=2025-12-11 00:00:00+00:00
[2025-12-11T23:10:28.569+0000] {processor.py:183} INFO - Processing /home/airflow/.local/lib/python3.9/site-packages/airflow/example_dags/example_task_group.py took 0.136 seconds
[2025-12-11T23:10:58.728+0000] {processor.py:161} INFO - Started process (PID=2580) to work on /home/airflow/.local/lib/python3.9/site-packages/airflow/example_dags/example_task_group.py
[2025-12-11T23:10:58.730+0000] {processor.py:830} INFO - Processing file /home/airflow/.local/lib/python3.9/site-packages/airflow/example_dags/example_task_group.py for tasks to queue
[2025-12-11T23:10:58.733+0000] {logging_mixin.py:188} INFO - [2025-12-11T23:10:58.732+0000] {dagbag.py:545} INFO - Filling up the DagBag from /home/airflow/.local/lib/python3.9/site-packages/airflow/example_dags/example_task_group.py
[2025-12-11T23:10:58.744+0000] {processor.py:840} INFO - DAG(s) 'example_task_group' retrieved from /home/airflow/.local/lib/python3.9/site-packages/airflow/example_dags/example_task_group.py
[2025-12-11T23:10:58.781+0000] {logging_mixin.py:188} INFO - [2025-12-11T23:10:58.781+0000] {dag.py:3096} INFO - Sync 1 DAGs
[2025-12-11T23:10:58.817+0000] {logging_mixin.py:188} INFO - [2025-12-11T23:10:58.817+0000] {dag.py:3954} INFO - Setting next_dagrun for example_task_group to 2025-12-10 00:00:00+00:00, run_after=2025-12-11 00:00:00+00:00
[2025-12-11T23:10:58.843+0000] {processor.py:183} INFO - Processing /home/airflow/.local/lib/python3.9/site-packages/airflow/example_dags/example_task_group.py took 0.125 seconds
[2025-12-11T23:11:30.094+0000] {processor.py:161} INFO - Started process (PID=2647) to work on /home/airflow/.local/lib/python3.9/site-packages/airflow/example_dags/example_task_group.py
[2025-12-11T23:11:30.119+0000] {processor.py:830} INFO - Processing file /home/airflow/.local/lib/python3.9/site-packages/airflow/example_dags/example_task_group.py for tasks to queue
[2025-12-11T23:11:30.122+0000] {logging_mixin.py:188} INFO - [2025-12-11T23:11:30.121+0000] {dagbag.py:545} INFO - Filling up the DagBag from /home/airflow/.local/lib/python3.9/site-packages/airflow/example_dags/example_task_group.py
[2025-12-11T23:11:30.133+0000] {processor.py:840} INFO - DAG(s) 'example_task_group' retrieved from /home/airflow/.local/lib/python3.9/site-packages/airflow/example_dags/example_task_group.py
[2025-12-11T23:11:30.191+0000] {logging_mixin.py:188} INFO - [2025-12-11T23:11:30.190+0000] {dag.py:3096} INFO - Sync 1 DAGs
[2025-12-11T23:11:30.256+0000] {logging_mixin.py:188} INFO - [2025-12-11T23:11:30.256+0000] {dag.py:3954} INFO - Setting next_dagrun for example_task_group to 2025-12-10 00:00:00+00:00, run_after=2025-12-11 00:00:00+00:00
[2025-12-11T23:11:30.378+0000] {processor.py:183} INFO - Processing /home/airflow/.local/lib/python3.9/site-packages/airflow/example_dags/example_task_group.py took 0.296 seconds
[2025-12-11T23:12:01.400+0000] {processor.py:161} INFO - Started process (PID=2714) to work on /home/airflow/.local/lib/python3.9/site-packages/airflow/example_dags/example_task_group.py
[2025-12-11T23:12:01.409+0000] {processor.py:830} INFO - Processing file /home/airflow/.local/lib/python3.9/site-packages/airflow/example_dags/example_task_group.py for tasks to queue
[2025-12-11T23:12:01.412+0000] {logging_mixin.py:188} INFO - [2025-12-11T23:12:01.412+0000] {dagbag.py:545} INFO - Filling up the DagBag from /home/airflow/.local/lib/python3.9/site-packages/airflow/example_dags/example_task_group.py
[2025-12-11T23:12:01.425+0000] {processor.py:840} INFO - DAG(s) 'example_task_group' retrieved from /home/airflow/.local/lib/python3.9/site-packages/airflow/example_dags/example_task_group.py
[2025-12-11T23:12:01.464+0000] {logging_mixin.py:188} INFO - [2025-12-11T23:12:01.464+0000] {dag.py:3096} INFO - Sync 1 DAGs
[2025-12-11T23:12:01.503+0000] {logging_mixin.py:188} INFO - [2025-12-11T23:12:01.503+0000] {dag.py:3954} INFO - Setting next_dagrun for example_task_group to 2025-12-10 00:00:00+00:00, run_after=2025-12-11 00:00:00+00:00
[2025-12-11T23:12:01.573+0000] {processor.py:183} INFO - Processing /home/airflow/.local/lib/python3.9/site-packages/airflow/example_dags/example_task_group.py took 0.184 seconds
[2025-12-11T23:12:34.616+0000] {processor.py:161} INFO - Started process (PID=2781) to work on /home/airflow/.local/lib/python3.9/site-packages/airflow/example_dags/example_task_group.py
[2025-12-11T23:12:34.623+0000] {processor.py:830} INFO - Processing file /home/airflow/.local/lib/python3.9/site-packages/airflow/example_dags/example_task_group.py for tasks to queue
[2025-12-11T23:12:34.626+0000] {logging_mixin.py:188} INFO - [2025-12-11T23:12:34.625+0000] {dagbag.py:545} INFO - Filling up the DagBag from /home/airflow/.local/lib/python3.9/site-packages/airflow/example_dags/example_task_group.py
[2025-12-11T23:12:34.638+0000] {processor.py:840} INFO - DAG(s) 'example_task_group' retrieved from /home/airflow/.local/lib/python3.9/site-packages/airflow/example_dags/example_task_group.py
[2025-12-11T23:12:34.680+0000] {logging_mixin.py:188} INFO - [2025-12-11T23:12:34.679+0000] {dag.py:3096} INFO - Sync 1 DAGs
[2025-12-11T23:12:34.721+0000] {logging_mixin.py:188} INFO - [2025-12-11T23:12:34.721+0000] {dag.py:3954} INFO - Setting next_dagrun for example_task_group to 2025-12-10 00:00:00+00:00, run_after=2025-12-11 00:00:00+00:00
[2025-12-11T23:12:35.227+0000] {processor.py:183} INFO - Processing /home/airflow/.local/lib/python3.9/site-packages/airflow/example_dags/example_task_group.py took 0.624 seconds
[2025-12-11T23:13:06.568+0000] {processor.py:161} INFO - Started process (PID=2855) to work on /home/airflow/.local/lib/python3.9/site-packages/airflow/example_dags/example_task_group.py
[2025-12-11T23:13:06.589+0000] {processor.py:830} INFO - Processing file /home/airflow/.local/lib/python3.9/site-packages/airflow/example_dags/example_task_group.py for tasks to queue
[2025-12-11T23:13:06.592+0000] {logging_mixin.py:188} INFO - [2025-12-11T23:13:06.591+0000] {dagbag.py:545} INFO - Filling up the DagBag from /home/airflow/.local/lib/python3.9/site-packages/airflow/example_dags/example_task_group.py
[2025-12-11T23:13:06.602+0000] {processor.py:840} INFO - DAG(s) 'example_task_group' retrieved from /home/airflow/.local/lib/python3.9/site-packages/airflow/example_dags/example_task_group.py
[2025-12-11T23:13:06.676+0000] {logging_mixin.py:188} INFO - [2025-12-11T23:13:06.675+0000] {dag.py:3096} INFO - Sync 1 DAGs
[2025-12-11T23:13:06.741+0000] {logging_mixin.py:188} INFO - [2025-12-11T23:13:06.741+0000] {dag.py:3954} INFO - Setting next_dagrun for example_task_group to 2025-12-10 00:00:00+00:00, run_after=2025-12-11 00:00:00+00:00
[2025-12-11T23:13:09.312+0000] {processor.py:183} INFO - Processing /home/airflow/.local/lib/python3.9/site-packages/airflow/example_dags/example_task_group.py took 2.754 seconds
[2025-12-11T23:13:39.900+0000] {processor.py:161} INFO - Started process (PID=2922) to work on /home/airflow/.local/lib/python3.9/site-packages/airflow/example_dags/example_task_group.py
[2025-12-11T23:13:39.901+0000] {processor.py:830} INFO - Processing file /home/airflow/.local/lib/python3.9/site-packages/airflow/example_dags/example_task_group.py for tasks to queue
[2025-12-11T23:13:39.905+0000] {logging_mixin.py:188} INFO - [2025-12-11T23:13:39.905+0000] {dagbag.py:545} INFO - Filling up the DagBag from /home/airflow/.local/lib/python3.9/site-packages/airflow/example_dags/example_task_group.py
[2025-12-11T23:13:39.916+0000] {processor.py:840} INFO - DAG(s) 'example_task_group' retrieved from /home/airflow/.local/lib/python3.9/site-packages/airflow/example_dags/example_task_group.py
[2025-12-11T23:13:39.957+0000] {logging_mixin.py:188} INFO - [2025-12-11T23:13:39.956+0000] {dag.py:3096} INFO - Sync 1 DAGs
[2025-12-11T23:13:40.030+0000] {logging_mixin.py:188} INFO - [2025-12-11T23:13:40.030+0000] {dag.py:3954} INFO - Setting next_dagrun for example_task_group to 2025-12-10 00:00:00+00:00, run_after=2025-12-11 00:00:00+00:00
[2025-12-11T23:13:40.090+0000] {processor.py:183} INFO - Processing /home/airflow/.local/lib/python3.9/site-packages/airflow/example_dags/example_task_group.py took 0.201 seconds
[2025-12-11T23:14:10.318+0000] {processor.py:161} INFO - Started process (PID=2989) to work on /home/airflow/.local/lib/python3.9/site-packages/airflow/example_dags/example_task_group.py
[2025-12-11T23:14:10.324+0000] {processor.py:830} INFO - Processing file /home/airflow/.local/lib/python3.9/site-packages/airflow/example_dags/example_task_group.py for tasks to queue
[2025-12-11T23:14:10.360+0000] {logging_mixin.py:188} INFO - [2025-12-11T23:14:10.359+0000] {dagbag.py:545} INFO - Filling up the DagBag from /home/airflow/.local/lib/python3.9/site-packages/airflow/example_dags/example_task_group.py
[2025-12-11T23:14:10.373+0000] {processor.py:840} INFO - DAG(s) 'example_task_group' retrieved from /home/airflow/.local/lib/python3.9/site-packages/airflow/example_dags/example_task_group.py
[2025-12-11T23:14:10.449+0000] {logging_mixin.py:188} INFO - [2025-12-11T23:14:10.441+0000] {dag.py:3096} INFO - Sync 1 DAGs
[2025-12-11T23:14:10.560+0000] {logging_mixin.py:188} INFO - [2025-12-11T23:14:10.559+0000] {dag.py:3954} INFO - Setting next_dagrun for example_task_group to 2025-12-10 00:00:00+00:00, run_after=2025-12-11 00:00:00+00:00
[2025-12-11T23:14:10.839+0000] {processor.py:183} INFO - Processing /home/airflow/.local/lib/python3.9/site-packages/airflow/example_dags/example_task_group.py took 0.547 seconds
[2025-12-11T23:14:41.110+0000] {processor.py:161} INFO - Started process (PID=3056) to work on /home/airflow/.local/lib/python3.9/site-packages/airflow/example_dags/example_task_group.py
[2025-12-11T23:14:41.151+0000] {processor.py:830} INFO - Processing file /home/airflow/.local/lib/python3.9/site-packages/airflow/example_dags/example_task_group.py for tasks to queue
[2025-12-11T23:14:41.157+0000] {logging_mixin.py:188} INFO - [2025-12-11T23:14:41.157+0000] {dagbag.py:545} INFO - Filling up the DagBag from /home/airflow/.local/lib/python3.9/site-packages/airflow/example_dags/example_task_group.py
[2025-12-11T23:14:41.177+0000] {processor.py:840} INFO - DAG(s) 'example_task_group' retrieved from /home/airflow/.local/lib/python3.9/site-packages/airflow/example_dags/example_task_group.py
[2025-12-11T23:14:41.277+0000] {logging_mixin.py:188} INFO - [2025-12-11T23:14:41.277+0000] {dag.py:3096} INFO - Sync 1 DAGs
[2025-12-11T23:14:41.350+0000] {logging_mixin.py:188} INFO - [2025-12-11T23:14:41.350+0000] {dag.py:3954} INFO - Setting next_dagrun for example_task_group to 2025-12-10 00:00:00+00:00, run_after=2025-12-11 00:00:00+00:00
[2025-12-11T23:14:41.670+0000] {processor.py:183} INFO - Processing /home/airflow/.local/lib/python3.9/site-packages/airflow/example_dags/example_task_group.py took 0.590 seconds
[2025-12-11T23:15:11.863+0000] {processor.py:161} INFO - Started process (PID=3123) to work on /home/airflow/.local/lib/python3.9/site-packages/airflow/example_dags/example_task_group.py
[2025-12-11T23:15:11.872+0000] {processor.py:830} INFO - Processing file /home/airflow/.local/lib/python3.9/site-packages/airflow/example_dags/example_task_group.py for tasks to queue
[2025-12-11T23:15:11.875+0000] {logging_mixin.py:188} INFO - [2025-12-11T23:15:11.874+0000] {dagbag.py:545} INFO - Filling up the DagBag from /home/airflow/.local/lib/python3.9/site-packages/airflow/example_dags/example_task_group.py
[2025-12-11T23:15:11.887+0000] {processor.py:840} INFO - DAG(s) 'example_task_group' retrieved from /home/airflow/.local/lib/python3.9/site-packages/airflow/example_dags/example_task_group.py
[2025-12-11T23:15:11.932+0000] {logging_mixin.py:188} INFO - [2025-12-11T23:15:11.931+0000] {dag.py:3096} INFO - Sync 1 DAGs
[2025-12-11T23:15:11.971+0000] {logging_mixin.py:188} INFO - [2025-12-11T23:15:11.971+0000] {dag.py:3954} INFO - Setting next_dagrun for example_task_group to 2025-12-10 00:00:00+00:00, run_after=2025-12-11 00:00:00+00:00
[2025-12-11T23:15:11.999+0000] {processor.py:183} INFO - Processing /home/airflow/.local/lib/python3.9/site-packages/airflow/example_dags/example_task_group.py took 0.148 seconds
[2025-12-11T23:15:42.548+0000] {processor.py:161} INFO - Started process (PID=3190) to work on /home/airflow/.local/lib/python3.9/site-packages/airflow/example_dags/example_task_group.py
[2025-12-11T23:15:42.550+0000] {processor.py:830} INFO - Processing file /home/airflow/.local/lib/python3.9/site-packages/airflow/example_dags/example_task_group.py for tasks to queue
[2025-12-11T23:15:42.554+0000] {logging_mixin.py:188} INFO - [2025-12-11T23:15:42.553+0000] {dagbag.py:545} INFO - Filling up the DagBag from /home/airflow/.local/lib/python3.9/site-packages/airflow/example_dags/example_task_group.py
[2025-12-11T23:15:42.565+0000] {processor.py:840} INFO - DAG(s) 'example_task_group' retrieved from /home/airflow/.local/lib/python3.9/site-packages/airflow/example_dags/example_task_group.py
[2025-12-11T23:15:42.607+0000] {logging_mixin.py:188} INFO - [2025-12-11T23:15:42.607+0000] {dag.py:3096} INFO - Sync 1 DAGs
[2025-12-11T23:15:42.671+0000] {logging_mixin.py:188} INFO - [2025-12-11T23:15:42.670+0000] {dag.py:3954} INFO - Setting next_dagrun for example_task_group to 2025-12-10 00:00:00+00:00, run_after=2025-12-11 00:00:00+00:00
[2025-12-11T23:15:42.711+0000] {processor.py:183} INFO - Processing /home/airflow/.local/lib/python3.9/site-packages/airflow/example_dags/example_task_group.py took 0.174 seconds
[2025-12-11T23:16:12.755+0000] {processor.py:161} INFO - Started process (PID=3257) to work on /home/airflow/.local/lib/python3.9/site-packages/airflow/example_dags/example_task_group.py
[2025-12-11T23:16:12.764+0000] {processor.py:830} INFO - Processing file /home/airflow/.local/lib/python3.9/site-packages/airflow/example_dags/example_task_group.py for tasks to queue
[2025-12-11T23:16:12.767+0000] {logging_mixin.py:188} INFO - [2025-12-11T23:16:12.766+0000] {dagbag.py:545} INFO - Filling up the DagBag from /home/airflow/.local/lib/python3.9/site-packages/airflow/example_dags/example_task_group.py
[2025-12-11T23:16:12.779+0000] {processor.py:840} INFO - DAG(s) 'example_task_group' retrieved from /home/airflow/.local/lib/python3.9/site-packages/airflow/example_dags/example_task_group.py
[2025-12-11T23:16:12.815+0000] {logging_mixin.py:188} INFO - [2025-12-11T23:16:12.814+0000] {dag.py:3096} INFO - Sync 1 DAGs
[2025-12-11T23:16:12.848+0000] {logging_mixin.py:188} INFO - [2025-12-11T23:16:12.847+0000] {dag.py:3954} INFO - Setting next_dagrun for example_task_group to 2025-12-10 00:00:00+00:00, run_after=2025-12-11 00:00:00+00:00
[2025-12-11T23:16:12.874+0000] {processor.py:183} INFO - Processing /home/airflow/.local/lib/python3.9/site-packages/airflow/example_dags/example_task_group.py took 0.130 seconds
[2025-12-11T23:16:43.320+0000] {processor.py:161} INFO - Started process (PID=3324) to work on /home/airflow/.local/lib/python3.9/site-packages/airflow/example_dags/example_task_group.py
[2025-12-11T23:16:43.323+0000] {processor.py:830} INFO - Processing file /home/airflow/.local/lib/python3.9/site-packages/airflow/example_dags/example_task_group.py for tasks to queue
[2025-12-11T23:16:43.326+0000] {logging_mixin.py:188} INFO - [2025-12-11T23:16:43.326+0000] {dagbag.py:545} INFO - Filling up the DagBag from /home/airflow/.local/lib/python3.9/site-packages/airflow/example_dags/example_task_group.py
[2025-12-11T23:16:43.340+0000] {processor.py:840} INFO - DAG(s) 'example_task_group' retrieved from /home/airflow/.local/lib/python3.9/site-packages/airflow/example_dags/example_task_group.py
[2025-12-11T23:16:43.393+0000] {logging_mixin.py:188} INFO - [2025-12-11T23:16:43.392+0000] {dag.py:3096} INFO - Sync 1 DAGs
[2025-12-11T23:16:43.445+0000] {logging_mixin.py:188} INFO - [2025-12-11T23:16:43.445+0000] {dag.py:3954} INFO - Setting next_dagrun for example_task_group to 2025-12-10 00:00:00+00:00, run_after=2025-12-11 00:00:00+00:00
[2025-12-11T23:16:43.651+0000] {processor.py:183} INFO - Processing /home/airflow/.local/lib/python3.9/site-packages/airflow/example_dags/example_task_group.py took 0.344 seconds
[2025-12-11T23:17:14.100+0000] {processor.py:161} INFO - Started process (PID=3391) to work on /home/airflow/.local/lib/python3.9/site-packages/airflow/example_dags/example_task_group.py
[2025-12-11T23:17:14.101+0000] {processor.py:830} INFO - Processing file /home/airflow/.local/lib/python3.9/site-packages/airflow/example_dags/example_task_group.py for tasks to queue
[2025-12-11T23:17:14.104+0000] {logging_mixin.py:188} INFO - [2025-12-11T23:17:14.103+0000] {dagbag.py:545} INFO - Filling up the DagBag from /home/airflow/.local/lib/python3.9/site-packages/airflow/example_dags/example_task_group.py
[2025-12-11T23:17:14.116+0000] {processor.py:840} INFO - DAG(s) 'example_task_group' retrieved from /home/airflow/.local/lib/python3.9/site-packages/airflow/example_dags/example_task_group.py
[2025-12-11T23:17:14.154+0000] {logging_mixin.py:188} INFO - [2025-12-11T23:17:14.154+0000] {dag.py:3096} INFO - Sync 1 DAGs
[2025-12-11T23:17:14.192+0000] {logging_mixin.py:188} INFO - [2025-12-11T23:17:14.191+0000] {dag.py:3954} INFO - Setting next_dagrun for example_task_group to 2025-12-10 00:00:00+00:00, run_after=2025-12-11 00:00:00+00:00
[2025-12-11T23:17:14.218+0000] {processor.py:183} INFO - Processing /home/airflow/.local/lib/python3.9/site-packages/airflow/example_dags/example_task_group.py took 0.129 seconds
[2025-12-11T23:17:44.340+0000] {processor.py:161} INFO - Started process (PID=3458) to work on /home/airflow/.local/lib/python3.9/site-packages/airflow/example_dags/example_task_group.py
[2025-12-11T23:17:44.350+0000] {processor.py:830} INFO - Processing file /home/airflow/.local/lib/python3.9/site-packages/airflow/example_dags/example_task_group.py for tasks to queue
[2025-12-11T23:17:44.353+0000] {logging_mixin.py:188} INFO - [2025-12-11T23:17:44.352+0000] {dagbag.py:545} INFO - Filling up the DagBag from /home/airflow/.local/lib/python3.9/site-packages/airflow/example_dags/example_task_group.py
[2025-12-11T23:17:44.377+0000] {processor.py:840} INFO - DAG(s) 'example_task_group' retrieved from /home/airflow/.local/lib/python3.9/site-packages/airflow/example_dags/example_task_group.py
[2025-12-11T23:17:44.429+0000] {logging_mixin.py:188} INFO - [2025-12-11T23:17:44.429+0000] {dag.py:3096} INFO - Sync 1 DAGs
[2025-12-11T23:17:44.467+0000] {logging_mixin.py:188} INFO - [2025-12-11T23:17:44.466+0000] {dag.py:3954} INFO - Setting next_dagrun for example_task_group to 2025-12-10 00:00:00+00:00, run_after=2025-12-11 00:00:00+00:00
[2025-12-11T23:17:44.492+0000] {processor.py:183} INFO - Processing /home/airflow/.local/lib/python3.9/site-packages/airflow/example_dags/example_task_group.py took 0.163 seconds
[2025-12-11T23:18:15.025+0000] {processor.py:161} INFO - Started process (PID=3525) to work on /home/airflow/.local/lib/python3.9/site-packages/airflow/example_dags/example_task_group.py
[2025-12-11T23:18:15.027+0000] {processor.py:830} INFO - Processing file /home/airflow/.local/lib/python3.9/site-packages/airflow/example_dags/example_task_group.py for tasks to queue
[2025-12-11T23:18:15.030+0000] {logging_mixin.py:188} INFO - [2025-12-11T23:18:15.029+0000] {dagbag.py:545} INFO - Filling up the DagBag from /home/airflow/.local/lib/python3.9/site-packages/airflow/example_dags/example_task_group.py
[2025-12-11T23:18:15.041+0000] {processor.py:840} INFO - DAG(s) 'example_task_group' retrieved from /home/airflow/.local/lib/python3.9/site-packages/airflow/example_dags/example_task_group.py
[2025-12-11T23:18:15.085+0000] {logging_mixin.py:188} INFO - [2025-12-11T23:18:15.085+0000] {dag.py:3096} INFO - Sync 1 DAGs
[2025-12-11T23:18:15.121+0000] {logging_mixin.py:188} INFO - [2025-12-11T23:18:15.121+0000] {dag.py:3954} INFO - Setting next_dagrun for example_task_group to 2025-12-10 00:00:00+00:00, run_after=2025-12-11 00:00:00+00:00
[2025-12-11T23:18:15.151+0000] {processor.py:183} INFO - Processing /home/airflow/.local/lib/python3.9/site-packages/airflow/example_dags/example_task_group.py took 0.138 seconds
[2025-12-11T23:18:45.405+0000] {processor.py:161} INFO - Started process (PID=3592) to work on /home/airflow/.local/lib/python3.9/site-packages/airflow/example_dags/example_task_group.py
[2025-12-11T23:18:45.415+0000] {processor.py:830} INFO - Processing file /home/airflow/.local/lib/python3.9/site-packages/airflow/example_dags/example_task_group.py for tasks to queue
[2025-12-11T23:18:45.418+0000] {logging_mixin.py:188} INFO - [2025-12-11T23:18:45.417+0000] {dagbag.py:545} INFO - Filling up the DagBag from /home/airflow/.local/lib/python3.9/site-packages/airflow/example_dags/example_task_group.py
[2025-12-11T23:18:45.429+0000] {processor.py:840} INFO - DAG(s) 'example_task_group' retrieved from /home/airflow/.local/lib/python3.9/site-packages/airflow/example_dags/example_task_group.py
[2025-12-11T23:18:45.475+0000] {logging_mixin.py:188} INFO - [2025-12-11T23:18:45.474+0000] {dag.py:3096} INFO - Sync 1 DAGs
[2025-12-11T23:18:45.517+0000] {logging_mixin.py:188} INFO - [2025-12-11T23:18:45.517+0000] {dag.py:3954} INFO - Setting next_dagrun for example_task_group to 2025-12-10 00:00:00+00:00, run_after=2025-12-11 00:00:00+00:00
[2025-12-11T23:18:45.549+0000] {processor.py:183} INFO - Processing /home/airflow/.local/lib/python3.9/site-packages/airflow/example_dags/example_task_group.py took 0.154 seconds
[2025-12-11T23:19:15.855+0000] {processor.py:161} INFO - Started process (PID=3659) to work on /home/airflow/.local/lib/python3.9/site-packages/airflow/example_dags/example_task_group.py
[2025-12-11T23:19:15.884+0000] {processor.py:830} INFO - Processing file /home/airflow/.local/lib/python3.9/site-packages/airflow/example_dags/example_task_group.py for tasks to queue
[2025-12-11T23:19:15.888+0000] {logging_mixin.py:188} INFO - [2025-12-11T23:19:15.887+0000] {dagbag.py:545} INFO - Filling up the DagBag from /home/airflow/.local/lib/python3.9/site-packages/airflow/example_dags/example_task_group.py
[2025-12-11T23:19:15.902+0000] {processor.py:840} INFO - DAG(s) 'example_task_group' retrieved from /home/airflow/.local/lib/python3.9/site-packages/airflow/example_dags/example_task_group.py
[2025-12-11T23:19:15.944+0000] {logging_mixin.py:188} INFO - [2025-12-11T23:19:15.943+0000] {dag.py:3096} INFO - Sync 1 DAGs
[2025-12-11T23:19:15.989+0000] {logging_mixin.py:188} INFO - [2025-12-11T23:19:15.989+0000] {dag.py:3954} INFO - Setting next_dagrun for example_task_group to 2025-12-10 00:00:00+00:00, run_after=2025-12-11 00:00:00+00:00
[2025-12-11T23:19:16.096+0000] {processor.py:183} INFO - Processing /home/airflow/.local/lib/python3.9/site-packages/airflow/example_dags/example_task_group.py took 0.251 seconds
[2025-12-11T23:19:46.194+0000] {processor.py:161} INFO - Started process (PID=3726) to work on /home/airflow/.local/lib/python3.9/site-packages/airflow/example_dags/example_task_group.py
[2025-12-11T23:19:46.203+0000] {processor.py:830} INFO - Processing file /home/airflow/.local/lib/python3.9/site-packages/airflow/example_dags/example_task_group.py for tasks to queue
[2025-12-11T23:19:46.206+0000] {logging_mixin.py:188} INFO - [2025-12-11T23:19:46.206+0000] {dagbag.py:545} INFO - Filling up the DagBag from /home/airflow/.local/lib/python3.9/site-packages/airflow/example_dags/example_task_group.py
[2025-12-11T23:19:46.218+0000] {processor.py:840} INFO - DAG(s) 'example_task_group' retrieved from /home/airflow/.local/lib/python3.9/site-packages/airflow/example_dags/example_task_group.py
[2025-12-11T23:19:46.260+0000] {logging_mixin.py:188} INFO - [2025-12-11T23:19:46.259+0000] {dag.py:3096} INFO - Sync 1 DAGs
[2025-12-11T23:19:46.299+0000] {logging_mixin.py:188} INFO - [2025-12-11T23:19:46.299+0000] {dag.py:3954} INFO - Setting next_dagrun for example_task_group to 2025-12-10 00:00:00+00:00, run_after=2025-12-11 00:00:00+00:00
[2025-12-11T23:19:46.331+0000] {processor.py:183} INFO - Processing /home/airflow/.local/lib/python3.9/site-packages/airflow/example_dags/example_task_group.py took 0.148 seconds
[2025-12-11T23:20:16.563+0000] {processor.py:161} INFO - Started process (PID=3793) to work on /home/airflow/.local/lib/python3.9/site-packages/airflow/example_dags/example_task_group.py
[2025-12-11T23:20:16.565+0000] {processor.py:830} INFO - Processing file /home/airflow/.local/lib/python3.9/site-packages/airflow/example_dags/example_task_group.py for tasks to queue
[2025-12-11T23:20:16.568+0000] {logging_mixin.py:188} INFO - [2025-12-11T23:20:16.567+0000] {dagbag.py:545} INFO - Filling up the DagBag from /home/airflow/.local/lib/python3.9/site-packages/airflow/example_dags/example_task_group.py
[2025-12-11T23:20:16.581+0000] {processor.py:840} INFO - DAG(s) 'example_task_group' retrieved from /home/airflow/.local/lib/python3.9/site-packages/airflow/example_dags/example_task_group.py
[2025-12-11T23:20:16.649+0000] {logging_mixin.py:188} INFO - [2025-12-11T23:20:16.639+0000] {dag.py:3096} INFO - Sync 1 DAGs
[2025-12-11T23:20:16.696+0000] {logging_mixin.py:188} INFO - [2025-12-11T23:20:16.695+0000] {dag.py:3954} INFO - Setting next_dagrun for example_task_group to 2025-12-10 00:00:00+00:00, run_after=2025-12-11 00:00:00+00:00
[2025-12-11T23:20:16.725+0000] {processor.py:183} INFO - Processing /home/airflow/.local/lib/python3.9/site-packages/airflow/example_dags/example_task_group.py took 0.173 seconds
[2025-12-11T23:20:47.642+0000] {processor.py:161} INFO - Started process (PID=3860) to work on /home/airflow/.local/lib/python3.9/site-packages/airflow/example_dags/example_task_group.py
[2025-12-11T23:20:47.680+0000] {processor.py:830} INFO - Processing file /home/airflow/.local/lib/python3.9/site-packages/airflow/example_dags/example_task_group.py for tasks to queue
[2025-12-11T23:20:47.683+0000] {logging_mixin.py:188} INFO - [2025-12-11T23:20:47.682+0000] {dagbag.py:545} INFO - Filling up the DagBag from /home/airflow/.local/lib/python3.9/site-packages/airflow/example_dags/example_task_group.py
[2025-12-11T23:20:47.696+0000] {processor.py:840} INFO - DAG(s) 'example_task_group' retrieved from /home/airflow/.local/lib/python3.9/site-packages/airflow/example_dags/example_task_group.py
[2025-12-11T23:20:47.759+0000] {logging_mixin.py:188} INFO - [2025-12-11T23:20:47.759+0000] {dag.py:3096} INFO - Sync 1 DAGs
[2025-12-11T23:20:47.836+0000] {logging_mixin.py:188} INFO - [2025-12-11T23:20:47.836+0000] {dag.py:3954} INFO - Setting next_dagrun for example_task_group to 2025-12-10 00:00:00+00:00, run_after=2025-12-11 00:00:00+00:00
[2025-12-11T23:20:47.934+0000] {processor.py:183} INFO - Processing /home/airflow/.local/lib/python3.9/site-packages/airflow/example_dags/example_task_group.py took 0.303 seconds
[2025-12-11T23:21:18.052+0000] {processor.py:161} INFO - Started process (PID=3927) to work on /home/airflow/.local/lib/python3.9/site-packages/airflow/example_dags/example_task_group.py
[2025-12-11T23:21:18.053+0000] {processor.py:830} INFO - Processing file /home/airflow/.local/lib/python3.9/site-packages/airflow/example_dags/example_task_group.py for tasks to queue
[2025-12-11T23:21:18.056+0000] {logging_mixin.py:188} INFO - [2025-12-11T23:21:18.055+0000] {dagbag.py:545} INFO - Filling up the DagBag from /home/airflow/.local/lib/python3.9/site-packages/airflow/example_dags/example_task_group.py
[2025-12-11T23:21:18.067+0000] {processor.py:840} INFO - DAG(s) 'example_task_group' retrieved from /home/airflow/.local/lib/python3.9/site-packages/airflow/example_dags/example_task_group.py
[2025-12-11T23:21:18.107+0000] {logging_mixin.py:188} INFO - [2025-12-11T23:21:18.107+0000] {dag.py:3096} INFO - Sync 1 DAGs
[2025-12-11T23:21:18.145+0000] {logging_mixin.py:188} INFO - [2025-12-11T23:21:18.145+0000] {dag.py:3954} INFO - Setting next_dagrun for example_task_group to 2025-12-10 00:00:00+00:00, run_after=2025-12-11 00:00:00+00:00
[2025-12-11T23:21:18.173+0000] {processor.py:183} INFO - Processing /home/airflow/.local/lib/python3.9/site-packages/airflow/example_dags/example_task_group.py took 0.133 seconds
[2025-12-11T23:21:48.419+0000] {processor.py:161} INFO - Started process (PID=3994) to work on /home/airflow/.local/lib/python3.9/site-packages/airflow/example_dags/example_task_group.py
[2025-12-11T23:21:48.420+0000] {processor.py:830} INFO - Processing file /home/airflow/.local/lib/python3.9/site-packages/airflow/example_dags/example_task_group.py for tasks to queue
[2025-12-11T23:21:48.423+0000] {logging_mixin.py:188} INFO - [2025-12-11T23:21:48.423+0000] {dagbag.py:545} INFO - Filling up the DagBag from /home/airflow/.local/lib/python3.9/site-packages/airflow/example_dags/example_task_group.py
[2025-12-11T23:21:48.434+0000] {processor.py:840} INFO - DAG(s) 'example_task_group' retrieved from /home/airflow/.local/lib/python3.9/site-packages/airflow/example_dags/example_task_group.py
[2025-12-11T23:21:48.493+0000] {logging_mixin.py:188} INFO - [2025-12-11T23:21:48.493+0000] {dag.py:3096} INFO - Sync 1 DAGs
[2025-12-11T23:21:48.544+0000] {logging_mixin.py:188} INFO - [2025-12-11T23:21:48.543+0000] {dag.py:3954} INFO - Setting next_dagrun for example_task_group to 2025-12-10 00:00:00+00:00, run_after=2025-12-11 00:00:00+00:00
[2025-12-11T23:21:48.577+0000] {processor.py:183} INFO - Processing /home/airflow/.local/lib/python3.9/site-packages/airflow/example_dags/example_task_group.py took 0.169 seconds
[2025-12-11T23:22:18.901+0000] {processor.py:161} INFO - Started process (PID=4061) to work on /home/airflow/.local/lib/python3.9/site-packages/airflow/example_dags/example_task_group.py
[2025-12-11T23:22:18.908+0000] {processor.py:830} INFO - Processing file /home/airflow/.local/lib/python3.9/site-packages/airflow/example_dags/example_task_group.py for tasks to queue
[2025-12-11T23:22:18.911+0000] {logging_mixin.py:188} INFO - [2025-12-11T23:22:18.911+0000] {dagbag.py:545} INFO - Filling up the DagBag from /home/airflow/.local/lib/python3.9/site-packages/airflow/example_dags/example_task_group.py
[2025-12-11T23:22:18.927+0000] {processor.py:840} INFO - DAG(s) 'example_task_group' retrieved from /home/airflow/.local/lib/python3.9/site-packages/airflow/example_dags/example_task_group.py
[2025-12-11T23:22:18.969+0000] {logging_mixin.py:188} INFO - [2025-12-11T23:22:18.968+0000] {dag.py:3096} INFO - Sync 1 DAGs
[2025-12-11T23:22:19.016+0000] {logging_mixin.py:188} INFO - [2025-12-11T23:22:19.015+0000] {dag.py:3954} INFO - Setting next_dagrun for example_task_group to 2025-12-10 00:00:00+00:00, run_after=2025-12-11 00:00:00+00:00
[2025-12-11T23:22:19.057+0000] {processor.py:183} INFO - Processing /home/airflow/.local/lib/python3.9/site-packages/airflow/example_dags/example_task_group.py took 0.169 seconds
[2025-12-11T23:22:49.575+0000] {processor.py:161} INFO - Started process (PID=4128) to work on /home/airflow/.local/lib/python3.9/site-packages/airflow/example_dags/example_task_group.py
[2025-12-11T23:22:49.577+0000] {processor.py:830} INFO - Processing file /home/airflow/.local/lib/python3.9/site-packages/airflow/example_dags/example_task_group.py for tasks to queue
[2025-12-11T23:22:49.590+0000] {logging_mixin.py:188} INFO - [2025-12-11T23:22:49.589+0000] {dagbag.py:545} INFO - Filling up the DagBag from /home/airflow/.local/lib/python3.9/site-packages/airflow/example_dags/example_task_group.py
[2025-12-11T23:22:49.602+0000] {processor.py:840} INFO - DAG(s) 'example_task_group' retrieved from /home/airflow/.local/lib/python3.9/site-packages/airflow/example_dags/example_task_group.py
[2025-12-11T23:22:49.672+0000] {logging_mixin.py:188} INFO - [2025-12-11T23:22:49.672+0000] {dag.py:3096} INFO - Sync 1 DAGs
[2025-12-11T23:22:49.734+0000] {logging_mixin.py:188} INFO - [2025-12-11T23:22:49.734+0000] {dag.py:3954} INFO - Setting next_dagrun for example_task_group to 2025-12-10 00:00:00+00:00, run_after=2025-12-11 00:00:00+00:00
[2025-12-11T23:22:49.761+0000] {processor.py:183} INFO - Processing /home/airflow/.local/lib/python3.9/site-packages/airflow/example_dags/example_task_group.py took 0.207 seconds
[2025-12-11T23:23:20.554+0000] {processor.py:161} INFO - Started process (PID=4195) to work on /home/airflow/.local/lib/python3.9/site-packages/airflow/example_dags/example_task_group.py
[2025-12-11T23:23:20.555+0000] {processor.py:830} INFO - Processing file /home/airflow/.local/lib/python3.9/site-packages/airflow/example_dags/example_task_group.py for tasks to queue
[2025-12-11T23:23:20.558+0000] {logging_mixin.py:188} INFO - [2025-12-11T23:23:20.557+0000] {dagbag.py:545} INFO - Filling up the DagBag from /home/airflow/.local/lib/python3.9/site-packages/airflow/example_dags/example_task_group.py
[2025-12-11T23:23:20.578+0000] {processor.py:840} INFO - DAG(s) 'example_task_group' retrieved from /home/airflow/.local/lib/python3.9/site-packages/airflow/example_dags/example_task_group.py
[2025-12-11T23:23:20.639+0000] {logging_mixin.py:188} INFO - [2025-12-11T23:23:20.639+0000] {dag.py:3096} INFO - Sync 1 DAGs
[2025-12-11T23:23:20.695+0000] {logging_mixin.py:188} INFO - [2025-12-11T23:23:20.694+0000] {dag.py:3954} INFO - Setting next_dagrun for example_task_group to 2025-12-10 00:00:00+00:00, run_after=2025-12-11 00:00:00+00:00
[2025-12-11T23:23:20.757+0000] {processor.py:183} INFO - Processing /home/airflow/.local/lib/python3.9/site-packages/airflow/example_dags/example_task_group.py took 0.223 seconds
[2025-12-11T23:23:51.050+0000] {processor.py:161} INFO - Started process (PID=4262) to work on /home/airflow/.local/lib/python3.9/site-packages/airflow/example_dags/example_task_group.py
[2025-12-11T23:23:51.052+0000] {processor.py:830} INFO - Processing file /home/airflow/.local/lib/python3.9/site-packages/airflow/example_dags/example_task_group.py for tasks to queue
[2025-12-11T23:23:51.055+0000] {logging_mixin.py:188} INFO - [2025-12-11T23:23:51.054+0000] {dagbag.py:545} INFO - Filling up the DagBag from /home/airflow/.local/lib/python3.9/site-packages/airflow/example_dags/example_task_group.py
[2025-12-11T23:23:51.070+0000] {processor.py:840} INFO - DAG(s) 'example_task_group' retrieved from /home/airflow/.local/lib/python3.9/site-packages/airflow/example_dags/example_task_group.py
[2025-12-11T23:23:51.116+0000] {logging_mixin.py:188} INFO - [2025-12-11T23:23:51.115+0000] {dag.py:3096} INFO - Sync 1 DAGs
[2025-12-11T23:23:51.158+0000] {logging_mixin.py:188} INFO - [2025-12-11T23:23:51.157+0000] {dag.py:3954} INFO - Setting next_dagrun for example_task_group to 2025-12-10 00:00:00+00:00, run_after=2025-12-11 00:00:00+00:00
[2025-12-11T23:23:51.186+0000] {processor.py:183} INFO - Processing /home/airflow/.local/lib/python3.9/site-packages/airflow/example_dags/example_task_group.py took 0.147 seconds
[2025-12-11T23:24:21.823+0000] {processor.py:161} INFO - Started process (PID=4328) to work on /home/airflow/.local/lib/python3.9/site-packages/airflow/example_dags/example_task_group.py
[2025-12-11T23:24:21.827+0000] {processor.py:830} INFO - Processing file /home/airflow/.local/lib/python3.9/site-packages/airflow/example_dags/example_task_group.py for tasks to queue
[2025-12-11T23:24:21.831+0000] {logging_mixin.py:188} INFO - [2025-12-11T23:24:21.830+0000] {dagbag.py:545} INFO - Filling up the DagBag from /home/airflow/.local/lib/python3.9/site-packages/airflow/example_dags/example_task_group.py
[2025-12-11T23:24:21.847+0000] {processor.py:840} INFO - DAG(s) 'example_task_group' retrieved from /home/airflow/.local/lib/python3.9/site-packages/airflow/example_dags/example_task_group.py
[2025-12-11T23:24:21.899+0000] {logging_mixin.py:188} INFO - [2025-12-11T23:24:21.899+0000] {dag.py:3096} INFO - Sync 1 DAGs
[2025-12-11T23:24:21.949+0000] {logging_mixin.py:188} INFO - [2025-12-11T23:24:21.949+0000] {dag.py:3954} INFO - Setting next_dagrun for example_task_group to 2025-12-10 00:00:00+00:00, run_after=2025-12-11 00:00:00+00:00
[2025-12-11T23:24:21.980+0000] {processor.py:183} INFO - Processing /home/airflow/.local/lib/python3.9/site-packages/airflow/example_dags/example_task_group.py took 0.173 seconds
[2025-12-11T23:24:52.626+0000] {processor.py:161} INFO - Started process (PID=4395) to work on /home/airflow/.local/lib/python3.9/site-packages/airflow/example_dags/example_task_group.py
[2025-12-11T23:24:52.634+0000] {processor.py:830} INFO - Processing file /home/airflow/.local/lib/python3.9/site-packages/airflow/example_dags/example_task_group.py for tasks to queue
[2025-12-11T23:24:52.637+0000] {logging_mixin.py:188} INFO - [2025-12-11T23:24:52.637+0000] {dagbag.py:545} INFO - Filling up the DagBag from /home/airflow/.local/lib/python3.9/site-packages/airflow/example_dags/example_task_group.py
[2025-12-11T23:24:52.650+0000] {processor.py:840} INFO - DAG(s) 'example_task_group' retrieved from /home/airflow/.local/lib/python3.9/site-packages/airflow/example_dags/example_task_group.py
[2025-12-11T23:24:52.691+0000] {logging_mixin.py:188} INFO - [2025-12-11T23:24:52.691+0000] {dag.py:3096} INFO - Sync 1 DAGs
[2025-12-11T23:24:52.729+0000] {logging_mixin.py:188} INFO - [2025-12-11T23:24:52.728+0000] {dag.py:3954} INFO - Setting next_dagrun for example_task_group to 2025-12-10 00:00:00+00:00, run_after=2025-12-11 00:00:00+00:00
[2025-12-11T23:24:52.760+0000] {processor.py:183} INFO - Processing /home/airflow/.local/lib/python3.9/site-packages/airflow/example_dags/example_task_group.py took 0.145 seconds
[2025-12-11T23:25:23.061+0000] {processor.py:161} INFO - Started process (PID=4462) to work on /home/airflow/.local/lib/python3.9/site-packages/airflow/example_dags/example_task_group.py
[2025-12-11T23:25:23.063+0000] {processor.py:830} INFO - Processing file /home/airflow/.local/lib/python3.9/site-packages/airflow/example_dags/example_task_group.py for tasks to queue
[2025-12-11T23:25:23.066+0000] {logging_mixin.py:188} INFO - [2025-12-11T23:25:23.065+0000] {dagbag.py:545} INFO - Filling up the DagBag from /home/airflow/.local/lib/python3.9/site-packages/airflow/example_dags/example_task_group.py
[2025-12-11T23:25:23.077+0000] {processor.py:840} INFO - DAG(s) 'example_task_group' retrieved from /home/airflow/.local/lib/python3.9/site-packages/airflow/example_dags/example_task_group.py
[2025-12-11T23:25:23.116+0000] {logging_mixin.py:188} INFO - [2025-12-11T23:25:23.116+0000] {dag.py:3096} INFO - Sync 1 DAGs
[2025-12-11T23:25:23.151+0000] {logging_mixin.py:188} INFO - [2025-12-11T23:25:23.151+0000] {dag.py:3954} INFO - Setting next_dagrun for example_task_group to 2025-12-10 00:00:00+00:00, run_after=2025-12-11 00:00:00+00:00
[2025-12-11T23:25:23.178+0000] {processor.py:183} INFO - Processing /home/airflow/.local/lib/python3.9/site-packages/airflow/example_dags/example_task_group.py took 0.128 seconds
[2025-12-11T23:25:53.920+0000] {processor.py:161} INFO - Started process (PID=4529) to work on /home/airflow/.local/lib/python3.9/site-packages/airflow/example_dags/example_task_group.py
[2025-12-11T23:25:53.929+0000] {processor.py:830} INFO - Processing file /home/airflow/.local/lib/python3.9/site-packages/airflow/example_dags/example_task_group.py for tasks to queue
[2025-12-11T23:25:53.932+0000] {logging_mixin.py:188} INFO - [2025-12-11T23:25:53.932+0000] {dagbag.py:545} INFO - Filling up the DagBag from /home/airflow/.local/lib/python3.9/site-packages/airflow/example_dags/example_task_group.py
[2025-12-11T23:25:53.951+0000] {processor.py:840} INFO - DAG(s) 'example_task_group' retrieved from /home/airflow/.local/lib/python3.9/site-packages/airflow/example_dags/example_task_group.py
[2025-12-11T23:25:54.017+0000] {logging_mixin.py:188} INFO - [2025-12-11T23:25:54.016+0000] {dag.py:3096} INFO - Sync 1 DAGs
[2025-12-11T23:25:54.109+0000] {logging_mixin.py:188} INFO - [2025-12-11T23:25:54.100+0000] {dag.py:3954} INFO - Setting next_dagrun for example_task_group to 2025-12-10 00:00:00+00:00, run_after=2025-12-11 00:00:00+00:00
[2025-12-11T23:25:54.213+0000] {processor.py:183} INFO - Processing /home/airflow/.local/lib/python3.9/site-packages/airflow/example_dags/example_task_group.py took 0.311 seconds
[2025-12-11T23:26:25.096+0000] {processor.py:161} INFO - Started process (PID=4600) to work on /home/airflow/.local/lib/python3.9/site-packages/airflow/example_dags/example_task_group.py
[2025-12-11T23:26:25.099+0000] {processor.py:830} INFO - Processing file /home/airflow/.local/lib/python3.9/site-packages/airflow/example_dags/example_task_group.py for tasks to queue
[2025-12-11T23:26:25.113+0000] {logging_mixin.py:188} INFO - [2025-12-11T23:26:25.112+0000] {dagbag.py:545} INFO - Filling up the DagBag from /home/airflow/.local/lib/python3.9/site-packages/airflow/example_dags/example_task_group.py
[2025-12-11T23:26:25.135+0000] {processor.py:840} INFO - DAG(s) 'example_task_group' retrieved from /home/airflow/.local/lib/python3.9/site-packages/airflow/example_dags/example_task_group.py
[2025-12-11T23:26:25.275+0000] {logging_mixin.py:188} INFO - [2025-12-11T23:26:25.274+0000] {dag.py:3096} INFO - Sync 1 DAGs
[2025-12-11T23:26:25.413+0000] {logging_mixin.py:188} INFO - [2025-12-11T23:26:25.412+0000] {dag.py:3954} INFO - Setting next_dagrun for example_task_group to 2025-12-10 00:00:00+00:00, run_after=2025-12-11 00:00:00+00:00
[2025-12-11T23:26:25.529+0000] {processor.py:183} INFO - Processing /home/airflow/.local/lib/python3.9/site-packages/airflow/example_dags/example_task_group.py took 0.460 seconds
[2025-12-11T23:26:55.996+0000] {processor.py:161} INFO - Started process (PID=4667) to work on /home/airflow/.local/lib/python3.9/site-packages/airflow/example_dags/example_task_group.py
[2025-12-11T23:26:55.999+0000] {processor.py:830} INFO - Processing file /home/airflow/.local/lib/python3.9/site-packages/airflow/example_dags/example_task_group.py for tasks to queue
[2025-12-11T23:26:56.003+0000] {logging_mixin.py:188} INFO - [2025-12-11T23:26:56.002+0000] {dagbag.py:545} INFO - Filling up the DagBag from /home/airflow/.local/lib/python3.9/site-packages/airflow/example_dags/example_task_group.py
[2025-12-11T23:26:56.032+0000] {processor.py:840} INFO - DAG(s) 'example_task_group' retrieved from /home/airflow/.local/lib/python3.9/site-packages/airflow/example_dags/example_task_group.py
[2025-12-11T23:26:56.132+0000] {logging_mixin.py:188} INFO - [2025-12-11T23:26:56.131+0000] {dag.py:3096} INFO - Sync 1 DAGs
[2025-12-11T23:26:56.200+0000] {logging_mixin.py:188} INFO - [2025-12-11T23:26:56.200+0000] {dag.py:3954} INFO - Setting next_dagrun for example_task_group to 2025-12-10 00:00:00+00:00, run_after=2025-12-11 00:00:00+00:00
[2025-12-11T23:26:56.241+0000] {processor.py:183} INFO - Processing /home/airflow/.local/lib/python3.9/site-packages/airflow/example_dags/example_task_group.py took 0.267 seconds
[2025-12-11T23:27:26.810+0000] {processor.py:161} INFO - Started process (PID=4734) to work on /home/airflow/.local/lib/python3.9/site-packages/airflow/example_dags/example_task_group.py
[2025-12-11T23:27:26.814+0000] {processor.py:830} INFO - Processing file /home/airflow/.local/lib/python3.9/site-packages/airflow/example_dags/example_task_group.py for tasks to queue
[2025-12-11T23:27:26.817+0000] {logging_mixin.py:188} INFO - [2025-12-11T23:27:26.817+0000] {dagbag.py:545} INFO - Filling up the DagBag from /home/airflow/.local/lib/python3.9/site-packages/airflow/example_dags/example_task_group.py
[2025-12-11T23:27:26.849+0000] {processor.py:840} INFO - DAG(s) 'example_task_group' retrieved from /home/airflow/.local/lib/python3.9/site-packages/airflow/example_dags/example_task_group.py
[2025-12-11T23:27:26.919+0000] {logging_mixin.py:188} INFO - [2025-12-11T23:27:26.918+0000] {dag.py:3096} INFO - Sync 1 DAGs
[2025-12-11T23:27:26.974+0000] {logging_mixin.py:188} INFO - [2025-12-11T23:27:26.973+0000] {dag.py:3954} INFO - Setting next_dagrun for example_task_group to 2025-12-10 00:00:00+00:00, run_after=2025-12-11 00:00:00+00:00
[2025-12-11T23:27:27.015+0000] {processor.py:183} INFO - Processing /home/airflow/.local/lib/python3.9/site-packages/airflow/example_dags/example_task_group.py took 0.224 seconds
[2025-12-11T23:27:57.300+0000] {processor.py:161} INFO - Started process (PID=4808) to work on /home/airflow/.local/lib/python3.9/site-packages/airflow/example_dags/example_task_group.py
[2025-12-11T23:27:57.301+0000] {processor.py:830} INFO - Processing file /home/airflow/.local/lib/python3.9/site-packages/airflow/example_dags/example_task_group.py for tasks to queue
[2025-12-11T23:27:57.311+0000] {logging_mixin.py:188} INFO - [2025-12-11T23:27:57.311+0000] {dagbag.py:545} INFO - Filling up the DagBag from /home/airflow/.local/lib/python3.9/site-packages/airflow/example_dags/example_task_group.py
[2025-12-11T23:27:57.322+0000] {processor.py:840} INFO - DAG(s) 'example_task_group' retrieved from /home/airflow/.local/lib/python3.9/site-packages/airflow/example_dags/example_task_group.py
[2025-12-11T23:27:57.396+0000] {logging_mixin.py:188} INFO - [2025-12-11T23:27:57.396+0000] {dag.py:3096} INFO - Sync 1 DAGs
[2025-12-11T23:27:57.453+0000] {logging_mixin.py:188} INFO - [2025-12-11T23:27:57.452+0000] {dag.py:3954} INFO - Setting next_dagrun for example_task_group to 2025-12-10 00:00:00+00:00, run_after=2025-12-11 00:00:00+00:00
[2025-12-11T23:27:57.494+0000] {processor.py:183} INFO - Processing /home/airflow/.local/lib/python3.9/site-packages/airflow/example_dags/example_task_group.py took 0.204 seconds
[2025-12-11T23:28:28.538+0000] {processor.py:161} INFO - Started process (PID=4874) to work on /home/airflow/.local/lib/python3.9/site-packages/airflow/example_dags/example_task_group.py
[2025-12-11T23:28:28.547+0000] {processor.py:830} INFO - Processing file /home/airflow/.local/lib/python3.9/site-packages/airflow/example_dags/example_task_group.py for tasks to queue
[2025-12-11T23:28:28.551+0000] {logging_mixin.py:188} INFO - [2025-12-11T23:28:28.551+0000] {dagbag.py:545} INFO - Filling up the DagBag from /home/airflow/.local/lib/python3.9/site-packages/airflow/example_dags/example_task_group.py
[2025-12-11T23:28:28.572+0000] {processor.py:840} INFO - DAG(s) 'example_task_group' retrieved from /home/airflow/.local/lib/python3.9/site-packages/airflow/example_dags/example_task_group.py
[2025-12-11T23:28:28.652+0000] {logging_mixin.py:188} INFO - [2025-12-11T23:28:28.652+0000] {dag.py:3096} INFO - Sync 1 DAGs
[2025-12-11T23:28:28.710+0000] {logging_mixin.py:188} INFO - [2025-12-11T23:28:28.701+0000] {dag.py:3954} INFO - Setting next_dagrun for example_task_group to 2025-12-10 00:00:00+00:00, run_after=2025-12-11 00:00:00+00:00
[2025-12-11T23:28:28.741+0000] {processor.py:183} INFO - Processing /home/airflow/.local/lib/python3.9/site-packages/airflow/example_dags/example_task_group.py took 0.220 seconds
[2025-12-11T23:28:59.201+0000] {processor.py:161} INFO - Started process (PID=4941) to work on /home/airflow/.local/lib/python3.9/site-packages/airflow/example_dags/example_task_group.py
[2025-12-11T23:28:59.202+0000] {processor.py:830} INFO - Processing file /home/airflow/.local/lib/python3.9/site-packages/airflow/example_dags/example_task_group.py for tasks to queue
[2025-12-11T23:28:59.210+0000] {logging_mixin.py:188} INFO - [2025-12-11T23:28:59.210+0000] {dagbag.py:545} INFO - Filling up the DagBag from /home/airflow/.local/lib/python3.9/site-packages/airflow/example_dags/example_task_group.py
[2025-12-11T23:28:59.231+0000] {processor.py:840} INFO - DAG(s) 'example_task_group' retrieved from /home/airflow/.local/lib/python3.9/site-packages/airflow/example_dags/example_task_group.py
[2025-12-11T23:28:59.297+0000] {logging_mixin.py:188} INFO - [2025-12-11T23:28:59.297+0000] {dag.py:3096} INFO - Sync 1 DAGs
[2025-12-11T23:28:59.370+0000] {logging_mixin.py:188} INFO - [2025-12-11T23:28:59.370+0000] {dag.py:3954} INFO - Setting next_dagrun for example_task_group to 2025-12-10 00:00:00+00:00, run_after=2025-12-11 00:00:00+00:00
[2025-12-11T23:28:59.422+0000] {processor.py:183} INFO - Processing /home/airflow/.local/lib/python3.9/site-packages/airflow/example_dags/example_task_group.py took 0.240 seconds
[2025-12-11T23:29:29.599+0000] {processor.py:161} INFO - Started process (PID=5008) to work on /home/airflow/.local/lib/python3.9/site-packages/airflow/example_dags/example_task_group.py
[2025-12-11T23:29:29.601+0000] {processor.py:830} INFO - Processing file /home/airflow/.local/lib/python3.9/site-packages/airflow/example_dags/example_task_group.py for tasks to queue
[2025-12-11T23:29:29.603+0000] {logging_mixin.py:188} INFO - [2025-12-11T23:29:29.603+0000] {dagbag.py:545} INFO - Filling up the DagBag from /home/airflow/.local/lib/python3.9/site-packages/airflow/example_dags/example_task_group.py
[2025-12-11T23:29:29.615+0000] {processor.py:840} INFO - DAG(s) 'example_task_group' retrieved from /home/airflow/.local/lib/python3.9/site-packages/airflow/example_dags/example_task_group.py
[2025-12-11T23:29:29.653+0000] {logging_mixin.py:188} INFO - [2025-12-11T23:29:29.653+0000] {dag.py:3096} INFO - Sync 1 DAGs
[2025-12-11T23:29:29.690+0000] {logging_mixin.py:188} INFO - [2025-12-11T23:29:29.690+0000] {dag.py:3954} INFO - Setting next_dagrun for example_task_group to 2025-12-10 00:00:00+00:00, run_after=2025-12-11 00:00:00+00:00
[2025-12-11T23:29:29.717+0000] {processor.py:183} INFO - Processing /home/airflow/.local/lib/python3.9/site-packages/airflow/example_dags/example_task_group.py took 0.130 seconds
[2025-12-11T23:30:00.794+0000] {processor.py:161} INFO - Started process (PID=5075) to work on /home/airflow/.local/lib/python3.9/site-packages/airflow/example_dags/example_task_group.py
[2025-12-11T23:30:00.796+0000] {processor.py:830} INFO - Processing file /home/airflow/.local/lib/python3.9/site-packages/airflow/example_dags/example_task_group.py for tasks to queue
[2025-12-11T23:30:00.812+0000] {logging_mixin.py:188} INFO - [2025-12-11T23:30:00.811+0000] {dagbag.py:545} INFO - Filling up the DagBag from /home/airflow/.local/lib/python3.9/site-packages/airflow/example_dags/example_task_group.py
[2025-12-11T23:30:00.835+0000] {processor.py:840} INFO - DAG(s) 'example_task_group' retrieved from /home/airflow/.local/lib/python3.9/site-packages/airflow/example_dags/example_task_group.py
[2025-12-11T23:30:00.901+0000] {logging_mixin.py:188} INFO - [2025-12-11T23:30:00.901+0000] {dag.py:3096} INFO - Sync 1 DAGs
[2025-12-11T23:30:00.959+0000] {logging_mixin.py:188} INFO - [2025-12-11T23:30:00.958+0000] {dag.py:3954} INFO - Setting next_dagrun for example_task_group to 2025-12-10 00:00:00+00:00, run_after=2025-12-11 00:00:00+00:00
[2025-12-11T23:30:01.010+0000] {processor.py:183} INFO - Processing /home/airflow/.local/lib/python3.9/site-packages/airflow/example_dags/example_task_group.py took 0.237 seconds
[2025-12-11T23:30:31.920+0000] {processor.py:161} INFO - Started process (PID=5143) to work on /home/airflow/.local/lib/python3.9/site-packages/airflow/example_dags/example_task_group.py
[2025-12-11T23:30:31.922+0000] {processor.py:830} INFO - Processing file /home/airflow/.local/lib/python3.9/site-packages/airflow/example_dags/example_task_group.py for tasks to queue
[2025-12-11T23:30:31.930+0000] {logging_mixin.py:188} INFO - [2025-12-11T23:30:31.929+0000] {dagbag.py:545} INFO - Filling up the DagBag from /home/airflow/.local/lib/python3.9/site-packages/airflow/example_dags/example_task_group.py
[2025-12-11T23:30:31.941+0000] {processor.py:840} INFO - DAG(s) 'example_task_group' retrieved from /home/airflow/.local/lib/python3.9/site-packages/airflow/example_dags/example_task_group.py
[2025-12-11T23:30:31.982+0000] {logging_mixin.py:188} INFO - [2025-12-11T23:30:31.982+0000] {dag.py:3096} INFO - Sync 1 DAGs
[2025-12-11T23:30:32.022+0000] {logging_mixin.py:188} INFO - [2025-12-11T23:30:32.021+0000] {dag.py:3954} INFO - Setting next_dagrun for example_task_group to 2025-12-10 00:00:00+00:00, run_after=2025-12-11 00:00:00+00:00
[2025-12-11T23:30:32.056+0000] {processor.py:183} INFO - Processing /home/airflow/.local/lib/python3.9/site-packages/airflow/example_dags/example_task_group.py took 0.156 seconds
[2025-12-11T23:31:02.984+0000] {processor.py:161} INFO - Started process (PID=5210) to work on /home/airflow/.local/lib/python3.9/site-packages/airflow/example_dags/example_task_group.py
[2025-12-11T23:31:02.986+0000] {processor.py:830} INFO - Processing file /home/airflow/.local/lib/python3.9/site-packages/airflow/example_dags/example_task_group.py for tasks to queue
[2025-12-11T23:31:02.991+0000] {logging_mixin.py:188} INFO - [2025-12-11T23:31:02.990+0000] {dagbag.py:545} INFO - Filling up the DagBag from /home/airflow/.local/lib/python3.9/site-packages/airflow/example_dags/example_task_group.py
[2025-12-11T23:31:03.002+0000] {processor.py:840} INFO - DAG(s) 'example_task_group' retrieved from /home/airflow/.local/lib/python3.9/site-packages/airflow/example_dags/example_task_group.py
[2025-12-11T23:31:03.045+0000] {logging_mixin.py:188} INFO - [2025-12-11T23:31:03.044+0000] {dag.py:3096} INFO - Sync 1 DAGs
[2025-12-11T23:31:03.084+0000] {logging_mixin.py:188} INFO - [2025-12-11T23:31:03.084+0000] {dag.py:3954} INFO - Setting next_dagrun for example_task_group to 2025-12-10 00:00:00+00:00, run_after=2025-12-11 00:00:00+00:00
[2025-12-11T23:31:03.119+0000] {processor.py:183} INFO - Processing /home/airflow/.local/lib/python3.9/site-packages/airflow/example_dags/example_task_group.py took 0.145 seconds
[2025-12-11T23:31:33.681+0000] {processor.py:161} INFO - Started process (PID=5277) to work on /home/airflow/.local/lib/python3.9/site-packages/airflow/example_dags/example_task_group.py
[2025-12-11T23:31:33.691+0000] {processor.py:830} INFO - Processing file /home/airflow/.local/lib/python3.9/site-packages/airflow/example_dags/example_task_group.py for tasks to queue
[2025-12-11T23:31:33.694+0000] {logging_mixin.py:188} INFO - [2025-12-11T23:31:33.694+0000] {dagbag.py:545} INFO - Filling up the DagBag from /home/airflow/.local/lib/python3.9/site-packages/airflow/example_dags/example_task_group.py
[2025-12-11T23:31:33.716+0000] {processor.py:840} INFO - DAG(s) 'example_task_group' retrieved from /home/airflow/.local/lib/python3.9/site-packages/airflow/example_dags/example_task_group.py
[2025-12-11T23:31:33.793+0000] {logging_mixin.py:188} INFO - [2025-12-11T23:31:33.792+0000] {dag.py:3096} INFO - Sync 1 DAGs
[2025-12-11T23:31:33.840+0000] {logging_mixin.py:188} INFO - [2025-12-11T23:31:33.839+0000] {dag.py:3954} INFO - Setting next_dagrun for example_task_group to 2025-12-10 00:00:00+00:00, run_after=2025-12-11 00:00:00+00:00
[2025-12-11T23:31:33.900+0000] {processor.py:183} INFO - Processing /home/airflow/.local/lib/python3.9/site-packages/airflow/example_dags/example_task_group.py took 0.229 seconds
[2025-12-11T23:32:04.661+0000] {processor.py:161} INFO - Started process (PID=5344) to work on /home/airflow/.local/lib/python3.9/site-packages/airflow/example_dags/example_task_group.py
[2025-12-11T23:32:04.663+0000] {processor.py:830} INFO - Processing file /home/airflow/.local/lib/python3.9/site-packages/airflow/example_dags/example_task_group.py for tasks to queue
[2025-12-11T23:32:04.665+0000] {logging_mixin.py:188} INFO - [2025-12-11T23:32:04.665+0000] {dagbag.py:545} INFO - Filling up the DagBag from /home/airflow/.local/lib/python3.9/site-packages/airflow/example_dags/example_task_group.py
[2025-12-11T23:32:04.677+0000] {processor.py:840} INFO - DAG(s) 'example_task_group' retrieved from /home/airflow/.local/lib/python3.9/site-packages/airflow/example_dags/example_task_group.py
[2025-12-11T23:32:04.715+0000] {logging_mixin.py:188} INFO - [2025-12-11T23:32:04.715+0000] {dag.py:3096} INFO - Sync 1 DAGs
[2025-12-11T23:32:04.753+0000] {logging_mixin.py:188} INFO - [2025-12-11T23:32:04.752+0000] {dag.py:3954} INFO - Setting next_dagrun for example_task_group to 2025-12-10 00:00:00+00:00, run_after=2025-12-11 00:00:00+00:00
[2025-12-11T23:32:04.781+0000] {processor.py:183} INFO - Processing /home/airflow/.local/lib/python3.9/site-packages/airflow/example_dags/example_task_group.py took 0.130 seconds
[2025-12-11T23:32:35.415+0000] {processor.py:161} INFO - Started process (PID=5412) to work on /home/airflow/.local/lib/python3.9/site-packages/airflow/example_dags/example_task_group.py
[2025-12-11T23:32:35.417+0000] {processor.py:830} INFO - Processing file /home/airflow/.local/lib/python3.9/site-packages/airflow/example_dags/example_task_group.py for tasks to queue
[2025-12-11T23:32:35.420+0000] {logging_mixin.py:188} INFO - [2025-12-11T23:32:35.419+0000] {dagbag.py:545} INFO - Filling up the DagBag from /home/airflow/.local/lib/python3.9/site-packages/airflow/example_dags/example_task_group.py
[2025-12-11T23:32:35.435+0000] {processor.py:840} INFO - DAG(s) 'example_task_group' retrieved from /home/airflow/.local/lib/python3.9/site-packages/airflow/example_dags/example_task_group.py
[2025-12-11T23:32:35.491+0000] {logging_mixin.py:188} INFO - [2025-12-11T23:32:35.490+0000] {dag.py:3096} INFO - Sync 1 DAGs
[2025-12-11T23:32:35.543+0000] {logging_mixin.py:188} INFO - [2025-12-11T23:32:35.542+0000] {dag.py:3954} INFO - Setting next_dagrun for example_task_group to 2025-12-10 00:00:00+00:00, run_after=2025-12-11 00:00:00+00:00
[2025-12-11T23:32:35.577+0000] {processor.py:183} INFO - Processing /home/airflow/.local/lib/python3.9/site-packages/airflow/example_dags/example_task_group.py took 0.181 seconds
[2025-12-11T23:33:05.902+0000] {processor.py:161} INFO - Started process (PID=5484) to work on /home/airflow/.local/lib/python3.9/site-packages/airflow/example_dags/example_task_group.py
[2025-12-11T23:33:05.910+0000] {processor.py:830} INFO - Processing file /home/airflow/.local/lib/python3.9/site-packages/airflow/example_dags/example_task_group.py for tasks to queue
[2025-12-11T23:33:05.913+0000] {logging_mixin.py:188} INFO - [2025-12-11T23:33:05.912+0000] {dagbag.py:545} INFO - Filling up the DagBag from /home/airflow/.local/lib/python3.9/site-packages/airflow/example_dags/example_task_group.py
[2025-12-11T23:33:05.936+0000] {processor.py:840} INFO - DAG(s) 'example_task_group' retrieved from /home/airflow/.local/lib/python3.9/site-packages/airflow/example_dags/example_task_group.py
[2025-12-11T23:33:06.013+0000] {logging_mixin.py:188} INFO - [2025-12-11T23:33:06.012+0000] {dag.py:3096} INFO - Sync 1 DAGs
[2025-12-11T23:33:06.080+0000] {logging_mixin.py:188} INFO - [2025-12-11T23:33:06.080+0000] {dag.py:3954} INFO - Setting next_dagrun for example_task_group to 2025-12-10 00:00:00+00:00, run_after=2025-12-11 00:00:00+00:00
[2025-12-11T23:33:06.135+0000] {processor.py:183} INFO - Processing /home/airflow/.local/lib/python3.9/site-packages/airflow/example_dags/example_task_group.py took 0.244 seconds
[2025-12-11T23:33:37.174+0000] {processor.py:161} INFO - Started process (PID=5551) to work on /home/airflow/.local/lib/python3.9/site-packages/airflow/example_dags/example_task_group.py
[2025-12-11T23:33:37.175+0000] {processor.py:830} INFO - Processing file /home/airflow/.local/lib/python3.9/site-packages/airflow/example_dags/example_task_group.py for tasks to queue
[2025-12-11T23:33:37.191+0000] {logging_mixin.py:188} INFO - [2025-12-11T23:33:37.190+0000] {dagbag.py:545} INFO - Filling up the DagBag from /home/airflow/.local/lib/python3.9/site-packages/airflow/example_dags/example_task_group.py
[2025-12-11T23:33:37.211+0000] {processor.py:840} INFO - DAG(s) 'example_task_group' retrieved from /home/airflow/.local/lib/python3.9/site-packages/airflow/example_dags/example_task_group.py
[2025-12-11T23:33:37.292+0000] {logging_mixin.py:188} INFO - [2025-12-11T23:33:37.291+0000] {dag.py:3096} INFO - Sync 1 DAGs
[2025-12-11T23:33:37.396+0000] {logging_mixin.py:188} INFO - [2025-12-11T23:33:37.395+0000] {dag.py:3954} INFO - Setting next_dagrun for example_task_group to 2025-12-10 00:00:00+00:00, run_after=2025-12-11 00:00:00+00:00
[2025-12-11T23:33:37.476+0000] {processor.py:183} INFO - Processing /home/airflow/.local/lib/python3.9/site-packages/airflow/example_dags/example_task_group.py took 0.337 seconds
[2025-12-11T23:34:07.579+0000] {processor.py:161} INFO - Started process (PID=5617) to work on /home/airflow/.local/lib/python3.9/site-packages/airflow/example_dags/example_task_group.py
[2025-12-11T23:34:07.662+0000] {processor.py:830} INFO - Processing file /home/airflow/.local/lib/python3.9/site-packages/airflow/example_dags/example_task_group.py for tasks to queue
[2025-12-11T23:34:07.665+0000] {logging_mixin.py:188} INFO - [2025-12-11T23:34:07.665+0000] {dagbag.py:545} INFO - Filling up the DagBag from /home/airflow/.local/lib/python3.9/site-packages/airflow/example_dags/example_task_group.py
[2025-12-11T23:34:07.679+0000] {processor.py:840} INFO - DAG(s) 'example_task_group' retrieved from /home/airflow/.local/lib/python3.9/site-packages/airflow/example_dags/example_task_group.py
[2025-12-11T23:34:07.779+0000] {logging_mixin.py:188} INFO - [2025-12-11T23:34:07.779+0000] {dag.py:3096} INFO - Sync 1 DAGs
[2025-12-11T23:34:07.870+0000] {logging_mixin.py:188} INFO - [2025-12-11T23:34:07.869+0000] {dag.py:3954} INFO - Setting next_dagrun for example_task_group to 2025-12-10 00:00:00+00:00, run_after=2025-12-11 00:00:00+00:00
[2025-12-11T23:34:07.916+0000] {processor.py:183} INFO - Processing /home/airflow/.local/lib/python3.9/site-packages/airflow/example_dags/example_task_group.py took 0.360 seconds
[2025-12-11T23:34:38.231+0000] {processor.py:161} INFO - Started process (PID=5684) to work on /home/airflow/.local/lib/python3.9/site-packages/airflow/example_dags/example_task_group.py
[2025-12-11T23:34:38.233+0000] {processor.py:830} INFO - Processing file /home/airflow/.local/lib/python3.9/site-packages/airflow/example_dags/example_task_group.py for tasks to queue
[2025-12-11T23:34:38.236+0000] {logging_mixin.py:188} INFO - [2025-12-11T23:34:38.236+0000] {dagbag.py:545} INFO - Filling up the DagBag from /home/airflow/.local/lib/python3.9/site-packages/airflow/example_dags/example_task_group.py
[2025-12-11T23:34:38.272+0000] {processor.py:840} INFO - DAG(s) 'example_task_group' retrieved from /home/airflow/.local/lib/python3.9/site-packages/airflow/example_dags/example_task_group.py
[2025-12-11T23:34:38.373+0000] {logging_mixin.py:188} INFO - [2025-12-11T23:34:38.373+0000] {dag.py:3096} INFO - Sync 1 DAGs
[2025-12-11T23:34:38.479+0000] {logging_mixin.py:188} INFO - [2025-12-11T23:34:38.479+0000] {dag.py:3954} INFO - Setting next_dagrun for example_task_group to 2025-12-10 00:00:00+00:00, run_after=2025-12-11 00:00:00+00:00
[2025-12-11T23:34:38.570+0000] {processor.py:183} INFO - Processing /home/airflow/.local/lib/python3.9/site-packages/airflow/example_dags/example_task_group.py took 0.375 seconds
[2025-12-11T23:35:10.009+0000] {processor.py:161} INFO - Started process (PID=5752) to work on /home/airflow/.local/lib/python3.9/site-packages/airflow/example_dags/example_task_group.py
[2025-12-11T23:35:10.036+0000] {processor.py:830} INFO - Processing file /home/airflow/.local/lib/python3.9/site-packages/airflow/example_dags/example_task_group.py for tasks to queue
[2025-12-11T23:35:10.040+0000] {logging_mixin.py:188} INFO - [2025-12-11T23:35:10.039+0000] {dagbag.py:545} INFO - Filling up the DagBag from /home/airflow/.local/lib/python3.9/site-packages/airflow/example_dags/example_task_group.py
[2025-12-11T23:35:10.073+0000] {processor.py:840} INFO - DAG(s) 'example_task_group' retrieved from /home/airflow/.local/lib/python3.9/site-packages/airflow/example_dags/example_task_group.py
[2025-12-11T23:35:10.175+0000] {logging_mixin.py:188} INFO - [2025-12-11T23:35:10.175+0000] {dag.py:3096} INFO - Sync 1 DAGs
[2025-12-11T23:35:10.274+0000] {logging_mixin.py:188} INFO - [2025-12-11T23:35:10.274+0000] {dag.py:3954} INFO - Setting next_dagrun for example_task_group to 2025-12-10 00:00:00+00:00, run_after=2025-12-11 00:00:00+00:00
[2025-12-11T23:35:10.335+0000] {processor.py:183} INFO - Processing /home/airflow/.local/lib/python3.9/site-packages/airflow/example_dags/example_task_group.py took 0.359 seconds
[2025-12-11T23:35:41.153+0000] {processor.py:161} INFO - Started process (PID=5818) to work on /home/airflow/.local/lib/python3.9/site-packages/airflow/example_dags/example_task_group.py
[2025-12-11T23:35:41.155+0000] {processor.py:830} INFO - Processing file /home/airflow/.local/lib/python3.9/site-packages/airflow/example_dags/example_task_group.py for tasks to queue
[2025-12-11T23:35:41.159+0000] {logging_mixin.py:188} INFO - [2025-12-11T23:35:41.158+0000] {dagbag.py:545} INFO - Filling up the DagBag from /home/airflow/.local/lib/python3.9/site-packages/airflow/example_dags/example_task_group.py
[2025-12-11T23:35:41.193+0000] {processor.py:840} INFO - DAG(s) 'example_task_group' retrieved from /home/airflow/.local/lib/python3.9/site-packages/airflow/example_dags/example_task_group.py
[2025-12-11T23:35:41.295+0000] {logging_mixin.py:188} INFO - [2025-12-11T23:35:41.295+0000] {dag.py:3096} INFO - Sync 1 DAGs
[2025-12-11T23:35:41.492+0000] {logging_mixin.py:188} INFO - [2025-12-11T23:35:41.492+0000] {dag.py:3954} INFO - Setting next_dagrun for example_task_group to 2025-12-10 00:00:00+00:00, run_after=2025-12-11 00:00:00+00:00
[2025-12-11T23:35:41.616+0000] {processor.py:183} INFO - Processing /home/airflow/.local/lib/python3.9/site-packages/airflow/example_dags/example_task_group.py took 0.498 seconds
[2025-12-11T23:36:11.791+0000] {processor.py:161} INFO - Started process (PID=5885) to work on /home/airflow/.local/lib/python3.9/site-packages/airflow/example_dags/example_task_group.py
[2025-12-11T23:36:11.794+0000] {processor.py:830} INFO - Processing file /home/airflow/.local/lib/python3.9/site-packages/airflow/example_dags/example_task_group.py for tasks to queue
[2025-12-11T23:36:11.798+0000] {logging_mixin.py:188} INFO - [2025-12-11T23:36:11.797+0000] {dagbag.py:545} INFO - Filling up the DagBag from /home/airflow/.local/lib/python3.9/site-packages/airflow/example_dags/example_task_group.py
[2025-12-11T23:36:11.818+0000] {processor.py:840} INFO - DAG(s) 'example_task_group' retrieved from /home/airflow/.local/lib/python3.9/site-packages/airflow/example_dags/example_task_group.py
[2025-12-11T23:36:11.936+0000] {logging_mixin.py:188} INFO - [2025-12-11T23:36:11.936+0000] {dag.py:3096} INFO - Sync 1 DAGs
[2025-12-11T23:36:12.052+0000] {logging_mixin.py:188} INFO - [2025-12-11T23:36:12.052+0000] {dag.py:3954} INFO - Setting next_dagrun for example_task_group to 2025-12-10 00:00:00+00:00, run_after=2025-12-11 00:00:00+00:00
[2025-12-11T23:36:12.153+0000] {processor.py:183} INFO - Processing /home/airflow/.local/lib/python3.9/site-packages/airflow/example_dags/example_task_group.py took 0.433 seconds
[2025-12-11T23:36:42.261+0000] {processor.py:161} INFO - Started process (PID=5952) to work on /home/airflow/.local/lib/python3.9/site-packages/airflow/example_dags/example_task_group.py
[2025-12-11T23:36:42.263+0000] {processor.py:830} INFO - Processing file /home/airflow/.local/lib/python3.9/site-packages/airflow/example_dags/example_task_group.py for tasks to queue
[2025-12-11T23:36:42.270+0000] {logging_mixin.py:188} INFO - [2025-12-11T23:36:42.269+0000] {dagbag.py:545} INFO - Filling up the DagBag from /home/airflow/.local/lib/python3.9/site-packages/airflow/example_dags/example_task_group.py
[2025-12-11T23:36:42.282+0000] {processor.py:840} INFO - DAG(s) 'example_task_group' retrieved from /home/airflow/.local/lib/python3.9/site-packages/airflow/example_dags/example_task_group.py
[2025-12-11T23:36:42.352+0000] {logging_mixin.py:188} INFO - [2025-12-11T23:36:42.351+0000] {dag.py:3096} INFO - Sync 1 DAGs
[2025-12-11T23:36:42.409+0000] {logging_mixin.py:188} INFO - [2025-12-11T23:36:42.401+0000] {dag.py:3954} INFO - Setting next_dagrun for example_task_group to 2025-12-10 00:00:00+00:00, run_after=2025-12-11 00:00:00+00:00
[2025-12-11T23:36:42.453+0000] {processor.py:183} INFO - Processing /home/airflow/.local/lib/python3.9/site-packages/airflow/example_dags/example_task_group.py took 0.203 seconds
[2025-12-11T23:37:12.620+0000] {processor.py:161} INFO - Started process (PID=6019) to work on /home/airflow/.local/lib/python3.9/site-packages/airflow/example_dags/example_task_group.py
[2025-12-11T23:37:12.621+0000] {processor.py:830} INFO - Processing file /home/airflow/.local/lib/python3.9/site-packages/airflow/example_dags/example_task_group.py for tasks to queue
[2025-12-11T23:37:12.631+0000] {logging_mixin.py:188} INFO - [2025-12-11T23:37:12.631+0000] {dagbag.py:545} INFO - Filling up the DagBag from /home/airflow/.local/lib/python3.9/site-packages/airflow/example_dags/example_task_group.py
[2025-12-11T23:37:12.642+0000] {processor.py:840} INFO - DAG(s) 'example_task_group' retrieved from /home/airflow/.local/lib/python3.9/site-packages/airflow/example_dags/example_task_group.py
[2025-12-11T23:37:12.695+0000] {logging_mixin.py:188} INFO - [2025-12-11T23:37:12.695+0000] {dag.py:3096} INFO - Sync 1 DAGs
[2025-12-11T23:37:12.744+0000] {logging_mixin.py:188} INFO - [2025-12-11T23:37:12.744+0000] {dag.py:3954} INFO - Setting next_dagrun for example_task_group to 2025-12-10 00:00:00+00:00, run_after=2025-12-11 00:00:00+00:00
[2025-12-11T23:37:12.777+0000] {processor.py:183} INFO - Processing /home/airflow/.local/lib/python3.9/site-packages/airflow/example_dags/example_task_group.py took 0.168 seconds
[2025-12-11T23:37:42.879+0000] {processor.py:161} INFO - Started process (PID=6086) to work on /home/airflow/.local/lib/python3.9/site-packages/airflow/example_dags/example_task_group.py
[2025-12-11T23:37:42.882+0000] {processor.py:830} INFO - Processing file /home/airflow/.local/lib/python3.9/site-packages/airflow/example_dags/example_task_group.py for tasks to queue
[2025-12-11T23:37:42.892+0000] {logging_mixin.py:188} INFO - [2025-12-11T23:37:42.891+0000] {dagbag.py:545} INFO - Filling up the DagBag from /home/airflow/.local/lib/python3.9/site-packages/airflow/example_dags/example_task_group.py
[2025-12-11T23:37:42.915+0000] {processor.py:840} INFO - DAG(s) 'example_task_group' retrieved from /home/airflow/.local/lib/python3.9/site-packages/airflow/example_dags/example_task_group.py
[2025-12-11T23:37:42.997+0000] {logging_mixin.py:188} INFO - [2025-12-11T23:37:42.996+0000] {dag.py:3096} INFO - Sync 1 DAGs
[2025-12-11T23:37:43.091+0000] {logging_mixin.py:188} INFO - [2025-12-11T23:37:43.091+0000] {dag.py:3954} INFO - Setting next_dagrun for example_task_group to 2025-12-10 00:00:00+00:00, run_after=2025-12-11 00:00:00+00:00
[2025-12-11T23:37:43.165+0000] {processor.py:183} INFO - Processing /home/airflow/.local/lib/python3.9/site-packages/airflow/example_dags/example_task_group.py took 0.313 seconds
[2025-12-11T23:38:13.479+0000] {processor.py:161} INFO - Started process (PID=6153) to work on /home/airflow/.local/lib/python3.9/site-packages/airflow/example_dags/example_task_group.py
[2025-12-11T23:38:13.575+0000] {processor.py:830} INFO - Processing file /home/airflow/.local/lib/python3.9/site-packages/airflow/example_dags/example_task_group.py for tasks to queue
[2025-12-11T23:38:13.619+0000] {logging_mixin.py:188} INFO - [2025-12-11T23:38:13.618+0000] {dagbag.py:545} INFO - Filling up the DagBag from /home/airflow/.local/lib/python3.9/site-packages/airflow/example_dags/example_task_group.py
[2025-12-11T23:38:13.635+0000] {processor.py:840} INFO - DAG(s) 'example_task_group' retrieved from /home/airflow/.local/lib/python3.9/site-packages/airflow/example_dags/example_task_group.py
[2025-12-11T23:38:13.740+0000] {logging_mixin.py:188} INFO - [2025-12-11T23:38:13.739+0000] {dag.py:3096} INFO - Sync 1 DAGs
[2025-12-11T23:38:13.836+0000] {logging_mixin.py:188} INFO - [2025-12-11T23:38:13.835+0000] {dag.py:3954} INFO - Setting next_dagrun for example_task_group to 2025-12-10 00:00:00+00:00, run_after=2025-12-11 00:00:00+00:00
[2025-12-11T23:38:13.952+0000] {processor.py:183} INFO - Processing /home/airflow/.local/lib/python3.9/site-packages/airflow/example_dags/example_task_group.py took 0.500 seconds
[2025-12-11T23:38:45.093+0000] {processor.py:161} INFO - Started process (PID=6220) to work on /home/airflow/.local/lib/python3.9/site-packages/airflow/example_dags/example_task_group.py
[2025-12-11T23:38:45.202+0000] {processor.py:830} INFO - Processing file /home/airflow/.local/lib/python3.9/site-packages/airflow/example_dags/example_task_group.py for tasks to queue
[2025-12-11T23:38:45.212+0000] {logging_mixin.py:188} INFO - [2025-12-11T23:38:45.211+0000] {dagbag.py:545} INFO - Filling up the DagBag from /home/airflow/.local/lib/python3.9/site-packages/airflow/example_dags/example_task_group.py
[2025-12-11T23:38:45.234+0000] {processor.py:840} INFO - DAG(s) 'example_task_group' retrieved from /home/airflow/.local/lib/python3.9/site-packages/airflow/example_dags/example_task_group.py
[2025-12-11T23:38:45.373+0000] {logging_mixin.py:188} INFO - [2025-12-11T23:38:45.373+0000] {dag.py:3096} INFO - Sync 1 DAGs
[2025-12-11T23:38:45.493+0000] {logging_mixin.py:188} INFO - [2025-12-11T23:38:45.492+0000] {dag.py:3954} INFO - Setting next_dagrun for example_task_group to 2025-12-10 00:00:00+00:00, run_after=2025-12-11 00:00:00+00:00
[2025-12-11T23:38:45.574+0000] {processor.py:183} INFO - Processing /home/airflow/.local/lib/python3.9/site-packages/airflow/example_dags/example_task_group.py took 0.499 seconds
[2025-12-11T23:39:16.739+0000] {processor.py:161} INFO - Started process (PID=6287) to work on /home/airflow/.local/lib/python3.9/site-packages/airflow/example_dags/example_task_group.py
[2025-12-11T23:39:16.791+0000] {processor.py:830} INFO - Processing file /home/airflow/.local/lib/python3.9/site-packages/airflow/example_dags/example_task_group.py for tasks to queue
[2025-12-11T23:39:16.794+0000] {logging_mixin.py:188} INFO - [2025-12-11T23:39:16.794+0000] {dagbag.py:545} INFO - Filling up the DagBag from /home/airflow/.local/lib/python3.9/site-packages/airflow/example_dags/example_task_group.py
[2025-12-11T23:39:16.810+0000] {processor.py:840} INFO - DAG(s) 'example_task_group' retrieved from /home/airflow/.local/lib/python3.9/site-packages/airflow/example_dags/example_task_group.py
[2025-12-11T23:39:16.872+0000] {logging_mixin.py:188} INFO - [2025-12-11T23:39:16.871+0000] {dag.py:3096} INFO - Sync 1 DAGs
[2025-12-11T23:39:16.921+0000] {logging_mixin.py:188} INFO - [2025-12-11T23:39:16.920+0000] {dag.py:3954} INFO - Setting next_dagrun for example_task_group to 2025-12-10 00:00:00+00:00, run_after=2025-12-11 00:00:00+00:00
[2025-12-11T23:39:17.169+0000] {processor.py:183} INFO - Processing /home/airflow/.local/lib/python3.9/site-packages/airflow/example_dags/example_task_group.py took 0.453 seconds
[2025-12-11T23:39:47.536+0000] {processor.py:161} INFO - Started process (PID=6354) to work on /home/airflow/.local/lib/python3.9/site-packages/airflow/example_dags/example_task_group.py
[2025-12-11T23:39:47.542+0000] {processor.py:830} INFO - Processing file /home/airflow/.local/lib/python3.9/site-packages/airflow/example_dags/example_task_group.py for tasks to queue
[2025-12-11T23:39:47.545+0000] {logging_mixin.py:188} INFO - [2025-12-11T23:39:47.545+0000] {dagbag.py:545} INFO - Filling up the DagBag from /home/airflow/.local/lib/python3.9/site-packages/airflow/example_dags/example_task_group.py
[2025-12-11T23:39:47.559+0000] {processor.py:840} INFO - DAG(s) 'example_task_group' retrieved from /home/airflow/.local/lib/python3.9/site-packages/airflow/example_dags/example_task_group.py
[2025-12-11T23:39:47.612+0000] {logging_mixin.py:188} INFO - [2025-12-11T23:39:47.612+0000] {dag.py:3096} INFO - Sync 1 DAGs
[2025-12-11T23:39:47.651+0000] {logging_mixin.py:188} INFO - [2025-12-11T23:39:47.651+0000] {dag.py:3954} INFO - Setting next_dagrun for example_task_group to 2025-12-10 00:00:00+00:00, run_after=2025-12-11 00:00:00+00:00
[2025-12-11T23:39:47.679+0000] {processor.py:183} INFO - Processing /home/airflow/.local/lib/python3.9/site-packages/airflow/example_dags/example_task_group.py took 0.154 seconds
[2025-12-11T23:40:17.779+0000] {processor.py:161} INFO - Started process (PID=6421) to work on /home/airflow/.local/lib/python3.9/site-packages/airflow/example_dags/example_task_group.py
[2025-12-11T23:40:17.845+0000] {processor.py:830} INFO - Processing file /home/airflow/.local/lib/python3.9/site-packages/airflow/example_dags/example_task_group.py for tasks to queue
[2025-12-11T23:40:17.849+0000] {logging_mixin.py:188} INFO - [2025-12-11T23:40:17.848+0000] {dagbag.py:545} INFO - Filling up the DagBag from /home/airflow/.local/lib/python3.9/site-packages/airflow/example_dags/example_task_group.py
[2025-12-11T23:40:17.870+0000] {processor.py:840} INFO - DAG(s) 'example_task_group' retrieved from /home/airflow/.local/lib/python3.9/site-packages/airflow/example_dags/example_task_group.py
[2025-12-11T23:40:17.913+0000] {logging_mixin.py:188} INFO - [2025-12-11T23:40:17.913+0000] {dag.py:3096} INFO - Sync 1 DAGs
[2025-12-11T23:40:17.951+0000] {logging_mixin.py:188} INFO - [2025-12-11T23:40:17.951+0000] {dag.py:3954} INFO - Setting next_dagrun for example_task_group to 2025-12-10 00:00:00+00:00, run_after=2025-12-11 00:00:00+00:00
[2025-12-11T23:40:17.977+0000] {processor.py:183} INFO - Processing /home/airflow/.local/lib/python3.9/site-packages/airflow/example_dags/example_task_group.py took 0.217 seconds
[2025-12-11T23:40:48.841+0000] {processor.py:161} INFO - Started process (PID=6488) to work on /home/airflow/.local/lib/python3.9/site-packages/airflow/example_dags/example_task_group.py
[2025-12-11T23:40:48.846+0000] {processor.py:830} INFO - Processing file /home/airflow/.local/lib/python3.9/site-packages/airflow/example_dags/example_task_group.py for tasks to queue
[2025-12-11T23:40:48.849+0000] {logging_mixin.py:188} INFO - [2025-12-11T23:40:48.849+0000] {dagbag.py:545} INFO - Filling up the DagBag from /home/airflow/.local/lib/python3.9/site-packages/airflow/example_dags/example_task_group.py
[2025-12-11T23:40:48.864+0000] {processor.py:840} INFO - DAG(s) 'example_task_group' retrieved from /home/airflow/.local/lib/python3.9/site-packages/airflow/example_dags/example_task_group.py
[2025-12-11T23:40:48.919+0000] {logging_mixin.py:188} INFO - [2025-12-11T23:40:48.918+0000] {dag.py:3096} INFO - Sync 1 DAGs
[2025-12-11T23:40:48.971+0000] {logging_mixin.py:188} INFO - [2025-12-11T23:40:48.971+0000] {dag.py:3954} INFO - Setting next_dagrun for example_task_group to 2025-12-10 00:00:00+00:00, run_after=2025-12-11 00:00:00+00:00
[2025-12-11T23:40:49.011+0000] {processor.py:183} INFO - Processing /home/airflow/.local/lib/python3.9/site-packages/airflow/example_dags/example_task_group.py took 0.183 seconds
[2025-12-11T23:41:19.241+0000] {processor.py:161} INFO - Started process (PID=6555) to work on /home/airflow/.local/lib/python3.9/site-packages/airflow/example_dags/example_task_group.py
[2025-12-11T23:41:19.343+0000] {processor.py:830} INFO - Processing file /home/airflow/.local/lib/python3.9/site-packages/airflow/example_dags/example_task_group.py for tasks to queue
[2025-12-11T23:41:19.346+0000] {logging_mixin.py:188} INFO - [2025-12-11T23:41:19.346+0000] {dagbag.py:545} INFO - Filling up the DagBag from /home/airflow/.local/lib/python3.9/site-packages/airflow/example_dags/example_task_group.py
[2025-12-11T23:41:19.357+0000] {processor.py:840} INFO - DAG(s) 'example_task_group' retrieved from /home/airflow/.local/lib/python3.9/site-packages/airflow/example_dags/example_task_group.py
[2025-12-11T23:41:19.390+0000] {logging_mixin.py:188} INFO - [2025-12-11T23:41:19.390+0000] {dag.py:3096} INFO - Sync 1 DAGs
[2025-12-11T23:41:19.424+0000] {logging_mixin.py:188} INFO - [2025-12-11T23:41:19.424+0000] {dag.py:3954} INFO - Setting next_dagrun for example_task_group to 2025-12-10 00:00:00+00:00, run_after=2025-12-11 00:00:00+00:00
[2025-12-11T23:41:19.507+0000] {processor.py:183} INFO - Processing /home/airflow/.local/lib/python3.9/site-packages/airflow/example_dags/example_task_group.py took 0.274 seconds
[2025-12-11T23:41:49.560+0000] {processor.py:161} INFO - Started process (PID=6621) to work on /home/airflow/.local/lib/python3.9/site-packages/airflow/example_dags/example_task_group.py
[2025-12-11T23:41:49.562+0000] {processor.py:830} INFO - Processing file /home/airflow/.local/lib/python3.9/site-packages/airflow/example_dags/example_task_group.py for tasks to queue
[2025-12-11T23:41:49.564+0000] {logging_mixin.py:188} INFO - [2025-12-11T23:41:49.564+0000] {dagbag.py:545} INFO - Filling up the DagBag from /home/airflow/.local/lib/python3.9/site-packages/airflow/example_dags/example_task_group.py
[2025-12-11T23:41:49.578+0000] {processor.py:840} INFO - DAG(s) 'example_task_group' retrieved from /home/airflow/.local/lib/python3.9/site-packages/airflow/example_dags/example_task_group.py
[2025-12-11T23:41:49.616+0000] {logging_mixin.py:188} INFO - [2025-12-11T23:41:49.616+0000] {dag.py:3096} INFO - Sync 1 DAGs
[2025-12-11T23:41:49.654+0000] {logging_mixin.py:188} INFO - [2025-12-11T23:41:49.654+0000] {dag.py:3954} INFO - Setting next_dagrun for example_task_group to 2025-12-10 00:00:00+00:00, run_after=2025-12-11 00:00:00+00:00
[2025-12-11T23:41:49.685+0000] {processor.py:183} INFO - Processing /home/airflow/.local/lib/python3.9/site-packages/airflow/example_dags/example_task_group.py took 0.137 seconds
[2025-12-11T23:42:19.844+0000] {processor.py:161} INFO - Started process (PID=6689) to work on /home/airflow/.local/lib/python3.9/site-packages/airflow/example_dags/example_task_group.py
[2025-12-11T23:42:19.854+0000] {processor.py:830} INFO - Processing file /home/airflow/.local/lib/python3.9/site-packages/airflow/example_dags/example_task_group.py for tasks to queue
[2025-12-11T23:42:19.856+0000] {logging_mixin.py:188} INFO - [2025-12-11T23:42:19.856+0000] {dagbag.py:545} INFO - Filling up the DagBag from /home/airflow/.local/lib/python3.9/site-packages/airflow/example_dags/example_task_group.py
[2025-12-11T23:42:19.867+0000] {processor.py:840} INFO - DAG(s) 'example_task_group' retrieved from /home/airflow/.local/lib/python3.9/site-packages/airflow/example_dags/example_task_group.py
[2025-12-11T23:42:19.903+0000] {logging_mixin.py:188} INFO - [2025-12-11T23:42:19.902+0000] {dag.py:3096} INFO - Sync 1 DAGs
[2025-12-11T23:42:19.973+0000] {logging_mixin.py:188} INFO - [2025-12-11T23:42:19.973+0000] {dag.py:3954} INFO - Setting next_dagrun for example_task_group to 2025-12-10 00:00:00+00:00, run_after=2025-12-11 00:00:00+00:00
[2025-12-11T23:42:20.002+0000] {processor.py:183} INFO - Processing /home/airflow/.local/lib/python3.9/site-packages/airflow/example_dags/example_task_group.py took 0.168 seconds
