[2025-12-11T22:52:22.574+0000] {processor.py:161} INFO - Started process (PID=126) to work on /home/airflow/.local/lib/python3.9/site-packages/airflow/example_dags/example_dynamic_task_mapping.py
[2025-12-11T22:52:22.590+0000] {processor.py:830} INFO - Processing file /home/airflow/.local/lib/python3.9/site-packages/airflow/example_dags/example_dynamic_task_mapping.py for tasks to queue
[2025-12-11T22:52:22.593+0000] {logging_mixin.py:188} INFO - [2025-12-11T22:52:22.593+0000] {dagbag.py:545} INFO - Filling up the DagBag from /home/airflow/.local/lib/python3.9/site-packages/airflow/example_dags/example_dynamic_task_mapping.py
[2025-12-11T22:52:22.635+0000] {processor.py:840} INFO - DAG(s) 'example_dynamic_task_mapping' retrieved from /home/airflow/.local/lib/python3.9/site-packages/airflow/example_dags/example_dynamic_task_mapping.py
[2025-12-11T22:52:23.711+0000] {logging_mixin.py:188} INFO - [2025-12-11T22:52:23.710+0000] {dag.py:3096} INFO - Sync 1 DAGs
[2025-12-11T22:52:23.992+0000] {logging_mixin.py:188} INFO - [2025-12-11T22:52:23.991+0000] {dag.py:3954} INFO - Setting next_dagrun for example_dynamic_task_mapping to 2022-03-04 00:00:00+00:00, run_after=2022-03-05 00:00:00+00:00
[2025-12-11T22:52:24.153+0000] {processor.py:183} INFO - Processing /home/airflow/.local/lib/python3.9/site-packages/airflow/example_dags/example_dynamic_task_mapping.py took 1.618 seconds
[2025-12-11T22:52:58.593+0000] {processor.py:161} INFO - Started process (PID=192) to work on /home/airflow/.local/lib/python3.9/site-packages/airflow/example_dags/example_dynamic_task_mapping.py
[2025-12-11T22:52:58.595+0000] {processor.py:830} INFO - Processing file /home/airflow/.local/lib/python3.9/site-packages/airflow/example_dags/example_dynamic_task_mapping.py for tasks to queue
[2025-12-11T22:52:58.612+0000] {logging_mixin.py:188} INFO - [2025-12-11T22:52:58.611+0000] {dagbag.py:545} INFO - Filling up the DagBag from /home/airflow/.local/lib/python3.9/site-packages/airflow/example_dags/example_dynamic_task_mapping.py
[2025-12-11T22:52:58.653+0000] {processor.py:840} INFO - DAG(s) 'example_dynamic_task_mapping' retrieved from /home/airflow/.local/lib/python3.9/site-packages/airflow/example_dags/example_dynamic_task_mapping.py
[2025-12-11T22:52:58.850+0000] {logging_mixin.py:188} INFO - [2025-12-11T22:52:58.830+0000] {dag.py:3096} INFO - Sync 1 DAGs
[2025-12-11T22:52:59.053+0000] {logging_mixin.py:188} INFO - [2025-12-11T22:52:59.053+0000] {dag.py:3954} INFO - Setting next_dagrun for example_dynamic_task_mapping to 2022-03-04 00:00:00+00:00, run_after=2022-03-05 00:00:00+00:00
[2025-12-11T22:52:59.350+0000] {processor.py:183} INFO - Processing /home/airflow/.local/lib/python3.9/site-packages/airflow/example_dags/example_dynamic_task_mapping.py took 0.797 seconds
[2025-12-11T22:53:30.195+0000] {processor.py:161} INFO - Started process (PID=258) to work on /home/airflow/.local/lib/python3.9/site-packages/airflow/example_dags/example_dynamic_task_mapping.py
[2025-12-11T22:53:30.249+0000] {processor.py:830} INFO - Processing file /home/airflow/.local/lib/python3.9/site-packages/airflow/example_dags/example_dynamic_task_mapping.py for tasks to queue
[2025-12-11T22:53:30.253+0000] {logging_mixin.py:188} INFO - [2025-12-11T22:53:30.253+0000] {dagbag.py:545} INFO - Filling up the DagBag from /home/airflow/.local/lib/python3.9/site-packages/airflow/example_dags/example_dynamic_task_mapping.py
[2025-12-11T22:53:30.275+0000] {processor.py:840} INFO - DAG(s) 'example_dynamic_task_mapping' retrieved from /home/airflow/.local/lib/python3.9/site-packages/airflow/example_dags/example_dynamic_task_mapping.py
[2025-12-11T22:53:30.695+0000] {logging_mixin.py:188} INFO - [2025-12-11T22:53:30.694+0000] {dag.py:3096} INFO - Sync 1 DAGs
[2025-12-11T22:53:30.790+0000] {logging_mixin.py:188} INFO - [2025-12-11T22:53:30.790+0000] {dag.py:3954} INFO - Setting next_dagrun for example_dynamic_task_mapping to 2022-03-04 00:00:00+00:00, run_after=2022-03-05 00:00:00+00:00
[2025-12-11T22:53:30.912+0000] {processor.py:183} INFO - Processing /home/airflow/.local/lib/python3.9/site-packages/airflow/example_dags/example_dynamic_task_mapping.py took 0.735 seconds
[2025-12-11T22:54:01.171+0000] {processor.py:161} INFO - Started process (PID=317) to work on /home/airflow/.local/lib/python3.9/site-packages/airflow/example_dags/example_dynamic_task_mapping.py
[2025-12-11T22:54:01.266+0000] {processor.py:830} INFO - Processing file /home/airflow/.local/lib/python3.9/site-packages/airflow/example_dags/example_dynamic_task_mapping.py for tasks to queue
[2025-12-11T22:54:01.280+0000] {logging_mixin.py:188} INFO - [2025-12-11T22:54:01.279+0000] {dagbag.py:545} INFO - Filling up the DagBag from /home/airflow/.local/lib/python3.9/site-packages/airflow/example_dags/example_dynamic_task_mapping.py
[2025-12-11T22:54:01.291+0000] {processor.py:840} INFO - DAG(s) 'example_dynamic_task_mapping' retrieved from /home/airflow/.local/lib/python3.9/site-packages/airflow/example_dags/example_dynamic_task_mapping.py
[2025-12-11T22:54:01.351+0000] {logging_mixin.py:188} INFO - [2025-12-11T22:54:01.350+0000] {dag.py:3096} INFO - Sync 1 DAGs
[2025-12-11T22:54:01.415+0000] {logging_mixin.py:188} INFO - [2025-12-11T22:54:01.414+0000] {dag.py:3954} INFO - Setting next_dagrun for example_dynamic_task_mapping to 2022-03-04 00:00:00+00:00, run_after=2022-03-05 00:00:00+00:00
[2025-12-11T22:54:01.453+0000] {processor.py:183} INFO - Processing /home/airflow/.local/lib/python3.9/site-packages/airflow/example_dags/example_dynamic_task_mapping.py took 0.300 seconds
[2025-12-11T22:54:32.059+0000] {processor.py:161} INFO - Started process (PID=383) to work on /home/airflow/.local/lib/python3.9/site-packages/airflow/example_dags/example_dynamic_task_mapping.py
[2025-12-11T22:54:32.071+0000] {processor.py:830} INFO - Processing file /home/airflow/.local/lib/python3.9/site-packages/airflow/example_dags/example_dynamic_task_mapping.py for tasks to queue
[2025-12-11T22:54:32.075+0000] {logging_mixin.py:188} INFO - [2025-12-11T22:54:32.074+0000] {dagbag.py:545} INFO - Filling up the DagBag from /home/airflow/.local/lib/python3.9/site-packages/airflow/example_dags/example_dynamic_task_mapping.py
[2025-12-11T22:54:32.111+0000] {processor.py:840} INFO - DAG(s) 'example_dynamic_task_mapping' retrieved from /home/airflow/.local/lib/python3.9/site-packages/airflow/example_dags/example_dynamic_task_mapping.py
[2025-12-11T22:54:32.209+0000] {logging_mixin.py:188} INFO - [2025-12-11T22:54:32.200+0000] {dag.py:3096} INFO - Sync 1 DAGs
[2025-12-11T22:54:32.330+0000] {logging_mixin.py:188} INFO - [2025-12-11T22:54:32.330+0000] {dag.py:3954} INFO - Setting next_dagrun for example_dynamic_task_mapping to 2022-03-04 00:00:00+00:00, run_after=2022-03-05 00:00:00+00:00
[2025-12-11T22:54:32.473+0000] {processor.py:183} INFO - Processing /home/airflow/.local/lib/python3.9/site-packages/airflow/example_dags/example_dynamic_task_mapping.py took 0.439 seconds
[2025-12-11T22:55:03.109+0000] {processor.py:161} INFO - Started process (PID=449) to work on /home/airflow/.local/lib/python3.9/site-packages/airflow/example_dags/example_dynamic_task_mapping.py
[2025-12-11T22:55:03.111+0000] {processor.py:830} INFO - Processing file /home/airflow/.local/lib/python3.9/site-packages/airflow/example_dags/example_dynamic_task_mapping.py for tasks to queue
[2025-12-11T22:55:03.115+0000] {logging_mixin.py:188} INFO - [2025-12-11T22:55:03.114+0000] {dagbag.py:545} INFO - Filling up the DagBag from /home/airflow/.local/lib/python3.9/site-packages/airflow/example_dags/example_dynamic_task_mapping.py
[2025-12-11T22:55:03.151+0000] {processor.py:840} INFO - DAG(s) 'example_dynamic_task_mapping' retrieved from /home/airflow/.local/lib/python3.9/site-packages/airflow/example_dags/example_dynamic_task_mapping.py
[2025-12-11T22:55:03.235+0000] {logging_mixin.py:188} INFO - [2025-12-11T22:55:03.234+0000] {dag.py:3096} INFO - Sync 1 DAGs
[2025-12-11T22:55:03.338+0000] {logging_mixin.py:188} INFO - [2025-12-11T22:55:03.337+0000] {dag.py:3954} INFO - Setting next_dagrun for example_dynamic_task_mapping to 2022-03-04 00:00:00+00:00, run_after=2022-03-05 00:00:00+00:00
[2025-12-11T22:55:03.457+0000] {processor.py:183} INFO - Processing /home/airflow/.local/lib/python3.9/site-packages/airflow/example_dags/example_dynamic_task_mapping.py took 0.386 seconds
[2025-12-11T22:55:33.992+0000] {processor.py:161} INFO - Started process (PID=508) to work on /home/airflow/.local/lib/python3.9/site-packages/airflow/example_dags/example_dynamic_task_mapping.py
[2025-12-11T22:55:33.994+0000] {processor.py:830} INFO - Processing file /home/airflow/.local/lib/python3.9/site-packages/airflow/example_dags/example_dynamic_task_mapping.py for tasks to queue
[2025-12-11T22:55:33.996+0000] {logging_mixin.py:188} INFO - [2025-12-11T22:55:33.996+0000] {dagbag.py:545} INFO - Filling up the DagBag from /home/airflow/.local/lib/python3.9/site-packages/airflow/example_dags/example_dynamic_task_mapping.py
[2025-12-11T22:55:34.015+0000] {processor.py:840} INFO - DAG(s) 'example_dynamic_task_mapping' retrieved from /home/airflow/.local/lib/python3.9/site-packages/airflow/example_dags/example_dynamic_task_mapping.py
[2025-12-11T22:55:34.111+0000] {logging_mixin.py:188} INFO - [2025-12-11T22:55:34.110+0000] {dag.py:3096} INFO - Sync 1 DAGs
[2025-12-11T22:55:34.251+0000] {logging_mixin.py:188} INFO - [2025-12-11T22:55:34.250+0000] {dag.py:3954} INFO - Setting next_dagrun for example_dynamic_task_mapping to 2022-03-04 00:00:00+00:00, run_after=2022-03-05 00:00:00+00:00
[2025-12-11T22:55:34.334+0000] {processor.py:183} INFO - Processing /home/airflow/.local/lib/python3.9/site-packages/airflow/example_dags/example_dynamic_task_mapping.py took 0.359 seconds
[2025-12-11T22:56:04.701+0000] {processor.py:161} INFO - Started process (PID=574) to work on /home/airflow/.local/lib/python3.9/site-packages/airflow/example_dags/example_dynamic_task_mapping.py
[2025-12-11T22:56:04.702+0000] {processor.py:830} INFO - Processing file /home/airflow/.local/lib/python3.9/site-packages/airflow/example_dags/example_dynamic_task_mapping.py for tasks to queue
[2025-12-11T22:56:04.712+0000] {logging_mixin.py:188} INFO - [2025-12-11T22:56:04.711+0000] {dagbag.py:545} INFO - Filling up the DagBag from /home/airflow/.local/lib/python3.9/site-packages/airflow/example_dags/example_dynamic_task_mapping.py
[2025-12-11T22:56:04.732+0000] {processor.py:840} INFO - DAG(s) 'example_dynamic_task_mapping' retrieved from /home/airflow/.local/lib/python3.9/site-packages/airflow/example_dags/example_dynamic_task_mapping.py
[2025-12-11T22:56:04.810+0000] {logging_mixin.py:188} INFO - [2025-12-11T22:56:04.810+0000] {dag.py:3096} INFO - Sync 1 DAGs
[2025-12-11T22:56:04.870+0000] {logging_mixin.py:188} INFO - [2025-12-11T22:56:04.869+0000] {dag.py:3954} INFO - Setting next_dagrun for example_dynamic_task_mapping to 2022-03-04 00:00:00+00:00, run_after=2022-03-05 00:00:00+00:00
[2025-12-11T22:56:04.913+0000] {processor.py:183} INFO - Processing /home/airflow/.local/lib/python3.9/site-packages/airflow/example_dags/example_dynamic_task_mapping.py took 0.224 seconds
[2025-12-11T22:56:35.752+0000] {processor.py:161} INFO - Started process (PID=647) to work on /home/airflow/.local/lib/python3.9/site-packages/airflow/example_dags/example_dynamic_task_mapping.py
[2025-12-11T22:56:35.821+0000] {processor.py:830} INFO - Processing file /home/airflow/.local/lib/python3.9/site-packages/airflow/example_dags/example_dynamic_task_mapping.py for tasks to queue
[2025-12-11T22:56:35.824+0000] {logging_mixin.py:188} INFO - [2025-12-11T22:56:35.824+0000] {dagbag.py:545} INFO - Filling up the DagBag from /home/airflow/.local/lib/python3.9/site-packages/airflow/example_dags/example_dynamic_task_mapping.py
[2025-12-11T22:56:35.834+0000] {processor.py:840} INFO - DAG(s) 'example_dynamic_task_mapping' retrieved from /home/airflow/.local/lib/python3.9/site-packages/airflow/example_dags/example_dynamic_task_mapping.py
[2025-12-11T22:56:35.866+0000] {logging_mixin.py:188} INFO - [2025-12-11T22:56:35.866+0000] {dag.py:3096} INFO - Sync 1 DAGs
[2025-12-11T22:56:35.900+0000] {logging_mixin.py:188} INFO - [2025-12-11T22:56:35.899+0000] {dag.py:3954} INFO - Setting next_dagrun for example_dynamic_task_mapping to 2022-03-04 00:00:00+00:00, run_after=2022-03-05 00:00:00+00:00
[2025-12-11T22:56:35.979+0000] {processor.py:183} INFO - Processing /home/airflow/.local/lib/python3.9/site-packages/airflow/example_dags/example_dynamic_task_mapping.py took 0.243 seconds
[2025-12-11T22:57:06.250+0000] {processor.py:161} INFO - Started process (PID=713) to work on /home/airflow/.local/lib/python3.9/site-packages/airflow/example_dags/example_dynamic_task_mapping.py
[2025-12-11T22:57:06.251+0000] {processor.py:830} INFO - Processing file /home/airflow/.local/lib/python3.9/site-packages/airflow/example_dags/example_dynamic_task_mapping.py for tasks to queue
[2025-12-11T22:57:06.254+0000] {logging_mixin.py:188} INFO - [2025-12-11T22:57:06.254+0000] {dagbag.py:545} INFO - Filling up the DagBag from /home/airflow/.local/lib/python3.9/site-packages/airflow/example_dags/example_dynamic_task_mapping.py
[2025-12-11T22:57:06.275+0000] {processor.py:840} INFO - DAG(s) 'example_dynamic_task_mapping' retrieved from /home/airflow/.local/lib/python3.9/site-packages/airflow/example_dags/example_dynamic_task_mapping.py
[2025-12-11T22:57:06.334+0000] {logging_mixin.py:188} INFO - [2025-12-11T22:57:06.334+0000] {dag.py:3096} INFO - Sync 1 DAGs
[2025-12-11T22:57:06.372+0000] {logging_mixin.py:188} INFO - [2025-12-11T22:57:06.372+0000] {dag.py:3954} INFO - Setting next_dagrun for example_dynamic_task_mapping to 2022-03-04 00:00:00+00:00, run_after=2022-03-05 00:00:00+00:00
[2025-12-11T22:57:06.400+0000] {processor.py:183} INFO - Processing /home/airflow/.local/lib/python3.9/site-packages/airflow/example_dags/example_dynamic_task_mapping.py took 0.171 seconds
[2025-12-11T22:57:37.222+0000] {processor.py:161} INFO - Started process (PID=779) to work on /home/airflow/.local/lib/python3.9/site-packages/airflow/example_dags/example_dynamic_task_mapping.py
[2025-12-11T22:57:37.230+0000] {processor.py:830} INFO - Processing file /home/airflow/.local/lib/python3.9/site-packages/airflow/example_dags/example_dynamic_task_mapping.py for tasks to queue
[2025-12-11T22:57:37.233+0000] {logging_mixin.py:188} INFO - [2025-12-11T22:57:37.232+0000] {dagbag.py:545} INFO - Filling up the DagBag from /home/airflow/.local/lib/python3.9/site-packages/airflow/example_dags/example_dynamic_task_mapping.py
[2025-12-11T22:57:37.251+0000] {processor.py:840} INFO - DAG(s) 'example_dynamic_task_mapping' retrieved from /home/airflow/.local/lib/python3.9/site-packages/airflow/example_dags/example_dynamic_task_mapping.py
[2025-12-11T22:57:37.313+0000] {logging_mixin.py:188} INFO - [2025-12-11T22:57:37.313+0000] {dag.py:3096} INFO - Sync 1 DAGs
[2025-12-11T22:57:37.375+0000] {logging_mixin.py:188} INFO - [2025-12-11T22:57:37.374+0000] {dag.py:3954} INFO - Setting next_dagrun for example_dynamic_task_mapping to 2022-03-04 00:00:00+00:00, run_after=2022-03-05 00:00:00+00:00
[2025-12-11T22:57:37.420+0000] {processor.py:183} INFO - Processing /home/airflow/.local/lib/python3.9/site-packages/airflow/example_dags/example_dynamic_task_mapping.py took 0.208 seconds
[2025-12-11T22:58:07.831+0000] {processor.py:161} INFO - Started process (PID=845) to work on /home/airflow/.local/lib/python3.9/site-packages/airflow/example_dags/example_dynamic_task_mapping.py
[2025-12-11T22:58:07.833+0000] {processor.py:830} INFO - Processing file /home/airflow/.local/lib/python3.9/site-packages/airflow/example_dags/example_dynamic_task_mapping.py for tasks to queue
[2025-12-11T22:58:07.835+0000] {logging_mixin.py:188} INFO - [2025-12-11T22:58:07.835+0000] {dagbag.py:545} INFO - Filling up the DagBag from /home/airflow/.local/lib/python3.9/site-packages/airflow/example_dags/example_dynamic_task_mapping.py
[2025-12-11T22:58:07.849+0000] {processor.py:840} INFO - DAG(s) 'example_dynamic_task_mapping' retrieved from /home/airflow/.local/lib/python3.9/site-packages/airflow/example_dags/example_dynamic_task_mapping.py
[2025-12-11T22:58:07.885+0000] {logging_mixin.py:188} INFO - [2025-12-11T22:58:07.885+0000] {dag.py:3096} INFO - Sync 1 DAGs
[2025-12-11T22:58:07.925+0000] {logging_mixin.py:188} INFO - [2025-12-11T22:58:07.924+0000] {dag.py:3954} INFO - Setting next_dagrun for example_dynamic_task_mapping to 2022-03-04 00:00:00+00:00, run_after=2022-03-05 00:00:00+00:00
[2025-12-11T22:58:07.953+0000] {processor.py:183} INFO - Processing /home/airflow/.local/lib/python3.9/site-packages/airflow/example_dags/example_dynamic_task_mapping.py took 0.130 seconds
[2025-12-11T22:58:38.406+0000] {processor.py:161} INFO - Started process (PID=911) to work on /home/airflow/.local/lib/python3.9/site-packages/airflow/example_dags/example_dynamic_task_mapping.py
[2025-12-11T22:58:38.412+0000] {processor.py:830} INFO - Processing file /home/airflow/.local/lib/python3.9/site-packages/airflow/example_dags/example_dynamic_task_mapping.py for tasks to queue
[2025-12-11T22:58:38.415+0000] {logging_mixin.py:188} INFO - [2025-12-11T22:58:38.414+0000] {dagbag.py:545} INFO - Filling up the DagBag from /home/airflow/.local/lib/python3.9/site-packages/airflow/example_dags/example_dynamic_task_mapping.py
[2025-12-11T22:58:38.427+0000] {processor.py:840} INFO - DAG(s) 'example_dynamic_task_mapping' retrieved from /home/airflow/.local/lib/python3.9/site-packages/airflow/example_dags/example_dynamic_task_mapping.py
[2025-12-11T22:58:38.467+0000] {logging_mixin.py:188} INFO - [2025-12-11T22:58:38.467+0000] {dag.py:3096} INFO - Sync 1 DAGs
[2025-12-11T22:58:38.517+0000] {logging_mixin.py:188} INFO - [2025-12-11T22:58:38.516+0000] {dag.py:3954} INFO - Setting next_dagrun for example_dynamic_task_mapping to 2022-03-04 00:00:00+00:00, run_after=2022-03-05 00:00:00+00:00
[2025-12-11T22:58:38.563+0000] {processor.py:183} INFO - Processing /home/airflow/.local/lib/python3.9/site-packages/airflow/example_dags/example_dynamic_task_mapping.py took 0.167 seconds
[2025-12-11T22:59:08.624+0000] {processor.py:161} INFO - Started process (PID=977) to work on /home/airflow/.local/lib/python3.9/site-packages/airflow/example_dags/example_dynamic_task_mapping.py
[2025-12-11T22:59:08.627+0000] {processor.py:830} INFO - Processing file /home/airflow/.local/lib/python3.9/site-packages/airflow/example_dags/example_dynamic_task_mapping.py for tasks to queue
[2025-12-11T22:59:08.631+0000] {logging_mixin.py:188} INFO - [2025-12-11T22:59:08.631+0000] {dagbag.py:545} INFO - Filling up the DagBag from /home/airflow/.local/lib/python3.9/site-packages/airflow/example_dags/example_dynamic_task_mapping.py
[2025-12-11T22:59:08.642+0000] {processor.py:840} INFO - DAG(s) 'example_dynamic_task_mapping' retrieved from /home/airflow/.local/lib/python3.9/site-packages/airflow/example_dags/example_dynamic_task_mapping.py
[2025-12-11T22:59:08.681+0000] {logging_mixin.py:188} INFO - [2025-12-11T22:59:08.680+0000] {dag.py:3096} INFO - Sync 1 DAGs
[2025-12-11T22:59:08.720+0000] {logging_mixin.py:188} INFO - [2025-12-11T22:59:08.719+0000] {dag.py:3954} INFO - Setting next_dagrun for example_dynamic_task_mapping to 2022-03-04 00:00:00+00:00, run_after=2022-03-05 00:00:00+00:00
[2025-12-11T22:59:08.749+0000] {processor.py:183} INFO - Processing /home/airflow/.local/lib/python3.9/site-packages/airflow/example_dags/example_dynamic_task_mapping.py took 0.135 seconds
[2025-12-11T22:59:39.295+0000] {processor.py:161} INFO - Started process (PID=1043) to work on /home/airflow/.local/lib/python3.9/site-packages/airflow/example_dags/example_dynamic_task_mapping.py
[2025-12-11T22:59:39.297+0000] {processor.py:830} INFO - Processing file /home/airflow/.local/lib/python3.9/site-packages/airflow/example_dags/example_dynamic_task_mapping.py for tasks to queue
[2025-12-11T22:59:39.299+0000] {logging_mixin.py:188} INFO - [2025-12-11T22:59:39.299+0000] {dagbag.py:545} INFO - Filling up the DagBag from /home/airflow/.local/lib/python3.9/site-packages/airflow/example_dags/example_dynamic_task_mapping.py
[2025-12-11T22:59:39.310+0000] {processor.py:840} INFO - DAG(s) 'example_dynamic_task_mapping' retrieved from /home/airflow/.local/lib/python3.9/site-packages/airflow/example_dags/example_dynamic_task_mapping.py
[2025-12-11T22:59:39.344+0000] {logging_mixin.py:188} INFO - [2025-12-11T22:59:39.344+0000] {dag.py:3096} INFO - Sync 1 DAGs
[2025-12-11T22:59:39.394+0000] {logging_mixin.py:188} INFO - [2025-12-11T22:59:39.394+0000] {dag.py:3954} INFO - Setting next_dagrun for example_dynamic_task_mapping to 2022-03-04 00:00:00+00:00, run_after=2022-03-05 00:00:00+00:00
[2025-12-11T22:59:39.429+0000] {processor.py:183} INFO - Processing /home/airflow/.local/lib/python3.9/site-packages/airflow/example_dags/example_dynamic_task_mapping.py took 0.145 seconds
[2025-12-11T23:00:09.580+0000] {processor.py:161} INFO - Started process (PID=1109) to work on /home/airflow/.local/lib/python3.9/site-packages/airflow/example_dags/example_dynamic_task_mapping.py
[2025-12-11T23:00:09.582+0000] {processor.py:830} INFO - Processing file /home/airflow/.local/lib/python3.9/site-packages/airflow/example_dags/example_dynamic_task_mapping.py for tasks to queue
[2025-12-11T23:00:09.585+0000] {logging_mixin.py:188} INFO - [2025-12-11T23:00:09.584+0000] {dagbag.py:545} INFO - Filling up the DagBag from /home/airflow/.local/lib/python3.9/site-packages/airflow/example_dags/example_dynamic_task_mapping.py
[2025-12-11T23:00:09.596+0000] {processor.py:840} INFO - DAG(s) 'example_dynamic_task_mapping' retrieved from /home/airflow/.local/lib/python3.9/site-packages/airflow/example_dags/example_dynamic_task_mapping.py
[2025-12-11T23:00:09.633+0000] {logging_mixin.py:188} INFO - [2025-12-11T23:00:09.633+0000] {dag.py:3096} INFO - Sync 1 DAGs
[2025-12-11T23:00:09.674+0000] {logging_mixin.py:188} INFO - [2025-12-11T23:00:09.673+0000] {dag.py:3954} INFO - Setting next_dagrun for example_dynamic_task_mapping to 2022-03-04 00:00:00+00:00, run_after=2022-03-05 00:00:00+00:00
[2025-12-11T23:00:09.706+0000] {processor.py:183} INFO - Processing /home/airflow/.local/lib/python3.9/site-packages/airflow/example_dags/example_dynamic_task_mapping.py took 0.137 seconds
[2025-12-11T23:00:39.858+0000] {processor.py:161} INFO - Started process (PID=1175) to work on /home/airflow/.local/lib/python3.9/site-packages/airflow/example_dags/example_dynamic_task_mapping.py
[2025-12-11T23:00:39.860+0000] {processor.py:830} INFO - Processing file /home/airflow/.local/lib/python3.9/site-packages/airflow/example_dags/example_dynamic_task_mapping.py for tasks to queue
[2025-12-11T23:00:39.863+0000] {logging_mixin.py:188} INFO - [2025-12-11T23:00:39.862+0000] {dagbag.py:545} INFO - Filling up the DagBag from /home/airflow/.local/lib/python3.9/site-packages/airflow/example_dags/example_dynamic_task_mapping.py
[2025-12-11T23:00:39.874+0000] {processor.py:840} INFO - DAG(s) 'example_dynamic_task_mapping' retrieved from /home/airflow/.local/lib/python3.9/site-packages/airflow/example_dags/example_dynamic_task_mapping.py
[2025-12-11T23:00:39.912+0000] {logging_mixin.py:188} INFO - [2025-12-11T23:00:39.912+0000] {dag.py:3096} INFO - Sync 1 DAGs
[2025-12-11T23:00:39.958+0000] {logging_mixin.py:188} INFO - [2025-12-11T23:00:39.958+0000] {dag.py:3954} INFO - Setting next_dagrun for example_dynamic_task_mapping to 2022-03-04 00:00:00+00:00, run_after=2022-03-05 00:00:00+00:00
[2025-12-11T23:00:39.997+0000] {processor.py:183} INFO - Processing /home/airflow/.local/lib/python3.9/site-packages/airflow/example_dags/example_dynamic_task_mapping.py took 0.150 seconds
[2025-12-11T23:01:10.306+0000] {processor.py:161} INFO - Started process (PID=1241) to work on /home/airflow/.local/lib/python3.9/site-packages/airflow/example_dags/example_dynamic_task_mapping.py
[2025-12-11T23:01:10.307+0000] {processor.py:830} INFO - Processing file /home/airflow/.local/lib/python3.9/site-packages/airflow/example_dags/example_dynamic_task_mapping.py for tasks to queue
[2025-12-11T23:01:10.312+0000] {logging_mixin.py:188} INFO - [2025-12-11T23:01:10.311+0000] {dagbag.py:545} INFO - Filling up the DagBag from /home/airflow/.local/lib/python3.9/site-packages/airflow/example_dags/example_dynamic_task_mapping.py
[2025-12-11T23:01:10.323+0000] {processor.py:840} INFO - DAG(s) 'example_dynamic_task_mapping' retrieved from /home/airflow/.local/lib/python3.9/site-packages/airflow/example_dags/example_dynamic_task_mapping.py
[2025-12-11T23:01:10.363+0000] {logging_mixin.py:188} INFO - [2025-12-11T23:01:10.363+0000] {dag.py:3096} INFO - Sync 1 DAGs
[2025-12-11T23:01:10.401+0000] {logging_mixin.py:188} INFO - [2025-12-11T23:01:10.400+0000] {dag.py:3954} INFO - Setting next_dagrun for example_dynamic_task_mapping to 2022-03-04 00:00:00+00:00, run_after=2022-03-05 00:00:00+00:00
[2025-12-11T23:01:10.657+0000] {processor.py:183} INFO - Processing /home/airflow/.local/lib/python3.9/site-packages/airflow/example_dags/example_dynamic_task_mapping.py took 0.363 seconds
[2025-12-11T23:01:41.230+0000] {processor.py:161} INFO - Started process (PID=1307) to work on /home/airflow/.local/lib/python3.9/site-packages/airflow/example_dags/example_dynamic_task_mapping.py
[2025-12-11T23:01:41.232+0000] {processor.py:830} INFO - Processing file /home/airflow/.local/lib/python3.9/site-packages/airflow/example_dags/example_dynamic_task_mapping.py for tasks to queue
[2025-12-11T23:01:41.235+0000] {logging_mixin.py:188} INFO - [2025-12-11T23:01:41.235+0000] {dagbag.py:545} INFO - Filling up the DagBag from /home/airflow/.local/lib/python3.9/site-packages/airflow/example_dags/example_dynamic_task_mapping.py
[2025-12-11T23:01:41.276+0000] {processor.py:840} INFO - DAG(s) 'example_dynamic_task_mapping' retrieved from /home/airflow/.local/lib/python3.9/site-packages/airflow/example_dags/example_dynamic_task_mapping.py
[2025-12-11T23:01:41.325+0000] {logging_mixin.py:188} INFO - [2025-12-11T23:01:41.325+0000] {dag.py:3096} INFO - Sync 1 DAGs
[2025-12-11T23:01:41.361+0000] {logging_mixin.py:188} INFO - [2025-12-11T23:01:41.361+0000] {dag.py:3954} INFO - Setting next_dagrun for example_dynamic_task_mapping to 2022-03-04 00:00:00+00:00, run_after=2022-03-05 00:00:00+00:00
[2025-12-11T23:01:41.388+0000] {processor.py:183} INFO - Processing /home/airflow/.local/lib/python3.9/site-packages/airflow/example_dags/example_dynamic_task_mapping.py took 0.176 seconds
[2025-12-11T23:02:11.433+0000] {processor.py:161} INFO - Started process (PID=1374) to work on /home/airflow/.local/lib/python3.9/site-packages/airflow/example_dags/example_dynamic_task_mapping.py
[2025-12-11T23:02:11.435+0000] {processor.py:830} INFO - Processing file /home/airflow/.local/lib/python3.9/site-packages/airflow/example_dags/example_dynamic_task_mapping.py for tasks to queue
[2025-12-11T23:02:11.438+0000] {logging_mixin.py:188} INFO - [2025-12-11T23:02:11.437+0000] {dagbag.py:545} INFO - Filling up the DagBag from /home/airflow/.local/lib/python3.9/site-packages/airflow/example_dags/example_dynamic_task_mapping.py
[2025-12-11T23:02:11.448+0000] {processor.py:840} INFO - DAG(s) 'example_dynamic_task_mapping' retrieved from /home/airflow/.local/lib/python3.9/site-packages/airflow/example_dags/example_dynamic_task_mapping.py
[2025-12-11T23:02:11.484+0000] {logging_mixin.py:188} INFO - [2025-12-11T23:02:11.484+0000] {dag.py:3096} INFO - Sync 1 DAGs
[2025-12-11T23:02:11.520+0000] {logging_mixin.py:188} INFO - [2025-12-11T23:02:11.520+0000] {dag.py:3954} INFO - Setting next_dagrun for example_dynamic_task_mapping to 2022-03-04 00:00:00+00:00, run_after=2022-03-05 00:00:00+00:00
[2025-12-11T23:02:11.546+0000] {processor.py:183} INFO - Processing /home/airflow/.local/lib/python3.9/site-packages/airflow/example_dags/example_dynamic_task_mapping.py took 0.123 seconds
[2025-12-11T23:02:42.400+0000] {processor.py:161} INFO - Started process (PID=1439) to work on /home/airflow/.local/lib/python3.9/site-packages/airflow/example_dags/example_dynamic_task_mapping.py
[2025-12-11T23:02:42.401+0000] {processor.py:830} INFO - Processing file /home/airflow/.local/lib/python3.9/site-packages/airflow/example_dags/example_dynamic_task_mapping.py for tasks to queue
[2025-12-11T23:02:42.404+0000] {logging_mixin.py:188} INFO - [2025-12-11T23:02:42.403+0000] {dagbag.py:545} INFO - Filling up the DagBag from /home/airflow/.local/lib/python3.9/site-packages/airflow/example_dags/example_dynamic_task_mapping.py
[2025-12-11T23:02:42.414+0000] {processor.py:840} INFO - DAG(s) 'example_dynamic_task_mapping' retrieved from /home/airflow/.local/lib/python3.9/site-packages/airflow/example_dags/example_dynamic_task_mapping.py
[2025-12-11T23:02:42.452+0000] {logging_mixin.py:188} INFO - [2025-12-11T23:02:42.452+0000] {dag.py:3096} INFO - Sync 1 DAGs
[2025-12-11T23:02:42.490+0000] {logging_mixin.py:188} INFO - [2025-12-11T23:02:42.490+0000] {dag.py:3954} INFO - Setting next_dagrun for example_dynamic_task_mapping to 2022-03-04 00:00:00+00:00, run_after=2022-03-05 00:00:00+00:00
[2025-12-11T23:02:42.516+0000] {processor.py:183} INFO - Processing /home/airflow/.local/lib/python3.9/site-packages/airflow/example_dags/example_dynamic_task_mapping.py took 0.127 seconds
[2025-12-11T23:03:12.880+0000] {processor.py:161} INFO - Started process (PID=1508) to work on /home/airflow/.local/lib/python3.9/site-packages/airflow/example_dags/example_dynamic_task_mapping.py
[2025-12-11T23:03:12.882+0000] {processor.py:830} INFO - Processing file /home/airflow/.local/lib/python3.9/site-packages/airflow/example_dags/example_dynamic_task_mapping.py for tasks to queue
[2025-12-11T23:03:12.892+0000] {logging_mixin.py:188} INFO - [2025-12-11T23:03:12.891+0000] {dagbag.py:545} INFO - Filling up the DagBag from /home/airflow/.local/lib/python3.9/site-packages/airflow/example_dags/example_dynamic_task_mapping.py
[2025-12-11T23:03:12.915+0000] {processor.py:840} INFO - DAG(s) 'example_dynamic_task_mapping' retrieved from /home/airflow/.local/lib/python3.9/site-packages/airflow/example_dags/example_dynamic_task_mapping.py
[2025-12-11T23:03:12.984+0000] {logging_mixin.py:188} INFO - [2025-12-11T23:03:12.983+0000] {dag.py:3096} INFO - Sync 1 DAGs
[2025-12-11T23:03:13.021+0000] {logging_mixin.py:188} INFO - [2025-12-11T23:03:13.021+0000] {dag.py:3954} INFO - Setting next_dagrun for example_dynamic_task_mapping to 2022-03-04 00:00:00+00:00, run_after=2022-03-05 00:00:00+00:00
[2025-12-11T23:03:13.049+0000] {processor.py:183} INFO - Processing /home/airflow/.local/lib/python3.9/site-packages/airflow/example_dags/example_dynamic_task_mapping.py took 0.193 seconds
[2025-12-11T23:03:44.013+0000] {processor.py:161} INFO - Started process (PID=1579) to work on /home/airflow/.local/lib/python3.9/site-packages/airflow/example_dags/example_dynamic_task_mapping.py
[2025-12-11T23:03:44.014+0000] {processor.py:830} INFO - Processing file /home/airflow/.local/lib/python3.9/site-packages/airflow/example_dags/example_dynamic_task_mapping.py for tasks to queue
[2025-12-11T23:03:44.017+0000] {logging_mixin.py:188} INFO - [2025-12-11T23:03:44.017+0000] {dagbag.py:545} INFO - Filling up the DagBag from /home/airflow/.local/lib/python3.9/site-packages/airflow/example_dags/example_dynamic_task_mapping.py
[2025-12-11T23:03:44.027+0000] {processor.py:840} INFO - DAG(s) 'example_dynamic_task_mapping' retrieved from /home/airflow/.local/lib/python3.9/site-packages/airflow/example_dags/example_dynamic_task_mapping.py
[2025-12-11T23:03:44.063+0000] {logging_mixin.py:188} INFO - [2025-12-11T23:03:44.062+0000] {dag.py:3096} INFO - Sync 1 DAGs
[2025-12-11T23:03:44.097+0000] {logging_mixin.py:188} INFO - [2025-12-11T23:03:44.097+0000] {dag.py:3954} INFO - Setting next_dagrun for example_dynamic_task_mapping to 2022-03-04 00:00:00+00:00, run_after=2022-03-05 00:00:00+00:00
[2025-12-11T23:03:44.122+0000] {processor.py:183} INFO - Processing /home/airflow/.local/lib/python3.9/site-packages/airflow/example_dags/example_dynamic_task_mapping.py took 0.119 seconds
[2025-12-11T23:04:14.249+0000] {processor.py:161} INFO - Started process (PID=1649) to work on /home/airflow/.local/lib/python3.9/site-packages/airflow/example_dags/example_dynamic_task_mapping.py
[2025-12-11T23:04:14.250+0000] {processor.py:830} INFO - Processing file /home/airflow/.local/lib/python3.9/site-packages/airflow/example_dags/example_dynamic_task_mapping.py for tasks to queue
[2025-12-11T23:04:14.253+0000] {logging_mixin.py:188} INFO - [2025-12-11T23:04:14.253+0000] {dagbag.py:545} INFO - Filling up the DagBag from /home/airflow/.local/lib/python3.9/site-packages/airflow/example_dags/example_dynamic_task_mapping.py
[2025-12-11T23:04:14.263+0000] {processor.py:840} INFO - DAG(s) 'example_dynamic_task_mapping' retrieved from /home/airflow/.local/lib/python3.9/site-packages/airflow/example_dags/example_dynamic_task_mapping.py
[2025-12-11T23:04:14.300+0000] {logging_mixin.py:188} INFO - [2025-12-11T23:04:14.300+0000] {dag.py:3096} INFO - Sync 1 DAGs
[2025-12-11T23:04:14.339+0000] {logging_mixin.py:188} INFO - [2025-12-11T23:04:14.339+0000] {dag.py:3954} INFO - Setting next_dagrun for example_dynamic_task_mapping to 2022-03-04 00:00:00+00:00, run_after=2022-03-05 00:00:00+00:00
[2025-12-11T23:04:14.365+0000] {processor.py:183} INFO - Processing /home/airflow/.local/lib/python3.9/site-packages/airflow/example_dags/example_dynamic_task_mapping.py took 0.127 seconds
[2025-12-11T23:04:44.907+0000] {processor.py:161} INFO - Started process (PID=1720) to work on /home/airflow/.local/lib/python3.9/site-packages/airflow/example_dags/example_dynamic_task_mapping.py
[2025-12-11T23:04:44.915+0000] {processor.py:830} INFO - Processing file /home/airflow/.local/lib/python3.9/site-packages/airflow/example_dags/example_dynamic_task_mapping.py for tasks to queue
[2025-12-11T23:04:44.918+0000] {logging_mixin.py:188} INFO - [2025-12-11T23:04:44.918+0000] {dagbag.py:545} INFO - Filling up the DagBag from /home/airflow/.local/lib/python3.9/site-packages/airflow/example_dags/example_dynamic_task_mapping.py
[2025-12-11T23:04:44.930+0000] {processor.py:840} INFO - DAG(s) 'example_dynamic_task_mapping' retrieved from /home/airflow/.local/lib/python3.9/site-packages/airflow/example_dags/example_dynamic_task_mapping.py
[2025-12-11T23:04:44.969+0000] {logging_mixin.py:188} INFO - [2025-12-11T23:04:44.969+0000] {dag.py:3096} INFO - Sync 1 DAGs
[2025-12-11T23:04:45.007+0000] {logging_mixin.py:188} INFO - [2025-12-11T23:04:45.006+0000] {dag.py:3954} INFO - Setting next_dagrun for example_dynamic_task_mapping to 2022-03-04 00:00:00+00:00, run_after=2022-03-05 00:00:00+00:00
[2025-12-11T23:04:45.037+0000] {processor.py:183} INFO - Processing /home/airflow/.local/lib/python3.9/site-packages/airflow/example_dags/example_dynamic_task_mapping.py took 0.141 seconds
[2025-12-11T23:05:15.223+0000] {processor.py:161} INFO - Started process (PID=1791) to work on /home/airflow/.local/lib/python3.9/site-packages/airflow/example_dags/example_dynamic_task_mapping.py
[2025-12-11T23:05:15.225+0000] {processor.py:830} INFO - Processing file /home/airflow/.local/lib/python3.9/site-packages/airflow/example_dags/example_dynamic_task_mapping.py for tasks to queue
[2025-12-11T23:05:15.228+0000] {logging_mixin.py:188} INFO - [2025-12-11T23:05:15.227+0000] {dagbag.py:545} INFO - Filling up the DagBag from /home/airflow/.local/lib/python3.9/site-packages/airflow/example_dags/example_dynamic_task_mapping.py
[2025-12-11T23:05:15.239+0000] {processor.py:840} INFO - DAG(s) 'example_dynamic_task_mapping' retrieved from /home/airflow/.local/lib/python3.9/site-packages/airflow/example_dags/example_dynamic_task_mapping.py
[2025-12-11T23:05:15.272+0000] {logging_mixin.py:188} INFO - [2025-12-11T23:05:15.272+0000] {dag.py:3096} INFO - Sync 1 DAGs
[2025-12-11T23:05:15.309+0000] {logging_mixin.py:188} INFO - [2025-12-11T23:05:15.309+0000] {dag.py:3954} INFO - Setting next_dagrun for example_dynamic_task_mapping to 2022-03-04 00:00:00+00:00, run_after=2022-03-05 00:00:00+00:00
[2025-12-11T23:05:15.333+0000] {processor.py:183} INFO - Processing /home/airflow/.local/lib/python3.9/site-packages/airflow/example_dags/example_dynamic_task_mapping.py took 0.120 seconds
[2025-12-11T23:05:45.693+0000] {processor.py:161} INFO - Started process (PID=1863) to work on /home/airflow/.local/lib/python3.9/site-packages/airflow/example_dags/example_dynamic_task_mapping.py
[2025-12-11T23:05:45.701+0000] {processor.py:830} INFO - Processing file /home/airflow/.local/lib/python3.9/site-packages/airflow/example_dags/example_dynamic_task_mapping.py for tasks to queue
[2025-12-11T23:05:45.710+0000] {logging_mixin.py:188} INFO - [2025-12-11T23:05:45.704+0000] {dagbag.py:545} INFO - Filling up the DagBag from /home/airflow/.local/lib/python3.9/site-packages/airflow/example_dags/example_dynamic_task_mapping.py
[2025-12-11T23:05:45.721+0000] {processor.py:840} INFO - DAG(s) 'example_dynamic_task_mapping' retrieved from /home/airflow/.local/lib/python3.9/site-packages/airflow/example_dags/example_dynamic_task_mapping.py
[2025-12-11T23:05:45.775+0000] {logging_mixin.py:188} INFO - [2025-12-11T23:05:45.775+0000] {dag.py:3096} INFO - Sync 1 DAGs
[2025-12-11T23:05:45.834+0000] {logging_mixin.py:188} INFO - [2025-12-11T23:05:45.833+0000] {dag.py:3954} INFO - Setting next_dagrun for example_dynamic_task_mapping to 2022-03-04 00:00:00+00:00, run_after=2022-03-05 00:00:00+00:00
[2025-12-11T23:05:45.875+0000] {processor.py:183} INFO - Processing /home/airflow/.local/lib/python3.9/site-packages/airflow/example_dags/example_dynamic_task_mapping.py took 0.201 seconds
[2025-12-11T23:06:16.535+0000] {processor.py:161} INFO - Started process (PID=1931) to work on /home/airflow/.local/lib/python3.9/site-packages/airflow/example_dags/example_dynamic_task_mapping.py
[2025-12-11T23:06:16.537+0000] {processor.py:830} INFO - Processing file /home/airflow/.local/lib/python3.9/site-packages/airflow/example_dags/example_dynamic_task_mapping.py for tasks to queue
[2025-12-11T23:06:16.541+0000] {logging_mixin.py:188} INFO - [2025-12-11T23:06:16.541+0000] {dagbag.py:545} INFO - Filling up the DagBag from /home/airflow/.local/lib/python3.9/site-packages/airflow/example_dags/example_dynamic_task_mapping.py
[2025-12-11T23:06:16.555+0000] {processor.py:840} INFO - DAG(s) 'example_dynamic_task_mapping' retrieved from /home/airflow/.local/lib/python3.9/site-packages/airflow/example_dags/example_dynamic_task_mapping.py
[2025-12-11T23:06:16.592+0000] {logging_mixin.py:188} INFO - [2025-12-11T23:06:16.592+0000] {dag.py:3096} INFO - Sync 1 DAGs
[2025-12-11T23:06:16.631+0000] {logging_mixin.py:188} INFO - [2025-12-11T23:06:16.630+0000] {dag.py:3954} INFO - Setting next_dagrun for example_dynamic_task_mapping to 2022-03-04 00:00:00+00:00, run_after=2022-03-05 00:00:00+00:00
[2025-12-11T23:06:16.786+0000] {processor.py:183} INFO - Processing /home/airflow/.local/lib/python3.9/site-packages/airflow/example_dags/example_dynamic_task_mapping.py took 0.264 seconds
[2025-12-11T23:06:48.279+0000] {processor.py:161} INFO - Started process (PID=2008) to work on /home/airflow/.local/lib/python3.9/site-packages/airflow/example_dags/example_dynamic_task_mapping.py
[2025-12-11T23:06:48.287+0000] {processor.py:830} INFO - Processing file /home/airflow/.local/lib/python3.9/site-packages/airflow/example_dags/example_dynamic_task_mapping.py for tasks to queue
[2025-12-11T23:06:48.290+0000] {logging_mixin.py:188} INFO - [2025-12-11T23:06:48.290+0000] {dagbag.py:545} INFO - Filling up the DagBag from /home/airflow/.local/lib/python3.9/site-packages/airflow/example_dags/example_dynamic_task_mapping.py
[2025-12-11T23:06:48.309+0000] {processor.py:840} INFO - DAG(s) 'example_dynamic_task_mapping' retrieved from /home/airflow/.local/lib/python3.9/site-packages/airflow/example_dags/example_dynamic_task_mapping.py
[2025-12-11T23:06:48.373+0000] {logging_mixin.py:188} INFO - [2025-12-11T23:06:48.372+0000] {dag.py:3096} INFO - Sync 1 DAGs
[2025-12-11T23:06:48.434+0000] {logging_mixin.py:188} INFO - [2025-12-11T23:06:48.434+0000] {dag.py:3954} INFO - Setting next_dagrun for example_dynamic_task_mapping to 2022-03-04 00:00:00+00:00, run_after=2022-03-05 00:00:00+00:00
[2025-12-11T23:06:48.482+0000] {processor.py:183} INFO - Processing /home/airflow/.local/lib/python3.9/site-packages/airflow/example_dags/example_dynamic_task_mapping.py took 0.220 seconds
[2025-12-11T23:07:19.513+0000] {processor.py:161} INFO - Started process (PID=2080) to work on /home/airflow/.local/lib/python3.9/site-packages/airflow/example_dags/example_dynamic_task_mapping.py
[2025-12-11T23:07:19.633+0000] {processor.py:830} INFO - Processing file /home/airflow/.local/lib/python3.9/site-packages/airflow/example_dags/example_dynamic_task_mapping.py for tasks to queue
[2025-12-11T23:07:19.637+0000] {logging_mixin.py:188} INFO - [2025-12-11T23:07:19.636+0000] {dagbag.py:545} INFO - Filling up the DagBag from /home/airflow/.local/lib/python3.9/site-packages/airflow/example_dags/example_dynamic_task_mapping.py
[2025-12-11T23:07:19.651+0000] {processor.py:840} INFO - DAG(s) 'example_dynamic_task_mapping' retrieved from /home/airflow/.local/lib/python3.9/site-packages/airflow/example_dags/example_dynamic_task_mapping.py
[2025-12-11T23:07:19.710+0000] {logging_mixin.py:188} INFO - [2025-12-11T23:07:19.710+0000] {dag.py:3096} INFO - Sync 1 DAGs
[2025-12-11T23:07:19.795+0000] {logging_mixin.py:188} INFO - [2025-12-11T23:07:19.795+0000] {dag.py:3954} INFO - Setting next_dagrun for example_dynamic_task_mapping to 2022-03-04 00:00:00+00:00, run_after=2022-03-05 00:00:00+00:00
[2025-12-11T23:07:19.858+0000] {processor.py:183} INFO - Processing /home/airflow/.local/lib/python3.9/site-packages/airflow/example_dags/example_dynamic_task_mapping.py took 0.356 seconds
[2025-12-11T23:07:50.003+0000] {processor.py:161} INFO - Started process (PID=2152) to work on /home/airflow/.local/lib/python3.9/site-packages/airflow/example_dags/example_dynamic_task_mapping.py
[2025-12-11T23:07:50.010+0000] {processor.py:830} INFO - Processing file /home/airflow/.local/lib/python3.9/site-packages/airflow/example_dags/example_dynamic_task_mapping.py for tasks to queue
[2025-12-11T23:07:50.014+0000] {logging_mixin.py:188} INFO - [2025-12-11T23:07:50.013+0000] {dagbag.py:545} INFO - Filling up the DagBag from /home/airflow/.local/lib/python3.9/site-packages/airflow/example_dags/example_dynamic_task_mapping.py
[2025-12-11T23:07:50.041+0000] {processor.py:840} INFO - DAG(s) 'example_dynamic_task_mapping' retrieved from /home/airflow/.local/lib/python3.9/site-packages/airflow/example_dags/example_dynamic_task_mapping.py
[2025-12-11T23:07:50.102+0000] {logging_mixin.py:188} INFO - [2025-12-11T23:07:50.102+0000] {dag.py:3096} INFO - Sync 1 DAGs
[2025-12-11T23:07:50.139+0000] {logging_mixin.py:188} INFO - [2025-12-11T23:07:50.138+0000] {dag.py:3954} INFO - Setting next_dagrun for example_dynamic_task_mapping to 2022-03-04 00:00:00+00:00, run_after=2022-03-05 00:00:00+00:00
[2025-12-11T23:07:50.163+0000] {processor.py:183} INFO - Processing /home/airflow/.local/lib/python3.9/site-packages/airflow/example_dags/example_dynamic_task_mapping.py took 0.174 seconds
[2025-12-11T23:08:21.850+0000] {processor.py:161} INFO - Started process (PID=2222) to work on /home/airflow/.local/lib/python3.9/site-packages/airflow/example_dags/example_dynamic_task_mapping.py
[2025-12-11T23:08:21.875+0000] {processor.py:830} INFO - Processing file /home/airflow/.local/lib/python3.9/site-packages/airflow/example_dags/example_dynamic_task_mapping.py for tasks to queue
[2025-12-11T23:08:21.889+0000] {logging_mixin.py:188} INFO - [2025-12-11T23:08:21.882+0000] {dagbag.py:545} INFO - Filling up the DagBag from /home/airflow/.local/lib/python3.9/site-packages/airflow/example_dags/example_dynamic_task_mapping.py
[2025-12-11T23:08:21.904+0000] {processor.py:840} INFO - DAG(s) 'example_dynamic_task_mapping' retrieved from /home/airflow/.local/lib/python3.9/site-packages/airflow/example_dags/example_dynamic_task_mapping.py
[2025-12-11T23:08:21.954+0000] {logging_mixin.py:188} INFO - [2025-12-11T23:08:21.954+0000] {dag.py:3096} INFO - Sync 1 DAGs
[2025-12-11T23:08:21.993+0000] {logging_mixin.py:188} INFO - [2025-12-11T23:08:21.992+0000] {dag.py:3954} INFO - Setting next_dagrun for example_dynamic_task_mapping to 2022-03-04 00:00:00+00:00, run_after=2022-03-05 00:00:00+00:00
[2025-12-11T23:08:22.354+0000] {processor.py:183} INFO - Processing /home/airflow/.local/lib/python3.9/site-packages/airflow/example_dags/example_dynamic_task_mapping.py took 0.518 seconds
[2025-12-11T23:08:53.140+0000] {processor.py:161} INFO - Started process (PID=2289) to work on /home/airflow/.local/lib/python3.9/site-packages/airflow/example_dags/example_dynamic_task_mapping.py
[2025-12-11T23:08:53.202+0000] {processor.py:830} INFO - Processing file /home/airflow/.local/lib/python3.9/site-packages/airflow/example_dags/example_dynamic_task_mapping.py for tasks to queue
[2025-12-11T23:08:53.205+0000] {logging_mixin.py:188} INFO - [2025-12-11T23:08:53.205+0000] {dagbag.py:545} INFO - Filling up the DagBag from /home/airflow/.local/lib/python3.9/site-packages/airflow/example_dags/example_dynamic_task_mapping.py
[2025-12-11T23:08:53.217+0000] {processor.py:840} INFO - DAG(s) 'example_dynamic_task_mapping' retrieved from /home/airflow/.local/lib/python3.9/site-packages/airflow/example_dags/example_dynamic_task_mapping.py
[2025-12-11T23:08:53.255+0000] {logging_mixin.py:188} INFO - [2025-12-11T23:08:53.255+0000] {dag.py:3096} INFO - Sync 1 DAGs
[2025-12-11T23:08:53.296+0000] {logging_mixin.py:188} INFO - [2025-12-11T23:08:53.296+0000] {dag.py:3954} INFO - Setting next_dagrun for example_dynamic_task_mapping to 2022-03-04 00:00:00+00:00, run_after=2022-03-05 00:00:00+00:00
[2025-12-11T23:08:53.334+0000] {processor.py:183} INFO - Processing /home/airflow/.local/lib/python3.9/site-packages/airflow/example_dags/example_dynamic_task_mapping.py took 0.204 seconds
[2025-12-11T23:09:23.994+0000] {processor.py:161} INFO - Started process (PID=2362) to work on /home/airflow/.local/lib/python3.9/site-packages/airflow/example_dags/example_dynamic_task_mapping.py
[2025-12-11T23:09:23.996+0000] {processor.py:830} INFO - Processing file /home/airflow/.local/lib/python3.9/site-packages/airflow/example_dags/example_dynamic_task_mapping.py for tasks to queue
[2025-12-11T23:09:23.998+0000] {logging_mixin.py:188} INFO - [2025-12-11T23:09:23.998+0000] {dagbag.py:545} INFO - Filling up the DagBag from /home/airflow/.local/lib/python3.9/site-packages/airflow/example_dags/example_dynamic_task_mapping.py
[2025-12-11T23:09:24.009+0000] {processor.py:840} INFO - DAG(s) 'example_dynamic_task_mapping' retrieved from /home/airflow/.local/lib/python3.9/site-packages/airflow/example_dags/example_dynamic_task_mapping.py
[2025-12-11T23:09:24.049+0000] {logging_mixin.py:188} INFO - [2025-12-11T23:09:24.048+0000] {dag.py:3096} INFO - Sync 1 DAGs
[2025-12-11T23:09:24.095+0000] {logging_mixin.py:188} INFO - [2025-12-11T23:09:24.095+0000] {dag.py:3954} INFO - Setting next_dagrun for example_dynamic_task_mapping to 2022-03-04 00:00:00+00:00, run_after=2022-03-05 00:00:00+00:00
[2025-12-11T23:09:24.122+0000] {processor.py:183} INFO - Processing /home/airflow/.local/lib/python3.9/site-packages/airflow/example_dags/example_dynamic_task_mapping.py took 0.138 seconds
[2025-12-11T23:09:55.538+0000] {processor.py:161} INFO - Started process (PID=2432) to work on /home/airflow/.local/lib/python3.9/site-packages/airflow/example_dags/example_dynamic_task_mapping.py
[2025-12-11T23:09:55.555+0000] {processor.py:830} INFO - Processing file /home/airflow/.local/lib/python3.9/site-packages/airflow/example_dags/example_dynamic_task_mapping.py for tasks to queue
[2025-12-11T23:09:55.560+0000] {logging_mixin.py:188} INFO - [2025-12-11T23:09:55.559+0000] {dagbag.py:545} INFO - Filling up the DagBag from /home/airflow/.local/lib/python3.9/site-packages/airflow/example_dags/example_dynamic_task_mapping.py
[2025-12-11T23:09:55.571+0000] {processor.py:840} INFO - DAG(s) 'example_dynamic_task_mapping' retrieved from /home/airflow/.local/lib/python3.9/site-packages/airflow/example_dags/example_dynamic_task_mapping.py
[2025-12-11T23:09:55.614+0000] {logging_mixin.py:188} INFO - [2025-12-11T23:09:55.614+0000] {dag.py:3096} INFO - Sync 1 DAGs
[2025-12-11T23:09:55.660+0000] {logging_mixin.py:188} INFO - [2025-12-11T23:09:55.660+0000] {dag.py:3954} INFO - Setting next_dagrun for example_dynamic_task_mapping to 2022-03-04 00:00:00+00:00, run_after=2022-03-05 00:00:00+00:00
[2025-12-11T23:09:55.688+0000] {processor.py:183} INFO - Processing /home/airflow/.local/lib/python3.9/site-packages/airflow/example_dags/example_dynamic_task_mapping.py took 0.162 seconds
[2025-12-11T23:10:26.145+0000] {processor.py:161} INFO - Started process (PID=2501) to work on /home/airflow/.local/lib/python3.9/site-packages/airflow/example_dags/example_dynamic_task_mapping.py
[2025-12-11T23:10:26.147+0000] {processor.py:830} INFO - Processing file /home/airflow/.local/lib/python3.9/site-packages/airflow/example_dags/example_dynamic_task_mapping.py for tasks to queue
[2025-12-11T23:10:26.151+0000] {logging_mixin.py:188} INFO - [2025-12-11T23:10:26.150+0000] {dagbag.py:545} INFO - Filling up the DagBag from /home/airflow/.local/lib/python3.9/site-packages/airflow/example_dags/example_dynamic_task_mapping.py
[2025-12-11T23:10:26.162+0000] {processor.py:840} INFO - DAG(s) 'example_dynamic_task_mapping' retrieved from /home/airflow/.local/lib/python3.9/site-packages/airflow/example_dags/example_dynamic_task_mapping.py
[2025-12-11T23:10:26.201+0000] {logging_mixin.py:188} INFO - [2025-12-11T23:10:26.201+0000] {dag.py:3096} INFO - Sync 1 DAGs
[2025-12-11T23:10:26.241+0000] {logging_mixin.py:188} INFO - [2025-12-11T23:10:26.240+0000] {dag.py:3954} INFO - Setting next_dagrun for example_dynamic_task_mapping to 2022-03-04 00:00:00+00:00, run_after=2022-03-05 00:00:00+00:00
[2025-12-11T23:10:26.269+0000] {processor.py:183} INFO - Processing /home/airflow/.local/lib/python3.9/site-packages/airflow/example_dags/example_dynamic_task_mapping.py took 0.135 seconds
[2025-12-11T23:10:56.448+0000] {processor.py:161} INFO - Started process (PID=2571) to work on /home/airflow/.local/lib/python3.9/site-packages/airflow/example_dags/example_dynamic_task_mapping.py
[2025-12-11T23:10:56.450+0000] {processor.py:830} INFO - Processing file /home/airflow/.local/lib/python3.9/site-packages/airflow/example_dags/example_dynamic_task_mapping.py for tasks to queue
[2025-12-11T23:10:56.454+0000] {logging_mixin.py:188} INFO - [2025-12-11T23:10:56.453+0000] {dagbag.py:545} INFO - Filling up the DagBag from /home/airflow/.local/lib/python3.9/site-packages/airflow/example_dags/example_dynamic_task_mapping.py
[2025-12-11T23:10:56.465+0000] {processor.py:840} INFO - DAG(s) 'example_dynamic_task_mapping' retrieved from /home/airflow/.local/lib/python3.9/site-packages/airflow/example_dags/example_dynamic_task_mapping.py
[2025-12-11T23:10:56.502+0000] {logging_mixin.py:188} INFO - [2025-12-11T23:10:56.501+0000] {dag.py:3096} INFO - Sync 1 DAGs
[2025-12-11T23:10:56.555+0000] {logging_mixin.py:188} INFO - [2025-12-11T23:10:56.554+0000] {dag.py:3954} INFO - Setting next_dagrun for example_dynamic_task_mapping to 2022-03-04 00:00:00+00:00, run_after=2022-03-05 00:00:00+00:00
[2025-12-11T23:10:56.599+0000] {processor.py:183} INFO - Processing /home/airflow/.local/lib/python3.9/site-packages/airflow/example_dags/example_dynamic_task_mapping.py took 0.161 seconds
[2025-12-11T23:11:27.540+0000] {processor.py:161} INFO - Started process (PID=2638) to work on /home/airflow/.local/lib/python3.9/site-packages/airflow/example_dags/example_dynamic_task_mapping.py
[2025-12-11T23:11:27.550+0000] {processor.py:830} INFO - Processing file /home/airflow/.local/lib/python3.9/site-packages/airflow/example_dags/example_dynamic_task_mapping.py for tasks to queue
[2025-12-11T23:11:27.554+0000] {logging_mixin.py:188} INFO - [2025-12-11T23:11:27.554+0000] {dagbag.py:545} INFO - Filling up the DagBag from /home/airflow/.local/lib/python3.9/site-packages/airflow/example_dags/example_dynamic_task_mapping.py
[2025-12-11T23:11:27.566+0000] {processor.py:840} INFO - DAG(s) 'example_dynamic_task_mapping' retrieved from /home/airflow/.local/lib/python3.9/site-packages/airflow/example_dags/example_dynamic_task_mapping.py
[2025-12-11T23:11:27.687+0000] {logging_mixin.py:188} INFO - [2025-12-11T23:11:27.686+0000] {dag.py:3096} INFO - Sync 1 DAGs
[2025-12-11T23:11:27.742+0000] {logging_mixin.py:188} INFO - [2025-12-11T23:11:27.741+0000] {dag.py:3954} INFO - Setting next_dagrun for example_dynamic_task_mapping to 2022-03-04 00:00:00+00:00, run_after=2022-03-05 00:00:00+00:00
[2025-12-11T23:11:27.780+0000] {processor.py:183} INFO - Processing /home/airflow/.local/lib/python3.9/site-packages/airflow/example_dags/example_dynamic_task_mapping.py took 0.251 seconds
[2025-12-11T23:11:58.020+0000] {processor.py:161} INFO - Started process (PID=2705) to work on /home/airflow/.local/lib/python3.9/site-packages/airflow/example_dags/example_dynamic_task_mapping.py
[2025-12-11T23:11:58.072+0000] {processor.py:830} INFO - Processing file /home/airflow/.local/lib/python3.9/site-packages/airflow/example_dags/example_dynamic_task_mapping.py for tasks to queue
[2025-12-11T23:11:58.076+0000] {logging_mixin.py:188} INFO - [2025-12-11T23:11:58.075+0000] {dagbag.py:545} INFO - Filling up the DagBag from /home/airflow/.local/lib/python3.9/site-packages/airflow/example_dags/example_dynamic_task_mapping.py
[2025-12-11T23:11:58.088+0000] {processor.py:840} INFO - DAG(s) 'example_dynamic_task_mapping' retrieved from /home/airflow/.local/lib/python3.9/site-packages/airflow/example_dags/example_dynamic_task_mapping.py
[2025-12-11T23:11:58.128+0000] {logging_mixin.py:188} INFO - [2025-12-11T23:11:58.127+0000] {dag.py:3096} INFO - Sync 1 DAGs
[2025-12-11T23:11:58.177+0000] {logging_mixin.py:188} INFO - [2025-12-11T23:11:58.176+0000] {dag.py:3954} INFO - Setting next_dagrun for example_dynamic_task_mapping to 2022-03-04 00:00:00+00:00, run_after=2022-03-05 00:00:00+00:00
[2025-12-11T23:11:58.777+0000] {processor.py:183} INFO - Processing /home/airflow/.local/lib/python3.9/site-packages/airflow/example_dags/example_dynamic_task_mapping.py took 0.768 seconds
[2025-12-11T23:12:29.343+0000] {processor.py:161} INFO - Started process (PID=2772) to work on /home/airflow/.local/lib/python3.9/site-packages/airflow/example_dags/example_dynamic_task_mapping.py
[2025-12-11T23:12:29.629+0000] {processor.py:830} INFO - Processing file /home/airflow/.local/lib/python3.9/site-packages/airflow/example_dags/example_dynamic_task_mapping.py for tasks to queue
[2025-12-11T23:12:29.632+0000] {logging_mixin.py:188} INFO - [2025-12-11T23:12:29.631+0000] {dagbag.py:545} INFO - Filling up the DagBag from /home/airflow/.local/lib/python3.9/site-packages/airflow/example_dags/example_dynamic_task_mapping.py
[2025-12-11T23:12:29.644+0000] {processor.py:840} INFO - DAG(s) 'example_dynamic_task_mapping' retrieved from /home/airflow/.local/lib/python3.9/site-packages/airflow/example_dags/example_dynamic_task_mapping.py
[2025-12-11T23:12:29.685+0000] {logging_mixin.py:188} INFO - [2025-12-11T23:12:29.685+0000] {dag.py:3096} INFO - Sync 1 DAGs
[2025-12-11T23:12:29.726+0000] {logging_mixin.py:188} INFO - [2025-12-11T23:12:29.725+0000] {dag.py:3954} INFO - Setting next_dagrun for example_dynamic_task_mapping to 2022-03-04 00:00:00+00:00, run_after=2022-03-05 00:00:00+00:00
[2025-12-11T23:12:30.797+0000] {processor.py:183} INFO - Processing /home/airflow/.local/lib/python3.9/site-packages/airflow/example_dags/example_dynamic_task_mapping.py took 1.464 seconds
[2025-12-11T23:13:01.701+0000] {processor.py:161} INFO - Started process (PID=2840) to work on /home/airflow/.local/lib/python3.9/site-packages/airflow/example_dags/example_dynamic_task_mapping.py
[2025-12-11T23:13:01.711+0000] {processor.py:830} INFO - Processing file /home/airflow/.local/lib/python3.9/site-packages/airflow/example_dags/example_dynamic_task_mapping.py for tasks to queue
[2025-12-11T23:13:01.715+0000] {logging_mixin.py:188} INFO - [2025-12-11T23:13:01.715+0000] {dagbag.py:545} INFO - Filling up the DagBag from /home/airflow/.local/lib/python3.9/site-packages/airflow/example_dags/example_dynamic_task_mapping.py
[2025-12-11T23:13:01.734+0000] {processor.py:840} INFO - DAG(s) 'example_dynamic_task_mapping' retrieved from /home/airflow/.local/lib/python3.9/site-packages/airflow/example_dags/example_dynamic_task_mapping.py
[2025-12-11T23:13:01.792+0000] {logging_mixin.py:188} INFO - [2025-12-11T23:13:01.792+0000] {dag.py:3096} INFO - Sync 1 DAGs
[2025-12-11T23:13:01.875+0000] {logging_mixin.py:188} INFO - [2025-12-11T23:13:01.874+0000] {dag.py:3954} INFO - Setting next_dagrun for example_dynamic_task_mapping to 2022-03-04 00:00:00+00:00, run_after=2022-03-05 00:00:00+00:00
[2025-12-11T23:13:01.938+0000] {processor.py:183} INFO - Processing /home/airflow/.local/lib/python3.9/site-packages/airflow/example_dags/example_dynamic_task_mapping.py took 0.248 seconds
[2025-12-11T23:13:32.657+0000] {processor.py:161} INFO - Started process (PID=2907) to work on /home/airflow/.local/lib/python3.9/site-packages/airflow/example_dags/example_dynamic_task_mapping.py
[2025-12-11T23:13:32.658+0000] {processor.py:830} INFO - Processing file /home/airflow/.local/lib/python3.9/site-packages/airflow/example_dags/example_dynamic_task_mapping.py for tasks to queue
[2025-12-11T23:13:32.662+0000] {logging_mixin.py:188} INFO - [2025-12-11T23:13:32.661+0000] {dagbag.py:545} INFO - Filling up the DagBag from /home/airflow/.local/lib/python3.9/site-packages/airflow/example_dags/example_dynamic_task_mapping.py
[2025-12-11T23:13:32.672+0000] {processor.py:840} INFO - DAG(s) 'example_dynamic_task_mapping' retrieved from /home/airflow/.local/lib/python3.9/site-packages/airflow/example_dags/example_dynamic_task_mapping.py
[2025-12-11T23:13:32.711+0000] {logging_mixin.py:188} INFO - [2025-12-11T23:13:32.711+0000] {dag.py:3096} INFO - Sync 1 DAGs
[2025-12-11T23:13:32.750+0000] {logging_mixin.py:188} INFO - [2025-12-11T23:13:32.749+0000] {dag.py:3954} INFO - Setting next_dagrun for example_dynamic_task_mapping to 2022-03-04 00:00:00+00:00, run_after=2022-03-05 00:00:00+00:00
[2025-12-11T23:13:32.777+0000] {processor.py:183} INFO - Processing /home/airflow/.local/lib/python3.9/site-packages/airflow/example_dags/example_dynamic_task_mapping.py took 0.134 seconds
[2025-12-11T23:14:03.772+0000] {processor.py:161} INFO - Started process (PID=2981) to work on /home/airflow/.local/lib/python3.9/site-packages/airflow/example_dags/example_dynamic_task_mapping.py
[2025-12-11T23:14:03.782+0000] {processor.py:830} INFO - Processing file /home/airflow/.local/lib/python3.9/site-packages/airflow/example_dags/example_dynamic_task_mapping.py for tasks to queue
[2025-12-11T23:14:03.791+0000] {logging_mixin.py:188} INFO - [2025-12-11T23:14:03.791+0000] {dagbag.py:545} INFO - Filling up the DagBag from /home/airflow/.local/lib/python3.9/site-packages/airflow/example_dags/example_dynamic_task_mapping.py
[2025-12-11T23:14:03.817+0000] {processor.py:840} INFO - DAG(s) 'example_dynamic_task_mapping' retrieved from /home/airflow/.local/lib/python3.9/site-packages/airflow/example_dags/example_dynamic_task_mapping.py
[2025-12-11T23:14:03.890+0000] {logging_mixin.py:188} INFO - [2025-12-11T23:14:03.889+0000] {dag.py:3096} INFO - Sync 1 DAGs
[2025-12-11T23:14:03.956+0000] {logging_mixin.py:188} INFO - [2025-12-11T23:14:03.956+0000] {dag.py:3954} INFO - Setting next_dagrun for example_dynamic_task_mapping to 2022-03-04 00:00:00+00:00, run_after=2022-03-05 00:00:00+00:00
[2025-12-11T23:14:04.020+0000] {processor.py:183} INFO - Processing /home/airflow/.local/lib/python3.9/site-packages/airflow/example_dags/example_dynamic_task_mapping.py took 0.283 seconds
[2025-12-11T23:14:34.675+0000] {processor.py:161} INFO - Started process (PID=3048) to work on /home/airflow/.local/lib/python3.9/site-packages/airflow/example_dags/example_dynamic_task_mapping.py
[2025-12-11T23:14:34.691+0000] {processor.py:830} INFO - Processing file /home/airflow/.local/lib/python3.9/site-packages/airflow/example_dags/example_dynamic_task_mapping.py for tasks to queue
[2025-12-11T23:14:34.695+0000] {logging_mixin.py:188} INFO - [2025-12-11T23:14:34.694+0000] {dagbag.py:545} INFO - Filling up the DagBag from /home/airflow/.local/lib/python3.9/site-packages/airflow/example_dags/example_dynamic_task_mapping.py
[2025-12-11T23:14:34.732+0000] {processor.py:840} INFO - DAG(s) 'example_dynamic_task_mapping' retrieved from /home/airflow/.local/lib/python3.9/site-packages/airflow/example_dags/example_dynamic_task_mapping.py
[2025-12-11T23:14:34.837+0000] {logging_mixin.py:188} INFO - [2025-12-11T23:14:34.837+0000] {dag.py:3096} INFO - Sync 1 DAGs
[2025-12-11T23:14:34.952+0000] {logging_mixin.py:188} INFO - [2025-12-11T23:14:34.951+0000] {dag.py:3954} INFO - Setting next_dagrun for example_dynamic_task_mapping to 2022-03-04 00:00:00+00:00, run_after=2022-03-05 00:00:00+00:00
[2025-12-11T23:14:35.091+0000] {processor.py:183} INFO - Processing /home/airflow/.local/lib/python3.9/site-packages/airflow/example_dags/example_dynamic_task_mapping.py took 0.441 seconds
[2025-12-11T23:15:05.779+0000] {processor.py:161} INFO - Started process (PID=3115) to work on /home/airflow/.local/lib/python3.9/site-packages/airflow/example_dags/example_dynamic_task_mapping.py
[2025-12-11T23:15:05.830+0000] {processor.py:830} INFO - Processing file /home/airflow/.local/lib/python3.9/site-packages/airflow/example_dags/example_dynamic_task_mapping.py for tasks to queue
[2025-12-11T23:15:05.834+0000] {logging_mixin.py:188} INFO - [2025-12-11T23:15:05.834+0000] {dagbag.py:545} INFO - Filling up the DagBag from /home/airflow/.local/lib/python3.9/site-packages/airflow/example_dags/example_dynamic_task_mapping.py
[2025-12-11T23:15:05.869+0000] {processor.py:840} INFO - DAG(s) 'example_dynamic_task_mapping' retrieved from /home/airflow/.local/lib/python3.9/site-packages/airflow/example_dags/example_dynamic_task_mapping.py
[2025-12-11T23:15:05.980+0000] {logging_mixin.py:188} INFO - [2025-12-11T23:15:05.979+0000] {dag.py:3096} INFO - Sync 1 DAGs
[2025-12-11T23:15:06.090+0000] {logging_mixin.py:188} INFO - [2025-12-11T23:15:06.089+0000] {dag.py:3954} INFO - Setting next_dagrun for example_dynamic_task_mapping to 2022-03-04 00:00:00+00:00, run_after=2022-03-05 00:00:00+00:00
[2025-12-11T23:15:06.193+0000] {processor.py:183} INFO - Processing /home/airflow/.local/lib/python3.9/site-packages/airflow/example_dags/example_dynamic_task_mapping.py took 0.433 seconds
[2025-12-11T23:15:36.617+0000] {processor.py:161} INFO - Started process (PID=3181) to work on /home/airflow/.local/lib/python3.9/site-packages/airflow/example_dags/example_dynamic_task_mapping.py
[2025-12-11T23:15:36.696+0000] {processor.py:830} INFO - Processing file /home/airflow/.local/lib/python3.9/site-packages/airflow/example_dags/example_dynamic_task_mapping.py for tasks to queue
[2025-12-11T23:15:36.699+0000] {logging_mixin.py:188} INFO - [2025-12-11T23:15:36.699+0000] {dagbag.py:545} INFO - Filling up the DagBag from /home/airflow/.local/lib/python3.9/site-packages/airflow/example_dags/example_dynamic_task_mapping.py
[2025-12-11T23:15:36.712+0000] {processor.py:840} INFO - DAG(s) 'example_dynamic_task_mapping' retrieved from /home/airflow/.local/lib/python3.9/site-packages/airflow/example_dags/example_dynamic_task_mapping.py
[2025-12-11T23:15:36.769+0000] {logging_mixin.py:188} INFO - [2025-12-11T23:15:36.762+0000] {dag.py:3096} INFO - Sync 1 DAGs
[2025-12-11T23:15:36.829+0000] {logging_mixin.py:188} INFO - [2025-12-11T23:15:36.829+0000] {dag.py:3954} INFO - Setting next_dagrun for example_dynamic_task_mapping to 2022-03-04 00:00:00+00:00, run_after=2022-03-05 00:00:00+00:00
[2025-12-11T23:15:36.994+0000] {processor.py:183} INFO - Processing /home/airflow/.local/lib/python3.9/site-packages/airflow/example_dags/example_dynamic_task_mapping.py took 0.398 seconds
[2025-12-11T23:16:08.514+0000] {processor.py:161} INFO - Started process (PID=3250) to work on /home/airflow/.local/lib/python3.9/site-packages/airflow/example_dags/example_dynamic_task_mapping.py
[2025-12-11T23:16:08.522+0000] {processor.py:830} INFO - Processing file /home/airflow/.local/lib/python3.9/site-packages/airflow/example_dags/example_dynamic_task_mapping.py for tasks to queue
[2025-12-11T23:16:08.531+0000] {logging_mixin.py:188} INFO - [2025-12-11T23:16:08.531+0000] {dagbag.py:545} INFO - Filling up the DagBag from /home/airflow/.local/lib/python3.9/site-packages/airflow/example_dags/example_dynamic_task_mapping.py
[2025-12-11T23:16:08.556+0000] {processor.py:840} INFO - DAG(s) 'example_dynamic_task_mapping' retrieved from /home/airflow/.local/lib/python3.9/site-packages/airflow/example_dags/example_dynamic_task_mapping.py
[2025-12-11T23:16:08.669+0000] {logging_mixin.py:188} INFO - [2025-12-11T23:16:08.657+0000] {dag.py:3096} INFO - Sync 1 DAGs
[2025-12-11T23:16:08.754+0000] {logging_mixin.py:188} INFO - [2025-12-11T23:16:08.753+0000] {dag.py:3954} INFO - Setting next_dagrun for example_dynamic_task_mapping to 2022-03-04 00:00:00+00:00, run_after=2022-03-05 00:00:00+00:00
[2025-12-11T23:16:08.972+0000] {processor.py:183} INFO - Processing /home/airflow/.local/lib/python3.9/site-packages/airflow/example_dags/example_dynamic_task_mapping.py took 0.482 seconds
[2025-12-11T23:16:39.595+0000] {processor.py:161} INFO - Started process (PID=3317) to work on /home/airflow/.local/lib/python3.9/site-packages/airflow/example_dags/example_dynamic_task_mapping.py
[2025-12-11T23:16:39.624+0000] {processor.py:830} INFO - Processing file /home/airflow/.local/lib/python3.9/site-packages/airflow/example_dags/example_dynamic_task_mapping.py for tasks to queue
[2025-12-11T23:16:39.627+0000] {logging_mixin.py:188} INFO - [2025-12-11T23:16:39.627+0000] {dagbag.py:545} INFO - Filling up the DagBag from /home/airflow/.local/lib/python3.9/site-packages/airflow/example_dags/example_dynamic_task_mapping.py
[2025-12-11T23:16:39.639+0000] {processor.py:840} INFO - DAG(s) 'example_dynamic_task_mapping' retrieved from /home/airflow/.local/lib/python3.9/site-packages/airflow/example_dags/example_dynamic_task_mapping.py
[2025-12-11T23:16:39.702+0000] {logging_mixin.py:188} INFO - [2025-12-11T23:16:39.701+0000] {dag.py:3096} INFO - Sync 1 DAGs
[2025-12-11T23:16:39.794+0000] {logging_mixin.py:188} INFO - [2025-12-11T23:16:39.793+0000] {dag.py:3954} INFO - Setting next_dagrun for example_dynamic_task_mapping to 2022-03-04 00:00:00+00:00, run_after=2022-03-05 00:00:00+00:00
[2025-12-11T23:16:39.860+0000] {processor.py:183} INFO - Processing /home/airflow/.local/lib/python3.9/site-packages/airflow/example_dags/example_dynamic_task_mapping.py took 0.284 seconds
[2025-12-11T23:17:10.181+0000] {processor.py:161} INFO - Started process (PID=3384) to work on /home/airflow/.local/lib/python3.9/site-packages/airflow/example_dags/example_dynamic_task_mapping.py
[2025-12-11T23:17:10.197+0000] {processor.py:830} INFO - Processing file /home/airflow/.local/lib/python3.9/site-packages/airflow/example_dags/example_dynamic_task_mapping.py for tasks to queue
[2025-12-11T23:17:10.201+0000] {logging_mixin.py:188} INFO - [2025-12-11T23:17:10.200+0000] {dagbag.py:545} INFO - Filling up the DagBag from /home/airflow/.local/lib/python3.9/site-packages/airflow/example_dags/example_dynamic_task_mapping.py
[2025-12-11T23:17:10.219+0000] {processor.py:840} INFO - DAG(s) 'example_dynamic_task_mapping' retrieved from /home/airflow/.local/lib/python3.9/site-packages/airflow/example_dags/example_dynamic_task_mapping.py
[2025-12-11T23:17:10.289+0000] {logging_mixin.py:188} INFO - [2025-12-11T23:17:10.286+0000] {dag.py:3096} INFO - Sync 1 DAGs
[2025-12-11T23:17:10.334+0000] {logging_mixin.py:188} INFO - [2025-12-11T23:17:10.334+0000] {dag.py:3954} INFO - Setting next_dagrun for example_dynamic_task_mapping to 2022-03-04 00:00:00+00:00, run_after=2022-03-05 00:00:00+00:00
[2025-12-11T23:17:10.369+0000] {processor.py:183} INFO - Processing /home/airflow/.local/lib/python3.9/site-packages/airflow/example_dags/example_dynamic_task_mapping.py took 0.207 seconds
[2025-12-11T23:17:40.445+0000] {processor.py:161} INFO - Started process (PID=3450) to work on /home/airflow/.local/lib/python3.9/site-packages/airflow/example_dags/example_dynamic_task_mapping.py
[2025-12-11T23:17:40.447+0000] {processor.py:830} INFO - Processing file /home/airflow/.local/lib/python3.9/site-packages/airflow/example_dags/example_dynamic_task_mapping.py for tasks to queue
[2025-12-11T23:17:40.451+0000] {logging_mixin.py:188} INFO - [2025-12-11T23:17:40.451+0000] {dagbag.py:545} INFO - Filling up the DagBag from /home/airflow/.local/lib/python3.9/site-packages/airflow/example_dags/example_dynamic_task_mapping.py
[2025-12-11T23:17:40.462+0000] {processor.py:840} INFO - DAG(s) 'example_dynamic_task_mapping' retrieved from /home/airflow/.local/lib/python3.9/site-packages/airflow/example_dags/example_dynamic_task_mapping.py
[2025-12-11T23:17:40.502+0000] {logging_mixin.py:188} INFO - [2025-12-11T23:17:40.501+0000] {dag.py:3096} INFO - Sync 1 DAGs
[2025-12-11T23:17:40.547+0000] {logging_mixin.py:188} INFO - [2025-12-11T23:17:40.547+0000] {dag.py:3954} INFO - Setting next_dagrun for example_dynamic_task_mapping to 2022-03-04 00:00:00+00:00, run_after=2022-03-05 00:00:00+00:00
[2025-12-11T23:17:40.576+0000] {processor.py:183} INFO - Processing /home/airflow/.local/lib/python3.9/site-packages/airflow/example_dags/example_dynamic_task_mapping.py took 0.146 seconds
[2025-12-11T23:18:10.769+0000] {processor.py:161} INFO - Started process (PID=3517) to work on /home/airflow/.local/lib/python3.9/site-packages/airflow/example_dags/example_dynamic_task_mapping.py
[2025-12-11T23:18:10.771+0000] {processor.py:830} INFO - Processing file /home/airflow/.local/lib/python3.9/site-packages/airflow/example_dags/example_dynamic_task_mapping.py for tasks to queue
[2025-12-11T23:18:10.775+0000] {logging_mixin.py:188} INFO - [2025-12-11T23:18:10.774+0000] {dagbag.py:545} INFO - Filling up the DagBag from /home/airflow/.local/lib/python3.9/site-packages/airflow/example_dags/example_dynamic_task_mapping.py
[2025-12-11T23:18:10.792+0000] {processor.py:840} INFO - DAG(s) 'example_dynamic_task_mapping' retrieved from /home/airflow/.local/lib/python3.9/site-packages/airflow/example_dags/example_dynamic_task_mapping.py
[2025-12-11T23:18:10.835+0000] {logging_mixin.py:188} INFO - [2025-12-11T23:18:10.835+0000] {dag.py:3096} INFO - Sync 1 DAGs
[2025-12-11T23:18:10.876+0000] {logging_mixin.py:188} INFO - [2025-12-11T23:18:10.876+0000] {dag.py:3954} INFO - Setting next_dagrun for example_dynamic_task_mapping to 2022-03-04 00:00:00+00:00, run_after=2022-03-05 00:00:00+00:00
[2025-12-11T23:18:10.904+0000] {processor.py:183} INFO - Processing /home/airflow/.local/lib/python3.9/site-packages/airflow/example_dags/example_dynamic_task_mapping.py took 0.154 seconds
[2025-12-11T23:18:41.331+0000] {processor.py:161} INFO - Started process (PID=3584) to work on /home/airflow/.local/lib/python3.9/site-packages/airflow/example_dags/example_dynamic_task_mapping.py
[2025-12-11T23:18:41.333+0000] {processor.py:830} INFO - Processing file /home/airflow/.local/lib/python3.9/site-packages/airflow/example_dags/example_dynamic_task_mapping.py for tasks to queue
[2025-12-11T23:18:41.336+0000] {logging_mixin.py:188} INFO - [2025-12-11T23:18:41.335+0000] {dagbag.py:545} INFO - Filling up the DagBag from /home/airflow/.local/lib/python3.9/site-packages/airflow/example_dags/example_dynamic_task_mapping.py
[2025-12-11T23:18:41.346+0000] {processor.py:840} INFO - DAG(s) 'example_dynamic_task_mapping' retrieved from /home/airflow/.local/lib/python3.9/site-packages/airflow/example_dags/example_dynamic_task_mapping.py
[2025-12-11T23:18:41.395+0000] {logging_mixin.py:188} INFO - [2025-12-11T23:18:41.395+0000] {dag.py:3096} INFO - Sync 1 DAGs
[2025-12-11T23:18:41.438+0000] {logging_mixin.py:188} INFO - [2025-12-11T23:18:41.438+0000] {dag.py:3954} INFO - Setting next_dagrun for example_dynamic_task_mapping to 2022-03-04 00:00:00+00:00, run_after=2022-03-05 00:00:00+00:00
[2025-12-11T23:18:41.470+0000] {processor.py:183} INFO - Processing /home/airflow/.local/lib/python3.9/site-packages/airflow/example_dags/example_dynamic_task_mapping.py took 0.150 seconds
[2025-12-11T23:19:12.136+0000] {processor.py:161} INFO - Started process (PID=3651) to work on /home/airflow/.local/lib/python3.9/site-packages/airflow/example_dags/example_dynamic_task_mapping.py
[2025-12-11T23:19:12.137+0000] {processor.py:830} INFO - Processing file /home/airflow/.local/lib/python3.9/site-packages/airflow/example_dags/example_dynamic_task_mapping.py for tasks to queue
[2025-12-11T23:19:12.141+0000] {logging_mixin.py:188} INFO - [2025-12-11T23:19:12.141+0000] {dagbag.py:545} INFO - Filling up the DagBag from /home/airflow/.local/lib/python3.9/site-packages/airflow/example_dags/example_dynamic_task_mapping.py
[2025-12-11T23:19:12.157+0000] {processor.py:840} INFO - DAG(s) 'example_dynamic_task_mapping' retrieved from /home/airflow/.local/lib/python3.9/site-packages/airflow/example_dags/example_dynamic_task_mapping.py
[2025-12-11T23:19:12.216+0000] {logging_mixin.py:188} INFO - [2025-12-11T23:19:12.215+0000] {dag.py:3096} INFO - Sync 1 DAGs
[2025-12-11T23:19:12.271+0000] {logging_mixin.py:188} INFO - [2025-12-11T23:19:12.270+0000] {dag.py:3954} INFO - Setting next_dagrun for example_dynamic_task_mapping to 2022-03-04 00:00:00+00:00, run_after=2022-03-05 00:00:00+00:00
[2025-12-11T23:19:12.315+0000] {processor.py:183} INFO - Processing /home/airflow/.local/lib/python3.9/site-packages/airflow/example_dags/example_dynamic_task_mapping.py took 0.200 seconds
[2025-12-11T23:19:42.441+0000] {processor.py:161} INFO - Started process (PID=3718) to work on /home/airflow/.local/lib/python3.9/site-packages/airflow/example_dags/example_dynamic_task_mapping.py
[2025-12-11T23:19:42.452+0000] {processor.py:830} INFO - Processing file /home/airflow/.local/lib/python3.9/site-packages/airflow/example_dags/example_dynamic_task_mapping.py for tasks to queue
[2025-12-11T23:19:42.455+0000] {logging_mixin.py:188} INFO - [2025-12-11T23:19:42.455+0000] {dagbag.py:545} INFO - Filling up the DagBag from /home/airflow/.local/lib/python3.9/site-packages/airflow/example_dags/example_dynamic_task_mapping.py
[2025-12-11T23:19:42.468+0000] {processor.py:840} INFO - DAG(s) 'example_dynamic_task_mapping' retrieved from /home/airflow/.local/lib/python3.9/site-packages/airflow/example_dags/example_dynamic_task_mapping.py
[2025-12-11T23:19:42.510+0000] {logging_mixin.py:188} INFO - [2025-12-11T23:19:42.510+0000] {dag.py:3096} INFO - Sync 1 DAGs
[2025-12-11T23:19:42.579+0000] {logging_mixin.py:188} INFO - [2025-12-11T23:19:42.579+0000] {dag.py:3954} INFO - Setting next_dagrun for example_dynamic_task_mapping to 2022-03-04 00:00:00+00:00, run_after=2022-03-05 00:00:00+00:00
[2025-12-11T23:19:42.680+0000] {processor.py:183} INFO - Processing /home/airflow/.local/lib/python3.9/site-packages/airflow/example_dags/example_dynamic_task_mapping.py took 0.250 seconds
[2025-12-11T23:20:13.033+0000] {processor.py:161} INFO - Started process (PID=3784) to work on /home/airflow/.local/lib/python3.9/site-packages/airflow/example_dags/example_dynamic_task_mapping.py
[2025-12-11T23:20:13.060+0000] {processor.py:830} INFO - Processing file /home/airflow/.local/lib/python3.9/site-packages/airflow/example_dags/example_dynamic_task_mapping.py for tasks to queue
[2025-12-11T23:20:13.065+0000] {logging_mixin.py:188} INFO - [2025-12-11T23:20:13.063+0000] {dagbag.py:545} INFO - Filling up the DagBag from /home/airflow/.local/lib/python3.9/site-packages/airflow/example_dags/example_dynamic_task_mapping.py
[2025-12-11T23:20:13.078+0000] {processor.py:840} INFO - DAG(s) 'example_dynamic_task_mapping' retrieved from /home/airflow/.local/lib/python3.9/site-packages/airflow/example_dags/example_dynamic_task_mapping.py
[2025-12-11T23:20:13.115+0000] {logging_mixin.py:188} INFO - [2025-12-11T23:20:13.114+0000] {dag.py:3096} INFO - Sync 1 DAGs
[2025-12-11T23:20:13.154+0000] {logging_mixin.py:188} INFO - [2025-12-11T23:20:13.154+0000] {dag.py:3954} INFO - Setting next_dagrun for example_dynamic_task_mapping to 2022-03-04 00:00:00+00:00, run_after=2022-03-05 00:00:00+00:00
[2025-12-11T23:20:13.409+0000] {processor.py:183} INFO - Processing /home/airflow/.local/lib/python3.9/site-packages/airflow/example_dags/example_dynamic_task_mapping.py took 0.390 seconds
[2025-12-11T23:20:44.184+0000] {processor.py:161} INFO - Started process (PID=3852) to work on /home/airflow/.local/lib/python3.9/site-packages/airflow/example_dags/example_dynamic_task_mapping.py
[2025-12-11T23:20:44.203+0000] {processor.py:830} INFO - Processing file /home/airflow/.local/lib/python3.9/site-packages/airflow/example_dags/example_dynamic_task_mapping.py for tasks to queue
[2025-12-11T23:20:44.210+0000] {logging_mixin.py:188} INFO - [2025-12-11T23:20:44.210+0000] {dagbag.py:545} INFO - Filling up the DagBag from /home/airflow/.local/lib/python3.9/site-packages/airflow/example_dags/example_dynamic_task_mapping.py
[2025-12-11T23:20:44.224+0000] {processor.py:840} INFO - DAG(s) 'example_dynamic_task_mapping' retrieved from /home/airflow/.local/lib/python3.9/site-packages/airflow/example_dags/example_dynamic_task_mapping.py
[2025-12-11T23:20:44.285+0000] {logging_mixin.py:188} INFO - [2025-12-11T23:20:44.284+0000] {dag.py:3096} INFO - Sync 1 DAGs
[2025-12-11T23:20:44.335+0000] {logging_mixin.py:188} INFO - [2025-12-11T23:20:44.335+0000] {dag.py:3954} INFO - Setting next_dagrun for example_dynamic_task_mapping to 2022-03-04 00:00:00+00:00, run_after=2022-03-05 00:00:00+00:00
[2025-12-11T23:20:44.575+0000] {processor.py:183} INFO - Processing /home/airflow/.local/lib/python3.9/site-packages/airflow/example_dags/example_dynamic_task_mapping.py took 0.404 seconds
[2025-12-11T23:21:14.670+0000] {processor.py:161} INFO - Started process (PID=3919) to work on /home/airflow/.local/lib/python3.9/site-packages/airflow/example_dags/example_dynamic_task_mapping.py
[2025-12-11T23:21:14.671+0000] {processor.py:830} INFO - Processing file /home/airflow/.local/lib/python3.9/site-packages/airflow/example_dags/example_dynamic_task_mapping.py for tasks to queue
[2025-12-11T23:21:14.674+0000] {logging_mixin.py:188} INFO - [2025-12-11T23:21:14.674+0000] {dagbag.py:545} INFO - Filling up the DagBag from /home/airflow/.local/lib/python3.9/site-packages/airflow/example_dags/example_dynamic_task_mapping.py
[2025-12-11T23:21:14.685+0000] {processor.py:840} INFO - DAG(s) 'example_dynamic_task_mapping' retrieved from /home/airflow/.local/lib/python3.9/site-packages/airflow/example_dags/example_dynamic_task_mapping.py
[2025-12-11T23:21:14.725+0000] {logging_mixin.py:188} INFO - [2025-12-11T23:21:14.724+0000] {dag.py:3096} INFO - Sync 1 DAGs
[2025-12-11T23:21:14.765+0000] {logging_mixin.py:188} INFO - [2025-12-11T23:21:14.765+0000] {dag.py:3954} INFO - Setting next_dagrun for example_dynamic_task_mapping to 2022-03-04 00:00:00+00:00, run_after=2022-03-05 00:00:00+00:00
[2025-12-11T23:21:14.796+0000] {processor.py:183} INFO - Processing /home/airflow/.local/lib/python3.9/site-packages/airflow/example_dags/example_dynamic_task_mapping.py took 0.140 seconds
[2025-12-11T23:21:45.300+0000] {processor.py:161} INFO - Started process (PID=3986) to work on /home/airflow/.local/lib/python3.9/site-packages/airflow/example_dags/example_dynamic_task_mapping.py
[2025-12-11T23:21:45.301+0000] {processor.py:830} INFO - Processing file /home/airflow/.local/lib/python3.9/site-packages/airflow/example_dags/example_dynamic_task_mapping.py for tasks to queue
[2025-12-11T23:21:45.303+0000] {logging_mixin.py:188} INFO - [2025-12-11T23:21:45.303+0000] {dagbag.py:545} INFO - Filling up the DagBag from /home/airflow/.local/lib/python3.9/site-packages/airflow/example_dags/example_dynamic_task_mapping.py
[2025-12-11T23:21:45.315+0000] {processor.py:840} INFO - DAG(s) 'example_dynamic_task_mapping' retrieved from /home/airflow/.local/lib/python3.9/site-packages/airflow/example_dags/example_dynamic_task_mapping.py
[2025-12-11T23:21:45.355+0000] {logging_mixin.py:188} INFO - [2025-12-11T23:21:45.354+0000] {dag.py:3096} INFO - Sync 1 DAGs
[2025-12-11T23:21:45.393+0000] {logging_mixin.py:188} INFO - [2025-12-11T23:21:45.393+0000] {dag.py:3954} INFO - Setting next_dagrun for example_dynamic_task_mapping to 2022-03-04 00:00:00+00:00, run_after=2022-03-05 00:00:00+00:00
[2025-12-11T23:21:45.418+0000] {processor.py:183} INFO - Processing /home/airflow/.local/lib/python3.9/site-packages/airflow/example_dags/example_dynamic_task_mapping.py took 0.128 seconds
[2025-12-11T23:22:15.991+0000] {processor.py:161} INFO - Started process (PID=4053) to work on /home/airflow/.local/lib/python3.9/site-packages/airflow/example_dags/example_dynamic_task_mapping.py
[2025-12-11T23:22:16.071+0000] {processor.py:830} INFO - Processing file /home/airflow/.local/lib/python3.9/site-packages/airflow/example_dags/example_dynamic_task_mapping.py for tasks to queue
[2025-12-11T23:22:16.074+0000] {logging_mixin.py:188} INFO - [2025-12-11T23:22:16.074+0000] {dagbag.py:545} INFO - Filling up the DagBag from /home/airflow/.local/lib/python3.9/site-packages/airflow/example_dags/example_dynamic_task_mapping.py
[2025-12-11T23:22:16.091+0000] {processor.py:840} INFO - DAG(s) 'example_dynamic_task_mapping' retrieved from /home/airflow/.local/lib/python3.9/site-packages/airflow/example_dags/example_dynamic_task_mapping.py
[2025-12-11T23:22:16.140+0000] {logging_mixin.py:188} INFO - [2025-12-11T23:22:16.139+0000] {dag.py:3096} INFO - Sync 1 DAGs
[2025-12-11T23:22:16.190+0000] {logging_mixin.py:188} INFO - [2025-12-11T23:22:16.190+0000] {dag.py:3954} INFO - Setting next_dagrun for example_dynamic_task_mapping to 2022-03-04 00:00:00+00:00, run_after=2022-03-05 00:00:00+00:00
[2025-12-11T23:22:16.285+0000] {processor.py:183} INFO - Processing /home/airflow/.local/lib/python3.9/site-packages/airflow/example_dags/example_dynamic_task_mapping.py took 0.304 seconds
[2025-12-11T23:22:46.776+0000] {processor.py:161} INFO - Started process (PID=4120) to work on /home/airflow/.local/lib/python3.9/site-packages/airflow/example_dags/example_dynamic_task_mapping.py
[2025-12-11T23:22:46.779+0000] {processor.py:830} INFO - Processing file /home/airflow/.local/lib/python3.9/site-packages/airflow/example_dags/example_dynamic_task_mapping.py for tasks to queue
[2025-12-11T23:22:46.783+0000] {logging_mixin.py:188} INFO - [2025-12-11T23:22:46.782+0000] {dagbag.py:545} INFO - Filling up the DagBag from /home/airflow/.local/lib/python3.9/site-packages/airflow/example_dags/example_dynamic_task_mapping.py
[2025-12-11T23:22:46.797+0000] {processor.py:840} INFO - DAG(s) 'example_dynamic_task_mapping' retrieved from /home/airflow/.local/lib/python3.9/site-packages/airflow/example_dags/example_dynamic_task_mapping.py
[2025-12-11T23:22:46.838+0000] {logging_mixin.py:188} INFO - [2025-12-11T23:22:46.837+0000] {dag.py:3096} INFO - Sync 1 DAGs
[2025-12-11T23:22:46.878+0000] {logging_mixin.py:188} INFO - [2025-12-11T23:22:46.877+0000] {dag.py:3954} INFO - Setting next_dagrun for example_dynamic_task_mapping to 2022-03-04 00:00:00+00:00, run_after=2022-03-05 00:00:00+00:00
[2025-12-11T23:22:46.906+0000] {processor.py:183} INFO - Processing /home/airflow/.local/lib/python3.9/site-packages/airflow/example_dags/example_dynamic_task_mapping.py took 0.145 seconds
[2025-12-11T23:23:17.235+0000] {processor.py:161} INFO - Started process (PID=4187) to work on /home/airflow/.local/lib/python3.9/site-packages/airflow/example_dags/example_dynamic_task_mapping.py
[2025-12-11T23:23:17.286+0000] {processor.py:830} INFO - Processing file /home/airflow/.local/lib/python3.9/site-packages/airflow/example_dags/example_dynamic_task_mapping.py for tasks to queue
[2025-12-11T23:23:17.291+0000] {logging_mixin.py:188} INFO - [2025-12-11T23:23:17.290+0000] {dagbag.py:545} INFO - Filling up the DagBag from /home/airflow/.local/lib/python3.9/site-packages/airflow/example_dags/example_dynamic_task_mapping.py
[2025-12-11T23:23:17.301+0000] {processor.py:840} INFO - DAG(s) 'example_dynamic_task_mapping' retrieved from /home/airflow/.local/lib/python3.9/site-packages/airflow/example_dags/example_dynamic_task_mapping.py
[2025-12-11T23:23:17.360+0000] {logging_mixin.py:188} INFO - [2025-12-11T23:23:17.359+0000] {dag.py:3096} INFO - Sync 1 DAGs
[2025-12-11T23:23:17.436+0000] {logging_mixin.py:188} INFO - [2025-12-11T23:23:17.435+0000] {dag.py:3954} INFO - Setting next_dagrun for example_dynamic_task_mapping to 2022-03-04 00:00:00+00:00, run_after=2022-03-05 00:00:00+00:00
[2025-12-11T23:23:17.493+0000] {processor.py:183} INFO - Processing /home/airflow/.local/lib/python3.9/site-packages/airflow/example_dags/example_dynamic_task_mapping.py took 0.277 seconds
[2025-12-11T23:23:47.747+0000] {processor.py:161} INFO - Started process (PID=4254) to work on /home/airflow/.local/lib/python3.9/site-packages/airflow/example_dags/example_dynamic_task_mapping.py
[2025-12-11T23:23:47.749+0000] {processor.py:830} INFO - Processing file /home/airflow/.local/lib/python3.9/site-packages/airflow/example_dags/example_dynamic_task_mapping.py for tasks to queue
[2025-12-11T23:23:47.753+0000] {logging_mixin.py:188} INFO - [2025-12-11T23:23:47.753+0000] {dagbag.py:545} INFO - Filling up the DagBag from /home/airflow/.local/lib/python3.9/site-packages/airflow/example_dags/example_dynamic_task_mapping.py
[2025-12-11T23:23:47.764+0000] {processor.py:840} INFO - DAG(s) 'example_dynamic_task_mapping' retrieved from /home/airflow/.local/lib/python3.9/site-packages/airflow/example_dags/example_dynamic_task_mapping.py
[2025-12-11T23:23:47.810+0000] {logging_mixin.py:188} INFO - [2025-12-11T23:23:47.809+0000] {dag.py:3096} INFO - Sync 1 DAGs
[2025-12-11T23:23:47.864+0000] {logging_mixin.py:188} INFO - [2025-12-11T23:23:47.863+0000] {dag.py:3954} INFO - Setting next_dagrun for example_dynamic_task_mapping to 2022-03-04 00:00:00+00:00, run_after=2022-03-05 00:00:00+00:00
[2025-12-11T23:23:47.909+0000] {processor.py:183} INFO - Processing /home/airflow/.local/lib/python3.9/site-packages/airflow/example_dags/example_dynamic_task_mapping.py took 0.174 seconds
[2025-12-11T23:24:18.036+0000] {processor.py:161} INFO - Started process (PID=4320) to work on /home/airflow/.local/lib/python3.9/site-packages/airflow/example_dags/example_dynamic_task_mapping.py
[2025-12-11T23:24:18.038+0000] {processor.py:830} INFO - Processing file /home/airflow/.local/lib/python3.9/site-packages/airflow/example_dags/example_dynamic_task_mapping.py for tasks to queue
[2025-12-11T23:24:18.042+0000] {logging_mixin.py:188} INFO - [2025-12-11T23:24:18.041+0000] {dagbag.py:545} INFO - Filling up the DagBag from /home/airflow/.local/lib/python3.9/site-packages/airflow/example_dags/example_dynamic_task_mapping.py
[2025-12-11T23:24:18.052+0000] {processor.py:840} INFO - DAG(s) 'example_dynamic_task_mapping' retrieved from /home/airflow/.local/lib/python3.9/site-packages/airflow/example_dags/example_dynamic_task_mapping.py
[2025-12-11T23:24:18.091+0000] {logging_mixin.py:188} INFO - [2025-12-11T23:24:18.090+0000] {dag.py:3096} INFO - Sync 1 DAGs
[2025-12-11T23:24:18.130+0000] {logging_mixin.py:188} INFO - [2025-12-11T23:24:18.129+0000] {dag.py:3954} INFO - Setting next_dagrun for example_dynamic_task_mapping to 2022-03-04 00:00:00+00:00, run_after=2022-03-05 00:00:00+00:00
[2025-12-11T23:24:18.157+0000] {processor.py:183} INFO - Processing /home/airflow/.local/lib/python3.9/site-packages/airflow/example_dags/example_dynamic_task_mapping.py took 0.132 seconds
[2025-12-11T23:24:48.902+0000] {processor.py:161} INFO - Started process (PID=4387) to work on /home/airflow/.local/lib/python3.9/site-packages/airflow/example_dags/example_dynamic_task_mapping.py
[2025-12-11T23:24:48.909+0000] {processor.py:830} INFO - Processing file /home/airflow/.local/lib/python3.9/site-packages/airflow/example_dags/example_dynamic_task_mapping.py for tasks to queue
[2025-12-11T23:24:48.912+0000] {logging_mixin.py:188} INFO - [2025-12-11T23:24:48.911+0000] {dagbag.py:545} INFO - Filling up the DagBag from /home/airflow/.local/lib/python3.9/site-packages/airflow/example_dags/example_dynamic_task_mapping.py
[2025-12-11T23:24:48.922+0000] {processor.py:840} INFO - DAG(s) 'example_dynamic_task_mapping' retrieved from /home/airflow/.local/lib/python3.9/site-packages/airflow/example_dags/example_dynamic_task_mapping.py
[2025-12-11T23:24:48.957+0000] {logging_mixin.py:188} INFO - [2025-12-11T23:24:48.957+0000] {dag.py:3096} INFO - Sync 1 DAGs
[2025-12-11T23:24:48.993+0000] {logging_mixin.py:188} INFO - [2025-12-11T23:24:48.993+0000] {dag.py:3954} INFO - Setting next_dagrun for example_dynamic_task_mapping to 2022-03-04 00:00:00+00:00, run_after=2022-03-05 00:00:00+00:00
[2025-12-11T23:24:49.020+0000] {processor.py:183} INFO - Processing /home/airflow/.local/lib/python3.9/site-packages/airflow/example_dags/example_dynamic_task_mapping.py took 0.127 seconds
[2025-12-11T23:25:19.299+0000] {processor.py:161} INFO - Started process (PID=4454) to work on /home/airflow/.local/lib/python3.9/site-packages/airflow/example_dags/example_dynamic_task_mapping.py
[2025-12-11T23:25:19.337+0000] {processor.py:830} INFO - Processing file /home/airflow/.local/lib/python3.9/site-packages/airflow/example_dags/example_dynamic_task_mapping.py for tasks to queue
[2025-12-11T23:25:19.341+0000] {logging_mixin.py:188} INFO - [2025-12-11T23:25:19.340+0000] {dagbag.py:545} INFO - Filling up the DagBag from /home/airflow/.local/lib/python3.9/site-packages/airflow/example_dags/example_dynamic_task_mapping.py
[2025-12-11T23:25:19.351+0000] {processor.py:840} INFO - DAG(s) 'example_dynamic_task_mapping' retrieved from /home/airflow/.local/lib/python3.9/site-packages/airflow/example_dags/example_dynamic_task_mapping.py
[2025-12-11T23:25:19.389+0000] {logging_mixin.py:188} INFO - [2025-12-11T23:25:19.388+0000] {dag.py:3096} INFO - Sync 1 DAGs
[2025-12-11T23:25:19.430+0000] {logging_mixin.py:188} INFO - [2025-12-11T23:25:19.429+0000] {dag.py:3954} INFO - Setting next_dagrun for example_dynamic_task_mapping to 2022-03-04 00:00:00+00:00, run_after=2022-03-05 00:00:00+00:00
[2025-12-11T23:25:19.487+0000] {processor.py:183} INFO - Processing /home/airflow/.local/lib/python3.9/site-packages/airflow/example_dags/example_dynamic_task_mapping.py took 0.199 seconds
[2025-12-11T23:25:49.628+0000] {processor.py:161} INFO - Started process (PID=4521) to work on /home/airflow/.local/lib/python3.9/site-packages/airflow/example_dags/example_dynamic_task_mapping.py
[2025-12-11T23:25:49.629+0000] {processor.py:830} INFO - Processing file /home/airflow/.local/lib/python3.9/site-packages/airflow/example_dags/example_dynamic_task_mapping.py for tasks to queue
[2025-12-11T23:25:49.632+0000] {logging_mixin.py:188} INFO - [2025-12-11T23:25:49.631+0000] {dagbag.py:545} INFO - Filling up the DagBag from /home/airflow/.local/lib/python3.9/site-packages/airflow/example_dags/example_dynamic_task_mapping.py
[2025-12-11T23:25:49.643+0000] {processor.py:840} INFO - DAG(s) 'example_dynamic_task_mapping' retrieved from /home/airflow/.local/lib/python3.9/site-packages/airflow/example_dags/example_dynamic_task_mapping.py
[2025-12-11T23:25:49.679+0000] {logging_mixin.py:188} INFO - [2025-12-11T23:25:49.679+0000] {dag.py:3096} INFO - Sync 1 DAGs
[2025-12-11T23:25:49.715+0000] {logging_mixin.py:188} INFO - [2025-12-11T23:25:49.714+0000] {dag.py:3954} INFO - Setting next_dagrun for example_dynamic_task_mapping to 2022-03-04 00:00:00+00:00, run_after=2022-03-05 00:00:00+00:00
[2025-12-11T23:25:49.742+0000] {processor.py:183} INFO - Processing /home/airflow/.local/lib/python3.9/site-packages/airflow/example_dags/example_dynamic_task_mapping.py took 0.125 seconds
[2025-12-11T23:26:20.093+0000] {processor.py:161} INFO - Started process (PID=4592) to work on /home/airflow/.local/lib/python3.9/site-packages/airflow/example_dags/example_dynamic_task_mapping.py
[2025-12-11T23:26:20.123+0000] {processor.py:830} INFO - Processing file /home/airflow/.local/lib/python3.9/site-packages/airflow/example_dags/example_dynamic_task_mapping.py for tasks to queue
[2025-12-11T23:26:20.134+0000] {logging_mixin.py:188} INFO - [2025-12-11T23:26:20.133+0000] {dagbag.py:545} INFO - Filling up the DagBag from /home/airflow/.local/lib/python3.9/site-packages/airflow/example_dags/example_dynamic_task_mapping.py
[2025-12-11T23:26:20.177+0000] {processor.py:840} INFO - DAG(s) 'example_dynamic_task_mapping' retrieved from /home/airflow/.local/lib/python3.9/site-packages/airflow/example_dags/example_dynamic_task_mapping.py
[2025-12-11T23:26:20.295+0000] {logging_mixin.py:188} INFO - [2025-12-11T23:26:20.295+0000] {dag.py:3096} INFO - Sync 1 DAGs
[2025-12-11T23:26:20.751+0000] {logging_mixin.py:188} INFO - [2025-12-11T23:26:20.750+0000] {dag.py:3954} INFO - Setting next_dagrun for example_dynamic_task_mapping to 2022-03-04 00:00:00+00:00, run_after=2022-03-05 00:00:00+00:00
[2025-12-11T23:26:20.851+0000] {processor.py:183} INFO - Processing /home/airflow/.local/lib/python3.9/site-packages/airflow/example_dags/example_dynamic_task_mapping.py took 0.816 seconds
[2025-12-11T23:26:51.056+0000] {processor.py:161} INFO - Started process (PID=4659) to work on /home/airflow/.local/lib/python3.9/site-packages/airflow/example_dags/example_dynamic_task_mapping.py
[2025-12-11T23:26:51.058+0000] {processor.py:830} INFO - Processing file /home/airflow/.local/lib/python3.9/site-packages/airflow/example_dags/example_dynamic_task_mapping.py for tasks to queue
[2025-12-11T23:26:51.061+0000] {logging_mixin.py:188} INFO - [2025-12-11T23:26:51.060+0000] {dagbag.py:545} INFO - Filling up the DagBag from /home/airflow/.local/lib/python3.9/site-packages/airflow/example_dags/example_dynamic_task_mapping.py
[2025-12-11T23:26:51.072+0000] {processor.py:840} INFO - DAG(s) 'example_dynamic_task_mapping' retrieved from /home/airflow/.local/lib/python3.9/site-packages/airflow/example_dags/example_dynamic_task_mapping.py
[2025-12-11T23:26:51.113+0000] {logging_mixin.py:188} INFO - [2025-12-11T23:26:51.112+0000] {dag.py:3096} INFO - Sync 1 DAGs
[2025-12-11T23:26:51.154+0000] {logging_mixin.py:188} INFO - [2025-12-11T23:26:51.154+0000] {dag.py:3954} INFO - Setting next_dagrun for example_dynamic_task_mapping to 2022-03-04 00:00:00+00:00, run_after=2022-03-05 00:00:00+00:00
[2025-12-11T23:26:51.183+0000] {processor.py:183} INFO - Processing /home/airflow/.local/lib/python3.9/site-packages/airflow/example_dags/example_dynamic_task_mapping.py took 0.146 seconds
[2025-12-11T23:27:21.665+0000] {processor.py:161} INFO - Started process (PID=4726) to work on /home/airflow/.local/lib/python3.9/site-packages/airflow/example_dags/example_dynamic_task_mapping.py
[2025-12-11T23:27:21.669+0000] {processor.py:830} INFO - Processing file /home/airflow/.local/lib/python3.9/site-packages/airflow/example_dags/example_dynamic_task_mapping.py for tasks to queue
[2025-12-11T23:27:21.672+0000] {logging_mixin.py:188} INFO - [2025-12-11T23:27:21.671+0000] {dagbag.py:545} INFO - Filling up the DagBag from /home/airflow/.local/lib/python3.9/site-packages/airflow/example_dags/example_dynamic_task_mapping.py
[2025-12-11T23:27:21.684+0000] {processor.py:840} INFO - DAG(s) 'example_dynamic_task_mapping' retrieved from /home/airflow/.local/lib/python3.9/site-packages/airflow/example_dags/example_dynamic_task_mapping.py
[2025-12-11T23:27:21.725+0000] {logging_mixin.py:188} INFO - [2025-12-11T23:27:21.724+0000] {dag.py:3096} INFO - Sync 1 DAGs
[2025-12-11T23:27:21.767+0000] {logging_mixin.py:188} INFO - [2025-12-11T23:27:21.767+0000] {dag.py:3954} INFO - Setting next_dagrun for example_dynamic_task_mapping to 2022-03-04 00:00:00+00:00, run_after=2022-03-05 00:00:00+00:00
[2025-12-11T23:27:21.804+0000] {processor.py:183} INFO - Processing /home/airflow/.local/lib/python3.9/site-packages/airflow/example_dags/example_dynamic_task_mapping.py took 0.150 seconds
[2025-12-11T23:27:52.128+0000] {processor.py:161} INFO - Started process (PID=4791) to work on /home/airflow/.local/lib/python3.9/site-packages/airflow/example_dags/example_dynamic_task_mapping.py
[2025-12-11T23:27:52.129+0000] {processor.py:830} INFO - Processing file /home/airflow/.local/lib/python3.9/site-packages/airflow/example_dags/example_dynamic_task_mapping.py for tasks to queue
[2025-12-11T23:27:52.132+0000] {logging_mixin.py:188} INFO - [2025-12-11T23:27:52.132+0000] {dagbag.py:545} INFO - Filling up the DagBag from /home/airflow/.local/lib/python3.9/site-packages/airflow/example_dags/example_dynamic_task_mapping.py
[2025-12-11T23:27:52.143+0000] {processor.py:840} INFO - DAG(s) 'example_dynamic_task_mapping' retrieved from /home/airflow/.local/lib/python3.9/site-packages/airflow/example_dags/example_dynamic_task_mapping.py
[2025-12-11T23:27:52.178+0000] {logging_mixin.py:188} INFO - [2025-12-11T23:27:52.178+0000] {dag.py:3096} INFO - Sync 1 DAGs
[2025-12-11T23:27:52.217+0000] {logging_mixin.py:188} INFO - [2025-12-11T23:27:52.216+0000] {dag.py:3954} INFO - Setting next_dagrun for example_dynamic_task_mapping to 2022-03-04 00:00:00+00:00, run_after=2022-03-05 00:00:00+00:00
[2025-12-11T23:27:52.241+0000] {processor.py:183} INFO - Processing /home/airflow/.local/lib/python3.9/site-packages/airflow/example_dags/example_dynamic_task_mapping.py took 0.124 seconds
[2025-12-11T23:28:22.637+0000] {processor.py:161} INFO - Started process (PID=4857) to work on /home/airflow/.local/lib/python3.9/site-packages/airflow/example_dags/example_dynamic_task_mapping.py
[2025-12-11T23:28:22.640+0000] {processor.py:830} INFO - Processing file /home/airflow/.local/lib/python3.9/site-packages/airflow/example_dags/example_dynamic_task_mapping.py for tasks to queue
[2025-12-11T23:28:22.652+0000] {logging_mixin.py:188} INFO - [2025-12-11T23:28:22.651+0000] {dagbag.py:545} INFO - Filling up the DagBag from /home/airflow/.local/lib/python3.9/site-packages/airflow/example_dags/example_dynamic_task_mapping.py
[2025-12-11T23:28:22.673+0000] {processor.py:840} INFO - DAG(s) 'example_dynamic_task_mapping' retrieved from /home/airflow/.local/lib/python3.9/site-packages/airflow/example_dags/example_dynamic_task_mapping.py
[2025-12-11T23:28:22.740+0000] {logging_mixin.py:188} INFO - [2025-12-11T23:28:22.739+0000] {dag.py:3096} INFO - Sync 1 DAGs
[2025-12-11T23:28:22.810+0000] {logging_mixin.py:188} INFO - [2025-12-11T23:28:22.810+0000] {dag.py:3954} INFO - Setting next_dagrun for example_dynamic_task_mapping to 2022-03-04 00:00:00+00:00, run_after=2022-03-05 00:00:00+00:00
[2025-12-11T23:28:22.860+0000] {processor.py:183} INFO - Processing /home/airflow/.local/lib/python3.9/site-packages/airflow/example_dags/example_dynamic_task_mapping.py took 0.242 seconds
[2025-12-11T23:28:52.951+0000] {processor.py:161} INFO - Started process (PID=4924) to work on /home/airflow/.local/lib/python3.9/site-packages/airflow/example_dags/example_dynamic_task_mapping.py
[2025-12-11T23:28:52.953+0000] {processor.py:830} INFO - Processing file /home/airflow/.local/lib/python3.9/site-packages/airflow/example_dags/example_dynamic_task_mapping.py for tasks to queue
[2025-12-11T23:28:52.956+0000] {logging_mixin.py:188} INFO - [2025-12-11T23:28:52.956+0000] {dagbag.py:545} INFO - Filling up the DagBag from /home/airflow/.local/lib/python3.9/site-packages/airflow/example_dags/example_dynamic_task_mapping.py
[2025-12-11T23:28:52.994+0000] {processor.py:840} INFO - DAG(s) 'example_dynamic_task_mapping' retrieved from /home/airflow/.local/lib/python3.9/site-packages/airflow/example_dags/example_dynamic_task_mapping.py
[2025-12-11T23:28:53.090+0000] {logging_mixin.py:188} INFO - [2025-12-11T23:28:53.081+0000] {dag.py:3096} INFO - Sync 1 DAGs
[2025-12-11T23:28:53.185+0000] {logging_mixin.py:188} INFO - [2025-12-11T23:28:53.185+0000] {dag.py:3954} INFO - Setting next_dagrun for example_dynamic_task_mapping to 2022-03-04 00:00:00+00:00, run_after=2022-03-05 00:00:00+00:00
[2025-12-11T23:28:53.255+0000] {processor.py:183} INFO - Processing /home/airflow/.local/lib/python3.9/site-packages/airflow/example_dags/example_dynamic_task_mapping.py took 0.338 seconds
[2025-12-11T23:29:24.057+0000] {processor.py:161} INFO - Started process (PID=4991) to work on /home/airflow/.local/lib/python3.9/site-packages/airflow/example_dags/example_dynamic_task_mapping.py
[2025-12-11T23:29:24.059+0000] {processor.py:830} INFO - Processing file /home/airflow/.local/lib/python3.9/site-packages/airflow/example_dags/example_dynamic_task_mapping.py for tasks to queue
[2025-12-11T23:29:24.062+0000] {logging_mixin.py:188} INFO - [2025-12-11T23:29:24.061+0000] {dagbag.py:545} INFO - Filling up the DagBag from /home/airflow/.local/lib/python3.9/site-packages/airflow/example_dags/example_dynamic_task_mapping.py
[2025-12-11T23:29:24.073+0000] {processor.py:840} INFO - DAG(s) 'example_dynamic_task_mapping' retrieved from /home/airflow/.local/lib/python3.9/site-packages/airflow/example_dags/example_dynamic_task_mapping.py
[2025-12-11T23:29:24.109+0000] {logging_mixin.py:188} INFO - [2025-12-11T23:29:24.109+0000] {dag.py:3096} INFO - Sync 1 DAGs
[2025-12-11T23:29:24.149+0000] {logging_mixin.py:188} INFO - [2025-12-11T23:29:24.146+0000] {dag.py:3954} INFO - Setting next_dagrun for example_dynamic_task_mapping to 2022-03-04 00:00:00+00:00, run_after=2022-03-05 00:00:00+00:00
[2025-12-11T23:29:24.174+0000] {processor.py:183} INFO - Processing /home/airflow/.local/lib/python3.9/site-packages/airflow/example_dags/example_dynamic_task_mapping.py took 0.128 seconds
[2025-12-11T23:29:54.837+0000] {processor.py:161} INFO - Started process (PID=5065) to work on /home/airflow/.local/lib/python3.9/site-packages/airflow/example_dags/example_dynamic_task_mapping.py
[2025-12-11T23:29:54.839+0000] {processor.py:830} INFO - Processing file /home/airflow/.local/lib/python3.9/site-packages/airflow/example_dags/example_dynamic_task_mapping.py for tasks to queue
[2025-12-11T23:29:54.842+0000] {logging_mixin.py:188} INFO - [2025-12-11T23:29:54.842+0000] {dagbag.py:545} INFO - Filling up the DagBag from /home/airflow/.local/lib/python3.9/site-packages/airflow/example_dags/example_dynamic_task_mapping.py
[2025-12-11T23:29:54.858+0000] {processor.py:840} INFO - DAG(s) 'example_dynamic_task_mapping' retrieved from /home/airflow/.local/lib/python3.9/site-packages/airflow/example_dags/example_dynamic_task_mapping.py
[2025-12-11T23:29:54.935+0000] {logging_mixin.py:188} INFO - [2025-12-11T23:29:54.934+0000] {dag.py:3096} INFO - Sync 1 DAGs
[2025-12-11T23:29:55.017+0000] {logging_mixin.py:188} INFO - [2025-12-11T23:29:55.017+0000] {dag.py:3954} INFO - Setting next_dagrun for example_dynamic_task_mapping to 2022-03-04 00:00:00+00:00, run_after=2022-03-05 00:00:00+00:00
[2025-12-11T23:29:55.079+0000] {processor.py:183} INFO - Processing /home/airflow/.local/lib/python3.9/site-packages/airflow/example_dags/example_dynamic_task_mapping.py took 0.261 seconds
[2025-12-11T23:30:25.725+0000] {processor.py:161} INFO - Started process (PID=5132) to work on /home/airflow/.local/lib/python3.9/site-packages/airflow/example_dags/example_dynamic_task_mapping.py
[2025-12-11T23:30:25.731+0000] {processor.py:830} INFO - Processing file /home/airflow/.local/lib/python3.9/site-packages/airflow/example_dags/example_dynamic_task_mapping.py for tasks to queue
[2025-12-11T23:30:25.734+0000] {logging_mixin.py:188} INFO - [2025-12-11T23:30:25.733+0000] {dagbag.py:545} INFO - Filling up the DagBag from /home/airflow/.local/lib/python3.9/site-packages/airflow/example_dags/example_dynamic_task_mapping.py
[2025-12-11T23:30:25.754+0000] {processor.py:840} INFO - DAG(s) 'example_dynamic_task_mapping' retrieved from /home/airflow/.local/lib/python3.9/site-packages/airflow/example_dags/example_dynamic_task_mapping.py
[2025-12-11T23:30:25.819+0000] {logging_mixin.py:188} INFO - [2025-12-11T23:30:25.819+0000] {dag.py:3096} INFO - Sync 1 DAGs
[2025-12-11T23:30:25.881+0000] {logging_mixin.py:188} INFO - [2025-12-11T23:30:25.881+0000] {dag.py:3954} INFO - Setting next_dagrun for example_dynamic_task_mapping to 2022-03-04 00:00:00+00:00, run_after=2022-03-05 00:00:00+00:00
[2025-12-11T23:30:25.942+0000] {processor.py:183} INFO - Processing /home/airflow/.local/lib/python3.9/site-packages/airflow/example_dags/example_dynamic_task_mapping.py took 0.231 seconds
[2025-12-11T23:30:56.035+0000] {processor.py:161} INFO - Started process (PID=5199) to work on /home/airflow/.local/lib/python3.9/site-packages/airflow/example_dags/example_dynamic_task_mapping.py
[2025-12-11T23:30:56.037+0000] {processor.py:830} INFO - Processing file /home/airflow/.local/lib/python3.9/site-packages/airflow/example_dags/example_dynamic_task_mapping.py for tasks to queue
[2025-12-11T23:30:56.041+0000] {logging_mixin.py:188} INFO - [2025-12-11T23:30:56.040+0000] {dagbag.py:545} INFO - Filling up the DagBag from /home/airflow/.local/lib/python3.9/site-packages/airflow/example_dags/example_dynamic_task_mapping.py
[2025-12-11T23:30:56.071+0000] {processor.py:840} INFO - DAG(s) 'example_dynamic_task_mapping' retrieved from /home/airflow/.local/lib/python3.9/site-packages/airflow/example_dags/example_dynamic_task_mapping.py
[2025-12-11T23:30:56.132+0000] {logging_mixin.py:188} INFO - [2025-12-11T23:30:56.131+0000] {dag.py:3096} INFO - Sync 1 DAGs
[2025-12-11T23:30:56.189+0000] {logging_mixin.py:188} INFO - [2025-12-11T23:30:56.181+0000] {dag.py:3954} INFO - Setting next_dagrun for example_dynamic_task_mapping to 2022-03-04 00:00:00+00:00, run_after=2022-03-05 00:00:00+00:00
[2025-12-11T23:30:56.231+0000] {processor.py:183} INFO - Processing /home/airflow/.local/lib/python3.9/site-packages/airflow/example_dags/example_dynamic_task_mapping.py took 0.215 seconds
[2025-12-11T23:31:28.160+0000] {processor.py:161} INFO - Started process (PID=5266) to work on /home/airflow/.local/lib/python3.9/site-packages/airflow/example_dags/example_dynamic_task_mapping.py
[2025-12-11T23:31:28.176+0000] {processor.py:830} INFO - Processing file /home/airflow/.local/lib/python3.9/site-packages/airflow/example_dags/example_dynamic_task_mapping.py for tasks to queue
[2025-12-11T23:31:28.191+0000] {logging_mixin.py:188} INFO - [2025-12-11T23:31:28.190+0000] {dagbag.py:545} INFO - Filling up the DagBag from /home/airflow/.local/lib/python3.9/site-packages/airflow/example_dags/example_dynamic_task_mapping.py
[2025-12-11T23:31:28.233+0000] {processor.py:840} INFO - DAG(s) 'example_dynamic_task_mapping' retrieved from /home/airflow/.local/lib/python3.9/site-packages/airflow/example_dags/example_dynamic_task_mapping.py
[2025-12-11T23:31:28.302+0000] {logging_mixin.py:188} INFO - [2025-12-11T23:31:28.301+0000] {dag.py:3096} INFO - Sync 1 DAGs
[2025-12-11T23:31:28.389+0000] {logging_mixin.py:188} INFO - [2025-12-11T23:31:28.379+0000] {dag.py:3954} INFO - Setting next_dagrun for example_dynamic_task_mapping to 2022-03-04 00:00:00+00:00, run_after=2022-03-05 00:00:00+00:00
[2025-12-11T23:31:28.574+0000] {processor.py:183} INFO - Processing /home/airflow/.local/lib/python3.9/site-packages/airflow/example_dags/example_dynamic_task_mapping.py took 0.425 seconds
[2025-12-11T23:31:59.296+0000] {processor.py:161} INFO - Started process (PID=5333) to work on /home/airflow/.local/lib/python3.9/site-packages/airflow/example_dags/example_dynamic_task_mapping.py
[2025-12-11T23:31:59.409+0000] {processor.py:830} INFO - Processing file /home/airflow/.local/lib/python3.9/site-packages/airflow/example_dags/example_dynamic_task_mapping.py for tasks to queue
[2025-12-11T23:31:59.412+0000] {logging_mixin.py:188} INFO - [2025-12-11T23:31:59.411+0000] {dagbag.py:545} INFO - Filling up the DagBag from /home/airflow/.local/lib/python3.9/site-packages/airflow/example_dags/example_dynamic_task_mapping.py
[2025-12-11T23:31:59.423+0000] {processor.py:840} INFO - DAG(s) 'example_dynamic_task_mapping' retrieved from /home/airflow/.local/lib/python3.9/site-packages/airflow/example_dags/example_dynamic_task_mapping.py
[2025-12-11T23:31:59.545+0000] {logging_mixin.py:188} INFO - [2025-12-11T23:31:59.544+0000] {dag.py:3096} INFO - Sync 1 DAGs
[2025-12-11T23:31:59.593+0000] {logging_mixin.py:188} INFO - [2025-12-11T23:31:59.592+0000] {dag.py:3954} INFO - Setting next_dagrun for example_dynamic_task_mapping to 2022-03-04 00:00:00+00:00, run_after=2022-03-05 00:00:00+00:00
[2025-12-11T23:31:59.625+0000] {processor.py:183} INFO - Processing /home/airflow/.local/lib/python3.9/site-packages/airflow/example_dags/example_dynamic_task_mapping.py took 0.339 seconds
[2025-12-11T23:32:30.120+0000] {processor.py:161} INFO - Started process (PID=5400) to work on /home/airflow/.local/lib/python3.9/site-packages/airflow/example_dags/example_dynamic_task_mapping.py
[2025-12-11T23:32:30.124+0000] {processor.py:830} INFO - Processing file /home/airflow/.local/lib/python3.9/site-packages/airflow/example_dags/example_dynamic_task_mapping.py for tasks to queue
[2025-12-11T23:32:30.127+0000] {logging_mixin.py:188} INFO - [2025-12-11T23:32:30.127+0000] {dagbag.py:545} INFO - Filling up the DagBag from /home/airflow/.local/lib/python3.9/site-packages/airflow/example_dags/example_dynamic_task_mapping.py
[2025-12-11T23:32:30.139+0000] {processor.py:840} INFO - DAG(s) 'example_dynamic_task_mapping' retrieved from /home/airflow/.local/lib/python3.9/site-packages/airflow/example_dags/example_dynamic_task_mapping.py
[2025-12-11T23:32:30.178+0000] {logging_mixin.py:188} INFO - [2025-12-11T23:32:30.177+0000] {dag.py:3096} INFO - Sync 1 DAGs
[2025-12-11T23:32:30.218+0000] {logging_mixin.py:188} INFO - [2025-12-11T23:32:30.218+0000] {dag.py:3954} INFO - Setting next_dagrun for example_dynamic_task_mapping to 2022-03-04 00:00:00+00:00, run_after=2022-03-05 00:00:00+00:00
[2025-12-11T23:32:30.248+0000] {processor.py:183} INFO - Processing /home/airflow/.local/lib/python3.9/site-packages/airflow/example_dags/example_dynamic_task_mapping.py took 0.140 seconds
[2025-12-11T23:33:00.459+0000] {processor.py:161} INFO - Started process (PID=5467) to work on /home/airflow/.local/lib/python3.9/site-packages/airflow/example_dags/example_dynamic_task_mapping.py
[2025-12-11T23:33:00.460+0000] {processor.py:830} INFO - Processing file /home/airflow/.local/lib/python3.9/site-packages/airflow/example_dags/example_dynamic_task_mapping.py for tasks to queue
[2025-12-11T23:33:00.463+0000] {logging_mixin.py:188} INFO - [2025-12-11T23:33:00.463+0000] {dagbag.py:545} INFO - Filling up the DagBag from /home/airflow/.local/lib/python3.9/site-packages/airflow/example_dags/example_dynamic_task_mapping.py
[2025-12-11T23:33:00.476+0000] {processor.py:840} INFO - DAG(s) 'example_dynamic_task_mapping' retrieved from /home/airflow/.local/lib/python3.9/site-packages/airflow/example_dags/example_dynamic_task_mapping.py
[2025-12-11T23:33:00.515+0000] {logging_mixin.py:188} INFO - [2025-12-11T23:33:00.515+0000] {dag.py:3096} INFO - Sync 1 DAGs
[2025-12-11T23:33:00.555+0000] {logging_mixin.py:188} INFO - [2025-12-11T23:33:00.555+0000] {dag.py:3954} INFO - Setting next_dagrun for example_dynamic_task_mapping to 2022-03-04 00:00:00+00:00, run_after=2022-03-05 00:00:00+00:00
[2025-12-11T23:33:00.582+0000] {processor.py:183} INFO - Processing /home/airflow/.local/lib/python3.9/site-packages/airflow/example_dags/example_dynamic_task_mapping.py took 0.134 seconds
[2025-12-11T23:33:30.776+0000] {processor.py:161} INFO - Started process (PID=5534) to work on /home/airflow/.local/lib/python3.9/site-packages/airflow/example_dags/example_dynamic_task_mapping.py
[2025-12-11T23:33:30.778+0000] {processor.py:830} INFO - Processing file /home/airflow/.local/lib/python3.9/site-packages/airflow/example_dags/example_dynamic_task_mapping.py for tasks to queue
[2025-12-11T23:33:30.780+0000] {logging_mixin.py:188} INFO - [2025-12-11T23:33:30.780+0000] {dagbag.py:545} INFO - Filling up the DagBag from /home/airflow/.local/lib/python3.9/site-packages/airflow/example_dags/example_dynamic_task_mapping.py
[2025-12-11T23:33:30.792+0000] {processor.py:840} INFO - DAG(s) 'example_dynamic_task_mapping' retrieved from /home/airflow/.local/lib/python3.9/site-packages/airflow/example_dags/example_dynamic_task_mapping.py
[2025-12-11T23:33:30.826+0000] {logging_mixin.py:188} INFO - [2025-12-11T23:33:30.825+0000] {dag.py:3096} INFO - Sync 1 DAGs
[2025-12-11T23:33:30.860+0000] {logging_mixin.py:188} INFO - [2025-12-11T23:33:30.859+0000] {dag.py:3954} INFO - Setting next_dagrun for example_dynamic_task_mapping to 2022-03-04 00:00:00+00:00, run_after=2022-03-05 00:00:00+00:00
[2025-12-11T23:33:30.882+0000] {processor.py:183} INFO - Processing /home/airflow/.local/lib/python3.9/site-packages/airflow/example_dags/example_dynamic_task_mapping.py took 0.118 seconds
[2025-12-11T23:34:01.559+0000] {processor.py:161} INFO - Started process (PID=5601) to work on /home/airflow/.local/lib/python3.9/site-packages/airflow/example_dags/example_dynamic_task_mapping.py
[2025-12-11T23:34:01.561+0000] {processor.py:830} INFO - Processing file /home/airflow/.local/lib/python3.9/site-packages/airflow/example_dags/example_dynamic_task_mapping.py for tasks to queue
[2025-12-11T23:34:01.570+0000] {logging_mixin.py:188} INFO - [2025-12-11T23:34:01.570+0000] {dagbag.py:545} INFO - Filling up the DagBag from /home/airflow/.local/lib/python3.9/site-packages/airflow/example_dags/example_dynamic_task_mapping.py
[2025-12-11T23:34:01.592+0000] {processor.py:840} INFO - DAG(s) 'example_dynamic_task_mapping' retrieved from /home/airflow/.local/lib/python3.9/site-packages/airflow/example_dags/example_dynamic_task_mapping.py
[2025-12-11T23:34:01.643+0000] {logging_mixin.py:188} INFO - [2025-12-11T23:34:01.642+0000] {dag.py:3096} INFO - Sync 1 DAGs
[2025-12-11T23:34:01.683+0000] {logging_mixin.py:188} INFO - [2025-12-11T23:34:01.683+0000] {dag.py:3954} INFO - Setting next_dagrun for example_dynamic_task_mapping to 2022-03-04 00:00:00+00:00, run_after=2022-03-05 00:00:00+00:00
[2025-12-11T23:34:01.717+0000] {processor.py:183} INFO - Processing /home/airflow/.local/lib/python3.9/site-packages/airflow/example_dags/example_dynamic_task_mapping.py took 0.179 seconds
[2025-12-11T23:34:31.804+0000] {processor.py:161} INFO - Started process (PID=5668) to work on /home/airflow/.local/lib/python3.9/site-packages/airflow/example_dags/example_dynamic_task_mapping.py
[2025-12-11T23:34:31.806+0000] {processor.py:830} INFO - Processing file /home/airflow/.local/lib/python3.9/site-packages/airflow/example_dags/example_dynamic_task_mapping.py for tasks to queue
[2025-12-11T23:34:31.809+0000] {logging_mixin.py:188} INFO - [2025-12-11T23:34:31.809+0000] {dagbag.py:545} INFO - Filling up the DagBag from /home/airflow/.local/lib/python3.9/site-packages/airflow/example_dags/example_dynamic_task_mapping.py
[2025-12-11T23:34:31.823+0000] {processor.py:840} INFO - DAG(s) 'example_dynamic_task_mapping' retrieved from /home/airflow/.local/lib/python3.9/site-packages/airflow/example_dags/example_dynamic_task_mapping.py
[2025-12-11T23:34:31.874+0000] {logging_mixin.py:188} INFO - [2025-12-11T23:34:31.873+0000] {dag.py:3096} INFO - Sync 1 DAGs
[2025-12-11T23:34:31.916+0000] {logging_mixin.py:188} INFO - [2025-12-11T23:34:31.915+0000] {dag.py:3954} INFO - Setting next_dagrun for example_dynamic_task_mapping to 2022-03-04 00:00:00+00:00, run_after=2022-03-05 00:00:00+00:00
[2025-12-11T23:34:31.944+0000] {processor.py:183} INFO - Processing /home/airflow/.local/lib/python3.9/site-packages/airflow/example_dags/example_dynamic_task_mapping.py took 0.154 seconds
[2025-12-11T23:35:02.924+0000] {processor.py:161} INFO - Started process (PID=5735) to work on /home/airflow/.local/lib/python3.9/site-packages/airflow/example_dags/example_dynamic_task_mapping.py
[2025-12-11T23:35:02.926+0000] {processor.py:830} INFO - Processing file /home/airflow/.local/lib/python3.9/site-packages/airflow/example_dags/example_dynamic_task_mapping.py for tasks to queue
[2025-12-11T23:35:02.929+0000] {logging_mixin.py:188} INFO - [2025-12-11T23:35:02.929+0000] {dagbag.py:545} INFO - Filling up the DagBag from /home/airflow/.local/lib/python3.9/site-packages/airflow/example_dags/example_dynamic_task_mapping.py
[2025-12-11T23:35:02.943+0000] {processor.py:840} INFO - DAG(s) 'example_dynamic_task_mapping' retrieved from /home/airflow/.local/lib/python3.9/site-packages/airflow/example_dags/example_dynamic_task_mapping.py
[2025-12-11T23:35:02.988+0000] {logging_mixin.py:188} INFO - [2025-12-11T23:35:02.987+0000] {dag.py:3096} INFO - Sync 1 DAGs
[2025-12-11T23:35:03.041+0000] {logging_mixin.py:188} INFO - [2025-12-11T23:35:03.040+0000] {dag.py:3954} INFO - Setting next_dagrun for example_dynamic_task_mapping to 2022-03-04 00:00:00+00:00, run_after=2022-03-05 00:00:00+00:00
[2025-12-11T23:35:03.083+0000] {processor.py:183} INFO - Processing /home/airflow/.local/lib/python3.9/site-packages/airflow/example_dags/example_dynamic_task_mapping.py took 0.171 seconds
[2025-12-11T23:35:33.503+0000] {processor.py:161} INFO - Started process (PID=5801) to work on /home/airflow/.local/lib/python3.9/site-packages/airflow/example_dags/example_dynamic_task_mapping.py
[2025-12-11T23:35:33.508+0000] {processor.py:830} INFO - Processing file /home/airflow/.local/lib/python3.9/site-packages/airflow/example_dags/example_dynamic_task_mapping.py for tasks to queue
[2025-12-11T23:35:33.513+0000] {logging_mixin.py:188} INFO - [2025-12-11T23:35:33.512+0000] {dagbag.py:545} INFO - Filling up the DagBag from /home/airflow/.local/lib/python3.9/site-packages/airflow/example_dags/example_dynamic_task_mapping.py
[2025-12-11T23:35:33.528+0000] {processor.py:840} INFO - DAG(s) 'example_dynamic_task_mapping' retrieved from /home/airflow/.local/lib/python3.9/site-packages/airflow/example_dags/example_dynamic_task_mapping.py
[2025-12-11T23:35:33.578+0000] {logging_mixin.py:188} INFO - [2025-12-11T23:35:33.577+0000] {dag.py:3096} INFO - Sync 1 DAGs
[2025-12-11T23:35:33.635+0000] {logging_mixin.py:188} INFO - [2025-12-11T23:35:33.635+0000] {dag.py:3954} INFO - Setting next_dagrun for example_dynamic_task_mapping to 2022-03-04 00:00:00+00:00, run_after=2022-03-05 00:00:00+00:00
[2025-12-11T23:35:33.675+0000] {processor.py:183} INFO - Processing /home/airflow/.local/lib/python3.9/site-packages/airflow/example_dags/example_dynamic_task_mapping.py took 0.187 seconds
[2025-12-11T23:36:03.762+0000] {processor.py:161} INFO - Started process (PID=5868) to work on /home/airflow/.local/lib/python3.9/site-packages/airflow/example_dags/example_dynamic_task_mapping.py
[2025-12-11T23:36:03.763+0000] {processor.py:830} INFO - Processing file /home/airflow/.local/lib/python3.9/site-packages/airflow/example_dags/example_dynamic_task_mapping.py for tasks to queue
[2025-12-11T23:36:03.766+0000] {logging_mixin.py:188} INFO - [2025-12-11T23:36:03.765+0000] {dagbag.py:545} INFO - Filling up the DagBag from /home/airflow/.local/lib/python3.9/site-packages/airflow/example_dags/example_dynamic_task_mapping.py
[2025-12-11T23:36:03.777+0000] {processor.py:840} INFO - DAG(s) 'example_dynamic_task_mapping' retrieved from /home/airflow/.local/lib/python3.9/site-packages/airflow/example_dags/example_dynamic_task_mapping.py
[2025-12-11T23:36:03.811+0000] {logging_mixin.py:188} INFO - [2025-12-11T23:36:03.811+0000] {dag.py:3096} INFO - Sync 1 DAGs
[2025-12-11T23:36:03.846+0000] {logging_mixin.py:188} INFO - [2025-12-11T23:36:03.846+0000] {dag.py:3954} INFO - Setting next_dagrun for example_dynamic_task_mapping to 2022-03-04 00:00:00+00:00, run_after=2022-03-05 00:00:00+00:00
[2025-12-11T23:36:03.870+0000] {processor.py:183} INFO - Processing /home/airflow/.local/lib/python3.9/site-packages/airflow/example_dags/example_dynamic_task_mapping.py took 0.118 seconds
[2025-12-11T23:36:34.293+0000] {processor.py:161} INFO - Started process (PID=5935) to work on /home/airflow/.local/lib/python3.9/site-packages/airflow/example_dags/example_dynamic_task_mapping.py
[2025-12-11T23:36:34.343+0000] {processor.py:830} INFO - Processing file /home/airflow/.local/lib/python3.9/site-packages/airflow/example_dags/example_dynamic_task_mapping.py for tasks to queue
[2025-12-11T23:36:34.347+0000] {logging_mixin.py:188} INFO - [2025-12-11T23:36:34.346+0000] {dagbag.py:545} INFO - Filling up the DagBag from /home/airflow/.local/lib/python3.9/site-packages/airflow/example_dags/example_dynamic_task_mapping.py
[2025-12-11T23:36:34.359+0000] {processor.py:840} INFO - DAG(s) 'example_dynamic_task_mapping' retrieved from /home/airflow/.local/lib/python3.9/site-packages/airflow/example_dags/example_dynamic_task_mapping.py
[2025-12-11T23:36:34.398+0000] {logging_mixin.py:188} INFO - [2025-12-11T23:36:34.398+0000] {dag.py:3096} INFO - Sync 1 DAGs
[2025-12-11T23:36:34.438+0000] {logging_mixin.py:188} INFO - [2025-12-11T23:36:34.437+0000] {dag.py:3954} INFO - Setting next_dagrun for example_dynamic_task_mapping to 2022-03-04 00:00:00+00:00, run_after=2022-03-05 00:00:00+00:00
[2025-12-11T23:36:34.497+0000] {processor.py:183} INFO - Processing /home/airflow/.local/lib/python3.9/site-packages/airflow/example_dags/example_dynamic_task_mapping.py took 0.221 seconds
[2025-12-11T23:37:05.256+0000] {processor.py:161} INFO - Started process (PID=6003) to work on /home/airflow/.local/lib/python3.9/site-packages/airflow/example_dags/example_dynamic_task_mapping.py
[2025-12-11T23:37:05.258+0000] {processor.py:830} INFO - Processing file /home/airflow/.local/lib/python3.9/site-packages/airflow/example_dags/example_dynamic_task_mapping.py for tasks to queue
[2025-12-11T23:37:05.260+0000] {logging_mixin.py:188} INFO - [2025-12-11T23:37:05.260+0000] {dagbag.py:545} INFO - Filling up the DagBag from /home/airflow/.local/lib/python3.9/site-packages/airflow/example_dags/example_dynamic_task_mapping.py
[2025-12-11T23:37:05.271+0000] {processor.py:840} INFO - DAG(s) 'example_dynamic_task_mapping' retrieved from /home/airflow/.local/lib/python3.9/site-packages/airflow/example_dags/example_dynamic_task_mapping.py
[2025-12-11T23:37:05.308+0000] {logging_mixin.py:188} INFO - [2025-12-11T23:37:05.308+0000] {dag.py:3096} INFO - Sync 1 DAGs
[2025-12-11T23:37:05.347+0000] {logging_mixin.py:188} INFO - [2025-12-11T23:37:05.347+0000] {dag.py:3954} INFO - Setting next_dagrun for example_dynamic_task_mapping to 2022-03-04 00:00:00+00:00, run_after=2022-03-05 00:00:00+00:00
[2025-12-11T23:37:05.374+0000] {processor.py:183} INFO - Processing /home/airflow/.local/lib/python3.9/site-packages/airflow/example_dags/example_dynamic_task_mapping.py took 0.129 seconds
[2025-12-11T23:37:35.875+0000] {processor.py:161} INFO - Started process (PID=6070) to work on /home/airflow/.local/lib/python3.9/site-packages/airflow/example_dags/example_dynamic_task_mapping.py
[2025-12-11T23:37:35.877+0000] {processor.py:830} INFO - Processing file /home/airflow/.local/lib/python3.9/site-packages/airflow/example_dags/example_dynamic_task_mapping.py for tasks to queue
[2025-12-11T23:37:35.879+0000] {logging_mixin.py:188} INFO - [2025-12-11T23:37:35.879+0000] {dagbag.py:545} INFO - Filling up the DagBag from /home/airflow/.local/lib/python3.9/site-packages/airflow/example_dags/example_dynamic_task_mapping.py
[2025-12-11T23:37:35.890+0000] {processor.py:840} INFO - DAG(s) 'example_dynamic_task_mapping' retrieved from /home/airflow/.local/lib/python3.9/site-packages/airflow/example_dags/example_dynamic_task_mapping.py
[2025-12-11T23:37:35.927+0000] {logging_mixin.py:188} INFO - [2025-12-11T23:37:35.927+0000] {dag.py:3096} INFO - Sync 1 DAGs
[2025-12-11T23:37:35.965+0000] {logging_mixin.py:188} INFO - [2025-12-11T23:37:35.965+0000] {dag.py:3954} INFO - Setting next_dagrun for example_dynamic_task_mapping to 2022-03-04 00:00:00+00:00, run_after=2022-03-05 00:00:00+00:00
[2025-12-11T23:37:35.995+0000] {processor.py:183} INFO - Processing /home/airflow/.local/lib/python3.9/site-packages/airflow/example_dags/example_dynamic_task_mapping.py took 0.130 seconds
[2025-12-11T23:38:06.246+0000] {processor.py:161} INFO - Started process (PID=6137) to work on /home/airflow/.local/lib/python3.9/site-packages/airflow/example_dags/example_dynamic_task_mapping.py
[2025-12-11T23:38:06.321+0000] {processor.py:830} INFO - Processing file /home/airflow/.local/lib/python3.9/site-packages/airflow/example_dags/example_dynamic_task_mapping.py for tasks to queue
[2025-12-11T23:38:06.324+0000] {logging_mixin.py:188} INFO - [2025-12-11T23:38:06.323+0000] {dagbag.py:545} INFO - Filling up the DagBag from /home/airflow/.local/lib/python3.9/site-packages/airflow/example_dags/example_dynamic_task_mapping.py
[2025-12-11T23:38:06.335+0000] {processor.py:840} INFO - DAG(s) 'example_dynamic_task_mapping' retrieved from /home/airflow/.local/lib/python3.9/site-packages/airflow/example_dags/example_dynamic_task_mapping.py
[2025-12-11T23:38:06.373+0000] {logging_mixin.py:188} INFO - [2025-12-11T23:38:06.373+0000] {dag.py:3096} INFO - Sync 1 DAGs
[2025-12-11T23:38:06.428+0000] {logging_mixin.py:188} INFO - [2025-12-11T23:38:06.427+0000] {dag.py:3954} INFO - Setting next_dagrun for example_dynamic_task_mapping to 2022-03-04 00:00:00+00:00, run_after=2022-03-05 00:00:00+00:00
[2025-12-11T23:38:06.635+0000] {processor.py:183} INFO - Processing /home/airflow/.local/lib/python3.9/site-packages/airflow/example_dags/example_dynamic_task_mapping.py took 0.400 seconds
[2025-12-11T23:38:36.938+0000] {processor.py:161} INFO - Started process (PID=6204) to work on /home/airflow/.local/lib/python3.9/site-packages/airflow/example_dags/example_dynamic_task_mapping.py
[2025-12-11T23:38:36.939+0000] {processor.py:830} INFO - Processing file /home/airflow/.local/lib/python3.9/site-packages/airflow/example_dags/example_dynamic_task_mapping.py for tasks to queue
[2025-12-11T23:38:36.942+0000] {logging_mixin.py:188} INFO - [2025-12-11T23:38:36.942+0000] {dagbag.py:545} INFO - Filling up the DagBag from /home/airflow/.local/lib/python3.9/site-packages/airflow/example_dags/example_dynamic_task_mapping.py
[2025-12-11T23:38:36.953+0000] {processor.py:840} INFO - DAG(s) 'example_dynamic_task_mapping' retrieved from /home/airflow/.local/lib/python3.9/site-packages/airflow/example_dags/example_dynamic_task_mapping.py
[2025-12-11T23:38:36.988+0000] {logging_mixin.py:188} INFO - [2025-12-11T23:38:36.987+0000] {dag.py:3096} INFO - Sync 1 DAGs
[2025-12-11T23:38:37.029+0000] {logging_mixin.py:188} INFO - [2025-12-11T23:38:37.029+0000] {dag.py:3954} INFO - Setting next_dagrun for example_dynamic_task_mapping to 2022-03-04 00:00:00+00:00, run_after=2022-03-05 00:00:00+00:00
[2025-12-11T23:38:37.057+0000] {processor.py:183} INFO - Processing /home/airflow/.local/lib/python3.9/site-packages/airflow/example_dags/example_dynamic_task_mapping.py took 0.135 seconds
[2025-12-11T23:39:07.870+0000] {processor.py:161} INFO - Started process (PID=6271) to work on /home/airflow/.local/lib/python3.9/site-packages/airflow/example_dags/example_dynamic_task_mapping.py
[2025-12-11T23:39:07.875+0000] {processor.py:830} INFO - Processing file /home/airflow/.local/lib/python3.9/site-packages/airflow/example_dags/example_dynamic_task_mapping.py for tasks to queue
[2025-12-11T23:39:07.878+0000] {logging_mixin.py:188} INFO - [2025-12-11T23:39:07.877+0000] {dagbag.py:545} INFO - Filling up the DagBag from /home/airflow/.local/lib/python3.9/site-packages/airflow/example_dags/example_dynamic_task_mapping.py
[2025-12-11T23:39:07.891+0000] {processor.py:840} INFO - DAG(s) 'example_dynamic_task_mapping' retrieved from /home/airflow/.local/lib/python3.9/site-packages/airflow/example_dags/example_dynamic_task_mapping.py
[2025-12-11T23:39:07.933+0000] {logging_mixin.py:188} INFO - [2025-12-11T23:39:07.932+0000] {dag.py:3096} INFO - Sync 1 DAGs
[2025-12-11T23:39:07.976+0000] {logging_mixin.py:188} INFO - [2025-12-11T23:39:07.975+0000] {dag.py:3954} INFO - Setting next_dagrun for example_dynamic_task_mapping to 2022-03-04 00:00:00+00:00, run_after=2022-03-05 00:00:00+00:00
[2025-12-11T23:39:08.005+0000] {processor.py:183} INFO - Processing /home/airflow/.local/lib/python3.9/site-packages/airflow/example_dags/example_dynamic_task_mapping.py took 0.147 seconds
[2025-12-11T23:39:38.645+0000] {processor.py:161} INFO - Started process (PID=6338) to work on /home/airflow/.local/lib/python3.9/site-packages/airflow/example_dags/example_dynamic_task_mapping.py
[2025-12-11T23:39:38.654+0000] {processor.py:830} INFO - Processing file /home/airflow/.local/lib/python3.9/site-packages/airflow/example_dags/example_dynamic_task_mapping.py for tasks to queue
[2025-12-11T23:39:38.657+0000] {logging_mixin.py:188} INFO - [2025-12-11T23:39:38.656+0000] {dagbag.py:545} INFO - Filling up the DagBag from /home/airflow/.local/lib/python3.9/site-packages/airflow/example_dags/example_dynamic_task_mapping.py
[2025-12-11T23:39:38.670+0000] {processor.py:840} INFO - DAG(s) 'example_dynamic_task_mapping' retrieved from /home/airflow/.local/lib/python3.9/site-packages/airflow/example_dags/example_dynamic_task_mapping.py
[2025-12-11T23:39:38.711+0000] {logging_mixin.py:188} INFO - [2025-12-11T23:39:38.711+0000] {dag.py:3096} INFO - Sync 1 DAGs
[2025-12-11T23:39:38.760+0000] {logging_mixin.py:188} INFO - [2025-12-11T23:39:38.759+0000] {dag.py:3954} INFO - Setting next_dagrun for example_dynamic_task_mapping to 2022-03-04 00:00:00+00:00, run_after=2022-03-05 00:00:00+00:00
[2025-12-11T23:39:38.794+0000] {processor.py:183} INFO - Processing /home/airflow/.local/lib/python3.9/site-packages/airflow/example_dags/example_dynamic_task_mapping.py took 0.162 seconds
[2025-12-11T23:40:08.937+0000] {processor.py:161} INFO - Started process (PID=6405) to work on /home/airflow/.local/lib/python3.9/site-packages/airflow/example_dags/example_dynamic_task_mapping.py
[2025-12-11T23:40:08.939+0000] {processor.py:830} INFO - Processing file /home/airflow/.local/lib/python3.9/site-packages/airflow/example_dags/example_dynamic_task_mapping.py for tasks to queue
[2025-12-11T23:40:08.942+0000] {logging_mixin.py:188} INFO - [2025-12-11T23:40:08.941+0000] {dagbag.py:545} INFO - Filling up the DagBag from /home/airflow/.local/lib/python3.9/site-packages/airflow/example_dags/example_dynamic_task_mapping.py
[2025-12-11T23:40:08.953+0000] {processor.py:840} INFO - DAG(s) 'example_dynamic_task_mapping' retrieved from /home/airflow/.local/lib/python3.9/site-packages/airflow/example_dags/example_dynamic_task_mapping.py
[2025-12-11T23:40:08.992+0000] {logging_mixin.py:188} INFO - [2025-12-11T23:40:08.991+0000] {dag.py:3096} INFO - Sync 1 DAGs
[2025-12-11T23:40:09.040+0000] {logging_mixin.py:188} INFO - [2025-12-11T23:40:09.040+0000] {dag.py:3954} INFO - Setting next_dagrun for example_dynamic_task_mapping to 2022-03-04 00:00:00+00:00, run_after=2022-03-05 00:00:00+00:00
[2025-12-11T23:40:09.085+0000] {processor.py:183} INFO - Processing /home/airflow/.local/lib/python3.9/site-packages/airflow/example_dags/example_dynamic_task_mapping.py took 0.159 seconds
[2025-12-11T23:40:39.453+0000] {processor.py:161} INFO - Started process (PID=6472) to work on /home/airflow/.local/lib/python3.9/site-packages/airflow/example_dags/example_dynamic_task_mapping.py
[2025-12-11T23:40:39.462+0000] {processor.py:830} INFO - Processing file /home/airflow/.local/lib/python3.9/site-packages/airflow/example_dags/example_dynamic_task_mapping.py for tasks to queue
[2025-12-11T23:40:39.465+0000] {logging_mixin.py:188} INFO - [2025-12-11T23:40:39.465+0000] {dagbag.py:545} INFO - Filling up the DagBag from /home/airflow/.local/lib/python3.9/site-packages/airflow/example_dags/example_dynamic_task_mapping.py
[2025-12-11T23:40:39.477+0000] {processor.py:840} INFO - DAG(s) 'example_dynamic_task_mapping' retrieved from /home/airflow/.local/lib/python3.9/site-packages/airflow/example_dags/example_dynamic_task_mapping.py
[2025-12-11T23:40:39.515+0000] {logging_mixin.py:188} INFO - [2025-12-11T23:40:39.514+0000] {dag.py:3096} INFO - Sync 1 DAGs
[2025-12-11T23:40:39.553+0000] {logging_mixin.py:188} INFO - [2025-12-11T23:40:39.553+0000] {dag.py:3954} INFO - Setting next_dagrun for example_dynamic_task_mapping to 2022-03-04 00:00:00+00:00, run_after=2022-03-05 00:00:00+00:00
[2025-12-11T23:40:39.580+0000] {processor.py:183} INFO - Processing /home/airflow/.local/lib/python3.9/site-packages/airflow/example_dags/example_dynamic_task_mapping.py took 0.138 seconds
[2025-12-11T23:41:10.233+0000] {processor.py:161} INFO - Started process (PID=6539) to work on /home/airflow/.local/lib/python3.9/site-packages/airflow/example_dags/example_dynamic_task_mapping.py
[2025-12-11T23:41:10.235+0000] {processor.py:830} INFO - Processing file /home/airflow/.local/lib/python3.9/site-packages/airflow/example_dags/example_dynamic_task_mapping.py for tasks to queue
[2025-12-11T23:41:10.238+0000] {logging_mixin.py:188} INFO - [2025-12-11T23:41:10.237+0000] {dagbag.py:545} INFO - Filling up the DagBag from /home/airflow/.local/lib/python3.9/site-packages/airflow/example_dags/example_dynamic_task_mapping.py
[2025-12-11T23:41:10.257+0000] {processor.py:840} INFO - DAG(s) 'example_dynamic_task_mapping' retrieved from /home/airflow/.local/lib/python3.9/site-packages/airflow/example_dags/example_dynamic_task_mapping.py
[2025-12-11T23:41:10.317+0000] {logging_mixin.py:188} INFO - [2025-12-11T23:41:10.317+0000] {dag.py:3096} INFO - Sync 1 DAGs
[2025-12-11T23:41:10.355+0000] {logging_mixin.py:188} INFO - [2025-12-11T23:41:10.354+0000] {dag.py:3954} INFO - Setting next_dagrun for example_dynamic_task_mapping to 2022-03-04 00:00:00+00:00, run_after=2022-03-05 00:00:00+00:00
[2025-12-11T23:41:10.382+0000] {processor.py:183} INFO - Processing /home/airflow/.local/lib/python3.9/site-packages/airflow/example_dags/example_dynamic_task_mapping.py took 0.167 seconds
[2025-12-11T23:41:40.774+0000] {processor.py:161} INFO - Started process (PID=6613) to work on /home/airflow/.local/lib/python3.9/site-packages/airflow/example_dags/example_dynamic_task_mapping.py
[2025-12-11T23:41:40.776+0000] {processor.py:830} INFO - Processing file /home/airflow/.local/lib/python3.9/site-packages/airflow/example_dags/example_dynamic_task_mapping.py for tasks to queue
[2025-12-11T23:41:40.779+0000] {logging_mixin.py:188} INFO - [2025-12-11T23:41:40.778+0000] {dagbag.py:545} INFO - Filling up the DagBag from /home/airflow/.local/lib/python3.9/site-packages/airflow/example_dags/example_dynamic_task_mapping.py
[2025-12-11T23:41:40.797+0000] {processor.py:840} INFO - DAG(s) 'example_dynamic_task_mapping' retrieved from /home/airflow/.local/lib/python3.9/site-packages/airflow/example_dags/example_dynamic_task_mapping.py
[2025-12-11T23:41:40.857+0000] {logging_mixin.py:188} INFO - [2025-12-11T23:41:40.856+0000] {dag.py:3096} INFO - Sync 1 DAGs
[2025-12-11T23:41:40.915+0000] {logging_mixin.py:188} INFO - [2025-12-11T23:41:40.915+0000] {dag.py:3954} INFO - Setting next_dagrun for example_dynamic_task_mapping to 2022-03-04 00:00:00+00:00, run_after=2022-03-05 00:00:00+00:00
[2025-12-11T23:41:40.957+0000] {processor.py:183} INFO - Processing /home/airflow/.local/lib/python3.9/site-packages/airflow/example_dags/example_dynamic_task_mapping.py took 0.203 seconds
[2025-12-11T23:42:11.852+0000] {processor.py:161} INFO - Started process (PID=6680) to work on /home/airflow/.local/lib/python3.9/site-packages/airflow/example_dags/example_dynamic_task_mapping.py
[2025-12-11T23:42:11.854+0000] {processor.py:830} INFO - Processing file /home/airflow/.local/lib/python3.9/site-packages/airflow/example_dags/example_dynamic_task_mapping.py for tasks to queue
[2025-12-11T23:42:11.858+0000] {logging_mixin.py:188} INFO - [2025-12-11T23:42:11.857+0000] {dagbag.py:545} INFO - Filling up the DagBag from /home/airflow/.local/lib/python3.9/site-packages/airflow/example_dags/example_dynamic_task_mapping.py
[2025-12-11T23:42:11.872+0000] {processor.py:840} INFO - DAG(s) 'example_dynamic_task_mapping' retrieved from /home/airflow/.local/lib/python3.9/site-packages/airflow/example_dags/example_dynamic_task_mapping.py
[2025-12-11T23:42:11.916+0000] {logging_mixin.py:188} INFO - [2025-12-11T23:42:11.915+0000] {dag.py:3096} INFO - Sync 1 DAGs
[2025-12-11T23:42:11.968+0000] {logging_mixin.py:188} INFO - [2025-12-11T23:42:11.967+0000] {dag.py:3954} INFO - Setting next_dagrun for example_dynamic_task_mapping to 2022-03-04 00:00:00+00:00, run_after=2022-03-05 00:00:00+00:00
[2025-12-11T23:42:12.005+0000] {processor.py:183} INFO - Processing /home/airflow/.local/lib/python3.9/site-packages/airflow/example_dags/example_dynamic_task_mapping.py took 0.172 seconds
