[2025-12-11T22:51:44.215+0000] {processor.py:161} INFO - Started process (PID=79) to work on /home/airflow/.local/lib/python3.9/site-packages/airflow/example_dags/example_xcom.py
[2025-12-11T22:51:44.250+0000] {processor.py:830} INFO - Processing file /home/airflow/.local/lib/python3.9/site-packages/airflow/example_dags/example_xcom.py for tasks to queue
[2025-12-11T22:51:44.254+0000] {logging_mixin.py:188} INFO - [2025-12-11T22:51:44.253+0000] {dagbag.py:545} INFO - Filling up the DagBag from /home/airflow/.local/lib/python3.9/site-packages/airflow/example_dags/example_xcom.py
[2025-12-11T22:51:44.372+0000] {processor.py:840} INFO - DAG(s) 'example_xcom' retrieved from /home/airflow/.local/lib/python3.9/site-packages/airflow/example_dags/example_xcom.py
[2025-12-11T22:51:46.669+0000] {logging_mixin.py:188} INFO - [2025-12-11T22:51:46.651+0000] {dag.py:3096} INFO - Sync 1 DAGs
[2025-12-11T22:51:47.050+0000] {logging_mixin.py:188} INFO - [2025-12-11T22:51:47.050+0000] {dag.py:3954} INFO - Setting next_dagrun for example_xcom to 2021-01-01 00:00:00+00:00, run_after=2021-01-01 00:00:00+00:00
[2025-12-11T22:51:47.277+0000] {processor.py:183} INFO - Processing /home/airflow/.local/lib/python3.9/site-packages/airflow/example_dags/example_xcom.py took 3.107 seconds
[2025-12-11T22:52:34.555+0000] {processor.py:161} INFO - Started process (PID=151) to work on /home/airflow/.local/lib/python3.9/site-packages/airflow/example_dags/example_xcom.py
[2025-12-11T22:52:34.571+0000] {processor.py:830} INFO - Processing file /home/airflow/.local/lib/python3.9/site-packages/airflow/example_dags/example_xcom.py for tasks to queue
[2025-12-11T22:52:34.573+0000] {logging_mixin.py:188} INFO - [2025-12-11T22:52:34.573+0000] {dagbag.py:545} INFO - Filling up the DagBag from /home/airflow/.local/lib/python3.9/site-packages/airflow/example_dags/example_xcom.py
[2025-12-11T22:52:34.612+0000] {processor.py:840} INFO - DAG(s) 'example_xcom' retrieved from /home/airflow/.local/lib/python3.9/site-packages/airflow/example_dags/example_xcom.py
[2025-12-11T22:52:34.833+0000] {logging_mixin.py:188} INFO - [2025-12-11T22:52:34.832+0000] {dag.py:3096} INFO - Sync 1 DAGs
[2025-12-11T22:52:35.072+0000] {logging_mixin.py:188} INFO - [2025-12-11T22:52:35.071+0000] {dag.py:3954} INFO - Setting next_dagrun for example_xcom to 2021-01-01 00:00:00+00:00, run_after=2021-01-01 00:00:00+00:00
[2025-12-11T22:52:35.295+0000] {processor.py:183} INFO - Processing /home/airflow/.local/lib/python3.9/site-packages/airflow/example_dags/example_xcom.py took 0.780 seconds
[2025-12-11T22:53:05.898+0000] {processor.py:161} INFO - Started process (PID=208) to work on /home/airflow/.local/lib/python3.9/site-packages/airflow/example_dags/example_xcom.py
[2025-12-11T22:53:05.907+0000] {processor.py:830} INFO - Processing file /home/airflow/.local/lib/python3.9/site-packages/airflow/example_dags/example_xcom.py for tasks to queue
[2025-12-11T22:53:05.910+0000] {logging_mixin.py:188} INFO - [2025-12-11T22:53:05.910+0000] {dagbag.py:545} INFO - Filling up the DagBag from /home/airflow/.local/lib/python3.9/site-packages/airflow/example_dags/example_xcom.py
[2025-12-11T22:53:05.922+0000] {processor.py:840} INFO - DAG(s) 'example_xcom' retrieved from /home/airflow/.local/lib/python3.9/site-packages/airflow/example_dags/example_xcom.py
[2025-12-11T22:53:05.957+0000] {logging_mixin.py:188} INFO - [2025-12-11T22:53:05.956+0000] {dag.py:3096} INFO - Sync 1 DAGs
[2025-12-11T22:53:06.015+0000] {logging_mixin.py:188} INFO - [2025-12-11T22:53:06.014+0000] {dag.py:3954} INFO - Setting next_dagrun for example_xcom to 2021-01-01 00:00:00+00:00, run_after=2021-01-01 00:00:00+00:00
[2025-12-11T22:53:06.076+0000] {processor.py:183} INFO - Processing /home/airflow/.local/lib/python3.9/site-packages/airflow/example_dags/example_xcom.py took 0.197 seconds
[2025-12-11T22:53:36.975+0000] {processor.py:161} INFO - Started process (PID=274) to work on /home/airflow/.local/lib/python3.9/site-packages/airflow/example_dags/example_xcom.py
[2025-12-11T22:53:36.976+0000] {processor.py:830} INFO - Processing file /home/airflow/.local/lib/python3.9/site-packages/airflow/example_dags/example_xcom.py for tasks to queue
[2025-12-11T22:53:36.991+0000] {logging_mixin.py:188} INFO - [2025-12-11T22:53:36.990+0000] {dagbag.py:545} INFO - Filling up the DagBag from /home/airflow/.local/lib/python3.9/site-packages/airflow/example_dags/example_xcom.py
[2025-12-11T22:53:37.019+0000] {processor.py:840} INFO - DAG(s) 'example_xcom' retrieved from /home/airflow/.local/lib/python3.9/site-packages/airflow/example_dags/example_xcom.py
[2025-12-11T22:53:37.442+0000] {logging_mixin.py:188} INFO - [2025-12-11T22:53:37.442+0000] {dag.py:3096} INFO - Sync 1 DAGs
[2025-12-11T22:53:37.552+0000] {logging_mixin.py:188} INFO - [2025-12-11T22:53:37.552+0000] {dag.py:3954} INFO - Setting next_dagrun for example_xcom to 2021-01-01 00:00:00+00:00, run_after=2021-01-01 00:00:00+00:00
[2025-12-11T22:53:37.836+0000] {processor.py:183} INFO - Processing /home/airflow/.local/lib/python3.9/site-packages/airflow/example_dags/example_xcom.py took 0.881 seconds
[2025-12-11T22:54:07.972+0000] {processor.py:161} INFO - Started process (PID=333) to work on /home/airflow/.local/lib/python3.9/site-packages/airflow/example_dags/example_xcom.py
[2025-12-11T22:54:07.974+0000] {processor.py:830} INFO - Processing file /home/airflow/.local/lib/python3.9/site-packages/airflow/example_dags/example_xcom.py for tasks to queue
[2025-12-11T22:54:07.977+0000] {logging_mixin.py:188} INFO - [2025-12-11T22:54:07.977+0000] {dagbag.py:545} INFO - Filling up the DagBag from /home/airflow/.local/lib/python3.9/site-packages/airflow/example_dags/example_xcom.py
[2025-12-11T22:54:07.993+0000] {processor.py:840} INFO - DAG(s) 'example_xcom' retrieved from /home/airflow/.local/lib/python3.9/site-packages/airflow/example_dags/example_xcom.py
[2025-12-11T22:54:08.053+0000] {logging_mixin.py:188} INFO - [2025-12-11T22:54:08.052+0000] {dag.py:3096} INFO - Sync 1 DAGs
[2025-12-11T22:54:08.099+0000] {logging_mixin.py:188} INFO - [2025-12-11T22:54:08.098+0000] {dag.py:3954} INFO - Setting next_dagrun for example_xcom to 2021-01-01 00:00:00+00:00, run_after=2021-01-01 00:00:00+00:00
[2025-12-11T22:54:08.132+0000] {processor.py:183} INFO - Processing /home/airflow/.local/lib/python3.9/site-packages/airflow/example_dags/example_xcom.py took 0.174 seconds
[2025-12-11T22:54:39.094+0000] {processor.py:161} INFO - Started process (PID=399) to work on /home/airflow/.local/lib/python3.9/site-packages/airflow/example_dags/example_xcom.py
[2025-12-11T22:54:39.115+0000] {processor.py:830} INFO - Processing file /home/airflow/.local/lib/python3.9/site-packages/airflow/example_dags/example_xcom.py for tasks to queue
[2025-12-11T22:54:39.118+0000] {logging_mixin.py:188} INFO - [2025-12-11T22:54:39.118+0000] {dagbag.py:545} INFO - Filling up the DagBag from /home/airflow/.local/lib/python3.9/site-packages/airflow/example_dags/example_xcom.py
[2025-12-11T22:54:39.131+0000] {processor.py:840} INFO - DAG(s) 'example_xcom' retrieved from /home/airflow/.local/lib/python3.9/site-packages/airflow/example_dags/example_xcom.py
[2025-12-11T22:54:39.170+0000] {logging_mixin.py:188} INFO - [2025-12-11T22:54:39.169+0000] {dag.py:3096} INFO - Sync 1 DAGs
[2025-12-11T22:54:39.214+0000] {logging_mixin.py:188} INFO - [2025-12-11T22:54:39.213+0000] {dag.py:3954} INFO - Setting next_dagrun for example_xcom to 2021-01-01 00:00:00+00:00, run_after=2021-01-01 00:00:00+00:00
[2025-12-11T22:54:39.323+0000] {processor.py:183} INFO - Processing /home/airflow/.local/lib/python3.9/site-packages/airflow/example_dags/example_xcom.py took 0.242 seconds
[2025-12-11T22:55:09.800+0000] {processor.py:161} INFO - Started process (PID=465) to work on /home/airflow/.local/lib/python3.9/site-packages/airflow/example_dags/example_xcom.py
[2025-12-11T22:55:09.834+0000] {processor.py:830} INFO - Processing file /home/airflow/.local/lib/python3.9/site-packages/airflow/example_dags/example_xcom.py for tasks to queue
[2025-12-11T22:55:09.837+0000] {logging_mixin.py:188} INFO - [2025-12-11T22:55:09.837+0000] {dagbag.py:545} INFO - Filling up the DagBag from /home/airflow/.local/lib/python3.9/site-packages/airflow/example_dags/example_xcom.py
[2025-12-11T22:55:09.849+0000] {processor.py:840} INFO - DAG(s) 'example_xcom' retrieved from /home/airflow/.local/lib/python3.9/site-packages/airflow/example_dags/example_xcom.py
[2025-12-11T22:55:09.897+0000] {logging_mixin.py:188} INFO - [2025-12-11T22:55:09.897+0000] {dag.py:3096} INFO - Sync 1 DAGs
[2025-12-11T22:55:10.294+0000] {logging_mixin.py:188} INFO - [2025-12-11T22:55:10.293+0000] {dag.py:3954} INFO - Setting next_dagrun for example_xcom to 2021-01-01 00:00:00+00:00, run_after=2021-01-01 00:00:00+00:00
[2025-12-11T22:55:10.386+0000] {processor.py:183} INFO - Processing /home/airflow/.local/lib/python3.9/site-packages/airflow/example_dags/example_xcom.py took 0.596 seconds
[2025-12-11T22:55:40.861+0000] {processor.py:161} INFO - Started process (PID=531) to work on /home/airflow/.local/lib/python3.9/site-packages/airflow/example_dags/example_xcom.py
[2025-12-11T22:55:40.870+0000] {processor.py:830} INFO - Processing file /home/airflow/.local/lib/python3.9/site-packages/airflow/example_dags/example_xcom.py for tasks to queue
[2025-12-11T22:55:40.873+0000] {logging_mixin.py:188} INFO - [2025-12-11T22:55:40.873+0000] {dagbag.py:545} INFO - Filling up the DagBag from /home/airflow/.local/lib/python3.9/site-packages/airflow/example_dags/example_xcom.py
[2025-12-11T22:55:40.895+0000] {processor.py:840} INFO - DAG(s) 'example_xcom' retrieved from /home/airflow/.local/lib/python3.9/site-packages/airflow/example_dags/example_xcom.py
[2025-12-11T22:55:40.950+0000] {logging_mixin.py:188} INFO - [2025-12-11T22:55:40.949+0000] {dag.py:3096} INFO - Sync 1 DAGs
[2025-12-11T22:55:41.015+0000] {logging_mixin.py:188} INFO - [2025-12-11T22:55:41.015+0000] {dag.py:3954} INFO - Setting next_dagrun for example_xcom to 2021-01-01 00:00:00+00:00, run_after=2021-01-01 00:00:00+00:00
[2025-12-11T22:55:41.060+0000] {processor.py:183} INFO - Processing /home/airflow/.local/lib/python3.9/site-packages/airflow/example_dags/example_xcom.py took 0.211 seconds
[2025-12-11T22:56:11.848+0000] {processor.py:161} INFO - Started process (PID=597) to work on /home/airflow/.local/lib/python3.9/site-packages/airflow/example_dags/example_xcom.py
[2025-12-11T22:56:11.849+0000] {processor.py:830} INFO - Processing file /home/airflow/.local/lib/python3.9/site-packages/airflow/example_dags/example_xcom.py for tasks to queue
[2025-12-11T22:56:11.852+0000] {logging_mixin.py:188} INFO - [2025-12-11T22:56:11.852+0000] {dagbag.py:545} INFO - Filling up the DagBag from /home/airflow/.local/lib/python3.9/site-packages/airflow/example_dags/example_xcom.py
[2025-12-11T22:56:11.865+0000] {processor.py:840} INFO - DAG(s) 'example_xcom' retrieved from /home/airflow/.local/lib/python3.9/site-packages/airflow/example_dags/example_xcom.py
[2025-12-11T22:56:11.906+0000] {logging_mixin.py:188} INFO - [2025-12-11T22:56:11.906+0000] {dag.py:3096} INFO - Sync 1 DAGs
[2025-12-11T22:56:11.940+0000] {logging_mixin.py:188} INFO - [2025-12-11T22:56:11.940+0000] {dag.py:3954} INFO - Setting next_dagrun for example_xcom to 2021-01-01 00:00:00+00:00, run_after=2021-01-01 00:00:00+00:00
[2025-12-11T22:56:11.965+0000] {processor.py:183} INFO - Processing /home/airflow/.local/lib/python3.9/site-packages/airflow/example_dags/example_xcom.py took 0.128 seconds
[2025-12-11T22:56:42.403+0000] {processor.py:161} INFO - Started process (PID=663) to work on /home/airflow/.local/lib/python3.9/site-packages/airflow/example_dags/example_xcom.py
[2025-12-11T22:56:42.444+0000] {processor.py:830} INFO - Processing file /home/airflow/.local/lib/python3.9/site-packages/airflow/example_dags/example_xcom.py for tasks to queue
[2025-12-11T22:56:42.448+0000] {logging_mixin.py:188} INFO - [2025-12-11T22:56:42.447+0000] {dagbag.py:545} INFO - Filling up the DagBag from /home/airflow/.local/lib/python3.9/site-packages/airflow/example_dags/example_xcom.py
[2025-12-11T22:56:42.461+0000] {processor.py:840} INFO - DAG(s) 'example_xcom' retrieved from /home/airflow/.local/lib/python3.9/site-packages/airflow/example_dags/example_xcom.py
[2025-12-11T22:56:42.505+0000] {logging_mixin.py:188} INFO - [2025-12-11T22:56:42.505+0000] {dag.py:3096} INFO - Sync 1 DAGs
[2025-12-11T22:56:42.555+0000] {logging_mixin.py:188} INFO - [2025-12-11T22:56:42.554+0000] {dag.py:3954} INFO - Setting next_dagrun for example_xcom to 2021-01-01 00:00:00+00:00, run_after=2021-01-01 00:00:00+00:00
[2025-12-11T22:56:42.599+0000] {processor.py:183} INFO - Processing /home/airflow/.local/lib/python3.9/site-packages/airflow/example_dags/example_xcom.py took 0.205 seconds
[2025-12-11T22:57:12.972+0000] {processor.py:161} INFO - Started process (PID=729) to work on /home/airflow/.local/lib/python3.9/site-packages/airflow/example_dags/example_xcom.py
[2025-12-11T22:57:12.974+0000] {processor.py:830} INFO - Processing file /home/airflow/.local/lib/python3.9/site-packages/airflow/example_dags/example_xcom.py for tasks to queue
[2025-12-11T22:57:12.977+0000] {logging_mixin.py:188} INFO - [2025-12-11T22:57:12.976+0000] {dagbag.py:545} INFO - Filling up the DagBag from /home/airflow/.local/lib/python3.9/site-packages/airflow/example_dags/example_xcom.py
[2025-12-11T22:57:12.987+0000] {processor.py:840} INFO - DAG(s) 'example_xcom' retrieved from /home/airflow/.local/lib/python3.9/site-packages/airflow/example_dags/example_xcom.py
[2025-12-11T22:57:13.035+0000] {logging_mixin.py:188} INFO - [2025-12-11T22:57:13.035+0000] {dag.py:3096} INFO - Sync 1 DAGs
[2025-12-11T22:57:13.084+0000] {logging_mixin.py:188} INFO - [2025-12-11T22:57:13.083+0000] {dag.py:3954} INFO - Setting next_dagrun for example_xcom to 2021-01-01 00:00:00+00:00, run_after=2021-01-01 00:00:00+00:00
[2025-12-11T22:57:13.113+0000] {processor.py:183} INFO - Processing /home/airflow/.local/lib/python3.9/site-packages/airflow/example_dags/example_xcom.py took 0.150 seconds
[2025-12-11T22:57:43.791+0000] {processor.py:161} INFO - Started process (PID=795) to work on /home/airflow/.local/lib/python3.9/site-packages/airflow/example_dags/example_xcom.py
[2025-12-11T22:57:43.793+0000] {processor.py:830} INFO - Processing file /home/airflow/.local/lib/python3.9/site-packages/airflow/example_dags/example_xcom.py for tasks to queue
[2025-12-11T22:57:43.796+0000] {logging_mixin.py:188} INFO - [2025-12-11T22:57:43.796+0000] {dagbag.py:545} INFO - Filling up the DagBag from /home/airflow/.local/lib/python3.9/site-packages/airflow/example_dags/example_xcom.py
[2025-12-11T22:57:43.814+0000] {processor.py:840} INFO - DAG(s) 'example_xcom' retrieved from /home/airflow/.local/lib/python3.9/site-packages/airflow/example_dags/example_xcom.py
[2025-12-11T22:57:43.911+0000] {logging_mixin.py:188} INFO - [2025-12-11T22:57:43.910+0000] {dag.py:3096} INFO - Sync 1 DAGs
[2025-12-11T22:57:43.997+0000] {logging_mixin.py:188} INFO - [2025-12-11T22:57:43.996+0000] {dag.py:3954} INFO - Setting next_dagrun for example_xcom to 2021-01-01 00:00:00+00:00, run_after=2021-01-01 00:00:00+00:00
[2025-12-11T22:57:44.043+0000] {processor.py:183} INFO - Processing /home/airflow/.local/lib/python3.9/site-packages/airflow/example_dags/example_xcom.py took 0.267 seconds
[2025-12-11T22:58:14.246+0000] {processor.py:161} INFO - Started process (PID=861) to work on /home/airflow/.local/lib/python3.9/site-packages/airflow/example_dags/example_xcom.py
[2025-12-11T22:58:14.248+0000] {processor.py:830} INFO - Processing file /home/airflow/.local/lib/python3.9/site-packages/airflow/example_dags/example_xcom.py for tasks to queue
[2025-12-11T22:58:14.252+0000] {logging_mixin.py:188} INFO - [2025-12-11T22:58:14.251+0000] {dagbag.py:545} INFO - Filling up the DagBag from /home/airflow/.local/lib/python3.9/site-packages/airflow/example_dags/example_xcom.py
[2025-12-11T22:58:14.269+0000] {processor.py:840} INFO - DAG(s) 'example_xcom' retrieved from /home/airflow/.local/lib/python3.9/site-packages/airflow/example_dags/example_xcom.py
[2025-12-11T22:58:14.320+0000] {logging_mixin.py:188} INFO - [2025-12-11T22:58:14.320+0000] {dag.py:3096} INFO - Sync 1 DAGs
[2025-12-11T22:58:14.365+0000] {logging_mixin.py:188} INFO - [2025-12-11T22:58:14.365+0000] {dag.py:3954} INFO - Setting next_dagrun for example_xcom to 2021-01-01 00:00:00+00:00, run_after=2021-01-01 00:00:00+00:00
[2025-12-11T22:58:14.411+0000] {processor.py:183} INFO - Processing /home/airflow/.local/lib/python3.9/site-packages/airflow/example_dags/example_xcom.py took 0.179 seconds
[2025-12-11T22:58:44.868+0000] {processor.py:161} INFO - Started process (PID=927) to work on /home/airflow/.local/lib/python3.9/site-packages/airflow/example_dags/example_xcom.py
[2025-12-11T22:58:44.877+0000] {processor.py:830} INFO - Processing file /home/airflow/.local/lib/python3.9/site-packages/airflow/example_dags/example_xcom.py for tasks to queue
[2025-12-11T22:58:44.880+0000] {logging_mixin.py:188} INFO - [2025-12-11T22:58:44.880+0000] {dagbag.py:545} INFO - Filling up the DagBag from /home/airflow/.local/lib/python3.9/site-packages/airflow/example_dags/example_xcom.py
[2025-12-11T22:58:44.894+0000] {processor.py:840} INFO - DAG(s) 'example_xcom' retrieved from /home/airflow/.local/lib/python3.9/site-packages/airflow/example_dags/example_xcom.py
[2025-12-11T22:58:44.949+0000] {logging_mixin.py:188} INFO - [2025-12-11T22:58:44.944+0000] {dag.py:3096} INFO - Sync 1 DAGs
[2025-12-11T22:58:44.996+0000] {logging_mixin.py:188} INFO - [2025-12-11T22:58:44.995+0000] {dag.py:3954} INFO - Setting next_dagrun for example_xcom to 2021-01-01 00:00:00+00:00, run_after=2021-01-01 00:00:00+00:00
[2025-12-11T22:58:45.025+0000] {processor.py:183} INFO - Processing /home/airflow/.local/lib/python3.9/site-packages/airflow/example_dags/example_xcom.py took 0.168 seconds
[2025-12-11T22:59:15.089+0000] {processor.py:161} INFO - Started process (PID=993) to work on /home/airflow/.local/lib/python3.9/site-packages/airflow/example_dags/example_xcom.py
[2025-12-11T22:59:15.090+0000] {processor.py:830} INFO - Processing file /home/airflow/.local/lib/python3.9/site-packages/airflow/example_dags/example_xcom.py for tasks to queue
[2025-12-11T22:59:15.093+0000] {logging_mixin.py:188} INFO - [2025-12-11T22:59:15.092+0000] {dagbag.py:545} INFO - Filling up the DagBag from /home/airflow/.local/lib/python3.9/site-packages/airflow/example_dags/example_xcom.py
[2025-12-11T22:59:15.104+0000] {processor.py:840} INFO - DAG(s) 'example_xcom' retrieved from /home/airflow/.local/lib/python3.9/site-packages/airflow/example_dags/example_xcom.py
[2025-12-11T22:59:15.142+0000] {logging_mixin.py:188} INFO - [2025-12-11T22:59:15.141+0000] {dag.py:3096} INFO - Sync 1 DAGs
[2025-12-11T22:59:15.179+0000] {logging_mixin.py:188} INFO - [2025-12-11T22:59:15.178+0000] {dag.py:3954} INFO - Setting next_dagrun for example_xcom to 2021-01-01 00:00:00+00:00, run_after=2021-01-01 00:00:00+00:00
[2025-12-11T22:59:15.206+0000] {processor.py:183} INFO - Processing /home/airflow/.local/lib/python3.9/site-packages/airflow/example_dags/example_xcom.py took 0.127 seconds
[2025-12-11T22:59:45.980+0000] {processor.py:161} INFO - Started process (PID=1066) to work on /home/airflow/.local/lib/python3.9/site-packages/airflow/example_dags/example_xcom.py
[2025-12-11T22:59:46.049+0000] {processor.py:830} INFO - Processing file /home/airflow/.local/lib/python3.9/site-packages/airflow/example_dags/example_xcom.py for tasks to queue
[2025-12-11T22:59:46.053+0000] {logging_mixin.py:188} INFO - [2025-12-11T22:59:46.052+0000] {dagbag.py:545} INFO - Filling up the DagBag from /home/airflow/.local/lib/python3.9/site-packages/airflow/example_dags/example_xcom.py
[2025-12-11T22:59:46.072+0000] {processor.py:840} INFO - DAG(s) 'example_xcom' retrieved from /home/airflow/.local/lib/python3.9/site-packages/airflow/example_dags/example_xcom.py
[2025-12-11T22:59:46.149+0000] {logging_mixin.py:188} INFO - [2025-12-11T22:59:46.142+0000] {dag.py:3096} INFO - Sync 1 DAGs
[2025-12-11T22:59:46.223+0000] {logging_mixin.py:188} INFO - [2025-12-11T22:59:46.222+0000] {dag.py:3954} INFO - Setting next_dagrun for example_xcom to 2021-01-01 00:00:00+00:00, run_after=2021-01-01 00:00:00+00:00
[2025-12-11T22:59:46.500+0000] {processor.py:183} INFO - Processing /home/airflow/.local/lib/python3.9/site-packages/airflow/example_dags/example_xcom.py took 0.530 seconds
[2025-12-11T23:00:17.138+0000] {processor.py:161} INFO - Started process (PID=1125) to work on /home/airflow/.local/lib/python3.9/site-packages/airflow/example_dags/example_xcom.py
[2025-12-11T23:00:17.140+0000] {processor.py:830} INFO - Processing file /home/airflow/.local/lib/python3.9/site-packages/airflow/example_dags/example_xcom.py for tasks to queue
[2025-12-11T23:00:17.142+0000] {logging_mixin.py:188} INFO - [2025-12-11T23:00:17.142+0000] {dagbag.py:545} INFO - Filling up the DagBag from /home/airflow/.local/lib/python3.9/site-packages/airflow/example_dags/example_xcom.py
[2025-12-11T23:00:17.154+0000] {processor.py:840} INFO - DAG(s) 'example_xcom' retrieved from /home/airflow/.local/lib/python3.9/site-packages/airflow/example_dags/example_xcom.py
[2025-12-11T23:00:17.196+0000] {logging_mixin.py:188} INFO - [2025-12-11T23:00:17.196+0000] {dag.py:3096} INFO - Sync 1 DAGs
[2025-12-11T23:00:17.249+0000] {logging_mixin.py:188} INFO - [2025-12-11T23:00:17.241+0000] {dag.py:3954} INFO - Setting next_dagrun for example_xcom to 2021-01-01 00:00:00+00:00, run_after=2021-01-01 00:00:00+00:00
[2025-12-11T23:00:17.282+0000] {processor.py:183} INFO - Processing /home/airflow/.local/lib/python3.9/site-packages/airflow/example_dags/example_xcom.py took 0.155 seconds
[2025-12-11T23:00:47.477+0000] {processor.py:161} INFO - Started process (PID=1198) to work on /home/airflow/.local/lib/python3.9/site-packages/airflow/example_dags/example_xcom.py
[2025-12-11T23:00:47.479+0000] {processor.py:830} INFO - Processing file /home/airflow/.local/lib/python3.9/site-packages/airflow/example_dags/example_xcom.py for tasks to queue
[2025-12-11T23:00:47.492+0000] {logging_mixin.py:188} INFO - [2025-12-11T23:00:47.492+0000] {dagbag.py:545} INFO - Filling up the DagBag from /home/airflow/.local/lib/python3.9/site-packages/airflow/example_dags/example_xcom.py
[2025-12-11T23:00:47.515+0000] {processor.py:840} INFO - DAG(s) 'example_xcom' retrieved from /home/airflow/.local/lib/python3.9/site-packages/airflow/example_dags/example_xcom.py
[2025-12-11T23:00:47.574+0000] {logging_mixin.py:188} INFO - [2025-12-11T23:00:47.574+0000] {dag.py:3096} INFO - Sync 1 DAGs
[2025-12-11T23:00:47.634+0000] {logging_mixin.py:188} INFO - [2025-12-11T23:00:47.633+0000] {dag.py:3954} INFO - Setting next_dagrun for example_xcom to 2021-01-01 00:00:00+00:00, run_after=2021-01-01 00:00:00+00:00
[2025-12-11T23:00:47.680+0000] {processor.py:183} INFO - Processing /home/airflow/.local/lib/python3.9/site-packages/airflow/example_dags/example_xcom.py took 0.213 seconds
[2025-12-11T23:01:17.773+0000] {processor.py:161} INFO - Started process (PID=1264) to work on /home/airflow/.local/lib/python3.9/site-packages/airflow/example_dags/example_xcom.py
[2025-12-11T23:01:17.775+0000] {processor.py:830} INFO - Processing file /home/airflow/.local/lib/python3.9/site-packages/airflow/example_dags/example_xcom.py for tasks to queue
[2025-12-11T23:01:17.791+0000] {logging_mixin.py:188} INFO - [2025-12-11T23:01:17.791+0000] {dagbag.py:545} INFO - Filling up the DagBag from /home/airflow/.local/lib/python3.9/site-packages/airflow/example_dags/example_xcom.py
[2025-12-11T23:01:17.816+0000] {processor.py:840} INFO - DAG(s) 'example_xcom' retrieved from /home/airflow/.local/lib/python3.9/site-packages/airflow/example_dags/example_xcom.py
[2025-12-11T23:01:17.934+0000] {logging_mixin.py:188} INFO - [2025-12-11T23:01:17.934+0000] {dag.py:3096} INFO - Sync 1 DAGs
[2025-12-11T23:01:18.034+0000] {logging_mixin.py:188} INFO - [2025-12-11T23:01:18.034+0000] {dag.py:3954} INFO - Setting next_dagrun for example_xcom to 2021-01-01 00:00:00+00:00, run_after=2021-01-01 00:00:00+00:00
[2025-12-11T23:01:18.112+0000] {processor.py:183} INFO - Processing /home/airflow/.local/lib/python3.9/site-packages/airflow/example_dags/example_xcom.py took 0.369 seconds
[2025-12-11T23:01:48.295+0000] {processor.py:161} INFO - Started process (PID=1331) to work on /home/airflow/.local/lib/python3.9/site-packages/airflow/example_dags/example_xcom.py
[2025-12-11T23:01:48.297+0000] {processor.py:830} INFO - Processing file /home/airflow/.local/lib/python3.9/site-packages/airflow/example_dags/example_xcom.py for tasks to queue
[2025-12-11T23:01:48.311+0000] {logging_mixin.py:188} INFO - [2025-12-11T23:01:48.310+0000] {dagbag.py:545} INFO - Filling up the DagBag from /home/airflow/.local/lib/python3.9/site-packages/airflow/example_dags/example_xcom.py
[2025-12-11T23:01:48.335+0000] {processor.py:840} INFO - DAG(s) 'example_xcom' retrieved from /home/airflow/.local/lib/python3.9/site-packages/airflow/example_dags/example_xcom.py
[2025-12-11T23:01:48.414+0000] {logging_mixin.py:188} INFO - [2025-12-11T23:01:48.413+0000] {dag.py:3096} INFO - Sync 1 DAGs
[2025-12-11T23:01:48.496+0000] {logging_mixin.py:188} INFO - [2025-12-11T23:01:48.495+0000] {dag.py:3954} INFO - Setting next_dagrun for example_xcom to 2021-01-01 00:00:00+00:00, run_after=2021-01-01 00:00:00+00:00
[2025-12-11T23:01:48.576+0000] {processor.py:183} INFO - Processing /home/airflow/.local/lib/python3.9/site-packages/airflow/example_dags/example_xcom.py took 0.307 seconds
[2025-12-11T23:02:18.895+0000] {processor.py:161} INFO - Started process (PID=1398) to work on /home/airflow/.local/lib/python3.9/site-packages/airflow/example_dags/example_xcom.py
[2025-12-11T23:02:18.897+0000] {processor.py:830} INFO - Processing file /home/airflow/.local/lib/python3.9/site-packages/airflow/example_dags/example_xcom.py for tasks to queue
[2025-12-11T23:02:18.911+0000] {logging_mixin.py:188} INFO - [2025-12-11T23:02:18.911+0000] {dagbag.py:545} INFO - Filling up the DagBag from /home/airflow/.local/lib/python3.9/site-packages/airflow/example_dags/example_xcom.py
[2025-12-11T23:02:18.938+0000] {processor.py:840} INFO - DAG(s) 'example_xcom' retrieved from /home/airflow/.local/lib/python3.9/site-packages/airflow/example_dags/example_xcom.py
[2025-12-11T23:02:19.034+0000] {logging_mixin.py:188} INFO - [2025-12-11T23:02:19.033+0000] {dag.py:3096} INFO - Sync 1 DAGs
[2025-12-11T23:02:19.113+0000] {logging_mixin.py:188} INFO - [2025-12-11T23:02:19.113+0000] {dag.py:3954} INFO - Setting next_dagrun for example_xcom to 2021-01-01 00:00:00+00:00, run_after=2021-01-01 00:00:00+00:00
[2025-12-11T23:02:19.175+0000] {processor.py:183} INFO - Processing /home/airflow/.local/lib/python3.9/site-packages/airflow/example_dags/example_xcom.py took 0.306 seconds
[2025-12-11T23:02:49.319+0000] {processor.py:161} INFO - Started process (PID=1465) to work on /home/airflow/.local/lib/python3.9/site-packages/airflow/example_dags/example_xcom.py
[2025-12-11T23:02:49.337+0000] {processor.py:830} INFO - Processing file /home/airflow/.local/lib/python3.9/site-packages/airflow/example_dags/example_xcom.py for tasks to queue
[2025-12-11T23:02:49.352+0000] {logging_mixin.py:188} INFO - [2025-12-11T23:02:49.352+0000] {dagbag.py:545} INFO - Filling up the DagBag from /home/airflow/.local/lib/python3.9/site-packages/airflow/example_dags/example_xcom.py
[2025-12-11T23:02:49.374+0000] {processor.py:840} INFO - DAG(s) 'example_xcom' retrieved from /home/airflow/.local/lib/python3.9/site-packages/airflow/example_dags/example_xcom.py
[2025-12-11T23:02:49.497+0000] {logging_mixin.py:188} INFO - [2025-12-11T23:02:49.496+0000] {dag.py:3096} INFO - Sync 1 DAGs
[2025-12-11T23:02:49.597+0000] {logging_mixin.py:188} INFO - [2025-12-11T23:02:49.596+0000] {dag.py:3954} INFO - Setting next_dagrun for example_xcom to 2021-01-01 00:00:00+00:00, run_after=2021-01-01 00:00:00+00:00
[2025-12-11T23:02:49.673+0000] {processor.py:183} INFO - Processing /home/airflow/.local/lib/python3.9/site-packages/airflow/example_dags/example_xcom.py took 0.375 seconds
[2025-12-11T23:03:20.125+0000] {processor.py:161} INFO - Started process (PID=1533) to work on /home/airflow/.local/lib/python3.9/site-packages/airflow/example_dags/example_xcom.py
[2025-12-11T23:03:20.135+0000] {processor.py:830} INFO - Processing file /home/airflow/.local/lib/python3.9/site-packages/airflow/example_dags/example_xcom.py for tasks to queue
[2025-12-11T23:03:20.152+0000] {logging_mixin.py:188} INFO - [2025-12-11T23:03:20.152+0000] {dagbag.py:545} INFO - Filling up the DagBag from /home/airflow/.local/lib/python3.9/site-packages/airflow/example_dags/example_xcom.py
[2025-12-11T23:03:20.212+0000] {processor.py:840} INFO - DAG(s) 'example_xcom' retrieved from /home/airflow/.local/lib/python3.9/site-packages/airflow/example_dags/example_xcom.py
[2025-12-11T23:03:20.334+0000] {logging_mixin.py:188} INFO - [2025-12-11T23:03:20.333+0000] {dag.py:3096} INFO - Sync 1 DAGs
[2025-12-11T23:03:20.438+0000] {logging_mixin.py:188} INFO - [2025-12-11T23:03:20.438+0000] {dag.py:3954} INFO - Setting next_dagrun for example_xcom to 2021-01-01 00:00:00+00:00, run_after=2021-01-01 00:00:00+00:00
[2025-12-11T23:03:20.513+0000] {processor.py:183} INFO - Processing /home/airflow/.local/lib/python3.9/site-packages/airflow/example_dags/example_xcom.py took 0.431 seconds
[2025-12-11T23:03:51.253+0000] {processor.py:161} INFO - Started process (PID=1604) to work on /home/airflow/.local/lib/python3.9/site-packages/airflow/example_dags/example_xcom.py
[2025-12-11T23:03:51.255+0000] {processor.py:830} INFO - Processing file /home/airflow/.local/lib/python3.9/site-packages/airflow/example_dags/example_xcom.py for tasks to queue
[2025-12-11T23:03:51.257+0000] {logging_mixin.py:188} INFO - [2025-12-11T23:03:51.257+0000] {dagbag.py:545} INFO - Filling up the DagBag from /home/airflow/.local/lib/python3.9/site-packages/airflow/example_dags/example_xcom.py
[2025-12-11T23:03:51.293+0000] {processor.py:840} INFO - DAG(s) 'example_xcom' retrieved from /home/airflow/.local/lib/python3.9/site-packages/airflow/example_dags/example_xcom.py
[2025-12-11T23:03:51.389+0000] {logging_mixin.py:188} INFO - [2025-12-11T23:03:51.378+0000] {dag.py:3096} INFO - Sync 1 DAGs
[2025-12-11T23:03:51.473+0000] {logging_mixin.py:188} INFO - [2025-12-11T23:03:51.473+0000] {dag.py:3954} INFO - Setting next_dagrun for example_xcom to 2021-01-01 00:00:00+00:00, run_after=2021-01-01 00:00:00+00:00
[2025-12-11T23:03:51.532+0000] {processor.py:183} INFO - Processing /home/airflow/.local/lib/python3.9/site-packages/airflow/example_dags/example_xcom.py took 0.301 seconds
[2025-12-11T23:04:22.034+0000] {processor.py:161} INFO - Started process (PID=1676) to work on /home/airflow/.local/lib/python3.9/site-packages/airflow/example_dags/example_xcom.py
[2025-12-11T23:04:22.078+0000] {processor.py:830} INFO - Processing file /home/airflow/.local/lib/python3.9/site-packages/airflow/example_dags/example_xcom.py for tasks to queue
[2025-12-11T23:04:22.082+0000] {logging_mixin.py:188} INFO - [2025-12-11T23:04:22.081+0000] {dagbag.py:545} INFO - Filling up the DagBag from /home/airflow/.local/lib/python3.9/site-packages/airflow/example_dags/example_xcom.py
[2025-12-11T23:04:22.111+0000] {processor.py:840} INFO - DAG(s) 'example_xcom' retrieved from /home/airflow/.local/lib/python3.9/site-packages/airflow/example_dags/example_xcom.py
[2025-12-11T23:04:22.192+0000] {logging_mixin.py:188} INFO - [2025-12-11T23:04:22.191+0000] {dag.py:3096} INFO - Sync 1 DAGs
[2025-12-11T23:04:22.244+0000] {logging_mixin.py:188} INFO - [2025-12-11T23:04:22.244+0000] {dag.py:3954} INFO - Setting next_dagrun for example_xcom to 2021-01-01 00:00:00+00:00, run_after=2021-01-01 00:00:00+00:00
[2025-12-11T23:04:22.376+0000] {processor.py:183} INFO - Processing /home/airflow/.local/lib/python3.9/site-packages/airflow/example_dags/example_xcom.py took 0.381 seconds
[2025-12-11T23:04:52.540+0000] {processor.py:161} INFO - Started process (PID=1746) to work on /home/airflow/.local/lib/python3.9/site-packages/airflow/example_dags/example_xcom.py
[2025-12-11T23:04:52.556+0000] {processor.py:830} INFO - Processing file /home/airflow/.local/lib/python3.9/site-packages/airflow/example_dags/example_xcom.py for tasks to queue
[2025-12-11T23:04:52.560+0000] {logging_mixin.py:188} INFO - [2025-12-11T23:04:52.559+0000] {dagbag.py:545} INFO - Filling up the DagBag from /home/airflow/.local/lib/python3.9/site-packages/airflow/example_dags/example_xcom.py
[2025-12-11T23:04:52.578+0000] {processor.py:840} INFO - DAG(s) 'example_xcom' retrieved from /home/airflow/.local/lib/python3.9/site-packages/airflow/example_dags/example_xcom.py
[2025-12-11T23:04:52.620+0000] {logging_mixin.py:188} INFO - [2025-12-11T23:04:52.619+0000] {dag.py:3096} INFO - Sync 1 DAGs
[2025-12-11T23:04:52.663+0000] {logging_mixin.py:188} INFO - [2025-12-11T23:04:52.663+0000] {dag.py:3954} INFO - Setting next_dagrun for example_xcom to 2021-01-01 00:00:00+00:00, run_after=2021-01-01 00:00:00+00:00
[2025-12-11T23:04:52.696+0000] {processor.py:183} INFO - Processing /home/airflow/.local/lib/python3.9/site-packages/airflow/example_dags/example_xcom.py took 0.181 seconds
[2025-12-11T23:05:22.864+0000] {processor.py:161} INFO - Started process (PID=1818) to work on /home/airflow/.local/lib/python3.9/site-packages/airflow/example_dags/example_xcom.py
[2025-12-11T23:05:22.866+0000] {processor.py:830} INFO - Processing file /home/airflow/.local/lib/python3.9/site-packages/airflow/example_dags/example_xcom.py for tasks to queue
[2025-12-11T23:05:22.871+0000] {logging_mixin.py:188} INFO - [2025-12-11T23:05:22.870+0000] {dagbag.py:545} INFO - Filling up the DagBag from /home/airflow/.local/lib/python3.9/site-packages/airflow/example_dags/example_xcom.py
[2025-12-11T23:05:22.882+0000] {processor.py:840} INFO - DAG(s) 'example_xcom' retrieved from /home/airflow/.local/lib/python3.9/site-packages/airflow/example_dags/example_xcom.py
[2025-12-11T23:05:22.918+0000] {logging_mixin.py:188} INFO - [2025-12-11T23:05:22.918+0000] {dag.py:3096} INFO - Sync 1 DAGs
[2025-12-11T23:05:22.957+0000] {logging_mixin.py:188} INFO - [2025-12-11T23:05:22.956+0000] {dag.py:3954} INFO - Setting next_dagrun for example_xcom to 2021-01-01 00:00:00+00:00, run_after=2021-01-01 00:00:00+00:00
[2025-12-11T23:05:22.987+0000] {processor.py:183} INFO - Processing /home/airflow/.local/lib/python3.9/site-packages/airflow/example_dags/example_xcom.py took 0.133 seconds
[2025-12-11T23:05:53.300+0000] {processor.py:161} INFO - Started process (PID=1883) to work on /home/airflow/.local/lib/python3.9/site-packages/airflow/example_dags/example_xcom.py
[2025-12-11T23:05:53.303+0000] {processor.py:830} INFO - Processing file /home/airflow/.local/lib/python3.9/site-packages/airflow/example_dags/example_xcom.py for tasks to queue
[2025-12-11T23:05:53.306+0000] {logging_mixin.py:188} INFO - [2025-12-11T23:05:53.306+0000] {dagbag.py:545} INFO - Filling up the DagBag from /home/airflow/.local/lib/python3.9/site-packages/airflow/example_dags/example_xcom.py
[2025-12-11T23:05:53.322+0000] {processor.py:840} INFO - DAG(s) 'example_xcom' retrieved from /home/airflow/.local/lib/python3.9/site-packages/airflow/example_dags/example_xcom.py
[2025-12-11T23:05:53.369+0000] {logging_mixin.py:188} INFO - [2025-12-11T23:05:53.368+0000] {dag.py:3096} INFO - Sync 1 DAGs
[2025-12-11T23:05:53.407+0000] {logging_mixin.py:188} INFO - [2025-12-11T23:05:53.407+0000] {dag.py:3954} INFO - Setting next_dagrun for example_xcom to 2021-01-01 00:00:00+00:00, run_after=2021-01-01 00:00:00+00:00
[2025-12-11T23:05:53.439+0000] {processor.py:183} INFO - Processing /home/airflow/.local/lib/python3.9/site-packages/airflow/example_dags/example_xcom.py took 0.152 seconds
[2025-12-11T23:06:23.757+0000] {processor.py:161} INFO - Started process (PID=1950) to work on /home/airflow/.local/lib/python3.9/site-packages/airflow/example_dags/example_xcom.py
[2025-12-11T23:06:23.759+0000] {processor.py:830} INFO - Processing file /home/airflow/.local/lib/python3.9/site-packages/airflow/example_dags/example_xcom.py for tasks to queue
[2025-12-11T23:06:23.762+0000] {logging_mixin.py:188} INFO - [2025-12-11T23:06:23.761+0000] {dagbag.py:545} INFO - Filling up the DagBag from /home/airflow/.local/lib/python3.9/site-packages/airflow/example_dags/example_xcom.py
[2025-12-11T23:06:23.774+0000] {processor.py:840} INFO - DAG(s) 'example_xcom' retrieved from /home/airflow/.local/lib/python3.9/site-packages/airflow/example_dags/example_xcom.py
[2025-12-11T23:06:23.812+0000] {logging_mixin.py:188} INFO - [2025-12-11T23:06:23.812+0000] {dag.py:3096} INFO - Sync 1 DAGs
[2025-12-11T23:06:23.857+0000] {logging_mixin.py:188} INFO - [2025-12-11T23:06:23.856+0000] {dag.py:3954} INFO - Setting next_dagrun for example_xcom to 2021-01-01 00:00:00+00:00, run_after=2021-01-01 00:00:00+00:00
[2025-12-11T23:06:23.922+0000] {processor.py:183} INFO - Processing /home/airflow/.local/lib/python3.9/site-packages/airflow/example_dags/example_xcom.py took 0.176 seconds
[2025-12-11T23:06:54.034+0000] {processor.py:161} INFO - Started process (PID=2017) to work on /home/airflow/.local/lib/python3.9/site-packages/airflow/example_dags/example_xcom.py
[2025-12-11T23:06:54.037+0000] {processor.py:830} INFO - Processing file /home/airflow/.local/lib/python3.9/site-packages/airflow/example_dags/example_xcom.py for tasks to queue
[2025-12-11T23:06:54.040+0000] {logging_mixin.py:188} INFO - [2025-12-11T23:06:54.040+0000] {dagbag.py:545} INFO - Filling up the DagBag from /home/airflow/.local/lib/python3.9/site-packages/airflow/example_dags/example_xcom.py
[2025-12-11T23:06:54.072+0000] {processor.py:840} INFO - DAG(s) 'example_xcom' retrieved from /home/airflow/.local/lib/python3.9/site-packages/airflow/example_dags/example_xcom.py
[2025-12-11T23:06:54.150+0000] {logging_mixin.py:188} INFO - [2025-12-11T23:06:54.149+0000] {dag.py:3096} INFO - Sync 1 DAGs
[2025-12-11T23:06:54.207+0000] {logging_mixin.py:188} INFO - [2025-12-11T23:06:54.206+0000] {dag.py:3954} INFO - Setting next_dagrun for example_xcom to 2021-01-01 00:00:00+00:00, run_after=2021-01-01 00:00:00+00:00
[2025-12-11T23:06:54.275+0000] {processor.py:183} INFO - Processing /home/airflow/.local/lib/python3.9/site-packages/airflow/example_dags/example_xcom.py took 0.259 seconds
[2025-12-11T23:07:24.657+0000] {processor.py:161} INFO - Started process (PID=2090) to work on /home/airflow/.local/lib/python3.9/site-packages/airflow/example_dags/example_xcom.py
[2025-12-11T23:07:24.665+0000] {processor.py:830} INFO - Processing file /home/airflow/.local/lib/python3.9/site-packages/airflow/example_dags/example_xcom.py for tasks to queue
[2025-12-11T23:07:24.671+0000] {logging_mixin.py:188} INFO - [2025-12-11T23:07:24.671+0000] {dagbag.py:545} INFO - Filling up the DagBag from /home/airflow/.local/lib/python3.9/site-packages/airflow/example_dags/example_xcom.py
[2025-12-11T23:07:24.693+0000] {processor.py:840} INFO - DAG(s) 'example_xcom' retrieved from /home/airflow/.local/lib/python3.9/site-packages/airflow/example_dags/example_xcom.py
[2025-12-11T23:07:24.740+0000] {logging_mixin.py:188} INFO - [2025-12-11T23:07:24.740+0000] {dag.py:3096} INFO - Sync 1 DAGs
[2025-12-11T23:07:24.799+0000] {logging_mixin.py:188} INFO - [2025-12-11T23:07:24.798+0000] {dag.py:3954} INFO - Setting next_dagrun for example_xcom to 2021-01-01 00:00:00+00:00, run_after=2021-01-01 00:00:00+00:00
[2025-12-11T23:07:24.861+0000] {processor.py:183} INFO - Processing /home/airflow/.local/lib/python3.9/site-packages/airflow/example_dags/example_xcom.py took 0.216 seconds
[2025-12-11T23:07:55.013+0000] {processor.py:161} INFO - Started process (PID=2160) to work on /home/airflow/.local/lib/python3.9/site-packages/airflow/example_dags/example_xcom.py
[2025-12-11T23:07:55.015+0000] {processor.py:830} INFO - Processing file /home/airflow/.local/lib/python3.9/site-packages/airflow/example_dags/example_xcom.py for tasks to queue
[2025-12-11T23:07:55.017+0000] {logging_mixin.py:188} INFO - [2025-12-11T23:07:55.017+0000] {dagbag.py:545} INFO - Filling up the DagBag from /home/airflow/.local/lib/python3.9/site-packages/airflow/example_dags/example_xcom.py
[2025-12-11T23:07:55.038+0000] {processor.py:840} INFO - DAG(s) 'example_xcom' retrieved from /home/airflow/.local/lib/python3.9/site-packages/airflow/example_dags/example_xcom.py
[2025-12-11T23:07:55.113+0000] {logging_mixin.py:188} INFO - [2025-12-11T23:07:55.112+0000] {dag.py:3096} INFO - Sync 1 DAGs
[2025-12-11T23:07:55.195+0000] {logging_mixin.py:188} INFO - [2025-12-11T23:07:55.195+0000] {dag.py:3954} INFO - Setting next_dagrun for example_xcom to 2021-01-01 00:00:00+00:00, run_after=2021-01-01 00:00:00+00:00
[2025-12-11T23:07:55.294+0000] {processor.py:183} INFO - Processing /home/airflow/.local/lib/python3.9/site-packages/airflow/example_dags/example_xcom.py took 0.291 seconds
[2025-12-11T23:08:25.417+0000] {processor.py:161} INFO - Started process (PID=2230) to work on /home/airflow/.local/lib/python3.9/site-packages/airflow/example_dags/example_xcom.py
[2025-12-11T23:08:25.425+0000] {processor.py:830} INFO - Processing file /home/airflow/.local/lib/python3.9/site-packages/airflow/example_dags/example_xcom.py for tasks to queue
[2025-12-11T23:08:25.429+0000] {logging_mixin.py:188} INFO - [2025-12-11T23:08:25.428+0000] {dagbag.py:545} INFO - Filling up the DagBag from /home/airflow/.local/lib/python3.9/site-packages/airflow/example_dags/example_xcom.py
[2025-12-11T23:08:25.443+0000] {processor.py:840} INFO - DAG(s) 'example_xcom' retrieved from /home/airflow/.local/lib/python3.9/site-packages/airflow/example_dags/example_xcom.py
[2025-12-11T23:08:25.483+0000] {logging_mixin.py:188} INFO - [2025-12-11T23:08:25.482+0000] {dag.py:3096} INFO - Sync 1 DAGs
[2025-12-11T23:08:25.848+0000] {logging_mixin.py:188} INFO - [2025-12-11T23:08:25.848+0000] {dag.py:3954} INFO - Setting next_dagrun for example_xcom to 2021-01-01 00:00:00+00:00, run_after=2021-01-01 00:00:00+00:00
[2025-12-11T23:08:25.875+0000] {processor.py:183} INFO - Processing /home/airflow/.local/lib/python3.9/site-packages/airflow/example_dags/example_xcom.py took 0.470 seconds
[2025-12-11T23:08:56.488+0000] {processor.py:161} INFO - Started process (PID=2297) to work on /home/airflow/.local/lib/python3.9/site-packages/airflow/example_dags/example_xcom.py
[2025-12-11T23:08:56.492+0000] {processor.py:830} INFO - Processing file /home/airflow/.local/lib/python3.9/site-packages/airflow/example_dags/example_xcom.py for tasks to queue
[2025-12-11T23:08:56.497+0000] {logging_mixin.py:188} INFO - [2025-12-11T23:08:56.496+0000] {dagbag.py:545} INFO - Filling up the DagBag from /home/airflow/.local/lib/python3.9/site-packages/airflow/example_dags/example_xcom.py
[2025-12-11T23:08:56.516+0000] {processor.py:840} INFO - DAG(s) 'example_xcom' retrieved from /home/airflow/.local/lib/python3.9/site-packages/airflow/example_dags/example_xcom.py
[2025-12-11T23:08:56.576+0000] {logging_mixin.py:188} INFO - [2025-12-11T23:08:56.576+0000] {dag.py:3096} INFO - Sync 1 DAGs
[2025-12-11T23:08:56.627+0000] {logging_mixin.py:188} INFO - [2025-12-11T23:08:56.626+0000] {dag.py:3954} INFO - Setting next_dagrun for example_xcom to 2021-01-01 00:00:00+00:00, run_after=2021-01-01 00:00:00+00:00
[2025-12-11T23:08:56.659+0000] {processor.py:183} INFO - Processing /home/airflow/.local/lib/python3.9/site-packages/airflow/example_dags/example_xcom.py took 0.186 seconds
[2025-12-11T23:09:27.146+0000] {processor.py:161} INFO - Started process (PID=2370) to work on /home/airflow/.local/lib/python3.9/site-packages/airflow/example_dags/example_xcom.py
[2025-12-11T23:09:27.149+0000] {processor.py:830} INFO - Processing file /home/airflow/.local/lib/python3.9/site-packages/airflow/example_dags/example_xcom.py for tasks to queue
[2025-12-11T23:09:27.152+0000] {logging_mixin.py:188} INFO - [2025-12-11T23:09:27.152+0000] {dagbag.py:545} INFO - Filling up the DagBag from /home/airflow/.local/lib/python3.9/site-packages/airflow/example_dags/example_xcom.py
[2025-12-11T23:09:27.164+0000] {processor.py:840} INFO - DAG(s) 'example_xcom' retrieved from /home/airflow/.local/lib/python3.9/site-packages/airflow/example_dags/example_xcom.py
[2025-12-11T23:09:27.206+0000] {logging_mixin.py:188} INFO - [2025-12-11T23:09:27.206+0000] {dag.py:3096} INFO - Sync 1 DAGs
[2025-12-11T23:09:27.248+0000] {logging_mixin.py:188} INFO - [2025-12-11T23:09:27.248+0000] {dag.py:3954} INFO - Setting next_dagrun for example_xcom to 2021-01-01 00:00:00+00:00, run_after=2021-01-01 00:00:00+00:00
[2025-12-11T23:09:27.283+0000] {processor.py:183} INFO - Processing /home/airflow/.local/lib/python3.9/site-packages/airflow/example_dags/example_xcom.py took 0.147 seconds
[2025-12-11T23:09:57.574+0000] {processor.py:161} INFO - Started process (PID=2440) to work on /home/airflow/.local/lib/python3.9/site-packages/airflow/example_dags/example_xcom.py
[2025-12-11T23:09:57.668+0000] {processor.py:830} INFO - Processing file /home/airflow/.local/lib/python3.9/site-packages/airflow/example_dags/example_xcom.py for tasks to queue
[2025-12-11T23:09:57.671+0000] {logging_mixin.py:188} INFO - [2025-12-11T23:09:57.671+0000] {dagbag.py:545} INFO - Filling up the DagBag from /home/airflow/.local/lib/python3.9/site-packages/airflow/example_dags/example_xcom.py
[2025-12-11T23:09:57.684+0000] {processor.py:840} INFO - DAG(s) 'example_xcom' retrieved from /home/airflow/.local/lib/python3.9/site-packages/airflow/example_dags/example_xcom.py
[2025-12-11T23:09:57.724+0000] {logging_mixin.py:188} INFO - [2025-12-11T23:09:57.723+0000] {dag.py:3096} INFO - Sync 1 DAGs
[2025-12-11T23:09:57.770+0000] {logging_mixin.py:188} INFO - [2025-12-11T23:09:57.769+0000] {dag.py:3954} INFO - Setting next_dagrun for example_xcom to 2021-01-01 00:00:00+00:00, run_after=2021-01-01 00:00:00+00:00
[2025-12-11T23:09:57.798+0000] {processor.py:183} INFO - Processing /home/airflow/.local/lib/python3.9/site-packages/airflow/example_dags/example_xcom.py took 0.236 seconds
[2025-12-11T23:10:27.992+0000] {processor.py:161} INFO - Started process (PID=2507) to work on /home/airflow/.local/lib/python3.9/site-packages/airflow/example_dags/example_xcom.py
[2025-12-11T23:10:27.993+0000] {processor.py:830} INFO - Processing file /home/airflow/.local/lib/python3.9/site-packages/airflow/example_dags/example_xcom.py for tasks to queue
[2025-12-11T23:10:27.996+0000] {logging_mixin.py:188} INFO - [2025-12-11T23:10:27.996+0000] {dagbag.py:545} INFO - Filling up the DagBag from /home/airflow/.local/lib/python3.9/site-packages/airflow/example_dags/example_xcom.py
[2025-12-11T23:10:28.007+0000] {processor.py:840} INFO - DAG(s) 'example_xcom' retrieved from /home/airflow/.local/lib/python3.9/site-packages/airflow/example_dags/example_xcom.py
[2025-12-11T23:10:28.054+0000] {logging_mixin.py:188} INFO - [2025-12-11T23:10:28.053+0000] {dag.py:3096} INFO - Sync 1 DAGs
[2025-12-11T23:10:28.094+0000] {logging_mixin.py:188} INFO - [2025-12-11T23:10:28.093+0000] {dag.py:3954} INFO - Setting next_dagrun for example_xcom to 2021-01-01 00:00:00+00:00, run_after=2021-01-01 00:00:00+00:00
[2025-12-11T23:10:28.133+0000] {processor.py:183} INFO - Processing /home/airflow/.local/lib/python3.9/site-packages/airflow/example_dags/example_xcom.py took 0.153 seconds
[2025-12-11T23:10:58.219+0000] {processor.py:161} INFO - Started process (PID=2576) to work on /home/airflow/.local/lib/python3.9/site-packages/airflow/example_dags/example_xcom.py
[2025-12-11T23:10:58.220+0000] {processor.py:830} INFO - Processing file /home/airflow/.local/lib/python3.9/site-packages/airflow/example_dags/example_xcom.py for tasks to queue
[2025-12-11T23:10:58.223+0000] {logging_mixin.py:188} INFO - [2025-12-11T23:10:58.222+0000] {dagbag.py:545} INFO - Filling up the DagBag from /home/airflow/.local/lib/python3.9/site-packages/airflow/example_dags/example_xcom.py
[2025-12-11T23:10:58.234+0000] {processor.py:840} INFO - DAG(s) 'example_xcom' retrieved from /home/airflow/.local/lib/python3.9/site-packages/airflow/example_dags/example_xcom.py
[2025-12-11T23:10:58.276+0000] {logging_mixin.py:188} INFO - [2025-12-11T23:10:58.275+0000] {dag.py:3096} INFO - Sync 1 DAGs
[2025-12-11T23:10:58.312+0000] {logging_mixin.py:188} INFO - [2025-12-11T23:10:58.311+0000] {dag.py:3954} INFO - Setting next_dagrun for example_xcom to 2021-01-01 00:00:00+00:00, run_after=2021-01-01 00:00:00+00:00
[2025-12-11T23:10:58.340+0000] {processor.py:183} INFO - Processing /home/airflow/.local/lib/python3.9/site-packages/airflow/example_dags/example_xcom.py took 0.131 seconds
[2025-12-11T23:11:29.557+0000] {processor.py:161} INFO - Started process (PID=2643) to work on /home/airflow/.local/lib/python3.9/site-packages/airflow/example_dags/example_xcom.py
[2025-12-11T23:11:29.562+0000] {processor.py:830} INFO - Processing file /home/airflow/.local/lib/python3.9/site-packages/airflow/example_dags/example_xcom.py for tasks to queue
[2025-12-11T23:11:29.570+0000] {logging_mixin.py:188} INFO - [2025-12-11T23:11:29.569+0000] {dagbag.py:545} INFO - Filling up the DagBag from /home/airflow/.local/lib/python3.9/site-packages/airflow/example_dags/example_xcom.py
[2025-12-11T23:11:29.585+0000] {processor.py:840} INFO - DAG(s) 'example_xcom' retrieved from /home/airflow/.local/lib/python3.9/site-packages/airflow/example_dags/example_xcom.py
[2025-12-11T23:11:29.626+0000] {logging_mixin.py:188} INFO - [2025-12-11T23:11:29.626+0000] {dag.py:3096} INFO - Sync 1 DAGs
[2025-12-11T23:11:29.668+0000] {logging_mixin.py:188} INFO - [2025-12-11T23:11:29.667+0000] {dag.py:3954} INFO - Setting next_dagrun for example_xcom to 2021-01-01 00:00:00+00:00, run_after=2021-01-01 00:00:00+00:00
[2025-12-11T23:11:29.815+0000] {processor.py:183} INFO - Processing /home/airflow/.local/lib/python3.9/site-packages/airflow/example_dags/example_xcom.py took 0.273 seconds
[2025-12-11T23:11:59.895+0000] {processor.py:161} INFO - Started process (PID=2709) to work on /home/airflow/.local/lib/python3.9/site-packages/airflow/example_dags/example_xcom.py
[2025-12-11T23:11:59.984+0000] {processor.py:830} INFO - Processing file /home/airflow/.local/lib/python3.9/site-packages/airflow/example_dags/example_xcom.py for tasks to queue
[2025-12-11T23:11:59.987+0000] {logging_mixin.py:188} INFO - [2025-12-11T23:11:59.987+0000] {dagbag.py:545} INFO - Filling up the DagBag from /home/airflow/.local/lib/python3.9/site-packages/airflow/example_dags/example_xcom.py
[2025-12-11T23:11:59.999+0000] {processor.py:840} INFO - DAG(s) 'example_xcom' retrieved from /home/airflow/.local/lib/python3.9/site-packages/airflow/example_dags/example_xcom.py
[2025-12-11T23:12:00.039+0000] {logging_mixin.py:188} INFO - [2025-12-11T23:12:00.039+0000] {dag.py:3096} INFO - Sync 1 DAGs
[2025-12-11T23:12:00.629+0000] {logging_mixin.py:188} INFO - [2025-12-11T23:12:00.626+0000] {dag.py:3954} INFO - Setting next_dagrun for example_xcom to 2021-01-01 00:00:00+00:00, run_after=2021-01-01 00:00:00+00:00
[2025-12-11T23:12:00.829+0000] {processor.py:183} INFO - Processing /home/airflow/.local/lib/python3.9/site-packages/airflow/example_dags/example_xcom.py took 0.946 seconds
[2025-12-11T23:12:31.479+0000] {processor.py:161} INFO - Started process (PID=2775) to work on /home/airflow/.local/lib/python3.9/site-packages/airflow/example_dags/example_xcom.py
[2025-12-11T23:12:31.545+0000] {processor.py:830} INFO - Processing file /home/airflow/.local/lib/python3.9/site-packages/airflow/example_dags/example_xcom.py for tasks to queue
[2025-12-11T23:12:31.763+0000] {logging_mixin.py:188} INFO - [2025-12-11T23:12:31.762+0000] {dagbag.py:545} INFO - Filling up the DagBag from /home/airflow/.local/lib/python3.9/site-packages/airflow/example_dags/example_xcom.py
[2025-12-11T23:12:31.783+0000] {processor.py:840} INFO - DAG(s) 'example_xcom' retrieved from /home/airflow/.local/lib/python3.9/site-packages/airflow/example_dags/example_xcom.py
[2025-12-11T23:12:31.859+0000] {logging_mixin.py:188} INFO - [2025-12-11T23:12:31.858+0000] {dag.py:3096} INFO - Sync 1 DAGs
[2025-12-11T23:12:31.911+0000] {logging_mixin.py:188} INFO - [2025-12-11T23:12:31.910+0000] {dag.py:3954} INFO - Setting next_dagrun for example_xcom to 2021-01-01 00:00:00+00:00, run_after=2021-01-01 00:00:00+00:00
[2025-12-11T23:12:32.889+0000] {processor.py:183} INFO - Processing /home/airflow/.local/lib/python3.9/site-packages/airflow/example_dags/example_xcom.py took 1.425 seconds
[2025-12-11T23:13:03.271+0000] {processor.py:161} INFO - Started process (PID=2842) to work on /home/airflow/.local/lib/python3.9/site-packages/airflow/example_dags/example_xcom.py
[2025-12-11T23:13:03.275+0000] {processor.py:830} INFO - Processing file /home/airflow/.local/lib/python3.9/site-packages/airflow/example_dags/example_xcom.py for tasks to queue
[2025-12-11T23:13:03.278+0000] {logging_mixin.py:188} INFO - [2025-12-11T23:13:03.278+0000] {dagbag.py:545} INFO - Filling up the DagBag from /home/airflow/.local/lib/python3.9/site-packages/airflow/example_dags/example_xcom.py
[2025-12-11T23:13:03.293+0000] {processor.py:840} INFO - DAG(s) 'example_xcom' retrieved from /home/airflow/.local/lib/python3.9/site-packages/airflow/example_dags/example_xcom.py
[2025-12-11T23:13:03.345+0000] {logging_mixin.py:188} INFO - [2025-12-11T23:13:03.345+0000] {dag.py:3096} INFO - Sync 1 DAGs
[2025-12-11T23:13:03.415+0000] {logging_mixin.py:188} INFO - [2025-12-11T23:13:03.415+0000] {dag.py:3954} INFO - Setting next_dagrun for example_xcom to 2021-01-01 00:00:00+00:00, run_after=2021-01-01 00:00:00+00:00
[2025-12-11T23:13:03.919+0000] {processor.py:183} INFO - Processing /home/airflow/.local/lib/python3.9/site-packages/airflow/example_dags/example_xcom.py took 0.663 seconds
[2025-12-11T23:13:34.006+0000] {processor.py:161} INFO - Started process (PID=2916) to work on /home/airflow/.local/lib/python3.9/site-packages/airflow/example_dags/example_xcom.py
[2025-12-11T23:13:34.010+0000] {processor.py:830} INFO - Processing file /home/airflow/.local/lib/python3.9/site-packages/airflow/example_dags/example_xcom.py for tasks to queue
[2025-12-11T23:13:34.013+0000] {logging_mixin.py:188} INFO - [2025-12-11T23:13:34.012+0000] {dagbag.py:545} INFO - Filling up the DagBag from /home/airflow/.local/lib/python3.9/site-packages/airflow/example_dags/example_xcom.py
[2025-12-11T23:13:34.025+0000] {processor.py:840} INFO - DAG(s) 'example_xcom' retrieved from /home/airflow/.local/lib/python3.9/site-packages/airflow/example_dags/example_xcom.py
[2025-12-11T23:13:34.074+0000] {logging_mixin.py:188} INFO - [2025-12-11T23:13:34.073+0000] {dag.py:3096} INFO - Sync 1 DAGs
[2025-12-11T23:13:34.169+0000] {logging_mixin.py:188} INFO - [2025-12-11T23:13:34.162+0000] {dag.py:3954} INFO - Setting next_dagrun for example_xcom to 2021-01-01 00:00:00+00:00, run_after=2021-01-01 00:00:00+00:00
[2025-12-11T23:13:34.256+0000] {processor.py:183} INFO - Processing /home/airflow/.local/lib/python3.9/site-packages/airflow/example_dags/example_xcom.py took 0.259 seconds
[2025-12-11T23:14:04.714+0000] {processor.py:161} INFO - Started process (PID=2983) to work on /home/airflow/.local/lib/python3.9/site-packages/airflow/example_dags/example_xcom.py
[2025-12-11T23:14:04.980+0000] {processor.py:830} INFO - Processing file /home/airflow/.local/lib/python3.9/site-packages/airflow/example_dags/example_xcom.py for tasks to queue
[2025-12-11T23:14:04.983+0000] {logging_mixin.py:188} INFO - [2025-12-11T23:14:04.982+0000] {dagbag.py:545} INFO - Filling up the DagBag from /home/airflow/.local/lib/python3.9/site-packages/airflow/example_dags/example_xcom.py
[2025-12-11T23:14:04.997+0000] {processor.py:840} INFO - DAG(s) 'example_xcom' retrieved from /home/airflow/.local/lib/python3.9/site-packages/airflow/example_dags/example_xcom.py
[2025-12-11T23:14:05.074+0000] {logging_mixin.py:188} INFO - [2025-12-11T23:14:05.073+0000] {dag.py:3096} INFO - Sync 1 DAGs
[2025-12-11T23:14:05.144+0000] {logging_mixin.py:188} INFO - [2025-12-11T23:14:05.144+0000] {dag.py:3954} INFO - Setting next_dagrun for example_xcom to 2021-01-01 00:00:00+00:00, run_after=2021-01-01 00:00:00+00:00
[2025-12-11T23:14:05.257+0000] {processor.py:183} INFO - Processing /home/airflow/.local/lib/python3.9/site-packages/airflow/example_dags/example_xcom.py took 0.562 seconds
[2025-12-11T23:14:35.715+0000] {processor.py:161} INFO - Started process (PID=3050) to work on /home/airflow/.local/lib/python3.9/site-packages/airflow/example_dags/example_xcom.py
[2025-12-11T23:14:35.737+0000] {processor.py:830} INFO - Processing file /home/airflow/.local/lib/python3.9/site-packages/airflow/example_dags/example_xcom.py for tasks to queue
[2025-12-11T23:14:35.751+0000] {logging_mixin.py:188} INFO - [2025-12-11T23:14:35.750+0000] {dagbag.py:545} INFO - Filling up the DagBag from /home/airflow/.local/lib/python3.9/site-packages/airflow/example_dags/example_xcom.py
[2025-12-11T23:14:35.772+0000] {processor.py:840} INFO - DAG(s) 'example_xcom' retrieved from /home/airflow/.local/lib/python3.9/site-packages/airflow/example_dags/example_xcom.py
[2025-12-11T23:14:35.891+0000] {logging_mixin.py:188} INFO - [2025-12-11T23:14:35.890+0000] {dag.py:3096} INFO - Sync 1 DAGs
[2025-12-11T23:14:35.994+0000] {logging_mixin.py:188} INFO - [2025-12-11T23:14:35.993+0000] {dag.py:3954} INFO - Setting next_dagrun for example_xcom to 2021-01-01 00:00:00+00:00, run_after=2021-01-01 00:00:00+00:00
[2025-12-11T23:14:36.057+0000] {processor.py:183} INFO - Processing /home/airflow/.local/lib/python3.9/site-packages/airflow/example_dags/example_xcom.py took 0.367 seconds
[2025-12-11T23:15:06.311+0000] {processor.py:161} INFO - Started process (PID=3116) to work on /home/airflow/.local/lib/python3.9/site-packages/airflow/example_dags/example_xcom.py
[2025-12-11T23:15:06.319+0000] {processor.py:830} INFO - Processing file /home/airflow/.local/lib/python3.9/site-packages/airflow/example_dags/example_xcom.py for tasks to queue
[2025-12-11T23:15:06.341+0000] {logging_mixin.py:188} INFO - [2025-12-11T23:15:06.339+0000] {dagbag.py:545} INFO - Filling up the DagBag from /home/airflow/.local/lib/python3.9/site-packages/airflow/example_dags/example_xcom.py
[2025-12-11T23:15:06.413+0000] {processor.py:840} INFO - DAG(s) 'example_xcom' retrieved from /home/airflow/.local/lib/python3.9/site-packages/airflow/example_dags/example_xcom.py
[2025-12-11T23:15:06.536+0000] {logging_mixin.py:188} INFO - [2025-12-11T23:15:06.536+0000] {dag.py:3096} INFO - Sync 1 DAGs
[2025-12-11T23:15:06.615+0000] {logging_mixin.py:188} INFO - [2025-12-11T23:15:06.615+0000] {dag.py:3954} INFO - Setting next_dagrun for example_xcom to 2021-01-01 00:00:00+00:00, run_after=2021-01-01 00:00:00+00:00
[2025-12-11T23:15:06.969+0000] {processor.py:183} INFO - Processing /home/airflow/.local/lib/python3.9/site-packages/airflow/example_dags/example_xcom.py took 0.680 seconds
[2025-12-11T23:15:37.091+0000] {processor.py:161} INFO - Started process (PID=3182) to work on /home/airflow/.local/lib/python3.9/site-packages/airflow/example_dags/example_xcom.py
[2025-12-11T23:15:37.177+0000] {processor.py:830} INFO - Processing file /home/airflow/.local/lib/python3.9/site-packages/airflow/example_dags/example_xcom.py for tasks to queue
[2025-12-11T23:15:37.181+0000] {logging_mixin.py:188} INFO - [2025-12-11T23:15:37.180+0000] {dagbag.py:545} INFO - Filling up the DagBag from /home/airflow/.local/lib/python3.9/site-packages/airflow/example_dags/example_xcom.py
[2025-12-11T23:15:37.211+0000] {processor.py:840} INFO - DAG(s) 'example_xcom' retrieved from /home/airflow/.local/lib/python3.9/site-packages/airflow/example_dags/example_xcom.py
[2025-12-11T23:15:37.330+0000] {logging_mixin.py:188} INFO - [2025-12-11T23:15:37.320+0000] {dag.py:3096} INFO - Sync 1 DAGs
[2025-12-11T23:15:37.431+0000] {logging_mixin.py:188} INFO - [2025-12-11T23:15:37.431+0000] {dag.py:3954} INFO - Setting next_dagrun for example_xcom to 2021-01-01 00:00:00+00:00, run_after=2021-01-01 00:00:00+00:00
[2025-12-11T23:15:37.534+0000] {processor.py:183} INFO - Processing /home/airflow/.local/lib/python3.9/site-packages/airflow/example_dags/example_xcom.py took 0.463 seconds
[2025-12-11T23:16:08.034+0000] {processor.py:161} INFO - Started process (PID=3248) to work on /home/airflow/.local/lib/python3.9/site-packages/airflow/example_dags/example_xcom.py
[2025-12-11T23:16:08.039+0000] {processor.py:830} INFO - Processing file /home/airflow/.local/lib/python3.9/site-packages/airflow/example_dags/example_xcom.py for tasks to queue
[2025-12-11T23:16:08.052+0000] {logging_mixin.py:188} INFO - [2025-12-11T23:16:08.051+0000] {dagbag.py:545} INFO - Filling up the DagBag from /home/airflow/.local/lib/python3.9/site-packages/airflow/example_dags/example_xcom.py
[2025-12-11T23:16:08.080+0000] {processor.py:840} INFO - DAG(s) 'example_xcom' retrieved from /home/airflow/.local/lib/python3.9/site-packages/airflow/example_dags/example_xcom.py
[2025-12-11T23:16:08.198+0000] {logging_mixin.py:188} INFO - [2025-12-11T23:16:08.198+0000] {dag.py:3096} INFO - Sync 1 DAGs
[2025-12-11T23:16:08.315+0000] {logging_mixin.py:188} INFO - [2025-12-11T23:16:08.315+0000] {dag.py:3954} INFO - Setting next_dagrun for example_xcom to 2021-01-01 00:00:00+00:00, run_after=2021-01-01 00:00:00+00:00
[2025-12-11T23:16:08.410+0000] {processor.py:183} INFO - Processing /home/airflow/.local/lib/python3.9/site-packages/airflow/example_dags/example_xcom.py took 0.407 seconds
[2025-12-11T23:16:39.220+0000] {processor.py:161} INFO - Started process (PID=3315) to work on /home/airflow/.local/lib/python3.9/site-packages/airflow/example_dags/example_xcom.py
[2025-12-11T23:16:39.230+0000] {processor.py:830} INFO - Processing file /home/airflow/.local/lib/python3.9/site-packages/airflow/example_dags/example_xcom.py for tasks to queue
[2025-12-11T23:16:39.234+0000] {logging_mixin.py:188} INFO - [2025-12-11T23:16:39.234+0000] {dagbag.py:545} INFO - Filling up the DagBag from /home/airflow/.local/lib/python3.9/site-packages/airflow/example_dags/example_xcom.py
[2025-12-11T23:16:39.259+0000] {processor.py:840} INFO - DAG(s) 'example_xcom' retrieved from /home/airflow/.local/lib/python3.9/site-packages/airflow/example_dags/example_xcom.py
[2025-12-11T23:16:39.339+0000] {logging_mixin.py:188} INFO - [2025-12-11T23:16:39.338+0000] {dag.py:3096} INFO - Sync 1 DAGs
[2025-12-11T23:16:39.413+0000] {logging_mixin.py:188} INFO - [2025-12-11T23:16:39.413+0000] {dag.py:3954} INFO - Setting next_dagrun for example_xcom to 2021-01-01 00:00:00+00:00, run_after=2021-01-01 00:00:00+00:00
[2025-12-11T23:16:39.511+0000] {processor.py:183} INFO - Processing /home/airflow/.local/lib/python3.9/site-packages/airflow/example_dags/example_xcom.py took 0.313 seconds
[2025-12-11T23:17:10.011+0000] {processor.py:161} INFO - Started process (PID=3382) to work on /home/airflow/.local/lib/python3.9/site-packages/airflow/example_dags/example_xcom.py
[2025-12-11T23:17:10.021+0000] {processor.py:830} INFO - Processing file /home/airflow/.local/lib/python3.9/site-packages/airflow/example_dags/example_xcom.py for tasks to queue
[2025-12-11T23:17:10.024+0000] {logging_mixin.py:188} INFO - [2025-12-11T23:17:10.023+0000] {dagbag.py:545} INFO - Filling up the DagBag from /home/airflow/.local/lib/python3.9/site-packages/airflow/example_dags/example_xcom.py
[2025-12-11T23:17:10.035+0000] {processor.py:840} INFO - DAG(s) 'example_xcom' retrieved from /home/airflow/.local/lib/python3.9/site-packages/airflow/example_dags/example_xcom.py
[2025-12-11T23:17:10.072+0000] {logging_mixin.py:188} INFO - [2025-12-11T23:17:10.071+0000] {dag.py:3096} INFO - Sync 1 DAGs
[2025-12-11T23:17:10.108+0000] {logging_mixin.py:188} INFO - [2025-12-11T23:17:10.107+0000] {dag.py:3954} INFO - Setting next_dagrun for example_xcom to 2021-01-01 00:00:00+00:00, run_after=2021-01-01 00:00:00+00:00
[2025-12-11T23:17:10.132+0000] {processor.py:183} INFO - Processing /home/airflow/.local/lib/python3.9/site-packages/airflow/example_dags/example_xcom.py took 0.131 seconds
[2025-12-11T23:17:40.411+0000] {processor.py:161} INFO - Started process (PID=3449) to work on /home/airflow/.local/lib/python3.9/site-packages/airflow/example_dags/example_xcom.py
[2025-12-11T23:17:40.412+0000] {processor.py:830} INFO - Processing file /home/airflow/.local/lib/python3.9/site-packages/airflow/example_dags/example_xcom.py for tasks to queue
[2025-12-11T23:17:40.416+0000] {logging_mixin.py:188} INFO - [2025-12-11T23:17:40.415+0000] {dagbag.py:545} INFO - Filling up the DagBag from /home/airflow/.local/lib/python3.9/site-packages/airflow/example_dags/example_xcom.py
[2025-12-11T23:17:40.426+0000] {processor.py:840} INFO - DAG(s) 'example_xcom' retrieved from /home/airflow/.local/lib/python3.9/site-packages/airflow/example_dags/example_xcom.py
[2025-12-11T23:17:40.465+0000] {logging_mixin.py:188} INFO - [2025-12-11T23:17:40.465+0000] {dag.py:3096} INFO - Sync 1 DAGs
[2025-12-11T23:17:40.512+0000] {logging_mixin.py:188} INFO - [2025-12-11T23:17:40.511+0000] {dag.py:3954} INFO - Setting next_dagrun for example_xcom to 2021-01-01 00:00:00+00:00, run_after=2021-01-01 00:00:00+00:00
[2025-12-11T23:17:40.545+0000] {processor.py:183} INFO - Processing /home/airflow/.local/lib/python3.9/site-packages/airflow/example_dags/example_xcom.py took 0.144 seconds
[2025-12-11T23:18:10.750+0000] {processor.py:161} INFO - Started process (PID=3516) to work on /home/airflow/.local/lib/python3.9/site-packages/airflow/example_dags/example_xcom.py
[2025-12-11T23:18:10.752+0000] {processor.py:830} INFO - Processing file /home/airflow/.local/lib/python3.9/site-packages/airflow/example_dags/example_xcom.py for tasks to queue
[2025-12-11T23:18:10.756+0000] {logging_mixin.py:188} INFO - [2025-12-11T23:18:10.756+0000] {dagbag.py:545} INFO - Filling up the DagBag from /home/airflow/.local/lib/python3.9/site-packages/airflow/example_dags/example_xcom.py
[2025-12-11T23:18:10.774+0000] {processor.py:840} INFO - DAG(s) 'example_xcom' retrieved from /home/airflow/.local/lib/python3.9/site-packages/airflow/example_dags/example_xcom.py
[2025-12-11T23:18:10.829+0000] {logging_mixin.py:188} INFO - [2025-12-11T23:18:10.827+0000] {dag.py:3096} INFO - Sync 1 DAGs
[2025-12-11T23:18:10.875+0000] {logging_mixin.py:188} INFO - [2025-12-11T23:18:10.874+0000] {dag.py:3954} INFO - Setting next_dagrun for example_xcom to 2021-01-01 00:00:00+00:00, run_after=2021-01-01 00:00:00+00:00
[2025-12-11T23:18:10.904+0000] {processor.py:183} INFO - Processing /home/airflow/.local/lib/python3.9/site-packages/airflow/example_dags/example_xcom.py took 0.173 seconds
[2025-12-11T23:18:41.319+0000] {processor.py:161} INFO - Started process (PID=3583) to work on /home/airflow/.local/lib/python3.9/site-packages/airflow/example_dags/example_xcom.py
[2025-12-11T23:18:41.320+0000] {processor.py:830} INFO - Processing file /home/airflow/.local/lib/python3.9/site-packages/airflow/example_dags/example_xcom.py for tasks to queue
[2025-12-11T23:18:41.323+0000] {logging_mixin.py:188} INFO - [2025-12-11T23:18:41.322+0000] {dagbag.py:545} INFO - Filling up the DagBag from /home/airflow/.local/lib/python3.9/site-packages/airflow/example_dags/example_xcom.py
[2025-12-11T23:18:41.335+0000] {processor.py:840} INFO - DAG(s) 'example_xcom' retrieved from /home/airflow/.local/lib/python3.9/site-packages/airflow/example_dags/example_xcom.py
[2025-12-11T23:18:41.389+0000] {logging_mixin.py:188} INFO - [2025-12-11T23:18:41.382+0000] {dag.py:3096} INFO - Sync 1 DAGs
[2025-12-11T23:18:41.442+0000] {logging_mixin.py:188} INFO - [2025-12-11T23:18:41.441+0000] {dag.py:3954} INFO - Setting next_dagrun for example_xcom to 2021-01-01 00:00:00+00:00, run_after=2021-01-01 00:00:00+00:00
[2025-12-11T23:18:41.476+0000] {processor.py:183} INFO - Processing /home/airflow/.local/lib/python3.9/site-packages/airflow/example_dags/example_xcom.py took 0.169 seconds
[2025-12-11T23:19:12.114+0000] {processor.py:161} INFO - Started process (PID=3650) to work on /home/airflow/.local/lib/python3.9/site-packages/airflow/example_dags/example_xcom.py
[2025-12-11T23:19:12.116+0000] {processor.py:830} INFO - Processing file /home/airflow/.local/lib/python3.9/site-packages/airflow/example_dags/example_xcom.py for tasks to queue
[2025-12-11T23:19:12.119+0000] {logging_mixin.py:188} INFO - [2025-12-11T23:19:12.119+0000] {dagbag.py:545} INFO - Filling up the DagBag from /home/airflow/.local/lib/python3.9/site-packages/airflow/example_dags/example_xcom.py
[2025-12-11T23:19:12.141+0000] {processor.py:840} INFO - DAG(s) 'example_xcom' retrieved from /home/airflow/.local/lib/python3.9/site-packages/airflow/example_dags/example_xcom.py
[2025-12-11T23:19:12.218+0000] {logging_mixin.py:188} INFO - [2025-12-11T23:19:12.217+0000] {dag.py:3096} INFO - Sync 1 DAGs
[2025-12-11T23:19:12.278+0000] {logging_mixin.py:188} INFO - [2025-12-11T23:19:12.278+0000] {dag.py:3954} INFO - Setting next_dagrun for example_xcom to 2021-01-01 00:00:00+00:00, run_after=2021-01-01 00:00:00+00:00
[2025-12-11T23:19:12.321+0000] {processor.py:183} INFO - Processing /home/airflow/.local/lib/python3.9/site-packages/airflow/example_dags/example_xcom.py took 0.222 seconds
[2025-12-11T23:19:42.425+0000] {processor.py:161} INFO - Started process (PID=3717) to work on /home/airflow/.local/lib/python3.9/site-packages/airflow/example_dags/example_xcom.py
[2025-12-11T23:19:42.510+0000] {processor.py:830} INFO - Processing file /home/airflow/.local/lib/python3.9/site-packages/airflow/example_dags/example_xcom.py for tasks to queue
[2025-12-11T23:19:42.514+0000] {logging_mixin.py:188} INFO - [2025-12-11T23:19:42.513+0000] {dagbag.py:545} INFO - Filling up the DagBag from /home/airflow/.local/lib/python3.9/site-packages/airflow/example_dags/example_xcom.py
[2025-12-11T23:19:42.535+0000] {processor.py:840} INFO - DAG(s) 'example_xcom' retrieved from /home/airflow/.local/lib/python3.9/site-packages/airflow/example_dags/example_xcom.py
[2025-12-11T23:19:42.614+0000] {logging_mixin.py:188} INFO - [2025-12-11T23:19:42.614+0000] {dag.py:3096} INFO - Sync 1 DAGs
[2025-12-11T23:19:42.669+0000] {logging_mixin.py:188} INFO - [2025-12-11T23:19:42.666+0000] {dag.py:3954} INFO - Setting next_dagrun for example_xcom to 2021-01-01 00:00:00+00:00, run_after=2021-01-01 00:00:00+00:00
[2025-12-11T23:19:43.016+0000] {processor.py:183} INFO - Processing /home/airflow/.local/lib/python3.9/site-packages/airflow/example_dags/example_xcom.py took 0.602 seconds
[2025-12-11T23:20:13.472+0000] {processor.py:161} INFO - Started process (PID=3785) to work on /home/airflow/.local/lib/python3.9/site-packages/airflow/example_dags/example_xcom.py
[2025-12-11T23:20:13.480+0000] {processor.py:830} INFO - Processing file /home/airflow/.local/lib/python3.9/site-packages/airflow/example_dags/example_xcom.py for tasks to queue
[2025-12-11T23:20:13.491+0000] {logging_mixin.py:188} INFO - [2025-12-11T23:20:13.491+0000] {dagbag.py:545} INFO - Filling up the DagBag from /home/airflow/.local/lib/python3.9/site-packages/airflow/example_dags/example_xcom.py
[2025-12-11T23:20:13.506+0000] {processor.py:840} INFO - DAG(s) 'example_xcom' retrieved from /home/airflow/.local/lib/python3.9/site-packages/airflow/example_dags/example_xcom.py
[2025-12-11T23:20:13.562+0000] {logging_mixin.py:188} INFO - [2025-12-11T23:20:13.561+0000] {dag.py:3096} INFO - Sync 1 DAGs
[2025-12-11T23:20:13.629+0000] {logging_mixin.py:188} INFO - [2025-12-11T23:20:13.622+0000] {dag.py:3954} INFO - Setting next_dagrun for example_xcom to 2021-01-01 00:00:00+00:00, run_after=2021-01-01 00:00:00+00:00
[2025-12-11T23:20:13.864+0000] {processor.py:183} INFO - Processing /home/airflow/.local/lib/python3.9/site-packages/airflow/example_dags/example_xcom.py took 0.410 seconds
[2025-12-11T23:20:44.163+0000] {processor.py:161} INFO - Started process (PID=3851) to work on /home/airflow/.local/lib/python3.9/site-packages/airflow/example_dags/example_xcom.py
[2025-12-11T23:20:44.176+0000] {processor.py:830} INFO - Processing file /home/airflow/.local/lib/python3.9/site-packages/airflow/example_dags/example_xcom.py for tasks to queue
[2025-12-11T23:20:44.180+0000] {logging_mixin.py:188} INFO - [2025-12-11T23:20:44.180+0000] {dagbag.py:545} INFO - Filling up the DagBag from /home/airflow/.local/lib/python3.9/site-packages/airflow/example_dags/example_xcom.py
[2025-12-11T23:20:44.196+0000] {processor.py:840} INFO - DAG(s) 'example_xcom' retrieved from /home/airflow/.local/lib/python3.9/site-packages/airflow/example_dags/example_xcom.py
[2025-12-11T23:20:44.255+0000] {logging_mixin.py:188} INFO - [2025-12-11T23:20:44.254+0000] {dag.py:3096} INFO - Sync 1 DAGs
[2025-12-11T23:20:44.311+0000] {logging_mixin.py:188} INFO - [2025-12-11T23:20:44.310+0000] {dag.py:3954} INFO - Setting next_dagrun for example_xcom to 2021-01-01 00:00:00+00:00, run_after=2021-01-01 00:00:00+00:00
[2025-12-11T23:20:44.351+0000] {processor.py:183} INFO - Processing /home/airflow/.local/lib/python3.9/site-packages/airflow/example_dags/example_xcom.py took 0.199 seconds
[2025-12-11T23:21:14.487+0000] {processor.py:161} INFO - Started process (PID=3918) to work on /home/airflow/.local/lib/python3.9/site-packages/airflow/example_dags/example_xcom.py
[2025-12-11T23:21:14.489+0000] {processor.py:830} INFO - Processing file /home/airflow/.local/lib/python3.9/site-packages/airflow/example_dags/example_xcom.py for tasks to queue
[2025-12-11T23:21:14.491+0000] {logging_mixin.py:188} INFO - [2025-12-11T23:21:14.491+0000] {dagbag.py:545} INFO - Filling up the DagBag from /home/airflow/.local/lib/python3.9/site-packages/airflow/example_dags/example_xcom.py
[2025-12-11T23:21:14.502+0000] {processor.py:840} INFO - DAG(s) 'example_xcom' retrieved from /home/airflow/.local/lib/python3.9/site-packages/airflow/example_dags/example_xcom.py
[2025-12-11T23:21:14.549+0000] {logging_mixin.py:188} INFO - [2025-12-11T23:21:14.548+0000] {dag.py:3096} INFO - Sync 1 DAGs
[2025-12-11T23:21:14.594+0000] {logging_mixin.py:188} INFO - [2025-12-11T23:21:14.594+0000] {dag.py:3954} INFO - Setting next_dagrun for example_xcom to 2021-01-01 00:00:00+00:00, run_after=2021-01-01 00:00:00+00:00
[2025-12-11T23:21:14.622+0000] {processor.py:183} INFO - Processing /home/airflow/.local/lib/python3.9/site-packages/airflow/example_dags/example_xcom.py took 0.146 seconds
[2025-12-11T23:21:45.287+0000] {processor.py:161} INFO - Started process (PID=3985) to work on /home/airflow/.local/lib/python3.9/site-packages/airflow/example_dags/example_xcom.py
[2025-12-11T23:21:45.289+0000] {processor.py:830} INFO - Processing file /home/airflow/.local/lib/python3.9/site-packages/airflow/example_dags/example_xcom.py for tasks to queue
[2025-12-11T23:21:45.291+0000] {logging_mixin.py:188} INFO - [2025-12-11T23:21:45.291+0000] {dagbag.py:545} INFO - Filling up the DagBag from /home/airflow/.local/lib/python3.9/site-packages/airflow/example_dags/example_xcom.py
[2025-12-11T23:21:45.304+0000] {processor.py:840} INFO - DAG(s) 'example_xcom' retrieved from /home/airflow/.local/lib/python3.9/site-packages/airflow/example_dags/example_xcom.py
[2025-12-11T23:21:45.344+0000] {logging_mixin.py:188} INFO - [2025-12-11T23:21:45.343+0000] {dag.py:3096} INFO - Sync 1 DAGs
[2025-12-11T23:21:45.382+0000] {logging_mixin.py:188} INFO - [2025-12-11T23:21:45.382+0000] {dag.py:3954} INFO - Setting next_dagrun for example_xcom to 2021-01-01 00:00:00+00:00, run_after=2021-01-01 00:00:00+00:00
[2025-12-11T23:21:45.410+0000] {processor.py:183} INFO - Processing /home/airflow/.local/lib/python3.9/site-packages/airflow/example_dags/example_xcom.py took 0.133 seconds
[2025-12-11T23:22:15.979+0000] {processor.py:161} INFO - Started process (PID=4052) to work on /home/airflow/.local/lib/python3.9/site-packages/airflow/example_dags/example_xcom.py
[2025-12-11T23:22:16.028+0000] {processor.py:830} INFO - Processing file /home/airflow/.local/lib/python3.9/site-packages/airflow/example_dags/example_xcom.py for tasks to queue
[2025-12-11T23:22:16.034+0000] {logging_mixin.py:188} INFO - [2025-12-11T23:22:16.033+0000] {dagbag.py:545} INFO - Filling up the DagBag from /home/airflow/.local/lib/python3.9/site-packages/airflow/example_dags/example_xcom.py
[2025-12-11T23:22:16.051+0000] {processor.py:840} INFO - DAG(s) 'example_xcom' retrieved from /home/airflow/.local/lib/python3.9/site-packages/airflow/example_dags/example_xcom.py
[2025-12-11T23:22:16.106+0000] {logging_mixin.py:188} INFO - [2025-12-11T23:22:16.105+0000] {dag.py:3096} INFO - Sync 1 DAGs
[2025-12-11T23:22:16.151+0000] {logging_mixin.py:188} INFO - [2025-12-11T23:22:16.150+0000] {dag.py:3954} INFO - Setting next_dagrun for example_xcom to 2021-01-01 00:00:00+00:00, run_after=2021-01-01 00:00:00+00:00
[2025-12-11T23:22:16.278+0000] {processor.py:183} INFO - Processing /home/airflow/.local/lib/python3.9/site-packages/airflow/example_dags/example_xcom.py took 0.310 seconds
[2025-12-11T23:22:46.755+0000] {processor.py:161} INFO - Started process (PID=4119) to work on /home/airflow/.local/lib/python3.9/site-packages/airflow/example_dags/example_xcom.py
[2025-12-11T23:22:46.757+0000] {processor.py:830} INFO - Processing file /home/airflow/.local/lib/python3.9/site-packages/airflow/example_dags/example_xcom.py for tasks to queue
[2025-12-11T23:22:46.761+0000] {logging_mixin.py:188} INFO - [2025-12-11T23:22:46.760+0000] {dagbag.py:545} INFO - Filling up the DagBag from /home/airflow/.local/lib/python3.9/site-packages/airflow/example_dags/example_xcom.py
[2025-12-11T23:22:46.776+0000] {processor.py:840} INFO - DAG(s) 'example_xcom' retrieved from /home/airflow/.local/lib/python3.9/site-packages/airflow/example_dags/example_xcom.py
[2025-12-11T23:22:46.828+0000] {logging_mixin.py:188} INFO - [2025-12-11T23:22:46.827+0000] {dag.py:3096} INFO - Sync 1 DAGs
[2025-12-11T23:22:46.873+0000] {logging_mixin.py:188} INFO - [2025-12-11T23:22:46.872+0000] {dag.py:3954} INFO - Setting next_dagrun for example_xcom to 2021-01-01 00:00:00+00:00, run_after=2021-01-01 00:00:00+00:00
[2025-12-11T23:22:46.906+0000] {processor.py:183} INFO - Processing /home/airflow/.local/lib/python3.9/site-packages/airflow/example_dags/example_xcom.py took 0.163 seconds
[2025-12-11T23:23:17.218+0000] {processor.py:161} INFO - Started process (PID=4186) to work on /home/airflow/.local/lib/python3.9/site-packages/airflow/example_dags/example_xcom.py
[2025-12-11T23:23:17.265+0000] {processor.py:830} INFO - Processing file /home/airflow/.local/lib/python3.9/site-packages/airflow/example_dags/example_xcom.py for tasks to queue
[2025-12-11T23:23:17.269+0000] {logging_mixin.py:188} INFO - [2025-12-11T23:23:17.268+0000] {dagbag.py:545} INFO - Filling up the DagBag from /home/airflow/.local/lib/python3.9/site-packages/airflow/example_dags/example_xcom.py
[2025-12-11T23:23:17.280+0000] {processor.py:840} INFO - DAG(s) 'example_xcom' retrieved from /home/airflow/.local/lib/python3.9/site-packages/airflow/example_dags/example_xcom.py
[2025-12-11T23:23:17.332+0000] {logging_mixin.py:188} INFO - [2025-12-11T23:23:17.331+0000] {dag.py:3096} INFO - Sync 1 DAGs
[2025-12-11T23:23:17.415+0000] {logging_mixin.py:188} INFO - [2025-12-11T23:23:17.415+0000] {dag.py:3954} INFO - Setting next_dagrun for example_xcom to 2021-01-01 00:00:00+00:00, run_after=2021-01-01 00:00:00+00:00
[2025-12-11T23:23:17.477+0000] {processor.py:183} INFO - Processing /home/airflow/.local/lib/python3.9/site-packages/airflow/example_dags/example_xcom.py took 0.277 seconds
[2025-12-11T23:23:47.552+0000] {processor.py:161} INFO - Started process (PID=4253) to work on /home/airflow/.local/lib/python3.9/site-packages/airflow/example_dags/example_xcom.py
[2025-12-11T23:23:47.554+0000] {processor.py:830} INFO - Processing file /home/airflow/.local/lib/python3.9/site-packages/airflow/example_dags/example_xcom.py for tasks to queue
[2025-12-11T23:23:47.559+0000] {logging_mixin.py:188} INFO - [2025-12-11T23:23:47.558+0000] {dagbag.py:545} INFO - Filling up the DagBag from /home/airflow/.local/lib/python3.9/site-packages/airflow/example_dags/example_xcom.py
[2025-12-11T23:23:47.578+0000] {processor.py:840} INFO - DAG(s) 'example_xcom' retrieved from /home/airflow/.local/lib/python3.9/site-packages/airflow/example_dags/example_xcom.py
[2025-12-11T23:23:47.628+0000] {logging_mixin.py:188} INFO - [2025-12-11T23:23:47.628+0000] {dag.py:3096} INFO - Sync 1 DAGs
[2025-12-11T23:23:47.667+0000] {logging_mixin.py:188} INFO - [2025-12-11T23:23:47.666+0000] {dag.py:3954} INFO - Setting next_dagrun for example_xcom to 2021-01-01 00:00:00+00:00, run_after=2021-01-01 00:00:00+00:00
[2025-12-11T23:23:47.697+0000] {processor.py:183} INFO - Processing /home/airflow/.local/lib/python3.9/site-packages/airflow/example_dags/example_xcom.py took 0.163 seconds
[2025-12-11T23:24:17.973+0000] {processor.py:161} INFO - Started process (PID=4319) to work on /home/airflow/.local/lib/python3.9/site-packages/airflow/example_dags/example_xcom.py
[2025-12-11T23:24:17.974+0000] {processor.py:830} INFO - Processing file /home/airflow/.local/lib/python3.9/site-packages/airflow/example_dags/example_xcom.py for tasks to queue
[2025-12-11T23:24:17.977+0000] {logging_mixin.py:188} INFO - [2025-12-11T23:24:17.977+0000] {dagbag.py:545} INFO - Filling up the DagBag from /home/airflow/.local/lib/python3.9/site-packages/airflow/example_dags/example_xcom.py
[2025-12-11T23:24:17.991+0000] {processor.py:840} INFO - DAG(s) 'example_xcom' retrieved from /home/airflow/.local/lib/python3.9/site-packages/airflow/example_dags/example_xcom.py
[2025-12-11T23:24:18.044+0000] {logging_mixin.py:188} INFO - [2025-12-11T23:24:18.043+0000] {dag.py:3096} INFO - Sync 1 DAGs
[2025-12-11T23:24:18.080+0000] {logging_mixin.py:188} INFO - [2025-12-11T23:24:18.079+0000] {dag.py:3954} INFO - Setting next_dagrun for example_xcom to 2021-01-01 00:00:00+00:00, run_after=2021-01-01 00:00:00+00:00
[2025-12-11T23:24:18.107+0000] {processor.py:183} INFO - Processing /home/airflow/.local/lib/python3.9/site-packages/airflow/example_dags/example_xcom.py took 0.150 seconds
[2025-12-11T23:24:48.894+0000] {processor.py:161} INFO - Started process (PID=4386) to work on /home/airflow/.local/lib/python3.9/site-packages/airflow/example_dags/example_xcom.py
[2025-12-11T23:24:48.901+0000] {processor.py:830} INFO - Processing file /home/airflow/.local/lib/python3.9/site-packages/airflow/example_dags/example_xcom.py for tasks to queue
[2025-12-11T23:24:48.904+0000] {logging_mixin.py:188} INFO - [2025-12-11T23:24:48.903+0000] {dagbag.py:545} INFO - Filling up the DagBag from /home/airflow/.local/lib/python3.9/site-packages/airflow/example_dags/example_xcom.py
[2025-12-11T23:24:48.917+0000] {processor.py:840} INFO - DAG(s) 'example_xcom' retrieved from /home/airflow/.local/lib/python3.9/site-packages/airflow/example_dags/example_xcom.py
[2025-12-11T23:24:48.959+0000] {logging_mixin.py:188} INFO - [2025-12-11T23:24:48.958+0000] {dag.py:3096} INFO - Sync 1 DAGs
[2025-12-11T23:24:48.995+0000] {logging_mixin.py:188} INFO - [2025-12-11T23:24:48.995+0000] {dag.py:3954} INFO - Setting next_dagrun for example_xcom to 2021-01-01 00:00:00+00:00, run_after=2021-01-01 00:00:00+00:00
[2025-12-11T23:24:49.022+0000] {processor.py:183} INFO - Processing /home/airflow/.local/lib/python3.9/site-packages/airflow/example_dags/example_xcom.py took 0.140 seconds
[2025-12-11T23:25:19.281+0000] {processor.py:161} INFO - Started process (PID=4453) to work on /home/airflow/.local/lib/python3.9/site-packages/airflow/example_dags/example_xcom.py
[2025-12-11T23:25:19.337+0000] {processor.py:830} INFO - Processing file /home/airflow/.local/lib/python3.9/site-packages/airflow/example_dags/example_xcom.py for tasks to queue
[2025-12-11T23:25:19.341+0000] {logging_mixin.py:188} INFO - [2025-12-11T23:25:19.340+0000] {dagbag.py:545} INFO - Filling up the DagBag from /home/airflow/.local/lib/python3.9/site-packages/airflow/example_dags/example_xcom.py
[2025-12-11T23:25:19.352+0000] {processor.py:840} INFO - DAG(s) 'example_xcom' retrieved from /home/airflow/.local/lib/python3.9/site-packages/airflow/example_dags/example_xcom.py
[2025-12-11T23:25:19.401+0000] {logging_mixin.py:188} INFO - [2025-12-11T23:25:19.400+0000] {dag.py:3096} INFO - Sync 1 DAGs
[2025-12-11T23:25:19.448+0000] {logging_mixin.py:188} INFO - [2025-12-11T23:25:19.448+0000] {dag.py:3954} INFO - Setting next_dagrun for example_xcom to 2021-01-01 00:00:00+00:00, run_after=2021-01-01 00:00:00+00:00
[2025-12-11T23:25:19.487+0000] {processor.py:183} INFO - Processing /home/airflow/.local/lib/python3.9/site-packages/airflow/example_dags/example_xcom.py took 0.216 seconds
[2025-12-11T23:25:49.618+0000] {processor.py:161} INFO - Started process (PID=4520) to work on /home/airflow/.local/lib/python3.9/site-packages/airflow/example_dags/example_xcom.py
[2025-12-11T23:25:49.620+0000] {processor.py:830} INFO - Processing file /home/airflow/.local/lib/python3.9/site-packages/airflow/example_dags/example_xcom.py for tasks to queue
[2025-12-11T23:25:49.623+0000] {logging_mixin.py:188} INFO - [2025-12-11T23:25:49.622+0000] {dagbag.py:545} INFO - Filling up the DagBag from /home/airflow/.local/lib/python3.9/site-packages/airflow/example_dags/example_xcom.py
[2025-12-11T23:25:49.640+0000] {processor.py:840} INFO - DAG(s) 'example_xcom' retrieved from /home/airflow/.local/lib/python3.9/site-packages/airflow/example_dags/example_xcom.py
[2025-12-11T23:25:49.685+0000] {logging_mixin.py:188} INFO - [2025-12-11T23:25:49.685+0000] {dag.py:3096} INFO - Sync 1 DAGs
[2025-12-11T23:25:49.726+0000] {logging_mixin.py:188} INFO - [2025-12-11T23:25:49.725+0000] {dag.py:3954} INFO - Setting next_dagrun for example_xcom to 2021-01-01 00:00:00+00:00, run_after=2021-01-01 00:00:00+00:00
[2025-12-11T23:25:49.757+0000] {processor.py:183} INFO - Processing /home/airflow/.local/lib/python3.9/site-packages/airflow/example_dags/example_xcom.py took 0.153 seconds
[2025-12-11T23:26:20.013+0000] {processor.py:161} INFO - Started process (PID=4591) to work on /home/airflow/.local/lib/python3.9/site-packages/airflow/example_dags/example_xcom.py
[2025-12-11T23:26:20.017+0000] {processor.py:830} INFO - Processing file /home/airflow/.local/lib/python3.9/site-packages/airflow/example_dags/example_xcom.py for tasks to queue
[2025-12-11T23:26:20.033+0000] {logging_mixin.py:188} INFO - [2025-12-11T23:26:20.032+0000] {dagbag.py:545} INFO - Filling up the DagBag from /home/airflow/.local/lib/python3.9/site-packages/airflow/example_dags/example_xcom.py
[2025-12-11T23:26:20.094+0000] {processor.py:840} INFO - DAG(s) 'example_xcom' retrieved from /home/airflow/.local/lib/python3.9/site-packages/airflow/example_dags/example_xcom.py
[2025-12-11T23:26:20.233+0000] {logging_mixin.py:188} INFO - [2025-12-11T23:26:20.232+0000] {dag.py:3096} INFO - Sync 1 DAGs
[2025-12-11T23:26:20.331+0000] {logging_mixin.py:188} INFO - [2025-12-11T23:26:20.330+0000] {dag.py:3954} INFO - Setting next_dagrun for example_xcom to 2021-01-01 00:00:00+00:00, run_after=2021-01-01 00:00:00+00:00
[2025-12-11T23:26:20.753+0000] {processor.py:183} INFO - Processing /home/airflow/.local/lib/python3.9/site-packages/airflow/example_dags/example_xcom.py took 0.778 seconds
[2025-12-11T23:26:51.032+0000] {processor.py:161} INFO - Started process (PID=4658) to work on /home/airflow/.local/lib/python3.9/site-packages/airflow/example_dags/example_xcom.py
[2025-12-11T23:26:51.034+0000] {processor.py:830} INFO - Processing file /home/airflow/.local/lib/python3.9/site-packages/airflow/example_dags/example_xcom.py for tasks to queue
[2025-12-11T23:26:51.038+0000] {logging_mixin.py:188} INFO - [2025-12-11T23:26:51.037+0000] {dagbag.py:545} INFO - Filling up the DagBag from /home/airflow/.local/lib/python3.9/site-packages/airflow/example_dags/example_xcom.py
[2025-12-11T23:26:51.061+0000] {processor.py:840} INFO - DAG(s) 'example_xcom' retrieved from /home/airflow/.local/lib/python3.9/site-packages/airflow/example_dags/example_xcom.py
[2025-12-11T23:26:51.107+0000] {logging_mixin.py:188} INFO - [2025-12-11T23:26:51.107+0000] {dag.py:3096} INFO - Sync 1 DAGs
[2025-12-11T23:26:51.151+0000] {logging_mixin.py:188} INFO - [2025-12-11T23:26:51.151+0000] {dag.py:3954} INFO - Setting next_dagrun for example_xcom to 2021-01-01 00:00:00+00:00, run_after=2021-01-01 00:00:00+00:00
[2025-12-11T23:26:51.183+0000] {processor.py:183} INFO - Processing /home/airflow/.local/lib/python3.9/site-packages/airflow/example_dags/example_xcom.py took 0.166 seconds
[2025-12-11T23:27:21.651+0000] {processor.py:161} INFO - Started process (PID=4725) to work on /home/airflow/.local/lib/python3.9/site-packages/airflow/example_dags/example_xcom.py
[2025-12-11T23:27:21.654+0000] {processor.py:830} INFO - Processing file /home/airflow/.local/lib/python3.9/site-packages/airflow/example_dags/example_xcom.py for tasks to queue
[2025-12-11T23:27:21.657+0000] {logging_mixin.py:188} INFO - [2025-12-11T23:27:21.656+0000] {dagbag.py:545} INFO - Filling up the DagBag from /home/airflow/.local/lib/python3.9/site-packages/airflow/example_dags/example_xcom.py
[2025-12-11T23:27:21.669+0000] {processor.py:840} INFO - DAG(s) 'example_xcom' retrieved from /home/airflow/.local/lib/python3.9/site-packages/airflow/example_dags/example_xcom.py
[2025-12-11T23:27:21.708+0000] {logging_mixin.py:188} INFO - [2025-12-11T23:27:21.708+0000] {dag.py:3096} INFO - Sync 1 DAGs
[2025-12-11T23:27:21.744+0000] {logging_mixin.py:188} INFO - [2025-12-11T23:27:21.743+0000] {dag.py:3954} INFO - Setting next_dagrun for example_xcom to 2021-01-01 00:00:00+00:00, run_after=2021-01-01 00:00:00+00:00
[2025-12-11T23:27:21.773+0000] {processor.py:183} INFO - Processing /home/airflow/.local/lib/python3.9/site-packages/airflow/example_dags/example_xcom.py took 0.133 seconds
[2025-12-11T23:27:52.115+0000] {processor.py:161} INFO - Started process (PID=4790) to work on /home/airflow/.local/lib/python3.9/site-packages/airflow/example_dags/example_xcom.py
[2025-12-11T23:27:52.117+0000] {processor.py:830} INFO - Processing file /home/airflow/.local/lib/python3.9/site-packages/airflow/example_dags/example_xcom.py for tasks to queue
[2025-12-11T23:27:52.120+0000] {logging_mixin.py:188} INFO - [2025-12-11T23:27:52.119+0000] {dagbag.py:545} INFO - Filling up the DagBag from /home/airflow/.local/lib/python3.9/site-packages/airflow/example_dags/example_xcom.py
[2025-12-11T23:27:52.131+0000] {processor.py:840} INFO - DAG(s) 'example_xcom' retrieved from /home/airflow/.local/lib/python3.9/site-packages/airflow/example_dags/example_xcom.py
[2025-12-11T23:27:52.170+0000] {logging_mixin.py:188} INFO - [2025-12-11T23:27:52.169+0000] {dag.py:3096} INFO - Sync 1 DAGs
[2025-12-11T23:27:52.204+0000] {logging_mixin.py:188} INFO - [2025-12-11T23:27:52.204+0000] {dag.py:3954} INFO - Setting next_dagrun for example_xcom to 2021-01-01 00:00:00+00:00, run_after=2021-01-01 00:00:00+00:00
[2025-12-11T23:27:52.231+0000] {processor.py:183} INFO - Processing /home/airflow/.local/lib/python3.9/site-packages/airflow/example_dags/example_xcom.py took 0.126 seconds
[2025-12-11T23:28:22.581+0000] {processor.py:161} INFO - Started process (PID=4856) to work on /home/airflow/.local/lib/python3.9/site-packages/airflow/example_dags/example_xcom.py
[2025-12-11T23:28:22.594+0000] {processor.py:830} INFO - Processing file /home/airflow/.local/lib/python3.9/site-packages/airflow/example_dags/example_xcom.py for tasks to queue
[2025-12-11T23:28:22.598+0000] {logging_mixin.py:188} INFO - [2025-12-11T23:28:22.597+0000] {dagbag.py:545} INFO - Filling up the DagBag from /home/airflow/.local/lib/python3.9/site-packages/airflow/example_dags/example_xcom.py
[2025-12-11T23:28:22.633+0000] {processor.py:840} INFO - DAG(s) 'example_xcom' retrieved from /home/airflow/.local/lib/python3.9/site-packages/airflow/example_dags/example_xcom.py
[2025-12-11T23:28:22.711+0000] {logging_mixin.py:188} INFO - [2025-12-11T23:28:22.710+0000] {dag.py:3096} INFO - Sync 1 DAGs
[2025-12-11T23:28:22.785+0000] {logging_mixin.py:188} INFO - [2025-12-11T23:28:22.784+0000] {dag.py:3954} INFO - Setting next_dagrun for example_xcom to 2021-01-01 00:00:00+00:00, run_after=2021-01-01 00:00:00+00:00
[2025-12-11T23:28:22.837+0000] {processor.py:183} INFO - Processing /home/airflow/.local/lib/python3.9/site-packages/airflow/example_dags/example_xcom.py took 0.277 seconds
[2025-12-11T23:28:52.916+0000] {processor.py:161} INFO - Started process (PID=4923) to work on /home/airflow/.local/lib/python3.9/site-packages/airflow/example_dags/example_xcom.py
[2025-12-11T23:28:52.918+0000] {processor.py:830} INFO - Processing file /home/airflow/.local/lib/python3.9/site-packages/airflow/example_dags/example_xcom.py for tasks to queue
[2025-12-11T23:28:52.933+0000] {logging_mixin.py:188} INFO - [2025-12-11T23:28:52.932+0000] {dagbag.py:545} INFO - Filling up the DagBag from /home/airflow/.local/lib/python3.9/site-packages/airflow/example_dags/example_xcom.py
[2025-12-11T23:28:52.956+0000] {processor.py:840} INFO - DAG(s) 'example_xcom' retrieved from /home/airflow/.local/lib/python3.9/site-packages/airflow/example_dags/example_xcom.py
[2025-12-11T23:28:53.060+0000] {logging_mixin.py:188} INFO - [2025-12-11T23:28:53.059+0000] {dag.py:3096} INFO - Sync 1 DAGs
[2025-12-11T23:28:53.172+0000] {logging_mixin.py:188} INFO - [2025-12-11T23:28:53.172+0000] {dag.py:3954} INFO - Setting next_dagrun for example_xcom to 2021-01-01 00:00:00+00:00, run_after=2021-01-01 00:00:00+00:00
[2025-12-11T23:28:53.222+0000] {processor.py:183} INFO - Processing /home/airflow/.local/lib/python3.9/site-packages/airflow/example_dags/example_xcom.py took 0.324 seconds
[2025-12-11T23:29:24.043+0000] {processor.py:161} INFO - Started process (PID=4990) to work on /home/airflow/.local/lib/python3.9/site-packages/airflow/example_dags/example_xcom.py
[2025-12-11T23:29:24.045+0000] {processor.py:830} INFO - Processing file /home/airflow/.local/lib/python3.9/site-packages/airflow/example_dags/example_xcom.py for tasks to queue
[2025-12-11T23:29:24.047+0000] {logging_mixin.py:188} INFO - [2025-12-11T23:29:24.047+0000] {dagbag.py:545} INFO - Filling up the DagBag from /home/airflow/.local/lib/python3.9/site-packages/airflow/example_dags/example_xcom.py
[2025-12-11T23:29:24.060+0000] {processor.py:840} INFO - DAG(s) 'example_xcom' retrieved from /home/airflow/.local/lib/python3.9/site-packages/airflow/example_dags/example_xcom.py
[2025-12-11T23:29:24.100+0000] {logging_mixin.py:188} INFO - [2025-12-11T23:29:24.100+0000] {dag.py:3096} INFO - Sync 1 DAGs
[2025-12-11T23:29:24.136+0000] {logging_mixin.py:188} INFO - [2025-12-11T23:29:24.135+0000] {dag.py:3954} INFO - Setting next_dagrun for example_xcom to 2021-01-01 00:00:00+00:00, run_after=2021-01-01 00:00:00+00:00
[2025-12-11T23:29:24.165+0000] {processor.py:183} INFO - Processing /home/airflow/.local/lib/python3.9/site-packages/airflow/example_dags/example_xcom.py took 0.132 seconds
[2025-12-11T23:29:54.818+0000] {processor.py:161} INFO - Started process (PID=5064) to work on /home/airflow/.local/lib/python3.9/site-packages/airflow/example_dags/example_xcom.py
[2025-12-11T23:29:54.820+0000] {processor.py:830} INFO - Processing file /home/airflow/.local/lib/python3.9/site-packages/airflow/example_dags/example_xcom.py for tasks to queue
[2025-12-11T23:29:54.830+0000] {logging_mixin.py:188} INFO - [2025-12-11T23:29:54.829+0000] {dagbag.py:545} INFO - Filling up the DagBag from /home/airflow/.local/lib/python3.9/site-packages/airflow/example_dags/example_xcom.py
[2025-12-11T23:29:54.854+0000] {processor.py:840} INFO - DAG(s) 'example_xcom' retrieved from /home/airflow/.local/lib/python3.9/site-packages/airflow/example_dags/example_xcom.py
[2025-12-11T23:29:54.931+0000] {logging_mixin.py:188} INFO - [2025-12-11T23:29:54.931+0000] {dag.py:3096} INFO - Sync 1 DAGs
[2025-12-11T23:29:55.017+0000] {logging_mixin.py:188} INFO - [2025-12-11T23:29:55.016+0000] {dag.py:3954} INFO - Setting next_dagrun for example_xcom to 2021-01-01 00:00:00+00:00, run_after=2021-01-01 00:00:00+00:00
[2025-12-11T23:29:55.078+0000] {processor.py:183} INFO - Processing /home/airflow/.local/lib/python3.9/site-packages/airflow/example_dags/example_xcom.py took 0.276 seconds
[2025-12-11T23:30:25.695+0000] {processor.py:161} INFO - Started process (PID=5131) to work on /home/airflow/.local/lib/python3.9/site-packages/airflow/example_dags/example_xcom.py
[2025-12-11T23:30:25.697+0000] {processor.py:830} INFO - Processing file /home/airflow/.local/lib/python3.9/site-packages/airflow/example_dags/example_xcom.py for tasks to queue
[2025-12-11T23:30:25.700+0000] {logging_mixin.py:188} INFO - [2025-12-11T23:30:25.699+0000] {dagbag.py:545} INFO - Filling up the DagBag from /home/airflow/.local/lib/python3.9/site-packages/airflow/example_dags/example_xcom.py
[2025-12-11T23:30:25.720+0000] {processor.py:840} INFO - DAG(s) 'example_xcom' retrieved from /home/airflow/.local/lib/python3.9/site-packages/airflow/example_dags/example_xcom.py
[2025-12-11T23:30:25.781+0000] {logging_mixin.py:188} INFO - [2025-12-11T23:30:25.781+0000] {dag.py:3096} INFO - Sync 1 DAGs
[2025-12-11T23:30:25.844+0000] {logging_mixin.py:188} INFO - [2025-12-11T23:30:25.843+0000] {dag.py:3954} INFO - Setting next_dagrun for example_xcom to 2021-01-01 00:00:00+00:00, run_after=2021-01-01 00:00:00+00:00
[2025-12-11T23:30:25.915+0000] {processor.py:183} INFO - Processing /home/airflow/.local/lib/python3.9/site-packages/airflow/example_dags/example_xcom.py took 0.234 seconds
[2025-12-11T23:30:56.012+0000] {processor.py:161} INFO - Started process (PID=5198) to work on /home/airflow/.local/lib/python3.9/site-packages/airflow/example_dags/example_xcom.py
[2025-12-11T23:30:56.014+0000] {processor.py:830} INFO - Processing file /home/airflow/.local/lib/python3.9/site-packages/airflow/example_dags/example_xcom.py for tasks to queue
[2025-12-11T23:30:56.016+0000] {logging_mixin.py:188} INFO - [2025-12-11T23:30:56.016+0000] {dagbag.py:545} INFO - Filling up the DagBag from /home/airflow/.local/lib/python3.9/site-packages/airflow/example_dags/example_xcom.py
[2025-12-11T23:30:56.040+0000] {processor.py:840} INFO - DAG(s) 'example_xcom' retrieved from /home/airflow/.local/lib/python3.9/site-packages/airflow/example_dags/example_xcom.py
[2025-12-11T23:30:56.115+0000] {logging_mixin.py:188} INFO - [2025-12-11T23:30:56.114+0000] {dag.py:3096} INFO - Sync 1 DAGs
[2025-12-11T23:30:56.195+0000] {logging_mixin.py:188} INFO - [2025-12-11T23:30:56.194+0000] {dag.py:3954} INFO - Setting next_dagrun for example_xcom to 2021-01-01 00:00:00+00:00, run_after=2021-01-01 00:00:00+00:00
[2025-12-11T23:30:56.255+0000] {processor.py:183} INFO - Processing /home/airflow/.local/lib/python3.9/site-packages/airflow/example_dags/example_xcom.py took 0.258 seconds
[2025-12-11T23:31:26.379+0000] {processor.py:161} INFO - Started process (PID=5261) to work on /home/airflow/.local/lib/python3.9/site-packages/airflow/example_dags/example_xcom.py
[2025-12-11T23:31:26.396+0000] {processor.py:830} INFO - Processing file /home/airflow/.local/lib/python3.9/site-packages/airflow/example_dags/example_xcom.py for tasks to queue
[2025-12-11T23:31:26.399+0000] {logging_mixin.py:188} INFO - [2025-12-11T23:31:26.398+0000] {dagbag.py:545} INFO - Filling up the DagBag from /home/airflow/.local/lib/python3.9/site-packages/airflow/example_dags/example_xcom.py
[2025-12-11T23:31:26.420+0000] {processor.py:840} INFO - DAG(s) 'example_xcom' retrieved from /home/airflow/.local/lib/python3.9/site-packages/airflow/example_dags/example_xcom.py
[2025-12-11T23:31:26.518+0000] {logging_mixin.py:188} INFO - [2025-12-11T23:31:26.518+0000] {dag.py:3096} INFO - Sync 1 DAGs
[2025-12-11T23:31:26.622+0000] {logging_mixin.py:188} INFO - [2025-12-11T23:31:26.622+0000] {dag.py:3954} INFO - Setting next_dagrun for example_xcom to 2021-01-01 00:00:00+00:00, run_after=2021-01-01 00:00:00+00:00
[2025-12-11T23:31:26.709+0000] {processor.py:183} INFO - Processing /home/airflow/.local/lib/python3.9/site-packages/airflow/example_dags/example_xcom.py took 0.350 seconds
[2025-12-11T23:31:57.075+0000] {processor.py:161} INFO - Started process (PID=5327) to work on /home/airflow/.local/lib/python3.9/site-packages/airflow/example_dags/example_xcom.py
[2025-12-11T23:31:57.097+0000] {processor.py:830} INFO - Processing file /home/airflow/.local/lib/python3.9/site-packages/airflow/example_dags/example_xcom.py for tasks to queue
[2025-12-11T23:31:57.101+0000] {logging_mixin.py:188} INFO - [2025-12-11T23:31:57.100+0000] {dagbag.py:545} INFO - Filling up the DagBag from /home/airflow/.local/lib/python3.9/site-packages/airflow/example_dags/example_xcom.py
[2025-12-11T23:31:57.119+0000] {processor.py:840} INFO - DAG(s) 'example_xcom' retrieved from /home/airflow/.local/lib/python3.9/site-packages/airflow/example_dags/example_xcom.py
[2025-12-11T23:31:57.163+0000] {logging_mixin.py:188} INFO - [2025-12-11T23:31:57.163+0000] {dag.py:3096} INFO - Sync 1 DAGs
[2025-12-11T23:31:57.206+0000] {logging_mixin.py:188} INFO - [2025-12-11T23:31:57.205+0000] {dag.py:3954} INFO - Setting next_dagrun for example_xcom to 2021-01-01 00:00:00+00:00, run_after=2021-01-01 00:00:00+00:00
[2025-12-11T23:31:57.237+0000] {processor.py:183} INFO - Processing /home/airflow/.local/lib/python3.9/site-packages/airflow/example_dags/example_xcom.py took 0.183 seconds
[2025-12-11T23:32:27.677+0000] {processor.py:161} INFO - Started process (PID=5392) to work on /home/airflow/.local/lib/python3.9/site-packages/airflow/example_dags/example_xcom.py
[2025-12-11T23:32:27.679+0000] {processor.py:830} INFO - Processing file /home/airflow/.local/lib/python3.9/site-packages/airflow/example_dags/example_xcom.py for tasks to queue
[2025-12-11T23:32:27.691+0000] {logging_mixin.py:188} INFO - [2025-12-11T23:32:27.691+0000] {dagbag.py:545} INFO - Filling up the DagBag from /home/airflow/.local/lib/python3.9/site-packages/airflow/example_dags/example_xcom.py
[2025-12-11T23:32:27.712+0000] {processor.py:840} INFO - DAG(s) 'example_xcom' retrieved from /home/airflow/.local/lib/python3.9/site-packages/airflow/example_dags/example_xcom.py
[2025-12-11T23:32:27.777+0000] {logging_mixin.py:188} INFO - [2025-12-11T23:32:27.776+0000] {dag.py:3096} INFO - Sync 1 DAGs
[2025-12-11T23:32:27.842+0000] {logging_mixin.py:188} INFO - [2025-12-11T23:32:27.841+0000] {dag.py:3954} INFO - Setting next_dagrun for example_xcom to 2021-01-01 00:00:00+00:00, run_after=2021-01-01 00:00:00+00:00
[2025-12-11T23:32:27.899+0000] {processor.py:183} INFO - Processing /home/airflow/.local/lib/python3.9/site-packages/airflow/example_dags/example_xcom.py took 0.244 seconds
[2025-12-11T23:32:58.435+0000] {processor.py:161} INFO - Started process (PID=5459) to work on /home/airflow/.local/lib/python3.9/site-packages/airflow/example_dags/example_xcom.py
[2025-12-11T23:32:58.437+0000] {processor.py:830} INFO - Processing file /home/airflow/.local/lib/python3.9/site-packages/airflow/example_dags/example_xcom.py for tasks to queue
[2025-12-11T23:32:58.439+0000] {logging_mixin.py:188} INFO - [2025-12-11T23:32:58.439+0000] {dagbag.py:545} INFO - Filling up the DagBag from /home/airflow/.local/lib/python3.9/site-packages/airflow/example_dags/example_xcom.py
[2025-12-11T23:32:58.458+0000] {processor.py:840} INFO - DAG(s) 'example_xcom' retrieved from /home/airflow/.local/lib/python3.9/site-packages/airflow/example_dags/example_xcom.py
[2025-12-11T23:32:58.533+0000] {logging_mixin.py:188} INFO - [2025-12-11T23:32:58.532+0000] {dag.py:3096} INFO - Sync 1 DAGs
[2025-12-11T23:32:58.615+0000] {logging_mixin.py:188} INFO - [2025-12-11T23:32:58.614+0000] {dag.py:3954} INFO - Setting next_dagrun for example_xcom to 2021-01-01 00:00:00+00:00, run_after=2021-01-01 00:00:00+00:00
[2025-12-11T23:32:58.752+0000] {processor.py:183} INFO - Processing /home/airflow/.local/lib/python3.9/site-packages/airflow/example_dags/example_xcom.py took 0.327 seconds
[2025-12-11T23:33:28.824+0000] {processor.py:161} INFO - Started process (PID=5526) to work on /home/airflow/.local/lib/python3.9/site-packages/airflow/example_dags/example_xcom.py
[2025-12-11T23:33:28.825+0000] {processor.py:830} INFO - Processing file /home/airflow/.local/lib/python3.9/site-packages/airflow/example_dags/example_xcom.py for tasks to queue
[2025-12-11T23:33:28.828+0000] {logging_mixin.py:188} INFO - [2025-12-11T23:33:28.828+0000] {dagbag.py:545} INFO - Filling up the DagBag from /home/airflow/.local/lib/python3.9/site-packages/airflow/example_dags/example_xcom.py
[2025-12-11T23:33:28.842+0000] {processor.py:840} INFO - DAG(s) 'example_xcom' retrieved from /home/airflow/.local/lib/python3.9/site-packages/airflow/example_dags/example_xcom.py
[2025-12-11T23:33:28.878+0000] {logging_mixin.py:188} INFO - [2025-12-11T23:33:28.877+0000] {dag.py:3096} INFO - Sync 1 DAGs
[2025-12-11T23:33:28.910+0000] {logging_mixin.py:188} INFO - [2025-12-11T23:33:28.910+0000] {dag.py:3954} INFO - Setting next_dagrun for example_xcom to 2021-01-01 00:00:00+00:00, run_after=2021-01-01 00:00:00+00:00
[2025-12-11T23:33:28.937+0000] {processor.py:183} INFO - Processing /home/airflow/.local/lib/python3.9/site-packages/airflow/example_dags/example_xcom.py took 0.125 seconds
[2025-12-11T23:33:59.550+0000] {processor.py:161} INFO - Started process (PID=5593) to work on /home/airflow/.local/lib/python3.9/site-packages/airflow/example_dags/example_xcom.py
[2025-12-11T23:33:59.552+0000] {processor.py:830} INFO - Processing file /home/airflow/.local/lib/python3.9/site-packages/airflow/example_dags/example_xcom.py for tasks to queue
[2025-12-11T23:33:59.555+0000] {logging_mixin.py:188} INFO - [2025-12-11T23:33:59.554+0000] {dagbag.py:545} INFO - Filling up the DagBag from /home/airflow/.local/lib/python3.9/site-packages/airflow/example_dags/example_xcom.py
[2025-12-11T23:33:59.566+0000] {processor.py:840} INFO - DAG(s) 'example_xcom' retrieved from /home/airflow/.local/lib/python3.9/site-packages/airflow/example_dags/example_xcom.py
[2025-12-11T23:33:59.617+0000] {logging_mixin.py:188} INFO - [2025-12-11T23:33:59.616+0000] {dag.py:3096} INFO - Sync 1 DAGs
[2025-12-11T23:33:59.690+0000] {logging_mixin.py:188} INFO - [2025-12-11T23:33:59.689+0000] {dag.py:3954} INFO - Setting next_dagrun for example_xcom to 2021-01-01 00:00:00+00:00, run_after=2021-01-01 00:00:00+00:00
[2025-12-11T23:33:59.729+0000] {processor.py:183} INFO - Processing /home/airflow/.local/lib/python3.9/site-packages/airflow/example_dags/example_xcom.py took 0.191 seconds
[2025-12-11T23:34:29.828+0000] {processor.py:161} INFO - Started process (PID=5660) to work on /home/airflow/.local/lib/python3.9/site-packages/airflow/example_dags/example_xcom.py
[2025-12-11T23:34:29.852+0000] {processor.py:830} INFO - Processing file /home/airflow/.local/lib/python3.9/site-packages/airflow/example_dags/example_xcom.py for tasks to queue
[2025-12-11T23:34:29.855+0000] {logging_mixin.py:188} INFO - [2025-12-11T23:34:29.855+0000] {dagbag.py:545} INFO - Filling up the DagBag from /home/airflow/.local/lib/python3.9/site-packages/airflow/example_dags/example_xcom.py
[2025-12-11T23:34:29.874+0000] {processor.py:840} INFO - DAG(s) 'example_xcom' retrieved from /home/airflow/.local/lib/python3.9/site-packages/airflow/example_dags/example_xcom.py
[2025-12-11T23:34:29.921+0000] {logging_mixin.py:188} INFO - [2025-12-11T23:34:29.920+0000] {dag.py:3096} INFO - Sync 1 DAGs
[2025-12-11T23:34:29.957+0000] {logging_mixin.py:188} INFO - [2025-12-11T23:34:29.957+0000] {dag.py:3954} INFO - Setting next_dagrun for example_xcom to 2021-01-01 00:00:00+00:00, run_after=2021-01-01 00:00:00+00:00
[2025-12-11T23:34:29.987+0000] {processor.py:183} INFO - Processing /home/airflow/.local/lib/python3.9/site-packages/airflow/example_dags/example_xcom.py took 0.173 seconds
[2025-12-11T23:35:00.125+0000] {processor.py:161} INFO - Started process (PID=5727) to work on /home/airflow/.local/lib/python3.9/site-packages/airflow/example_dags/example_xcom.py
[2025-12-11T23:35:00.126+0000] {processor.py:830} INFO - Processing file /home/airflow/.local/lib/python3.9/site-packages/airflow/example_dags/example_xcom.py for tasks to queue
[2025-12-11T23:35:00.129+0000] {logging_mixin.py:188} INFO - [2025-12-11T23:35:00.129+0000] {dagbag.py:545} INFO - Filling up the DagBag from /home/airflow/.local/lib/python3.9/site-packages/airflow/example_dags/example_xcom.py
[2025-12-11T23:35:00.141+0000] {processor.py:840} INFO - DAG(s) 'example_xcom' retrieved from /home/airflow/.local/lib/python3.9/site-packages/airflow/example_dags/example_xcom.py
[2025-12-11T23:35:00.183+0000] {logging_mixin.py:188} INFO - [2025-12-11T23:35:00.183+0000] {dag.py:3096} INFO - Sync 1 DAGs
[2025-12-11T23:35:00.238+0000] {logging_mixin.py:188} INFO - [2025-12-11T23:35:00.237+0000] {dag.py:3954} INFO - Setting next_dagrun for example_xcom to 2021-01-01 00:00:00+00:00, run_after=2021-01-01 00:00:00+00:00
[2025-12-11T23:35:00.267+0000] {processor.py:183} INFO - Processing /home/airflow/.local/lib/python3.9/site-packages/airflow/example_dags/example_xcom.py took 0.152 seconds
[2025-12-11T23:35:30.766+0000] {processor.py:161} INFO - Started process (PID=5793) to work on /home/airflow/.local/lib/python3.9/site-packages/airflow/example_dags/example_xcom.py
[2025-12-11T23:35:30.773+0000] {processor.py:830} INFO - Processing file /home/airflow/.local/lib/python3.9/site-packages/airflow/example_dags/example_xcom.py for tasks to queue
[2025-12-11T23:35:30.776+0000] {logging_mixin.py:188} INFO - [2025-12-11T23:35:30.775+0000] {dagbag.py:545} INFO - Filling up the DagBag from /home/airflow/.local/lib/python3.9/site-packages/airflow/example_dags/example_xcom.py
[2025-12-11T23:35:30.787+0000] {processor.py:840} INFO - DAG(s) 'example_xcom' retrieved from /home/airflow/.local/lib/python3.9/site-packages/airflow/example_dags/example_xcom.py
[2025-12-11T23:35:30.831+0000] {logging_mixin.py:188} INFO - [2025-12-11T23:35:30.831+0000] {dag.py:3096} INFO - Sync 1 DAGs
[2025-12-11T23:35:30.875+0000] {logging_mixin.py:188} INFO - [2025-12-11T23:35:30.874+0000] {dag.py:3954} INFO - Setting next_dagrun for example_xcom to 2021-01-01 00:00:00+00:00, run_after=2021-01-01 00:00:00+00:00
[2025-12-11T23:35:30.907+0000] {processor.py:183} INFO - Processing /home/airflow/.local/lib/python3.9/site-packages/airflow/example_dags/example_xcom.py took 0.151 seconds
[2025-12-11T23:36:01.126+0000] {processor.py:161} INFO - Started process (PID=5860) to work on /home/airflow/.local/lib/python3.9/site-packages/airflow/example_dags/example_xcom.py
[2025-12-11T23:36:01.128+0000] {processor.py:830} INFO - Processing file /home/airflow/.local/lib/python3.9/site-packages/airflow/example_dags/example_xcom.py for tasks to queue
[2025-12-11T23:36:01.131+0000] {logging_mixin.py:188} INFO - [2025-12-11T23:36:01.131+0000] {dagbag.py:545} INFO - Filling up the DagBag from /home/airflow/.local/lib/python3.9/site-packages/airflow/example_dags/example_xcom.py
[2025-12-11T23:36:01.148+0000] {processor.py:840} INFO - DAG(s) 'example_xcom' retrieved from /home/airflow/.local/lib/python3.9/site-packages/airflow/example_dags/example_xcom.py
[2025-12-11T23:36:01.197+0000] {logging_mixin.py:188} INFO - [2025-12-11T23:36:01.197+0000] {dag.py:3096} INFO - Sync 1 DAGs
[2025-12-11T23:36:01.239+0000] {logging_mixin.py:188} INFO - [2025-12-11T23:36:01.239+0000] {dag.py:3954} INFO - Setting next_dagrun for example_xcom to 2021-01-01 00:00:00+00:00, run_after=2021-01-01 00:00:00+00:00
[2025-12-11T23:36:01.271+0000] {processor.py:183} INFO - Processing /home/airflow/.local/lib/python3.9/site-packages/airflow/example_dags/example_xcom.py took 0.169 seconds
[2025-12-11T23:36:31.975+0000] {processor.py:161} INFO - Started process (PID=5927) to work on /home/airflow/.local/lib/python3.9/site-packages/airflow/example_dags/example_xcom.py
[2025-12-11T23:36:31.994+0000] {processor.py:830} INFO - Processing file /home/airflow/.local/lib/python3.9/site-packages/airflow/example_dags/example_xcom.py for tasks to queue
[2025-12-11T23:36:31.997+0000] {logging_mixin.py:188} INFO - [2025-12-11T23:36:31.997+0000] {dagbag.py:545} INFO - Filling up the DagBag from /home/airflow/.local/lib/python3.9/site-packages/airflow/example_dags/example_xcom.py
[2025-12-11T23:36:32.011+0000] {processor.py:840} INFO - DAG(s) 'example_xcom' retrieved from /home/airflow/.local/lib/python3.9/site-packages/airflow/example_dags/example_xcom.py
[2025-12-11T23:36:32.060+0000] {logging_mixin.py:188} INFO - [2025-12-11T23:36:32.059+0000] {dag.py:3096} INFO - Sync 1 DAGs
[2025-12-11T23:36:32.109+0000] {logging_mixin.py:188} INFO - [2025-12-11T23:36:32.109+0000] {dag.py:3954} INFO - Setting next_dagrun for example_xcom to 2021-01-01 00:00:00+00:00, run_after=2021-01-01 00:00:00+00:00
[2025-12-11T23:36:32.144+0000] {processor.py:183} INFO - Processing /home/airflow/.local/lib/python3.9/site-packages/airflow/example_dags/example_xcom.py took 0.182 seconds
[2025-12-11T23:37:02.570+0000] {processor.py:161} INFO - Started process (PID=5995) to work on /home/airflow/.local/lib/python3.9/site-packages/airflow/example_dags/example_xcom.py
[2025-12-11T23:37:02.571+0000] {processor.py:830} INFO - Processing file /home/airflow/.local/lib/python3.9/site-packages/airflow/example_dags/example_xcom.py for tasks to queue
[2025-12-11T23:37:02.574+0000] {logging_mixin.py:188} INFO - [2025-12-11T23:37:02.573+0000] {dagbag.py:545} INFO - Filling up the DagBag from /home/airflow/.local/lib/python3.9/site-packages/airflow/example_dags/example_xcom.py
[2025-12-11T23:37:02.586+0000] {processor.py:840} INFO - DAG(s) 'example_xcom' retrieved from /home/airflow/.local/lib/python3.9/site-packages/airflow/example_dags/example_xcom.py
[2025-12-11T23:37:02.624+0000] {logging_mixin.py:188} INFO - [2025-12-11T23:37:02.624+0000] {dag.py:3096} INFO - Sync 1 DAGs
[2025-12-11T23:37:02.659+0000] {logging_mixin.py:188} INFO - [2025-12-11T23:37:02.659+0000] {dag.py:3954} INFO - Setting next_dagrun for example_xcom to 2021-01-01 00:00:00+00:00, run_after=2021-01-01 00:00:00+00:00
[2025-12-11T23:37:02.686+0000] {processor.py:183} INFO - Processing /home/airflow/.local/lib/python3.9/site-packages/airflow/example_dags/example_xcom.py took 0.127 seconds
[2025-12-11T23:37:33.035+0000] {processor.py:161} INFO - Started process (PID=6062) to work on /home/airflow/.local/lib/python3.9/site-packages/airflow/example_dags/example_xcom.py
[2025-12-11T23:37:33.040+0000] {processor.py:830} INFO - Processing file /home/airflow/.local/lib/python3.9/site-packages/airflow/example_dags/example_xcom.py for tasks to queue
[2025-12-11T23:37:33.044+0000] {logging_mixin.py:188} INFO - [2025-12-11T23:37:33.043+0000] {dagbag.py:545} INFO - Filling up the DagBag from /home/airflow/.local/lib/python3.9/site-packages/airflow/example_dags/example_xcom.py
[2025-12-11T23:37:33.062+0000] {processor.py:840} INFO - DAG(s) 'example_xcom' retrieved from /home/airflow/.local/lib/python3.9/site-packages/airflow/example_dags/example_xcom.py
[2025-12-11T23:37:33.118+0000] {logging_mixin.py:188} INFO - [2025-12-11T23:37:33.118+0000] {dag.py:3096} INFO - Sync 1 DAGs
[2025-12-11T23:37:33.178+0000] {logging_mixin.py:188} INFO - [2025-12-11T23:37:33.178+0000] {dag.py:3954} INFO - Setting next_dagrun for example_xcom to 2021-01-01 00:00:00+00:00, run_after=2021-01-01 00:00:00+00:00
[2025-12-11T23:37:33.226+0000] {processor.py:183} INFO - Processing /home/airflow/.local/lib/python3.9/site-packages/airflow/example_dags/example_xcom.py took 0.222 seconds
[2025-12-11T23:38:03.456+0000] {processor.py:161} INFO - Started process (PID=6129) to work on /home/airflow/.local/lib/python3.9/site-packages/airflow/example_dags/example_xcom.py
[2025-12-11T23:38:03.458+0000] {processor.py:830} INFO - Processing file /home/airflow/.local/lib/python3.9/site-packages/airflow/example_dags/example_xcom.py for tasks to queue
[2025-12-11T23:38:03.461+0000] {logging_mixin.py:188} INFO - [2025-12-11T23:38:03.460+0000] {dagbag.py:545} INFO - Filling up the DagBag from /home/airflow/.local/lib/python3.9/site-packages/airflow/example_dags/example_xcom.py
[2025-12-11T23:38:03.473+0000] {processor.py:840} INFO - DAG(s) 'example_xcom' retrieved from /home/airflow/.local/lib/python3.9/site-packages/airflow/example_dags/example_xcom.py
[2025-12-11T23:38:03.516+0000] {logging_mixin.py:188} INFO - [2025-12-11T23:38:03.515+0000] {dag.py:3096} INFO - Sync 1 DAGs
[2025-12-11T23:38:03.552+0000] {logging_mixin.py:188} INFO - [2025-12-11T23:38:03.551+0000] {dag.py:3954} INFO - Setting next_dagrun for example_xcom to 2021-01-01 00:00:00+00:00, run_after=2021-01-01 00:00:00+00:00
[2025-12-11T23:38:03.582+0000] {processor.py:183} INFO - Processing /home/airflow/.local/lib/python3.9/site-packages/airflow/example_dags/example_xcom.py took 0.136 seconds
[2025-12-11T23:38:34.139+0000] {processor.py:161} INFO - Started process (PID=6196) to work on /home/airflow/.local/lib/python3.9/site-packages/airflow/example_dags/example_xcom.py
[2025-12-11T23:38:34.141+0000] {processor.py:830} INFO - Processing file /home/airflow/.local/lib/python3.9/site-packages/airflow/example_dags/example_xcom.py for tasks to queue
[2025-12-11T23:38:34.145+0000] {logging_mixin.py:188} INFO - [2025-12-11T23:38:34.144+0000] {dagbag.py:545} INFO - Filling up the DagBag from /home/airflow/.local/lib/python3.9/site-packages/airflow/example_dags/example_xcom.py
[2025-12-11T23:38:34.163+0000] {processor.py:840} INFO - DAG(s) 'example_xcom' retrieved from /home/airflow/.local/lib/python3.9/site-packages/airflow/example_dags/example_xcom.py
[2025-12-11T23:38:34.204+0000] {logging_mixin.py:188} INFO - [2025-12-11T23:38:34.203+0000] {dag.py:3096} INFO - Sync 1 DAGs
[2025-12-11T23:38:34.246+0000] {logging_mixin.py:188} INFO - [2025-12-11T23:38:34.245+0000] {dag.py:3954} INFO - Setting next_dagrun for example_xcom to 2021-01-01 00:00:00+00:00, run_after=2021-01-01 00:00:00+00:00
[2025-12-11T23:38:34.279+0000] {processor.py:183} INFO - Processing /home/airflow/.local/lib/python3.9/site-packages/airflow/example_dags/example_xcom.py took 0.151 seconds
[2025-12-11T23:39:05.137+0000] {processor.py:161} INFO - Started process (PID=6263) to work on /home/airflow/.local/lib/python3.9/site-packages/airflow/example_dags/example_xcom.py
[2025-12-11T23:39:05.140+0000] {processor.py:830} INFO - Processing file /home/airflow/.local/lib/python3.9/site-packages/airflow/example_dags/example_xcom.py for tasks to queue
[2025-12-11T23:39:05.143+0000] {logging_mixin.py:188} INFO - [2025-12-11T23:39:05.143+0000] {dagbag.py:545} INFO - Filling up the DagBag from /home/airflow/.local/lib/python3.9/site-packages/airflow/example_dags/example_xcom.py
[2025-12-11T23:39:05.155+0000] {processor.py:840} INFO - DAG(s) 'example_xcom' retrieved from /home/airflow/.local/lib/python3.9/site-packages/airflow/example_dags/example_xcom.py
[2025-12-11T23:39:05.198+0000] {logging_mixin.py:188} INFO - [2025-12-11T23:39:05.198+0000] {dag.py:3096} INFO - Sync 1 DAGs
[2025-12-11T23:39:05.235+0000] {logging_mixin.py:188} INFO - [2025-12-11T23:39:05.235+0000] {dag.py:3954} INFO - Setting next_dagrun for example_xcom to 2021-01-01 00:00:00+00:00, run_after=2021-01-01 00:00:00+00:00
[2025-12-11T23:39:05.261+0000] {processor.py:183} INFO - Processing /home/airflow/.local/lib/python3.9/site-packages/airflow/example_dags/example_xcom.py took 0.135 seconds
[2025-12-11T23:39:35.891+0000] {processor.py:161} INFO - Started process (PID=6330) to work on /home/airflow/.local/lib/python3.9/site-packages/airflow/example_dags/example_xcom.py
[2025-12-11T23:39:35.899+0000] {processor.py:830} INFO - Processing file /home/airflow/.local/lib/python3.9/site-packages/airflow/example_dags/example_xcom.py for tasks to queue
[2025-12-11T23:39:35.902+0000] {logging_mixin.py:188} INFO - [2025-12-11T23:39:35.901+0000] {dagbag.py:545} INFO - Filling up the DagBag from /home/airflow/.local/lib/python3.9/site-packages/airflow/example_dags/example_xcom.py
[2025-12-11T23:39:35.913+0000] {processor.py:840} INFO - DAG(s) 'example_xcom' retrieved from /home/airflow/.local/lib/python3.9/site-packages/airflow/example_dags/example_xcom.py
[2025-12-11T23:39:35.949+0000] {logging_mixin.py:188} INFO - [2025-12-11T23:39:35.949+0000] {dag.py:3096} INFO - Sync 1 DAGs
[2025-12-11T23:39:35.982+0000] {logging_mixin.py:188} INFO - [2025-12-11T23:39:35.982+0000] {dag.py:3954} INFO - Setting next_dagrun for example_xcom to 2021-01-01 00:00:00+00:00, run_after=2021-01-01 00:00:00+00:00
[2025-12-11T23:39:36.011+0000] {processor.py:183} INFO - Processing /home/airflow/.local/lib/python3.9/site-packages/airflow/example_dags/example_xcom.py took 0.129 seconds
[2025-12-11T23:40:06.194+0000] {processor.py:161} INFO - Started process (PID=6397) to work on /home/airflow/.local/lib/python3.9/site-packages/airflow/example_dags/example_xcom.py
[2025-12-11T23:40:06.195+0000] {processor.py:830} INFO - Processing file /home/airflow/.local/lib/python3.9/site-packages/airflow/example_dags/example_xcom.py for tasks to queue
[2025-12-11T23:40:06.198+0000] {logging_mixin.py:188} INFO - [2025-12-11T23:40:06.198+0000] {dagbag.py:545} INFO - Filling up the DagBag from /home/airflow/.local/lib/python3.9/site-packages/airflow/example_dags/example_xcom.py
[2025-12-11T23:40:06.212+0000] {processor.py:840} INFO - DAG(s) 'example_xcom' retrieved from /home/airflow/.local/lib/python3.9/site-packages/airflow/example_dags/example_xcom.py
[2025-12-11T23:40:06.252+0000] {logging_mixin.py:188} INFO - [2025-12-11T23:40:06.251+0000] {dag.py:3096} INFO - Sync 1 DAGs
[2025-12-11T23:40:06.297+0000] {logging_mixin.py:188} INFO - [2025-12-11T23:40:06.297+0000] {dag.py:3954} INFO - Setting next_dagrun for example_xcom to 2021-01-01 00:00:00+00:00, run_after=2021-01-01 00:00:00+00:00
[2025-12-11T23:40:06.332+0000] {processor.py:183} INFO - Processing /home/airflow/.local/lib/python3.9/site-packages/airflow/example_dags/example_xcom.py took 0.149 seconds
[2025-12-11T23:40:36.716+0000] {processor.py:161} INFO - Started process (PID=6464) to work on /home/airflow/.local/lib/python3.9/site-packages/airflow/example_dags/example_xcom.py
[2025-12-11T23:40:36.721+0000] {processor.py:830} INFO - Processing file /home/airflow/.local/lib/python3.9/site-packages/airflow/example_dags/example_xcom.py for tasks to queue
[2025-12-11T23:40:36.724+0000] {logging_mixin.py:188} INFO - [2025-12-11T23:40:36.724+0000] {dagbag.py:545} INFO - Filling up the DagBag from /home/airflow/.local/lib/python3.9/site-packages/airflow/example_dags/example_xcom.py
[2025-12-11T23:40:36.736+0000] {processor.py:840} INFO - DAG(s) 'example_xcom' retrieved from /home/airflow/.local/lib/python3.9/site-packages/airflow/example_dags/example_xcom.py
[2025-12-11T23:40:36.789+0000] {logging_mixin.py:188} INFO - [2025-12-11T23:40:36.788+0000] {dag.py:3096} INFO - Sync 1 DAGs
[2025-12-11T23:40:36.836+0000] {logging_mixin.py:188} INFO - [2025-12-11T23:40:36.836+0000] {dag.py:3954} INFO - Setting next_dagrun for example_xcom to 2021-01-01 00:00:00+00:00, run_after=2021-01-01 00:00:00+00:00
[2025-12-11T23:40:36.882+0000] {processor.py:183} INFO - Processing /home/airflow/.local/lib/python3.9/site-packages/airflow/example_dags/example_xcom.py took 0.177 seconds
[2025-12-11T23:41:07.395+0000] {processor.py:161} INFO - Started process (PID=6531) to work on /home/airflow/.local/lib/python3.9/site-packages/airflow/example_dags/example_xcom.py
[2025-12-11T23:41:07.396+0000] {processor.py:830} INFO - Processing file /home/airflow/.local/lib/python3.9/site-packages/airflow/example_dags/example_xcom.py for tasks to queue
[2025-12-11T23:41:07.400+0000] {logging_mixin.py:188} INFO - [2025-12-11T23:41:07.399+0000] {dagbag.py:545} INFO - Filling up the DagBag from /home/airflow/.local/lib/python3.9/site-packages/airflow/example_dags/example_xcom.py
[2025-12-11T23:41:07.413+0000] {processor.py:840} INFO - DAG(s) 'example_xcom' retrieved from /home/airflow/.local/lib/python3.9/site-packages/airflow/example_dags/example_xcom.py
[2025-12-11T23:41:07.461+0000] {logging_mixin.py:188} INFO - [2025-12-11T23:41:07.461+0000] {dag.py:3096} INFO - Sync 1 DAGs
[2025-12-11T23:41:07.500+0000] {logging_mixin.py:188} INFO - [2025-12-11T23:41:07.500+0000] {dag.py:3954} INFO - Setting next_dagrun for example_xcom to 2021-01-01 00:00:00+00:00, run_after=2021-01-01 00:00:00+00:00
[2025-12-11T23:41:07.528+0000] {processor.py:183} INFO - Processing /home/airflow/.local/lib/python3.9/site-packages/airflow/example_dags/example_xcom.py took 0.146 seconds
[2025-12-11T23:41:37.711+0000] {processor.py:161} INFO - Started process (PID=6593) to work on /home/airflow/.local/lib/python3.9/site-packages/airflow/example_dags/example_xcom.py
[2025-12-11T23:41:37.713+0000] {processor.py:830} INFO - Processing file /home/airflow/.local/lib/python3.9/site-packages/airflow/example_dags/example_xcom.py for tasks to queue
[2025-12-11T23:41:37.715+0000] {logging_mixin.py:188} INFO - [2025-12-11T23:41:37.715+0000] {dagbag.py:545} INFO - Filling up the DagBag from /home/airflow/.local/lib/python3.9/site-packages/airflow/example_dags/example_xcom.py
[2025-12-11T23:41:37.736+0000] {processor.py:840} INFO - DAG(s) 'example_xcom' retrieved from /home/airflow/.local/lib/python3.9/site-packages/airflow/example_dags/example_xcom.py
[2025-12-11T23:41:37.798+0000] {logging_mixin.py:188} INFO - [2025-12-11T23:41:37.798+0000] {dag.py:3096} INFO - Sync 1 DAGs
[2025-12-11T23:41:37.861+0000] {logging_mixin.py:188} INFO - [2025-12-11T23:41:37.860+0000] {dag.py:3954} INFO - Setting next_dagrun for example_xcom to 2021-01-01 00:00:00+00:00, run_after=2021-01-01 00:00:00+00:00
[2025-12-11T23:41:37.901+0000] {processor.py:183} INFO - Processing /home/airflow/.local/lib/python3.9/site-packages/airflow/example_dags/example_xcom.py took 0.208 seconds
[2025-12-11T23:42:08.199+0000] {processor.py:161} INFO - Started process (PID=6660) to work on /home/airflow/.local/lib/python3.9/site-packages/airflow/example_dags/example_xcom.py
[2025-12-11T23:42:08.204+0000] {processor.py:830} INFO - Processing file /home/airflow/.local/lib/python3.9/site-packages/airflow/example_dags/example_xcom.py for tasks to queue
[2025-12-11T23:42:08.217+0000] {logging_mixin.py:188} INFO - [2025-12-11T23:42:08.217+0000] {dagbag.py:545} INFO - Filling up the DagBag from /home/airflow/.local/lib/python3.9/site-packages/airflow/example_dags/example_xcom.py
[2025-12-11T23:42:08.250+0000] {processor.py:840} INFO - DAG(s) 'example_xcom' retrieved from /home/airflow/.local/lib/python3.9/site-packages/airflow/example_dags/example_xcom.py
[2025-12-11T23:42:08.330+0000] {logging_mixin.py:188} INFO - [2025-12-11T23:42:08.330+0000] {dag.py:3096} INFO - Sync 1 DAGs
[2025-12-11T23:42:08.392+0000] {logging_mixin.py:188} INFO - [2025-12-11T23:42:08.391+0000] {dag.py:3954} INFO - Setting next_dagrun for example_xcom to 2021-01-01 00:00:00+00:00, run_after=2021-01-01 00:00:00+00:00
[2025-12-11T23:42:08.483+0000] {processor.py:183} INFO - Processing /home/airflow/.local/lib/python3.9/site-packages/airflow/example_dags/example_xcom.py took 0.311 seconds
