[2025-12-11T22:52:29.675+0000] {processor.py:161} INFO - Started process (PID=135) to work on /home/airflow/.local/lib/python3.9/site-packages/airflow/example_dags/example_setup_teardown.py
[2025-12-11T22:52:29.690+0000] {processor.py:830} INFO - Processing file /home/airflow/.local/lib/python3.9/site-packages/airflow/example_dags/example_setup_teardown.py for tasks to queue
[2025-12-11T22:52:29.694+0000] {logging_mixin.py:188} INFO - [2025-12-11T22:52:29.693+0000] {dagbag.py:545} INFO - Filling up the DagBag from /home/airflow/.local/lib/python3.9/site-packages/airflow/example_dags/example_setup_teardown.py
[2025-12-11T22:52:29.753+0000] {processor.py:840} INFO - DAG(s) 'example_setup_teardown' retrieved from /home/airflow/.local/lib/python3.9/site-packages/airflow/example_dags/example_setup_teardown.py
[2025-12-11T22:52:30.353+0000] {logging_mixin.py:188} INFO - [2025-12-11T22:52:30.353+0000] {dag.py:3096} INFO - Sync 1 DAGs
[2025-12-11T22:52:30.451+0000] {logging_mixin.py:188} INFO - [2025-12-11T22:52:30.451+0000] {dag.py:3954} INFO - Setting next_dagrun for example_setup_teardown to 2025-12-10 00:00:00+00:00, run_after=2025-12-11 00:00:00+00:00
[2025-12-11T22:52:30.611+0000] {processor.py:183} INFO - Processing /home/airflow/.local/lib/python3.9/site-packages/airflow/example_dags/example_setup_teardown.py took 0.960 seconds
[2025-12-11T22:53:02.494+0000] {processor.py:161} INFO - Started process (PID=201) to work on /home/airflow/.local/lib/python3.9/site-packages/airflow/example_dags/example_setup_teardown.py
[2025-12-11T22:53:02.496+0000] {processor.py:830} INFO - Processing file /home/airflow/.local/lib/python3.9/site-packages/airflow/example_dags/example_setup_teardown.py for tasks to queue
[2025-12-11T22:53:02.512+0000] {logging_mixin.py:188} INFO - [2025-12-11T22:53:02.512+0000] {dagbag.py:545} INFO - Filling up the DagBag from /home/airflow/.local/lib/python3.9/site-packages/airflow/example_dags/example_setup_teardown.py
[2025-12-11T22:53:02.574+0000] {processor.py:840} INFO - DAG(s) 'example_setup_teardown' retrieved from /home/airflow/.local/lib/python3.9/site-packages/airflow/example_dags/example_setup_teardown.py
[2025-12-11T22:53:02.771+0000] {logging_mixin.py:188} INFO - [2025-12-11T22:53:02.770+0000] {dag.py:3096} INFO - Sync 1 DAGs
[2025-12-11T22:53:02.910+0000] {logging_mixin.py:188} INFO - [2025-12-11T22:53:02.909+0000] {dag.py:3954} INFO - Setting next_dagrun for example_setup_teardown to 2025-12-10 00:00:00+00:00, run_after=2025-12-11 00:00:00+00:00
[2025-12-11T22:53:03.016+0000] {processor.py:183} INFO - Processing /home/airflow/.local/lib/python3.9/site-packages/airflow/example_dags/example_setup_teardown.py took 0.564 seconds
[2025-12-11T22:53:33.391+0000] {processor.py:161} INFO - Started process (PID=267) to work on /home/airflow/.local/lib/python3.9/site-packages/airflow/example_dags/example_setup_teardown.py
[2025-12-11T22:53:33.393+0000] {processor.py:830} INFO - Processing file /home/airflow/.local/lib/python3.9/site-packages/airflow/example_dags/example_setup_teardown.py for tasks to queue
[2025-12-11T22:53:33.396+0000] {logging_mixin.py:188} INFO - [2025-12-11T22:53:33.395+0000] {dagbag.py:545} INFO - Filling up the DagBag from /home/airflow/.local/lib/python3.9/site-packages/airflow/example_dags/example_setup_teardown.py
[2025-12-11T22:53:33.431+0000] {processor.py:840} INFO - DAG(s) 'example_setup_teardown' retrieved from /home/airflow/.local/lib/python3.9/site-packages/airflow/example_dags/example_setup_teardown.py
[2025-12-11T22:53:33.554+0000] {logging_mixin.py:188} INFO - [2025-12-11T22:53:33.554+0000] {dag.py:3096} INFO - Sync 1 DAGs
[2025-12-11T22:53:33.731+0000] {logging_mixin.py:188} INFO - [2025-12-11T22:53:33.717+0000] {dag.py:3954} INFO - Setting next_dagrun for example_setup_teardown to 2025-12-10 00:00:00+00:00, run_after=2025-12-11 00:00:00+00:00
[2025-12-11T22:53:33.855+0000] {processor.py:183} INFO - Processing /home/airflow/.local/lib/python3.9/site-packages/airflow/example_dags/example_setup_teardown.py took 0.501 seconds
[2025-12-11T22:54:04.144+0000] {processor.py:161} INFO - Started process (PID=326) to work on /home/airflow/.local/lib/python3.9/site-packages/airflow/example_dags/example_setup_teardown.py
[2025-12-11T22:54:04.186+0000] {processor.py:830} INFO - Processing file /home/airflow/.local/lib/python3.9/site-packages/airflow/example_dags/example_setup_teardown.py for tasks to queue
[2025-12-11T22:54:04.190+0000] {logging_mixin.py:188} INFO - [2025-12-11T22:54:04.189+0000] {dagbag.py:545} INFO - Filling up the DagBag from /home/airflow/.local/lib/python3.9/site-packages/airflow/example_dags/example_setup_teardown.py
[2025-12-11T22:54:04.201+0000] {processor.py:840} INFO - DAG(s) 'example_setup_teardown' retrieved from /home/airflow/.local/lib/python3.9/site-packages/airflow/example_dags/example_setup_teardown.py
[2025-12-11T22:54:04.238+0000] {logging_mixin.py:188} INFO - [2025-12-11T22:54:04.238+0000] {dag.py:3096} INFO - Sync 1 DAGs
[2025-12-11T22:54:04.282+0000] {logging_mixin.py:188} INFO - [2025-12-11T22:54:04.282+0000] {dag.py:3954} INFO - Setting next_dagrun for example_setup_teardown to 2025-12-10 00:00:00+00:00, run_after=2025-12-11 00:00:00+00:00
[2025-12-11T22:54:04.392+0000] {processor.py:183} INFO - Processing /home/airflow/.local/lib/python3.9/site-packages/airflow/example_dags/example_setup_teardown.py took 0.259 seconds
[2025-12-11T22:54:34.492+0000] {processor.py:161} INFO - Started process (PID=392) to work on /home/airflow/.local/lib/python3.9/site-packages/airflow/example_dags/example_setup_teardown.py
[2025-12-11T22:54:34.494+0000] {processor.py:830} INFO - Processing file /home/airflow/.local/lib/python3.9/site-packages/airflow/example_dags/example_setup_teardown.py for tasks to queue
[2025-12-11T22:54:34.497+0000] {logging_mixin.py:188} INFO - [2025-12-11T22:54:34.496+0000] {dagbag.py:545} INFO - Filling up the DagBag from /home/airflow/.local/lib/python3.9/site-packages/airflow/example_dags/example_setup_teardown.py
[2025-12-11T22:54:34.507+0000] {processor.py:840} INFO - DAG(s) 'example_setup_teardown' retrieved from /home/airflow/.local/lib/python3.9/site-packages/airflow/example_dags/example_setup_teardown.py
[2025-12-11T22:54:34.547+0000] {logging_mixin.py:188} INFO - [2025-12-11T22:54:34.547+0000] {dag.py:3096} INFO - Sync 1 DAGs
[2025-12-11T22:54:34.585+0000] {logging_mixin.py:188} INFO - [2025-12-11T22:54:34.584+0000] {dag.py:3954} INFO - Setting next_dagrun for example_setup_teardown to 2025-12-10 00:00:00+00:00, run_after=2025-12-11 00:00:00+00:00
[2025-12-11T22:54:34.610+0000] {processor.py:183} INFO - Processing /home/airflow/.local/lib/python3.9/site-packages/airflow/example_dags/example_setup_teardown.py took 0.129 seconds
[2025-12-11T22:55:05.773+0000] {processor.py:161} INFO - Started process (PID=458) to work on /home/airflow/.local/lib/python3.9/site-packages/airflow/example_dags/example_setup_teardown.py
[2025-12-11T22:55:05.775+0000] {processor.py:830} INFO - Processing file /home/airflow/.local/lib/python3.9/site-packages/airflow/example_dags/example_setup_teardown.py for tasks to queue
[2025-12-11T22:55:05.791+0000] {logging_mixin.py:188} INFO - [2025-12-11T22:55:05.790+0000] {dagbag.py:545} INFO - Filling up the DagBag from /home/airflow/.local/lib/python3.9/site-packages/airflow/example_dags/example_setup_teardown.py
[2025-12-11T22:55:05.831+0000] {processor.py:840} INFO - DAG(s) 'example_setup_teardown' retrieved from /home/airflow/.local/lib/python3.9/site-packages/airflow/example_dags/example_setup_teardown.py
[2025-12-11T22:55:05.939+0000] {logging_mixin.py:188} INFO - [2025-12-11T22:55:05.939+0000] {dag.py:3096} INFO - Sync 1 DAGs
[2025-12-11T22:55:06.036+0000] {logging_mixin.py:188} INFO - [2025-12-11T22:55:06.035+0000] {dag.py:3954} INFO - Setting next_dagrun for example_setup_teardown to 2025-12-10 00:00:00+00:00, run_after=2025-12-11 00:00:00+00:00
[2025-12-11T22:55:06.113+0000] {processor.py:183} INFO - Processing /home/airflow/.local/lib/python3.9/site-packages/airflow/example_dags/example_setup_teardown.py took 0.379 seconds
[2025-12-11T22:55:36.334+0000] {processor.py:161} INFO - Started process (PID=524) to work on /home/airflow/.local/lib/python3.9/site-packages/airflow/example_dags/example_setup_teardown.py
[2025-12-11T22:55:36.350+0000] {processor.py:830} INFO - Processing file /home/airflow/.local/lib/python3.9/site-packages/airflow/example_dags/example_setup_teardown.py for tasks to queue
[2025-12-11T22:55:36.354+0000] {logging_mixin.py:188} INFO - [2025-12-11T22:55:36.353+0000] {dagbag.py:545} INFO - Filling up the DagBag from /home/airflow/.local/lib/python3.9/site-packages/airflow/example_dags/example_setup_teardown.py
[2025-12-11T22:55:36.396+0000] {processor.py:840} INFO - DAG(s) 'example_setup_teardown' retrieved from /home/airflow/.local/lib/python3.9/site-packages/airflow/example_dags/example_setup_teardown.py
[2025-12-11T22:55:36.590+0000] {logging_mixin.py:188} INFO - [2025-12-11T22:55:36.589+0000] {dag.py:3096} INFO - Sync 1 DAGs
[2025-12-11T22:55:36.713+0000] {logging_mixin.py:188} INFO - [2025-12-11T22:55:36.712+0000] {dag.py:3954} INFO - Setting next_dagrun for example_setup_teardown to 2025-12-10 00:00:00+00:00, run_after=2025-12-11 00:00:00+00:00
[2025-12-11T22:55:36.852+0000] {processor.py:183} INFO - Processing /home/airflow/.local/lib/python3.9/site-packages/airflow/example_dags/example_setup_teardown.py took 0.553 seconds
[2025-12-11T22:56:07.173+0000] {processor.py:161} INFO - Started process (PID=590) to work on /home/airflow/.local/lib/python3.9/site-packages/airflow/example_dags/example_setup_teardown.py
[2025-12-11T22:56:07.174+0000] {processor.py:830} INFO - Processing file /home/airflow/.local/lib/python3.9/site-packages/airflow/example_dags/example_setup_teardown.py for tasks to queue
[2025-12-11T22:56:07.177+0000] {logging_mixin.py:188} INFO - [2025-12-11T22:56:07.177+0000] {dagbag.py:545} INFO - Filling up the DagBag from /home/airflow/.local/lib/python3.9/site-packages/airflow/example_dags/example_setup_teardown.py
[2025-12-11T22:56:07.198+0000] {processor.py:840} INFO - DAG(s) 'example_setup_teardown' retrieved from /home/airflow/.local/lib/python3.9/site-packages/airflow/example_dags/example_setup_teardown.py
[2025-12-11T22:56:07.246+0000] {logging_mixin.py:188} INFO - [2025-12-11T22:56:07.245+0000] {dag.py:3096} INFO - Sync 1 DAGs
[2025-12-11T22:56:07.286+0000] {logging_mixin.py:188} INFO - [2025-12-11T22:56:07.285+0000] {dag.py:3954} INFO - Setting next_dagrun for example_setup_teardown to 2025-12-10 00:00:00+00:00, run_after=2025-12-11 00:00:00+00:00
[2025-12-11T22:56:07.313+0000] {processor.py:183} INFO - Processing /home/airflow/.local/lib/python3.9/site-packages/airflow/example_dags/example_setup_teardown.py took 0.157 seconds
[2025-12-11T22:56:37.754+0000] {processor.py:161} INFO - Started process (PID=656) to work on /home/airflow/.local/lib/python3.9/site-packages/airflow/example_dags/example_setup_teardown.py
[2025-12-11T22:56:37.762+0000] {processor.py:830} INFO - Processing file /home/airflow/.local/lib/python3.9/site-packages/airflow/example_dags/example_setup_teardown.py for tasks to queue
[2025-12-11T22:56:37.770+0000] {logging_mixin.py:188} INFO - [2025-12-11T22:56:37.769+0000] {dagbag.py:545} INFO - Filling up the DagBag from /home/airflow/.local/lib/python3.9/site-packages/airflow/example_dags/example_setup_teardown.py
[2025-12-11T22:56:37.780+0000] {processor.py:840} INFO - DAG(s) 'example_setup_teardown' retrieved from /home/airflow/.local/lib/python3.9/site-packages/airflow/example_dags/example_setup_teardown.py
[2025-12-11T22:56:37.841+0000] {logging_mixin.py:188} INFO - [2025-12-11T22:56:37.840+0000] {dag.py:3096} INFO - Sync 1 DAGs
[2025-12-11T22:56:37.896+0000] {logging_mixin.py:188} INFO - [2025-12-11T22:56:37.895+0000] {dag.py:3954} INFO - Setting next_dagrun for example_setup_teardown to 2025-12-10 00:00:00+00:00, run_after=2025-12-11 00:00:00+00:00
[2025-12-11T22:56:37.938+0000] {processor.py:183} INFO - Processing /home/airflow/.local/lib/python3.9/site-packages/airflow/example_dags/example_setup_teardown.py took 0.200 seconds
[2025-12-11T22:57:08.295+0000] {processor.py:161} INFO - Started process (PID=722) to work on /home/airflow/.local/lib/python3.9/site-packages/airflow/example_dags/example_setup_teardown.py
[2025-12-11T22:57:08.297+0000] {processor.py:830} INFO - Processing file /home/airflow/.local/lib/python3.9/site-packages/airflow/example_dags/example_setup_teardown.py for tasks to queue
[2025-12-11T22:57:08.300+0000] {logging_mixin.py:188} INFO - [2025-12-11T22:57:08.300+0000] {dagbag.py:545} INFO - Filling up the DagBag from /home/airflow/.local/lib/python3.9/site-packages/airflow/example_dags/example_setup_teardown.py
[2025-12-11T22:57:08.318+0000] {processor.py:840} INFO - DAG(s) 'example_setup_teardown' retrieved from /home/airflow/.local/lib/python3.9/site-packages/airflow/example_dags/example_setup_teardown.py
[2025-12-11T22:57:08.392+0000] {logging_mixin.py:188} INFO - [2025-12-11T22:57:08.391+0000] {dag.py:3096} INFO - Sync 1 DAGs
[2025-12-11T22:57:08.491+0000] {logging_mixin.py:188} INFO - [2025-12-11T22:57:08.490+0000] {dag.py:3954} INFO - Setting next_dagrun for example_setup_teardown to 2025-12-10 00:00:00+00:00, run_after=2025-12-11 00:00:00+00:00
[2025-12-11T22:57:08.557+0000] {processor.py:183} INFO - Processing /home/airflow/.local/lib/python3.9/site-packages/airflow/example_dags/example_setup_teardown.py took 0.282 seconds
[2025-12-11T22:57:39.265+0000] {processor.py:161} INFO - Started process (PID=788) to work on /home/airflow/.local/lib/python3.9/site-packages/airflow/example_dags/example_setup_teardown.py
[2025-12-11T22:57:39.274+0000] {processor.py:830} INFO - Processing file /home/airflow/.local/lib/python3.9/site-packages/airflow/example_dags/example_setup_teardown.py for tasks to queue
[2025-12-11T22:57:39.278+0000] {logging_mixin.py:188} INFO - [2025-12-11T22:57:39.277+0000] {dagbag.py:545} INFO - Filling up the DagBag from /home/airflow/.local/lib/python3.9/site-packages/airflow/example_dags/example_setup_teardown.py
[2025-12-11T22:57:39.292+0000] {processor.py:840} INFO - DAG(s) 'example_setup_teardown' retrieved from /home/airflow/.local/lib/python3.9/site-packages/airflow/example_dags/example_setup_teardown.py
[2025-12-11T22:57:39.334+0000] {logging_mixin.py:188} INFO - [2025-12-11T22:57:39.334+0000] {dag.py:3096} INFO - Sync 1 DAGs
[2025-12-11T22:57:39.373+0000] {logging_mixin.py:188} INFO - [2025-12-11T22:57:39.373+0000] {dag.py:3954} INFO - Setting next_dagrun for example_setup_teardown to 2025-12-10 00:00:00+00:00, run_after=2025-12-11 00:00:00+00:00
[2025-12-11T22:57:39.402+0000] {processor.py:183} INFO - Processing /home/airflow/.local/lib/python3.9/site-packages/airflow/example_dags/example_setup_teardown.py took 0.151 seconds
[2025-12-11T22:58:09.663+0000] {processor.py:161} INFO - Started process (PID=854) to work on /home/airflow/.local/lib/python3.9/site-packages/airflow/example_dags/example_setup_teardown.py
[2025-12-11T22:58:09.665+0000] {processor.py:830} INFO - Processing file /home/airflow/.local/lib/python3.9/site-packages/airflow/example_dags/example_setup_teardown.py for tasks to queue
[2025-12-11T22:58:09.671+0000] {logging_mixin.py:188} INFO - [2025-12-11T22:58:09.670+0000] {dagbag.py:545} INFO - Filling up the DagBag from /home/airflow/.local/lib/python3.9/site-packages/airflow/example_dags/example_setup_teardown.py
[2025-12-11T22:58:09.681+0000] {processor.py:840} INFO - DAG(s) 'example_setup_teardown' retrieved from /home/airflow/.local/lib/python3.9/site-packages/airflow/example_dags/example_setup_teardown.py
[2025-12-11T22:58:09.716+0000] {logging_mixin.py:188} INFO - [2025-12-11T22:58:09.716+0000] {dag.py:3096} INFO - Sync 1 DAGs
[2025-12-11T22:58:09.752+0000] {logging_mixin.py:188} INFO - [2025-12-11T22:58:09.752+0000] {dag.py:3954} INFO - Setting next_dagrun for example_setup_teardown to 2025-12-10 00:00:00+00:00, run_after=2025-12-11 00:00:00+00:00
[2025-12-11T22:58:09.778+0000] {processor.py:183} INFO - Processing /home/airflow/.local/lib/python3.9/site-packages/airflow/example_dags/example_setup_teardown.py took 0.124 seconds
[2025-12-11T22:58:41.917+0000] {processor.py:161} INFO - Started process (PID=920) to work on /home/airflow/.local/lib/python3.9/site-packages/airflow/example_dags/example_setup_teardown.py
[2025-12-11T22:58:41.925+0000] {processor.py:830} INFO - Processing file /home/airflow/.local/lib/python3.9/site-packages/airflow/example_dags/example_setup_teardown.py for tasks to queue
[2025-12-11T22:58:41.931+0000] {logging_mixin.py:188} INFO - [2025-12-11T22:58:41.931+0000] {dagbag.py:545} INFO - Filling up the DagBag from /home/airflow/.local/lib/python3.9/site-packages/airflow/example_dags/example_setup_teardown.py
[2025-12-11T22:58:41.952+0000] {processor.py:840} INFO - DAG(s) 'example_setup_teardown' retrieved from /home/airflow/.local/lib/python3.9/site-packages/airflow/example_dags/example_setup_teardown.py
[2025-12-11T22:58:42.030+0000] {logging_mixin.py:188} INFO - [2025-12-11T22:58:42.021+0000] {dag.py:3096} INFO - Sync 1 DAGs
[2025-12-11T22:58:42.099+0000] {logging_mixin.py:188} INFO - [2025-12-11T22:58:42.099+0000] {dag.py:3954} INFO - Setting next_dagrun for example_setup_teardown to 2025-12-10 00:00:00+00:00, run_after=2025-12-11 00:00:00+00:00
[2025-12-11T22:58:42.139+0000] {processor.py:183} INFO - Processing /home/airflow/.local/lib/python3.9/site-packages/airflow/example_dags/example_setup_teardown.py took 0.244 seconds
[2025-12-11T22:59:12.384+0000] {processor.py:161} INFO - Started process (PID=985) to work on /home/airflow/.local/lib/python3.9/site-packages/airflow/example_dags/example_setup_teardown.py
[2025-12-11T22:59:12.385+0000] {processor.py:830} INFO - Processing file /home/airflow/.local/lib/python3.9/site-packages/airflow/example_dags/example_setup_teardown.py for tasks to queue
[2025-12-11T22:59:12.390+0000] {logging_mixin.py:188} INFO - [2025-12-11T22:59:12.390+0000] {dagbag.py:545} INFO - Filling up the DagBag from /home/airflow/.local/lib/python3.9/site-packages/airflow/example_dags/example_setup_teardown.py
[2025-12-11T22:59:12.400+0000] {processor.py:840} INFO - DAG(s) 'example_setup_teardown' retrieved from /home/airflow/.local/lib/python3.9/site-packages/airflow/example_dags/example_setup_teardown.py
[2025-12-11T22:59:12.438+0000] {logging_mixin.py:188} INFO - [2025-12-11T22:59:12.438+0000] {dag.py:3096} INFO - Sync 1 DAGs
[2025-12-11T22:59:12.481+0000] {logging_mixin.py:188} INFO - [2025-12-11T22:59:12.481+0000] {dag.py:3954} INFO - Setting next_dagrun for example_setup_teardown to 2025-12-10 00:00:00+00:00, run_after=2025-12-11 00:00:00+00:00
[2025-12-11T22:59:12.512+0000] {processor.py:183} INFO - Processing /home/airflow/.local/lib/python3.9/site-packages/airflow/example_dags/example_setup_teardown.py took 0.139 seconds
[2025-12-11T22:59:43.252+0000] {processor.py:161} INFO - Started process (PID=1052) to work on /home/airflow/.local/lib/python3.9/site-packages/airflow/example_dags/example_setup_teardown.py
[2025-12-11T22:59:43.253+0000] {processor.py:830} INFO - Processing file /home/airflow/.local/lib/python3.9/site-packages/airflow/example_dags/example_setup_teardown.py for tasks to queue
[2025-12-11T22:59:43.256+0000] {logging_mixin.py:188} INFO - [2025-12-11T22:59:43.256+0000] {dagbag.py:545} INFO - Filling up the DagBag from /home/airflow/.local/lib/python3.9/site-packages/airflow/example_dags/example_setup_teardown.py
[2025-12-11T22:59:43.272+0000] {processor.py:840} INFO - DAG(s) 'example_setup_teardown' retrieved from /home/airflow/.local/lib/python3.9/site-packages/airflow/example_dags/example_setup_teardown.py
[2025-12-11T22:59:43.339+0000] {logging_mixin.py:188} INFO - [2025-12-11T22:59:43.339+0000] {dag.py:3096} INFO - Sync 1 DAGs
[2025-12-11T22:59:43.414+0000] {logging_mixin.py:188} INFO - [2025-12-11T22:59:43.413+0000] {dag.py:3954} INFO - Setting next_dagrun for example_setup_teardown to 2025-12-10 00:00:00+00:00, run_after=2025-12-11 00:00:00+00:00
[2025-12-11T22:59:43.463+0000] {processor.py:183} INFO - Processing /home/airflow/.local/lib/python3.9/site-packages/airflow/example_dags/example_setup_teardown.py took 0.222 seconds
[2025-12-11T23:00:13.597+0000] {processor.py:161} INFO - Started process (PID=1118) to work on /home/airflow/.local/lib/python3.9/site-packages/airflow/example_dags/example_setup_teardown.py
[2025-12-11T23:00:13.599+0000] {processor.py:830} INFO - Processing file /home/airflow/.local/lib/python3.9/site-packages/airflow/example_dags/example_setup_teardown.py for tasks to queue
[2025-12-11T23:00:13.603+0000] {logging_mixin.py:188} INFO - [2025-12-11T23:00:13.602+0000] {dagbag.py:545} INFO - Filling up the DagBag from /home/airflow/.local/lib/python3.9/site-packages/airflow/example_dags/example_setup_teardown.py
[2025-12-11T23:00:13.621+0000] {processor.py:840} INFO - DAG(s) 'example_setup_teardown' retrieved from /home/airflow/.local/lib/python3.9/site-packages/airflow/example_dags/example_setup_teardown.py
[2025-12-11T23:00:13.683+0000] {logging_mixin.py:188} INFO - [2025-12-11T23:00:13.683+0000] {dag.py:3096} INFO - Sync 1 DAGs
[2025-12-11T23:00:13.729+0000] {logging_mixin.py:188} INFO - [2025-12-11T23:00:13.729+0000] {dag.py:3954} INFO - Setting next_dagrun for example_setup_teardown to 2025-12-10 00:00:00+00:00, run_after=2025-12-11 00:00:00+00:00
[2025-12-11T23:00:13.759+0000] {processor.py:183} INFO - Processing /home/airflow/.local/lib/python3.9/site-packages/airflow/example_dags/example_setup_teardown.py took 0.176 seconds
[2025-12-11T23:00:44.013+0000] {processor.py:161} INFO - Started process (PID=1184) to work on /home/airflow/.local/lib/python3.9/site-packages/airflow/example_dags/example_setup_teardown.py
[2025-12-11T23:00:44.015+0000] {processor.py:830} INFO - Processing file /home/airflow/.local/lib/python3.9/site-packages/airflow/example_dags/example_setup_teardown.py for tasks to queue
[2025-12-11T23:00:44.018+0000] {logging_mixin.py:188} INFO - [2025-12-11T23:00:44.017+0000] {dagbag.py:545} INFO - Filling up the DagBag from /home/airflow/.local/lib/python3.9/site-packages/airflow/example_dags/example_setup_teardown.py
[2025-12-11T23:00:44.027+0000] {processor.py:840} INFO - DAG(s) 'example_setup_teardown' retrieved from /home/airflow/.local/lib/python3.9/site-packages/airflow/example_dags/example_setup_teardown.py
[2025-12-11T23:00:44.069+0000] {logging_mixin.py:188} INFO - [2025-12-11T23:00:44.066+0000] {dag.py:3096} INFO - Sync 1 DAGs
[2025-12-11T23:00:44.109+0000] {logging_mixin.py:188} INFO - [2025-12-11T23:00:44.108+0000] {dag.py:3954} INFO - Setting next_dagrun for example_setup_teardown to 2025-12-10 00:00:00+00:00, run_after=2025-12-11 00:00:00+00:00
[2025-12-11T23:00:44.136+0000] {processor.py:183} INFO - Processing /home/airflow/.local/lib/python3.9/site-packages/airflow/example_dags/example_setup_teardown.py took 0.139 seconds
[2025-12-11T23:01:14.300+0000] {processor.py:161} INFO - Started process (PID=1250) to work on /home/airflow/.local/lib/python3.9/site-packages/airflow/example_dags/example_setup_teardown.py
[2025-12-11T23:01:14.302+0000] {processor.py:830} INFO - Processing file /home/airflow/.local/lib/python3.9/site-packages/airflow/example_dags/example_setup_teardown.py for tasks to queue
[2025-12-11T23:01:14.304+0000] {logging_mixin.py:188} INFO - [2025-12-11T23:01:14.304+0000] {dagbag.py:545} INFO - Filling up the DagBag from /home/airflow/.local/lib/python3.9/site-packages/airflow/example_dags/example_setup_teardown.py
[2025-12-11T23:01:14.316+0000] {processor.py:840} INFO - DAG(s) 'example_setup_teardown' retrieved from /home/airflow/.local/lib/python3.9/site-packages/airflow/example_dags/example_setup_teardown.py
[2025-12-11T23:01:14.357+0000] {logging_mixin.py:188} INFO - [2025-12-11T23:01:14.356+0000] {dag.py:3096} INFO - Sync 1 DAGs
[2025-12-11T23:01:14.392+0000] {logging_mixin.py:188} INFO - [2025-12-11T23:01:14.392+0000] {dag.py:3954} INFO - Setting next_dagrun for example_setup_teardown to 2025-12-10 00:00:00+00:00, run_after=2025-12-11 00:00:00+00:00
[2025-12-11T23:01:14.416+0000] {processor.py:183} INFO - Processing /home/airflow/.local/lib/python3.9/site-packages/airflow/example_dags/example_setup_teardown.py took 0.129 seconds
[2025-12-11T23:01:44.763+0000] {processor.py:161} INFO - Started process (PID=1317) to work on /home/airflow/.local/lib/python3.9/site-packages/airflow/example_dags/example_setup_teardown.py
[2025-12-11T23:01:44.765+0000] {processor.py:830} INFO - Processing file /home/airflow/.local/lib/python3.9/site-packages/airflow/example_dags/example_setup_teardown.py for tasks to queue
[2025-12-11T23:01:44.768+0000] {logging_mixin.py:188} INFO - [2025-12-11T23:01:44.767+0000] {dagbag.py:545} INFO - Filling up the DagBag from /home/airflow/.local/lib/python3.9/site-packages/airflow/example_dags/example_setup_teardown.py
[2025-12-11T23:01:44.779+0000] {processor.py:840} INFO - DAG(s) 'example_setup_teardown' retrieved from /home/airflow/.local/lib/python3.9/site-packages/airflow/example_dags/example_setup_teardown.py
[2025-12-11T23:01:44.817+0000] {logging_mixin.py:188} INFO - [2025-12-11T23:01:44.816+0000] {dag.py:3096} INFO - Sync 1 DAGs
[2025-12-11T23:01:44.854+0000] {logging_mixin.py:188} INFO - [2025-12-11T23:01:44.854+0000] {dag.py:3954} INFO - Setting next_dagrun for example_setup_teardown to 2025-12-10 00:00:00+00:00, run_after=2025-12-11 00:00:00+00:00
[2025-12-11T23:01:44.882+0000] {processor.py:183} INFO - Processing /home/airflow/.local/lib/python3.9/site-packages/airflow/example_dags/example_setup_teardown.py took 0.130 seconds
[2025-12-11T23:02:15.344+0000] {processor.py:161} INFO - Started process (PID=1384) to work on /home/airflow/.local/lib/python3.9/site-packages/airflow/example_dags/example_setup_teardown.py
[2025-12-11T23:02:15.345+0000] {processor.py:830} INFO - Processing file /home/airflow/.local/lib/python3.9/site-packages/airflow/example_dags/example_setup_teardown.py for tasks to queue
[2025-12-11T23:02:15.348+0000] {logging_mixin.py:188} INFO - [2025-12-11T23:02:15.348+0000] {dagbag.py:545} INFO - Filling up the DagBag from /home/airflow/.local/lib/python3.9/site-packages/airflow/example_dags/example_setup_teardown.py
[2025-12-11T23:02:15.359+0000] {processor.py:840} INFO - DAG(s) 'example_setup_teardown' retrieved from /home/airflow/.local/lib/python3.9/site-packages/airflow/example_dags/example_setup_teardown.py
[2025-12-11T23:02:15.397+0000] {logging_mixin.py:188} INFO - [2025-12-11T23:02:15.396+0000] {dag.py:3096} INFO - Sync 1 DAGs
[2025-12-11T23:02:15.442+0000] {logging_mixin.py:188} INFO - [2025-12-11T23:02:15.441+0000] {dag.py:3954} INFO - Setting next_dagrun for example_setup_teardown to 2025-12-10 00:00:00+00:00, run_after=2025-12-11 00:00:00+00:00
[2025-12-11T23:02:15.475+0000] {processor.py:183} INFO - Processing /home/airflow/.local/lib/python3.9/site-packages/airflow/example_dags/example_setup_teardown.py took 0.143 seconds
[2025-12-11T23:02:46.657+0000] {processor.py:161} INFO - Started process (PID=1451) to work on /home/airflow/.local/lib/python3.9/site-packages/airflow/example_dags/example_setup_teardown.py
[2025-12-11T23:02:46.664+0000] {processor.py:830} INFO - Processing file /home/airflow/.local/lib/python3.9/site-packages/airflow/example_dags/example_setup_teardown.py for tasks to queue
[2025-12-11T23:02:46.672+0000] {logging_mixin.py:188} INFO - [2025-12-11T23:02:46.671+0000] {dagbag.py:545} INFO - Filling up the DagBag from /home/airflow/.local/lib/python3.9/site-packages/airflow/example_dags/example_setup_teardown.py
[2025-12-11T23:02:46.693+0000] {processor.py:840} INFO - DAG(s) 'example_setup_teardown' retrieved from /home/airflow/.local/lib/python3.9/site-packages/airflow/example_dags/example_setup_teardown.py
[2025-12-11T23:02:46.777+0000] {logging_mixin.py:188} INFO - [2025-12-11T23:02:46.776+0000] {dag.py:3096} INFO - Sync 1 DAGs
[2025-12-11T23:02:46.820+0000] {logging_mixin.py:188} INFO - [2025-12-11T23:02:46.820+0000] {dag.py:3954} INFO - Setting next_dagrun for example_setup_teardown to 2025-12-10 00:00:00+00:00, run_after=2025-12-11 00:00:00+00:00
[2025-12-11T23:02:46.851+0000] {processor.py:183} INFO - Processing /home/airflow/.local/lib/python3.9/site-packages/airflow/example_dags/example_setup_teardown.py took 0.210 seconds
[2025-12-11T23:03:18.030+0000] {processor.py:161} INFO - Started process (PID=1526) to work on /home/airflow/.local/lib/python3.9/site-packages/airflow/example_dags/example_setup_teardown.py
[2025-12-11T23:03:18.032+0000] {processor.py:830} INFO - Processing file /home/airflow/.local/lib/python3.9/site-packages/airflow/example_dags/example_setup_teardown.py for tasks to queue
[2025-12-11T23:03:18.035+0000] {logging_mixin.py:188} INFO - [2025-12-11T23:03:18.034+0000] {dagbag.py:545} INFO - Filling up the DagBag from /home/airflow/.local/lib/python3.9/site-packages/airflow/example_dags/example_setup_teardown.py
[2025-12-11T23:03:18.071+0000] {processor.py:840} INFO - DAG(s) 'example_setup_teardown' retrieved from /home/airflow/.local/lib/python3.9/site-packages/airflow/example_dags/example_setup_teardown.py
[2025-12-11T23:03:18.194+0000] {logging_mixin.py:188} INFO - [2025-12-11T23:03:18.193+0000] {dag.py:3096} INFO - Sync 1 DAGs
[2025-12-11T23:03:18.293+0000] {logging_mixin.py:188} INFO - [2025-12-11T23:03:18.293+0000] {dag.py:3954} INFO - Setting next_dagrun for example_setup_teardown to 2025-12-10 00:00:00+00:00, run_after=2025-12-11 00:00:00+00:00
[2025-12-11T23:03:18.354+0000] {processor.py:183} INFO - Processing /home/airflow/.local/lib/python3.9/site-packages/airflow/example_dags/example_setup_teardown.py took 0.364 seconds
[2025-12-11T23:03:49.254+0000] {processor.py:161} INFO - Started process (PID=1597) to work on /home/airflow/.local/lib/python3.9/site-packages/airflow/example_dags/example_setup_teardown.py
[2025-12-11T23:03:49.255+0000] {processor.py:830} INFO - Processing file /home/airflow/.local/lib/python3.9/site-packages/airflow/example_dags/example_setup_teardown.py for tasks to queue
[2025-12-11T23:03:49.258+0000] {logging_mixin.py:188} INFO - [2025-12-11T23:03:49.257+0000] {dagbag.py:545} INFO - Filling up the DagBag from /home/airflow/.local/lib/python3.9/site-packages/airflow/example_dags/example_setup_teardown.py
[2025-12-11T23:03:49.273+0000] {processor.py:840} INFO - DAG(s) 'example_setup_teardown' retrieved from /home/airflow/.local/lib/python3.9/site-packages/airflow/example_dags/example_setup_teardown.py
[2025-12-11T23:03:49.330+0000] {logging_mixin.py:188} INFO - [2025-12-11T23:03:49.330+0000] {dag.py:3096} INFO - Sync 1 DAGs
[2025-12-11T23:03:49.390+0000] {logging_mixin.py:188} INFO - [2025-12-11T23:03:49.390+0000] {dag.py:3954} INFO - Setting next_dagrun for example_setup_teardown to 2025-12-10 00:00:00+00:00, run_after=2025-12-11 00:00:00+00:00
[2025-12-11T23:03:49.420+0000] {processor.py:183} INFO - Processing /home/airflow/.local/lib/python3.9/site-packages/airflow/example_dags/example_setup_teardown.py took 0.186 seconds
[2025-12-11T23:04:19.997+0000] {processor.py:161} INFO - Started process (PID=1668) to work on /home/airflow/.local/lib/python3.9/site-packages/airflow/example_dags/example_setup_teardown.py
[2025-12-11T23:04:20.148+0000] {processor.py:830} INFO - Processing file /home/airflow/.local/lib/python3.9/site-packages/airflow/example_dags/example_setup_teardown.py for tasks to queue
[2025-12-11T23:04:20.152+0000] {logging_mixin.py:188} INFO - [2025-12-11T23:04:20.151+0000] {dagbag.py:545} INFO - Filling up the DagBag from /home/airflow/.local/lib/python3.9/site-packages/airflow/example_dags/example_setup_teardown.py
[2025-12-11T23:04:20.189+0000] {processor.py:840} INFO - DAG(s) 'example_setup_teardown' retrieved from /home/airflow/.local/lib/python3.9/site-packages/airflow/example_dags/example_setup_teardown.py
[2025-12-11T23:04:20.289+0000] {logging_mixin.py:188} INFO - [2025-12-11T23:04:20.281+0000] {dag.py:3096} INFO - Sync 1 DAGs
[2025-12-11T23:04:20.415+0000] {logging_mixin.py:188} INFO - [2025-12-11T23:04:20.415+0000] {dag.py:3954} INFO - Setting next_dagrun for example_setup_teardown to 2025-12-10 00:00:00+00:00, run_after=2025-12-11 00:00:00+00:00
[2025-12-11T23:04:20.712+0000] {processor.py:183} INFO - Processing /home/airflow/.local/lib/python3.9/site-packages/airflow/example_dags/example_setup_teardown.py took 0.737 seconds
[2025-12-11T23:04:51.674+0000] {processor.py:161} INFO - Started process (PID=1739) to work on /home/airflow/.local/lib/python3.9/site-packages/airflow/example_dags/example_setup_teardown.py
[2025-12-11T23:04:51.680+0000] {processor.py:830} INFO - Processing file /home/airflow/.local/lib/python3.9/site-packages/airflow/example_dags/example_setup_teardown.py for tasks to queue
[2025-12-11T23:04:51.692+0000] {logging_mixin.py:188} INFO - [2025-12-11T23:04:51.692+0000] {dagbag.py:545} INFO - Filling up the DagBag from /home/airflow/.local/lib/python3.9/site-packages/airflow/example_dags/example_setup_teardown.py
[2025-12-11T23:04:51.709+0000] {processor.py:840} INFO - DAG(s) 'example_setup_teardown' retrieved from /home/airflow/.local/lib/python3.9/site-packages/airflow/example_dags/example_setup_teardown.py
[2025-12-11T23:04:51.773+0000] {logging_mixin.py:188} INFO - [2025-12-11T23:04:51.772+0000] {dag.py:3096} INFO - Sync 1 DAGs
[2025-12-11T23:04:51.830+0000] {logging_mixin.py:188} INFO - [2025-12-11T23:04:51.829+0000] {dag.py:3954} INFO - Setting next_dagrun for example_setup_teardown to 2025-12-10 00:00:00+00:00, run_after=2025-12-11 00:00:00+00:00
[2025-12-11T23:04:51.860+0000] {processor.py:183} INFO - Processing /home/airflow/.local/lib/python3.9/site-packages/airflow/example_dags/example_setup_teardown.py took 0.204 seconds
[2025-12-11T23:05:21.999+0000] {processor.py:161} INFO - Started process (PID=1811) to work on /home/airflow/.local/lib/python3.9/site-packages/airflow/example_dags/example_setup_teardown.py
[2025-12-11T23:05:22.001+0000] {processor.py:830} INFO - Processing file /home/airflow/.local/lib/python3.9/site-packages/airflow/example_dags/example_setup_teardown.py for tasks to queue
[2025-12-11T23:05:22.011+0000] {logging_mixin.py:188} INFO - [2025-12-11T23:05:22.010+0000] {dagbag.py:545} INFO - Filling up the DagBag from /home/airflow/.local/lib/python3.9/site-packages/airflow/example_dags/example_setup_teardown.py
[2025-12-11T23:05:22.021+0000] {processor.py:840} INFO - DAG(s) 'example_setup_teardown' retrieved from /home/airflow/.local/lib/python3.9/site-packages/airflow/example_dags/example_setup_teardown.py
[2025-12-11T23:05:22.076+0000] {logging_mixin.py:188} INFO - [2025-12-11T23:05:22.076+0000] {dag.py:3096} INFO - Sync 1 DAGs
[2025-12-11T23:05:22.124+0000] {logging_mixin.py:188} INFO - [2025-12-11T23:05:22.124+0000] {dag.py:3954} INFO - Setting next_dagrun for example_setup_teardown to 2025-12-10 00:00:00+00:00, run_after=2025-12-11 00:00:00+00:00
[2025-12-11T23:05:22.158+0000] {processor.py:183} INFO - Processing /home/airflow/.local/lib/python3.9/site-packages/airflow/example_dags/example_setup_teardown.py took 0.169 seconds
[2025-12-11T23:05:52.978+0000] {processor.py:161} INFO - Started process (PID=1882) to work on /home/airflow/.local/lib/python3.9/site-packages/airflow/example_dags/example_setup_teardown.py
[2025-12-11T23:05:52.980+0000] {processor.py:830} INFO - Processing file /home/airflow/.local/lib/python3.9/site-packages/airflow/example_dags/example_setup_teardown.py for tasks to queue
[2025-12-11T23:05:52.991+0000] {logging_mixin.py:188} INFO - [2025-12-11T23:05:52.990+0000] {dagbag.py:545} INFO - Filling up the DagBag from /home/airflow/.local/lib/python3.9/site-packages/airflow/example_dags/example_setup_teardown.py
[2025-12-11T23:05:53.010+0000] {processor.py:840} INFO - DAG(s) 'example_setup_teardown' retrieved from /home/airflow/.local/lib/python3.9/site-packages/airflow/example_dags/example_setup_teardown.py
[2025-12-11T23:05:53.079+0000] {logging_mixin.py:188} INFO - [2025-12-11T23:05:53.078+0000] {dag.py:3096} INFO - Sync 1 DAGs
[2025-12-11T23:05:53.152+0000] {logging_mixin.py:188} INFO - [2025-12-11T23:05:53.151+0000] {dag.py:3954} INFO - Setting next_dagrun for example_setup_teardown to 2025-12-10 00:00:00+00:00, run_after=2025-12-11 00:00:00+00:00
[2025-12-11T23:05:53.225+0000] {processor.py:183} INFO - Processing /home/airflow/.local/lib/python3.9/site-packages/airflow/example_dags/example_setup_teardown.py took 0.266 seconds
[2025-12-11T23:06:23.589+0000] {processor.py:161} INFO - Started process (PID=1949) to work on /home/airflow/.local/lib/python3.9/site-packages/airflow/example_dags/example_setup_teardown.py
[2025-12-11T23:06:23.590+0000] {processor.py:830} INFO - Processing file /home/airflow/.local/lib/python3.9/site-packages/airflow/example_dags/example_setup_teardown.py for tasks to queue
[2025-12-11T23:06:23.593+0000] {logging_mixin.py:188} INFO - [2025-12-11T23:06:23.592+0000] {dagbag.py:545} INFO - Filling up the DagBag from /home/airflow/.local/lib/python3.9/site-packages/airflow/example_dags/example_setup_teardown.py
[2025-12-11T23:06:23.603+0000] {processor.py:840} INFO - DAG(s) 'example_setup_teardown' retrieved from /home/airflow/.local/lib/python3.9/site-packages/airflow/example_dags/example_setup_teardown.py
[2025-12-11T23:06:23.644+0000] {logging_mixin.py:188} INFO - [2025-12-11T23:06:23.644+0000] {dag.py:3096} INFO - Sync 1 DAGs
[2025-12-11T23:06:23.686+0000] {logging_mixin.py:188} INFO - [2025-12-11T23:06:23.686+0000] {dag.py:3954} INFO - Setting next_dagrun for example_setup_teardown to 2025-12-10 00:00:00+00:00, run_after=2025-12-11 00:00:00+00:00
[2025-12-11T23:06:23.713+0000] {processor.py:183} INFO - Processing /home/airflow/.local/lib/python3.9/site-packages/airflow/example_dags/example_setup_teardown.py took 0.135 seconds
[2025-12-11T23:06:54.641+0000] {processor.py:161} INFO - Started process (PID=2021) to work on /home/airflow/.local/lib/python3.9/site-packages/airflow/example_dags/example_setup_teardown.py
[2025-12-11T23:06:54.650+0000] {processor.py:830} INFO - Processing file /home/airflow/.local/lib/python3.9/site-packages/airflow/example_dags/example_setup_teardown.py for tasks to queue
[2025-12-11T23:06:54.653+0000] {logging_mixin.py:188} INFO - [2025-12-11T23:06:54.652+0000] {dagbag.py:545} INFO - Filling up the DagBag from /home/airflow/.local/lib/python3.9/site-packages/airflow/example_dags/example_setup_teardown.py
[2025-12-11T23:06:54.672+0000] {processor.py:840} INFO - DAG(s) 'example_setup_teardown' retrieved from /home/airflow/.local/lib/python3.9/site-packages/airflow/example_dags/example_setup_teardown.py
[2025-12-11T23:06:54.737+0000] {logging_mixin.py:188} INFO - [2025-12-11T23:06:54.736+0000] {dag.py:3096} INFO - Sync 1 DAGs
[2025-12-11T23:06:54.810+0000] {logging_mixin.py:188} INFO - [2025-12-11T23:06:54.809+0000] {dag.py:3954} INFO - Setting next_dagrun for example_setup_teardown to 2025-12-10 00:00:00+00:00, run_after=2025-12-11 00:00:00+00:00
[2025-12-11T23:06:54.855+0000] {processor.py:183} INFO - Processing /home/airflow/.local/lib/python3.9/site-packages/airflow/example_dags/example_setup_teardown.py took 0.225 seconds
[2025-12-11T23:07:25.382+0000] {processor.py:161} INFO - Started process (PID=2094) to work on /home/airflow/.local/lib/python3.9/site-packages/airflow/example_dags/example_setup_teardown.py
[2025-12-11T23:07:25.397+0000] {processor.py:830} INFO - Processing file /home/airflow/.local/lib/python3.9/site-packages/airflow/example_dags/example_setup_teardown.py for tasks to queue
[2025-12-11T23:07:25.400+0000] {logging_mixin.py:188} INFO - [2025-12-11T23:07:25.400+0000] {dagbag.py:545} INFO - Filling up the DagBag from /home/airflow/.local/lib/python3.9/site-packages/airflow/example_dags/example_setup_teardown.py
[2025-12-11T23:07:25.414+0000] {processor.py:840} INFO - DAG(s) 'example_setup_teardown' retrieved from /home/airflow/.local/lib/python3.9/site-packages/airflow/example_dags/example_setup_teardown.py
[2025-12-11T23:07:25.477+0000] {logging_mixin.py:188} INFO - [2025-12-11T23:07:25.477+0000] {dag.py:3096} INFO - Sync 1 DAGs
[2025-12-11T23:07:25.530+0000] {logging_mixin.py:188} INFO - [2025-12-11T23:07:25.529+0000] {dag.py:3954} INFO - Setting next_dagrun for example_setup_teardown to 2025-12-10 00:00:00+00:00, run_after=2025-12-11 00:00:00+00:00
[2025-12-11T23:07:25.763+0000] {processor.py:183} INFO - Processing /home/airflow/.local/lib/python3.9/site-packages/airflow/example_dags/example_setup_teardown.py took 0.391 seconds
[2025-12-11T23:07:56.194+0000] {processor.py:161} INFO - Started process (PID=2166) to work on /home/airflow/.local/lib/python3.9/site-packages/airflow/example_dags/example_setup_teardown.py
[2025-12-11T23:07:56.195+0000] {processor.py:830} INFO - Processing file /home/airflow/.local/lib/python3.9/site-packages/airflow/example_dags/example_setup_teardown.py for tasks to queue
[2025-12-11T23:07:56.197+0000] {logging_mixin.py:188} INFO - [2025-12-11T23:07:56.197+0000] {dagbag.py:545} INFO - Filling up the DagBag from /home/airflow/.local/lib/python3.9/site-packages/airflow/example_dags/example_setup_teardown.py
[2025-12-11T23:07:56.208+0000] {processor.py:840} INFO - DAG(s) 'example_setup_teardown' retrieved from /home/airflow/.local/lib/python3.9/site-packages/airflow/example_dags/example_setup_teardown.py
[2025-12-11T23:07:56.244+0000] {logging_mixin.py:188} INFO - [2025-12-11T23:07:56.243+0000] {dag.py:3096} INFO - Sync 1 DAGs
[2025-12-11T23:07:56.280+0000] {logging_mixin.py:188} INFO - [2025-12-11T23:07:56.280+0000] {dag.py:3954} INFO - Setting next_dagrun for example_setup_teardown to 2025-12-10 00:00:00+00:00, run_after=2025-12-11 00:00:00+00:00
[2025-12-11T23:07:56.309+0000] {processor.py:183} INFO - Processing /home/airflow/.local/lib/python3.9/site-packages/airflow/example_dags/example_setup_teardown.py took 0.128 seconds
[2025-12-11T23:08:26.939+0000] {processor.py:161} INFO - Started process (PID=2236) to work on /home/airflow/.local/lib/python3.9/site-packages/airflow/example_dags/example_setup_teardown.py
[2025-12-11T23:08:26.949+0000] {processor.py:830} INFO - Processing file /home/airflow/.local/lib/python3.9/site-packages/airflow/example_dags/example_setup_teardown.py for tasks to queue
[2025-12-11T23:08:26.952+0000] {logging_mixin.py:188} INFO - [2025-12-11T23:08:26.952+0000] {dagbag.py:545} INFO - Filling up the DagBag from /home/airflow/.local/lib/python3.9/site-packages/airflow/example_dags/example_setup_teardown.py
[2025-12-11T23:08:26.972+0000] {processor.py:840} INFO - DAG(s) 'example_setup_teardown' retrieved from /home/airflow/.local/lib/python3.9/site-packages/airflow/example_dags/example_setup_teardown.py
[2025-12-11T23:08:27.036+0000] {logging_mixin.py:188} INFO - [2025-12-11T23:08:27.035+0000] {dag.py:3096} INFO - Sync 1 DAGs
[2025-12-11T23:08:27.100+0000] {logging_mixin.py:188} INFO - [2025-12-11T23:08:27.099+0000] {dag.py:3954} INFO - Setting next_dagrun for example_setup_teardown to 2025-12-10 00:00:00+00:00, run_after=2025-12-11 00:00:00+00:00
[2025-12-11T23:08:27.780+0000] {processor.py:183} INFO - Processing /home/airflow/.local/lib/python3.9/site-packages/airflow/example_dags/example_setup_teardown.py took 0.863 seconds
[2025-12-11T23:08:58.895+0000] {processor.py:161} INFO - Started process (PID=2304) to work on /home/airflow/.local/lib/python3.9/site-packages/airflow/example_dags/example_setup_teardown.py
[2025-12-11T23:08:58.896+0000] {processor.py:830} INFO - Processing file /home/airflow/.local/lib/python3.9/site-packages/airflow/example_dags/example_setup_teardown.py for tasks to queue
[2025-12-11T23:08:58.899+0000] {logging_mixin.py:188} INFO - [2025-12-11T23:08:58.898+0000] {dagbag.py:545} INFO - Filling up the DagBag from /home/airflow/.local/lib/python3.9/site-packages/airflow/example_dags/example_setup_teardown.py
[2025-12-11T23:08:58.909+0000] {processor.py:840} INFO - DAG(s) 'example_setup_teardown' retrieved from /home/airflow/.local/lib/python3.9/site-packages/airflow/example_dags/example_setup_teardown.py
[2025-12-11T23:08:58.949+0000] {logging_mixin.py:188} INFO - [2025-12-11T23:08:58.949+0000] {dag.py:3096} INFO - Sync 1 DAGs
[2025-12-11T23:08:58.994+0000] {logging_mixin.py:188} INFO - [2025-12-11T23:08:58.993+0000] {dag.py:3954} INFO - Setting next_dagrun for example_setup_teardown to 2025-12-10 00:00:00+00:00, run_after=2025-12-11 00:00:00+00:00
[2025-12-11T23:08:59.399+0000] {processor.py:183} INFO - Processing /home/airflow/.local/lib/python3.9/site-packages/airflow/example_dags/example_setup_teardown.py took 0.514 seconds
[2025-12-11T23:09:29.512+0000] {processor.py:161} INFO - Started process (PID=2374) to work on /home/airflow/.local/lib/python3.9/site-packages/airflow/example_dags/example_setup_teardown.py
[2025-12-11T23:09:29.513+0000] {processor.py:830} INFO - Processing file /home/airflow/.local/lib/python3.9/site-packages/airflow/example_dags/example_setup_teardown.py for tasks to queue
[2025-12-11T23:09:29.516+0000] {logging_mixin.py:188} INFO - [2025-12-11T23:09:29.516+0000] {dagbag.py:545} INFO - Filling up the DagBag from /home/airflow/.local/lib/python3.9/site-packages/airflow/example_dags/example_setup_teardown.py
[2025-12-11T23:09:29.526+0000] {processor.py:840} INFO - DAG(s) 'example_setup_teardown' retrieved from /home/airflow/.local/lib/python3.9/site-packages/airflow/example_dags/example_setup_teardown.py
[2025-12-11T23:09:29.573+0000] {logging_mixin.py:188} INFO - [2025-12-11T23:09:29.572+0000] {dag.py:3096} INFO - Sync 1 DAGs
[2025-12-11T23:09:29.634+0000] {logging_mixin.py:188} INFO - [2025-12-11T23:09:29.634+0000] {dag.py:3954} INFO - Setting next_dagrun for example_setup_teardown to 2025-12-10 00:00:00+00:00, run_after=2025-12-11 00:00:00+00:00
[2025-12-11T23:09:29.692+0000] {processor.py:183} INFO - Processing /home/airflow/.local/lib/python3.9/site-packages/airflow/example_dags/example_setup_teardown.py took 0.191 seconds
[2025-12-11T23:10:00.099+0000] {processor.py:161} INFO - Started process (PID=2444) to work on /home/airflow/.local/lib/python3.9/site-packages/airflow/example_dags/example_setup_teardown.py
[2025-12-11T23:10:00.221+0000] {processor.py:830} INFO - Processing file /home/airflow/.local/lib/python3.9/site-packages/airflow/example_dags/example_setup_teardown.py for tasks to queue
[2025-12-11T23:10:00.225+0000] {logging_mixin.py:188} INFO - [2025-12-11T23:10:00.224+0000] {dagbag.py:545} INFO - Filling up the DagBag from /home/airflow/.local/lib/python3.9/site-packages/airflow/example_dags/example_setup_teardown.py
[2025-12-11T23:10:00.237+0000] {processor.py:840} INFO - DAG(s) 'example_setup_teardown' retrieved from /home/airflow/.local/lib/python3.9/site-packages/airflow/example_dags/example_setup_teardown.py
[2025-12-11T23:10:00.279+0000] {logging_mixin.py:188} INFO - [2025-12-11T23:10:00.279+0000] {dag.py:3096} INFO - Sync 1 DAGs
[2025-12-11T23:10:00.321+0000] {logging_mixin.py:188} INFO - [2025-12-11T23:10:00.321+0000] {dag.py:3954} INFO - Setting next_dagrun for example_setup_teardown to 2025-12-10 00:00:00+00:00, run_after=2025-12-11 00:00:00+00:00
[2025-12-11T23:10:00.445+0000] {processor.py:183} INFO - Processing /home/airflow/.local/lib/python3.9/site-packages/airflow/example_dags/example_setup_teardown.py took 0.375 seconds
[2025-12-11T23:10:30.629+0000] {processor.py:161} INFO - Started process (PID=2512) to work on /home/airflow/.local/lib/python3.9/site-packages/airflow/example_dags/example_setup_teardown.py
[2025-12-11T23:10:30.631+0000] {processor.py:830} INFO - Processing file /home/airflow/.local/lib/python3.9/site-packages/airflow/example_dags/example_setup_teardown.py for tasks to queue
[2025-12-11T23:10:30.635+0000] {logging_mixin.py:188} INFO - [2025-12-11T23:10:30.634+0000] {dagbag.py:545} INFO - Filling up the DagBag from /home/airflow/.local/lib/python3.9/site-packages/airflow/example_dags/example_setup_teardown.py
[2025-12-11T23:10:30.645+0000] {processor.py:840} INFO - DAG(s) 'example_setup_teardown' retrieved from /home/airflow/.local/lib/python3.9/site-packages/airflow/example_dags/example_setup_teardown.py
[2025-12-11T23:10:30.684+0000] {logging_mixin.py:188} INFO - [2025-12-11T23:10:30.684+0000] {dag.py:3096} INFO - Sync 1 DAGs
[2025-12-11T23:10:30.725+0000] {logging_mixin.py:188} INFO - [2025-12-11T23:10:30.724+0000] {dag.py:3954} INFO - Setting next_dagrun for example_setup_teardown to 2025-12-10 00:00:00+00:00, run_after=2025-12-11 00:00:00+00:00
[2025-12-11T23:10:30.750+0000] {processor.py:183} INFO - Processing /home/airflow/.local/lib/python3.9/site-packages/airflow/example_dags/example_setup_teardown.py took 0.133 seconds
[2025-12-11T23:11:00.899+0000] {processor.py:161} INFO - Started process (PID=2582) to work on /home/airflow/.local/lib/python3.9/site-packages/airflow/example_dags/example_setup_teardown.py
[2025-12-11T23:11:00.901+0000] {processor.py:830} INFO - Processing file /home/airflow/.local/lib/python3.9/site-packages/airflow/example_dags/example_setup_teardown.py for tasks to queue
[2025-12-11T23:11:00.905+0000] {logging_mixin.py:188} INFO - [2025-12-11T23:11:00.904+0000] {dagbag.py:545} INFO - Filling up the DagBag from /home/airflow/.local/lib/python3.9/site-packages/airflow/example_dags/example_setup_teardown.py
[2025-12-11T23:11:00.917+0000] {processor.py:840} INFO - DAG(s) 'example_setup_teardown' retrieved from /home/airflow/.local/lib/python3.9/site-packages/airflow/example_dags/example_setup_teardown.py
[2025-12-11T23:11:00.963+0000] {logging_mixin.py:188} INFO - [2025-12-11T23:11:00.963+0000] {dag.py:3096} INFO - Sync 1 DAGs
[2025-12-11T23:11:01.001+0000] {logging_mixin.py:188} INFO - [2025-12-11T23:11:01.000+0000] {dag.py:3954} INFO - Setting next_dagrun for example_setup_teardown to 2025-12-10 00:00:00+00:00, run_after=2025-12-11 00:00:00+00:00
[2025-12-11T23:11:01.033+0000] {processor.py:183} INFO - Processing /home/airflow/.local/lib/python3.9/site-packages/airflow/example_dags/example_setup_teardown.py took 0.146 seconds
[2025-12-11T23:11:31.524+0000] {processor.py:161} INFO - Started process (PID=2649) to work on /home/airflow/.local/lib/python3.9/site-packages/airflow/example_dags/example_setup_teardown.py
[2025-12-11T23:11:31.545+0000] {processor.py:830} INFO - Processing file /home/airflow/.local/lib/python3.9/site-packages/airflow/example_dags/example_setup_teardown.py for tasks to queue
[2025-12-11T23:11:31.548+0000] {logging_mixin.py:188} INFO - [2025-12-11T23:11:31.548+0000] {dagbag.py:545} INFO - Filling up the DagBag from /home/airflow/.local/lib/python3.9/site-packages/airflow/example_dags/example_setup_teardown.py
[2025-12-11T23:11:31.561+0000] {processor.py:840} INFO - DAG(s) 'example_setup_teardown' retrieved from /home/airflow/.local/lib/python3.9/site-packages/airflow/example_dags/example_setup_teardown.py
[2025-12-11T23:11:31.663+0000] {logging_mixin.py:188} INFO - [2025-12-11T23:11:31.662+0000] {dag.py:3096} INFO - Sync 1 DAGs
[2025-12-11T23:11:31.705+0000] {logging_mixin.py:188} INFO - [2025-12-11T23:11:31.705+0000] {dag.py:3954} INFO - Setting next_dagrun for example_setup_teardown to 2025-12-10 00:00:00+00:00, run_after=2025-12-11 00:00:00+00:00
[2025-12-11T23:11:31.770+0000] {processor.py:183} INFO - Processing /home/airflow/.local/lib/python3.9/site-packages/airflow/example_dags/example_setup_teardown.py took 0.258 seconds
[2025-12-11T23:12:02.624+0000] {processor.py:161} INFO - Started process (PID=2716) to work on /home/airflow/.local/lib/python3.9/site-packages/airflow/example_dags/example_setup_teardown.py
[2025-12-11T23:12:02.649+0000] {processor.py:830} INFO - Processing file /home/airflow/.local/lib/python3.9/site-packages/airflow/example_dags/example_setup_teardown.py for tasks to queue
[2025-12-11T23:12:02.652+0000] {logging_mixin.py:188} INFO - [2025-12-11T23:12:02.652+0000] {dagbag.py:545} INFO - Filling up the DagBag from /home/airflow/.local/lib/python3.9/site-packages/airflow/example_dags/example_setup_teardown.py
[2025-12-11T23:12:02.663+0000] {processor.py:840} INFO - DAG(s) 'example_setup_teardown' retrieved from /home/airflow/.local/lib/python3.9/site-packages/airflow/example_dags/example_setup_teardown.py
[2025-12-11T23:12:02.737+0000] {logging_mixin.py:188} INFO - [2025-12-11T23:12:02.736+0000] {dag.py:3096} INFO - Sync 1 DAGs
[2025-12-11T23:12:02.889+0000] {logging_mixin.py:188} INFO - [2025-12-11T23:12:02.880+0000] {dag.py:3954} INFO - Setting next_dagrun for example_setup_teardown to 2025-12-10 00:00:00+00:00, run_after=2025-12-11 00:00:00+00:00
[2025-12-11T23:12:02.979+0000] {processor.py:183} INFO - Processing /home/airflow/.local/lib/python3.9/site-packages/airflow/example_dags/example_setup_teardown.py took 0.365 seconds
[2025-12-11T23:12:35.844+0000] {processor.py:161} INFO - Started process (PID=2790) to work on /home/airflow/.local/lib/python3.9/site-packages/airflow/example_dags/example_setup_teardown.py
[2025-12-11T23:12:36.190+0000] {processor.py:830} INFO - Processing file /home/airflow/.local/lib/python3.9/site-packages/airflow/example_dags/example_setup_teardown.py for tasks to queue
[2025-12-11T23:12:36.194+0000] {logging_mixin.py:188} INFO - [2025-12-11T23:12:36.194+0000] {dagbag.py:545} INFO - Filling up the DagBag from /home/airflow/.local/lib/python3.9/site-packages/airflow/example_dags/example_setup_teardown.py
[2025-12-11T23:12:36.232+0000] {processor.py:840} INFO - DAG(s) 'example_setup_teardown' retrieved from /home/airflow/.local/lib/python3.9/site-packages/airflow/example_dags/example_setup_teardown.py
[2025-12-11T23:12:36.451+0000] {logging_mixin.py:188} INFO - [2025-12-11T23:12:36.451+0000] {dag.py:3096} INFO - Sync 1 DAGs
[2025-12-11T23:12:36.559+0000] {logging_mixin.py:188} INFO - [2025-12-11T23:12:36.559+0000] {dag.py:3954} INFO - Setting next_dagrun for example_setup_teardown to 2025-12-10 00:00:00+00:00, run_after=2025-12-11 00:00:00+00:00
[2025-12-11T23:12:37.961+0000] {processor.py:183} INFO - Processing /home/airflow/.local/lib/python3.9/site-packages/airflow/example_dags/example_setup_teardown.py took 2.128 seconds
[2025-12-11T23:13:09.383+0000] {processor.py:161} INFO - Started process (PID=2857) to work on /home/airflow/.local/lib/python3.9/site-packages/airflow/example_dags/example_setup_teardown.py
[2025-12-11T23:13:09.413+0000] {processor.py:830} INFO - Processing file /home/airflow/.local/lib/python3.9/site-packages/airflow/example_dags/example_setup_teardown.py for tasks to queue
[2025-12-11T23:13:09.417+0000] {logging_mixin.py:188} INFO - [2025-12-11T23:13:09.417+0000] {dagbag.py:545} INFO - Filling up the DagBag from /home/airflow/.local/lib/python3.9/site-packages/airflow/example_dags/example_setup_teardown.py
[2025-12-11T23:13:09.427+0000] {processor.py:840} INFO - DAG(s) 'example_setup_teardown' retrieved from /home/airflow/.local/lib/python3.9/site-packages/airflow/example_dags/example_setup_teardown.py
[2025-12-11T23:13:09.466+0000] {logging_mixin.py:188} INFO - [2025-12-11T23:13:09.465+0000] {dag.py:3096} INFO - Sync 1 DAGs
[2025-12-11T23:13:09.504+0000] {logging_mixin.py:188} INFO - [2025-12-11T23:13:09.504+0000] {dag.py:3954} INFO - Setting next_dagrun for example_setup_teardown to 2025-12-10 00:00:00+00:00, run_after=2025-12-11 00:00:00+00:00
[2025-12-11T23:13:10.090+0000] {processor.py:183} INFO - Processing /home/airflow/.local/lib/python3.9/site-packages/airflow/example_dags/example_setup_teardown.py took 0.717 seconds
[2025-12-11T23:13:41.153+0000] {processor.py:161} INFO - Started process (PID=2924) to work on /home/airflow/.local/lib/python3.9/site-packages/airflow/example_dags/example_setup_teardown.py
[2025-12-11T23:13:41.207+0000] {processor.py:830} INFO - Processing file /home/airflow/.local/lib/python3.9/site-packages/airflow/example_dags/example_setup_teardown.py for tasks to queue
[2025-12-11T23:13:41.211+0000] {logging_mixin.py:188} INFO - [2025-12-11T23:13:41.210+0000] {dagbag.py:545} INFO - Filling up the DagBag from /home/airflow/.local/lib/python3.9/site-packages/airflow/example_dags/example_setup_teardown.py
[2025-12-11T23:13:41.220+0000] {processor.py:840} INFO - DAG(s) 'example_setup_teardown' retrieved from /home/airflow/.local/lib/python3.9/site-packages/airflow/example_dags/example_setup_teardown.py
[2025-12-11T23:13:41.270+0000] {logging_mixin.py:188} INFO - [2025-12-11T23:13:41.270+0000] {dag.py:3096} INFO - Sync 1 DAGs
[2025-12-11T23:13:41.320+0000] {logging_mixin.py:188} INFO - [2025-12-11T23:13:41.319+0000] {dag.py:3954} INFO - Setting next_dagrun for example_setup_teardown to 2025-12-10 00:00:00+00:00, run_after=2025-12-11 00:00:00+00:00
[2025-12-11T23:13:42.275+0000] {processor.py:183} INFO - Processing /home/airflow/.local/lib/python3.9/site-packages/airflow/example_dags/example_setup_teardown.py took 1.139 seconds
[2025-12-11T23:14:12.921+0000] {processor.py:161} INFO - Started process (PID=2991) to work on /home/airflow/.local/lib/python3.9/site-packages/airflow/example_dags/example_setup_teardown.py
[2025-12-11T23:14:13.012+0000] {processor.py:830} INFO - Processing file /home/airflow/.local/lib/python3.9/site-packages/airflow/example_dags/example_setup_teardown.py for tasks to queue
[2025-12-11T23:14:13.015+0000] {logging_mixin.py:188} INFO - [2025-12-11T23:14:13.015+0000] {dagbag.py:545} INFO - Filling up the DagBag from /home/airflow/.local/lib/python3.9/site-packages/airflow/example_dags/example_setup_teardown.py
[2025-12-11T23:14:13.029+0000] {processor.py:840} INFO - DAG(s) 'example_setup_teardown' retrieved from /home/airflow/.local/lib/python3.9/site-packages/airflow/example_dags/example_setup_teardown.py
[2025-12-11T23:14:13.081+0000] {logging_mixin.py:188} INFO - [2025-12-11T23:14:13.080+0000] {dag.py:3096} INFO - Sync 1 DAGs
[2025-12-11T23:14:13.126+0000] {logging_mixin.py:188} INFO - [2025-12-11T23:14:13.126+0000] {dag.py:3954} INFO - Setting next_dagrun for example_setup_teardown to 2025-12-10 00:00:00+00:00, run_after=2025-12-11 00:00:00+00:00
[2025-12-11T23:14:13.373+0000] {processor.py:183} INFO - Processing /home/airflow/.local/lib/python3.9/site-packages/airflow/example_dags/example_setup_teardown.py took 0.463 seconds
[2025-12-11T23:14:43.752+0000] {processor.py:161} INFO - Started process (PID=3058) to work on /home/airflow/.local/lib/python3.9/site-packages/airflow/example_dags/example_setup_teardown.py
[2025-12-11T23:14:43.757+0000] {processor.py:830} INFO - Processing file /home/airflow/.local/lib/python3.9/site-packages/airflow/example_dags/example_setup_teardown.py for tasks to queue
[2025-12-11T23:14:43.760+0000] {logging_mixin.py:188} INFO - [2025-12-11T23:14:43.759+0000] {dagbag.py:545} INFO - Filling up the DagBag from /home/airflow/.local/lib/python3.9/site-packages/airflow/example_dags/example_setup_teardown.py
[2025-12-11T23:14:43.769+0000] {processor.py:840} INFO - DAG(s) 'example_setup_teardown' retrieved from /home/airflow/.local/lib/python3.9/site-packages/airflow/example_dags/example_setup_teardown.py
[2025-12-11T23:14:43.811+0000] {logging_mixin.py:188} INFO - [2025-12-11T23:14:43.810+0000] {dag.py:3096} INFO - Sync 1 DAGs
[2025-12-11T23:14:43.845+0000] {logging_mixin.py:188} INFO - [2025-12-11T23:14:43.845+0000] {dag.py:3954} INFO - Setting next_dagrun for example_setup_teardown to 2025-12-10 00:00:00+00:00, run_after=2025-12-11 00:00:00+00:00
[2025-12-11T23:14:44.155+0000] {processor.py:183} INFO - Processing /home/airflow/.local/lib/python3.9/site-packages/airflow/example_dags/example_setup_teardown.py took 0.415 seconds
[2025-12-11T23:15:15.599+0000] {processor.py:161} INFO - Started process (PID=3127) to work on /home/airflow/.local/lib/python3.9/site-packages/airflow/example_dags/example_setup_teardown.py
[2025-12-11T23:15:15.603+0000] {processor.py:830} INFO - Processing file /home/airflow/.local/lib/python3.9/site-packages/airflow/example_dags/example_setup_teardown.py for tasks to queue
[2025-12-11T23:15:15.606+0000] {logging_mixin.py:188} INFO - [2025-12-11T23:15:15.606+0000] {dagbag.py:545} INFO - Filling up the DagBag from /home/airflow/.local/lib/python3.9/site-packages/airflow/example_dags/example_setup_teardown.py
[2025-12-11T23:15:15.617+0000] {processor.py:840} INFO - DAG(s) 'example_setup_teardown' retrieved from /home/airflow/.local/lib/python3.9/site-packages/airflow/example_dags/example_setup_teardown.py
[2025-12-11T23:15:15.680+0000] {logging_mixin.py:188} INFO - [2025-12-11T23:15:15.679+0000] {dag.py:3096} INFO - Sync 1 DAGs
[2025-12-11T23:15:15.735+0000] {logging_mixin.py:188} INFO - [2025-12-11T23:15:15.734+0000] {dag.py:3954} INFO - Setting next_dagrun for example_setup_teardown to 2025-12-10 00:00:00+00:00, run_after=2025-12-11 00:00:00+00:00
[2025-12-11T23:15:16.039+0000] {processor.py:183} INFO - Processing /home/airflow/.local/lib/python3.9/site-packages/airflow/example_dags/example_setup_teardown.py took 0.452 seconds
[2025-12-11T23:15:46.260+0000] {processor.py:161} INFO - Started process (PID=3195) to work on /home/airflow/.local/lib/python3.9/site-packages/airflow/example_dags/example_setup_teardown.py
[2025-12-11T23:15:46.262+0000] {processor.py:830} INFO - Processing file /home/airflow/.local/lib/python3.9/site-packages/airflow/example_dags/example_setup_teardown.py for tasks to queue
[2025-12-11T23:15:46.264+0000] {logging_mixin.py:188} INFO - [2025-12-11T23:15:46.264+0000] {dagbag.py:545} INFO - Filling up the DagBag from /home/airflow/.local/lib/python3.9/site-packages/airflow/example_dags/example_setup_teardown.py
[2025-12-11T23:15:46.274+0000] {processor.py:840} INFO - DAG(s) 'example_setup_teardown' retrieved from /home/airflow/.local/lib/python3.9/site-packages/airflow/example_dags/example_setup_teardown.py
[2025-12-11T23:15:46.309+0000] {logging_mixin.py:188} INFO - [2025-12-11T23:15:46.308+0000] {dag.py:3096} INFO - Sync 1 DAGs
[2025-12-11T23:15:46.342+0000] {logging_mixin.py:188} INFO - [2025-12-11T23:15:46.342+0000] {dag.py:3954} INFO - Setting next_dagrun for example_setup_teardown to 2025-12-10 00:00:00+00:00, run_after=2025-12-11 00:00:00+00:00
[2025-12-11T23:15:46.367+0000] {processor.py:183} INFO - Processing /home/airflow/.local/lib/python3.9/site-packages/airflow/example_dags/example_setup_teardown.py took 0.117 seconds
[2025-12-11T23:16:16.671+0000] {processor.py:161} INFO - Started process (PID=3262) to work on /home/airflow/.local/lib/python3.9/site-packages/airflow/example_dags/example_setup_teardown.py
[2025-12-11T23:16:16.712+0000] {processor.py:830} INFO - Processing file /home/airflow/.local/lib/python3.9/site-packages/airflow/example_dags/example_setup_teardown.py for tasks to queue
[2025-12-11T23:16:16.716+0000] {logging_mixin.py:188} INFO - [2025-12-11T23:16:16.715+0000] {dagbag.py:545} INFO - Filling up the DagBag from /home/airflow/.local/lib/python3.9/site-packages/airflow/example_dags/example_setup_teardown.py
[2025-12-11T23:16:16.730+0000] {processor.py:840} INFO - DAG(s) 'example_setup_teardown' retrieved from /home/airflow/.local/lib/python3.9/site-packages/airflow/example_dags/example_setup_teardown.py
[2025-12-11T23:16:16.772+0000] {logging_mixin.py:188} INFO - [2025-12-11T23:16:16.772+0000] {dag.py:3096} INFO - Sync 1 DAGs
[2025-12-11T23:16:16.817+0000] {logging_mixin.py:188} INFO - [2025-12-11T23:16:16.816+0000] {dag.py:3954} INFO - Setting next_dagrun for example_setup_teardown to 2025-12-10 00:00:00+00:00, run_after=2025-12-11 00:00:00+00:00
[2025-12-11T23:16:17.128+0000] {processor.py:183} INFO - Processing /home/airflow/.local/lib/python3.9/site-packages/airflow/example_dags/example_setup_teardown.py took 0.471 seconds
[2025-12-11T23:16:47.750+0000] {processor.py:161} INFO - Started process (PID=3329) to work on /home/airflow/.local/lib/python3.9/site-packages/airflow/example_dags/example_setup_teardown.py
[2025-12-11T23:16:47.833+0000] {processor.py:830} INFO - Processing file /home/airflow/.local/lib/python3.9/site-packages/airflow/example_dags/example_setup_teardown.py for tasks to queue
[2025-12-11T23:16:47.836+0000] {logging_mixin.py:188} INFO - [2025-12-11T23:16:47.836+0000] {dagbag.py:545} INFO - Filling up the DagBag from /home/airflow/.local/lib/python3.9/site-packages/airflow/example_dags/example_setup_teardown.py
[2025-12-11T23:16:47.847+0000] {processor.py:840} INFO - DAG(s) 'example_setup_teardown' retrieved from /home/airflow/.local/lib/python3.9/site-packages/airflow/example_dags/example_setup_teardown.py
[2025-12-11T23:16:47.893+0000] {logging_mixin.py:188} INFO - [2025-12-11T23:16:47.892+0000] {dag.py:3096} INFO - Sync 1 DAGs
[2025-12-11T23:16:47.936+0000] {logging_mixin.py:188} INFO - [2025-12-11T23:16:47.935+0000] {dag.py:3954} INFO - Setting next_dagrun for example_setup_teardown to 2025-12-10 00:00:00+00:00, run_after=2025-12-11 00:00:00+00:00
[2025-12-11T23:16:48.105+0000] {processor.py:183} INFO - Processing /home/airflow/.local/lib/python3.9/site-packages/airflow/example_dags/example_setup_teardown.py took 0.369 seconds
[2025-12-11T23:17:18.383+0000] {processor.py:161} INFO - Started process (PID=3395) to work on /home/airflow/.local/lib/python3.9/site-packages/airflow/example_dags/example_setup_teardown.py
[2025-12-11T23:17:18.386+0000] {processor.py:830} INFO - Processing file /home/airflow/.local/lib/python3.9/site-packages/airflow/example_dags/example_setup_teardown.py for tasks to queue
[2025-12-11T23:17:18.390+0000] {logging_mixin.py:188} INFO - [2025-12-11T23:17:18.389+0000] {dagbag.py:545} INFO - Filling up the DagBag from /home/airflow/.local/lib/python3.9/site-packages/airflow/example_dags/example_setup_teardown.py
[2025-12-11T23:17:18.404+0000] {processor.py:840} INFO - DAG(s) 'example_setup_teardown' retrieved from /home/airflow/.local/lib/python3.9/site-packages/airflow/example_dags/example_setup_teardown.py
[2025-12-11T23:17:18.455+0000] {logging_mixin.py:188} INFO - [2025-12-11T23:17:18.454+0000] {dag.py:3096} INFO - Sync 1 DAGs
[2025-12-11T23:17:18.509+0000] {logging_mixin.py:188} INFO - [2025-12-11T23:17:18.508+0000] {dag.py:3954} INFO - Setting next_dagrun for example_setup_teardown to 2025-12-10 00:00:00+00:00, run_after=2025-12-11 00:00:00+00:00
[2025-12-11T23:17:18.540+0000] {processor.py:183} INFO - Processing /home/airflow/.local/lib/python3.9/site-packages/airflow/example_dags/example_setup_teardown.py took 0.171 seconds
[2025-12-11T23:17:48.735+0000] {processor.py:161} INFO - Started process (PID=3462) to work on /home/airflow/.local/lib/python3.9/site-packages/airflow/example_dags/example_setup_teardown.py
[2025-12-11T23:17:48.736+0000] {processor.py:830} INFO - Processing file /home/airflow/.local/lib/python3.9/site-packages/airflow/example_dags/example_setup_teardown.py for tasks to queue
[2025-12-11T23:17:48.739+0000] {logging_mixin.py:188} INFO - [2025-12-11T23:17:48.738+0000] {dagbag.py:545} INFO - Filling up the DagBag from /home/airflow/.local/lib/python3.9/site-packages/airflow/example_dags/example_setup_teardown.py
[2025-12-11T23:17:48.756+0000] {processor.py:840} INFO - DAG(s) 'example_setup_teardown' retrieved from /home/airflow/.local/lib/python3.9/site-packages/airflow/example_dags/example_setup_teardown.py
[2025-12-11T23:17:48.810+0000] {logging_mixin.py:188} INFO - [2025-12-11T23:17:48.809+0000] {dag.py:3096} INFO - Sync 1 DAGs
[2025-12-11T23:17:48.859+0000] {logging_mixin.py:188} INFO - [2025-12-11T23:17:48.858+0000] {dag.py:3954} INFO - Setting next_dagrun for example_setup_teardown to 2025-12-10 00:00:00+00:00, run_after=2025-12-11 00:00:00+00:00
[2025-12-11T23:17:48.899+0000] {processor.py:183} INFO - Processing /home/airflow/.local/lib/python3.9/site-packages/airflow/example_dags/example_setup_teardown.py took 0.183 seconds
[2025-12-11T23:18:19.304+0000] {processor.py:161} INFO - Started process (PID=3529) to work on /home/airflow/.local/lib/python3.9/site-packages/airflow/example_dags/example_setup_teardown.py
[2025-12-11T23:18:19.318+0000] {processor.py:830} INFO - Processing file /home/airflow/.local/lib/python3.9/site-packages/airflow/example_dags/example_setup_teardown.py for tasks to queue
[2025-12-11T23:18:19.321+0000] {logging_mixin.py:188} INFO - [2025-12-11T23:18:19.320+0000] {dagbag.py:545} INFO - Filling up the DagBag from /home/airflow/.local/lib/python3.9/site-packages/airflow/example_dags/example_setup_teardown.py
[2025-12-11T23:18:19.336+0000] {processor.py:840} INFO - DAG(s) 'example_setup_teardown' retrieved from /home/airflow/.local/lib/python3.9/site-packages/airflow/example_dags/example_setup_teardown.py
[2025-12-11T23:18:19.410+0000] {logging_mixin.py:188} INFO - [2025-12-11T23:18:19.409+0000] {dag.py:3096} INFO - Sync 1 DAGs
[2025-12-11T23:18:19.500+0000] {logging_mixin.py:188} INFO - [2025-12-11T23:18:19.500+0000] {dag.py:3954} INFO - Setting next_dagrun for example_setup_teardown to 2025-12-10 00:00:00+00:00, run_after=2025-12-11 00:00:00+00:00
[2025-12-11T23:18:19.850+0000] {processor.py:183} INFO - Processing /home/airflow/.local/lib/python3.9/site-packages/airflow/example_dags/example_setup_teardown.py took 0.556 seconds
[2025-12-11T23:18:49.994+0000] {processor.py:161} INFO - Started process (PID=3596) to work on /home/airflow/.local/lib/python3.9/site-packages/airflow/example_dags/example_setup_teardown.py
[2025-12-11T23:18:50.106+0000] {processor.py:830} INFO - Processing file /home/airflow/.local/lib/python3.9/site-packages/airflow/example_dags/example_setup_teardown.py for tasks to queue
[2025-12-11T23:18:50.110+0000] {logging_mixin.py:188} INFO - [2025-12-11T23:18:50.109+0000] {dagbag.py:545} INFO - Filling up the DagBag from /home/airflow/.local/lib/python3.9/site-packages/airflow/example_dags/example_setup_teardown.py
[2025-12-11T23:18:50.121+0000] {processor.py:840} INFO - DAG(s) 'example_setup_teardown' retrieved from /home/airflow/.local/lib/python3.9/site-packages/airflow/example_dags/example_setup_teardown.py
[2025-12-11T23:18:50.218+0000] {logging_mixin.py:188} INFO - [2025-12-11T23:18:50.217+0000] {dag.py:3096} INFO - Sync 1 DAGs
[2025-12-11T23:18:50.331+0000] {logging_mixin.py:188} INFO - [2025-12-11T23:18:50.331+0000] {dag.py:3954} INFO - Setting next_dagrun for example_setup_teardown to 2025-12-10 00:00:00+00:00, run_after=2025-12-11 00:00:00+00:00
[2025-12-11T23:18:50.559+0000] {processor.py:183} INFO - Processing /home/airflow/.local/lib/python3.9/site-packages/airflow/example_dags/example_setup_teardown.py took 0.600 seconds
[2025-12-11T23:19:21.214+0000] {processor.py:161} INFO - Started process (PID=3663) to work on /home/airflow/.local/lib/python3.9/site-packages/airflow/example_dags/example_setup_teardown.py
[2025-12-11T23:19:21.299+0000] {processor.py:830} INFO - Processing file /home/airflow/.local/lib/python3.9/site-packages/airflow/example_dags/example_setup_teardown.py for tasks to queue
[2025-12-11T23:19:21.303+0000] {logging_mixin.py:188} INFO - [2025-12-11T23:19:21.302+0000] {dagbag.py:545} INFO - Filling up the DagBag from /home/airflow/.local/lib/python3.9/site-packages/airflow/example_dags/example_setup_teardown.py
[2025-12-11T23:19:21.319+0000] {processor.py:840} INFO - DAG(s) 'example_setup_teardown' retrieved from /home/airflow/.local/lib/python3.9/site-packages/airflow/example_dags/example_setup_teardown.py
[2025-12-11T23:19:21.401+0000] {logging_mixin.py:188} INFO - [2025-12-11T23:19:21.401+0000] {dag.py:3096} INFO - Sync 1 DAGs
[2025-12-11T23:19:21.478+0000] {logging_mixin.py:188} INFO - [2025-12-11T23:19:21.477+0000] {dag.py:3954} INFO - Setting next_dagrun for example_setup_teardown to 2025-12-10 00:00:00+00:00, run_after=2025-12-11 00:00:00+00:00
[2025-12-11T23:19:21.590+0000] {processor.py:183} INFO - Processing /home/airflow/.local/lib/python3.9/site-packages/airflow/example_dags/example_setup_teardown.py took 0.391 seconds
[2025-12-11T23:19:51.709+0000] {processor.py:161} INFO - Started process (PID=3730) to work on /home/airflow/.local/lib/python3.9/site-packages/airflow/example_dags/example_setup_teardown.py
[2025-12-11T23:19:51.739+0000] {processor.py:830} INFO - Processing file /home/airflow/.local/lib/python3.9/site-packages/airflow/example_dags/example_setup_teardown.py for tasks to queue
[2025-12-11T23:19:51.742+0000] {logging_mixin.py:188} INFO - [2025-12-11T23:19:51.742+0000] {dagbag.py:545} INFO - Filling up the DagBag from /home/airflow/.local/lib/python3.9/site-packages/airflow/example_dags/example_setup_teardown.py
[2025-12-11T23:19:51.753+0000] {processor.py:840} INFO - DAG(s) 'example_setup_teardown' retrieved from /home/airflow/.local/lib/python3.9/site-packages/airflow/example_dags/example_setup_teardown.py
[2025-12-11T23:19:51.789+0000] {logging_mixin.py:188} INFO - [2025-12-11T23:19:51.789+0000] {dag.py:3096} INFO - Sync 1 DAGs
[2025-12-11T23:19:51.824+0000] {logging_mixin.py:188} INFO - [2025-12-11T23:19:51.824+0000] {dag.py:3954} INFO - Setting next_dagrun for example_setup_teardown to 2025-12-10 00:00:00+00:00, run_after=2025-12-11 00:00:00+00:00
[2025-12-11T23:19:51.880+0000] {processor.py:183} INFO - Processing /home/airflow/.local/lib/python3.9/site-packages/airflow/example_dags/example_setup_teardown.py took 0.182 seconds
[2025-12-11T23:20:21.984+0000] {processor.py:161} INFO - Started process (PID=3797) to work on /home/airflow/.local/lib/python3.9/site-packages/airflow/example_dags/example_setup_teardown.py
[2025-12-11T23:20:21.990+0000] {processor.py:830} INFO - Processing file /home/airflow/.local/lib/python3.9/site-packages/airflow/example_dags/example_setup_teardown.py for tasks to queue
[2025-12-11T23:20:21.994+0000] {logging_mixin.py:188} INFO - [2025-12-11T23:20:21.993+0000] {dagbag.py:545} INFO - Filling up the DagBag from /home/airflow/.local/lib/python3.9/site-packages/airflow/example_dags/example_setup_teardown.py
[2025-12-11T23:20:22.007+0000] {processor.py:840} INFO - DAG(s) 'example_setup_teardown' retrieved from /home/airflow/.local/lib/python3.9/site-packages/airflow/example_dags/example_setup_teardown.py
[2025-12-11T23:20:22.059+0000] {logging_mixin.py:188} INFO - [2025-12-11T23:20:22.058+0000] {dag.py:3096} INFO - Sync 1 DAGs
[2025-12-11T23:20:22.130+0000] {logging_mixin.py:188} INFO - [2025-12-11T23:20:22.129+0000] {dag.py:3954} INFO - Setting next_dagrun for example_setup_teardown to 2025-12-10 00:00:00+00:00, run_after=2025-12-11 00:00:00+00:00
[2025-12-11T23:20:22.162+0000] {processor.py:183} INFO - Processing /home/airflow/.local/lib/python3.9/site-packages/airflow/example_dags/example_setup_teardown.py took 0.194 seconds
[2025-12-11T23:20:52.277+0000] {processor.py:161} INFO - Started process (PID=3864) to work on /home/airflow/.local/lib/python3.9/site-packages/airflow/example_dags/example_setup_teardown.py
[2025-12-11T23:20:52.279+0000] {processor.py:830} INFO - Processing file /home/airflow/.local/lib/python3.9/site-packages/airflow/example_dags/example_setup_teardown.py for tasks to queue
[2025-12-11T23:20:52.281+0000] {logging_mixin.py:188} INFO - [2025-12-11T23:20:52.281+0000] {dagbag.py:545} INFO - Filling up the DagBag from /home/airflow/.local/lib/python3.9/site-packages/airflow/example_dags/example_setup_teardown.py
[2025-12-11T23:20:52.292+0000] {processor.py:840} INFO - DAG(s) 'example_setup_teardown' retrieved from /home/airflow/.local/lib/python3.9/site-packages/airflow/example_dags/example_setup_teardown.py
[2025-12-11T23:20:52.332+0000] {logging_mixin.py:188} INFO - [2025-12-11T23:20:52.331+0000] {dag.py:3096} INFO - Sync 1 DAGs
[2025-12-11T23:20:52.373+0000] {logging_mixin.py:188} INFO - [2025-12-11T23:20:52.372+0000] {dag.py:3954} INFO - Setting next_dagrun for example_setup_teardown to 2025-12-10 00:00:00+00:00, run_after=2025-12-11 00:00:00+00:00
[2025-12-11T23:20:52.403+0000] {processor.py:183} INFO - Processing /home/airflow/.local/lib/python3.9/site-packages/airflow/example_dags/example_setup_teardown.py took 0.137 seconds
[2025-12-11T23:21:22.617+0000] {processor.py:161} INFO - Started process (PID=3938) to work on /home/airflow/.local/lib/python3.9/site-packages/airflow/example_dags/example_setup_teardown.py
[2025-12-11T23:21:22.619+0000] {processor.py:830} INFO - Processing file /home/airflow/.local/lib/python3.9/site-packages/airflow/example_dags/example_setup_teardown.py for tasks to queue
[2025-12-11T23:21:22.630+0000] {logging_mixin.py:188} INFO - [2025-12-11T23:21:22.630+0000] {dagbag.py:545} INFO - Filling up the DagBag from /home/airflow/.local/lib/python3.9/site-packages/airflow/example_dags/example_setup_teardown.py
[2025-12-11T23:21:22.653+0000] {processor.py:840} INFO - DAG(s) 'example_setup_teardown' retrieved from /home/airflow/.local/lib/python3.9/site-packages/airflow/example_dags/example_setup_teardown.py
[2025-12-11T23:21:22.713+0000] {logging_mixin.py:188} INFO - [2025-12-11T23:21:22.713+0000] {dag.py:3096} INFO - Sync 1 DAGs
[2025-12-11T23:21:22.773+0000] {logging_mixin.py:188} INFO - [2025-12-11T23:21:22.773+0000] {dag.py:3954} INFO - Setting next_dagrun for example_setup_teardown to 2025-12-10 00:00:00+00:00, run_after=2025-12-11 00:00:00+00:00
[2025-12-11T23:21:22.818+0000] {processor.py:183} INFO - Processing /home/airflow/.local/lib/python3.9/site-packages/airflow/example_dags/example_setup_teardown.py took 0.213 seconds
[2025-12-11T23:21:52.873+0000] {processor.py:161} INFO - Started process (PID=4005) to work on /home/airflow/.local/lib/python3.9/site-packages/airflow/example_dags/example_setup_teardown.py
[2025-12-11T23:21:52.875+0000] {processor.py:830} INFO - Processing file /home/airflow/.local/lib/python3.9/site-packages/airflow/example_dags/example_setup_teardown.py for tasks to queue
[2025-12-11T23:21:52.878+0000] {logging_mixin.py:188} INFO - [2025-12-11T23:21:52.877+0000] {dagbag.py:545} INFO - Filling up the DagBag from /home/airflow/.local/lib/python3.9/site-packages/airflow/example_dags/example_setup_teardown.py
[2025-12-11T23:21:52.898+0000] {processor.py:840} INFO - DAG(s) 'example_setup_teardown' retrieved from /home/airflow/.local/lib/python3.9/site-packages/airflow/example_dags/example_setup_teardown.py
[2025-12-11T23:21:52.979+0000] {logging_mixin.py:188} INFO - [2025-12-11T23:21:52.978+0000] {dag.py:3096} INFO - Sync 1 DAGs
[2025-12-11T23:21:53.094+0000] {logging_mixin.py:188} INFO - [2025-12-11T23:21:53.093+0000] {dag.py:3954} INFO - Setting next_dagrun for example_setup_teardown to 2025-12-10 00:00:00+00:00, run_after=2025-12-11 00:00:00+00:00
[2025-12-11T23:21:53.174+0000] {processor.py:183} INFO - Processing /home/airflow/.local/lib/python3.9/site-packages/airflow/example_dags/example_setup_teardown.py took 0.314 seconds
[2025-12-11T23:22:23.373+0000] {processor.py:161} INFO - Started process (PID=4072) to work on /home/airflow/.local/lib/python3.9/site-packages/airflow/example_dags/example_setup_teardown.py
[2025-12-11T23:22:23.375+0000] {processor.py:830} INFO - Processing file /home/airflow/.local/lib/python3.9/site-packages/airflow/example_dags/example_setup_teardown.py for tasks to queue
[2025-12-11T23:22:23.377+0000] {logging_mixin.py:188} INFO - [2025-12-11T23:22:23.377+0000] {dagbag.py:545} INFO - Filling up the DagBag from /home/airflow/.local/lib/python3.9/site-packages/airflow/example_dags/example_setup_teardown.py
[2025-12-11T23:22:23.397+0000] {processor.py:840} INFO - DAG(s) 'example_setup_teardown' retrieved from /home/airflow/.local/lib/python3.9/site-packages/airflow/example_dags/example_setup_teardown.py
[2025-12-11T23:22:23.469+0000] {logging_mixin.py:188} INFO - [2025-12-11T23:22:23.461+0000] {dag.py:3096} INFO - Sync 1 DAGs
[2025-12-11T23:22:23.527+0000] {logging_mixin.py:188} INFO - [2025-12-11T23:22:23.527+0000] {dag.py:3954} INFO - Setting next_dagrun for example_setup_teardown to 2025-12-10 00:00:00+00:00, run_after=2025-12-11 00:00:00+00:00
[2025-12-11T23:22:23.564+0000] {processor.py:183} INFO - Processing /home/airflow/.local/lib/python3.9/site-packages/airflow/example_dags/example_setup_teardown.py took 0.206 seconds
[2025-12-11T23:22:54.129+0000] {processor.py:161} INFO - Started process (PID=4139) to work on /home/airflow/.local/lib/python3.9/site-packages/airflow/example_dags/example_setup_teardown.py
[2025-12-11T23:22:54.131+0000] {processor.py:830} INFO - Processing file /home/airflow/.local/lib/python3.9/site-packages/airflow/example_dags/example_setup_teardown.py for tasks to queue
[2025-12-11T23:22:54.134+0000] {logging_mixin.py:188} INFO - [2025-12-11T23:22:54.134+0000] {dagbag.py:545} INFO - Filling up the DagBag from /home/airflow/.local/lib/python3.9/site-packages/airflow/example_dags/example_setup_teardown.py
[2025-12-11T23:22:54.171+0000] {processor.py:840} INFO - DAG(s) 'example_setup_teardown' retrieved from /home/airflow/.local/lib/python3.9/site-packages/airflow/example_dags/example_setup_teardown.py
[2025-12-11T23:22:54.274+0000] {logging_mixin.py:188} INFO - [2025-12-11T23:22:54.274+0000] {dag.py:3096} INFO - Sync 1 DAGs
[2025-12-11T23:22:54.376+0000] {logging_mixin.py:188} INFO - [2025-12-11T23:22:54.375+0000] {dag.py:3954} INFO - Setting next_dagrun for example_setup_teardown to 2025-12-10 00:00:00+00:00, run_after=2025-12-11 00:00:00+00:00
[2025-12-11T23:22:54.440+0000] {processor.py:183} INFO - Processing /home/airflow/.local/lib/python3.9/site-packages/airflow/example_dags/example_setup_teardown.py took 0.349 seconds
[2025-12-11T23:23:25.072+0000] {processor.py:161} INFO - Started process (PID=4206) to work on /home/airflow/.local/lib/python3.9/site-packages/airflow/example_dags/example_setup_teardown.py
[2025-12-11T23:23:25.074+0000] {processor.py:830} INFO - Processing file /home/airflow/.local/lib/python3.9/site-packages/airflow/example_dags/example_setup_teardown.py for tasks to queue
[2025-12-11T23:23:25.079+0000] {logging_mixin.py:188} INFO - [2025-12-11T23:23:25.079+0000] {dagbag.py:545} INFO - Filling up the DagBag from /home/airflow/.local/lib/python3.9/site-packages/airflow/example_dags/example_setup_teardown.py
[2025-12-11T23:23:25.114+0000] {processor.py:840} INFO - DAG(s) 'example_setup_teardown' retrieved from /home/airflow/.local/lib/python3.9/site-packages/airflow/example_dags/example_setup_teardown.py
[2025-12-11T23:23:25.236+0000] {logging_mixin.py:188} INFO - [2025-12-11T23:23:25.236+0000] {dag.py:3096} INFO - Sync 1 DAGs
[2025-12-11T23:23:25.336+0000] {logging_mixin.py:188} INFO - [2025-12-11T23:23:25.335+0000] {dag.py:3954} INFO - Setting next_dagrun for example_setup_teardown to 2025-12-10 00:00:00+00:00, run_after=2025-12-11 00:00:00+00:00
[2025-12-11T23:23:25.414+0000] {processor.py:183} INFO - Processing /home/airflow/.local/lib/python3.9/site-packages/airflow/example_dags/example_setup_teardown.py took 0.382 seconds
[2025-12-11T23:23:55.510+0000] {processor.py:161} INFO - Started process (PID=4273) to work on /home/airflow/.local/lib/python3.9/site-packages/airflow/example_dags/example_setup_teardown.py
[2025-12-11T23:23:55.599+0000] {processor.py:830} INFO - Processing file /home/airflow/.local/lib/python3.9/site-packages/airflow/example_dags/example_setup_teardown.py for tasks to queue
[2025-12-11T23:23:55.602+0000] {logging_mixin.py:188} INFO - [2025-12-11T23:23:55.602+0000] {dagbag.py:545} INFO - Filling up the DagBag from /home/airflow/.local/lib/python3.9/site-packages/airflow/example_dags/example_setup_teardown.py
[2025-12-11T23:23:55.616+0000] {processor.py:840} INFO - DAG(s) 'example_setup_teardown' retrieved from /home/airflow/.local/lib/python3.9/site-packages/airflow/example_dags/example_setup_teardown.py
[2025-12-11T23:23:55.689+0000] {logging_mixin.py:188} INFO - [2025-12-11T23:23:55.678+0000] {dag.py:3096} INFO - Sync 1 DAGs
[2025-12-11T23:23:55.813+0000] {logging_mixin.py:188} INFO - [2025-12-11T23:23:55.812+0000] {dag.py:3954} INFO - Setting next_dagrun for example_setup_teardown to 2025-12-10 00:00:00+00:00, run_after=2025-12-11 00:00:00+00:00
[2025-12-11T23:23:55.973+0000] {processor.py:183} INFO - Processing /home/airflow/.local/lib/python3.9/site-packages/airflow/example_dags/example_setup_teardown.py took 0.503 seconds
[2025-12-11T23:24:26.260+0000] {processor.py:161} INFO - Started process (PID=4339) to work on /home/airflow/.local/lib/python3.9/site-packages/airflow/example_dags/example_setup_teardown.py
[2025-12-11T23:24:26.277+0000] {processor.py:830} INFO - Processing file /home/airflow/.local/lib/python3.9/site-packages/airflow/example_dags/example_setup_teardown.py for tasks to queue
[2025-12-11T23:24:26.294+0000] {logging_mixin.py:188} INFO - [2025-12-11T23:24:26.292+0000] {dagbag.py:545} INFO - Filling up the DagBag from /home/airflow/.local/lib/python3.9/site-packages/airflow/example_dags/example_setup_teardown.py
[2025-12-11T23:24:26.318+0000] {processor.py:840} INFO - DAG(s) 'example_setup_teardown' retrieved from /home/airflow/.local/lib/python3.9/site-packages/airflow/example_dags/example_setup_teardown.py
[2025-12-11T23:24:26.451+0000] {logging_mixin.py:188} INFO - [2025-12-11T23:24:26.450+0000] {dag.py:3096} INFO - Sync 1 DAGs
[2025-12-11T23:24:26.552+0000] {logging_mixin.py:188} INFO - [2025-12-11T23:24:26.552+0000] {dag.py:3954} INFO - Setting next_dagrun for example_setup_teardown to 2025-12-10 00:00:00+00:00, run_after=2025-12-11 00:00:00+00:00
[2025-12-11T23:24:26.653+0000] {processor.py:183} INFO - Processing /home/airflow/.local/lib/python3.9/site-packages/airflow/example_dags/example_setup_teardown.py took 0.404 seconds
[2025-12-11T23:24:57.299+0000] {processor.py:161} INFO - Started process (PID=4399) to work on /home/airflow/.local/lib/python3.9/site-packages/airflow/example_dags/example_setup_teardown.py
[2025-12-11T23:24:57.302+0000] {processor.py:830} INFO - Processing file /home/airflow/.local/lib/python3.9/site-packages/airflow/example_dags/example_setup_teardown.py for tasks to queue
[2025-12-11T23:24:57.312+0000] {logging_mixin.py:188} INFO - [2025-12-11T23:24:57.311+0000] {dagbag.py:545} INFO - Filling up the DagBag from /home/airflow/.local/lib/python3.9/site-packages/airflow/example_dags/example_setup_teardown.py
[2025-12-11T23:24:57.331+0000] {processor.py:840} INFO - DAG(s) 'example_setup_teardown' retrieved from /home/airflow/.local/lib/python3.9/site-packages/airflow/example_dags/example_setup_teardown.py
[2025-12-11T23:24:57.394+0000] {logging_mixin.py:188} INFO - [2025-12-11T23:24:57.394+0000] {dag.py:3096} INFO - Sync 1 DAGs
[2025-12-11T23:24:57.456+0000] {logging_mixin.py:188} INFO - [2025-12-11T23:24:57.456+0000] {dag.py:3954} INFO - Setting next_dagrun for example_setup_teardown to 2025-12-10 00:00:00+00:00, run_after=2025-12-11 00:00:00+00:00
[2025-12-11T23:24:57.521+0000] {processor.py:183} INFO - Processing /home/airflow/.local/lib/python3.9/site-packages/airflow/example_dags/example_setup_teardown.py took 0.234 seconds
[2025-12-11T23:25:28.530+0000] {processor.py:161} INFO - Started process (PID=4473) to work on /home/airflow/.local/lib/python3.9/site-packages/airflow/example_dags/example_setup_teardown.py
[2025-12-11T23:25:28.531+0000] {processor.py:830} INFO - Processing file /home/airflow/.local/lib/python3.9/site-packages/airflow/example_dags/example_setup_teardown.py for tasks to queue
[2025-12-11T23:25:28.535+0000] {logging_mixin.py:188} INFO - [2025-12-11T23:25:28.535+0000] {dagbag.py:545} INFO - Filling up the DagBag from /home/airflow/.local/lib/python3.9/site-packages/airflow/example_dags/example_setup_teardown.py
[2025-12-11T23:25:28.557+0000] {processor.py:840} INFO - DAG(s) 'example_setup_teardown' retrieved from /home/airflow/.local/lib/python3.9/site-packages/airflow/example_dags/example_setup_teardown.py
[2025-12-11T23:25:28.637+0000] {logging_mixin.py:188} INFO - [2025-12-11T23:25:28.637+0000] {dag.py:3096} INFO - Sync 1 DAGs
[2025-12-11T23:25:28.709+0000] {logging_mixin.py:188} INFO - [2025-12-11T23:25:28.702+0000] {dag.py:3954} INFO - Setting next_dagrun for example_setup_teardown to 2025-12-10 00:00:00+00:00, run_after=2025-12-11 00:00:00+00:00
[2025-12-11T23:25:28.755+0000] {processor.py:183} INFO - Processing /home/airflow/.local/lib/python3.9/site-packages/airflow/example_dags/example_setup_teardown.py took 0.241 seconds
[2025-12-11T23:25:59.482+0000] {processor.py:161} INFO - Started process (PID=4539) to work on /home/airflow/.local/lib/python3.9/site-packages/airflow/example_dags/example_setup_teardown.py
[2025-12-11T23:25:59.483+0000] {processor.py:830} INFO - Processing file /home/airflow/.local/lib/python3.9/site-packages/airflow/example_dags/example_setup_teardown.py for tasks to queue
[2025-12-11T23:25:59.487+0000] {logging_mixin.py:188} INFO - [2025-12-11T23:25:59.487+0000] {dagbag.py:545} INFO - Filling up the DagBag from /home/airflow/.local/lib/python3.9/site-packages/airflow/example_dags/example_setup_teardown.py
[2025-12-11T23:25:59.498+0000] {processor.py:840} INFO - DAG(s) 'example_setup_teardown' retrieved from /home/airflow/.local/lib/python3.9/site-packages/airflow/example_dags/example_setup_teardown.py
[2025-12-11T23:25:59.540+0000] {logging_mixin.py:188} INFO - [2025-12-11T23:25:59.540+0000] {dag.py:3096} INFO - Sync 1 DAGs
[2025-12-11T23:25:59.584+0000] {logging_mixin.py:188} INFO - [2025-12-11T23:25:59.583+0000] {dag.py:3954} INFO - Setting next_dagrun for example_setup_teardown to 2025-12-10 00:00:00+00:00, run_after=2025-12-11 00:00:00+00:00
[2025-12-11T23:25:59.612+0000] {processor.py:183} INFO - Processing /home/airflow/.local/lib/python3.9/site-packages/airflow/example_dags/example_setup_teardown.py took 0.141 seconds
[2025-12-11T23:26:30.130+0000] {processor.py:161} INFO - Started process (PID=4611) to work on /home/airflow/.local/lib/python3.9/site-packages/airflow/example_dags/example_setup_teardown.py
[2025-12-11T23:26:30.132+0000] {processor.py:830} INFO - Processing file /home/airflow/.local/lib/python3.9/site-packages/airflow/example_dags/example_setup_teardown.py for tasks to queue
[2025-12-11T23:26:30.136+0000] {logging_mixin.py:188} INFO - [2025-12-11T23:26:30.136+0000] {dagbag.py:545} INFO - Filling up the DagBag from /home/airflow/.local/lib/python3.9/site-packages/airflow/example_dags/example_setup_teardown.py
[2025-12-11T23:26:30.193+0000] {processor.py:840} INFO - DAG(s) 'example_setup_teardown' retrieved from /home/airflow/.local/lib/python3.9/site-packages/airflow/example_dags/example_setup_teardown.py
[2025-12-11T23:26:30.433+0000] {logging_mixin.py:188} INFO - [2025-12-11T23:26:30.433+0000] {dag.py:3096} INFO - Sync 1 DAGs
[2025-12-11T23:26:30.631+0000] {logging_mixin.py:188} INFO - [2025-12-11T23:26:30.630+0000] {dag.py:3954} INFO - Setting next_dagrun for example_setup_teardown to 2025-12-10 00:00:00+00:00, run_after=2025-12-11 00:00:00+00:00
[2025-12-11T23:26:30.755+0000] {processor.py:183} INFO - Processing /home/airflow/.local/lib/python3.9/site-packages/airflow/example_dags/example_setup_teardown.py took 0.682 seconds
[2025-12-11T23:27:01.521+0000] {processor.py:161} INFO - Started process (PID=4678) to work on /home/airflow/.local/lib/python3.9/site-packages/airflow/example_dags/example_setup_teardown.py
[2025-12-11T23:27:01.531+0000] {processor.py:830} INFO - Processing file /home/airflow/.local/lib/python3.9/site-packages/airflow/example_dags/example_setup_teardown.py for tasks to queue
[2025-12-11T23:27:01.534+0000] {logging_mixin.py:188} INFO - [2025-12-11T23:27:01.533+0000] {dagbag.py:545} INFO - Filling up the DagBag from /home/airflow/.local/lib/python3.9/site-packages/airflow/example_dags/example_setup_teardown.py
[2025-12-11T23:27:01.553+0000] {processor.py:840} INFO - DAG(s) 'example_setup_teardown' retrieved from /home/airflow/.local/lib/python3.9/site-packages/airflow/example_dags/example_setup_teardown.py
[2025-12-11T23:27:01.653+0000] {logging_mixin.py:188} INFO - [2025-12-11T23:27:01.652+0000] {dag.py:3096} INFO - Sync 1 DAGs
[2025-12-11T23:27:01.760+0000] {logging_mixin.py:188} INFO - [2025-12-11T23:27:01.760+0000] {dag.py:3954} INFO - Setting next_dagrun for example_setup_teardown to 2025-12-10 00:00:00+00:00, run_after=2025-12-11 00:00:00+00:00
[2025-12-11T23:27:01.820+0000] {processor.py:183} INFO - Processing /home/airflow/.local/lib/python3.9/site-packages/airflow/example_dags/example_setup_teardown.py took 0.311 seconds
[2025-12-11T23:27:32.358+0000] {processor.py:161} INFO - Started process (PID=4745) to work on /home/airflow/.local/lib/python3.9/site-packages/airflow/example_dags/example_setup_teardown.py
[2025-12-11T23:27:32.372+0000] {processor.py:830} INFO - Processing file /home/airflow/.local/lib/python3.9/site-packages/airflow/example_dags/example_setup_teardown.py for tasks to queue
[2025-12-11T23:27:32.375+0000] {logging_mixin.py:188} INFO - [2025-12-11T23:27:32.375+0000] {dagbag.py:545} INFO - Filling up the DagBag from /home/airflow/.local/lib/python3.9/site-packages/airflow/example_dags/example_setup_teardown.py
[2025-12-11T23:27:32.393+0000] {processor.py:840} INFO - DAG(s) 'example_setup_teardown' retrieved from /home/airflow/.local/lib/python3.9/site-packages/airflow/example_dags/example_setup_teardown.py
[2025-12-11T23:27:32.459+0000] {logging_mixin.py:188} INFO - [2025-12-11T23:27:32.458+0000] {dag.py:3096} INFO - Sync 1 DAGs
[2025-12-11T23:27:32.529+0000] {logging_mixin.py:188} INFO - [2025-12-11T23:27:32.526+0000] {dag.py:3954} INFO - Setting next_dagrun for example_setup_teardown to 2025-12-10 00:00:00+00:00, run_after=2025-12-11 00:00:00+00:00
[2025-12-11T23:27:32.577+0000] {processor.py:183} INFO - Processing /home/airflow/.local/lib/python3.9/site-packages/airflow/example_dags/example_setup_teardown.py took 0.231 seconds
[2025-12-11T23:28:02.749+0000] {processor.py:161} INFO - Started process (PID=4812) to work on /home/airflow/.local/lib/python3.9/site-packages/airflow/example_dags/example_setup_teardown.py
[2025-12-11T23:28:02.750+0000] {processor.py:830} INFO - Processing file /home/airflow/.local/lib/python3.9/site-packages/airflow/example_dags/example_setup_teardown.py for tasks to queue
[2025-12-11T23:28:02.753+0000] {logging_mixin.py:188} INFO - [2025-12-11T23:28:02.752+0000] {dagbag.py:545} INFO - Filling up the DagBag from /home/airflow/.local/lib/python3.9/site-packages/airflow/example_dags/example_setup_teardown.py
[2025-12-11T23:28:02.763+0000] {processor.py:840} INFO - DAG(s) 'example_setup_teardown' retrieved from /home/airflow/.local/lib/python3.9/site-packages/airflow/example_dags/example_setup_teardown.py
[2025-12-11T23:28:02.803+0000] {logging_mixin.py:188} INFO - [2025-12-11T23:28:02.803+0000] {dag.py:3096} INFO - Sync 1 DAGs
[2025-12-11T23:28:02.840+0000] {logging_mixin.py:188} INFO - [2025-12-11T23:28:02.840+0000] {dag.py:3954} INFO - Setting next_dagrun for example_setup_teardown to 2025-12-10 00:00:00+00:00, run_after=2025-12-11 00:00:00+00:00
[2025-12-11T23:28:02.869+0000] {processor.py:183} INFO - Processing /home/airflow/.local/lib/python3.9/site-packages/airflow/example_dags/example_setup_teardown.py took 0.131 seconds
[2025-12-11T23:28:33.007+0000] {processor.py:161} INFO - Started process (PID=4878) to work on /home/airflow/.local/lib/python3.9/site-packages/airflow/example_dags/example_setup_teardown.py
[2025-12-11T23:28:33.009+0000] {processor.py:830} INFO - Processing file /home/airflow/.local/lib/python3.9/site-packages/airflow/example_dags/example_setup_teardown.py for tasks to queue
[2025-12-11T23:28:33.013+0000] {logging_mixin.py:188} INFO - [2025-12-11T23:28:33.013+0000] {dagbag.py:545} INFO - Filling up the DagBag from /home/airflow/.local/lib/python3.9/site-packages/airflow/example_dags/example_setup_teardown.py
[2025-12-11T23:28:33.023+0000] {processor.py:840} INFO - DAG(s) 'example_setup_teardown' retrieved from /home/airflow/.local/lib/python3.9/site-packages/airflow/example_dags/example_setup_teardown.py
[2025-12-11T23:28:33.068+0000] {logging_mixin.py:188} INFO - [2025-12-11T23:28:33.068+0000] {dag.py:3096} INFO - Sync 1 DAGs
[2025-12-11T23:28:33.107+0000] {logging_mixin.py:188} INFO - [2025-12-11T23:28:33.106+0000] {dag.py:3954} INFO - Setting next_dagrun for example_setup_teardown to 2025-12-10 00:00:00+00:00, run_after=2025-12-11 00:00:00+00:00
[2025-12-11T23:28:33.136+0000] {processor.py:183} INFO - Processing /home/airflow/.local/lib/python3.9/site-packages/airflow/example_dags/example_setup_teardown.py took 0.139 seconds
[2025-12-11T23:29:03.740+0000] {processor.py:161} INFO - Started process (PID=4945) to work on /home/airflow/.local/lib/python3.9/site-packages/airflow/example_dags/example_setup_teardown.py
[2025-12-11T23:29:03.750+0000] {processor.py:830} INFO - Processing file /home/airflow/.local/lib/python3.9/site-packages/airflow/example_dags/example_setup_teardown.py for tasks to queue
[2025-12-11T23:29:03.754+0000] {logging_mixin.py:188} INFO - [2025-12-11T23:29:03.754+0000] {dagbag.py:545} INFO - Filling up the DagBag from /home/airflow/.local/lib/python3.9/site-packages/airflow/example_dags/example_setup_teardown.py
[2025-12-11T23:29:03.774+0000] {processor.py:840} INFO - DAG(s) 'example_setup_teardown' retrieved from /home/airflow/.local/lib/python3.9/site-packages/airflow/example_dags/example_setup_teardown.py
[2025-12-11T23:29:03.838+0000] {logging_mixin.py:188} INFO - [2025-12-11T23:29:03.837+0000] {dag.py:3096} INFO - Sync 1 DAGs
[2025-12-11T23:29:03.909+0000] {logging_mixin.py:188} INFO - [2025-12-11T23:29:03.905+0000] {dag.py:3954} INFO - Setting next_dagrun for example_setup_teardown to 2025-12-10 00:00:00+00:00, run_after=2025-12-11 00:00:00+00:00
[2025-12-11T23:29:03.955+0000] {processor.py:183} INFO - Processing /home/airflow/.local/lib/python3.9/site-packages/airflow/example_dags/example_setup_teardown.py took 0.225 seconds
[2025-12-11T23:29:34.106+0000] {processor.py:161} INFO - Started process (PID=5012) to work on /home/airflow/.local/lib/python3.9/site-packages/airflow/example_dags/example_setup_teardown.py
[2025-12-11T23:29:34.108+0000] {processor.py:830} INFO - Processing file /home/airflow/.local/lib/python3.9/site-packages/airflow/example_dags/example_setup_teardown.py for tasks to queue
[2025-12-11T23:29:34.112+0000] {logging_mixin.py:188} INFO - [2025-12-11T23:29:34.111+0000] {dagbag.py:545} INFO - Filling up the DagBag from /home/airflow/.local/lib/python3.9/site-packages/airflow/example_dags/example_setup_teardown.py
[2025-12-11T23:29:34.123+0000] {processor.py:840} INFO - DAG(s) 'example_setup_teardown' retrieved from /home/airflow/.local/lib/python3.9/site-packages/airflow/example_dags/example_setup_teardown.py
[2025-12-11T23:29:34.162+0000] {logging_mixin.py:188} INFO - [2025-12-11T23:29:34.161+0000] {dag.py:3096} INFO - Sync 1 DAGs
[2025-12-11T23:29:34.203+0000] {logging_mixin.py:188} INFO - [2025-12-11T23:29:34.202+0000] {dag.py:3954} INFO - Setting next_dagrun for example_setup_teardown to 2025-12-10 00:00:00+00:00, run_after=2025-12-11 00:00:00+00:00
[2025-12-11T23:29:34.229+0000] {processor.py:183} INFO - Processing /home/airflow/.local/lib/python3.9/site-packages/airflow/example_dags/example_setup_teardown.py took 0.133 seconds
[2025-12-11T23:30:04.321+0000] {processor.py:161} INFO - Started process (PID=5079) to work on /home/airflow/.local/lib/python3.9/site-packages/airflow/example_dags/example_setup_teardown.py
[2025-12-11T23:30:04.323+0000] {processor.py:830} INFO - Processing file /home/airflow/.local/lib/python3.9/site-packages/airflow/example_dags/example_setup_teardown.py for tasks to queue
[2025-12-11T23:30:04.326+0000] {logging_mixin.py:188} INFO - [2025-12-11T23:30:04.326+0000] {dagbag.py:545} INFO - Filling up the DagBag from /home/airflow/.local/lib/python3.9/site-packages/airflow/example_dags/example_setup_teardown.py
[2025-12-11T23:30:04.339+0000] {processor.py:840} INFO - DAG(s) 'example_setup_teardown' retrieved from /home/airflow/.local/lib/python3.9/site-packages/airflow/example_dags/example_setup_teardown.py
[2025-12-11T23:30:04.391+0000] {logging_mixin.py:188} INFO - [2025-12-11T23:30:04.390+0000] {dag.py:3096} INFO - Sync 1 DAGs
[2025-12-11T23:30:04.434+0000] {logging_mixin.py:188} INFO - [2025-12-11T23:30:04.433+0000] {dag.py:3954} INFO - Setting next_dagrun for example_setup_teardown to 2025-12-10 00:00:00+00:00, run_after=2025-12-11 00:00:00+00:00
[2025-12-11T23:30:04.470+0000] {processor.py:183} INFO - Processing /home/airflow/.local/lib/python3.9/site-packages/airflow/example_dags/example_setup_teardown.py took 0.159 seconds
[2025-12-11T23:30:35.277+0000] {processor.py:161} INFO - Started process (PID=5146) to work on /home/airflow/.local/lib/python3.9/site-packages/airflow/example_dags/example_setup_teardown.py
[2025-12-11T23:30:35.279+0000] {processor.py:830} INFO - Processing file /home/airflow/.local/lib/python3.9/site-packages/airflow/example_dags/example_setup_teardown.py for tasks to queue
[2025-12-11T23:30:35.282+0000] {logging_mixin.py:188} INFO - [2025-12-11T23:30:35.282+0000] {dagbag.py:545} INFO - Filling up the DagBag from /home/airflow/.local/lib/python3.9/site-packages/airflow/example_dags/example_setup_teardown.py
[2025-12-11T23:30:35.297+0000] {processor.py:840} INFO - DAG(s) 'example_setup_teardown' retrieved from /home/airflow/.local/lib/python3.9/site-packages/airflow/example_dags/example_setup_teardown.py
[2025-12-11T23:30:35.351+0000] {logging_mixin.py:188} INFO - [2025-12-11T23:30:35.351+0000] {dag.py:3096} INFO - Sync 1 DAGs
[2025-12-11T23:30:35.404+0000] {logging_mixin.py:188} INFO - [2025-12-11T23:30:35.403+0000] {dag.py:3954} INFO - Setting next_dagrun for example_setup_teardown to 2025-12-10 00:00:00+00:00, run_after=2025-12-11 00:00:00+00:00
[2025-12-11T23:30:35.449+0000] {processor.py:183} INFO - Processing /home/airflow/.local/lib/python3.9/site-packages/airflow/example_dags/example_setup_teardown.py took 0.183 seconds
[2025-12-11T23:31:05.512+0000] {processor.py:161} INFO - Started process (PID=5213) to work on /home/airflow/.local/lib/python3.9/site-packages/airflow/example_dags/example_setup_teardown.py
[2025-12-11T23:31:05.514+0000] {processor.py:830} INFO - Processing file /home/airflow/.local/lib/python3.9/site-packages/airflow/example_dags/example_setup_teardown.py for tasks to queue
[2025-12-11T23:31:05.516+0000] {logging_mixin.py:188} INFO - [2025-12-11T23:31:05.516+0000] {dagbag.py:545} INFO - Filling up the DagBag from /home/airflow/.local/lib/python3.9/site-packages/airflow/example_dags/example_setup_teardown.py
[2025-12-11T23:31:05.527+0000] {processor.py:840} INFO - DAG(s) 'example_setup_teardown' retrieved from /home/airflow/.local/lib/python3.9/site-packages/airflow/example_dags/example_setup_teardown.py
[2025-12-11T23:31:05.571+0000] {logging_mixin.py:188} INFO - [2025-12-11T23:31:05.570+0000] {dag.py:3096} INFO - Sync 1 DAGs
[2025-12-11T23:31:05.618+0000] {logging_mixin.py:188} INFO - [2025-12-11T23:31:05.618+0000] {dag.py:3954} INFO - Setting next_dagrun for example_setup_teardown to 2025-12-10 00:00:00+00:00, run_after=2025-12-11 00:00:00+00:00
[2025-12-11T23:31:05.655+0000] {processor.py:183} INFO - Processing /home/airflow/.local/lib/python3.9/site-packages/airflow/example_dags/example_setup_teardown.py took 0.153 seconds
[2025-12-11T23:31:36.124+0000] {processor.py:161} INFO - Started process (PID=5280) to work on /home/airflow/.local/lib/python3.9/site-packages/airflow/example_dags/example_setup_teardown.py
[2025-12-11T23:31:36.126+0000] {processor.py:830} INFO - Processing file /home/airflow/.local/lib/python3.9/site-packages/airflow/example_dags/example_setup_teardown.py for tasks to queue
[2025-12-11T23:31:36.131+0000] {logging_mixin.py:188} INFO - [2025-12-11T23:31:36.131+0000] {dagbag.py:545} INFO - Filling up the DagBag from /home/airflow/.local/lib/python3.9/site-packages/airflow/example_dags/example_setup_teardown.py
[2025-12-11T23:31:36.143+0000] {processor.py:840} INFO - DAG(s) 'example_setup_teardown' retrieved from /home/airflow/.local/lib/python3.9/site-packages/airflow/example_dags/example_setup_teardown.py
[2025-12-11T23:31:36.214+0000] {logging_mixin.py:188} INFO - [2025-12-11T23:31:36.213+0000] {dag.py:3096} INFO - Sync 1 DAGs
[2025-12-11T23:31:36.261+0000] {logging_mixin.py:188} INFO - [2025-12-11T23:31:36.260+0000] {dag.py:3954} INFO - Setting next_dagrun for example_setup_teardown to 2025-12-10 00:00:00+00:00, run_after=2025-12-11 00:00:00+00:00
[2025-12-11T23:31:36.397+0000] {processor.py:183} INFO - Processing /home/airflow/.local/lib/python3.9/site-packages/airflow/example_dags/example_setup_teardown.py took 0.287 seconds
[2025-12-11T23:32:06.992+0000] {processor.py:161} INFO - Started process (PID=5347) to work on /home/airflow/.local/lib/python3.9/site-packages/airflow/example_dags/example_setup_teardown.py
[2025-12-11T23:32:06.994+0000] {processor.py:830} INFO - Processing file /home/airflow/.local/lib/python3.9/site-packages/airflow/example_dags/example_setup_teardown.py for tasks to queue
[2025-12-11T23:32:06.996+0000] {logging_mixin.py:188} INFO - [2025-12-11T23:32:06.996+0000] {dagbag.py:545} INFO - Filling up the DagBag from /home/airflow/.local/lib/python3.9/site-packages/airflow/example_dags/example_setup_teardown.py
[2025-12-11T23:32:07.008+0000] {processor.py:840} INFO - DAG(s) 'example_setup_teardown' retrieved from /home/airflow/.local/lib/python3.9/site-packages/airflow/example_dags/example_setup_teardown.py
[2025-12-11T23:32:07.053+0000] {logging_mixin.py:188} INFO - [2025-12-11T23:32:07.052+0000] {dag.py:3096} INFO - Sync 1 DAGs
[2025-12-11T23:32:07.095+0000] {logging_mixin.py:188} INFO - [2025-12-11T23:32:07.094+0000] {dag.py:3954} INFO - Setting next_dagrun for example_setup_teardown to 2025-12-10 00:00:00+00:00, run_after=2025-12-11 00:00:00+00:00
[2025-12-11T23:32:07.140+0000] {processor.py:183} INFO - Processing /home/airflow/.local/lib/python3.9/site-packages/airflow/example_dags/example_setup_teardown.py took 0.159 seconds
[2025-12-11T23:32:37.973+0000] {processor.py:161} INFO - Started process (PID=5421) to work on /home/airflow/.local/lib/python3.9/site-packages/airflow/example_dags/example_setup_teardown.py
[2025-12-11T23:32:37.974+0000] {processor.py:830} INFO - Processing file /home/airflow/.local/lib/python3.9/site-packages/airflow/example_dags/example_setup_teardown.py for tasks to queue
[2025-12-11T23:32:37.977+0000] {logging_mixin.py:188} INFO - [2025-12-11T23:32:37.976+0000] {dagbag.py:545} INFO - Filling up the DagBag from /home/airflow/.local/lib/python3.9/site-packages/airflow/example_dags/example_setup_teardown.py
[2025-12-11T23:32:37.995+0000] {processor.py:840} INFO - DAG(s) 'example_setup_teardown' retrieved from /home/airflow/.local/lib/python3.9/site-packages/airflow/example_dags/example_setup_teardown.py
[2025-12-11T23:32:38.058+0000] {logging_mixin.py:188} INFO - [2025-12-11T23:32:38.057+0000] {dag.py:3096} INFO - Sync 1 DAGs
[2025-12-11T23:32:38.105+0000] {logging_mixin.py:188} INFO - [2025-12-11T23:32:38.104+0000] {dag.py:3954} INFO - Setting next_dagrun for example_setup_teardown to 2025-12-10 00:00:00+00:00, run_after=2025-12-11 00:00:00+00:00
[2025-12-11T23:32:38.141+0000] {processor.py:183} INFO - Processing /home/airflow/.local/lib/python3.9/site-packages/airflow/example_dags/example_setup_teardown.py took 0.184 seconds
[2025-12-11T23:33:08.453+0000] {processor.py:161} INFO - Started process (PID=5488) to work on /home/airflow/.local/lib/python3.9/site-packages/airflow/example_dags/example_setup_teardown.py
[2025-12-11T23:33:08.455+0000] {processor.py:830} INFO - Processing file /home/airflow/.local/lib/python3.9/site-packages/airflow/example_dags/example_setup_teardown.py for tasks to queue
[2025-12-11T23:33:08.459+0000] {logging_mixin.py:188} INFO - [2025-12-11T23:33:08.458+0000] {dagbag.py:545} INFO - Filling up the DagBag from /home/airflow/.local/lib/python3.9/site-packages/airflow/example_dags/example_setup_teardown.py
[2025-12-11T23:33:08.480+0000] {processor.py:840} INFO - DAG(s) 'example_setup_teardown' retrieved from /home/airflow/.local/lib/python3.9/site-packages/airflow/example_dags/example_setup_teardown.py
[2025-12-11T23:33:08.553+0000] {logging_mixin.py:188} INFO - [2025-12-11T23:33:08.552+0000] {dag.py:3096} INFO - Sync 1 DAGs
[2025-12-11T23:33:08.598+0000] {logging_mixin.py:188} INFO - [2025-12-11T23:33:08.598+0000] {dag.py:3954} INFO - Setting next_dagrun for example_setup_teardown to 2025-12-10 00:00:00+00:00, run_after=2025-12-11 00:00:00+00:00
[2025-12-11T23:33:08.640+0000] {processor.py:183} INFO - Processing /home/airflow/.local/lib/python3.9/site-packages/airflow/example_dags/example_setup_teardown.py took 0.209 seconds
[2025-12-11T23:33:38.840+0000] {processor.py:161} INFO - Started process (PID=5555) to work on /home/airflow/.local/lib/python3.9/site-packages/airflow/example_dags/example_setup_teardown.py
[2025-12-11T23:33:38.850+0000] {processor.py:830} INFO - Processing file /home/airflow/.local/lib/python3.9/site-packages/airflow/example_dags/example_setup_teardown.py for tasks to queue
[2025-12-11T23:33:38.854+0000] {logging_mixin.py:188} INFO - [2025-12-11T23:33:38.853+0000] {dagbag.py:545} INFO - Filling up the DagBag from /home/airflow/.local/lib/python3.9/site-packages/airflow/example_dags/example_setup_teardown.py
[2025-12-11T23:33:38.878+0000] {processor.py:840} INFO - DAG(s) 'example_setup_teardown' retrieved from /home/airflow/.local/lib/python3.9/site-packages/airflow/example_dags/example_setup_teardown.py
[2025-12-11T23:33:38.990+0000] {logging_mixin.py:188} INFO - [2025-12-11T23:33:38.981+0000] {dag.py:3096} INFO - Sync 1 DAGs
[2025-12-11T23:33:39.077+0000] {logging_mixin.py:188} INFO - [2025-12-11T23:33:39.076+0000] {dag.py:3954} INFO - Setting next_dagrun for example_setup_teardown to 2025-12-10 00:00:00+00:00, run_after=2025-12-11 00:00:00+00:00
[2025-12-11T23:33:39.170+0000] {processor.py:183} INFO - Processing /home/airflow/.local/lib/python3.9/site-packages/airflow/example_dags/example_setup_teardown.py took 0.355 seconds
[2025-12-11T23:34:09.570+0000] {processor.py:161} INFO - Started process (PID=5620) to work on /home/airflow/.local/lib/python3.9/site-packages/airflow/example_dags/example_setup_teardown.py
[2025-12-11T23:34:09.576+0000] {processor.py:830} INFO - Processing file /home/airflow/.local/lib/python3.9/site-packages/airflow/example_dags/example_setup_teardown.py for tasks to queue
[2025-12-11T23:34:09.591+0000] {logging_mixin.py:188} INFO - [2025-12-11T23:34:09.591+0000] {dagbag.py:545} INFO - Filling up the DagBag from /home/airflow/.local/lib/python3.9/site-packages/airflow/example_dags/example_setup_teardown.py
[2025-12-11T23:34:09.613+0000] {processor.py:840} INFO - DAG(s) 'example_setup_teardown' retrieved from /home/airflow/.local/lib/python3.9/site-packages/airflow/example_dags/example_setup_teardown.py
[2025-12-11T23:34:09.733+0000] {logging_mixin.py:188} INFO - [2025-12-11T23:34:09.733+0000] {dag.py:3096} INFO - Sync 1 DAGs
[2025-12-11T23:34:09.850+0000] {logging_mixin.py:188} INFO - [2025-12-11T23:34:09.849+0000] {dag.py:3954} INFO - Setting next_dagrun for example_setup_teardown to 2025-12-10 00:00:00+00:00, run_after=2025-12-11 00:00:00+00:00
[2025-12-11T23:34:09.934+0000] {processor.py:183} INFO - Processing /home/airflow/.local/lib/python3.9/site-packages/airflow/example_dags/example_setup_teardown.py took 0.395 seconds
[2025-12-11T23:34:40.689+0000] {processor.py:161} INFO - Started process (PID=5687) to work on /home/airflow/.local/lib/python3.9/site-packages/airflow/example_dags/example_setup_teardown.py
[2025-12-11T23:34:40.691+0000] {processor.py:830} INFO - Processing file /home/airflow/.local/lib/python3.9/site-packages/airflow/example_dags/example_setup_teardown.py for tasks to queue
[2025-12-11T23:34:40.694+0000] {logging_mixin.py:188} INFO - [2025-12-11T23:34:40.693+0000] {dagbag.py:545} INFO - Filling up the DagBag from /home/airflow/.local/lib/python3.9/site-packages/airflow/example_dags/example_setup_teardown.py
[2025-12-11T23:34:40.717+0000] {processor.py:840} INFO - DAG(s) 'example_setup_teardown' retrieved from /home/airflow/.local/lib/python3.9/site-packages/airflow/example_dags/example_setup_teardown.py
[2025-12-11T23:34:40.814+0000] {logging_mixin.py:188} INFO - [2025-12-11T23:34:40.813+0000] {dag.py:3096} INFO - Sync 1 DAGs
[2025-12-11T23:34:40.894+0000] {logging_mixin.py:188} INFO - [2025-12-11T23:34:40.894+0000] {dag.py:3954} INFO - Setting next_dagrun for example_setup_teardown to 2025-12-10 00:00:00+00:00, run_after=2025-12-11 00:00:00+00:00
[2025-12-11T23:34:40.970+0000] {processor.py:183} INFO - Processing /home/airflow/.local/lib/python3.9/site-packages/airflow/example_dags/example_setup_teardown.py took 0.300 seconds
[2025-12-11T23:35:11.452+0000] {processor.py:161} INFO - Started process (PID=5754) to work on /home/airflow/.local/lib/python3.9/site-packages/airflow/example_dags/example_setup_teardown.py
[2025-12-11T23:35:11.462+0000] {processor.py:830} INFO - Processing file /home/airflow/.local/lib/python3.9/site-packages/airflow/example_dags/example_setup_teardown.py for tasks to queue
[2025-12-11T23:35:11.473+0000] {logging_mixin.py:188} INFO - [2025-12-11T23:35:11.472+0000] {dagbag.py:545} INFO - Filling up the DagBag from /home/airflow/.local/lib/python3.9/site-packages/airflow/example_dags/example_setup_teardown.py
[2025-12-11T23:35:11.498+0000] {processor.py:840} INFO - DAG(s) 'example_setup_teardown' retrieved from /home/airflow/.local/lib/python3.9/site-packages/airflow/example_dags/example_setup_teardown.py
[2025-12-11T23:35:11.595+0000] {logging_mixin.py:188} INFO - [2025-12-11T23:35:11.594+0000] {dag.py:3096} INFO - Sync 1 DAGs
[2025-12-11T23:35:11.671+0000] {logging_mixin.py:188} INFO - [2025-12-11T23:35:11.671+0000] {dag.py:3954} INFO - Setting next_dagrun for example_setup_teardown to 2025-12-10 00:00:00+00:00, run_after=2025-12-11 00:00:00+00:00
[2025-12-11T23:35:11.856+0000] {processor.py:183} INFO - Processing /home/airflow/.local/lib/python3.9/site-packages/airflow/example_dags/example_setup_teardown.py took 0.438 seconds
[2025-12-11T23:35:42.000+0000] {processor.py:161} INFO - Started process (PID=5820) to work on /home/airflow/.local/lib/python3.9/site-packages/airflow/example_dags/example_setup_teardown.py
[2025-12-11T23:35:42.031+0000] {processor.py:830} INFO - Processing file /home/airflow/.local/lib/python3.9/site-packages/airflow/example_dags/example_setup_teardown.py for tasks to queue
[2025-12-11T23:35:42.035+0000] {logging_mixin.py:188} INFO - [2025-12-11T23:35:42.035+0000] {dagbag.py:545} INFO - Filling up the DagBag from /home/airflow/.local/lib/python3.9/site-packages/airflow/example_dags/example_setup_teardown.py
[2025-12-11T23:35:42.074+0000] {processor.py:840} INFO - DAG(s) 'example_setup_teardown' retrieved from /home/airflow/.local/lib/python3.9/site-packages/airflow/example_dags/example_setup_teardown.py
[2025-12-11T23:35:42.175+0000] {logging_mixin.py:188} INFO - [2025-12-11T23:35:42.175+0000] {dag.py:3096} INFO - Sync 1 DAGs
[2025-12-11T23:35:42.275+0000] {logging_mixin.py:188} INFO - [2025-12-11T23:35:42.275+0000] {dag.py:3954} INFO - Setting next_dagrun for example_setup_teardown to 2025-12-10 00:00:00+00:00, run_after=2025-12-11 00:00:00+00:00
[2025-12-11T23:35:42.393+0000] {processor.py:183} INFO - Processing /home/airflow/.local/lib/python3.9/site-packages/airflow/example_dags/example_setup_teardown.py took 0.416 seconds
[2025-12-11T23:36:12.734+0000] {processor.py:161} INFO - Started process (PID=5887) to work on /home/airflow/.local/lib/python3.9/site-packages/airflow/example_dags/example_setup_teardown.py
[2025-12-11T23:36:12.751+0000] {processor.py:830} INFO - Processing file /home/airflow/.local/lib/python3.9/site-packages/airflow/example_dags/example_setup_teardown.py for tasks to queue
[2025-12-11T23:36:12.754+0000] {logging_mixin.py:188} INFO - [2025-12-11T23:36:12.753+0000] {dagbag.py:545} INFO - Filling up the DagBag from /home/airflow/.local/lib/python3.9/site-packages/airflow/example_dags/example_setup_teardown.py
[2025-12-11T23:36:12.792+0000] {processor.py:840} INFO - DAG(s) 'example_setup_teardown' retrieved from /home/airflow/.local/lib/python3.9/site-packages/airflow/example_dags/example_setup_teardown.py
[2025-12-11T23:36:12.877+0000] {logging_mixin.py:188} INFO - [2025-12-11T23:36:12.876+0000] {dag.py:3096} INFO - Sync 1 DAGs
[2025-12-11T23:36:12.990+0000] {logging_mixin.py:188} INFO - [2025-12-11T23:36:12.989+0000] {dag.py:3954} INFO - Setting next_dagrun for example_setup_teardown to 2025-12-10 00:00:00+00:00, run_after=2025-12-11 00:00:00+00:00
[2025-12-11T23:36:13.073+0000] {processor.py:183} INFO - Processing /home/airflow/.local/lib/python3.9/site-packages/airflow/example_dags/example_setup_teardown.py took 0.377 seconds
[2025-12-11T23:36:43.697+0000] {processor.py:161} INFO - Started process (PID=5956) to work on /home/airflow/.local/lib/python3.9/site-packages/airflow/example_dags/example_setup_teardown.py
[2025-12-11T23:36:43.699+0000] {processor.py:830} INFO - Processing file /home/airflow/.local/lib/python3.9/site-packages/airflow/example_dags/example_setup_teardown.py for tasks to queue
[2025-12-11T23:36:43.710+0000] {logging_mixin.py:188} INFO - [2025-12-11T23:36:43.709+0000] {dagbag.py:545} INFO - Filling up the DagBag from /home/airflow/.local/lib/python3.9/site-packages/airflow/example_dags/example_setup_teardown.py
[2025-12-11T23:36:43.729+0000] {processor.py:840} INFO - DAG(s) 'example_setup_teardown' retrieved from /home/airflow/.local/lib/python3.9/site-packages/airflow/example_dags/example_setup_teardown.py
[2025-12-11T23:36:43.815+0000] {logging_mixin.py:188} INFO - [2025-12-11T23:36:43.815+0000] {dag.py:3096} INFO - Sync 1 DAGs
[2025-12-11T23:36:43.912+0000] {logging_mixin.py:188} INFO - [2025-12-11T23:36:43.911+0000] {dag.py:3954} INFO - Setting next_dagrun for example_setup_teardown to 2025-12-10 00:00:00+00:00, run_after=2025-12-11 00:00:00+00:00
[2025-12-11T23:36:43.977+0000] {processor.py:183} INFO - Processing /home/airflow/.local/lib/python3.9/site-packages/airflow/example_dags/example_setup_teardown.py took 0.302 seconds
[2025-12-11T23:37:14.175+0000] {processor.py:161} INFO - Started process (PID=6023) to work on /home/airflow/.local/lib/python3.9/site-packages/airflow/example_dags/example_setup_teardown.py
[2025-12-11T23:37:14.177+0000] {processor.py:830} INFO - Processing file /home/airflow/.local/lib/python3.9/site-packages/airflow/example_dags/example_setup_teardown.py for tasks to queue
[2025-12-11T23:37:14.180+0000] {logging_mixin.py:188} INFO - [2025-12-11T23:37:14.179+0000] {dagbag.py:545} INFO - Filling up the DagBag from /home/airflow/.local/lib/python3.9/site-packages/airflow/example_dags/example_setup_teardown.py
[2025-12-11T23:37:14.191+0000] {processor.py:840} INFO - DAG(s) 'example_setup_teardown' retrieved from /home/airflow/.local/lib/python3.9/site-packages/airflow/example_dags/example_setup_teardown.py
[2025-12-11T23:37:14.229+0000] {logging_mixin.py:188} INFO - [2025-12-11T23:37:14.229+0000] {dag.py:3096} INFO - Sync 1 DAGs
[2025-12-11T23:37:14.263+0000] {logging_mixin.py:188} INFO - [2025-12-11T23:37:14.262+0000] {dag.py:3954} INFO - Setting next_dagrun for example_setup_teardown to 2025-12-10 00:00:00+00:00, run_after=2025-12-11 00:00:00+00:00
[2025-12-11T23:37:14.288+0000] {processor.py:183} INFO - Processing /home/airflow/.local/lib/python3.9/site-packages/airflow/example_dags/example_setup_teardown.py took 0.127 seconds
[2025-12-11T23:37:44.445+0000] {processor.py:161} INFO - Started process (PID=6090) to work on /home/airflow/.local/lib/python3.9/site-packages/airflow/example_dags/example_setup_teardown.py
[2025-12-11T23:37:44.446+0000] {processor.py:830} INFO - Processing file /home/airflow/.local/lib/python3.9/site-packages/airflow/example_dags/example_setup_teardown.py for tasks to queue
[2025-12-11T23:37:44.450+0000] {logging_mixin.py:188} INFO - [2025-12-11T23:37:44.450+0000] {dagbag.py:545} INFO - Filling up the DagBag from /home/airflow/.local/lib/python3.9/site-packages/airflow/example_dags/example_setup_teardown.py
[2025-12-11T23:37:44.461+0000] {processor.py:840} INFO - DAG(s) 'example_setup_teardown' retrieved from /home/airflow/.local/lib/python3.9/site-packages/airflow/example_dags/example_setup_teardown.py
[2025-12-11T23:37:44.502+0000] {logging_mixin.py:188} INFO - [2025-12-11T23:37:44.502+0000] {dag.py:3096} INFO - Sync 1 DAGs
[2025-12-11T23:37:44.550+0000] {logging_mixin.py:188} INFO - [2025-12-11T23:37:44.549+0000] {dag.py:3954} INFO - Setting next_dagrun for example_setup_teardown to 2025-12-10 00:00:00+00:00, run_after=2025-12-11 00:00:00+00:00
[2025-12-11T23:37:44.584+0000] {processor.py:183} INFO - Processing /home/airflow/.local/lib/python3.9/site-packages/airflow/example_dags/example_setup_teardown.py took 0.149 seconds
[2025-12-11T23:38:14.721+0000] {processor.py:161} INFO - Started process (PID=6155) to work on /home/airflow/.local/lib/python3.9/site-packages/airflow/example_dags/example_setup_teardown.py
[2025-12-11T23:38:14.740+0000] {processor.py:830} INFO - Processing file /home/airflow/.local/lib/python3.9/site-packages/airflow/example_dags/example_setup_teardown.py for tasks to queue
[2025-12-11T23:38:14.744+0000] {logging_mixin.py:188} INFO - [2025-12-11T23:38:14.743+0000] {dagbag.py:545} INFO - Filling up the DagBag from /home/airflow/.local/lib/python3.9/site-packages/airflow/example_dags/example_setup_teardown.py
[2025-12-11T23:38:14.760+0000] {processor.py:840} INFO - DAG(s) 'example_setup_teardown' retrieved from /home/airflow/.local/lib/python3.9/site-packages/airflow/example_dags/example_setup_teardown.py
[2025-12-11T23:38:14.839+0000] {logging_mixin.py:188} INFO - [2025-12-11T23:38:14.838+0000] {dag.py:3096} INFO - Sync 1 DAGs
[2025-12-11T23:38:14.915+0000] {logging_mixin.py:188} INFO - [2025-12-11T23:38:14.915+0000] {dag.py:3954} INFO - Setting next_dagrun for example_setup_teardown to 2025-12-10 00:00:00+00:00, run_after=2025-12-11 00:00:00+00:00
[2025-12-11T23:38:15.191+0000] {processor.py:183} INFO - Processing /home/airflow/.local/lib/python3.9/site-packages/airflow/example_dags/example_setup_teardown.py took 0.483 seconds
[2025-12-11T23:38:46.013+0000] {processor.py:161} INFO - Started process (PID=6222) to work on /home/airflow/.local/lib/python3.9/site-packages/airflow/example_dags/example_setup_teardown.py
[2025-12-11T23:38:46.015+0000] {processor.py:830} INFO - Processing file /home/airflow/.local/lib/python3.9/site-packages/airflow/example_dags/example_setup_teardown.py for tasks to queue
[2025-12-11T23:38:46.019+0000] {logging_mixin.py:188} INFO - [2025-12-11T23:38:46.018+0000] {dagbag.py:545} INFO - Filling up the DagBag from /home/airflow/.local/lib/python3.9/site-packages/airflow/example_dags/example_setup_teardown.py
[2025-12-11T23:38:46.056+0000] {processor.py:840} INFO - DAG(s) 'example_setup_teardown' retrieved from /home/airflow/.local/lib/python3.9/site-packages/airflow/example_dags/example_setup_teardown.py
[2025-12-11T23:38:46.172+0000] {logging_mixin.py:188} INFO - [2025-12-11T23:38:46.156+0000] {dag.py:3096} INFO - Sync 1 DAGs
[2025-12-11T23:38:46.278+0000] {logging_mixin.py:188} INFO - [2025-12-11T23:38:46.277+0000] {dag.py:3954} INFO - Setting next_dagrun for example_setup_teardown to 2025-12-10 00:00:00+00:00, run_after=2025-12-11 00:00:00+00:00
[2025-12-11T23:38:46.374+0000] {processor.py:183} INFO - Processing /home/airflow/.local/lib/python3.9/site-packages/airflow/example_dags/example_setup_teardown.py took 0.400 seconds
[2025-12-11T23:39:17.239+0000] {processor.py:161} INFO - Started process (PID=6289) to work on /home/airflow/.local/lib/python3.9/site-packages/airflow/example_dags/example_setup_teardown.py
[2025-12-11T23:39:17.258+0000] {processor.py:830} INFO - Processing file /home/airflow/.local/lib/python3.9/site-packages/airflow/example_dags/example_setup_teardown.py for tasks to queue
[2025-12-11T23:39:17.261+0000] {logging_mixin.py:188} INFO - [2025-12-11T23:39:17.261+0000] {dagbag.py:545} INFO - Filling up the DagBag from /home/airflow/.local/lib/python3.9/site-packages/airflow/example_dags/example_setup_teardown.py
[2025-12-11T23:39:17.272+0000] {processor.py:840} INFO - DAG(s) 'example_setup_teardown' retrieved from /home/airflow/.local/lib/python3.9/site-packages/airflow/example_dags/example_setup_teardown.py
[2025-12-11T23:39:17.314+0000] {logging_mixin.py:188} INFO - [2025-12-11T23:39:17.313+0000] {dag.py:3096} INFO - Sync 1 DAGs
[2025-12-11T23:39:17.367+0000] {logging_mixin.py:188} INFO - [2025-12-11T23:39:17.366+0000] {dag.py:3954} INFO - Setting next_dagrun for example_setup_teardown to 2025-12-10 00:00:00+00:00, run_after=2025-12-11 00:00:00+00:00
[2025-12-11T23:39:17.673+0000] {processor.py:183} INFO - Processing /home/airflow/.local/lib/python3.9/site-packages/airflow/example_dags/example_setup_teardown.py took 0.447 seconds
[2025-12-11T23:39:47.731+0000] {processor.py:161} INFO - Started process (PID=6356) to work on /home/airflow/.local/lib/python3.9/site-packages/airflow/example_dags/example_setup_teardown.py
[2025-12-11T23:39:47.737+0000] {processor.py:830} INFO - Processing file /home/airflow/.local/lib/python3.9/site-packages/airflow/example_dags/example_setup_teardown.py for tasks to queue
[2025-12-11T23:39:47.741+0000] {logging_mixin.py:188} INFO - [2025-12-11T23:39:47.740+0000] {dagbag.py:545} INFO - Filling up the DagBag from /home/airflow/.local/lib/python3.9/site-packages/airflow/example_dags/example_setup_teardown.py
[2025-12-11T23:39:47.754+0000] {processor.py:840} INFO - DAG(s) 'example_setup_teardown' retrieved from /home/airflow/.local/lib/python3.9/site-packages/airflow/example_dags/example_setup_teardown.py
[2025-12-11T23:39:47.799+0000] {logging_mixin.py:188} INFO - [2025-12-11T23:39:47.798+0000] {dag.py:3096} INFO - Sync 1 DAGs
[2025-12-11T23:39:47.841+0000] {logging_mixin.py:188} INFO - [2025-12-11T23:39:47.841+0000] {dag.py:3954} INFO - Setting next_dagrun for example_setup_teardown to 2025-12-10 00:00:00+00:00, run_after=2025-12-11 00:00:00+00:00
[2025-12-11T23:39:47.873+0000] {processor.py:183} INFO - Processing /home/airflow/.local/lib/python3.9/site-packages/airflow/example_dags/example_setup_teardown.py took 0.156 seconds
[2025-12-11T23:40:18.215+0000] {processor.py:161} INFO - Started process (PID=6423) to work on /home/airflow/.local/lib/python3.9/site-packages/airflow/example_dags/example_setup_teardown.py
[2025-12-11T23:40:18.227+0000] {processor.py:830} INFO - Processing file /home/airflow/.local/lib/python3.9/site-packages/airflow/example_dags/example_setup_teardown.py for tasks to queue
[2025-12-11T23:40:18.232+0000] {logging_mixin.py:188} INFO - [2025-12-11T23:40:18.231+0000] {dagbag.py:545} INFO - Filling up the DagBag from /home/airflow/.local/lib/python3.9/site-packages/airflow/example_dags/example_setup_teardown.py
[2025-12-11T23:40:18.243+0000] {processor.py:840} INFO - DAG(s) 'example_setup_teardown' retrieved from /home/airflow/.local/lib/python3.9/site-packages/airflow/example_dags/example_setup_teardown.py
[2025-12-11T23:40:18.289+0000] {logging_mixin.py:188} INFO - [2025-12-11T23:40:18.288+0000] {dag.py:3096} INFO - Sync 1 DAGs
[2025-12-11T23:40:18.332+0000] {logging_mixin.py:188} INFO - [2025-12-11T23:40:18.331+0000] {dag.py:3954} INFO - Setting next_dagrun for example_setup_teardown to 2025-12-10 00:00:00+00:00, run_after=2025-12-11 00:00:00+00:00
[2025-12-11T23:40:18.376+0000] {processor.py:183} INFO - Processing /home/airflow/.local/lib/python3.9/site-packages/airflow/example_dags/example_setup_teardown.py took 0.177 seconds
[2025-12-11T23:40:49.119+0000] {processor.py:161} INFO - Started process (PID=6490) to work on /home/airflow/.local/lib/python3.9/site-packages/airflow/example_dags/example_setup_teardown.py
[2025-12-11T23:40:49.121+0000] {processor.py:830} INFO - Processing file /home/airflow/.local/lib/python3.9/site-packages/airflow/example_dags/example_setup_teardown.py for tasks to queue
[2025-12-11T23:40:49.124+0000] {logging_mixin.py:188} INFO - [2025-12-11T23:40:49.124+0000] {dagbag.py:545} INFO - Filling up the DagBag from /home/airflow/.local/lib/python3.9/site-packages/airflow/example_dags/example_setup_teardown.py
[2025-12-11T23:40:49.141+0000] {processor.py:840} INFO - DAG(s) 'example_setup_teardown' retrieved from /home/airflow/.local/lib/python3.9/site-packages/airflow/example_dags/example_setup_teardown.py
[2025-12-11T23:40:49.183+0000] {logging_mixin.py:188} INFO - [2025-12-11T23:40:49.182+0000] {dag.py:3096} INFO - Sync 1 DAGs
[2025-12-11T23:40:49.270+0000] {logging_mixin.py:188} INFO - [2025-12-11T23:40:49.269+0000] {dag.py:3954} INFO - Setting next_dagrun for example_setup_teardown to 2025-12-10 00:00:00+00:00, run_after=2025-12-11 00:00:00+00:00
[2025-12-11T23:40:49.314+0000] {processor.py:183} INFO - Processing /home/airflow/.local/lib/python3.9/site-packages/airflow/example_dags/example_setup_teardown.py took 0.213 seconds
[2025-12-11T23:41:19.728+0000] {processor.py:161} INFO - Started process (PID=6557) to work on /home/airflow/.local/lib/python3.9/site-packages/airflow/example_dags/example_setup_teardown.py
[2025-12-11T23:41:19.735+0000] {processor.py:830} INFO - Processing file /home/airflow/.local/lib/python3.9/site-packages/airflow/example_dags/example_setup_teardown.py for tasks to queue
[2025-12-11T23:41:19.738+0000] {logging_mixin.py:188} INFO - [2025-12-11T23:41:19.737+0000] {dagbag.py:545} INFO - Filling up the DagBag from /home/airflow/.local/lib/python3.9/site-packages/airflow/example_dags/example_setup_teardown.py
[2025-12-11T23:41:19.747+0000] {processor.py:840} INFO - DAG(s) 'example_setup_teardown' retrieved from /home/airflow/.local/lib/python3.9/site-packages/airflow/example_dags/example_setup_teardown.py
[2025-12-11T23:41:19.782+0000] {logging_mixin.py:188} INFO - [2025-12-11T23:41:19.782+0000] {dag.py:3096} INFO - Sync 1 DAGs
[2025-12-11T23:41:19.817+0000] {logging_mixin.py:188} INFO - [2025-12-11T23:41:19.816+0000] {dag.py:3954} INFO - Setting next_dagrun for example_setup_teardown to 2025-12-10 00:00:00+00:00, run_after=2025-12-11 00:00:00+00:00
[2025-12-11T23:41:19.839+0000] {processor.py:183} INFO - Processing /home/airflow/.local/lib/python3.9/site-packages/airflow/example_dags/example_setup_teardown.py took 0.121 seconds
[2025-12-11T23:41:49.911+0000] {processor.py:161} INFO - Started process (PID=6624) to work on /home/airflow/.local/lib/python3.9/site-packages/airflow/example_dags/example_setup_teardown.py
[2025-12-11T23:41:49.913+0000] {processor.py:830} INFO - Processing file /home/airflow/.local/lib/python3.9/site-packages/airflow/example_dags/example_setup_teardown.py for tasks to queue
[2025-12-11T23:41:49.916+0000] {logging_mixin.py:188} INFO - [2025-12-11T23:41:49.915+0000] {dagbag.py:545} INFO - Filling up the DagBag from /home/airflow/.local/lib/python3.9/site-packages/airflow/example_dags/example_setup_teardown.py
[2025-12-11T23:41:49.925+0000] {processor.py:840} INFO - DAG(s) 'example_setup_teardown' retrieved from /home/airflow/.local/lib/python3.9/site-packages/airflow/example_dags/example_setup_teardown.py
[2025-12-11T23:41:49.967+0000] {logging_mixin.py:188} INFO - [2025-12-11T23:41:49.966+0000] {dag.py:3096} INFO - Sync 1 DAGs
[2025-12-11T23:41:50.007+0000] {logging_mixin.py:188} INFO - [2025-12-11T23:41:50.007+0000] {dag.py:3954} INFO - Setting next_dagrun for example_setup_teardown to 2025-12-10 00:00:00+00:00, run_after=2025-12-11 00:00:00+00:00
[2025-12-11T23:41:50.044+0000] {processor.py:183} INFO - Processing /home/airflow/.local/lib/python3.9/site-packages/airflow/example_dags/example_setup_teardown.py took 0.143 seconds
[2025-12-11T23:42:20.318+0000] {processor.py:161} INFO - Started process (PID=6692) to work on /home/airflow/.local/lib/python3.9/site-packages/airflow/example_dags/example_setup_teardown.py
[2025-12-11T23:42:20.325+0000] {processor.py:830} INFO - Processing file /home/airflow/.local/lib/python3.9/site-packages/airflow/example_dags/example_setup_teardown.py for tasks to queue
[2025-12-11T23:42:20.328+0000] {logging_mixin.py:188} INFO - [2025-12-11T23:42:20.328+0000] {dagbag.py:545} INFO - Filling up the DagBag from /home/airflow/.local/lib/python3.9/site-packages/airflow/example_dags/example_setup_teardown.py
[2025-12-11T23:42:20.339+0000] {processor.py:840} INFO - DAG(s) 'example_setup_teardown' retrieved from /home/airflow/.local/lib/python3.9/site-packages/airflow/example_dags/example_setup_teardown.py
[2025-12-11T23:42:20.386+0000] {logging_mixin.py:188} INFO - [2025-12-11T23:42:20.386+0000] {dag.py:3096} INFO - Sync 1 DAGs
[2025-12-11T23:42:20.431+0000] {logging_mixin.py:188} INFO - [2025-12-11T23:42:20.430+0000] {dag.py:3954} INFO - Setting next_dagrun for example_setup_teardown to 2025-12-10 00:00:00+00:00, run_after=2025-12-11 00:00:00+00:00
[2025-12-11T23:42:20.462+0000] {processor.py:183} INFO - Processing /home/airflow/.local/lib/python3.9/site-packages/airflow/example_dags/example_setup_teardown.py took 0.155 seconds
