[2025-12-11T22:52:20.694+0000] {processor.py:161} INFO - Started process (PID=124) to work on /home/airflow/.local/lib/python3.9/site-packages/airflow/example_dags/example_short_circuit_operator.py
[2025-12-11T22:52:20.695+0000] {processor.py:830} INFO - Processing file /home/airflow/.local/lib/python3.9/site-packages/airflow/example_dags/example_short_circuit_operator.py for tasks to queue
[2025-12-11T22:52:20.711+0000] {logging_mixin.py:188} INFO - [2025-12-11T22:52:20.711+0000] {dagbag.py:545} INFO - Filling up the DagBag from /home/airflow/.local/lib/python3.9/site-packages/airflow/example_dags/example_short_circuit_operator.py
[2025-12-11T22:52:20.752+0000] {processor.py:840} INFO - DAG(s) 'example_short_circuit_operator' retrieved from /home/airflow/.local/lib/python3.9/site-packages/airflow/example_dags/example_short_circuit_operator.py
[2025-12-11T22:52:21.571+0000] {logging_mixin.py:188} INFO - [2025-12-11T22:52:21.570+0000] {dag.py:3096} INFO - Sync 1 DAGs
[2025-12-11T22:52:21.773+0000] {logging_mixin.py:188} INFO - [2025-12-11T22:52:21.773+0000] {dag.py:3954} INFO - Setting next_dagrun for example_short_circuit_operator to 2025-12-10 00:00:00+00:00, run_after=2025-12-11 00:00:00+00:00
[2025-12-11T22:52:22.093+0000] {processor.py:183} INFO - Processing /home/airflow/.local/lib/python3.9/site-packages/airflow/example_dags/example_short_circuit_operator.py took 1.423 seconds
[2025-12-11T22:52:57.650+0000] {processor.py:161} INFO - Started process (PID=190) to work on /home/airflow/.local/lib/python3.9/site-packages/airflow/example_dags/example_short_circuit_operator.py
[2025-12-11T22:52:57.673+0000] {processor.py:830} INFO - Processing file /home/airflow/.local/lib/python3.9/site-packages/airflow/example_dags/example_short_circuit_operator.py for tasks to queue
[2025-12-11T22:52:57.921+0000] {logging_mixin.py:188} INFO - [2025-12-11T22:52:57.920+0000] {dagbag.py:545} INFO - Filling up the DagBag from /home/airflow/.local/lib/python3.9/site-packages/airflow/example_dags/example_short_circuit_operator.py
[2025-12-11T22:52:57.971+0000] {processor.py:840} INFO - DAG(s) 'example_short_circuit_operator' retrieved from /home/airflow/.local/lib/python3.9/site-packages/airflow/example_dags/example_short_circuit_operator.py
[2025-12-11T22:52:58.093+0000] {logging_mixin.py:188} INFO - [2025-12-11T22:52:58.092+0000] {dag.py:3096} INFO - Sync 1 DAGs
[2025-12-11T22:52:58.272+0000] {logging_mixin.py:188} INFO - [2025-12-11T22:52:58.271+0000] {dag.py:3954} INFO - Setting next_dagrun for example_short_circuit_operator to 2025-12-10 00:00:00+00:00, run_after=2025-12-11 00:00:00+00:00
[2025-12-11T22:52:58.472+0000] {processor.py:183} INFO - Processing /home/airflow/.local/lib/python3.9/site-packages/airflow/example_dags/example_short_circuit_operator.py took 0.862 seconds
[2025-12-11T22:53:28.610+0000] {processor.py:161} INFO - Started process (PID=249) to work on /home/airflow/.local/lib/python3.9/site-packages/airflow/example_dags/example_short_circuit_operator.py
[2025-12-11T22:53:28.611+0000] {processor.py:830} INFO - Processing file /home/airflow/.local/lib/python3.9/site-packages/airflow/example_dags/example_short_circuit_operator.py for tasks to queue
[2025-12-11T22:53:28.614+0000] {logging_mixin.py:188} INFO - [2025-12-11T22:53:28.614+0000] {dagbag.py:545} INFO - Filling up the DagBag from /home/airflow/.local/lib/python3.9/site-packages/airflow/example_dags/example_short_circuit_operator.py
[2025-12-11T22:53:28.632+0000] {processor.py:840} INFO - DAG(s) 'example_short_circuit_operator' retrieved from /home/airflow/.local/lib/python3.9/site-packages/airflow/example_dags/example_short_circuit_operator.py
[2025-12-11T22:53:28.912+0000] {logging_mixin.py:188} INFO - [2025-12-11T22:53:28.911+0000] {dag.py:3096} INFO - Sync 1 DAGs
[2025-12-11T22:53:29.001+0000] {logging_mixin.py:188} INFO - [2025-12-11T22:53:29.001+0000] {dag.py:3954} INFO - Setting next_dagrun for example_short_circuit_operator to 2025-12-10 00:00:00+00:00, run_after=2025-12-11 00:00:00+00:00
[2025-12-11T22:53:29.081+0000] {processor.py:183} INFO - Processing /home/airflow/.local/lib/python3.9/site-packages/airflow/example_dags/example_short_circuit_operator.py took 0.491 seconds
[2025-12-11T22:54:00.111+0000] {processor.py:161} INFO - Started process (PID=315) to work on /home/airflow/.local/lib/python3.9/site-packages/airflow/example_dags/example_short_circuit_operator.py
[2025-12-11T22:54:00.114+0000] {processor.py:830} INFO - Processing file /home/airflow/.local/lib/python3.9/site-packages/airflow/example_dags/example_short_circuit_operator.py for tasks to queue
[2025-12-11T22:54:00.117+0000] {logging_mixin.py:188} INFO - [2025-12-11T22:54:00.117+0000] {dagbag.py:545} INFO - Filling up the DagBag from /home/airflow/.local/lib/python3.9/site-packages/airflow/example_dags/example_short_circuit_operator.py
[2025-12-11T22:54:00.133+0000] {processor.py:840} INFO - DAG(s) 'example_short_circuit_operator' retrieved from /home/airflow/.local/lib/python3.9/site-packages/airflow/example_dags/example_short_circuit_operator.py
[2025-12-11T22:54:00.189+0000] {logging_mixin.py:188} INFO - [2025-12-11T22:54:00.181+0000] {dag.py:3096} INFO - Sync 1 DAGs
[2025-12-11T22:54:00.234+0000] {logging_mixin.py:188} INFO - [2025-12-11T22:54:00.234+0000] {dag.py:3954} INFO - Setting next_dagrun for example_short_circuit_operator to 2025-12-10 00:00:00+00:00, run_after=2025-12-11 00:00:00+00:00
[2025-12-11T22:54:00.319+0000] {processor.py:183} INFO - Processing /home/airflow/.local/lib/python3.9/site-packages/airflow/example_dags/example_short_circuit_operator.py took 0.219 seconds
[2025-12-11T22:54:30.454+0000] {processor.py:161} INFO - Started process (PID=381) to work on /home/airflow/.local/lib/python3.9/site-packages/airflow/example_dags/example_short_circuit_operator.py
[2025-12-11T22:54:30.471+0000] {processor.py:830} INFO - Processing file /home/airflow/.local/lib/python3.9/site-packages/airflow/example_dags/example_short_circuit_operator.py for tasks to queue
[2025-12-11T22:54:30.475+0000] {logging_mixin.py:188} INFO - [2025-12-11T22:54:30.474+0000] {dagbag.py:545} INFO - Filling up the DagBag from /home/airflow/.local/lib/python3.9/site-packages/airflow/example_dags/example_short_circuit_operator.py
[2025-12-11T22:54:30.520+0000] {processor.py:840} INFO - DAG(s) 'example_short_circuit_operator' retrieved from /home/airflow/.local/lib/python3.9/site-packages/airflow/example_dags/example_short_circuit_operator.py
[2025-12-11T22:54:30.671+0000] {logging_mixin.py:188} INFO - [2025-12-11T22:54:30.670+0000] {dag.py:3096} INFO - Sync 1 DAGs
[2025-12-11T22:54:30.756+0000] {logging_mixin.py:188} INFO - [2025-12-11T22:54:30.756+0000] {dag.py:3954} INFO - Setting next_dagrun for example_short_circuit_operator to 2025-12-10 00:00:00+00:00, run_after=2025-12-11 00:00:00+00:00
[2025-12-11T22:54:30.892+0000] {processor.py:183} INFO - Processing /home/airflow/.local/lib/python3.9/site-packages/airflow/example_dags/example_short_circuit_operator.py took 0.477 seconds
[2025-12-11T22:55:01.510+0000] {processor.py:161} INFO - Started process (PID=447) to work on /home/airflow/.local/lib/python3.9/site-packages/airflow/example_dags/example_short_circuit_operator.py
[2025-12-11T22:55:01.512+0000] {processor.py:830} INFO - Processing file /home/airflow/.local/lib/python3.9/site-packages/airflow/example_dags/example_short_circuit_operator.py for tasks to queue
[2025-12-11T22:55:01.532+0000] {logging_mixin.py:188} INFO - [2025-12-11T22:55:01.531+0000] {dagbag.py:545} INFO - Filling up the DagBag from /home/airflow/.local/lib/python3.9/site-packages/airflow/example_dags/example_short_circuit_operator.py
[2025-12-11T22:55:01.592+0000] {processor.py:840} INFO - DAG(s) 'example_short_circuit_operator' retrieved from /home/airflow/.local/lib/python3.9/site-packages/airflow/example_dags/example_short_circuit_operator.py
[2025-12-11T22:55:01.769+0000] {logging_mixin.py:188} INFO - [2025-12-11T22:55:01.755+0000] {dag.py:3096} INFO - Sync 1 DAGs
[2025-12-11T22:55:01.890+0000] {logging_mixin.py:188} INFO - [2025-12-11T22:55:01.890+0000] {dag.py:3954} INFO - Setting next_dagrun for example_short_circuit_operator to 2025-12-10 00:00:00+00:00, run_after=2025-12-11 00:00:00+00:00
[2025-12-11T22:55:01.956+0000] {processor.py:183} INFO - Processing /home/airflow/.local/lib/python3.9/site-packages/airflow/example_dags/example_short_circuit_operator.py took 0.485 seconds
[2025-12-11T22:55:32.792+0000] {processor.py:161} INFO - Started process (PID=506) to work on /home/airflow/.local/lib/python3.9/site-packages/airflow/example_dags/example_short_circuit_operator.py
[2025-12-11T22:55:32.794+0000] {processor.py:830} INFO - Processing file /home/airflow/.local/lib/python3.9/site-packages/airflow/example_dags/example_short_circuit_operator.py for tasks to queue
[2025-12-11T22:55:32.796+0000] {logging_mixin.py:188} INFO - [2025-12-11T22:55:32.796+0000] {dagbag.py:545} INFO - Filling up the DagBag from /home/airflow/.local/lib/python3.9/site-packages/airflow/example_dags/example_short_circuit_operator.py
[2025-12-11T22:55:32.819+0000] {processor.py:840} INFO - DAG(s) 'example_short_circuit_operator' retrieved from /home/airflow/.local/lib/python3.9/site-packages/airflow/example_dags/example_short_circuit_operator.py
[2025-12-11T22:55:32.893+0000] {logging_mixin.py:188} INFO - [2025-12-11T22:55:32.893+0000] {dag.py:3096} INFO - Sync 1 DAGs
[2025-12-11T22:55:32.956+0000] {logging_mixin.py:188} INFO - [2025-12-11T22:55:32.956+0000] {dag.py:3954} INFO - Setting next_dagrun for example_short_circuit_operator to 2025-12-10 00:00:00+00:00, run_after=2025-12-11 00:00:00+00:00
[2025-12-11T22:55:33.000+0000] {processor.py:183} INFO - Processing /home/airflow/.local/lib/python3.9/site-packages/airflow/example_dags/example_short_circuit_operator.py took 0.222 seconds
[2025-12-11T22:56:03.655+0000] {processor.py:161} INFO - Started process (PID=572) to work on /home/airflow/.local/lib/python3.9/site-packages/airflow/example_dags/example_short_circuit_operator.py
[2025-12-11T22:56:03.670+0000] {processor.py:830} INFO - Processing file /home/airflow/.local/lib/python3.9/site-packages/airflow/example_dags/example_short_circuit_operator.py for tasks to queue
[2025-12-11T22:56:03.673+0000] {logging_mixin.py:188} INFO - [2025-12-11T22:56:03.672+0000] {dagbag.py:545} INFO - Filling up the DagBag from /home/airflow/.local/lib/python3.9/site-packages/airflow/example_dags/example_short_circuit_operator.py
[2025-12-11T22:56:03.696+0000] {processor.py:840} INFO - DAG(s) 'example_short_circuit_operator' retrieved from /home/airflow/.local/lib/python3.9/site-packages/airflow/example_dags/example_short_circuit_operator.py
[2025-12-11T22:56:03.759+0000] {logging_mixin.py:188} INFO - [2025-12-11T22:56:03.759+0000] {dag.py:3096} INFO - Sync 1 DAGs
[2025-12-11T22:56:03.821+0000] {logging_mixin.py:188} INFO - [2025-12-11T22:56:03.820+0000] {dag.py:3954} INFO - Setting next_dagrun for example_short_circuit_operator to 2025-12-10 00:00:00+00:00, run_after=2025-12-11 00:00:00+00:00
[2025-12-11T22:56:03.854+0000] {processor.py:183} INFO - Processing /home/airflow/.local/lib/python3.9/site-packages/airflow/example_dags/example_short_circuit_operator.py took 0.220 seconds
[2025-12-11T22:56:34.418+0000] {processor.py:161} INFO - Started process (PID=638) to work on /home/airflow/.local/lib/python3.9/site-packages/airflow/example_dags/example_short_circuit_operator.py
[2025-12-11T22:56:34.420+0000] {processor.py:830} INFO - Processing file /home/airflow/.local/lib/python3.9/site-packages/airflow/example_dags/example_short_circuit_operator.py for tasks to queue
[2025-12-11T22:56:34.429+0000] {logging_mixin.py:188} INFO - [2025-12-11T22:56:34.423+0000] {dagbag.py:545} INFO - Filling up the DagBag from /home/airflow/.local/lib/python3.9/site-packages/airflow/example_dags/example_short_circuit_operator.py
[2025-12-11T22:56:34.452+0000] {processor.py:840} INFO - DAG(s) 'example_short_circuit_operator' retrieved from /home/airflow/.local/lib/python3.9/site-packages/airflow/example_dags/example_short_circuit_operator.py
[2025-12-11T22:56:34.530+0000] {logging_mixin.py:188} INFO - [2025-12-11T22:56:34.530+0000] {dag.py:3096} INFO - Sync 1 DAGs
[2025-12-11T22:56:34.590+0000] {logging_mixin.py:188} INFO - [2025-12-11T22:56:34.590+0000] {dag.py:3954} INFO - Setting next_dagrun for example_short_circuit_operator to 2025-12-10 00:00:00+00:00, run_after=2025-12-11 00:00:00+00:00
[2025-12-11T22:56:34.674+0000] {processor.py:183} INFO - Processing /home/airflow/.local/lib/python3.9/site-packages/airflow/example_dags/example_short_circuit_operator.py took 0.272 seconds
[2025-12-11T22:57:04.894+0000] {processor.py:161} INFO - Started process (PID=711) to work on /home/airflow/.local/lib/python3.9/site-packages/airflow/example_dags/example_short_circuit_operator.py
[2025-12-11T22:57:04.903+0000] {processor.py:830} INFO - Processing file /home/airflow/.local/lib/python3.9/site-packages/airflow/example_dags/example_short_circuit_operator.py for tasks to queue
[2025-12-11T22:57:04.912+0000] {logging_mixin.py:188} INFO - [2025-12-11T22:57:04.912+0000] {dagbag.py:545} INFO - Filling up the DagBag from /home/airflow/.local/lib/python3.9/site-packages/airflow/example_dags/example_short_circuit_operator.py
[2025-12-11T22:57:04.924+0000] {processor.py:840} INFO - DAG(s) 'example_short_circuit_operator' retrieved from /home/airflow/.local/lib/python3.9/site-packages/airflow/example_dags/example_short_circuit_operator.py
[2025-12-11T22:57:04.995+0000] {logging_mixin.py:188} INFO - [2025-12-11T22:57:04.994+0000] {dag.py:3096} INFO - Sync 1 DAGs
[2025-12-11T22:57:05.076+0000] {logging_mixin.py:188} INFO - [2025-12-11T22:57:05.076+0000] {dag.py:3954} INFO - Setting next_dagrun for example_short_circuit_operator to 2025-12-10 00:00:00+00:00, run_after=2025-12-11 00:00:00+00:00
[2025-12-11T22:57:05.152+0000] {processor.py:183} INFO - Processing /home/airflow/.local/lib/python3.9/site-packages/airflow/example_dags/example_short_circuit_operator.py took 0.274 seconds
[2025-12-11T22:57:36.159+0000] {processor.py:161} INFO - Started process (PID=777) to work on /home/airflow/.local/lib/python3.9/site-packages/airflow/example_dags/example_short_circuit_operator.py
[2025-12-11T22:57:36.160+0000] {processor.py:830} INFO - Processing file /home/airflow/.local/lib/python3.9/site-packages/airflow/example_dags/example_short_circuit_operator.py for tasks to queue
[2025-12-11T22:57:36.171+0000] {logging_mixin.py:188} INFO - [2025-12-11T22:57:36.171+0000] {dagbag.py:545} INFO - Filling up the DagBag from /home/airflow/.local/lib/python3.9/site-packages/airflow/example_dags/example_short_circuit_operator.py
[2025-12-11T22:57:36.192+0000] {processor.py:840} INFO - DAG(s) 'example_short_circuit_operator' retrieved from /home/airflow/.local/lib/python3.9/site-packages/airflow/example_dags/example_short_circuit_operator.py
[2025-12-11T22:57:36.255+0000] {logging_mixin.py:188} INFO - [2025-12-11T22:57:36.254+0000] {dag.py:3096} INFO - Sync 1 DAGs
[2025-12-11T22:57:36.330+0000] {logging_mixin.py:188} INFO - [2025-12-11T22:57:36.329+0000] {dag.py:3954} INFO - Setting next_dagrun for example_short_circuit_operator to 2025-12-10 00:00:00+00:00, run_after=2025-12-11 00:00:00+00:00
[2025-12-11T22:57:36.375+0000] {processor.py:183} INFO - Processing /home/airflow/.local/lib/python3.9/site-packages/airflow/example_dags/example_short_circuit_operator.py took 0.235 seconds
[2025-12-11T22:58:06.615+0000] {processor.py:161} INFO - Started process (PID=843) to work on /home/airflow/.local/lib/python3.9/site-packages/airflow/example_dags/example_short_circuit_operator.py
[2025-12-11T22:58:06.617+0000] {processor.py:830} INFO - Processing file /home/airflow/.local/lib/python3.9/site-packages/airflow/example_dags/example_short_circuit_operator.py for tasks to queue
[2025-12-11T22:58:06.620+0000] {logging_mixin.py:188} INFO - [2025-12-11T22:58:06.619+0000] {dagbag.py:545} INFO - Filling up the DagBag from /home/airflow/.local/lib/python3.9/site-packages/airflow/example_dags/example_short_circuit_operator.py
[2025-12-11T22:58:06.638+0000] {processor.py:840} INFO - DAG(s) 'example_short_circuit_operator' retrieved from /home/airflow/.local/lib/python3.9/site-packages/airflow/example_dags/example_short_circuit_operator.py
[2025-12-11T22:58:06.694+0000] {logging_mixin.py:188} INFO - [2025-12-11T22:58:06.693+0000] {dag.py:3096} INFO - Sync 1 DAGs
[2025-12-11T22:58:06.735+0000] {logging_mixin.py:188} INFO - [2025-12-11T22:58:06.735+0000] {dag.py:3954} INFO - Setting next_dagrun for example_short_circuit_operator to 2025-12-10 00:00:00+00:00, run_after=2025-12-11 00:00:00+00:00
[2025-12-11T22:58:06.772+0000] {processor.py:183} INFO - Processing /home/airflow/.local/lib/python3.9/site-packages/airflow/example_dags/example_short_circuit_operator.py took 0.169 seconds
[2025-12-11T22:58:37.331+0000] {processor.py:161} INFO - Started process (PID=909) to work on /home/airflow/.local/lib/python3.9/site-packages/airflow/example_dags/example_short_circuit_operator.py
[2025-12-11T22:58:37.335+0000] {processor.py:830} INFO - Processing file /home/airflow/.local/lib/python3.9/site-packages/airflow/example_dags/example_short_circuit_operator.py for tasks to queue
[2025-12-11T22:58:37.338+0000] {logging_mixin.py:188} INFO - [2025-12-11T22:58:37.338+0000] {dagbag.py:545} INFO - Filling up the DagBag from /home/airflow/.local/lib/python3.9/site-packages/airflow/example_dags/example_short_circuit_operator.py
[2025-12-11T22:58:37.376+0000] {processor.py:840} INFO - DAG(s) 'example_short_circuit_operator' retrieved from /home/airflow/.local/lib/python3.9/site-packages/airflow/example_dags/example_short_circuit_operator.py
[2025-12-11T22:58:37.431+0000] {logging_mixin.py:188} INFO - [2025-12-11T22:58:37.431+0000] {dag.py:3096} INFO - Sync 1 DAGs
[2025-12-11T22:58:37.479+0000] {logging_mixin.py:188} INFO - [2025-12-11T22:58:37.478+0000] {dag.py:3954} INFO - Setting next_dagrun for example_short_circuit_operator to 2025-12-10 00:00:00+00:00, run_after=2025-12-11 00:00:00+00:00
[2025-12-11T22:58:37.509+0000] {processor.py:183} INFO - Processing /home/airflow/.local/lib/python3.9/site-packages/airflow/example_dags/example_short_circuit_operator.py took 0.199 seconds
[2025-12-11T22:59:08.250+0000] {processor.py:161} INFO - Started process (PID=975) to work on /home/airflow/.local/lib/python3.9/site-packages/airflow/example_dags/example_short_circuit_operator.py
[2025-12-11T22:59:08.291+0000] {processor.py:830} INFO - Processing file /home/airflow/.local/lib/python3.9/site-packages/airflow/example_dags/example_short_circuit_operator.py for tasks to queue
[2025-12-11T22:59:08.295+0000] {logging_mixin.py:188} INFO - [2025-12-11T22:59:08.295+0000] {dagbag.py:545} INFO - Filling up the DagBag from /home/airflow/.local/lib/python3.9/site-packages/airflow/example_dags/example_short_circuit_operator.py
[2025-12-11T22:59:08.350+0000] {processor.py:840} INFO - DAG(s) 'example_short_circuit_operator' retrieved from /home/airflow/.local/lib/python3.9/site-packages/airflow/example_dags/example_short_circuit_operator.py
[2025-12-11T22:59:08.454+0000] {logging_mixin.py:188} INFO - [2025-12-11T22:59:08.454+0000] {dag.py:3096} INFO - Sync 1 DAGs
[2025-12-11T22:59:08.518+0000] {logging_mixin.py:188} INFO - [2025-12-11T22:59:08.518+0000] {dag.py:3954} INFO - Setting next_dagrun for example_short_circuit_operator to 2025-12-10 00:00:00+00:00, run_after=2025-12-11 00:00:00+00:00
[2025-12-11T22:59:08.561+0000] {processor.py:183} INFO - Processing /home/airflow/.local/lib/python3.9/site-packages/airflow/example_dags/example_short_circuit_operator.py took 0.347 seconds
[2025-12-11T22:59:39.076+0000] {processor.py:161} INFO - Started process (PID=1041) to work on /home/airflow/.local/lib/python3.9/site-packages/airflow/example_dags/example_short_circuit_operator.py
[2025-12-11T22:59:39.078+0000] {processor.py:830} INFO - Processing file /home/airflow/.local/lib/python3.9/site-packages/airflow/example_dags/example_short_circuit_operator.py for tasks to queue
[2025-12-11T22:59:39.081+0000] {logging_mixin.py:188} INFO - [2025-12-11T22:59:39.080+0000] {dagbag.py:545} INFO - Filling up the DagBag from /home/airflow/.local/lib/python3.9/site-packages/airflow/example_dags/example_short_circuit_operator.py
[2025-12-11T22:59:39.092+0000] {processor.py:840} INFO - DAG(s) 'example_short_circuit_operator' retrieved from /home/airflow/.local/lib/python3.9/site-packages/airflow/example_dags/example_short_circuit_operator.py
[2025-12-11T22:59:39.154+0000] {logging_mixin.py:188} INFO - [2025-12-11T22:59:39.153+0000] {dag.py:3096} INFO - Sync 1 DAGs
[2025-12-11T22:59:39.204+0000] {logging_mixin.py:188} INFO - [2025-12-11T22:59:39.203+0000] {dag.py:3954} INFO - Setting next_dagrun for example_short_circuit_operator to 2025-12-10 00:00:00+00:00, run_after=2025-12-11 00:00:00+00:00
[2025-12-11T22:59:39.241+0000] {processor.py:183} INFO - Processing /home/airflow/.local/lib/python3.9/site-packages/airflow/example_dags/example_short_circuit_operator.py took 0.175 seconds
[2025-12-11T23:00:09.312+0000] {processor.py:161} INFO - Started process (PID=1107) to work on /home/airflow/.local/lib/python3.9/site-packages/airflow/example_dags/example_short_circuit_operator.py
[2025-12-11T23:00:09.314+0000] {processor.py:830} INFO - Processing file /home/airflow/.local/lib/python3.9/site-packages/airflow/example_dags/example_short_circuit_operator.py for tasks to queue
[2025-12-11T23:00:09.317+0000] {logging_mixin.py:188} INFO - [2025-12-11T23:00:09.316+0000] {dagbag.py:545} INFO - Filling up the DagBag from /home/airflow/.local/lib/python3.9/site-packages/airflow/example_dags/example_short_circuit_operator.py
[2025-12-11T23:00:09.333+0000] {processor.py:840} INFO - DAG(s) 'example_short_circuit_operator' retrieved from /home/airflow/.local/lib/python3.9/site-packages/airflow/example_dags/example_short_circuit_operator.py
[2025-12-11T23:00:09.418+0000] {logging_mixin.py:188} INFO - [2025-12-11T23:00:09.417+0000] {dag.py:3096} INFO - Sync 1 DAGs
[2025-12-11T23:00:09.494+0000] {logging_mixin.py:188} INFO - [2025-12-11T23:00:09.493+0000] {dag.py:3954} INFO - Setting next_dagrun for example_short_circuit_operator to 2025-12-10 00:00:00+00:00, run_after=2025-12-11 00:00:00+00:00
[2025-12-11T23:00:09.550+0000] {processor.py:183} INFO - Processing /home/airflow/.local/lib/python3.9/site-packages/airflow/example_dags/example_short_circuit_operator.py took 0.253 seconds
[2025-12-11T23:00:39.684+0000] {processor.py:161} INFO - Started process (PID=1173) to work on /home/airflow/.local/lib/python3.9/site-packages/airflow/example_dags/example_short_circuit_operator.py
[2025-12-11T23:00:39.686+0000] {processor.py:830} INFO - Processing file /home/airflow/.local/lib/python3.9/site-packages/airflow/example_dags/example_short_circuit_operator.py for tasks to queue
[2025-12-11T23:00:39.689+0000] {logging_mixin.py:188} INFO - [2025-12-11T23:00:39.688+0000] {dagbag.py:545} INFO - Filling up the DagBag from /home/airflow/.local/lib/python3.9/site-packages/airflow/example_dags/example_short_circuit_operator.py
[2025-12-11T23:00:39.700+0000] {processor.py:840} INFO - DAG(s) 'example_short_circuit_operator' retrieved from /home/airflow/.local/lib/python3.9/site-packages/airflow/example_dags/example_short_circuit_operator.py
[2025-12-11T23:00:39.745+0000] {logging_mixin.py:188} INFO - [2025-12-11T23:00:39.745+0000] {dag.py:3096} INFO - Sync 1 DAGs
[2025-12-11T23:00:39.788+0000] {logging_mixin.py:188} INFO - [2025-12-11T23:00:39.787+0000] {dag.py:3954} INFO - Setting next_dagrun for example_short_circuit_operator to 2025-12-10 00:00:00+00:00, run_after=2025-12-11 00:00:00+00:00
[2025-12-11T23:00:39.812+0000] {processor.py:183} INFO - Processing /home/airflow/.local/lib/python3.9/site-packages/airflow/example_dags/example_short_circuit_operator.py took 0.139 seconds
[2025-12-11T23:01:09.932+0000] {processor.py:161} INFO - Started process (PID=1239) to work on /home/airflow/.local/lib/python3.9/site-packages/airflow/example_dags/example_short_circuit_operator.py
[2025-12-11T23:01:09.961+0000] {processor.py:830} INFO - Processing file /home/airflow/.local/lib/python3.9/site-packages/airflow/example_dags/example_short_circuit_operator.py for tasks to queue
[2025-12-11T23:01:09.964+0000] {logging_mixin.py:188} INFO - [2025-12-11T23:01:09.963+0000] {dagbag.py:545} INFO - Filling up the DagBag from /home/airflow/.local/lib/python3.9/site-packages/airflow/example_dags/example_short_circuit_operator.py
[2025-12-11T23:01:09.975+0000] {processor.py:840} INFO - DAG(s) 'example_short_circuit_operator' retrieved from /home/airflow/.local/lib/python3.9/site-packages/airflow/example_dags/example_short_circuit_operator.py
[2025-12-11T23:01:10.014+0000] {logging_mixin.py:188} INFO - [2025-12-11T23:01:10.014+0000] {dag.py:3096} INFO - Sync 1 DAGs
[2025-12-11T23:01:10.053+0000] {logging_mixin.py:188} INFO - [2025-12-11T23:01:10.052+0000] {dag.py:3954} INFO - Setting next_dagrun for example_short_circuit_operator to 2025-12-10 00:00:00+00:00, run_after=2025-12-11 00:00:00+00:00
[2025-12-11T23:01:10.099+0000] {processor.py:183} INFO - Processing /home/airflow/.local/lib/python3.9/site-packages/airflow/example_dags/example_short_circuit_operator.py took 0.178 seconds
[2025-12-11T23:01:40.983+0000] {processor.py:161} INFO - Started process (PID=1305) to work on /home/airflow/.local/lib/python3.9/site-packages/airflow/example_dags/example_short_circuit_operator.py
[2025-12-11T23:01:40.985+0000] {processor.py:830} INFO - Processing file /home/airflow/.local/lib/python3.9/site-packages/airflow/example_dags/example_short_circuit_operator.py for tasks to queue
[2025-12-11T23:01:40.991+0000] {logging_mixin.py:188} INFO - [2025-12-11T23:01:40.991+0000] {dagbag.py:545} INFO - Filling up the DagBag from /home/airflow/.local/lib/python3.9/site-packages/airflow/example_dags/example_short_circuit_operator.py
[2025-12-11T23:01:41.002+0000] {processor.py:840} INFO - DAG(s) 'example_short_circuit_operator' retrieved from /home/airflow/.local/lib/python3.9/site-packages/airflow/example_dags/example_short_circuit_operator.py
[2025-12-11T23:01:41.053+0000] {logging_mixin.py:188} INFO - [2025-12-11T23:01:41.053+0000] {dag.py:3096} INFO - Sync 1 DAGs
[2025-12-11T23:01:41.097+0000] {logging_mixin.py:188} INFO - [2025-12-11T23:01:41.096+0000] {dag.py:3954} INFO - Setting next_dagrun for example_short_circuit_operator to 2025-12-10 00:00:00+00:00, run_after=2025-12-11 00:00:00+00:00
[2025-12-11T23:01:41.129+0000] {processor.py:183} INFO - Processing /home/airflow/.local/lib/python3.9/site-packages/airflow/example_dags/example_short_circuit_operator.py took 0.158 seconds
[2025-12-11T23:02:11.262+0000] {processor.py:161} INFO - Started process (PID=1372) to work on /home/airflow/.local/lib/python3.9/site-packages/airflow/example_dags/example_short_circuit_operator.py
[2025-12-11T23:02:11.263+0000] {processor.py:830} INFO - Processing file /home/airflow/.local/lib/python3.9/site-packages/airflow/example_dags/example_short_circuit_operator.py for tasks to queue
[2025-12-11T23:02:11.266+0000] {logging_mixin.py:188} INFO - [2025-12-11T23:02:11.265+0000] {dagbag.py:545} INFO - Filling up the DagBag from /home/airflow/.local/lib/python3.9/site-packages/airflow/example_dags/example_short_circuit_operator.py
[2025-12-11T23:02:11.276+0000] {processor.py:840} INFO - DAG(s) 'example_short_circuit_operator' retrieved from /home/airflow/.local/lib/python3.9/site-packages/airflow/example_dags/example_short_circuit_operator.py
[2025-12-11T23:02:11.318+0000] {logging_mixin.py:188} INFO - [2025-12-11T23:02:11.317+0000] {dag.py:3096} INFO - Sync 1 DAGs
[2025-12-11T23:02:11.357+0000] {logging_mixin.py:188} INFO - [2025-12-11T23:02:11.357+0000] {dag.py:3954} INFO - Setting next_dagrun for example_short_circuit_operator to 2025-12-10 00:00:00+00:00, run_after=2025-12-11 00:00:00+00:00
[2025-12-11T23:02:11.386+0000] {processor.py:183} INFO - Processing /home/airflow/.local/lib/python3.9/site-packages/airflow/example_dags/example_short_circuit_operator.py took 0.135 seconds
[2025-12-11T23:02:42.149+0000] {processor.py:161} INFO - Started process (PID=1437) to work on /home/airflow/.local/lib/python3.9/site-packages/airflow/example_dags/example_short_circuit_operator.py
[2025-12-11T23:02:42.151+0000] {processor.py:830} INFO - Processing file /home/airflow/.local/lib/python3.9/site-packages/airflow/example_dags/example_short_circuit_operator.py for tasks to queue
[2025-12-11T23:02:42.154+0000] {logging_mixin.py:188} INFO - [2025-12-11T23:02:42.153+0000] {dagbag.py:545} INFO - Filling up the DagBag from /home/airflow/.local/lib/python3.9/site-packages/airflow/example_dags/example_short_circuit_operator.py
[2025-12-11T23:02:42.172+0000] {processor.py:840} INFO - DAG(s) 'example_short_circuit_operator' retrieved from /home/airflow/.local/lib/python3.9/site-packages/airflow/example_dags/example_short_circuit_operator.py
[2025-12-11T23:02:42.290+0000] {logging_mixin.py:188} INFO - [2025-12-11T23:02:42.289+0000] {dag.py:3096} INFO - Sync 1 DAGs
[2025-12-11T23:02:42.337+0000] {logging_mixin.py:188} INFO - [2025-12-11T23:02:42.337+0000] {dag.py:3954} INFO - Setting next_dagrun for example_short_circuit_operator to 2025-12-10 00:00:00+00:00, run_after=2025-12-11 00:00:00+00:00
[2025-12-11T23:02:42.365+0000] {processor.py:183} INFO - Processing /home/airflow/.local/lib/python3.9/site-packages/airflow/example_dags/example_short_circuit_operator.py took 0.226 seconds
[2025-12-11T23:03:12.659+0000] {processor.py:161} INFO - Started process (PID=1506) to work on /home/airflow/.local/lib/python3.9/site-packages/airflow/example_dags/example_short_circuit_operator.py
[2025-12-11T23:03:12.661+0000] {processor.py:830} INFO - Processing file /home/airflow/.local/lib/python3.9/site-packages/airflow/example_dags/example_short_circuit_operator.py for tasks to queue
[2025-12-11T23:03:12.664+0000] {logging_mixin.py:188} INFO - [2025-12-11T23:03:12.663+0000] {dagbag.py:545} INFO - Filling up the DagBag from /home/airflow/.local/lib/python3.9/site-packages/airflow/example_dags/example_short_circuit_operator.py
[2025-12-11T23:03:12.676+0000] {processor.py:840} INFO - DAG(s) 'example_short_circuit_operator' retrieved from /home/airflow/.local/lib/python3.9/site-packages/airflow/example_dags/example_short_circuit_operator.py
[2025-12-11T23:03:12.721+0000] {logging_mixin.py:188} INFO - [2025-12-11T23:03:12.721+0000] {dag.py:3096} INFO - Sync 1 DAGs
[2025-12-11T23:03:12.765+0000] {logging_mixin.py:188} INFO - [2025-12-11T23:03:12.765+0000] {dag.py:3954} INFO - Setting next_dagrun for example_short_circuit_operator to 2025-12-10 00:00:00+00:00, run_after=2025-12-11 00:00:00+00:00
[2025-12-11T23:03:12.798+0000] {processor.py:183} INFO - Processing /home/airflow/.local/lib/python3.9/site-packages/airflow/example_dags/example_short_circuit_operator.py took 0.149 seconds
[2025-12-11T23:03:43.663+0000] {processor.py:161} INFO - Started process (PID=1577) to work on /home/airflow/.local/lib/python3.9/site-packages/airflow/example_dags/example_short_circuit_operator.py
[2025-12-11T23:03:43.676+0000] {processor.py:830} INFO - Processing file /home/airflow/.local/lib/python3.9/site-packages/airflow/example_dags/example_short_circuit_operator.py for tasks to queue
[2025-12-11T23:03:43.679+0000] {logging_mixin.py:188} INFO - [2025-12-11T23:03:43.678+0000] {dagbag.py:545} INFO - Filling up the DagBag from /home/airflow/.local/lib/python3.9/site-packages/airflow/example_dags/example_short_circuit_operator.py
[2025-12-11T23:03:43.691+0000] {processor.py:840} INFO - DAG(s) 'example_short_circuit_operator' retrieved from /home/airflow/.local/lib/python3.9/site-packages/airflow/example_dags/example_short_circuit_operator.py
[2025-12-11T23:03:43.751+0000] {logging_mixin.py:188} INFO - [2025-12-11T23:03:43.751+0000] {dag.py:3096} INFO - Sync 1 DAGs
[2025-12-11T23:03:43.792+0000] {logging_mixin.py:188} INFO - [2025-12-11T23:03:43.792+0000] {dag.py:3954} INFO - Setting next_dagrun for example_short_circuit_operator to 2025-12-10 00:00:00+00:00, run_after=2025-12-11 00:00:00+00:00
[2025-12-11T23:03:43.818+0000] {processor.py:183} INFO - Processing /home/airflow/.local/lib/python3.9/site-packages/airflow/example_dags/example_short_circuit_operator.py took 0.166 seconds
[2025-12-11T23:04:13.895+0000] {processor.py:161} INFO - Started process (PID=1647) to work on /home/airflow/.local/lib/python3.9/site-packages/airflow/example_dags/example_short_circuit_operator.py
[2025-12-11T23:04:13.896+0000] {processor.py:830} INFO - Processing file /home/airflow/.local/lib/python3.9/site-packages/airflow/example_dags/example_short_circuit_operator.py for tasks to queue
[2025-12-11T23:04:13.899+0000] {logging_mixin.py:188} INFO - [2025-12-11T23:04:13.898+0000] {dagbag.py:545} INFO - Filling up the DagBag from /home/airflow/.local/lib/python3.9/site-packages/airflow/example_dags/example_short_circuit_operator.py
[2025-12-11T23:04:13.910+0000] {processor.py:840} INFO - DAG(s) 'example_short_circuit_operator' retrieved from /home/airflow/.local/lib/python3.9/site-packages/airflow/example_dags/example_short_circuit_operator.py
[2025-12-11T23:04:13.948+0000] {logging_mixin.py:188} INFO - [2025-12-11T23:04:13.948+0000] {dag.py:3096} INFO - Sync 1 DAGs
[2025-12-11T23:04:13.992+0000] {logging_mixin.py:188} INFO - [2025-12-11T23:04:13.992+0000] {dag.py:3954} INFO - Setting next_dagrun for example_short_circuit_operator to 2025-12-10 00:00:00+00:00, run_after=2025-12-11 00:00:00+00:00
[2025-12-11T23:04:14.031+0000] {processor.py:183} INFO - Processing /home/airflow/.local/lib/python3.9/site-packages/airflow/example_dags/example_short_circuit_operator.py took 0.147 seconds
[2025-12-11T23:04:44.726+0000] {processor.py:161} INFO - Started process (PID=1718) to work on /home/airflow/.local/lib/python3.9/site-packages/airflow/example_dags/example_short_circuit_operator.py
[2025-12-11T23:04:44.733+0000] {processor.py:830} INFO - Processing file /home/airflow/.local/lib/python3.9/site-packages/airflow/example_dags/example_short_circuit_operator.py for tasks to queue
[2025-12-11T23:04:44.735+0000] {logging_mixin.py:188} INFO - [2025-12-11T23:04:44.735+0000] {dagbag.py:545} INFO - Filling up the DagBag from /home/airflow/.local/lib/python3.9/site-packages/airflow/example_dags/example_short_circuit_operator.py
[2025-12-11T23:04:44.746+0000] {processor.py:840} INFO - DAG(s) 'example_short_circuit_operator' retrieved from /home/airflow/.local/lib/python3.9/site-packages/airflow/example_dags/example_short_circuit_operator.py
[2025-12-11T23:04:44.791+0000] {logging_mixin.py:188} INFO - [2025-12-11T23:04:44.791+0000] {dag.py:3096} INFO - Sync 1 DAGs
[2025-12-11T23:04:44.839+0000] {logging_mixin.py:188} INFO - [2025-12-11T23:04:44.839+0000] {dag.py:3954} INFO - Setting next_dagrun for example_short_circuit_operator to 2025-12-10 00:00:00+00:00, run_after=2025-12-11 00:00:00+00:00
[2025-12-11T23:04:44.869+0000] {processor.py:183} INFO - Processing /home/airflow/.local/lib/python3.9/site-packages/airflow/example_dags/example_short_circuit_operator.py took 0.154 seconds
[2025-12-11T23:05:14.990+0000] {processor.py:161} INFO - Started process (PID=1789) to work on /home/airflow/.local/lib/python3.9/site-packages/airflow/example_dags/example_short_circuit_operator.py
[2025-12-11T23:05:14.992+0000] {processor.py:830} INFO - Processing file /home/airflow/.local/lib/python3.9/site-packages/airflow/example_dags/example_short_circuit_operator.py for tasks to queue
[2025-12-11T23:05:14.994+0000] {logging_mixin.py:188} INFO - [2025-12-11T23:05:14.994+0000] {dagbag.py:545} INFO - Filling up the DagBag from /home/airflow/.local/lib/python3.9/site-packages/airflow/example_dags/example_short_circuit_operator.py
[2025-12-11T23:05:15.005+0000] {processor.py:840} INFO - DAG(s) 'example_short_circuit_operator' retrieved from /home/airflow/.local/lib/python3.9/site-packages/airflow/example_dags/example_short_circuit_operator.py
[2025-12-11T23:05:15.050+0000] {logging_mixin.py:188} INFO - [2025-12-11T23:05:15.050+0000] {dag.py:3096} INFO - Sync 1 DAGs
[2025-12-11T23:05:15.137+0000] {logging_mixin.py:188} INFO - [2025-12-11T23:05:15.136+0000] {dag.py:3954} INFO - Setting next_dagrun for example_short_circuit_operator to 2025-12-10 00:00:00+00:00, run_after=2025-12-11 00:00:00+00:00
[2025-12-11T23:05:15.177+0000] {processor.py:183} INFO - Processing /home/airflow/.local/lib/python3.9/site-packages/airflow/example_dags/example_short_circuit_operator.py took 0.197 seconds
[2025-12-11T23:05:45.275+0000] {processor.py:161} INFO - Started process (PID=1861) to work on /home/airflow/.local/lib/python3.9/site-packages/airflow/example_dags/example_short_circuit_operator.py
[2025-12-11T23:05:45.284+0000] {processor.py:830} INFO - Processing file /home/airflow/.local/lib/python3.9/site-packages/airflow/example_dags/example_short_circuit_operator.py for tasks to queue
[2025-12-11T23:05:45.292+0000] {logging_mixin.py:188} INFO - [2025-12-11T23:05:45.291+0000] {dagbag.py:545} INFO - Filling up the DagBag from /home/airflow/.local/lib/python3.9/site-packages/airflow/example_dags/example_short_circuit_operator.py
[2025-12-11T23:05:45.312+0000] {processor.py:840} INFO - DAG(s) 'example_short_circuit_operator' retrieved from /home/airflow/.local/lib/python3.9/site-packages/airflow/example_dags/example_short_circuit_operator.py
[2025-12-11T23:05:45.393+0000] {logging_mixin.py:188} INFO - [2025-12-11T23:05:45.392+0000] {dag.py:3096} INFO - Sync 1 DAGs
[2025-12-11T23:05:45.450+0000] {logging_mixin.py:188} INFO - [2025-12-11T23:05:45.450+0000] {dag.py:3954} INFO - Setting next_dagrun for example_short_circuit_operator to 2025-12-10 00:00:00+00:00, run_after=2025-12-11 00:00:00+00:00
[2025-12-11T23:05:45.552+0000] {processor.py:183} INFO - Processing /home/airflow/.local/lib/python3.9/site-packages/airflow/example_dags/example_short_circuit_operator.py took 0.297 seconds
[2025-12-11T23:06:15.935+0000] {processor.py:161} INFO - Started process (PID=1929) to work on /home/airflow/.local/lib/python3.9/site-packages/airflow/example_dags/example_short_circuit_operator.py
[2025-12-11T23:06:15.936+0000] {processor.py:830} INFO - Processing file /home/airflow/.local/lib/python3.9/site-packages/airflow/example_dags/example_short_circuit_operator.py for tasks to queue
[2025-12-11T23:06:15.939+0000] {logging_mixin.py:188} INFO - [2025-12-11T23:06:15.939+0000] {dagbag.py:545} INFO - Filling up the DagBag from /home/airflow/.local/lib/python3.9/site-packages/airflow/example_dags/example_short_circuit_operator.py
[2025-12-11T23:06:15.959+0000] {processor.py:840} INFO - DAG(s) 'example_short_circuit_operator' retrieved from /home/airflow/.local/lib/python3.9/site-packages/airflow/example_dags/example_short_circuit_operator.py
[2025-12-11T23:06:16.024+0000] {logging_mixin.py:188} INFO - [2025-12-11T23:06:16.024+0000] {dag.py:3096} INFO - Sync 1 DAGs
[2025-12-11T23:06:16.130+0000] {logging_mixin.py:188} INFO - [2025-12-11T23:06:16.130+0000] {dag.py:3954} INFO - Setting next_dagrun for example_short_circuit_operator to 2025-12-10 00:00:00+00:00, run_after=2025-12-11 00:00:00+00:00
[2025-12-11T23:06:16.209+0000] {processor.py:183} INFO - Processing /home/airflow/.local/lib/python3.9/site-packages/airflow/example_dags/example_short_circuit_operator.py took 0.295 seconds
[2025-12-11T23:06:47.600+0000] {processor.py:161} INFO - Started process (PID=2004) to work on /home/airflow/.local/lib/python3.9/site-packages/airflow/example_dags/example_short_circuit_operator.py
[2025-12-11T23:06:47.617+0000] {processor.py:830} INFO - Processing file /home/airflow/.local/lib/python3.9/site-packages/airflow/example_dags/example_short_circuit_operator.py for tasks to queue
[2025-12-11T23:06:47.620+0000] {logging_mixin.py:188} INFO - [2025-12-11T23:06:47.619+0000] {dagbag.py:545} INFO - Filling up the DagBag from /home/airflow/.local/lib/python3.9/site-packages/airflow/example_dags/example_short_circuit_operator.py
[2025-12-11T23:06:47.638+0000] {processor.py:840} INFO - DAG(s) 'example_short_circuit_operator' retrieved from /home/airflow/.local/lib/python3.9/site-packages/airflow/example_dags/example_short_circuit_operator.py
[2025-12-11T23:06:47.702+0000] {logging_mixin.py:188} INFO - [2025-12-11T23:06:47.701+0000] {dag.py:3096} INFO - Sync 1 DAGs
[2025-12-11T23:06:47.757+0000] {logging_mixin.py:188} INFO - [2025-12-11T23:06:47.757+0000] {dag.py:3954} INFO - Setting next_dagrun for example_short_circuit_operator to 2025-12-10 00:00:00+00:00, run_after=2025-12-11 00:00:00+00:00
[2025-12-11T23:06:47.817+0000] {processor.py:183} INFO - Processing /home/airflow/.local/lib/python3.9/site-packages/airflow/example_dags/example_short_circuit_operator.py took 0.228 seconds
[2025-12-11T23:07:18.854+0000] {processor.py:161} INFO - Started process (PID=2077) to work on /home/airflow/.local/lib/python3.9/site-packages/airflow/example_dags/example_short_circuit_operator.py
[2025-12-11T23:07:18.904+0000] {processor.py:830} INFO - Processing file /home/airflow/.local/lib/python3.9/site-packages/airflow/example_dags/example_short_circuit_operator.py for tasks to queue
[2025-12-11T23:07:18.910+0000] {logging_mixin.py:188} INFO - [2025-12-11T23:07:18.910+0000] {dagbag.py:545} INFO - Filling up the DagBag from /home/airflow/.local/lib/python3.9/site-packages/airflow/example_dags/example_short_circuit_operator.py
[2025-12-11T23:07:18.923+0000] {processor.py:840} INFO - DAG(s) 'example_short_circuit_operator' retrieved from /home/airflow/.local/lib/python3.9/site-packages/airflow/example_dags/example_short_circuit_operator.py
[2025-12-11T23:07:18.979+0000] {logging_mixin.py:188} INFO - [2025-12-11T23:07:18.979+0000] {dag.py:3096} INFO - Sync 1 DAGs
[2025-12-11T23:07:19.035+0000] {logging_mixin.py:188} INFO - [2025-12-11T23:07:19.035+0000] {dag.py:3954} INFO - Setting next_dagrun for example_short_circuit_operator to 2025-12-10 00:00:00+00:00, run_after=2025-12-11 00:00:00+00:00
[2025-12-11T23:07:19.093+0000] {processor.py:183} INFO - Processing /home/airflow/.local/lib/python3.9/site-packages/airflow/example_dags/example_short_circuit_operator.py took 0.258 seconds
[2025-12-11T23:07:49.696+0000] {processor.py:161} INFO - Started process (PID=2149) to work on /home/airflow/.local/lib/python3.9/site-packages/airflow/example_dags/example_short_circuit_operator.py
[2025-12-11T23:07:49.703+0000] {processor.py:830} INFO - Processing file /home/airflow/.local/lib/python3.9/site-packages/airflow/example_dags/example_short_circuit_operator.py for tasks to queue
[2025-12-11T23:07:49.706+0000] {logging_mixin.py:188} INFO - [2025-12-11T23:07:49.706+0000] {dagbag.py:545} INFO - Filling up the DagBag from /home/airflow/.local/lib/python3.9/site-packages/airflow/example_dags/example_short_circuit_operator.py
[2025-12-11T23:07:49.719+0000] {processor.py:840} INFO - DAG(s) 'example_short_circuit_operator' retrieved from /home/airflow/.local/lib/python3.9/site-packages/airflow/example_dags/example_short_circuit_operator.py
[2025-12-11T23:07:49.764+0000] {logging_mixin.py:188} INFO - [2025-12-11T23:07:49.763+0000] {dag.py:3096} INFO - Sync 1 DAGs
[2025-12-11T23:07:49.806+0000] {logging_mixin.py:188} INFO - [2025-12-11T23:07:49.805+0000] {dag.py:3954} INFO - Setting next_dagrun for example_short_circuit_operator to 2025-12-10 00:00:00+00:00, run_after=2025-12-11 00:00:00+00:00
[2025-12-11T23:07:49.839+0000] {processor.py:183} INFO - Processing /home/airflow/.local/lib/python3.9/site-packages/airflow/example_dags/example_short_circuit_operator.py took 0.158 seconds
[2025-12-11T23:08:21.135+0000] {processor.py:161} INFO - Started process (PID=2220) to work on /home/airflow/.local/lib/python3.9/site-packages/airflow/example_dags/example_short_circuit_operator.py
[2025-12-11T23:08:21.143+0000] {processor.py:830} INFO - Processing file /home/airflow/.local/lib/python3.9/site-packages/airflow/example_dags/example_short_circuit_operator.py for tasks to queue
[2025-12-11T23:08:21.152+0000] {logging_mixin.py:188} INFO - [2025-12-11T23:08:21.151+0000] {dagbag.py:545} INFO - Filling up the DagBag from /home/airflow/.local/lib/python3.9/site-packages/airflow/example_dags/example_short_circuit_operator.py
[2025-12-11T23:08:21.172+0000] {processor.py:840} INFO - DAG(s) 'example_short_circuit_operator' retrieved from /home/airflow/.local/lib/python3.9/site-packages/airflow/example_dags/example_short_circuit_operator.py
[2025-12-11T23:08:21.229+0000] {logging_mixin.py:188} INFO - [2025-12-11T23:08:21.229+0000] {dag.py:3096} INFO - Sync 1 DAGs
[2025-12-11T23:08:21.267+0000] {logging_mixin.py:188} INFO - [2025-12-11T23:08:21.267+0000] {dag.py:3954} INFO - Setting next_dagrun for example_short_circuit_operator to 2025-12-10 00:00:00+00:00, run_after=2025-12-11 00:00:00+00:00
[2025-12-11T23:08:21.778+0000] {processor.py:183} INFO - Processing /home/airflow/.local/lib/python3.9/site-packages/airflow/example_dags/example_short_circuit_operator.py took 0.663 seconds
[2025-12-11T23:08:52.674+0000] {processor.py:161} INFO - Started process (PID=2287) to work on /home/airflow/.local/lib/python3.9/site-packages/airflow/example_dags/example_short_circuit_operator.py
[2025-12-11T23:08:52.702+0000] {processor.py:830} INFO - Processing file /home/airflow/.local/lib/python3.9/site-packages/airflow/example_dags/example_short_circuit_operator.py for tasks to queue
[2025-12-11T23:08:52.712+0000] {logging_mixin.py:188} INFO - [2025-12-11T23:08:52.711+0000] {dagbag.py:545} INFO - Filling up the DagBag from /home/airflow/.local/lib/python3.9/site-packages/airflow/example_dags/example_short_circuit_operator.py
[2025-12-11T23:08:52.736+0000] {processor.py:840} INFO - DAG(s) 'example_short_circuit_operator' retrieved from /home/airflow/.local/lib/python3.9/site-packages/airflow/example_dags/example_short_circuit_operator.py
[2025-12-11T23:08:52.829+0000] {logging_mixin.py:188} INFO - [2025-12-11T23:08:52.827+0000] {dag.py:3096} INFO - Sync 1 DAGs
[2025-12-11T23:08:53.016+0000] {logging_mixin.py:188} INFO - [2025-12-11T23:08:53.015+0000] {dag.py:3954} INFO - Setting next_dagrun for example_short_circuit_operator to 2025-12-10 00:00:00+00:00, run_after=2025-12-11 00:00:00+00:00
[2025-12-11T23:08:53.075+0000] {processor.py:183} INFO - Processing /home/airflow/.local/lib/python3.9/site-packages/airflow/example_dags/example_short_circuit_operator.py took 0.428 seconds
[2025-12-11T23:09:23.823+0000] {processor.py:161} INFO - Started process (PID=2360) to work on /home/airflow/.local/lib/python3.9/site-packages/airflow/example_dags/example_short_circuit_operator.py
[2025-12-11T23:09:23.825+0000] {processor.py:830} INFO - Processing file /home/airflow/.local/lib/python3.9/site-packages/airflow/example_dags/example_short_circuit_operator.py for tasks to queue
[2025-12-11T23:09:23.827+0000] {logging_mixin.py:188} INFO - [2025-12-11T23:09:23.827+0000] {dagbag.py:545} INFO - Filling up the DagBag from /home/airflow/.local/lib/python3.9/site-packages/airflow/example_dags/example_short_circuit_operator.py
[2025-12-11T23:09:23.839+0000] {processor.py:840} INFO - DAG(s) 'example_short_circuit_operator' retrieved from /home/airflow/.local/lib/python3.9/site-packages/airflow/example_dags/example_short_circuit_operator.py
[2025-12-11T23:09:23.878+0000] {logging_mixin.py:188} INFO - [2025-12-11T23:09:23.878+0000] {dag.py:3096} INFO - Sync 1 DAGs
[2025-12-11T23:09:23.913+0000] {logging_mixin.py:188} INFO - [2025-12-11T23:09:23.913+0000] {dag.py:3954} INFO - Setting next_dagrun for example_short_circuit_operator to 2025-12-10 00:00:00+00:00, run_after=2025-12-11 00:00:00+00:00
[2025-12-11T23:09:23.939+0000] {processor.py:183} INFO - Processing /home/airflow/.local/lib/python3.9/site-packages/airflow/example_dags/example_short_circuit_operator.py took 0.126 seconds
[2025-12-11T23:09:54.779+0000] {processor.py:161} INFO - Started process (PID=2430) to work on /home/airflow/.local/lib/python3.9/site-packages/airflow/example_dags/example_short_circuit_operator.py
[2025-12-11T23:09:55.314+0000] {processor.py:830} INFO - Processing file /home/airflow/.local/lib/python3.9/site-packages/airflow/example_dags/example_short_circuit_operator.py for tasks to queue
[2025-12-11T23:09:55.319+0000] {logging_mixin.py:188} INFO - [2025-12-11T23:09:55.318+0000] {dagbag.py:545} INFO - Filling up the DagBag from /home/airflow/.local/lib/python3.9/site-packages/airflow/example_dags/example_short_circuit_operator.py
[2025-12-11T23:09:55.337+0000] {processor.py:840} INFO - DAG(s) 'example_short_circuit_operator' retrieved from /home/airflow/.local/lib/python3.9/site-packages/airflow/example_dags/example_short_circuit_operator.py
[2025-12-11T23:09:55.415+0000] {logging_mixin.py:188} INFO - [2025-12-11T23:09:55.415+0000] {dag.py:3096} INFO - Sync 1 DAGs
[2025-12-11T23:09:55.461+0000] {logging_mixin.py:188} INFO - [2025-12-11T23:09:55.461+0000] {dag.py:3954} INFO - Setting next_dagrun for example_short_circuit_operator to 2025-12-10 00:00:00+00:00, run_after=2025-12-11 00:00:00+00:00
[2025-12-11T23:09:55.497+0000] {processor.py:183} INFO - Processing /home/airflow/.local/lib/python3.9/site-packages/airflow/example_dags/example_short_circuit_operator.py took 0.728 seconds
[2025-12-11T23:10:25.907+0000] {processor.py:161} INFO - Started process (PID=2499) to work on /home/airflow/.local/lib/python3.9/site-packages/airflow/example_dags/example_short_circuit_operator.py
[2025-12-11T23:10:25.909+0000] {processor.py:830} INFO - Processing file /home/airflow/.local/lib/python3.9/site-packages/airflow/example_dags/example_short_circuit_operator.py for tasks to queue
[2025-12-11T23:10:25.912+0000] {logging_mixin.py:188} INFO - [2025-12-11T23:10:25.911+0000] {dagbag.py:545} INFO - Filling up the DagBag from /home/airflow/.local/lib/python3.9/site-packages/airflow/example_dags/example_short_circuit_operator.py
[2025-12-11T23:10:25.924+0000] {processor.py:840} INFO - DAG(s) 'example_short_circuit_operator' retrieved from /home/airflow/.local/lib/python3.9/site-packages/airflow/example_dags/example_short_circuit_operator.py
[2025-12-11T23:10:25.986+0000] {logging_mixin.py:188} INFO - [2025-12-11T23:10:25.986+0000] {dag.py:3096} INFO - Sync 1 DAGs
[2025-12-11T23:10:26.045+0000] {logging_mixin.py:188} INFO - [2025-12-11T23:10:26.044+0000] {dag.py:3954} INFO - Setting next_dagrun for example_short_circuit_operator to 2025-12-10 00:00:00+00:00, run_after=2025-12-11 00:00:00+00:00
[2025-12-11T23:10:26.093+0000] {processor.py:183} INFO - Processing /home/airflow/.local/lib/python3.9/site-packages/airflow/example_dags/example_short_circuit_operator.py took 0.198 seconds
[2025-12-11T23:10:56.273+0000] {processor.py:161} INFO - Started process (PID=2569) to work on /home/airflow/.local/lib/python3.9/site-packages/airflow/example_dags/example_short_circuit_operator.py
[2025-12-11T23:10:56.275+0000] {processor.py:830} INFO - Processing file /home/airflow/.local/lib/python3.9/site-packages/airflow/example_dags/example_short_circuit_operator.py for tasks to queue
[2025-12-11T23:10:56.278+0000] {logging_mixin.py:188} INFO - [2025-12-11T23:10:56.277+0000] {dagbag.py:545} INFO - Filling up the DagBag from /home/airflow/.local/lib/python3.9/site-packages/airflow/example_dags/example_short_circuit_operator.py
[2025-12-11T23:10:56.289+0000] {processor.py:840} INFO - DAG(s) 'example_short_circuit_operator' retrieved from /home/airflow/.local/lib/python3.9/site-packages/airflow/example_dags/example_short_circuit_operator.py
[2025-12-11T23:10:56.330+0000] {logging_mixin.py:188} INFO - [2025-12-11T23:10:56.330+0000] {dag.py:3096} INFO - Sync 1 DAGs
[2025-12-11T23:10:56.371+0000] {logging_mixin.py:188} INFO - [2025-12-11T23:10:56.371+0000] {dag.py:3954} INFO - Setting next_dagrun for example_short_circuit_operator to 2025-12-10 00:00:00+00:00, run_after=2025-12-11 00:00:00+00:00
[2025-12-11T23:10:56.403+0000] {processor.py:183} INFO - Processing /home/airflow/.local/lib/python3.9/site-packages/airflow/example_dags/example_short_circuit_operator.py took 0.140 seconds
[2025-12-11T23:11:27.333+0000] {processor.py:161} INFO - Started process (PID=2636) to work on /home/airflow/.local/lib/python3.9/site-packages/airflow/example_dags/example_short_circuit_operator.py
[2025-12-11T23:11:27.345+0000] {processor.py:830} INFO - Processing file /home/airflow/.local/lib/python3.9/site-packages/airflow/example_dags/example_short_circuit_operator.py for tasks to queue
[2025-12-11T23:11:27.348+0000] {logging_mixin.py:188} INFO - [2025-12-11T23:11:27.348+0000] {dagbag.py:545} INFO - Filling up the DagBag from /home/airflow/.local/lib/python3.9/site-packages/airflow/example_dags/example_short_circuit_operator.py
[2025-12-11T23:11:27.360+0000] {processor.py:840} INFO - DAG(s) 'example_short_circuit_operator' retrieved from /home/airflow/.local/lib/python3.9/site-packages/airflow/example_dags/example_short_circuit_operator.py
[2025-12-11T23:11:27.404+0000] {logging_mixin.py:188} INFO - [2025-12-11T23:11:27.404+0000] {dag.py:3096} INFO - Sync 1 DAGs
[2025-12-11T23:11:27.443+0000] {logging_mixin.py:188} INFO - [2025-12-11T23:11:27.442+0000] {dag.py:3954} INFO - Setting next_dagrun for example_short_circuit_operator to 2025-12-10 00:00:00+00:00, run_after=2025-12-11 00:00:00+00:00
[2025-12-11T23:11:27.487+0000] {processor.py:183} INFO - Processing /home/airflow/.local/lib/python3.9/site-packages/airflow/example_dags/example_short_circuit_operator.py took 0.165 seconds
[2025-12-11T23:11:57.779+0000] {processor.py:161} INFO - Started process (PID=2703) to work on /home/airflow/.local/lib/python3.9/site-packages/airflow/example_dags/example_short_circuit_operator.py
[2025-12-11T23:11:57.805+0000] {processor.py:830} INFO - Processing file /home/airflow/.local/lib/python3.9/site-packages/airflow/example_dags/example_short_circuit_operator.py for tasks to queue
[2025-12-11T23:11:57.808+0000] {logging_mixin.py:188} INFO - [2025-12-11T23:11:57.807+0000] {dagbag.py:545} INFO - Filling up the DagBag from /home/airflow/.local/lib/python3.9/site-packages/airflow/example_dags/example_short_circuit_operator.py
[2025-12-11T23:11:57.822+0000] {processor.py:840} INFO - DAG(s) 'example_short_circuit_operator' retrieved from /home/airflow/.local/lib/python3.9/site-packages/airflow/example_dags/example_short_circuit_operator.py
[2025-12-11T23:11:57.864+0000] {logging_mixin.py:188} INFO - [2025-12-11T23:11:57.864+0000] {dag.py:3096} INFO - Sync 1 DAGs
[2025-12-11T23:11:57.902+0000] {logging_mixin.py:188} INFO - [2025-12-11T23:11:57.902+0000] {dag.py:3954} INFO - Setting next_dagrun for example_short_circuit_operator to 2025-12-10 00:00:00+00:00, run_after=2025-12-11 00:00:00+00:00
[2025-12-11T23:11:58.031+0000] {processor.py:183} INFO - Processing /home/airflow/.local/lib/python3.9/site-packages/airflow/example_dags/example_short_circuit_operator.py took 0.267 seconds
[2025-12-11T23:12:28.112+0000] {processor.py:161} INFO - Started process (PID=2770) to work on /home/airflow/.local/lib/python3.9/site-packages/airflow/example_dags/example_short_circuit_operator.py
[2025-12-11T23:12:28.115+0000] {processor.py:830} INFO - Processing file /home/airflow/.local/lib/python3.9/site-packages/airflow/example_dags/example_short_circuit_operator.py for tasks to queue
[2025-12-11T23:12:28.118+0000] {logging_mixin.py:188} INFO - [2025-12-11T23:12:28.117+0000] {dagbag.py:545} INFO - Filling up the DagBag from /home/airflow/.local/lib/python3.9/site-packages/airflow/example_dags/example_short_circuit_operator.py
[2025-12-11T23:12:28.131+0000] {processor.py:840} INFO - DAG(s) 'example_short_circuit_operator' retrieved from /home/airflow/.local/lib/python3.9/site-packages/airflow/example_dags/example_short_circuit_operator.py
[2025-12-11T23:12:28.181+0000] {logging_mixin.py:188} INFO - [2025-12-11T23:12:28.181+0000] {dag.py:3096} INFO - Sync 1 DAGs
[2025-12-11T23:12:28.234+0000] {logging_mixin.py:188} INFO - [2025-12-11T23:12:28.234+0000] {dag.py:3954} INFO - Setting next_dagrun for example_short_circuit_operator to 2025-12-10 00:00:00+00:00, run_after=2025-12-11 00:00:00+00:00
[2025-12-11T23:12:28.282+0000] {processor.py:183} INFO - Processing /home/airflow/.local/lib/python3.9/site-packages/airflow/example_dags/example_short_circuit_operator.py took 0.182 seconds
[2025-12-11T23:12:58.371+0000] {processor.py:161} INFO - Started process (PID=2837) to work on /home/airflow/.local/lib/python3.9/site-packages/airflow/example_dags/example_short_circuit_operator.py
[2025-12-11T23:12:58.377+0000] {processor.py:830} INFO - Processing file /home/airflow/.local/lib/python3.9/site-packages/airflow/example_dags/example_short_circuit_operator.py for tasks to queue
[2025-12-11T23:12:58.383+0000] {logging_mixin.py:188} INFO - [2025-12-11T23:12:58.382+0000] {dagbag.py:545} INFO - Filling up the DagBag from /home/airflow/.local/lib/python3.9/site-packages/airflow/example_dags/example_short_circuit_operator.py
[2025-12-11T23:12:58.410+0000] {processor.py:840} INFO - DAG(s) 'example_short_circuit_operator' retrieved from /home/airflow/.local/lib/python3.9/site-packages/airflow/example_dags/example_short_circuit_operator.py
[2025-12-11T23:12:58.491+0000] {logging_mixin.py:188} INFO - [2025-12-11T23:12:58.490+0000] {dag.py:3096} INFO - Sync 1 DAGs
[2025-12-11T23:12:58.561+0000] {logging_mixin.py:188} INFO - [2025-12-11T23:12:58.561+0000] {dag.py:3954} INFO - Setting next_dagrun for example_short_circuit_operator to 2025-12-10 00:00:00+00:00, run_after=2025-12-11 00:00:00+00:00
[2025-12-11T23:12:58.610+0000] {processor.py:183} INFO - Processing /home/airflow/.local/lib/python3.9/site-packages/airflow/example_dags/example_short_circuit_operator.py took 0.258 seconds
[2025-12-11T23:13:29.352+0000] {processor.py:161} INFO - Started process (PID=2904) to work on /home/airflow/.local/lib/python3.9/site-packages/airflow/example_dags/example_short_circuit_operator.py
[2025-12-11T23:13:29.357+0000] {processor.py:830} INFO - Processing file /home/airflow/.local/lib/python3.9/site-packages/airflow/example_dags/example_short_circuit_operator.py for tasks to queue
[2025-12-11T23:13:29.369+0000] {logging_mixin.py:188} INFO - [2025-12-11T23:13:29.361+0000] {dagbag.py:545} INFO - Filling up the DagBag from /home/airflow/.local/lib/python3.9/site-packages/airflow/example_dags/example_short_circuit_operator.py
[2025-12-11T23:13:29.380+0000] {processor.py:840} INFO - DAG(s) 'example_short_circuit_operator' retrieved from /home/airflow/.local/lib/python3.9/site-packages/airflow/example_dags/example_short_circuit_operator.py
[2025-12-11T23:13:29.424+0000] {logging_mixin.py:188} INFO - [2025-12-11T23:13:29.424+0000] {dag.py:3096} INFO - Sync 1 DAGs
[2025-12-11T23:13:29.530+0000] {logging_mixin.py:188} INFO - [2025-12-11T23:13:29.529+0000] {dag.py:3954} INFO - Setting next_dagrun for example_short_circuit_operator to 2025-12-10 00:00:00+00:00, run_after=2025-12-11 00:00:00+00:00
[2025-12-11T23:13:29.572+0000] {processor.py:183} INFO - Processing /home/airflow/.local/lib/python3.9/site-packages/airflow/example_dags/example_short_circuit_operator.py took 0.233 seconds
[2025-12-11T23:14:00.054+0000] {processor.py:161} INFO - Started process (PID=2971) to work on /home/airflow/.local/lib/python3.9/site-packages/airflow/example_dags/example_short_circuit_operator.py
[2025-12-11T23:14:00.331+0000] {processor.py:830} INFO - Processing file /home/airflow/.local/lib/python3.9/site-packages/airflow/example_dags/example_short_circuit_operator.py for tasks to queue
[2025-12-11T23:14:00.334+0000] {logging_mixin.py:188} INFO - [2025-12-11T23:14:00.333+0000] {dagbag.py:545} INFO - Filling up the DagBag from /home/airflow/.local/lib/python3.9/site-packages/airflow/example_dags/example_short_circuit_operator.py
[2025-12-11T23:14:00.345+0000] {processor.py:840} INFO - DAG(s) 'example_short_circuit_operator' retrieved from /home/airflow/.local/lib/python3.9/site-packages/airflow/example_dags/example_short_circuit_operator.py
[2025-12-11T23:14:00.481+0000] {logging_mixin.py:188} INFO - [2025-12-11T23:14:00.481+0000] {dag.py:3096} INFO - Sync 1 DAGs
[2025-12-11T23:14:00.533+0000] {logging_mixin.py:188} INFO - [2025-12-11T23:14:00.533+0000] {dag.py:3954} INFO - Setting next_dagrun for example_short_circuit_operator to 2025-12-10 00:00:00+00:00, run_after=2025-12-11 00:00:00+00:00
[2025-12-11T23:14:00.632+0000] {processor.py:183} INFO - Processing /home/airflow/.local/lib/python3.9/site-packages/airflow/example_dags/example_short_circuit_operator.py took 0.590 seconds
[2025-12-11T23:14:31.194+0000] {processor.py:161} INFO - Started process (PID=3038) to work on /home/airflow/.local/lib/python3.9/site-packages/airflow/example_dags/example_short_circuit_operator.py
[2025-12-11T23:14:31.195+0000] {processor.py:830} INFO - Processing file /home/airflow/.local/lib/python3.9/site-packages/airflow/example_dags/example_short_circuit_operator.py for tasks to queue
[2025-12-11T23:14:31.198+0000] {logging_mixin.py:188} INFO - [2025-12-11T23:14:31.198+0000] {dagbag.py:545} INFO - Filling up the DagBag from /home/airflow/.local/lib/python3.9/site-packages/airflow/example_dags/example_short_circuit_operator.py
[2025-12-11T23:14:31.216+0000] {processor.py:840} INFO - DAG(s) 'example_short_circuit_operator' retrieved from /home/airflow/.local/lib/python3.9/site-packages/airflow/example_dags/example_short_circuit_operator.py
[2025-12-11T23:14:31.332+0000] {logging_mixin.py:188} INFO - [2025-12-11T23:14:31.332+0000] {dag.py:3096} INFO - Sync 1 DAGs
[2025-12-11T23:14:31.437+0000] {logging_mixin.py:188} INFO - [2025-12-11T23:14:31.436+0000] {dag.py:3954} INFO - Setting next_dagrun for example_short_circuit_operator to 2025-12-10 00:00:00+00:00, run_after=2025-12-11 00:00:00+00:00
[2025-12-11T23:14:31.500+0000] {processor.py:183} INFO - Processing /home/airflow/.local/lib/python3.9/site-packages/airflow/example_dags/example_short_circuit_operator.py took 0.319 seconds
[2025-12-11T23:15:02.450+0000] {processor.py:161} INFO - Started process (PID=3112) to work on /home/airflow/.local/lib/python3.9/site-packages/airflow/example_dags/example_short_circuit_operator.py
[2025-12-11T23:15:02.452+0000] {processor.py:830} INFO - Processing file /home/airflow/.local/lib/python3.9/site-packages/airflow/example_dags/example_short_circuit_operator.py for tasks to queue
[2025-12-11T23:15:02.455+0000] {logging_mixin.py:188} INFO - [2025-12-11T23:15:02.455+0000] {dagbag.py:545} INFO - Filling up the DagBag from /home/airflow/.local/lib/python3.9/site-packages/airflow/example_dags/example_short_circuit_operator.py
[2025-12-11T23:15:02.476+0000] {processor.py:840} INFO - DAG(s) 'example_short_circuit_operator' retrieved from /home/airflow/.local/lib/python3.9/site-packages/airflow/example_dags/example_short_circuit_operator.py
[2025-12-11T23:15:02.541+0000] {logging_mixin.py:188} INFO - [2025-12-11T23:15:02.541+0000] {dag.py:3096} INFO - Sync 1 DAGs
[2025-12-11T23:15:02.611+0000] {logging_mixin.py:188} INFO - [2025-12-11T23:15:02.611+0000] {dag.py:3954} INFO - Setting next_dagrun for example_short_circuit_operator to 2025-12-10 00:00:00+00:00, run_after=2025-12-11 00:00:00+00:00
[2025-12-11T23:15:02.671+0000] {processor.py:183} INFO - Processing /home/airflow/.local/lib/python3.9/site-packages/airflow/example_dags/example_short_circuit_operator.py took 0.236 seconds
[2025-12-11T23:15:33.205+0000] {processor.py:161} INFO - Started process (PID=3172) to work on /home/airflow/.local/lib/python3.9/site-packages/airflow/example_dags/example_short_circuit_operator.py
[2025-12-11T23:15:33.296+0000] {processor.py:830} INFO - Processing file /home/airflow/.local/lib/python3.9/site-packages/airflow/example_dags/example_short_circuit_operator.py for tasks to queue
[2025-12-11T23:15:33.299+0000] {logging_mixin.py:188} INFO - [2025-12-11T23:15:33.299+0000] {dagbag.py:545} INFO - Filling up the DagBag from /home/airflow/.local/lib/python3.9/site-packages/airflow/example_dags/example_short_circuit_operator.py
[2025-12-11T23:15:33.311+0000] {processor.py:840} INFO - DAG(s) 'example_short_circuit_operator' retrieved from /home/airflow/.local/lib/python3.9/site-packages/airflow/example_dags/example_short_circuit_operator.py
[2025-12-11T23:15:33.353+0000] {logging_mixin.py:188} INFO - [2025-12-11T23:15:33.353+0000] {dag.py:3096} INFO - Sync 1 DAGs
[2025-12-11T23:15:33.416+0000] {logging_mixin.py:188} INFO - [2025-12-11T23:15:33.416+0000] {dag.py:3954} INFO - Setting next_dagrun for example_short_circuit_operator to 2025-12-10 00:00:00+00:00, run_after=2025-12-11 00:00:00+00:00
[2025-12-11T23:15:33.534+0000] {processor.py:183} INFO - Processing /home/airflow/.local/lib/python3.9/site-packages/airflow/example_dags/example_short_circuit_operator.py took 0.339 seconds
[2025-12-11T23:16:03.638+0000] {processor.py:161} INFO - Started process (PID=3239) to work on /home/airflow/.local/lib/python3.9/site-packages/airflow/example_dags/example_short_circuit_operator.py
[2025-12-11T23:16:03.641+0000] {processor.py:830} INFO - Processing file /home/airflow/.local/lib/python3.9/site-packages/airflow/example_dags/example_short_circuit_operator.py for tasks to queue
[2025-12-11T23:16:03.649+0000] {logging_mixin.py:188} INFO - [2025-12-11T23:16:03.645+0000] {dagbag.py:545} INFO - Filling up the DagBag from /home/airflow/.local/lib/python3.9/site-packages/airflow/example_dags/example_short_circuit_operator.py
[2025-12-11T23:16:03.673+0000] {processor.py:840} INFO - DAG(s) 'example_short_circuit_operator' retrieved from /home/airflow/.local/lib/python3.9/site-packages/airflow/example_dags/example_short_circuit_operator.py
[2025-12-11T23:16:03.776+0000] {logging_mixin.py:188} INFO - [2025-12-11T23:16:03.775+0000] {dag.py:3096} INFO - Sync 1 DAGs
[2025-12-11T23:16:03.844+0000] {logging_mixin.py:188} INFO - [2025-12-11T23:16:03.844+0000] {dag.py:3954} INFO - Setting next_dagrun for example_short_circuit_operator to 2025-12-10 00:00:00+00:00, run_after=2025-12-11 00:00:00+00:00
[2025-12-11T23:16:03.894+0000] {processor.py:183} INFO - Processing /home/airflow/.local/lib/python3.9/site-packages/airflow/example_dags/example_short_circuit_operator.py took 0.276 seconds
[2025-12-11T23:16:34.853+0000] {processor.py:161} INFO - Started process (PID=3313) to work on /home/airflow/.local/lib/python3.9/site-packages/airflow/example_dags/example_short_circuit_operator.py
[2025-12-11T23:16:34.861+0000] {processor.py:830} INFO - Processing file /home/airflow/.local/lib/python3.9/site-packages/airflow/example_dags/example_short_circuit_operator.py for tasks to queue
[2025-12-11T23:16:34.872+0000] {logging_mixin.py:188} INFO - [2025-12-11T23:16:34.871+0000] {dagbag.py:545} INFO - Filling up the DagBag from /home/airflow/.local/lib/python3.9/site-packages/airflow/example_dags/example_short_circuit_operator.py
[2025-12-11T23:16:34.890+0000] {processor.py:840} INFO - DAG(s) 'example_short_circuit_operator' retrieved from /home/airflow/.local/lib/python3.9/site-packages/airflow/example_dags/example_short_circuit_operator.py
[2025-12-11T23:16:34.956+0000] {logging_mixin.py:188} INFO - [2025-12-11T23:16:34.955+0000] {dag.py:3096} INFO - Sync 1 DAGs
[2025-12-11T23:16:35.030+0000] {logging_mixin.py:188} INFO - [2025-12-11T23:16:35.029+0000] {dag.py:3954} INFO - Setting next_dagrun for example_short_circuit_operator to 2025-12-10 00:00:00+00:00, run_after=2025-12-11 00:00:00+00:00
[2025-12-11T23:16:35.082+0000] {processor.py:183} INFO - Processing /home/airflow/.local/lib/python3.9/site-packages/airflow/example_dags/example_short_circuit_operator.py took 0.246 seconds
[2025-12-11T23:17:05.593+0000] {processor.py:161} INFO - Started process (PID=3380) to work on /home/airflow/.local/lib/python3.9/site-packages/airflow/example_dags/example_short_circuit_operator.py
[2025-12-11T23:17:05.600+0000] {processor.py:830} INFO - Processing file /home/airflow/.local/lib/python3.9/site-packages/airflow/example_dags/example_short_circuit_operator.py for tasks to queue
[2025-12-11T23:17:05.612+0000] {logging_mixin.py:188} INFO - [2025-12-11T23:17:05.611+0000] {dagbag.py:545} INFO - Filling up the DagBag from /home/airflow/.local/lib/python3.9/site-packages/airflow/example_dags/example_short_circuit_operator.py
[2025-12-11T23:17:05.634+0000] {processor.py:840} INFO - DAG(s) 'example_short_circuit_operator' retrieved from /home/airflow/.local/lib/python3.9/site-packages/airflow/example_dags/example_short_circuit_operator.py
[2025-12-11T23:17:05.733+0000] {logging_mixin.py:188} INFO - [2025-12-11T23:17:05.732+0000] {dag.py:3096} INFO - Sync 1 DAGs
[2025-12-11T23:17:05.835+0000] {logging_mixin.py:188} INFO - [2025-12-11T23:17:05.835+0000] {dag.py:3954} INFO - Setting next_dagrun for example_short_circuit_operator to 2025-12-10 00:00:00+00:00, run_after=2025-12-11 00:00:00+00:00
[2025-12-11T23:17:05.910+0000] {processor.py:183} INFO - Processing /home/airflow/.local/lib/python3.9/site-packages/airflow/example_dags/example_short_circuit_operator.py took 0.350 seconds
[2025-12-11T23:17:36.019+0000] {processor.py:161} INFO - Started process (PID=3447) to work on /home/airflow/.local/lib/python3.9/site-packages/airflow/example_dags/example_short_circuit_operator.py
[2025-12-11T23:17:36.030+0000] {processor.py:830} INFO - Processing file /home/airflow/.local/lib/python3.9/site-packages/airflow/example_dags/example_short_circuit_operator.py for tasks to queue
[2025-12-11T23:17:36.033+0000] {logging_mixin.py:188} INFO - [2025-12-11T23:17:36.033+0000] {dagbag.py:545} INFO - Filling up the DagBag from /home/airflow/.local/lib/python3.9/site-packages/airflow/example_dags/example_short_circuit_operator.py
[2025-12-11T23:17:36.057+0000] {processor.py:840} INFO - DAG(s) 'example_short_circuit_operator' retrieved from /home/airflow/.local/lib/python3.9/site-packages/airflow/example_dags/example_short_circuit_operator.py
[2025-12-11T23:17:36.140+0000] {logging_mixin.py:188} INFO - [2025-12-11T23:17:36.140+0000] {dag.py:3096} INFO - Sync 1 DAGs
[2025-12-11T23:17:36.230+0000] {logging_mixin.py:188} INFO - [2025-12-11T23:17:36.229+0000] {dag.py:3954} INFO - Setting next_dagrun for example_short_circuit_operator to 2025-12-10 00:00:00+00:00, run_after=2025-12-11 00:00:00+00:00
[2025-12-11T23:17:36.313+0000] {processor.py:183} INFO - Processing /home/airflow/.local/lib/python3.9/site-packages/airflow/example_dags/example_short_circuit_operator.py took 0.314 seconds
[2025-12-11T23:18:07.153+0000] {processor.py:161} INFO - Started process (PID=3514) to work on /home/airflow/.local/lib/python3.9/site-packages/airflow/example_dags/example_short_circuit_operator.py
[2025-12-11T23:18:07.155+0000] {processor.py:830} INFO - Processing file /home/airflow/.local/lib/python3.9/site-packages/airflow/example_dags/example_short_circuit_operator.py for tasks to queue
[2025-12-11T23:18:07.158+0000] {logging_mixin.py:188} INFO - [2025-12-11T23:18:07.157+0000] {dagbag.py:545} INFO - Filling up the DagBag from /home/airflow/.local/lib/python3.9/site-packages/airflow/example_dags/example_short_circuit_operator.py
[2025-12-11T23:18:07.176+0000] {processor.py:840} INFO - DAG(s) 'example_short_circuit_operator' retrieved from /home/airflow/.local/lib/python3.9/site-packages/airflow/example_dags/example_short_circuit_operator.py
[2025-12-11T23:18:07.242+0000] {logging_mixin.py:188} INFO - [2025-12-11T23:18:07.241+0000] {dag.py:3096} INFO - Sync 1 DAGs
[2025-12-11T23:18:07.302+0000] {logging_mixin.py:188} INFO - [2025-12-11T23:18:07.301+0000] {dag.py:3954} INFO - Setting next_dagrun for example_short_circuit_operator to 2025-12-10 00:00:00+00:00, run_after=2025-12-11 00:00:00+00:00
[2025-12-11T23:18:07.341+0000] {processor.py:183} INFO - Processing /home/airflow/.local/lib/python3.9/site-packages/airflow/example_dags/example_short_circuit_operator.py took 0.206 seconds
[2025-12-11T23:18:38.229+0000] {processor.py:161} INFO - Started process (PID=3581) to work on /home/airflow/.local/lib/python3.9/site-packages/airflow/example_dags/example_short_circuit_operator.py
[2025-12-11T23:18:38.231+0000] {processor.py:830} INFO - Processing file /home/airflow/.local/lib/python3.9/site-packages/airflow/example_dags/example_short_circuit_operator.py for tasks to queue
[2025-12-11T23:18:38.234+0000] {logging_mixin.py:188} INFO - [2025-12-11T23:18:38.233+0000] {dagbag.py:545} INFO - Filling up the DagBag from /home/airflow/.local/lib/python3.9/site-packages/airflow/example_dags/example_short_circuit_operator.py
[2025-12-11T23:18:38.271+0000] {processor.py:840} INFO - DAG(s) 'example_short_circuit_operator' retrieved from /home/airflow/.local/lib/python3.9/site-packages/airflow/example_dags/example_short_circuit_operator.py
[2025-12-11T23:18:38.401+0000] {logging_mixin.py:188} INFO - [2025-12-11T23:18:38.400+0000] {dag.py:3096} INFO - Sync 1 DAGs
[2025-12-11T23:18:38.509+0000] {logging_mixin.py:188} INFO - [2025-12-11T23:18:38.501+0000] {dag.py:3954} INFO - Setting next_dagrun for example_short_circuit_operator to 2025-12-10 00:00:00+00:00, run_after=2025-12-11 00:00:00+00:00
[2025-12-11T23:18:38.593+0000] {processor.py:183} INFO - Processing /home/airflow/.local/lib/python3.9/site-packages/airflow/example_dags/example_short_circuit_operator.py took 0.393 seconds
[2025-12-11T23:19:08.884+0000] {processor.py:161} INFO - Started process (PID=3641) to work on /home/airflow/.local/lib/python3.9/site-packages/airflow/example_dags/example_short_circuit_operator.py
[2025-12-11T23:19:08.886+0000] {processor.py:830} INFO - Processing file /home/airflow/.local/lib/python3.9/site-packages/airflow/example_dags/example_short_circuit_operator.py for tasks to queue
[2025-12-11T23:19:08.891+0000] {logging_mixin.py:188} INFO - [2025-12-11T23:19:08.890+0000] {dagbag.py:545} INFO - Filling up the DagBag from /home/airflow/.local/lib/python3.9/site-packages/airflow/example_dags/example_short_circuit_operator.py
[2025-12-11T23:19:08.902+0000] {processor.py:840} INFO - DAG(s) 'example_short_circuit_operator' retrieved from /home/airflow/.local/lib/python3.9/site-packages/airflow/example_dags/example_short_circuit_operator.py
[2025-12-11T23:19:08.948+0000] {logging_mixin.py:188} INFO - [2025-12-11T23:19:08.947+0000] {dag.py:3096} INFO - Sync 1 DAGs
[2025-12-11T23:19:08.989+0000] {logging_mixin.py:188} INFO - [2025-12-11T23:19:08.988+0000] {dag.py:3954} INFO - Setting next_dagrun for example_short_circuit_operator to 2025-12-10 00:00:00+00:00, run_after=2025-12-11 00:00:00+00:00
[2025-12-11T23:19:09.018+0000] {processor.py:183} INFO - Processing /home/airflow/.local/lib/python3.9/site-packages/airflow/example_dags/example_short_circuit_operator.py took 0.145 seconds
[2025-12-11T23:19:40.353+0000] {processor.py:161} INFO - Started process (PID=3715) to work on /home/airflow/.local/lib/python3.9/site-packages/airflow/example_dags/example_short_circuit_operator.py
[2025-12-11T23:19:40.388+0000] {processor.py:830} INFO - Processing file /home/airflow/.local/lib/python3.9/site-packages/airflow/example_dags/example_short_circuit_operator.py for tasks to queue
[2025-12-11T23:19:40.392+0000] {logging_mixin.py:188} INFO - [2025-12-11T23:19:40.391+0000] {dagbag.py:545} INFO - Filling up the DagBag from /home/airflow/.local/lib/python3.9/site-packages/airflow/example_dags/example_short_circuit_operator.py
[2025-12-11T23:19:40.413+0000] {processor.py:840} INFO - DAG(s) 'example_short_circuit_operator' retrieved from /home/airflow/.local/lib/python3.9/site-packages/airflow/example_dags/example_short_circuit_operator.py
[2025-12-11T23:19:40.492+0000] {logging_mixin.py:188} INFO - [2025-12-11T23:19:40.492+0000] {dag.py:3096} INFO - Sync 1 DAGs
[2025-12-11T23:19:40.574+0000] {logging_mixin.py:188} INFO - [2025-12-11T23:19:40.574+0000] {dag.py:3954} INFO - Setting next_dagrun for example_short_circuit_operator to 2025-12-10 00:00:00+00:00, run_after=2025-12-11 00:00:00+00:00
[2025-12-11T23:19:40.890+0000] {processor.py:183} INFO - Processing /home/airflow/.local/lib/python3.9/site-packages/airflow/example_dags/example_short_circuit_operator.py took 0.555 seconds
[2025-12-11T23:20:11.554+0000] {processor.py:161} INFO - Started process (PID=3782) to work on /home/airflow/.local/lib/python3.9/site-packages/airflow/example_dags/example_short_circuit_operator.py
[2025-12-11T23:20:11.588+0000] {processor.py:830} INFO - Processing file /home/airflow/.local/lib/python3.9/site-packages/airflow/example_dags/example_short_circuit_operator.py for tasks to queue
[2025-12-11T23:20:11.592+0000] {logging_mixin.py:188} INFO - [2025-12-11T23:20:11.591+0000] {dagbag.py:545} INFO - Filling up the DagBag from /home/airflow/.local/lib/python3.9/site-packages/airflow/example_dags/example_short_circuit_operator.py
[2025-12-11T23:20:11.613+0000] {processor.py:840} INFO - DAG(s) 'example_short_circuit_operator' retrieved from /home/airflow/.local/lib/python3.9/site-packages/airflow/example_dags/example_short_circuit_operator.py
[2025-12-11T23:20:11.680+0000] {logging_mixin.py:188} INFO - [2025-12-11T23:20:11.679+0000] {dag.py:3096} INFO - Sync 1 DAGs
[2025-12-11T23:20:11.755+0000] {logging_mixin.py:188} INFO - [2025-12-11T23:20:11.754+0000] {dag.py:3954} INFO - Setting next_dagrun for example_short_circuit_operator to 2025-12-10 00:00:00+00:00, run_after=2025-12-11 00:00:00+00:00
[2025-12-11T23:20:11.961+0000] {processor.py:183} INFO - Processing /home/airflow/.local/lib/python3.9/site-packages/airflow/example_dags/example_short_circuit_operator.py took 0.448 seconds
[2025-12-11T23:20:42.899+0000] {processor.py:161} INFO - Started process (PID=3849) to work on /home/airflow/.local/lib/python3.9/site-packages/airflow/example_dags/example_short_circuit_operator.py
[2025-12-11T23:20:42.905+0000] {processor.py:830} INFO - Processing file /home/airflow/.local/lib/python3.9/site-packages/airflow/example_dags/example_short_circuit_operator.py for tasks to queue
[2025-12-11T23:20:42.909+0000] {logging_mixin.py:188} INFO - [2025-12-11T23:20:42.908+0000] {dagbag.py:545} INFO - Filling up the DagBag from /home/airflow/.local/lib/python3.9/site-packages/airflow/example_dags/example_short_circuit_operator.py
[2025-12-11T23:20:42.925+0000] {processor.py:840} INFO - DAG(s) 'example_short_circuit_operator' retrieved from /home/airflow/.local/lib/python3.9/site-packages/airflow/example_dags/example_short_circuit_operator.py
[2025-12-11T23:20:42.994+0000] {logging_mixin.py:188} INFO - [2025-12-11T23:20:42.994+0000] {dag.py:3096} INFO - Sync 1 DAGs
[2025-12-11T23:20:43.055+0000] {logging_mixin.py:188} INFO - [2025-12-11T23:20:43.054+0000] {dag.py:3954} INFO - Setting next_dagrun for example_short_circuit_operator to 2025-12-10 00:00:00+00:00, run_after=2025-12-11 00:00:00+00:00
[2025-12-11T23:20:43.092+0000] {processor.py:183} INFO - Processing /home/airflow/.local/lib/python3.9/site-packages/airflow/example_dags/example_short_circuit_operator.py took 0.212 seconds
[2025-12-11T23:21:13.285+0000] {processor.py:161} INFO - Started process (PID=3916) to work on /home/airflow/.local/lib/python3.9/site-packages/airflow/example_dags/example_short_circuit_operator.py
[2025-12-11T23:21:13.290+0000] {processor.py:830} INFO - Processing file /home/airflow/.local/lib/python3.9/site-packages/airflow/example_dags/example_short_circuit_operator.py for tasks to queue
[2025-12-11T23:21:13.293+0000] {logging_mixin.py:188} INFO - [2025-12-11T23:21:13.293+0000] {dagbag.py:545} INFO - Filling up the DagBag from /home/airflow/.local/lib/python3.9/site-packages/airflow/example_dags/example_short_circuit_operator.py
[2025-12-11T23:21:13.304+0000] {processor.py:840} INFO - DAG(s) 'example_short_circuit_operator' retrieved from /home/airflow/.local/lib/python3.9/site-packages/airflow/example_dags/example_short_circuit_operator.py
[2025-12-11T23:21:13.345+0000] {logging_mixin.py:188} INFO - [2025-12-11T23:21:13.345+0000] {dag.py:3096} INFO - Sync 1 DAGs
[2025-12-11T23:21:13.385+0000] {logging_mixin.py:188} INFO - [2025-12-11T23:21:13.385+0000] {dag.py:3954} INFO - Setting next_dagrun for example_short_circuit_operator to 2025-12-10 00:00:00+00:00, run_after=2025-12-11 00:00:00+00:00
[2025-12-11T23:21:13.418+0000] {processor.py:183} INFO - Processing /home/airflow/.local/lib/python3.9/site-packages/airflow/example_dags/example_short_circuit_operator.py took 0.144 seconds
[2025-12-11T23:21:44.234+0000] {processor.py:161} INFO - Started process (PID=3983) to work on /home/airflow/.local/lib/python3.9/site-packages/airflow/example_dags/example_short_circuit_operator.py
[2025-12-11T23:21:44.236+0000] {processor.py:830} INFO - Processing file /home/airflow/.local/lib/python3.9/site-packages/airflow/example_dags/example_short_circuit_operator.py for tasks to queue
[2025-12-11T23:21:44.238+0000] {logging_mixin.py:188} INFO - [2025-12-11T23:21:44.238+0000] {dagbag.py:545} INFO - Filling up the DagBag from /home/airflow/.local/lib/python3.9/site-packages/airflow/example_dags/example_short_circuit_operator.py
[2025-12-11T23:21:44.257+0000] {processor.py:840} INFO - DAG(s) 'example_short_circuit_operator' retrieved from /home/airflow/.local/lib/python3.9/site-packages/airflow/example_dags/example_short_circuit_operator.py
[2025-12-11T23:21:44.315+0000] {logging_mixin.py:188} INFO - [2025-12-11T23:21:44.315+0000] {dag.py:3096} INFO - Sync 1 DAGs
[2025-12-11T23:21:44.390+0000] {logging_mixin.py:188} INFO - [2025-12-11T23:21:44.389+0000] {dag.py:3954} INFO - Setting next_dagrun for example_short_circuit_operator to 2025-12-10 00:00:00+00:00, run_after=2025-12-11 00:00:00+00:00
[2025-12-11T23:21:44.439+0000] {processor.py:183} INFO - Processing /home/airflow/.local/lib/python3.9/site-packages/airflow/example_dags/example_short_circuit_operator.py took 0.225 seconds
[2025-12-11T23:22:14.788+0000] {processor.py:161} INFO - Started process (PID=4050) to work on /home/airflow/.local/lib/python3.9/site-packages/airflow/example_dags/example_short_circuit_operator.py
[2025-12-11T23:22:14.790+0000] {processor.py:830} INFO - Processing file /home/airflow/.local/lib/python3.9/site-packages/airflow/example_dags/example_short_circuit_operator.py for tasks to queue
[2025-12-11T23:22:14.793+0000] {logging_mixin.py:188} INFO - [2025-12-11T23:22:14.793+0000] {dagbag.py:545} INFO - Filling up the DagBag from /home/airflow/.local/lib/python3.9/site-packages/airflow/example_dags/example_short_circuit_operator.py
[2025-12-11T23:22:14.805+0000] {processor.py:840} INFO - DAG(s) 'example_short_circuit_operator' retrieved from /home/airflow/.local/lib/python3.9/site-packages/airflow/example_dags/example_short_circuit_operator.py
[2025-12-11T23:22:14.845+0000] {logging_mixin.py:188} INFO - [2025-12-11T23:22:14.844+0000] {dag.py:3096} INFO - Sync 1 DAGs
[2025-12-11T23:22:14.888+0000] {logging_mixin.py:188} INFO - [2025-12-11T23:22:14.887+0000] {dag.py:3954} INFO - Setting next_dagrun for example_short_circuit_operator to 2025-12-10 00:00:00+00:00, run_after=2025-12-11 00:00:00+00:00
[2025-12-11T23:22:14.916+0000] {processor.py:183} INFO - Processing /home/airflow/.local/lib/python3.9/site-packages/airflow/example_dags/example_short_circuit_operator.py took 0.139 seconds
[2025-12-11T23:22:45.482+0000] {processor.py:161} INFO - Started process (PID=4117) to work on /home/airflow/.local/lib/python3.9/site-packages/airflow/example_dags/example_short_circuit_operator.py
[2025-12-11T23:22:45.483+0000] {processor.py:830} INFO - Processing file /home/airflow/.local/lib/python3.9/site-packages/airflow/example_dags/example_short_circuit_operator.py for tasks to queue
[2025-12-11T23:22:45.486+0000] {logging_mixin.py:188} INFO - [2025-12-11T23:22:45.485+0000] {dagbag.py:545} INFO - Filling up the DagBag from /home/airflow/.local/lib/python3.9/site-packages/airflow/example_dags/example_short_circuit_operator.py
[2025-12-11T23:22:45.499+0000] {processor.py:840} INFO - DAG(s) 'example_short_circuit_operator' retrieved from /home/airflow/.local/lib/python3.9/site-packages/airflow/example_dags/example_short_circuit_operator.py
[2025-12-11T23:22:45.549+0000] {logging_mixin.py:188} INFO - [2025-12-11T23:22:45.547+0000] {dag.py:3096} INFO - Sync 1 DAGs
[2025-12-11T23:22:45.602+0000] {logging_mixin.py:188} INFO - [2025-12-11T23:22:45.601+0000] {dag.py:3954} INFO - Setting next_dagrun for example_short_circuit_operator to 2025-12-10 00:00:00+00:00, run_after=2025-12-11 00:00:00+00:00
[2025-12-11T23:22:45.652+0000] {processor.py:183} INFO - Processing /home/airflow/.local/lib/python3.9/site-packages/airflow/example_dags/example_short_circuit_operator.py took 0.181 seconds
[2025-12-11T23:23:15.834+0000] {processor.py:161} INFO - Started process (PID=4184) to work on /home/airflow/.local/lib/python3.9/site-packages/airflow/example_dags/example_short_circuit_operator.py
[2025-12-11T23:23:15.840+0000] {processor.py:830} INFO - Processing file /home/airflow/.local/lib/python3.9/site-packages/airflow/example_dags/example_short_circuit_operator.py for tasks to queue
[2025-12-11T23:23:15.847+0000] {logging_mixin.py:188} INFO - [2025-12-11T23:23:15.843+0000] {dagbag.py:545} INFO - Filling up the DagBag from /home/airflow/.local/lib/python3.9/site-packages/airflow/example_dags/example_short_circuit_operator.py
[2025-12-11T23:23:15.870+0000] {processor.py:840} INFO - DAG(s) 'example_short_circuit_operator' retrieved from /home/airflow/.local/lib/python3.9/site-packages/airflow/example_dags/example_short_circuit_operator.py
[2025-12-11T23:23:15.978+0000] {logging_mixin.py:188} INFO - [2025-12-11T23:23:15.977+0000] {dag.py:3096} INFO - Sync 1 DAGs
[2025-12-11T23:23:16.082+0000] {logging_mixin.py:188} INFO - [2025-12-11T23:23:16.081+0000] {dag.py:3954} INFO - Setting next_dagrun for example_short_circuit_operator to 2025-12-10 00:00:00+00:00, run_after=2025-12-11 00:00:00+00:00
[2025-12-11T23:23:16.138+0000] {processor.py:183} INFO - Processing /home/airflow/.local/lib/python3.9/site-packages/airflow/example_dags/example_short_circuit_operator.py took 0.326 seconds
[2025-12-11T23:23:46.191+0000] {processor.py:161} INFO - Started process (PID=4251) to work on /home/airflow/.local/lib/python3.9/site-packages/airflow/example_dags/example_short_circuit_operator.py
[2025-12-11T23:23:46.193+0000] {processor.py:830} INFO - Processing file /home/airflow/.local/lib/python3.9/site-packages/airflow/example_dags/example_short_circuit_operator.py for tasks to queue
[2025-12-11T23:23:46.196+0000] {logging_mixin.py:188} INFO - [2025-12-11T23:23:46.196+0000] {dagbag.py:545} INFO - Filling up the DagBag from /home/airflow/.local/lib/python3.9/site-packages/airflow/example_dags/example_short_circuit_operator.py
[2025-12-11T23:23:46.209+0000] {processor.py:840} INFO - DAG(s) 'example_short_circuit_operator' retrieved from /home/airflow/.local/lib/python3.9/site-packages/airflow/example_dags/example_short_circuit_operator.py
[2025-12-11T23:23:46.252+0000] {logging_mixin.py:188} INFO - [2025-12-11T23:23:46.251+0000] {dag.py:3096} INFO - Sync 1 DAGs
[2025-12-11T23:23:46.289+0000] {logging_mixin.py:188} INFO - [2025-12-11T23:23:46.289+0000] {dag.py:3954} INFO - Setting next_dagrun for example_short_circuit_operator to 2025-12-10 00:00:00+00:00, run_after=2025-12-11 00:00:00+00:00
[2025-12-11T23:23:46.317+0000] {processor.py:183} INFO - Processing /home/airflow/.local/lib/python3.9/site-packages/airflow/example_dags/example_short_circuit_operator.py took 0.138 seconds
[2025-12-11T23:24:16.747+0000] {processor.py:161} INFO - Started process (PID=4317) to work on /home/airflow/.local/lib/python3.9/site-packages/airflow/example_dags/example_short_circuit_operator.py
[2025-12-11T23:24:16.749+0000] {processor.py:830} INFO - Processing file /home/airflow/.local/lib/python3.9/site-packages/airflow/example_dags/example_short_circuit_operator.py for tasks to queue
[2025-12-11T23:24:16.752+0000] {logging_mixin.py:188} INFO - [2025-12-11T23:24:16.751+0000] {dagbag.py:545} INFO - Filling up the DagBag from /home/airflow/.local/lib/python3.9/site-packages/airflow/example_dags/example_short_circuit_operator.py
[2025-12-11T23:24:16.762+0000] {processor.py:840} INFO - DAG(s) 'example_short_circuit_operator' retrieved from /home/airflow/.local/lib/python3.9/site-packages/airflow/example_dags/example_short_circuit_operator.py
[2025-12-11T23:24:16.813+0000] {logging_mixin.py:188} INFO - [2025-12-11T23:24:16.812+0000] {dag.py:3096} INFO - Sync 1 DAGs
[2025-12-11T23:24:16.864+0000] {logging_mixin.py:188} INFO - [2025-12-11T23:24:16.863+0000] {dag.py:3954} INFO - Setting next_dagrun for example_short_circuit_operator to 2025-12-10 00:00:00+00:00, run_after=2025-12-11 00:00:00+00:00
[2025-12-11T23:24:16.901+0000] {processor.py:183} INFO - Processing /home/airflow/.local/lib/python3.9/site-packages/airflow/example_dags/example_short_circuit_operator.py took 0.165 seconds
[2025-12-11T23:24:47.720+0000] {processor.py:161} INFO - Started process (PID=4384) to work on /home/airflow/.local/lib/python3.9/site-packages/airflow/example_dags/example_short_circuit_operator.py
[2025-12-11T23:24:47.728+0000] {processor.py:830} INFO - Processing file /home/airflow/.local/lib/python3.9/site-packages/airflow/example_dags/example_short_circuit_operator.py for tasks to queue
[2025-12-11T23:24:47.731+0000] {logging_mixin.py:188} INFO - [2025-12-11T23:24:47.731+0000] {dagbag.py:545} INFO - Filling up the DagBag from /home/airflow/.local/lib/python3.9/site-packages/airflow/example_dags/example_short_circuit_operator.py
[2025-12-11T23:24:47.742+0000] {processor.py:840} INFO - DAG(s) 'example_short_circuit_operator' retrieved from /home/airflow/.local/lib/python3.9/site-packages/airflow/example_dags/example_short_circuit_operator.py
[2025-12-11T23:24:47.782+0000] {logging_mixin.py:188} INFO - [2025-12-11T23:24:47.781+0000] {dag.py:3096} INFO - Sync 1 DAGs
[2025-12-11T23:24:47.817+0000] {logging_mixin.py:188} INFO - [2025-12-11T23:24:47.817+0000] {dag.py:3954} INFO - Setting next_dagrun for example_short_circuit_operator to 2025-12-10 00:00:00+00:00, run_after=2025-12-11 00:00:00+00:00
[2025-12-11T23:24:47.842+0000] {processor.py:183} INFO - Processing /home/airflow/.local/lib/python3.9/site-packages/airflow/example_dags/example_short_circuit_operator.py took 0.132 seconds
[2025-12-11T23:25:18.073+0000] {processor.py:161} INFO - Started process (PID=4451) to work on /home/airflow/.local/lib/python3.9/site-packages/airflow/example_dags/example_short_circuit_operator.py
[2025-12-11T23:25:18.081+0000] {processor.py:830} INFO - Processing file /home/airflow/.local/lib/python3.9/site-packages/airflow/example_dags/example_short_circuit_operator.py for tasks to queue
[2025-12-11T23:25:18.085+0000] {logging_mixin.py:188} INFO - [2025-12-11T23:25:18.084+0000] {dagbag.py:545} INFO - Filling up the DagBag from /home/airflow/.local/lib/python3.9/site-packages/airflow/example_dags/example_short_circuit_operator.py
[2025-12-11T23:25:18.097+0000] {processor.py:840} INFO - DAG(s) 'example_short_circuit_operator' retrieved from /home/airflow/.local/lib/python3.9/site-packages/airflow/example_dags/example_short_circuit_operator.py
[2025-12-11T23:25:18.143+0000] {logging_mixin.py:188} INFO - [2025-12-11T23:25:18.142+0000] {dag.py:3096} INFO - Sync 1 DAGs
[2025-12-11T23:25:18.182+0000] {logging_mixin.py:188} INFO - [2025-12-11T23:25:18.182+0000] {dag.py:3954} INFO - Setting next_dagrun for example_short_circuit_operator to 2025-12-10 00:00:00+00:00, run_after=2025-12-11 00:00:00+00:00
[2025-12-11T23:25:18.216+0000] {processor.py:183} INFO - Processing /home/airflow/.local/lib/python3.9/site-packages/airflow/example_dags/example_short_circuit_operator.py took 0.159 seconds
[2025-12-11T23:25:48.426+0000] {processor.py:161} INFO - Started process (PID=4518) to work on /home/airflow/.local/lib/python3.9/site-packages/airflow/example_dags/example_short_circuit_operator.py
[2025-12-11T23:25:48.428+0000] {processor.py:830} INFO - Processing file /home/airflow/.local/lib/python3.9/site-packages/airflow/example_dags/example_short_circuit_operator.py for tasks to queue
[2025-12-11T23:25:48.430+0000] {logging_mixin.py:188} INFO - [2025-12-11T23:25:48.430+0000] {dagbag.py:545} INFO - Filling up the DagBag from /home/airflow/.local/lib/python3.9/site-packages/airflow/example_dags/example_short_circuit_operator.py
[2025-12-11T23:25:48.442+0000] {processor.py:840} INFO - DAG(s) 'example_short_circuit_operator' retrieved from /home/airflow/.local/lib/python3.9/site-packages/airflow/example_dags/example_short_circuit_operator.py
[2025-12-11T23:25:48.481+0000] {logging_mixin.py:188} INFO - [2025-12-11T23:25:48.480+0000] {dag.py:3096} INFO - Sync 1 DAGs
[2025-12-11T23:25:48.522+0000] {logging_mixin.py:188} INFO - [2025-12-11T23:25:48.521+0000] {dag.py:3954} INFO - Setting next_dagrun for example_short_circuit_operator to 2025-12-10 00:00:00+00:00, run_after=2025-12-11 00:00:00+00:00
[2025-12-11T23:25:48.553+0000] {processor.py:183} INFO - Processing /home/airflow/.local/lib/python3.9/site-packages/airflow/example_dags/example_short_circuit_operator.py took 0.137 seconds
[2025-12-11T23:26:18.778+0000] {processor.py:161} INFO - Started process (PID=4584) to work on /home/airflow/.local/lib/python3.9/site-packages/airflow/example_dags/example_short_circuit_operator.py
[2025-12-11T23:26:18.781+0000] {processor.py:830} INFO - Processing file /home/airflow/.local/lib/python3.9/site-packages/airflow/example_dags/example_short_circuit_operator.py for tasks to queue
[2025-12-11T23:26:18.783+0000] {logging_mixin.py:188} INFO - [2025-12-11T23:26:18.783+0000] {dagbag.py:545} INFO - Filling up the DagBag from /home/airflow/.local/lib/python3.9/site-packages/airflow/example_dags/example_short_circuit_operator.py
[2025-12-11T23:26:18.797+0000] {processor.py:840} INFO - DAG(s) 'example_short_circuit_operator' retrieved from /home/airflow/.local/lib/python3.9/site-packages/airflow/example_dags/example_short_circuit_operator.py
[2025-12-11T23:26:18.836+0000] {logging_mixin.py:188} INFO - [2025-12-11T23:26:18.836+0000] {dag.py:3096} INFO - Sync 1 DAGs
[2025-12-11T23:26:18.873+0000] {logging_mixin.py:188} INFO - [2025-12-11T23:26:18.873+0000] {dag.py:3954} INFO - Setting next_dagrun for example_short_circuit_operator to 2025-12-10 00:00:00+00:00, run_after=2025-12-11 00:00:00+00:00
[2025-12-11T23:26:18.901+0000] {processor.py:183} INFO - Processing /home/airflow/.local/lib/python3.9/site-packages/airflow/example_dags/example_short_circuit_operator.py took 0.134 seconds
[2025-12-11T23:26:49.812+0000] {processor.py:161} INFO - Started process (PID=4656) to work on /home/airflow/.local/lib/python3.9/site-packages/airflow/example_dags/example_short_circuit_operator.py
[2025-12-11T23:26:49.822+0000] {processor.py:830} INFO - Processing file /home/airflow/.local/lib/python3.9/site-packages/airflow/example_dags/example_short_circuit_operator.py for tasks to queue
[2025-12-11T23:26:49.825+0000] {logging_mixin.py:188} INFO - [2025-12-11T23:26:49.824+0000] {dagbag.py:545} INFO - Filling up the DagBag from /home/airflow/.local/lib/python3.9/site-packages/airflow/example_dags/example_short_circuit_operator.py
[2025-12-11T23:26:49.839+0000] {processor.py:840} INFO - DAG(s) 'example_short_circuit_operator' retrieved from /home/airflow/.local/lib/python3.9/site-packages/airflow/example_dags/example_short_circuit_operator.py
[2025-12-11T23:26:49.889+0000] {logging_mixin.py:188} INFO - [2025-12-11T23:26:49.889+0000] {dag.py:3096} INFO - Sync 1 DAGs
[2025-12-11T23:26:49.927+0000] {logging_mixin.py:188} INFO - [2025-12-11T23:26:49.927+0000] {dag.py:3954} INFO - Setting next_dagrun for example_short_circuit_operator to 2025-12-10 00:00:00+00:00, run_after=2025-12-11 00:00:00+00:00
[2025-12-11T23:26:49.957+0000] {processor.py:183} INFO - Processing /home/airflow/.local/lib/python3.9/site-packages/airflow/example_dags/example_short_circuit_operator.py took 0.157 seconds
[2025-12-11T23:27:20.541+0000] {processor.py:161} INFO - Started process (PID=4721) to work on /home/airflow/.local/lib/python3.9/site-packages/airflow/example_dags/example_short_circuit_operator.py
[2025-12-11T23:27:20.617+0000] {processor.py:830} INFO - Processing file /home/airflow/.local/lib/python3.9/site-packages/airflow/example_dags/example_short_circuit_operator.py for tasks to queue
[2025-12-11T23:27:20.625+0000] {logging_mixin.py:188} INFO - [2025-12-11T23:27:20.624+0000] {dagbag.py:545} INFO - Filling up the DagBag from /home/airflow/.local/lib/python3.9/site-packages/airflow/example_dags/example_short_circuit_operator.py
[2025-12-11T23:27:20.641+0000] {processor.py:840} INFO - DAG(s) 'example_short_circuit_operator' retrieved from /home/airflow/.local/lib/python3.9/site-packages/airflow/example_dags/example_short_circuit_operator.py
[2025-12-11T23:27:20.694+0000] {logging_mixin.py:188} INFO - [2025-12-11T23:27:20.693+0000] {dag.py:3096} INFO - Sync 1 DAGs
[2025-12-11T23:27:20.757+0000] {logging_mixin.py:188} INFO - [2025-12-11T23:27:20.756+0000] {dag.py:3954} INFO - Setting next_dagrun for example_short_circuit_operator to 2025-12-10 00:00:00+00:00, run_after=2025-12-11 00:00:00+00:00
[2025-12-11T23:27:20.841+0000] {processor.py:183} INFO - Processing /home/airflow/.local/lib/python3.9/site-packages/airflow/example_dags/example_short_circuit_operator.py took 0.312 seconds
[2025-12-11T23:27:50.931+0000] {processor.py:161} INFO - Started process (PID=4788) to work on /home/airflow/.local/lib/python3.9/site-packages/airflow/example_dags/example_short_circuit_operator.py
[2025-12-11T23:27:50.933+0000] {processor.py:830} INFO - Processing file /home/airflow/.local/lib/python3.9/site-packages/airflow/example_dags/example_short_circuit_operator.py for tasks to queue
[2025-12-11T23:27:50.936+0000] {logging_mixin.py:188} INFO - [2025-12-11T23:27:50.935+0000] {dagbag.py:545} INFO - Filling up the DagBag from /home/airflow/.local/lib/python3.9/site-packages/airflow/example_dags/example_short_circuit_operator.py
[2025-12-11T23:27:50.946+0000] {processor.py:840} INFO - DAG(s) 'example_short_circuit_operator' retrieved from /home/airflow/.local/lib/python3.9/site-packages/airflow/example_dags/example_short_circuit_operator.py
[2025-12-11T23:27:50.991+0000] {logging_mixin.py:188} INFO - [2025-12-11T23:27:50.991+0000] {dag.py:3096} INFO - Sync 1 DAGs
[2025-12-11T23:27:51.030+0000] {logging_mixin.py:188} INFO - [2025-12-11T23:27:51.030+0000] {dag.py:3954} INFO - Setting next_dagrun for example_short_circuit_operator to 2025-12-10 00:00:00+00:00, run_after=2025-12-11 00:00:00+00:00
[2025-12-11T23:27:51.057+0000] {processor.py:183} INFO - Processing /home/airflow/.local/lib/python3.9/site-packages/airflow/example_dags/example_short_circuit_operator.py took 0.140 seconds
[2025-12-11T23:28:21.276+0000] {processor.py:161} INFO - Started process (PID=4854) to work on /home/airflow/.local/lib/python3.9/site-packages/airflow/example_dags/example_short_circuit_operator.py
[2025-12-11T23:28:21.277+0000] {processor.py:830} INFO - Processing file /home/airflow/.local/lib/python3.9/site-packages/airflow/example_dags/example_short_circuit_operator.py for tasks to queue
[2025-12-11T23:28:21.280+0000] {logging_mixin.py:188} INFO - [2025-12-11T23:28:21.279+0000] {dagbag.py:545} INFO - Filling up the DagBag from /home/airflow/.local/lib/python3.9/site-packages/airflow/example_dags/example_short_circuit_operator.py
[2025-12-11T23:28:21.297+0000] {processor.py:840} INFO - DAG(s) 'example_short_circuit_operator' retrieved from /home/airflow/.local/lib/python3.9/site-packages/airflow/example_dags/example_short_circuit_operator.py
[2025-12-11T23:28:21.362+0000] {logging_mixin.py:188} INFO - [2025-12-11T23:28:21.362+0000] {dag.py:3096} INFO - Sync 1 DAGs
[2025-12-11T23:28:21.419+0000] {logging_mixin.py:188} INFO - [2025-12-11T23:28:21.418+0000] {dag.py:3954} INFO - Setting next_dagrun for example_short_circuit_operator to 2025-12-10 00:00:00+00:00, run_after=2025-12-11 00:00:00+00:00
[2025-12-11T23:28:21.472+0000] {processor.py:183} INFO - Processing /home/airflow/.local/lib/python3.9/site-packages/airflow/example_dags/example_short_circuit_operator.py took 0.216 seconds
[2025-12-11T23:28:52.452+0000] {processor.py:161} INFO - Started process (PID=4921) to work on /home/airflow/.local/lib/python3.9/site-packages/airflow/example_dags/example_short_circuit_operator.py
[2025-12-11T23:28:52.454+0000] {processor.py:830} INFO - Processing file /home/airflow/.local/lib/python3.9/site-packages/airflow/example_dags/example_short_circuit_operator.py for tasks to queue
[2025-12-11T23:28:52.457+0000] {logging_mixin.py:188} INFO - [2025-12-11T23:28:52.457+0000] {dagbag.py:545} INFO - Filling up the DagBag from /home/airflow/.local/lib/python3.9/site-packages/airflow/example_dags/example_short_circuit_operator.py
[2025-12-11T23:28:52.475+0000] {processor.py:840} INFO - DAG(s) 'example_short_circuit_operator' retrieved from /home/airflow/.local/lib/python3.9/site-packages/airflow/example_dags/example_short_circuit_operator.py
[2025-12-11T23:28:52.536+0000] {logging_mixin.py:188} INFO - [2025-12-11T23:28:52.536+0000] {dag.py:3096} INFO - Sync 1 DAGs
[2025-12-11T23:28:52.616+0000] {logging_mixin.py:188} INFO - [2025-12-11T23:28:52.616+0000] {dag.py:3954} INFO - Setting next_dagrun for example_short_circuit_operator to 2025-12-10 00:00:00+00:00, run_after=2025-12-11 00:00:00+00:00
[2025-12-11T23:28:52.676+0000] {processor.py:183} INFO - Processing /home/airflow/.local/lib/python3.9/site-packages/airflow/example_dags/example_short_circuit_operator.py took 0.242 seconds
[2025-12-11T23:29:22.869+0000] {processor.py:161} INFO - Started process (PID=4988) to work on /home/airflow/.local/lib/python3.9/site-packages/airflow/example_dags/example_short_circuit_operator.py
[2025-12-11T23:29:22.871+0000] {processor.py:830} INFO - Processing file /home/airflow/.local/lib/python3.9/site-packages/airflow/example_dags/example_short_circuit_operator.py for tasks to queue
[2025-12-11T23:29:22.874+0000] {logging_mixin.py:188} INFO - [2025-12-11T23:29:22.873+0000] {dagbag.py:545} INFO - Filling up the DagBag from /home/airflow/.local/lib/python3.9/site-packages/airflow/example_dags/example_short_circuit_operator.py
[2025-12-11T23:29:22.885+0000] {processor.py:840} INFO - DAG(s) 'example_short_circuit_operator' retrieved from /home/airflow/.local/lib/python3.9/site-packages/airflow/example_dags/example_short_circuit_operator.py
[2025-12-11T23:29:22.929+0000] {logging_mixin.py:188} INFO - [2025-12-11T23:29:22.929+0000] {dag.py:3096} INFO - Sync 1 DAGs
[2025-12-11T23:29:22.964+0000] {logging_mixin.py:188} INFO - [2025-12-11T23:29:22.964+0000] {dag.py:3954} INFO - Setting next_dagrun for example_short_circuit_operator to 2025-12-10 00:00:00+00:00, run_after=2025-12-11 00:00:00+00:00
[2025-12-11T23:29:22.990+0000] {processor.py:183} INFO - Processing /home/airflow/.local/lib/python3.9/site-packages/airflow/example_dags/example_short_circuit_operator.py took 0.135 seconds
[2025-12-11T23:29:53.480+0000] {processor.py:161} INFO - Started process (PID=5062) to work on /home/airflow/.local/lib/python3.9/site-packages/airflow/example_dags/example_short_circuit_operator.py
[2025-12-11T23:29:53.485+0000] {processor.py:830} INFO - Processing file /home/airflow/.local/lib/python3.9/site-packages/airflow/example_dags/example_short_circuit_operator.py for tasks to queue
[2025-12-11T23:29:53.492+0000] {logging_mixin.py:188} INFO - [2025-12-11T23:29:53.492+0000] {dagbag.py:545} INFO - Filling up the DagBag from /home/airflow/.local/lib/python3.9/site-packages/airflow/example_dags/example_short_circuit_operator.py
[2025-12-11T23:29:53.511+0000] {processor.py:840} INFO - DAG(s) 'example_short_circuit_operator' retrieved from /home/airflow/.local/lib/python3.9/site-packages/airflow/example_dags/example_short_circuit_operator.py
[2025-12-11T23:29:53.578+0000] {logging_mixin.py:188} INFO - [2025-12-11T23:29:53.578+0000] {dag.py:3096} INFO - Sync 1 DAGs
[2025-12-11T23:29:53.653+0000] {logging_mixin.py:188} INFO - [2025-12-11T23:29:53.653+0000] {dag.py:3954} INFO - Setting next_dagrun for example_short_circuit_operator to 2025-12-10 00:00:00+00:00, run_after=2025-12-11 00:00:00+00:00
[2025-12-11T23:29:53.731+0000] {processor.py:183} INFO - Processing /home/airflow/.local/lib/python3.9/site-packages/airflow/example_dags/example_short_circuit_operator.py took 0.274 seconds
[2025-12-11T23:30:24.593+0000] {processor.py:161} INFO - Started process (PID=5129) to work on /home/airflow/.local/lib/python3.9/site-packages/airflow/example_dags/example_short_circuit_operator.py
[2025-12-11T23:30:24.600+0000] {processor.py:830} INFO - Processing file /home/airflow/.local/lib/python3.9/site-packages/airflow/example_dags/example_short_circuit_operator.py for tasks to queue
[2025-12-11T23:30:24.612+0000] {logging_mixin.py:188} INFO - [2025-12-11T23:30:24.611+0000] {dagbag.py:545} INFO - Filling up the DagBag from /home/airflow/.local/lib/python3.9/site-packages/airflow/example_dags/example_short_circuit_operator.py
[2025-12-11T23:30:24.635+0000] {processor.py:840} INFO - DAG(s) 'example_short_circuit_operator' retrieved from /home/airflow/.local/lib/python3.9/site-packages/airflow/example_dags/example_short_circuit_operator.py
[2025-12-11T23:30:24.700+0000] {logging_mixin.py:188} INFO - [2025-12-11T23:30:24.700+0000] {dag.py:3096} INFO - Sync 1 DAGs
[2025-12-11T23:30:24.742+0000] {logging_mixin.py:188} INFO - [2025-12-11T23:30:24.742+0000] {dag.py:3954} INFO - Setting next_dagrun for example_short_circuit_operator to 2025-12-10 00:00:00+00:00, run_after=2025-12-11 00:00:00+00:00
[2025-12-11T23:30:24.917+0000] {processor.py:183} INFO - Processing /home/airflow/.local/lib/python3.9/site-packages/airflow/example_dags/example_short_circuit_operator.py took 0.345 seconds
[2025-12-11T23:30:55.715+0000] {processor.py:161} INFO - Started process (PID=5196) to work on /home/airflow/.local/lib/python3.9/site-packages/airflow/example_dags/example_short_circuit_operator.py
[2025-12-11T23:30:55.716+0000] {processor.py:830} INFO - Processing file /home/airflow/.local/lib/python3.9/site-packages/airflow/example_dags/example_short_circuit_operator.py for tasks to queue
[2025-12-11T23:30:55.719+0000] {logging_mixin.py:188} INFO - [2025-12-11T23:30:55.718+0000] {dagbag.py:545} INFO - Filling up the DagBag from /home/airflow/.local/lib/python3.9/site-packages/airflow/example_dags/example_short_circuit_operator.py
[2025-12-11T23:30:55.737+0000] {processor.py:840} INFO - DAG(s) 'example_short_circuit_operator' retrieved from /home/airflow/.local/lib/python3.9/site-packages/airflow/example_dags/example_short_circuit_operator.py
[2025-12-11T23:30:55.801+0000] {logging_mixin.py:188} INFO - [2025-12-11T23:30:55.800+0000] {dag.py:3096} INFO - Sync 1 DAGs
[2025-12-11T23:30:55.870+0000] {logging_mixin.py:188} INFO - [2025-12-11T23:30:55.869+0000] {dag.py:3954} INFO - Setting next_dagrun for example_short_circuit_operator to 2025-12-10 00:00:00+00:00, run_after=2025-12-11 00:00:00+00:00
[2025-12-11T23:30:55.913+0000] {processor.py:183} INFO - Processing /home/airflow/.local/lib/python3.9/site-packages/airflow/example_dags/example_short_circuit_operator.py took 0.214 seconds
[2025-12-11T23:31:27.317+0000] {processor.py:161} INFO - Started process (PID=5264) to work on /home/airflow/.local/lib/python3.9/site-packages/airflow/example_dags/example_short_circuit_operator.py
[2025-12-11T23:31:27.482+0000] {processor.py:830} INFO - Processing file /home/airflow/.local/lib/python3.9/site-packages/airflow/example_dags/example_short_circuit_operator.py for tasks to queue
[2025-12-11T23:31:27.494+0000] {logging_mixin.py:188} INFO - [2025-12-11T23:31:27.493+0000] {dagbag.py:545} INFO - Filling up the DagBag from /home/airflow/.local/lib/python3.9/site-packages/airflow/example_dags/example_short_circuit_operator.py
[2025-12-11T23:31:27.551+0000] {processor.py:840} INFO - DAG(s) 'example_short_circuit_operator' retrieved from /home/airflow/.local/lib/python3.9/site-packages/airflow/example_dags/example_short_circuit_operator.py
[2025-12-11T23:31:27.734+0000] {logging_mixin.py:188} INFO - [2025-12-11T23:31:27.733+0000] {dag.py:3096} INFO - Sync 1 DAGs
[2025-12-11T23:31:27.872+0000] {logging_mixin.py:188} INFO - [2025-12-11T23:31:27.872+0000] {dag.py:3954} INFO - Setting next_dagrun for example_short_circuit_operator to 2025-12-10 00:00:00+00:00, run_after=2025-12-11 00:00:00+00:00
[2025-12-11T23:31:28.070+0000] {processor.py:183} INFO - Processing /home/airflow/.local/lib/python3.9/site-packages/airflow/example_dags/example_short_circuit_operator.py took 0.819 seconds
[2025-12-11T23:31:58.852+0000] {processor.py:161} INFO - Started process (PID=5331) to work on /home/airflow/.local/lib/python3.9/site-packages/airflow/example_dags/example_short_circuit_operator.py
[2025-12-11T23:31:58.925+0000] {processor.py:830} INFO - Processing file /home/airflow/.local/lib/python3.9/site-packages/airflow/example_dags/example_short_circuit_operator.py for tasks to queue
[2025-12-11T23:31:58.981+0000] {logging_mixin.py:188} INFO - [2025-12-11T23:31:58.980+0000] {dagbag.py:545} INFO - Filling up the DagBag from /home/airflow/.local/lib/python3.9/site-packages/airflow/example_dags/example_short_circuit_operator.py
[2025-12-11T23:31:58.997+0000] {processor.py:840} INFO - DAG(s) 'example_short_circuit_operator' retrieved from /home/airflow/.local/lib/python3.9/site-packages/airflow/example_dags/example_short_circuit_operator.py
[2025-12-11T23:31:59.065+0000] {logging_mixin.py:188} INFO - [2025-12-11T23:31:59.064+0000] {dag.py:3096} INFO - Sync 1 DAGs
[2025-12-11T23:31:59.140+0000] {logging_mixin.py:188} INFO - [2025-12-11T23:31:59.139+0000] {dag.py:3954} INFO - Setting next_dagrun for example_short_circuit_operator to 2025-12-10 00:00:00+00:00, run_after=2025-12-11 00:00:00+00:00
[2025-12-11T23:31:59.243+0000] {processor.py:183} INFO - Processing /home/airflow/.local/lib/python3.9/site-packages/airflow/example_dags/example_short_circuit_operator.py took 0.405 seconds
[2025-12-11T23:32:29.774+0000] {processor.py:161} INFO - Started process (PID=5398) to work on /home/airflow/.local/lib/python3.9/site-packages/airflow/example_dags/example_short_circuit_operator.py
[2025-12-11T23:32:29.805+0000] {processor.py:830} INFO - Processing file /home/airflow/.local/lib/python3.9/site-packages/airflow/example_dags/example_short_circuit_operator.py for tasks to queue
[2025-12-11T23:32:29.809+0000] {logging_mixin.py:188} INFO - [2025-12-11T23:32:29.808+0000] {dagbag.py:545} INFO - Filling up the DagBag from /home/airflow/.local/lib/python3.9/site-packages/airflow/example_dags/example_short_circuit_operator.py
[2025-12-11T23:32:29.820+0000] {processor.py:840} INFO - DAG(s) 'example_short_circuit_operator' retrieved from /home/airflow/.local/lib/python3.9/site-packages/airflow/example_dags/example_short_circuit_operator.py
[2025-12-11T23:32:29.862+0000] {logging_mixin.py:188} INFO - [2025-12-11T23:32:29.862+0000] {dag.py:3096} INFO - Sync 1 DAGs
[2025-12-11T23:32:29.930+0000] {logging_mixin.py:188} INFO - [2025-12-11T23:32:29.929+0000] {dag.py:3954} INFO - Setting next_dagrun for example_short_circuit_operator to 2025-12-10 00:00:00+00:00, run_after=2025-12-11 00:00:00+00:00
[2025-12-11T23:32:29.978+0000] {processor.py:183} INFO - Processing /home/airflow/.local/lib/python3.9/site-packages/airflow/example_dags/example_short_circuit_operator.py took 0.219 seconds
[2025-12-11T23:33:00.293+0000] {processor.py:161} INFO - Started process (PID=5465) to work on /home/airflow/.local/lib/python3.9/site-packages/airflow/example_dags/example_short_circuit_operator.py
[2025-12-11T23:33:00.294+0000] {processor.py:830} INFO - Processing file /home/airflow/.local/lib/python3.9/site-packages/airflow/example_dags/example_short_circuit_operator.py for tasks to queue
[2025-12-11T23:33:00.297+0000] {logging_mixin.py:188} INFO - [2025-12-11T23:33:00.296+0000] {dagbag.py:545} INFO - Filling up the DagBag from /home/airflow/.local/lib/python3.9/site-packages/airflow/example_dags/example_short_circuit_operator.py
[2025-12-11T23:33:00.307+0000] {processor.py:840} INFO - DAG(s) 'example_short_circuit_operator' retrieved from /home/airflow/.local/lib/python3.9/site-packages/airflow/example_dags/example_short_circuit_operator.py
[2025-12-11T23:33:00.351+0000] {logging_mixin.py:188} INFO - [2025-12-11T23:33:00.350+0000] {dag.py:3096} INFO - Sync 1 DAGs
[2025-12-11T23:33:00.390+0000] {logging_mixin.py:188} INFO - [2025-12-11T23:33:00.389+0000] {dag.py:3954} INFO - Setting next_dagrun for example_short_circuit_operator to 2025-12-10 00:00:00+00:00, run_after=2025-12-11 00:00:00+00:00
[2025-12-11T23:33:00.422+0000] {processor.py:183} INFO - Processing /home/airflow/.local/lib/python3.9/site-packages/airflow/example_dags/example_short_circuit_operator.py took 0.139 seconds
[2025-12-11T23:33:30.612+0000] {processor.py:161} INFO - Started process (PID=5532) to work on /home/airflow/.local/lib/python3.9/site-packages/airflow/example_dags/example_short_circuit_operator.py
[2025-12-11T23:33:30.613+0000] {processor.py:830} INFO - Processing file /home/airflow/.local/lib/python3.9/site-packages/airflow/example_dags/example_short_circuit_operator.py for tasks to queue
[2025-12-11T23:33:30.616+0000] {logging_mixin.py:188} INFO - [2025-12-11T23:33:30.616+0000] {dagbag.py:545} INFO - Filling up the DagBag from /home/airflow/.local/lib/python3.9/site-packages/airflow/example_dags/example_short_circuit_operator.py
[2025-12-11T23:33:30.629+0000] {processor.py:840} INFO - DAG(s) 'example_short_circuit_operator' retrieved from /home/airflow/.local/lib/python3.9/site-packages/airflow/example_dags/example_short_circuit_operator.py
[2025-12-11T23:33:30.672+0000] {logging_mixin.py:188} INFO - [2025-12-11T23:33:30.672+0000] {dag.py:3096} INFO - Sync 1 DAGs
[2025-12-11T23:33:30.710+0000] {logging_mixin.py:188} INFO - [2025-12-11T23:33:30.709+0000] {dag.py:3954} INFO - Setting next_dagrun for example_short_circuit_operator to 2025-12-10 00:00:00+00:00, run_after=2025-12-11 00:00:00+00:00
[2025-12-11T23:33:30.735+0000] {processor.py:183} INFO - Processing /home/airflow/.local/lib/python3.9/site-packages/airflow/example_dags/example_short_circuit_operator.py took 0.133 seconds
[2025-12-11T23:34:01.161+0000] {processor.py:161} INFO - Started process (PID=5599) to work on /home/airflow/.local/lib/python3.9/site-packages/airflow/example_dags/example_short_circuit_operator.py
[2025-12-11T23:34:01.185+0000] {processor.py:830} INFO - Processing file /home/airflow/.local/lib/python3.9/site-packages/airflow/example_dags/example_short_circuit_operator.py for tasks to queue
[2025-12-11T23:34:01.188+0000] {logging_mixin.py:188} INFO - [2025-12-11T23:34:01.188+0000] {dagbag.py:545} INFO - Filling up the DagBag from /home/airflow/.local/lib/python3.9/site-packages/airflow/example_dags/example_short_circuit_operator.py
[2025-12-11T23:34:01.200+0000] {processor.py:840} INFO - DAG(s) 'example_short_circuit_operator' retrieved from /home/airflow/.local/lib/python3.9/site-packages/airflow/example_dags/example_short_circuit_operator.py
[2025-12-11T23:34:01.249+0000] {logging_mixin.py:188} INFO - [2025-12-11T23:34:01.249+0000] {dag.py:3096} INFO - Sync 1 DAGs
[2025-12-11T23:34:01.292+0000] {logging_mixin.py:188} INFO - [2025-12-11T23:34:01.291+0000] {dag.py:3954} INFO - Setting next_dagrun for example_short_circuit_operator to 2025-12-10 00:00:00+00:00, run_after=2025-12-11 00:00:00+00:00
[2025-12-11T23:34:01.498+0000] {processor.py:183} INFO - Processing /home/airflow/.local/lib/python3.9/site-packages/airflow/example_dags/example_short_circuit_operator.py took 0.349 seconds
[2025-12-11T23:34:31.783+0000] {processor.py:161} INFO - Started process (PID=5667) to work on /home/airflow/.local/lib/python3.9/site-packages/airflow/example_dags/example_short_circuit_operator.py
[2025-12-11T23:34:31.786+0000] {processor.py:830} INFO - Processing file /home/airflow/.local/lib/python3.9/site-packages/airflow/example_dags/example_short_circuit_operator.py for tasks to queue
[2025-12-11T23:34:31.792+0000] {logging_mixin.py:188} INFO - [2025-12-11T23:34:31.791+0000] {dagbag.py:545} INFO - Filling up the DagBag from /home/airflow/.local/lib/python3.9/site-packages/airflow/example_dags/example_short_circuit_operator.py
[2025-12-11T23:34:31.805+0000] {processor.py:840} INFO - DAG(s) 'example_short_circuit_operator' retrieved from /home/airflow/.local/lib/python3.9/site-packages/airflow/example_dags/example_short_circuit_operator.py
[2025-12-11T23:34:31.857+0000] {logging_mixin.py:188} INFO - [2025-12-11T23:34:31.856+0000] {dag.py:3096} INFO - Sync 1 DAGs
[2025-12-11T23:34:31.897+0000] {logging_mixin.py:188} INFO - [2025-12-11T23:34:31.897+0000] {dag.py:3954} INFO - Setting next_dagrun for example_short_circuit_operator to 2025-12-10 00:00:00+00:00, run_after=2025-12-11 00:00:00+00:00
[2025-12-11T23:34:31.929+0000] {processor.py:183} INFO - Processing /home/airflow/.local/lib/python3.9/site-packages/airflow/example_dags/example_short_circuit_operator.py took 0.159 seconds
[2025-12-11T23:35:02.912+0000] {processor.py:161} INFO - Started process (PID=5734) to work on /home/airflow/.local/lib/python3.9/site-packages/airflow/example_dags/example_short_circuit_operator.py
[2025-12-11T23:35:02.914+0000] {processor.py:830} INFO - Processing file /home/airflow/.local/lib/python3.9/site-packages/airflow/example_dags/example_short_circuit_operator.py for tasks to queue
[2025-12-11T23:35:02.917+0000] {logging_mixin.py:188} INFO - [2025-12-11T23:35:02.917+0000] {dagbag.py:545} INFO - Filling up the DagBag from /home/airflow/.local/lib/python3.9/site-packages/airflow/example_dags/example_short_circuit_operator.py
[2025-12-11T23:35:02.931+0000] {processor.py:840} INFO - DAG(s) 'example_short_circuit_operator' retrieved from /home/airflow/.local/lib/python3.9/site-packages/airflow/example_dags/example_short_circuit_operator.py
[2025-12-11T23:35:02.987+0000] {logging_mixin.py:188} INFO - [2025-12-11T23:35:02.986+0000] {dag.py:3096} INFO - Sync 1 DAGs
[2025-12-11T23:35:03.039+0000] {logging_mixin.py:188} INFO - [2025-12-11T23:35:03.038+0000] {dag.py:3954} INFO - Setting next_dagrun for example_short_circuit_operator to 2025-12-10 00:00:00+00:00, run_after=2025-12-11 00:00:00+00:00
[2025-12-11T23:35:03.083+0000] {processor.py:183} INFO - Processing /home/airflow/.local/lib/python3.9/site-packages/airflow/example_dags/example_short_circuit_operator.py took 0.186 seconds
[2025-12-11T23:35:33.487+0000] {processor.py:161} INFO - Started process (PID=5800) to work on /home/airflow/.local/lib/python3.9/site-packages/airflow/example_dags/example_short_circuit_operator.py
[2025-12-11T23:35:33.492+0000] {processor.py:830} INFO - Processing file /home/airflow/.local/lib/python3.9/site-packages/airflow/example_dags/example_short_circuit_operator.py for tasks to queue
[2025-12-11T23:35:33.495+0000] {logging_mixin.py:188} INFO - [2025-12-11T23:35:33.495+0000] {dagbag.py:545} INFO - Filling up the DagBag from /home/airflow/.local/lib/python3.9/site-packages/airflow/example_dags/example_short_circuit_operator.py
[2025-12-11T23:35:33.512+0000] {processor.py:840} INFO - DAG(s) 'example_short_circuit_operator' retrieved from /home/airflow/.local/lib/python3.9/site-packages/airflow/example_dags/example_short_circuit_operator.py
[2025-12-11T23:35:33.568+0000] {logging_mixin.py:188} INFO - [2025-12-11T23:35:33.568+0000] {dag.py:3096} INFO - Sync 1 DAGs
[2025-12-11T23:35:33.619+0000] {logging_mixin.py:188} INFO - [2025-12-11T23:35:33.619+0000] {dag.py:3954} INFO - Setting next_dagrun for example_short_circuit_operator to 2025-12-10 00:00:00+00:00, run_after=2025-12-11 00:00:00+00:00
[2025-12-11T23:35:33.659+0000] {processor.py:183} INFO - Processing /home/airflow/.local/lib/python3.9/site-packages/airflow/example_dags/example_short_circuit_operator.py took 0.194 seconds
[2025-12-11T23:36:03.753+0000] {processor.py:161} INFO - Started process (PID=5867) to work on /home/airflow/.local/lib/python3.9/site-packages/airflow/example_dags/example_short_circuit_operator.py
[2025-12-11T23:36:03.755+0000] {processor.py:830} INFO - Processing file /home/airflow/.local/lib/python3.9/site-packages/airflow/example_dags/example_short_circuit_operator.py for tasks to queue
[2025-12-11T23:36:03.758+0000] {logging_mixin.py:188} INFO - [2025-12-11T23:36:03.757+0000] {dagbag.py:545} INFO - Filling up the DagBag from /home/airflow/.local/lib/python3.9/site-packages/airflow/example_dags/example_short_circuit_operator.py
[2025-12-11T23:36:03.770+0000] {processor.py:840} INFO - DAG(s) 'example_short_circuit_operator' retrieved from /home/airflow/.local/lib/python3.9/site-packages/airflow/example_dags/example_short_circuit_operator.py
[2025-12-11T23:36:03.816+0000] {logging_mixin.py:188} INFO - [2025-12-11T23:36:03.815+0000] {dag.py:3096} INFO - Sync 1 DAGs
[2025-12-11T23:36:03.858+0000] {logging_mixin.py:188} INFO - [2025-12-11T23:36:03.858+0000] {dag.py:3954} INFO - Setting next_dagrun for example_short_circuit_operator to 2025-12-10 00:00:00+00:00, run_after=2025-12-11 00:00:00+00:00
[2025-12-11T23:36:03.888+0000] {processor.py:183} INFO - Processing /home/airflow/.local/lib/python3.9/site-packages/airflow/example_dags/example_short_circuit_operator.py took 0.146 seconds
[2025-12-11T23:36:34.276+0000] {processor.py:161} INFO - Started process (PID=5934) to work on /home/airflow/.local/lib/python3.9/site-packages/airflow/example_dags/example_short_circuit_operator.py
[2025-12-11T23:36:34.343+0000] {processor.py:830} INFO - Processing file /home/airflow/.local/lib/python3.9/site-packages/airflow/example_dags/example_short_circuit_operator.py for tasks to queue
[2025-12-11T23:36:34.347+0000] {logging_mixin.py:188} INFO - [2025-12-11T23:36:34.346+0000] {dagbag.py:545} INFO - Filling up the DagBag from /home/airflow/.local/lib/python3.9/site-packages/airflow/example_dags/example_short_circuit_operator.py
[2025-12-11T23:36:34.362+0000] {processor.py:840} INFO - DAG(s) 'example_short_circuit_operator' retrieved from /home/airflow/.local/lib/python3.9/site-packages/airflow/example_dags/example_short_circuit_operator.py
[2025-12-11T23:36:34.404+0000] {logging_mixin.py:188} INFO - [2025-12-11T23:36:34.404+0000] {dag.py:3096} INFO - Sync 1 DAGs
[2025-12-11T23:36:34.446+0000] {logging_mixin.py:188} INFO - [2025-12-11T23:36:34.445+0000] {dag.py:3954} INFO - Setting next_dagrun for example_short_circuit_operator to 2025-12-10 00:00:00+00:00, run_after=2025-12-11 00:00:00+00:00
[2025-12-11T23:36:34.480+0000] {processor.py:183} INFO - Processing /home/airflow/.local/lib/python3.9/site-packages/airflow/example_dags/example_short_circuit_operator.py took 0.226 seconds
[2025-12-11T23:37:05.062+0000] {processor.py:161} INFO - Started process (PID=6001) to work on /home/airflow/.local/lib/python3.9/site-packages/airflow/example_dags/example_short_circuit_operator.py
[2025-12-11T23:37:05.063+0000] {processor.py:830} INFO - Processing file /home/airflow/.local/lib/python3.9/site-packages/airflow/example_dags/example_short_circuit_operator.py for tasks to queue
[2025-12-11T23:37:05.066+0000] {logging_mixin.py:188} INFO - [2025-12-11T23:37:05.065+0000] {dagbag.py:545} INFO - Filling up the DagBag from /home/airflow/.local/lib/python3.9/site-packages/airflow/example_dags/example_short_circuit_operator.py
[2025-12-11T23:37:05.077+0000] {processor.py:840} INFO - DAG(s) 'example_short_circuit_operator' retrieved from /home/airflow/.local/lib/python3.9/site-packages/airflow/example_dags/example_short_circuit_operator.py
[2025-12-11T23:37:05.122+0000] {logging_mixin.py:188} INFO - [2025-12-11T23:37:05.121+0000] {dag.py:3096} INFO - Sync 1 DAGs
[2025-12-11T23:37:05.179+0000] {logging_mixin.py:188} INFO - [2025-12-11T23:37:05.179+0000] {dag.py:3954} INFO - Setting next_dagrun for example_short_circuit_operator to 2025-12-10 00:00:00+00:00, run_after=2025-12-11 00:00:00+00:00
[2025-12-11T23:37:05.213+0000] {processor.py:183} INFO - Processing /home/airflow/.local/lib/python3.9/site-packages/airflow/example_dags/example_short_circuit_operator.py took 0.162 seconds
[2025-12-11T23:37:35.708+0000] {processor.py:161} INFO - Started process (PID=6068) to work on /home/airflow/.local/lib/python3.9/site-packages/airflow/example_dags/example_short_circuit_operator.py
[2025-12-11T23:37:35.710+0000] {processor.py:830} INFO - Processing file /home/airflow/.local/lib/python3.9/site-packages/airflow/example_dags/example_short_circuit_operator.py for tasks to queue
[2025-12-11T23:37:35.713+0000] {logging_mixin.py:188} INFO - [2025-12-11T23:37:35.712+0000] {dagbag.py:545} INFO - Filling up the DagBag from /home/airflow/.local/lib/python3.9/site-packages/airflow/example_dags/example_short_circuit_operator.py
[2025-12-11T23:37:35.724+0000] {processor.py:840} INFO - DAG(s) 'example_short_circuit_operator' retrieved from /home/airflow/.local/lib/python3.9/site-packages/airflow/example_dags/example_short_circuit_operator.py
[2025-12-11T23:37:35.763+0000] {logging_mixin.py:188} INFO - [2025-12-11T23:37:35.763+0000] {dag.py:3096} INFO - Sync 1 DAGs
[2025-12-11T23:37:35.802+0000] {logging_mixin.py:188} INFO - [2025-12-11T23:37:35.801+0000] {dag.py:3954} INFO - Setting next_dagrun for example_short_circuit_operator to 2025-12-10 00:00:00+00:00, run_after=2025-12-11 00:00:00+00:00
[2025-12-11T23:37:35.833+0000] {processor.py:183} INFO - Processing /home/airflow/.local/lib/python3.9/site-packages/airflow/example_dags/example_short_circuit_operator.py took 0.135 seconds
[2025-12-11T23:38:06.022+0000] {processor.py:161} INFO - Started process (PID=6135) to work on /home/airflow/.local/lib/python3.9/site-packages/airflow/example_dags/example_short_circuit_operator.py
[2025-12-11T23:38:06.030+0000] {processor.py:830} INFO - Processing file /home/airflow/.local/lib/python3.9/site-packages/airflow/example_dags/example_short_circuit_operator.py for tasks to queue
[2025-12-11T23:38:06.034+0000] {logging_mixin.py:188} INFO - [2025-12-11T23:38:06.033+0000] {dagbag.py:545} INFO - Filling up the DagBag from /home/airflow/.local/lib/python3.9/site-packages/airflow/example_dags/example_short_circuit_operator.py
[2025-12-11T23:38:06.050+0000] {processor.py:840} INFO - DAG(s) 'example_short_circuit_operator' retrieved from /home/airflow/.local/lib/python3.9/site-packages/airflow/example_dags/example_short_circuit_operator.py
[2025-12-11T23:38:06.111+0000] {logging_mixin.py:188} INFO - [2025-12-11T23:38:06.110+0000] {dag.py:3096} INFO - Sync 1 DAGs
[2025-12-11T23:38:06.164+0000] {logging_mixin.py:188} INFO - [2025-12-11T23:38:06.163+0000] {dag.py:3954} INFO - Setting next_dagrun for example_short_circuit_operator to 2025-12-10 00:00:00+00:00, run_after=2025-12-11 00:00:00+00:00
[2025-12-11T23:38:06.197+0000] {processor.py:183} INFO - Processing /home/airflow/.local/lib/python3.9/site-packages/airflow/example_dags/example_short_circuit_operator.py took 0.190 seconds
[2025-12-11T23:38:36.738+0000] {processor.py:161} INFO - Started process (PID=6202) to work on /home/airflow/.local/lib/python3.9/site-packages/airflow/example_dags/example_short_circuit_operator.py
[2025-12-11T23:38:36.744+0000] {processor.py:830} INFO - Processing file /home/airflow/.local/lib/python3.9/site-packages/airflow/example_dags/example_short_circuit_operator.py for tasks to queue
[2025-12-11T23:38:36.749+0000] {logging_mixin.py:188} INFO - [2025-12-11T23:38:36.748+0000] {dagbag.py:545} INFO - Filling up the DagBag from /home/airflow/.local/lib/python3.9/site-packages/airflow/example_dags/example_short_circuit_operator.py
[2025-12-11T23:38:36.768+0000] {processor.py:840} INFO - DAG(s) 'example_short_circuit_operator' retrieved from /home/airflow/.local/lib/python3.9/site-packages/airflow/example_dags/example_short_circuit_operator.py
[2025-12-11T23:38:36.825+0000] {logging_mixin.py:188} INFO - [2025-12-11T23:38:36.824+0000] {dag.py:3096} INFO - Sync 1 DAGs
[2025-12-11T23:38:36.871+0000] {logging_mixin.py:188} INFO - [2025-12-11T23:38:36.871+0000] {dag.py:3954} INFO - Setting next_dagrun for example_short_circuit_operator to 2025-12-10 00:00:00+00:00, run_after=2025-12-11 00:00:00+00:00
[2025-12-11T23:38:36.910+0000] {processor.py:183} INFO - Processing /home/airflow/.local/lib/python3.9/site-packages/airflow/example_dags/example_short_circuit_operator.py took 0.187 seconds
[2025-12-11T23:39:07.666+0000] {processor.py:161} INFO - Started process (PID=6269) to work on /home/airflow/.local/lib/python3.9/site-packages/airflow/example_dags/example_short_circuit_operator.py
[2025-12-11T23:39:07.673+0000] {processor.py:830} INFO - Processing file /home/airflow/.local/lib/python3.9/site-packages/airflow/example_dags/example_short_circuit_operator.py for tasks to queue
[2025-12-11T23:39:07.676+0000] {logging_mixin.py:188} INFO - [2025-12-11T23:39:07.676+0000] {dagbag.py:545} INFO - Filling up the DagBag from /home/airflow/.local/lib/python3.9/site-packages/airflow/example_dags/example_short_circuit_operator.py
[2025-12-11T23:39:07.688+0000] {processor.py:840} INFO - DAG(s) 'example_short_circuit_operator' retrieved from /home/airflow/.local/lib/python3.9/site-packages/airflow/example_dags/example_short_circuit_operator.py
[2025-12-11T23:39:07.733+0000] {logging_mixin.py:188} INFO - [2025-12-11T23:39:07.732+0000] {dag.py:3096} INFO - Sync 1 DAGs
[2025-12-11T23:39:07.780+0000] {logging_mixin.py:188} INFO - [2025-12-11T23:39:07.779+0000] {dag.py:3954} INFO - Setting next_dagrun for example_short_circuit_operator to 2025-12-10 00:00:00+00:00, run_after=2025-12-11 00:00:00+00:00
[2025-12-11T23:39:07.818+0000] {processor.py:183} INFO - Processing /home/airflow/.local/lib/python3.9/site-packages/airflow/example_dags/example_short_circuit_operator.py took 0.163 seconds
[2025-12-11T23:39:38.389+0000] {processor.py:161} INFO - Started process (PID=6336) to work on /home/airflow/.local/lib/python3.9/site-packages/airflow/example_dags/example_short_circuit_operator.py
[2025-12-11T23:39:38.396+0000] {processor.py:830} INFO - Processing file /home/airflow/.local/lib/python3.9/site-packages/airflow/example_dags/example_short_circuit_operator.py for tasks to queue
[2025-12-11T23:39:38.399+0000] {logging_mixin.py:188} INFO - [2025-12-11T23:39:38.399+0000] {dagbag.py:545} INFO - Filling up the DagBag from /home/airflow/.local/lib/python3.9/site-packages/airflow/example_dags/example_short_circuit_operator.py
[2025-12-11T23:39:38.411+0000] {processor.py:840} INFO - DAG(s) 'example_short_circuit_operator' retrieved from /home/airflow/.local/lib/python3.9/site-packages/airflow/example_dags/example_short_circuit_operator.py
[2025-12-11T23:39:38.474+0000] {logging_mixin.py:188} INFO - [2025-12-11T23:39:38.474+0000] {dag.py:3096} INFO - Sync 1 DAGs
[2025-12-11T23:39:38.551+0000] {logging_mixin.py:188} INFO - [2025-12-11T23:39:38.551+0000] {dag.py:3954} INFO - Setting next_dagrun for example_short_circuit_operator to 2025-12-10 00:00:00+00:00, run_after=2025-12-11 00:00:00+00:00
[2025-12-11T23:39:38.595+0000] {processor.py:183} INFO - Processing /home/airflow/.local/lib/python3.9/site-packages/airflow/example_dags/example_short_circuit_operator.py took 0.218 seconds
[2025-12-11T23:40:08.759+0000] {processor.py:161} INFO - Started process (PID=6403) to work on /home/airflow/.local/lib/python3.9/site-packages/airflow/example_dags/example_short_circuit_operator.py
[2025-12-11T23:40:08.760+0000] {processor.py:830} INFO - Processing file /home/airflow/.local/lib/python3.9/site-packages/airflow/example_dags/example_short_circuit_operator.py for tasks to queue
[2025-12-11T23:40:08.763+0000] {logging_mixin.py:188} INFO - [2025-12-11T23:40:08.763+0000] {dagbag.py:545} INFO - Filling up the DagBag from /home/airflow/.local/lib/python3.9/site-packages/airflow/example_dags/example_short_circuit_operator.py
[2025-12-11T23:40:08.774+0000] {processor.py:840} INFO - DAG(s) 'example_short_circuit_operator' retrieved from /home/airflow/.local/lib/python3.9/site-packages/airflow/example_dags/example_short_circuit_operator.py
[2025-12-11T23:40:08.822+0000] {logging_mixin.py:188} INFO - [2025-12-11T23:40:08.821+0000] {dag.py:3096} INFO - Sync 1 DAGs
[2025-12-11T23:40:08.861+0000] {logging_mixin.py:188} INFO - [2025-12-11T23:40:08.861+0000] {dag.py:3954} INFO - Setting next_dagrun for example_short_circuit_operator to 2025-12-10 00:00:00+00:00, run_after=2025-12-11 00:00:00+00:00
[2025-12-11T23:40:08.892+0000] {processor.py:183} INFO - Processing /home/airflow/.local/lib/python3.9/site-packages/airflow/example_dags/example_short_circuit_operator.py took 0.144 seconds
[2025-12-11T23:40:39.272+0000] {processor.py:161} INFO - Started process (PID=6470) to work on /home/airflow/.local/lib/python3.9/site-packages/airflow/example_dags/example_short_circuit_operator.py
[2025-12-11T23:40:39.282+0000] {processor.py:830} INFO - Processing file /home/airflow/.local/lib/python3.9/site-packages/airflow/example_dags/example_short_circuit_operator.py for tasks to queue
[2025-12-11T23:40:39.284+0000] {logging_mixin.py:188} INFO - [2025-12-11T23:40:39.284+0000] {dagbag.py:545} INFO - Filling up the DagBag from /home/airflow/.local/lib/python3.9/site-packages/airflow/example_dags/example_short_circuit_operator.py
[2025-12-11T23:40:39.296+0000] {processor.py:840} INFO - DAG(s) 'example_short_circuit_operator' retrieved from /home/airflow/.local/lib/python3.9/site-packages/airflow/example_dags/example_short_circuit_operator.py
[2025-12-11T23:40:39.337+0000] {logging_mixin.py:188} INFO - [2025-12-11T23:40:39.336+0000] {dag.py:3096} INFO - Sync 1 DAGs
[2025-12-11T23:40:39.378+0000] {logging_mixin.py:188} INFO - [2025-12-11T23:40:39.378+0000] {dag.py:3954} INFO - Setting next_dagrun for example_short_circuit_operator to 2025-12-10 00:00:00+00:00, run_after=2025-12-11 00:00:00+00:00
[2025-12-11T23:40:39.409+0000] {processor.py:183} INFO - Processing /home/airflow/.local/lib/python3.9/site-packages/airflow/example_dags/example_short_circuit_operator.py took 0.149 seconds
[2025-12-11T23:41:09.929+0000] {processor.py:161} INFO - Started process (PID=6537) to work on /home/airflow/.local/lib/python3.9/site-packages/airflow/example_dags/example_short_circuit_operator.py
[2025-12-11T23:41:09.931+0000] {processor.py:830} INFO - Processing file /home/airflow/.local/lib/python3.9/site-packages/airflow/example_dags/example_short_circuit_operator.py for tasks to queue
[2025-12-11T23:41:09.933+0000] {logging_mixin.py:188} INFO - [2025-12-11T23:41:09.933+0000] {dagbag.py:545} INFO - Filling up the DagBag from /home/airflow/.local/lib/python3.9/site-packages/airflow/example_dags/example_short_circuit_operator.py
[2025-12-11T23:41:09.952+0000] {processor.py:840} INFO - DAG(s) 'example_short_circuit_operator' retrieved from /home/airflow/.local/lib/python3.9/site-packages/airflow/example_dags/example_short_circuit_operator.py
[2025-12-11T23:41:10.029+0000] {logging_mixin.py:188} INFO - [2025-12-11T23:41:10.021+0000] {dag.py:3096} INFO - Sync 1 DAGs
[2025-12-11T23:41:10.096+0000] {logging_mixin.py:188} INFO - [2025-12-11T23:41:10.095+0000] {dag.py:3954} INFO - Setting next_dagrun for example_short_circuit_operator to 2025-12-10 00:00:00+00:00, run_after=2025-12-11 00:00:00+00:00
[2025-12-11T23:41:10.156+0000] {processor.py:183} INFO - Processing /home/airflow/.local/lib/python3.9/site-packages/airflow/example_dags/example_short_circuit_operator.py took 0.245 seconds
[2025-12-11T23:41:40.270+0000] {processor.py:161} INFO - Started process (PID=6611) to work on /home/airflow/.local/lib/python3.9/site-packages/airflow/example_dags/example_short_circuit_operator.py
[2025-12-11T23:41:40.272+0000] {processor.py:830} INFO - Processing file /home/airflow/.local/lib/python3.9/site-packages/airflow/example_dags/example_short_circuit_operator.py for tasks to queue
[2025-12-11T23:41:40.276+0000] {logging_mixin.py:188} INFO - [2025-12-11T23:41:40.275+0000] {dagbag.py:545} INFO - Filling up the DagBag from /home/airflow/.local/lib/python3.9/site-packages/airflow/example_dags/example_short_circuit_operator.py
[2025-12-11T23:41:40.313+0000] {processor.py:840} INFO - DAG(s) 'example_short_circuit_operator' retrieved from /home/airflow/.local/lib/python3.9/site-packages/airflow/example_dags/example_short_circuit_operator.py
[2025-12-11T23:41:40.473+0000] {logging_mixin.py:188} INFO - [2025-12-11T23:41:40.472+0000] {dag.py:3096} INFO - Sync 1 DAGs
[2025-12-11T23:41:40.611+0000] {logging_mixin.py:188} INFO - [2025-12-11T23:41:40.611+0000] {dag.py:3954} INFO - Setting next_dagrun for example_short_circuit_operator to 2025-12-10 00:00:00+00:00, run_after=2025-12-11 00:00:00+00:00
[2025-12-11T23:41:40.694+0000] {processor.py:183} INFO - Processing /home/airflow/.local/lib/python3.9/site-packages/airflow/example_dags/example_short_circuit_operator.py took 0.456 seconds
[2025-12-11T23:42:11.421+0000] {processor.py:161} INFO - Started process (PID=6678) to work on /home/airflow/.local/lib/python3.9/site-packages/airflow/example_dags/example_short_circuit_operator.py
[2025-12-11T23:42:11.424+0000] {processor.py:830} INFO - Processing file /home/airflow/.local/lib/python3.9/site-packages/airflow/example_dags/example_short_circuit_operator.py for tasks to queue
[2025-12-11T23:42:11.436+0000] {logging_mixin.py:188} INFO - [2025-12-11T23:42:11.436+0000] {dagbag.py:545} INFO - Filling up the DagBag from /home/airflow/.local/lib/python3.9/site-packages/airflow/example_dags/example_short_circuit_operator.py
[2025-12-11T23:42:11.460+0000] {processor.py:840} INFO - DAG(s) 'example_short_circuit_operator' retrieved from /home/airflow/.local/lib/python3.9/site-packages/airflow/example_dags/example_short_circuit_operator.py
[2025-12-11T23:42:11.578+0000] {logging_mixin.py:188} INFO - [2025-12-11T23:42:11.577+0000] {dag.py:3096} INFO - Sync 1 DAGs
[2025-12-11T23:42:11.691+0000] {logging_mixin.py:188} INFO - [2025-12-11T23:42:11.691+0000] {dag.py:3954} INFO - Setting next_dagrun for example_short_circuit_operator to 2025-12-10 00:00:00+00:00, run_after=2025-12-11 00:00:00+00:00
[2025-12-11T23:42:11.762+0000] {processor.py:183} INFO - Processing /home/airflow/.local/lib/python3.9/site-packages/airflow/example_dags/example_short_circuit_operator.py took 0.389 seconds
