[2025-12-11T22:52:15.890+0000] {processor.py:161} INFO - Started process (PID=119) to work on /home/airflow/.local/lib/python3.9/site-packages/airflow/example_dags/example_subdag_operator.py
[2025-12-11T22:52:15.892+0000] {processor.py:830} INFO - Processing file /home/airflow/.local/lib/python3.9/site-packages/airflow/example_dags/example_subdag_operator.py for tasks to queue
[2025-12-11T22:52:15.909+0000] {logging_mixin.py:188} INFO - [2025-12-11T22:52:15.894+0000] {dagbag.py:545} INFO - Filling up the DagBag from /home/airflow/.local/lib/python3.9/site-packages/airflow/example_dags/example_subdag_operator.py
[2025-12-11T22:52:16.191+0000] {processor.py:840} INFO - DAG(s) 'example_subdag_operator.section-1', 'example_subdag_operator.section-2', 'example_subdag_operator' retrieved from /home/airflow/.local/lib/python3.9/site-packages/airflow/example_dags/example_subdag_operator.py
[2025-12-11T22:52:17.056+0000] {logging_mixin.py:188} INFO - [2025-12-11T22:52:17.055+0000] {dag.py:3096} INFO - Sync 3 DAGs
[2025-12-11T22:52:17.255+0000] {logging_mixin.py:188} INFO - [2025-12-11T22:52:17.255+0000] {dag.py:3954} INFO - Setting next_dagrun for example_subdag_operator to 2022-01-01 00:00:00+00:00, run_after=2022-01-01 00:00:00+00:00
[2025-12-11T22:52:17.291+0000] {logging_mixin.py:188} INFO - [2025-12-11T22:52:17.290+0000] {dag.py:3954} INFO - Setting next_dagrun for example_subdag_operator.section-1 to None, run_after=None
[2025-12-11T22:52:17.391+0000] {logging_mixin.py:188} INFO - [2025-12-11T22:52:17.390+0000] {dag.py:3954} INFO - Setting next_dagrun for example_subdag_operator.section-2 to None, run_after=None
[2025-12-11T22:52:17.490+0000] {logging_mixin.py:188} INFO - [2025-12-11T22:52:17.490+0000] {dag.py:3096} INFO - Sync 2 DAGs
[2025-12-11T22:52:17.614+0000] {logging_mixin.py:188} INFO - [2025-12-11T22:52:17.614+0000] {dag.py:3954} INFO - Setting next_dagrun for example_subdag_operator.section-1 to None, run_after=None
[2025-12-11T22:52:17.630+0000] {logging_mixin.py:188} INFO - [2025-12-11T22:52:17.629+0000] {dag.py:3954} INFO - Setting next_dagrun for example_subdag_operator.section-2 to None, run_after=None
[2025-12-11T22:52:17.854+0000] {processor.py:183} INFO - Processing /home/airflow/.local/lib/python3.9/site-packages/airflow/example_dags/example_subdag_operator.py took 2.019 seconds
[2025-12-11T22:52:54.557+0000] {processor.py:161} INFO - Started process (PID=185) to work on /home/airflow/.local/lib/python3.9/site-packages/airflow/example_dags/example_subdag_operator.py
[2025-12-11T22:52:54.560+0000] {processor.py:830} INFO - Processing file /home/airflow/.local/lib/python3.9/site-packages/airflow/example_dags/example_subdag_operator.py for tasks to queue
[2025-12-11T22:52:54.574+0000] {logging_mixin.py:188} INFO - [2025-12-11T22:52:54.574+0000] {dagbag.py:545} INFO - Filling up the DagBag from /home/airflow/.local/lib/python3.9/site-packages/airflow/example_dags/example_subdag_operator.py
[2025-12-11T22:52:54.712+0000] {processor.py:840} INFO - DAG(s) 'example_subdag_operator.section-1', 'example_subdag_operator.section-2', 'example_subdag_operator' retrieved from /home/airflow/.local/lib/python3.9/site-packages/airflow/example_dags/example_subdag_operator.py
[2025-12-11T22:52:54.792+0000] {logging_mixin.py:188} INFO - [2025-12-11T22:52:54.792+0000] {dag.py:3096} INFO - Sync 3 DAGs
[2025-12-11T22:52:54.933+0000] {logging_mixin.py:188} INFO - [2025-12-11T22:52:54.932+0000] {dag.py:3954} INFO - Setting next_dagrun for example_subdag_operator to 2022-01-01 00:00:00+00:00, run_after=2022-01-01 00:00:00+00:00
[2025-12-11T22:52:54.950+0000] {logging_mixin.py:188} INFO - [2025-12-11T22:52:54.941+0000] {dag.py:3954} INFO - Setting next_dagrun for example_subdag_operator.section-1 to None, run_after=None
[2025-12-11T22:52:54.955+0000] {logging_mixin.py:188} INFO - [2025-12-11T22:52:54.954+0000] {dag.py:3954} INFO - Setting next_dagrun for example_subdag_operator.section-2 to None, run_after=None
[2025-12-11T22:52:54.992+0000] {logging_mixin.py:188} INFO - [2025-12-11T22:52:54.991+0000] {dag.py:3096} INFO - Sync 2 DAGs
[2025-12-11T22:52:55.030+0000] {logging_mixin.py:188} INFO - [2025-12-11T22:52:55.030+0000] {dag.py:3954} INFO - Setting next_dagrun for example_subdag_operator.section-1 to None, run_after=None
[2025-12-11T22:52:55.031+0000] {logging_mixin.py:188} INFO - [2025-12-11T22:52:55.031+0000] {dag.py:3954} INFO - Setting next_dagrun for example_subdag_operator.section-2 to None, run_after=None
[2025-12-11T22:52:55.193+0000] {processor.py:183} INFO - Processing /home/airflow/.local/lib/python3.9/site-packages/airflow/example_dags/example_subdag_operator.py took 0.681 seconds
[2025-12-11T22:53:25.357+0000] {processor.py:161} INFO - Started process (PID=244) to work on /home/airflow/.local/lib/python3.9/site-packages/airflow/example_dags/example_subdag_operator.py
[2025-12-11T22:53:25.367+0000] {processor.py:830} INFO - Processing file /home/airflow/.local/lib/python3.9/site-packages/airflow/example_dags/example_subdag_operator.py for tasks to queue
[2025-12-11T22:53:25.370+0000] {logging_mixin.py:188} INFO - [2025-12-11T22:53:25.369+0000] {dagbag.py:545} INFO - Filling up the DagBag from /home/airflow/.local/lib/python3.9/site-packages/airflow/example_dags/example_subdag_operator.py
[2025-12-11T22:53:25.417+0000] {processor.py:840} INFO - DAG(s) 'example_subdag_operator.section-1', 'example_subdag_operator.section-2', 'example_subdag_operator' retrieved from /home/airflow/.local/lib/python3.9/site-packages/airflow/example_dags/example_subdag_operator.py
[2025-12-11T22:53:25.553+0000] {logging_mixin.py:188} INFO - [2025-12-11T22:53:25.553+0000] {dag.py:3096} INFO - Sync 3 DAGs
[2025-12-11T22:53:25.587+0000] {logging_mixin.py:188} INFO - [2025-12-11T22:53:25.586+0000] {dag.py:3954} INFO - Setting next_dagrun for example_subdag_operator to 2022-01-01 00:00:00+00:00, run_after=2022-01-01 00:00:00+00:00
[2025-12-11T22:53:25.594+0000] {logging_mixin.py:188} INFO - [2025-12-11T22:53:25.594+0000] {dag.py:3954} INFO - Setting next_dagrun for example_subdag_operator.section-1 to None, run_after=None
[2025-12-11T22:53:25.596+0000] {logging_mixin.py:188} INFO - [2025-12-11T22:53:25.595+0000] {dag.py:3954} INFO - Setting next_dagrun for example_subdag_operator.section-2 to None, run_after=None
[2025-12-11T22:53:25.608+0000] {logging_mixin.py:188} INFO - [2025-12-11T22:53:25.607+0000] {dag.py:3096} INFO - Sync 2 DAGs
[2025-12-11T22:53:25.615+0000] {logging_mixin.py:188} INFO - [2025-12-11T22:53:25.615+0000] {dag.py:3954} INFO - Setting next_dagrun for example_subdag_operator.section-1 to None, run_after=None
[2025-12-11T22:53:25.616+0000] {logging_mixin.py:188} INFO - [2025-12-11T22:53:25.615+0000] {dag.py:3954} INFO - Setting next_dagrun for example_subdag_operator.section-2 to None, run_after=None
[2025-12-11T22:53:25.635+0000] {processor.py:183} INFO - Processing /home/airflow/.local/lib/python3.9/site-packages/airflow/example_dags/example_subdag_operator.py took 0.290 seconds
[2025-12-11T22:53:57.279+0000] {processor.py:161} INFO - Started process (PID=310) to work on /home/airflow/.local/lib/python3.9/site-packages/airflow/example_dags/example_subdag_operator.py
[2025-12-11T22:53:57.282+0000] {processor.py:830} INFO - Processing file /home/airflow/.local/lib/python3.9/site-packages/airflow/example_dags/example_subdag_operator.py for tasks to queue
[2025-12-11T22:53:57.291+0000] {logging_mixin.py:188} INFO - [2025-12-11T22:53:57.290+0000] {dagbag.py:545} INFO - Filling up the DagBag from /home/airflow/.local/lib/python3.9/site-packages/airflow/example_dags/example_subdag_operator.py
[2025-12-11T22:53:57.397+0000] {processor.py:840} INFO - DAG(s) 'example_subdag_operator.section-1', 'example_subdag_operator.section-2', 'example_subdag_operator' retrieved from /home/airflow/.local/lib/python3.9/site-packages/airflow/example_dags/example_subdag_operator.py
[2025-12-11T22:53:57.454+0000] {logging_mixin.py:188} INFO - [2025-12-11T22:53:57.454+0000] {dag.py:3096} INFO - Sync 3 DAGs
[2025-12-11T22:53:57.535+0000] {logging_mixin.py:188} INFO - [2025-12-11T22:53:57.534+0000] {dag.py:3954} INFO - Setting next_dagrun for example_subdag_operator to 2022-01-01 00:00:00+00:00, run_after=2022-01-01 00:00:00+00:00
[2025-12-11T22:53:57.553+0000] {logging_mixin.py:188} INFO - [2025-12-11T22:53:57.552+0000] {dag.py:3954} INFO - Setting next_dagrun for example_subdag_operator.section-1 to None, run_after=None
[2025-12-11T22:53:57.555+0000] {logging_mixin.py:188} INFO - [2025-12-11T22:53:57.555+0000] {dag.py:3954} INFO - Setting next_dagrun for example_subdag_operator.section-2 to None, run_after=None
[2025-12-11T22:53:57.576+0000] {logging_mixin.py:188} INFO - [2025-12-11T22:53:57.575+0000] {dag.py:3096} INFO - Sync 2 DAGs
[2025-12-11T22:53:57.612+0000] {logging_mixin.py:188} INFO - [2025-12-11T22:53:57.611+0000] {dag.py:3954} INFO - Setting next_dagrun for example_subdag_operator.section-1 to None, run_after=None
[2025-12-11T22:53:57.612+0000] {logging_mixin.py:188} INFO - [2025-12-11T22:53:57.612+0000] {dag.py:3954} INFO - Setting next_dagrun for example_subdag_operator.section-2 to None, run_after=None
[2025-12-11T22:53:57.655+0000] {processor.py:183} INFO - Processing /home/airflow/.local/lib/python3.9/site-packages/airflow/example_dags/example_subdag_operator.py took 0.396 seconds
[2025-12-11T22:54:28.796+0000] {processor.py:161} INFO - Started process (PID=376) to work on /home/airflow/.local/lib/python3.9/site-packages/airflow/example_dags/example_subdag_operator.py
[2025-12-11T22:54:28.798+0000] {processor.py:830} INFO - Processing file /home/airflow/.local/lib/python3.9/site-packages/airflow/example_dags/example_subdag_operator.py for tasks to queue
[2025-12-11T22:54:28.809+0000] {logging_mixin.py:188} INFO - [2025-12-11T22:54:28.801+0000] {dagbag.py:545} INFO - Filling up the DagBag from /home/airflow/.local/lib/python3.9/site-packages/airflow/example_dags/example_subdag_operator.py
[2025-12-11T22:54:28.890+0000] {processor.py:840} INFO - DAG(s) 'example_subdag_operator.section-1', 'example_subdag_operator.section-2', 'example_subdag_operator' retrieved from /home/airflow/.local/lib/python3.9/site-packages/airflow/example_dags/example_subdag_operator.py
[2025-12-11T22:54:28.932+0000] {logging_mixin.py:188} INFO - [2025-12-11T22:54:28.931+0000] {dag.py:3096} INFO - Sync 3 DAGs
[2025-12-11T22:54:29.045+0000] {logging_mixin.py:188} INFO - [2025-12-11T22:54:29.044+0000] {dag.py:3954} INFO - Setting next_dagrun for example_subdag_operator to 2022-01-01 00:00:00+00:00, run_after=2022-01-01 00:00:00+00:00
[2025-12-11T22:54:29.053+0000] {logging_mixin.py:188} INFO - [2025-12-11T22:54:29.052+0000] {dag.py:3954} INFO - Setting next_dagrun for example_subdag_operator.section-1 to None, run_after=None
[2025-12-11T22:54:29.055+0000] {logging_mixin.py:188} INFO - [2025-12-11T22:54:29.055+0000] {dag.py:3954} INFO - Setting next_dagrun for example_subdag_operator.section-2 to None, run_after=None
[2025-12-11T22:54:29.077+0000] {logging_mixin.py:188} INFO - [2025-12-11T22:54:29.077+0000] {dag.py:3096} INFO - Sync 2 DAGs
[2025-12-11T22:54:29.097+0000] {logging_mixin.py:188} INFO - [2025-12-11T22:54:29.097+0000] {dag.py:3954} INFO - Setting next_dagrun for example_subdag_operator.section-1 to None, run_after=None
[2025-12-11T22:54:29.098+0000] {logging_mixin.py:188} INFO - [2025-12-11T22:54:29.098+0000] {dag.py:3954} INFO - Setting next_dagrun for example_subdag_operator.section-2 to None, run_after=None
[2025-12-11T22:54:29.122+0000] {processor.py:183} INFO - Processing /home/airflow/.local/lib/python3.9/site-packages/airflow/example_dags/example_subdag_operator.py took 0.346 seconds
[2025-12-11T22:54:59.490+0000] {processor.py:161} INFO - Started process (PID=435) to work on /home/airflow/.local/lib/python3.9/site-packages/airflow/example_dags/example_subdag_operator.py
[2025-12-11T22:54:59.492+0000] {processor.py:830} INFO - Processing file /home/airflow/.local/lib/python3.9/site-packages/airflow/example_dags/example_subdag_operator.py for tasks to queue
[2025-12-11T22:54:59.495+0000] {logging_mixin.py:188} INFO - [2025-12-11T22:54:59.495+0000] {dagbag.py:545} INFO - Filling up the DagBag from /home/airflow/.local/lib/python3.9/site-packages/airflow/example_dags/example_subdag_operator.py
[2025-12-11T22:54:59.592+0000] {processor.py:840} INFO - DAG(s) 'example_subdag_operator.section-1', 'example_subdag_operator.section-2', 'example_subdag_operator' retrieved from /home/airflow/.local/lib/python3.9/site-packages/airflow/example_dags/example_subdag_operator.py
[2025-12-11T22:54:59.639+0000] {logging_mixin.py:188} INFO - [2025-12-11T22:54:59.639+0000] {dag.py:3096} INFO - Sync 3 DAGs
[2025-12-11T22:54:59.712+0000] {logging_mixin.py:188} INFO - [2025-12-11T22:54:59.712+0000] {dag.py:3954} INFO - Setting next_dagrun for example_subdag_operator to 2022-01-01 00:00:00+00:00, run_after=2022-01-01 00:00:00+00:00
[2025-12-11T22:54:59.720+0000] {logging_mixin.py:188} INFO - [2025-12-11T22:54:59.719+0000] {dag.py:3954} INFO - Setting next_dagrun for example_subdag_operator.section-1 to None, run_after=None
[2025-12-11T22:54:59.732+0000] {logging_mixin.py:188} INFO - [2025-12-11T22:54:59.732+0000] {dag.py:3954} INFO - Setting next_dagrun for example_subdag_operator.section-2 to None, run_after=None
[2025-12-11T22:54:59.751+0000] {logging_mixin.py:188} INFO - [2025-12-11T22:54:59.751+0000] {dag.py:3096} INFO - Sync 2 DAGs
[2025-12-11T22:54:59.760+0000] {logging_mixin.py:188} INFO - [2025-12-11T22:54:59.759+0000] {dag.py:3954} INFO - Setting next_dagrun for example_subdag_operator.section-1 to None, run_after=None
[2025-12-11T22:54:59.760+0000] {logging_mixin.py:188} INFO - [2025-12-11T22:54:59.760+0000] {dag.py:3954} INFO - Setting next_dagrun for example_subdag_operator.section-2 to None, run_after=None
[2025-12-11T22:54:59.791+0000] {processor.py:183} INFO - Processing /home/airflow/.local/lib/python3.9/site-packages/airflow/example_dags/example_subdag_operator.py took 0.335 seconds
[2025-12-11T22:55:29.917+0000] {processor.py:161} INFO - Started process (PID=501) to work on /home/airflow/.local/lib/python3.9/site-packages/airflow/example_dags/example_subdag_operator.py
[2025-12-11T22:55:29.919+0000] {processor.py:830} INFO - Processing file /home/airflow/.local/lib/python3.9/site-packages/airflow/example_dags/example_subdag_operator.py for tasks to queue
[2025-12-11T22:55:29.921+0000] {logging_mixin.py:188} INFO - [2025-12-11T22:55:29.921+0000] {dagbag.py:545} INFO - Filling up the DagBag from /home/airflow/.local/lib/python3.9/site-packages/airflow/example_dags/example_subdag_operator.py
[2025-12-11T22:55:29.965+0000] {processor.py:840} INFO - DAG(s) 'example_subdag_operator.section-1', 'example_subdag_operator.section-2', 'example_subdag_operator' retrieved from /home/airflow/.local/lib/python3.9/site-packages/airflow/example_dags/example_subdag_operator.py
[2025-12-11T22:55:29.995+0000] {logging_mixin.py:188} INFO - [2025-12-11T22:55:29.995+0000] {dag.py:3096} INFO - Sync 3 DAGs
[2025-12-11T22:55:30.042+0000] {logging_mixin.py:188} INFO - [2025-12-11T22:55:30.041+0000] {dag.py:3954} INFO - Setting next_dagrun for example_subdag_operator to 2022-01-01 00:00:00+00:00, run_after=2022-01-01 00:00:00+00:00
[2025-12-11T22:55:30.050+0000] {logging_mixin.py:188} INFO - [2025-12-11T22:55:30.049+0000] {dag.py:3954} INFO - Setting next_dagrun for example_subdag_operator.section-1 to None, run_after=None
[2025-12-11T22:55:30.052+0000] {logging_mixin.py:188} INFO - [2025-12-11T22:55:30.052+0000] {dag.py:3954} INFO - Setting next_dagrun for example_subdag_operator.section-2 to None, run_after=None
[2025-12-11T22:55:30.064+0000] {logging_mixin.py:188} INFO - [2025-12-11T22:55:30.064+0000] {dag.py:3096} INFO - Sync 2 DAGs
[2025-12-11T22:55:30.076+0000] {logging_mixin.py:188} INFO - [2025-12-11T22:55:30.075+0000] {dag.py:3954} INFO - Setting next_dagrun for example_subdag_operator.section-1 to None, run_after=None
[2025-12-11T22:55:30.077+0000] {logging_mixin.py:188} INFO - [2025-12-11T22:55:30.076+0000] {dag.py:3954} INFO - Setting next_dagrun for example_subdag_operator.section-2 to None, run_after=None
[2025-12-11T22:55:30.099+0000] {processor.py:183} INFO - Processing /home/airflow/.local/lib/python3.9/site-packages/airflow/example_dags/example_subdag_operator.py took 0.192 seconds
[2025-12-11T22:56:00.156+0000] {processor.py:161} INFO - Started process (PID=567) to work on /home/airflow/.local/lib/python3.9/site-packages/airflow/example_dags/example_subdag_operator.py
[2025-12-11T22:56:00.158+0000] {processor.py:830} INFO - Processing file /home/airflow/.local/lib/python3.9/site-packages/airflow/example_dags/example_subdag_operator.py for tasks to queue
[2025-12-11T22:56:00.160+0000] {logging_mixin.py:188} INFO - [2025-12-11T22:56:00.160+0000] {dagbag.py:545} INFO - Filling up the DagBag from /home/airflow/.local/lib/python3.9/site-packages/airflow/example_dags/example_subdag_operator.py
[2025-12-11T22:56:00.205+0000] {processor.py:840} INFO - DAG(s) 'example_subdag_operator.section-1', 'example_subdag_operator.section-2', 'example_subdag_operator' retrieved from /home/airflow/.local/lib/python3.9/site-packages/airflow/example_dags/example_subdag_operator.py
[2025-12-11T22:56:00.227+0000] {logging_mixin.py:188} INFO - [2025-12-11T22:56:00.227+0000] {dag.py:3096} INFO - Sync 3 DAGs
[2025-12-11T22:56:00.268+0000] {logging_mixin.py:188} INFO - [2025-12-11T22:56:00.267+0000] {dag.py:3954} INFO - Setting next_dagrun for example_subdag_operator to 2022-01-01 00:00:00+00:00, run_after=2022-01-01 00:00:00+00:00
[2025-12-11T22:56:00.273+0000] {logging_mixin.py:188} INFO - [2025-12-11T22:56:00.273+0000] {dag.py:3954} INFO - Setting next_dagrun for example_subdag_operator.section-1 to None, run_after=None
[2025-12-11T22:56:00.274+0000] {logging_mixin.py:188} INFO - [2025-12-11T22:56:00.274+0000] {dag.py:3954} INFO - Setting next_dagrun for example_subdag_operator.section-2 to None, run_after=None
[2025-12-11T22:56:00.285+0000] {logging_mixin.py:188} INFO - [2025-12-11T22:56:00.285+0000] {dag.py:3096} INFO - Sync 2 DAGs
[2025-12-11T22:56:00.291+0000] {logging_mixin.py:188} INFO - [2025-12-11T22:56:00.291+0000] {dag.py:3954} INFO - Setting next_dagrun for example_subdag_operator.section-1 to None, run_after=None
[2025-12-11T22:56:00.292+0000] {logging_mixin.py:188} INFO - [2025-12-11T22:56:00.291+0000] {dag.py:3954} INFO - Setting next_dagrun for example_subdag_operator.section-2 to None, run_after=None
[2025-12-11T22:56:00.307+0000] {processor.py:183} INFO - Processing /home/airflow/.local/lib/python3.9/site-packages/airflow/example_dags/example_subdag_operator.py took 0.161 seconds
[2025-12-11T22:56:30.691+0000] {processor.py:161} INFO - Started process (PID=633) to work on /home/airflow/.local/lib/python3.9/site-packages/airflow/example_dags/example_subdag_operator.py
[2025-12-11T22:56:30.693+0000] {processor.py:830} INFO - Processing file /home/airflow/.local/lib/python3.9/site-packages/airflow/example_dags/example_subdag_operator.py for tasks to queue
[2025-12-11T22:56:30.696+0000] {logging_mixin.py:188} INFO - [2025-12-11T22:56:30.696+0000] {dagbag.py:545} INFO - Filling up the DagBag from /home/airflow/.local/lib/python3.9/site-packages/airflow/example_dags/example_subdag_operator.py
[2025-12-11T22:56:30.795+0000] {processor.py:840} INFO - DAG(s) 'example_subdag_operator.section-1', 'example_subdag_operator.section-2', 'example_subdag_operator' retrieved from /home/airflow/.local/lib/python3.9/site-packages/airflow/example_dags/example_subdag_operator.py
[2025-12-11T22:56:30.854+0000] {logging_mixin.py:188} INFO - [2025-12-11T22:56:30.854+0000] {dag.py:3096} INFO - Sync 3 DAGs
[2025-12-11T22:56:30.957+0000] {logging_mixin.py:188} INFO - [2025-12-11T22:56:30.957+0000] {dag.py:3954} INFO - Setting next_dagrun for example_subdag_operator to 2022-01-01 00:00:00+00:00, run_after=2022-01-01 00:00:00+00:00
[2025-12-11T22:56:30.964+0000] {logging_mixin.py:188} INFO - [2025-12-11T22:56:30.964+0000] {dag.py:3954} INFO - Setting next_dagrun for example_subdag_operator.section-1 to None, run_after=None
[2025-12-11T22:56:30.966+0000] {logging_mixin.py:188} INFO - [2025-12-11T22:56:30.966+0000] {dag.py:3954} INFO - Setting next_dagrun for example_subdag_operator.section-2 to None, run_after=None
[2025-12-11T22:56:30.980+0000] {logging_mixin.py:188} INFO - [2025-12-11T22:56:30.980+0000] {dag.py:3096} INFO - Sync 2 DAGs
[2025-12-11T22:56:30.991+0000] {logging_mixin.py:188} INFO - [2025-12-11T22:56:30.990+0000] {dag.py:3954} INFO - Setting next_dagrun for example_subdag_operator.section-1 to None, run_after=None
[2025-12-11T22:56:30.992+0000] {logging_mixin.py:188} INFO - [2025-12-11T22:56:30.992+0000] {dag.py:3954} INFO - Setting next_dagrun for example_subdag_operator.section-2 to None, run_after=None
[2025-12-11T22:56:31.010+0000] {processor.py:183} INFO - Processing /home/airflow/.local/lib/python3.9/site-packages/airflow/example_dags/example_subdag_operator.py took 0.354 seconds
[2025-12-11T22:57:01.234+0000] {processor.py:161} INFO - Started process (PID=699) to work on /home/airflow/.local/lib/python3.9/site-packages/airflow/example_dags/example_subdag_operator.py
[2025-12-11T22:57:01.241+0000] {processor.py:830} INFO - Processing file /home/airflow/.local/lib/python3.9/site-packages/airflow/example_dags/example_subdag_operator.py for tasks to queue
[2025-12-11T22:57:01.244+0000] {logging_mixin.py:188} INFO - [2025-12-11T22:57:01.244+0000] {dagbag.py:545} INFO - Filling up the DagBag from /home/airflow/.local/lib/python3.9/site-packages/airflow/example_dags/example_subdag_operator.py
[2025-12-11T22:57:01.288+0000] {processor.py:840} INFO - DAG(s) 'example_subdag_operator.section-1', 'example_subdag_operator.section-2', 'example_subdag_operator' retrieved from /home/airflow/.local/lib/python3.9/site-packages/airflow/example_dags/example_subdag_operator.py
[2025-12-11T22:57:01.309+0000] {logging_mixin.py:188} INFO - [2025-12-11T22:57:01.309+0000] {dag.py:3096} INFO - Sync 3 DAGs
[2025-12-11T22:57:01.348+0000] {logging_mixin.py:188} INFO - [2025-12-11T22:57:01.347+0000] {dag.py:3954} INFO - Setting next_dagrun for example_subdag_operator to 2022-01-01 00:00:00+00:00, run_after=2022-01-01 00:00:00+00:00
[2025-12-11T22:57:01.353+0000] {logging_mixin.py:188} INFO - [2025-12-11T22:57:01.353+0000] {dag.py:3954} INFO - Setting next_dagrun for example_subdag_operator.section-1 to None, run_after=None
[2025-12-11T22:57:01.354+0000] {logging_mixin.py:188} INFO - [2025-12-11T22:57:01.354+0000] {dag.py:3954} INFO - Setting next_dagrun for example_subdag_operator.section-2 to None, run_after=None
[2025-12-11T22:57:01.364+0000] {logging_mixin.py:188} INFO - [2025-12-11T22:57:01.364+0000] {dag.py:3096} INFO - Sync 2 DAGs
[2025-12-11T22:57:01.372+0000] {logging_mixin.py:188} INFO - [2025-12-11T22:57:01.372+0000] {dag.py:3954} INFO - Setting next_dagrun for example_subdag_operator.section-1 to None, run_after=None
[2025-12-11T22:57:01.373+0000] {logging_mixin.py:188} INFO - [2025-12-11T22:57:01.373+0000] {dag.py:3954} INFO - Setting next_dagrun for example_subdag_operator.section-2 to None, run_after=None
[2025-12-11T22:57:01.614+0000] {processor.py:183} INFO - Processing /home/airflow/.local/lib/python3.9/site-packages/airflow/example_dags/example_subdag_operator.py took 0.399 seconds
[2025-12-11T22:57:31.730+0000] {processor.py:161} INFO - Started process (PID=765) to work on /home/airflow/.local/lib/python3.9/site-packages/airflow/example_dags/example_subdag_operator.py
[2025-12-11T22:57:31.732+0000] {processor.py:830} INFO - Processing file /home/airflow/.local/lib/python3.9/site-packages/airflow/example_dags/example_subdag_operator.py for tasks to queue
[2025-12-11T22:57:31.734+0000] {logging_mixin.py:188} INFO - [2025-12-11T22:57:31.734+0000] {dagbag.py:545} INFO - Filling up the DagBag from /home/airflow/.local/lib/python3.9/site-packages/airflow/example_dags/example_subdag_operator.py
[2025-12-11T22:57:31.780+0000] {processor.py:840} INFO - DAG(s) 'example_subdag_operator.section-1', 'example_subdag_operator.section-2', 'example_subdag_operator' retrieved from /home/airflow/.local/lib/python3.9/site-packages/airflow/example_dags/example_subdag_operator.py
[2025-12-11T22:57:31.804+0000] {logging_mixin.py:188} INFO - [2025-12-11T22:57:31.804+0000] {dag.py:3096} INFO - Sync 3 DAGs
[2025-12-11T22:57:31.841+0000] {logging_mixin.py:188} INFO - [2025-12-11T22:57:31.841+0000] {dag.py:3954} INFO - Setting next_dagrun for example_subdag_operator to 2022-01-01 00:00:00+00:00, run_after=2022-01-01 00:00:00+00:00
[2025-12-11T22:57:31.846+0000] {logging_mixin.py:188} INFO - [2025-12-11T22:57:31.846+0000] {dag.py:3954} INFO - Setting next_dagrun for example_subdag_operator.section-1 to None, run_after=None
[2025-12-11T22:57:31.848+0000] {logging_mixin.py:188} INFO - [2025-12-11T22:57:31.847+0000] {dag.py:3954} INFO - Setting next_dagrun for example_subdag_operator.section-2 to None, run_after=None
[2025-12-11T22:57:31.858+0000] {logging_mixin.py:188} INFO - [2025-12-11T22:57:31.857+0000] {dag.py:3096} INFO - Sync 2 DAGs
[2025-12-11T22:57:31.864+0000] {logging_mixin.py:188} INFO - [2025-12-11T22:57:31.863+0000] {dag.py:3954} INFO - Setting next_dagrun for example_subdag_operator.section-1 to None, run_after=None
[2025-12-11T22:57:31.864+0000] {logging_mixin.py:188} INFO - [2025-12-11T22:57:31.864+0000] {dag.py:3954} INFO - Setting next_dagrun for example_subdag_operator.section-2 to None, run_after=None
[2025-12-11T22:57:31.880+0000] {processor.py:183} INFO - Processing /home/airflow/.local/lib/python3.9/site-packages/airflow/example_dags/example_subdag_operator.py took 0.162 seconds
[2025-12-11T22:58:02.993+0000] {processor.py:161} INFO - Started process (PID=838) to work on /home/airflow/.local/lib/python3.9/site-packages/airflow/example_dags/example_subdag_operator.py
[2025-12-11T22:58:02.995+0000] {processor.py:830} INFO - Processing file /home/airflow/.local/lib/python3.9/site-packages/airflow/example_dags/example_subdag_operator.py for tasks to queue
[2025-12-11T22:58:02.998+0000] {logging_mixin.py:188} INFO - [2025-12-11T22:58:02.997+0000] {dagbag.py:545} INFO - Filling up the DagBag from /home/airflow/.local/lib/python3.9/site-packages/airflow/example_dags/example_subdag_operator.py
[2025-12-11T22:58:03.073+0000] {processor.py:840} INFO - DAG(s) 'example_subdag_operator.section-1', 'example_subdag_operator.section-2', 'example_subdag_operator' retrieved from /home/airflow/.local/lib/python3.9/site-packages/airflow/example_dags/example_subdag_operator.py
[2025-12-11T22:58:03.101+0000] {logging_mixin.py:188} INFO - [2025-12-11T22:58:03.100+0000] {dag.py:3096} INFO - Sync 3 DAGs
[2025-12-11T22:58:03.165+0000] {logging_mixin.py:188} INFO - [2025-12-11T22:58:03.164+0000] {dag.py:3954} INFO - Setting next_dagrun for example_subdag_operator to 2022-01-01 00:00:00+00:00, run_after=2022-01-01 00:00:00+00:00
[2025-12-11T22:58:03.176+0000] {logging_mixin.py:188} INFO - [2025-12-11T22:58:03.176+0000] {dag.py:3954} INFO - Setting next_dagrun for example_subdag_operator.section-1 to None, run_after=None
[2025-12-11T22:58:03.178+0000] {logging_mixin.py:188} INFO - [2025-12-11T22:58:03.178+0000] {dag.py:3954} INFO - Setting next_dagrun for example_subdag_operator.section-2 to None, run_after=None
[2025-12-11T22:58:03.194+0000] {logging_mixin.py:188} INFO - [2025-12-11T22:58:03.194+0000] {dag.py:3096} INFO - Sync 2 DAGs
[2025-12-11T22:58:03.202+0000] {logging_mixin.py:188} INFO - [2025-12-11T22:58:03.201+0000] {dag.py:3954} INFO - Setting next_dagrun for example_subdag_operator.section-1 to None, run_after=None
[2025-12-11T22:58:03.210+0000] {logging_mixin.py:188} INFO - [2025-12-11T22:58:03.209+0000] {dag.py:3954} INFO - Setting next_dagrun for example_subdag_operator.section-2 to None, run_after=None
[2025-12-11T22:58:03.237+0000] {processor.py:183} INFO - Processing /home/airflow/.local/lib/python3.9/site-packages/airflow/example_dags/example_subdag_operator.py took 0.261 seconds
[2025-12-11T22:58:33.673+0000] {processor.py:161} INFO - Started process (PID=904) to work on /home/airflow/.local/lib/python3.9/site-packages/airflow/example_dags/example_subdag_operator.py
[2025-12-11T22:58:33.675+0000] {processor.py:830} INFO - Processing file /home/airflow/.local/lib/python3.9/site-packages/airflow/example_dags/example_subdag_operator.py for tasks to queue
[2025-12-11T22:58:33.677+0000] {logging_mixin.py:188} INFO - [2025-12-11T22:58:33.677+0000] {dagbag.py:545} INFO - Filling up the DagBag from /home/airflow/.local/lib/python3.9/site-packages/airflow/example_dags/example_subdag_operator.py
[2025-12-11T22:58:33.771+0000] {processor.py:840} INFO - DAG(s) 'example_subdag_operator.section-1', 'example_subdag_operator.section-2', 'example_subdag_operator' retrieved from /home/airflow/.local/lib/python3.9/site-packages/airflow/example_dags/example_subdag_operator.py
[2025-12-11T22:58:33.818+0000] {logging_mixin.py:188} INFO - [2025-12-11T22:58:33.818+0000] {dag.py:3096} INFO - Sync 3 DAGs
[2025-12-11T22:58:33.879+0000] {logging_mixin.py:188} INFO - [2025-12-11T22:58:33.878+0000] {dag.py:3954} INFO - Setting next_dagrun for example_subdag_operator to 2022-01-01 00:00:00+00:00, run_after=2022-01-01 00:00:00+00:00
[2025-12-11T22:58:33.895+0000] {logging_mixin.py:188} INFO - [2025-12-11T22:58:33.894+0000] {dag.py:3954} INFO - Setting next_dagrun for example_subdag_operator.section-1 to None, run_after=None
[2025-12-11T22:58:33.896+0000] {logging_mixin.py:188} INFO - [2025-12-11T22:58:33.896+0000] {dag.py:3954} INFO - Setting next_dagrun for example_subdag_operator.section-2 to None, run_after=None
[2025-12-11T22:58:33.919+0000] {logging_mixin.py:188} INFO - [2025-12-11T22:58:33.918+0000] {dag.py:3096} INFO - Sync 2 DAGs
[2025-12-11T22:58:33.935+0000] {logging_mixin.py:188} INFO - [2025-12-11T22:58:33.935+0000] {dag.py:3954} INFO - Setting next_dagrun for example_subdag_operator.section-1 to None, run_after=None
[2025-12-11T22:58:33.935+0000] {logging_mixin.py:188} INFO - [2025-12-11T22:58:33.935+0000] {dag.py:3954} INFO - Setting next_dagrun for example_subdag_operator.section-2 to None, run_after=None
[2025-12-11T22:58:33.992+0000] {processor.py:183} INFO - Processing /home/airflow/.local/lib/python3.9/site-packages/airflow/example_dags/example_subdag_operator.py took 0.336 seconds
[2025-12-11T22:59:04.585+0000] {processor.py:161} INFO - Started process (PID=970) to work on /home/airflow/.local/lib/python3.9/site-packages/airflow/example_dags/example_subdag_operator.py
[2025-12-11T22:59:04.587+0000] {processor.py:830} INFO - Processing file /home/airflow/.local/lib/python3.9/site-packages/airflow/example_dags/example_subdag_operator.py for tasks to queue
[2025-12-11T22:59:04.591+0000] {logging_mixin.py:188} INFO - [2025-12-11T22:59:04.591+0000] {dagbag.py:545} INFO - Filling up the DagBag from /home/airflow/.local/lib/python3.9/site-packages/airflow/example_dags/example_subdag_operator.py
[2025-12-11T22:59:04.638+0000] {processor.py:840} INFO - DAG(s) 'example_subdag_operator.section-1', 'example_subdag_operator.section-2', 'example_subdag_operator' retrieved from /home/airflow/.local/lib/python3.9/site-packages/airflow/example_dags/example_subdag_operator.py
[2025-12-11T22:59:04.662+0000] {logging_mixin.py:188} INFO - [2025-12-11T22:59:04.662+0000] {dag.py:3096} INFO - Sync 3 DAGs
[2025-12-11T22:59:04.700+0000] {logging_mixin.py:188} INFO - [2025-12-11T22:59:04.699+0000] {dag.py:3954} INFO - Setting next_dagrun for example_subdag_operator to 2022-01-01 00:00:00+00:00, run_after=2022-01-01 00:00:00+00:00
[2025-12-11T22:59:04.706+0000] {logging_mixin.py:188} INFO - [2025-12-11T22:59:04.706+0000] {dag.py:3954} INFO - Setting next_dagrun for example_subdag_operator.section-1 to None, run_after=None
[2025-12-11T22:59:04.711+0000] {logging_mixin.py:188} INFO - [2025-12-11T22:59:04.710+0000] {dag.py:3954} INFO - Setting next_dagrun for example_subdag_operator.section-2 to None, run_after=None
[2025-12-11T22:59:04.723+0000] {logging_mixin.py:188} INFO - [2025-12-11T22:59:04.722+0000] {dag.py:3096} INFO - Sync 2 DAGs
[2025-12-11T22:59:04.733+0000] {logging_mixin.py:188} INFO - [2025-12-11T22:59:04.732+0000] {dag.py:3954} INFO - Setting next_dagrun for example_subdag_operator.section-1 to None, run_after=None
[2025-12-11T22:59:04.733+0000] {logging_mixin.py:188} INFO - [2025-12-11T22:59:04.733+0000] {dag.py:3954} INFO - Setting next_dagrun for example_subdag_operator.section-2 to None, run_after=None
[2025-12-11T22:59:04.750+0000] {processor.py:183} INFO - Processing /home/airflow/.local/lib/python3.9/site-packages/airflow/example_dags/example_subdag_operator.py took 0.176 seconds
[2025-12-11T22:59:35.455+0000] {processor.py:161} INFO - Started process (PID=1036) to work on /home/airflow/.local/lib/python3.9/site-packages/airflow/example_dags/example_subdag_operator.py
[2025-12-11T22:59:35.457+0000] {processor.py:830} INFO - Processing file /home/airflow/.local/lib/python3.9/site-packages/airflow/example_dags/example_subdag_operator.py for tasks to queue
[2025-12-11T22:59:35.471+0000] {logging_mixin.py:188} INFO - [2025-12-11T22:59:35.470+0000] {dagbag.py:545} INFO - Filling up the DagBag from /home/airflow/.local/lib/python3.9/site-packages/airflow/example_dags/example_subdag_operator.py
[2025-12-11T22:59:35.558+0000] {processor.py:840} INFO - DAG(s) 'example_subdag_operator.section-1', 'example_subdag_operator.section-2', 'example_subdag_operator' retrieved from /home/airflow/.local/lib/python3.9/site-packages/airflow/example_dags/example_subdag_operator.py
[2025-12-11T22:59:35.598+0000] {logging_mixin.py:188} INFO - [2025-12-11T22:59:35.598+0000] {dag.py:3096} INFO - Sync 3 DAGs
[2025-12-11T22:59:35.658+0000] {logging_mixin.py:188} INFO - [2025-12-11T22:59:35.657+0000] {dag.py:3954} INFO - Setting next_dagrun for example_subdag_operator to 2022-01-01 00:00:00+00:00, run_after=2022-01-01 00:00:00+00:00
[2025-12-11T22:59:35.663+0000] {logging_mixin.py:188} INFO - [2025-12-11T22:59:35.663+0000] {dag.py:3954} INFO - Setting next_dagrun for example_subdag_operator.section-1 to None, run_after=None
[2025-12-11T22:59:35.670+0000] {logging_mixin.py:188} INFO - [2025-12-11T22:59:35.670+0000] {dag.py:3954} INFO - Setting next_dagrun for example_subdag_operator.section-2 to None, run_after=None
[2025-12-11T22:59:35.682+0000] {logging_mixin.py:188} INFO - [2025-12-11T22:59:35.681+0000] {dag.py:3096} INFO - Sync 2 DAGs
[2025-12-11T22:59:35.697+0000] {logging_mixin.py:188} INFO - [2025-12-11T22:59:35.696+0000] {dag.py:3954} INFO - Setting next_dagrun for example_subdag_operator.section-1 to None, run_after=None
[2025-12-11T22:59:35.697+0000] {logging_mixin.py:188} INFO - [2025-12-11T22:59:35.697+0000] {dag.py:3954} INFO - Setting next_dagrun for example_subdag_operator.section-2 to None, run_after=None
[2025-12-11T22:59:35.736+0000] {processor.py:183} INFO - Processing /home/airflow/.local/lib/python3.9/site-packages/airflow/example_dags/example_subdag_operator.py took 0.305 seconds
[2025-12-11T23:00:07.115+0000] {processor.py:161} INFO - Started process (PID=1102) to work on /home/airflow/.local/lib/python3.9/site-packages/airflow/example_dags/example_subdag_operator.py
[2025-12-11T23:00:07.117+0000] {processor.py:830} INFO - Processing file /home/airflow/.local/lib/python3.9/site-packages/airflow/example_dags/example_subdag_operator.py for tasks to queue
[2025-12-11T23:00:07.129+0000] {logging_mixin.py:188} INFO - [2025-12-11T23:00:07.120+0000] {dagbag.py:545} INFO - Filling up the DagBag from /home/airflow/.local/lib/python3.9/site-packages/airflow/example_dags/example_subdag_operator.py
[2025-12-11T23:00:07.219+0000] {processor.py:840} INFO - DAG(s) 'example_subdag_operator.section-1', 'example_subdag_operator.section-2', 'example_subdag_operator' retrieved from /home/airflow/.local/lib/python3.9/site-packages/airflow/example_dags/example_subdag_operator.py
[2025-12-11T23:00:07.294+0000] {logging_mixin.py:188} INFO - [2025-12-11T23:00:07.293+0000] {dag.py:3096} INFO - Sync 3 DAGs
[2025-12-11T23:00:07.414+0000] {logging_mixin.py:188} INFO - [2025-12-11T23:00:07.413+0000] {dag.py:3954} INFO - Setting next_dagrun for example_subdag_operator to 2022-01-01 00:00:00+00:00, run_after=2022-01-01 00:00:00+00:00
[2025-12-11T23:00:07.435+0000] {logging_mixin.py:188} INFO - [2025-12-11T23:00:07.434+0000] {dag.py:3954} INFO - Setting next_dagrun for example_subdag_operator.section-1 to None, run_after=None
[2025-12-11T23:00:07.449+0000] {logging_mixin.py:188} INFO - [2025-12-11T23:00:07.437+0000] {dag.py:3954} INFO - Setting next_dagrun for example_subdag_operator.section-2 to None, run_after=None
[2025-12-11T23:00:07.474+0000] {logging_mixin.py:188} INFO - [2025-12-11T23:00:07.474+0000] {dag.py:3096} INFO - Sync 2 DAGs
[2025-12-11T23:00:07.499+0000] {logging_mixin.py:188} INFO - [2025-12-11T23:00:07.498+0000] {dag.py:3954} INFO - Setting next_dagrun for example_subdag_operator.section-1 to None, run_after=None
[2025-12-11T23:00:07.499+0000] {logging_mixin.py:188} INFO - [2025-12-11T23:00:07.499+0000] {dag.py:3954} INFO - Setting next_dagrun for example_subdag_operator.section-2 to None, run_after=None
[2025-12-11T23:00:07.550+0000] {processor.py:183} INFO - Processing /home/airflow/.local/lib/python3.9/site-packages/airflow/example_dags/example_subdag_operator.py took 0.472 seconds
[2025-12-11T23:00:37.918+0000] {processor.py:161} INFO - Started process (PID=1168) to work on /home/airflow/.local/lib/python3.9/site-packages/airflow/example_dags/example_subdag_operator.py
[2025-12-11T23:00:37.919+0000] {processor.py:830} INFO - Processing file /home/airflow/.local/lib/python3.9/site-packages/airflow/example_dags/example_subdag_operator.py for tasks to queue
[2025-12-11T23:00:37.931+0000] {logging_mixin.py:188} INFO - [2025-12-11T23:00:37.931+0000] {dagbag.py:545} INFO - Filling up the DagBag from /home/airflow/.local/lib/python3.9/site-packages/airflow/example_dags/example_subdag_operator.py
[2025-12-11T23:00:37.990+0000] {processor.py:840} INFO - DAG(s) 'example_subdag_operator.section-1', 'example_subdag_operator.section-2', 'example_subdag_operator' retrieved from /home/airflow/.local/lib/python3.9/site-packages/airflow/example_dags/example_subdag_operator.py
[2025-12-11T23:00:38.019+0000] {logging_mixin.py:188} INFO - [2025-12-11T23:00:38.018+0000] {dag.py:3096} INFO - Sync 3 DAGs
[2025-12-11T23:00:38.094+0000] {logging_mixin.py:188} INFO - [2025-12-11T23:00:38.093+0000] {dag.py:3954} INFO - Setting next_dagrun for example_subdag_operator to 2022-01-01 00:00:00+00:00, run_after=2022-01-01 00:00:00+00:00
[2025-12-11T23:00:38.099+0000] {logging_mixin.py:188} INFO - [2025-12-11T23:00:38.099+0000] {dag.py:3954} INFO - Setting next_dagrun for example_subdag_operator.section-1 to None, run_after=None
[2025-12-11T23:00:38.101+0000] {logging_mixin.py:188} INFO - [2025-12-11T23:00:38.101+0000] {dag.py:3954} INFO - Setting next_dagrun for example_subdag_operator.section-2 to None, run_after=None
[2025-12-11T23:00:38.118+0000] {logging_mixin.py:188} INFO - [2025-12-11T23:00:38.117+0000] {dag.py:3096} INFO - Sync 2 DAGs
[2025-12-11T23:00:38.133+0000] {logging_mixin.py:188} INFO - [2025-12-11T23:00:38.133+0000] {dag.py:3954} INFO - Setting next_dagrun for example_subdag_operator.section-1 to None, run_after=None
[2025-12-11T23:00:38.133+0000] {logging_mixin.py:188} INFO - [2025-12-11T23:00:38.133+0000] {dag.py:3954} INFO - Setting next_dagrun for example_subdag_operator.section-2 to None, run_after=None
[2025-12-11T23:00:38.155+0000] {processor.py:183} INFO - Processing /home/airflow/.local/lib/python3.9/site-packages/airflow/example_dags/example_subdag_operator.py took 0.253 seconds
[2025-12-11T23:01:08.312+0000] {processor.py:161} INFO - Started process (PID=1234) to work on /home/airflow/.local/lib/python3.9/site-packages/airflow/example_dags/example_subdag_operator.py
[2025-12-11T23:01:08.319+0000] {processor.py:830} INFO - Processing file /home/airflow/.local/lib/python3.9/site-packages/airflow/example_dags/example_subdag_operator.py for tasks to queue
[2025-12-11T23:01:08.322+0000] {logging_mixin.py:188} INFO - [2025-12-11T23:01:08.321+0000] {dagbag.py:545} INFO - Filling up the DagBag from /home/airflow/.local/lib/python3.9/site-packages/airflow/example_dags/example_subdag_operator.py
[2025-12-11T23:01:08.363+0000] {processor.py:840} INFO - DAG(s) 'example_subdag_operator.section-1', 'example_subdag_operator.section-2', 'example_subdag_operator' retrieved from /home/airflow/.local/lib/python3.9/site-packages/airflow/example_dags/example_subdag_operator.py
[2025-12-11T23:01:08.385+0000] {logging_mixin.py:188} INFO - [2025-12-11T23:01:08.385+0000] {dag.py:3096} INFO - Sync 3 DAGs
[2025-12-11T23:01:08.428+0000] {logging_mixin.py:188} INFO - [2025-12-11T23:01:08.427+0000] {dag.py:3954} INFO - Setting next_dagrun for example_subdag_operator to 2022-01-01 00:00:00+00:00, run_after=2022-01-01 00:00:00+00:00
[2025-12-11T23:01:08.433+0000] {logging_mixin.py:188} INFO - [2025-12-11T23:01:08.433+0000] {dag.py:3954} INFO - Setting next_dagrun for example_subdag_operator.section-1 to None, run_after=None
[2025-12-11T23:01:08.435+0000] {logging_mixin.py:188} INFO - [2025-12-11T23:01:08.434+0000] {dag.py:3954} INFO - Setting next_dagrun for example_subdag_operator.section-2 to None, run_after=None
[2025-12-11T23:01:08.445+0000] {logging_mixin.py:188} INFO - [2025-12-11T23:01:08.445+0000] {dag.py:3096} INFO - Sync 2 DAGs
[2025-12-11T23:01:08.453+0000] {logging_mixin.py:188} INFO - [2025-12-11T23:01:08.452+0000] {dag.py:3954} INFO - Setting next_dagrun for example_subdag_operator.section-1 to None, run_after=None
[2025-12-11T23:01:08.453+0000] {logging_mixin.py:188} INFO - [2025-12-11T23:01:08.453+0000] {dag.py:3954} INFO - Setting next_dagrun for example_subdag_operator.section-2 to None, run_after=None
[2025-12-11T23:01:08.469+0000] {processor.py:183} INFO - Processing /home/airflow/.local/lib/python3.9/site-packages/airflow/example_dags/example_subdag_operator.py took 0.168 seconds
[2025-12-11T23:01:38.699+0000] {processor.py:161} INFO - Started process (PID=1298) to work on /home/airflow/.local/lib/python3.9/site-packages/airflow/example_dags/example_subdag_operator.py
[2025-12-11T23:01:38.706+0000] {processor.py:830} INFO - Processing file /home/airflow/.local/lib/python3.9/site-packages/airflow/example_dags/example_subdag_operator.py for tasks to queue
[2025-12-11T23:01:38.709+0000] {logging_mixin.py:188} INFO - [2025-12-11T23:01:38.709+0000] {dagbag.py:545} INFO - Filling up the DagBag from /home/airflow/.local/lib/python3.9/site-packages/airflow/example_dags/example_subdag_operator.py
[2025-12-11T23:01:38.752+0000] {processor.py:840} INFO - DAG(s) 'example_subdag_operator.section-1', 'example_subdag_operator.section-2', 'example_subdag_operator' retrieved from /home/airflow/.local/lib/python3.9/site-packages/airflow/example_dags/example_subdag_operator.py
[2025-12-11T23:01:38.774+0000] {logging_mixin.py:188} INFO - [2025-12-11T23:01:38.774+0000] {dag.py:3096} INFO - Sync 3 DAGs
[2025-12-11T23:01:38.810+0000] {logging_mixin.py:188} INFO - [2025-12-11T23:01:38.809+0000] {dag.py:3954} INFO - Setting next_dagrun for example_subdag_operator to 2022-01-01 00:00:00+00:00, run_after=2022-01-01 00:00:00+00:00
[2025-12-11T23:01:38.815+0000] {logging_mixin.py:188} INFO - [2025-12-11T23:01:38.814+0000] {dag.py:3954} INFO - Setting next_dagrun for example_subdag_operator.section-1 to None, run_after=None
[2025-12-11T23:01:38.816+0000] {logging_mixin.py:188} INFO - [2025-12-11T23:01:38.816+0000] {dag.py:3954} INFO - Setting next_dagrun for example_subdag_operator.section-2 to None, run_after=None
[2025-12-11T23:01:38.827+0000] {logging_mixin.py:188} INFO - [2025-12-11T23:01:38.827+0000] {dag.py:3096} INFO - Sync 2 DAGs
[2025-12-11T23:01:38.835+0000] {logging_mixin.py:188} INFO - [2025-12-11T23:01:38.835+0000] {dag.py:3954} INFO - Setting next_dagrun for example_subdag_operator.section-1 to None, run_after=None
[2025-12-11T23:01:38.835+0000] {logging_mixin.py:188} INFO - [2025-12-11T23:01:38.835+0000] {dag.py:3954} INFO - Setting next_dagrun for example_subdag_operator.section-2 to None, run_after=None
[2025-12-11T23:01:38.851+0000] {processor.py:183} INFO - Processing /home/airflow/.local/lib/python3.9/site-packages/airflow/example_dags/example_subdag_operator.py took 0.167 seconds
[2025-12-11T23:02:09.238+0000] {processor.py:161} INFO - Started process (PID=1365) to work on /home/airflow/.local/lib/python3.9/site-packages/airflow/example_dags/example_subdag_operator.py
[2025-12-11T23:02:09.240+0000] {processor.py:830} INFO - Processing file /home/airflow/.local/lib/python3.9/site-packages/airflow/example_dags/example_subdag_operator.py for tasks to queue
[2025-12-11T23:02:09.242+0000] {logging_mixin.py:188} INFO - [2025-12-11T23:02:09.242+0000] {dagbag.py:545} INFO - Filling up the DagBag from /home/airflow/.local/lib/python3.9/site-packages/airflow/example_dags/example_subdag_operator.py
[2025-12-11T23:02:09.284+0000] {processor.py:840} INFO - DAG(s) 'example_subdag_operator.section-1', 'example_subdag_operator.section-2', 'example_subdag_operator' retrieved from /home/airflow/.local/lib/python3.9/site-packages/airflow/example_dags/example_subdag_operator.py
[2025-12-11T23:02:09.305+0000] {logging_mixin.py:188} INFO - [2025-12-11T23:02:09.305+0000] {dag.py:3096} INFO - Sync 3 DAGs
[2025-12-11T23:02:09.339+0000] {logging_mixin.py:188} INFO - [2025-12-11T23:02:09.338+0000] {dag.py:3954} INFO - Setting next_dagrun for example_subdag_operator to 2022-01-01 00:00:00+00:00, run_after=2022-01-01 00:00:00+00:00
[2025-12-11T23:02:09.343+0000] {logging_mixin.py:188} INFO - [2025-12-11T23:02:09.343+0000] {dag.py:3954} INFO - Setting next_dagrun for example_subdag_operator.section-1 to None, run_after=None
[2025-12-11T23:02:09.345+0000] {logging_mixin.py:188} INFO - [2025-12-11T23:02:09.345+0000] {dag.py:3954} INFO - Setting next_dagrun for example_subdag_operator.section-2 to None, run_after=None
[2025-12-11T23:02:09.356+0000] {logging_mixin.py:188} INFO - [2025-12-11T23:02:09.356+0000] {dag.py:3096} INFO - Sync 2 DAGs
[2025-12-11T23:02:09.363+0000] {logging_mixin.py:188} INFO - [2025-12-11T23:02:09.363+0000] {dag.py:3954} INFO - Setting next_dagrun for example_subdag_operator.section-1 to None, run_after=None
[2025-12-11T23:02:09.364+0000] {logging_mixin.py:188} INFO - [2025-12-11T23:02:09.364+0000] {dag.py:3954} INFO - Setting next_dagrun for example_subdag_operator.section-2 to None, run_after=None
[2025-12-11T23:02:09.378+0000] {processor.py:183} INFO - Processing /home/airflow/.local/lib/python3.9/site-packages/airflow/example_dags/example_subdag_operator.py took 0.150 seconds
[2025-12-11T23:02:39.724+0000] {processor.py:161} INFO - Started process (PID=1432) to work on /home/airflow/.local/lib/python3.9/site-packages/airflow/example_dags/example_subdag_operator.py
[2025-12-11T23:02:39.725+0000] {processor.py:830} INFO - Processing file /home/airflow/.local/lib/python3.9/site-packages/airflow/example_dags/example_subdag_operator.py for tasks to queue
[2025-12-11T23:02:39.729+0000] {logging_mixin.py:188} INFO - [2025-12-11T23:02:39.729+0000] {dagbag.py:545} INFO - Filling up the DagBag from /home/airflow/.local/lib/python3.9/site-packages/airflow/example_dags/example_subdag_operator.py
[2025-12-11T23:02:39.777+0000] {processor.py:840} INFO - DAG(s) 'example_subdag_operator.section-1', 'example_subdag_operator.section-2', 'example_subdag_operator' retrieved from /home/airflow/.local/lib/python3.9/site-packages/airflow/example_dags/example_subdag_operator.py
[2025-12-11T23:02:39.806+0000] {logging_mixin.py:188} INFO - [2025-12-11T23:02:39.806+0000] {dag.py:3096} INFO - Sync 3 DAGs
[2025-12-11T23:02:39.848+0000] {logging_mixin.py:188} INFO - [2025-12-11T23:02:39.847+0000] {dag.py:3954} INFO - Setting next_dagrun for example_subdag_operator to 2022-01-01 00:00:00+00:00, run_after=2022-01-01 00:00:00+00:00
[2025-12-11T23:02:39.853+0000] {logging_mixin.py:188} INFO - [2025-12-11T23:02:39.853+0000] {dag.py:3954} INFO - Setting next_dagrun for example_subdag_operator.section-1 to None, run_after=None
[2025-12-11T23:02:39.855+0000] {logging_mixin.py:188} INFO - [2025-12-11T23:02:39.855+0000] {dag.py:3954} INFO - Setting next_dagrun for example_subdag_operator.section-2 to None, run_after=None
[2025-12-11T23:02:39.865+0000] {logging_mixin.py:188} INFO - [2025-12-11T23:02:39.864+0000] {dag.py:3096} INFO - Sync 2 DAGs
[2025-12-11T23:02:39.872+0000] {logging_mixin.py:188} INFO - [2025-12-11T23:02:39.871+0000] {dag.py:3954} INFO - Setting next_dagrun for example_subdag_operator.section-1 to None, run_after=None
[2025-12-11T23:02:39.872+0000] {logging_mixin.py:188} INFO - [2025-12-11T23:02:39.872+0000] {dag.py:3954} INFO - Setting next_dagrun for example_subdag_operator.section-2 to None, run_after=None
[2025-12-11T23:02:39.888+0000] {processor.py:183} INFO - Processing /home/airflow/.local/lib/python3.9/site-packages/airflow/example_dags/example_subdag_operator.py took 0.175 seconds
[2025-12-11T23:03:10.132+0000] {processor.py:161} INFO - Started process (PID=1501) to work on /home/airflow/.local/lib/python3.9/site-packages/airflow/example_dags/example_subdag_operator.py
[2025-12-11T23:03:10.133+0000] {processor.py:830} INFO - Processing file /home/airflow/.local/lib/python3.9/site-packages/airflow/example_dags/example_subdag_operator.py for tasks to queue
[2025-12-11T23:03:10.136+0000] {logging_mixin.py:188} INFO - [2025-12-11T23:03:10.136+0000] {dagbag.py:545} INFO - Filling up the DagBag from /home/airflow/.local/lib/python3.9/site-packages/airflow/example_dags/example_subdag_operator.py
[2025-12-11T23:03:10.175+0000] {processor.py:840} INFO - DAG(s) 'example_subdag_operator.section-1', 'example_subdag_operator.section-2', 'example_subdag_operator' retrieved from /home/airflow/.local/lib/python3.9/site-packages/airflow/example_dags/example_subdag_operator.py
[2025-12-11T23:03:10.199+0000] {logging_mixin.py:188} INFO - [2025-12-11T23:03:10.198+0000] {dag.py:3096} INFO - Sync 3 DAGs
[2025-12-11T23:03:10.236+0000] {logging_mixin.py:188} INFO - [2025-12-11T23:03:10.236+0000] {dag.py:3954} INFO - Setting next_dagrun for example_subdag_operator to 2022-01-01 00:00:00+00:00, run_after=2022-01-01 00:00:00+00:00
[2025-12-11T23:03:10.242+0000] {logging_mixin.py:188} INFO - [2025-12-11T23:03:10.241+0000] {dag.py:3954} INFO - Setting next_dagrun for example_subdag_operator.section-1 to None, run_after=None
[2025-12-11T23:03:10.243+0000] {logging_mixin.py:188} INFO - [2025-12-11T23:03:10.243+0000] {dag.py:3954} INFO - Setting next_dagrun for example_subdag_operator.section-2 to None, run_after=None
[2025-12-11T23:03:10.253+0000] {logging_mixin.py:188} INFO - [2025-12-11T23:03:10.253+0000] {dag.py:3096} INFO - Sync 2 DAGs
[2025-12-11T23:03:10.260+0000] {logging_mixin.py:188} INFO - [2025-12-11T23:03:10.260+0000] {dag.py:3954} INFO - Setting next_dagrun for example_subdag_operator.section-1 to None, run_after=None
[2025-12-11T23:03:10.260+0000] {logging_mixin.py:188} INFO - [2025-12-11T23:03:10.260+0000] {dag.py:3954} INFO - Setting next_dagrun for example_subdag_operator.section-2 to None, run_after=None
[2025-12-11T23:03:10.276+0000] {processor.py:183} INFO - Processing /home/airflow/.local/lib/python3.9/site-packages/airflow/example_dags/example_subdag_operator.py took 0.159 seconds
[2025-12-11T23:03:41.007+0000] {processor.py:161} INFO - Started process (PID=1570) to work on /home/airflow/.local/lib/python3.9/site-packages/airflow/example_dags/example_subdag_operator.py
[2025-12-11T23:03:41.010+0000] {processor.py:830} INFO - Processing file /home/airflow/.local/lib/python3.9/site-packages/airflow/example_dags/example_subdag_operator.py for tasks to queue
[2025-12-11T23:03:41.012+0000] {logging_mixin.py:188} INFO - [2025-12-11T23:03:41.012+0000] {dagbag.py:545} INFO - Filling up the DagBag from /home/airflow/.local/lib/python3.9/site-packages/airflow/example_dags/example_subdag_operator.py
[2025-12-11T23:03:41.056+0000] {processor.py:840} INFO - DAG(s) 'example_subdag_operator.section-1', 'example_subdag_operator.section-2', 'example_subdag_operator' retrieved from /home/airflow/.local/lib/python3.9/site-packages/airflow/example_dags/example_subdag_operator.py
[2025-12-11T23:03:41.084+0000] {logging_mixin.py:188} INFO - [2025-12-11T23:03:41.083+0000] {dag.py:3096} INFO - Sync 3 DAGs
[2025-12-11T23:03:41.122+0000] {logging_mixin.py:188} INFO - [2025-12-11T23:03:41.122+0000] {dag.py:3954} INFO - Setting next_dagrun for example_subdag_operator to 2022-01-01 00:00:00+00:00, run_after=2022-01-01 00:00:00+00:00
[2025-12-11T23:03:41.127+0000] {logging_mixin.py:188} INFO - [2025-12-11T23:03:41.127+0000] {dag.py:3954} INFO - Setting next_dagrun for example_subdag_operator.section-1 to None, run_after=None
[2025-12-11T23:03:41.128+0000] {logging_mixin.py:188} INFO - [2025-12-11T23:03:41.128+0000] {dag.py:3954} INFO - Setting next_dagrun for example_subdag_operator.section-2 to None, run_after=None
[2025-12-11T23:03:41.137+0000] {logging_mixin.py:188} INFO - [2025-12-11T23:03:41.137+0000] {dag.py:3096} INFO - Sync 2 DAGs
[2025-12-11T23:03:41.144+0000] {logging_mixin.py:188} INFO - [2025-12-11T23:03:41.143+0000] {dag.py:3954} INFO - Setting next_dagrun for example_subdag_operator.section-1 to None, run_after=None
[2025-12-11T23:03:41.144+0000] {logging_mixin.py:188} INFO - [2025-12-11T23:03:41.144+0000] {dag.py:3954} INFO - Setting next_dagrun for example_subdag_operator.section-2 to None, run_after=None
[2025-12-11T23:03:41.157+0000] {processor.py:183} INFO - Processing /home/airflow/.local/lib/python3.9/site-packages/airflow/example_dags/example_subdag_operator.py took 0.161 seconds
[2025-12-11T23:04:11.841+0000] {processor.py:161} INFO - Started process (PID=1642) to work on /home/airflow/.local/lib/python3.9/site-packages/airflow/example_dags/example_subdag_operator.py
[2025-12-11T23:04:11.843+0000] {processor.py:830} INFO - Processing file /home/airflow/.local/lib/python3.9/site-packages/airflow/example_dags/example_subdag_operator.py for tasks to queue
[2025-12-11T23:04:11.845+0000] {logging_mixin.py:188} INFO - [2025-12-11T23:04:11.845+0000] {dagbag.py:545} INFO - Filling up the DagBag from /home/airflow/.local/lib/python3.9/site-packages/airflow/example_dags/example_subdag_operator.py
[2025-12-11T23:04:11.890+0000] {processor.py:840} INFO - DAG(s) 'example_subdag_operator.section-1', 'example_subdag_operator.section-2', 'example_subdag_operator' retrieved from /home/airflow/.local/lib/python3.9/site-packages/airflow/example_dags/example_subdag_operator.py
[2025-12-11T23:04:11.915+0000] {logging_mixin.py:188} INFO - [2025-12-11T23:04:11.915+0000] {dag.py:3096} INFO - Sync 3 DAGs
[2025-12-11T23:04:11.956+0000] {logging_mixin.py:188} INFO - [2025-12-11T23:04:11.955+0000] {dag.py:3954} INFO - Setting next_dagrun for example_subdag_operator to 2022-01-01 00:00:00+00:00, run_after=2022-01-01 00:00:00+00:00
[2025-12-11T23:04:11.961+0000] {logging_mixin.py:188} INFO - [2025-12-11T23:04:11.961+0000] {dag.py:3954} INFO - Setting next_dagrun for example_subdag_operator.section-1 to None, run_after=None
[2025-12-11T23:04:11.963+0000] {logging_mixin.py:188} INFO - [2025-12-11T23:04:11.962+0000] {dag.py:3954} INFO - Setting next_dagrun for example_subdag_operator.section-2 to None, run_after=None
[2025-12-11T23:04:11.977+0000] {logging_mixin.py:188} INFO - [2025-12-11T23:04:11.977+0000] {dag.py:3096} INFO - Sync 2 DAGs
[2025-12-11T23:04:11.984+0000] {logging_mixin.py:188} INFO - [2025-12-11T23:04:11.983+0000] {dag.py:3954} INFO - Setting next_dagrun for example_subdag_operator.section-1 to None, run_after=None
[2025-12-11T23:04:11.984+0000] {logging_mixin.py:188} INFO - [2025-12-11T23:04:11.984+0000] {dag.py:3954} INFO - Setting next_dagrun for example_subdag_operator.section-2 to None, run_after=None
[2025-12-11T23:04:12.000+0000] {processor.py:183} INFO - Processing /home/airflow/.local/lib/python3.9/site-packages/airflow/example_dags/example_subdag_operator.py took 0.168 seconds
[2025-12-11T23:04:42.716+0000] {processor.py:161} INFO - Started process (PID=1713) to work on /home/airflow/.local/lib/python3.9/site-packages/airflow/example_dags/example_subdag_operator.py
[2025-12-11T23:04:42.718+0000] {processor.py:830} INFO - Processing file /home/airflow/.local/lib/python3.9/site-packages/airflow/example_dags/example_subdag_operator.py for tasks to queue
[2025-12-11T23:04:42.721+0000] {logging_mixin.py:188} INFO - [2025-12-11T23:04:42.720+0000] {dagbag.py:545} INFO - Filling up the DagBag from /home/airflow/.local/lib/python3.9/site-packages/airflow/example_dags/example_subdag_operator.py
[2025-12-11T23:04:42.765+0000] {processor.py:840} INFO - DAG(s) 'example_subdag_operator.section-1', 'example_subdag_operator.section-2', 'example_subdag_operator' retrieved from /home/airflow/.local/lib/python3.9/site-packages/airflow/example_dags/example_subdag_operator.py
[2025-12-11T23:04:42.789+0000] {logging_mixin.py:188} INFO - [2025-12-11T23:04:42.789+0000] {dag.py:3096} INFO - Sync 3 DAGs
[2025-12-11T23:04:42.833+0000] {logging_mixin.py:188} INFO - [2025-12-11T23:04:42.833+0000] {dag.py:3954} INFO - Setting next_dagrun for example_subdag_operator to 2022-01-01 00:00:00+00:00, run_after=2022-01-01 00:00:00+00:00
[2025-12-11T23:04:42.840+0000] {logging_mixin.py:188} INFO - [2025-12-11T23:04:42.840+0000] {dag.py:3954} INFO - Setting next_dagrun for example_subdag_operator.section-1 to None, run_after=None
[2025-12-11T23:04:42.842+0000] {logging_mixin.py:188} INFO - [2025-12-11T23:04:42.842+0000] {dag.py:3954} INFO - Setting next_dagrun for example_subdag_operator.section-2 to None, run_after=None
[2025-12-11T23:04:42.854+0000] {logging_mixin.py:188} INFO - [2025-12-11T23:04:42.853+0000] {dag.py:3096} INFO - Sync 2 DAGs
[2025-12-11T23:04:42.863+0000] {logging_mixin.py:188} INFO - [2025-12-11T23:04:42.863+0000] {dag.py:3954} INFO - Setting next_dagrun for example_subdag_operator.section-1 to None, run_after=None
[2025-12-11T23:04:42.864+0000] {logging_mixin.py:188} INFO - [2025-12-11T23:04:42.864+0000] {dag.py:3954} INFO - Setting next_dagrun for example_subdag_operator.section-2 to None, run_after=None
[2025-12-11T23:04:42.889+0000] {processor.py:183} INFO - Processing /home/airflow/.local/lib/python3.9/site-packages/airflow/example_dags/example_subdag_operator.py took 0.184 seconds
[2025-12-11T23:05:13.204+0000] {processor.py:161} INFO - Started process (PID=1784) to work on /home/airflow/.local/lib/python3.9/site-packages/airflow/example_dags/example_subdag_operator.py
[2025-12-11T23:05:13.205+0000] {processor.py:830} INFO - Processing file /home/airflow/.local/lib/python3.9/site-packages/airflow/example_dags/example_subdag_operator.py for tasks to queue
[2025-12-11T23:05:13.211+0000] {logging_mixin.py:188} INFO - [2025-12-11T23:05:13.210+0000] {dagbag.py:545} INFO - Filling up the DagBag from /home/airflow/.local/lib/python3.9/site-packages/airflow/example_dags/example_subdag_operator.py
[2025-12-11T23:05:13.250+0000] {processor.py:840} INFO - DAG(s) 'example_subdag_operator.section-1', 'example_subdag_operator.section-2', 'example_subdag_operator' retrieved from /home/airflow/.local/lib/python3.9/site-packages/airflow/example_dags/example_subdag_operator.py
[2025-12-11T23:05:13.271+0000] {logging_mixin.py:188} INFO - [2025-12-11T23:05:13.271+0000] {dag.py:3096} INFO - Sync 3 DAGs
[2025-12-11T23:05:13.305+0000] {logging_mixin.py:188} INFO - [2025-12-11T23:05:13.305+0000] {dag.py:3954} INFO - Setting next_dagrun for example_subdag_operator to 2022-01-01 00:00:00+00:00, run_after=2022-01-01 00:00:00+00:00
[2025-12-11T23:05:13.310+0000] {logging_mixin.py:188} INFO - [2025-12-11T23:05:13.310+0000] {dag.py:3954} INFO - Setting next_dagrun for example_subdag_operator.section-1 to None, run_after=None
[2025-12-11T23:05:13.312+0000] {logging_mixin.py:188} INFO - [2025-12-11T23:05:13.311+0000] {dag.py:3954} INFO - Setting next_dagrun for example_subdag_operator.section-2 to None, run_after=None
[2025-12-11T23:05:13.321+0000] {logging_mixin.py:188} INFO - [2025-12-11T23:05:13.320+0000] {dag.py:3096} INFO - Sync 2 DAGs
[2025-12-11T23:05:13.327+0000] {logging_mixin.py:188} INFO - [2025-12-11T23:05:13.327+0000] {dag.py:3954} INFO - Setting next_dagrun for example_subdag_operator.section-1 to None, run_after=None
[2025-12-11T23:05:13.327+0000] {logging_mixin.py:188} INFO - [2025-12-11T23:05:13.327+0000] {dag.py:3954} INFO - Setting next_dagrun for example_subdag_operator.section-2 to None, run_after=None
[2025-12-11T23:05:13.342+0000] {processor.py:183} INFO - Processing /home/airflow/.local/lib/python3.9/site-packages/airflow/example_dags/example_subdag_operator.py took 0.147 seconds
[2025-12-11T23:05:43.575+0000] {processor.py:161} INFO - Started process (PID=1854) to work on /home/airflow/.local/lib/python3.9/site-packages/airflow/example_dags/example_subdag_operator.py
[2025-12-11T23:05:43.578+0000] {processor.py:830} INFO - Processing file /home/airflow/.local/lib/python3.9/site-packages/airflow/example_dags/example_subdag_operator.py for tasks to queue
[2025-12-11T23:05:43.581+0000] {logging_mixin.py:188} INFO - [2025-12-11T23:05:43.581+0000] {dagbag.py:545} INFO - Filling up the DagBag from /home/airflow/.local/lib/python3.9/site-packages/airflow/example_dags/example_subdag_operator.py
[2025-12-11T23:05:43.690+0000] {processor.py:840} INFO - DAG(s) 'example_subdag_operator.section-1', 'example_subdag_operator.section-2', 'example_subdag_operator' retrieved from /home/airflow/.local/lib/python3.9/site-packages/airflow/example_dags/example_subdag_operator.py
[2025-12-11T23:05:43.754+0000] {logging_mixin.py:188} INFO - [2025-12-11T23:05:43.754+0000] {dag.py:3096} INFO - Sync 3 DAGs
[2025-12-11T23:05:43.875+0000] {logging_mixin.py:188} INFO - [2025-12-11T23:05:43.874+0000] {dag.py:3954} INFO - Setting next_dagrun for example_subdag_operator to 2022-01-01 00:00:00+00:00, run_after=2022-01-01 00:00:00+00:00
[2025-12-11T23:05:43.899+0000] {logging_mixin.py:188} INFO - [2025-12-11T23:05:43.899+0000] {dag.py:3954} INFO - Setting next_dagrun for example_subdag_operator.section-1 to None, run_after=None
[2025-12-11T23:05:43.902+0000] {logging_mixin.py:188} INFO - [2025-12-11T23:05:43.902+0000] {dag.py:3954} INFO - Setting next_dagrun for example_subdag_operator.section-2 to None, run_after=None
[2025-12-11T23:05:43.940+0000] {logging_mixin.py:188} INFO - [2025-12-11T23:05:43.939+0000] {dag.py:3096} INFO - Sync 2 DAGs
[2025-12-11T23:05:43.978+0000] {logging_mixin.py:188} INFO - [2025-12-11T23:05:43.977+0000] {dag.py:3954} INFO - Setting next_dagrun for example_subdag_operator.section-1 to None, run_after=None
[2025-12-11T23:05:43.990+0000] {logging_mixin.py:188} INFO - [2025-12-11T23:05:43.990+0000] {dag.py:3954} INFO - Setting next_dagrun for example_subdag_operator.section-2 to None, run_after=None
[2025-12-11T23:05:44.030+0000] {processor.py:183} INFO - Processing /home/airflow/.local/lib/python3.9/site-packages/airflow/example_dags/example_subdag_operator.py took 0.476 seconds
[2025-12-11T23:06:14.301+0000] {processor.py:161} INFO - Started process (PID=1923) to work on /home/airflow/.local/lib/python3.9/site-packages/airflow/example_dags/example_subdag_operator.py
[2025-12-11T23:06:14.331+0000] {processor.py:830} INFO - Processing file /home/airflow/.local/lib/python3.9/site-packages/airflow/example_dags/example_subdag_operator.py for tasks to queue
[2025-12-11T23:06:14.334+0000] {logging_mixin.py:188} INFO - [2025-12-11T23:06:14.334+0000] {dagbag.py:545} INFO - Filling up the DagBag from /home/airflow/.local/lib/python3.9/site-packages/airflow/example_dags/example_subdag_operator.py
[2025-12-11T23:06:14.375+0000] {processor.py:840} INFO - DAG(s) 'example_subdag_operator.section-1', 'example_subdag_operator.section-2', 'example_subdag_operator' retrieved from /home/airflow/.local/lib/python3.9/site-packages/airflow/example_dags/example_subdag_operator.py
[2025-12-11T23:06:14.422+0000] {logging_mixin.py:188} INFO - [2025-12-11T23:06:14.421+0000] {dag.py:3096} INFO - Sync 3 DAGs
[2025-12-11T23:06:14.532+0000] {logging_mixin.py:188} INFO - [2025-12-11T23:06:14.531+0000] {dag.py:3954} INFO - Setting next_dagrun for example_subdag_operator to 2022-01-01 00:00:00+00:00, run_after=2022-01-01 00:00:00+00:00
[2025-12-11T23:06:14.538+0000] {logging_mixin.py:188} INFO - [2025-12-11T23:06:14.538+0000] {dag.py:3954} INFO - Setting next_dagrun for example_subdag_operator.section-1 to None, run_after=None
[2025-12-11T23:06:14.550+0000] {logging_mixin.py:188} INFO - [2025-12-11T23:06:14.550+0000] {dag.py:3954} INFO - Setting next_dagrun for example_subdag_operator.section-2 to None, run_after=None
[2025-12-11T23:06:14.573+0000] {logging_mixin.py:188} INFO - [2025-12-11T23:06:14.573+0000] {dag.py:3096} INFO - Sync 2 DAGs
[2025-12-11T23:06:14.581+0000] {logging_mixin.py:188} INFO - [2025-12-11T23:06:14.581+0000] {dag.py:3954} INFO - Setting next_dagrun for example_subdag_operator.section-1 to None, run_after=None
[2025-12-11T23:06:14.581+0000] {logging_mixin.py:188} INFO - [2025-12-11T23:06:14.581+0000] {dag.py:3954} INFO - Setting next_dagrun for example_subdag_operator.section-2 to None, run_after=None
[2025-12-11T23:06:14.872+0000] {processor.py:183} INFO - Processing /home/airflow/.local/lib/python3.9/site-packages/airflow/example_dags/example_subdag_operator.py took 0.593 seconds
[2025-12-11T23:06:45.318+0000] {processor.py:161} INFO - Started process (PID=1992) to work on /home/airflow/.local/lib/python3.9/site-packages/airflow/example_dags/example_subdag_operator.py
[2025-12-11T23:06:45.325+0000] {processor.py:830} INFO - Processing file /home/airflow/.local/lib/python3.9/site-packages/airflow/example_dags/example_subdag_operator.py for tasks to queue
[2025-12-11T23:06:45.328+0000] {logging_mixin.py:188} INFO - [2025-12-11T23:06:45.327+0000] {dagbag.py:545} INFO - Filling up the DagBag from /home/airflow/.local/lib/python3.9/site-packages/airflow/example_dags/example_subdag_operator.py
[2025-12-11T23:06:45.375+0000] {processor.py:840} INFO - DAG(s) 'example_subdag_operator.section-1', 'example_subdag_operator.section-2', 'example_subdag_operator' retrieved from /home/airflow/.local/lib/python3.9/site-packages/airflow/example_dags/example_subdag_operator.py
[2025-12-11T23:06:45.402+0000] {logging_mixin.py:188} INFO - [2025-12-11T23:06:45.401+0000] {dag.py:3096} INFO - Sync 3 DAGs
[2025-12-11T23:06:45.445+0000] {logging_mixin.py:188} INFO - [2025-12-11T23:06:45.444+0000] {dag.py:3954} INFO - Setting next_dagrun for example_subdag_operator to 2022-01-01 00:00:00+00:00, run_after=2022-01-01 00:00:00+00:00
[2025-12-11T23:06:45.451+0000] {logging_mixin.py:188} INFO - [2025-12-11T23:06:45.451+0000] {dag.py:3954} INFO - Setting next_dagrun for example_subdag_operator.section-1 to None, run_after=None
[2025-12-11T23:06:45.454+0000] {logging_mixin.py:188} INFO - [2025-12-11T23:06:45.454+0000] {dag.py:3954} INFO - Setting next_dagrun for example_subdag_operator.section-2 to None, run_after=None
[2025-12-11T23:06:45.473+0000] {logging_mixin.py:188} INFO - [2025-12-11T23:06:45.472+0000] {dag.py:3096} INFO - Sync 2 DAGs
[2025-12-11T23:06:45.482+0000] {logging_mixin.py:188} INFO - [2025-12-11T23:06:45.482+0000] {dag.py:3954} INFO - Setting next_dagrun for example_subdag_operator.section-1 to None, run_after=None
[2025-12-11T23:06:45.483+0000] {logging_mixin.py:188} INFO - [2025-12-11T23:06:45.483+0000] {dag.py:3954} INFO - Setting next_dagrun for example_subdag_operator.section-2 to None, run_after=None
[2025-12-11T23:06:45.503+0000] {processor.py:183} INFO - Processing /home/airflow/.local/lib/python3.9/site-packages/airflow/example_dags/example_subdag_operator.py took 0.197 seconds
[2025-12-11T23:07:15.714+0000] {processor.py:161} INFO - Started process (PID=2071) to work on /home/airflow/.local/lib/python3.9/site-packages/airflow/example_dags/example_subdag_operator.py
[2025-12-11T23:07:15.743+0000] {processor.py:830} INFO - Processing file /home/airflow/.local/lib/python3.9/site-packages/airflow/example_dags/example_subdag_operator.py for tasks to queue
[2025-12-11T23:07:15.749+0000] {logging_mixin.py:188} INFO - [2025-12-11T23:07:15.749+0000] {dagbag.py:545} INFO - Filling up the DagBag from /home/airflow/.local/lib/python3.9/site-packages/airflow/example_dags/example_subdag_operator.py
[2025-12-11T23:07:15.855+0000] {processor.py:840} INFO - DAG(s) 'example_subdag_operator.section-1', 'example_subdag_operator.section-2', 'example_subdag_operator' retrieved from /home/airflow/.local/lib/python3.9/site-packages/airflow/example_dags/example_subdag_operator.py
[2025-12-11T23:07:15.893+0000] {logging_mixin.py:188} INFO - [2025-12-11T23:07:15.892+0000] {dag.py:3096} INFO - Sync 3 DAGs
[2025-12-11T23:07:15.943+0000] {logging_mixin.py:188} INFO - [2025-12-11T23:07:15.943+0000] {dag.py:3954} INFO - Setting next_dagrun for example_subdag_operator to 2022-01-01 00:00:00+00:00, run_after=2022-01-01 00:00:00+00:00
[2025-12-11T23:07:15.954+0000] {logging_mixin.py:188} INFO - [2025-12-11T23:07:15.953+0000] {dag.py:3954} INFO - Setting next_dagrun for example_subdag_operator.section-1 to None, run_after=None
[2025-12-11T23:07:15.956+0000] {logging_mixin.py:188} INFO - [2025-12-11T23:07:15.956+0000] {dag.py:3954} INFO - Setting next_dagrun for example_subdag_operator.section-2 to None, run_after=None
[2025-12-11T23:07:15.969+0000] {logging_mixin.py:188} INFO - [2025-12-11T23:07:15.966+0000] {dag.py:3096} INFO - Sync 2 DAGs
[2025-12-11T23:07:15.977+0000] {logging_mixin.py:188} INFO - [2025-12-11T23:07:15.976+0000] {dag.py:3954} INFO - Setting next_dagrun for example_subdag_operator.section-1 to None, run_after=None
[2025-12-11T23:07:15.977+0000] {logging_mixin.py:188} INFO - [2025-12-11T23:07:15.977+0000] {dag.py:3954} INFO - Setting next_dagrun for example_subdag_operator.section-2 to None, run_after=None
[2025-12-11T23:07:15.999+0000] {processor.py:183} INFO - Processing /home/airflow/.local/lib/python3.9/site-packages/airflow/example_dags/example_subdag_operator.py took 0.326 seconds
[2025-12-11T23:07:46.591+0000] {processor.py:161} INFO - Started process (PID=2143) to work on /home/airflow/.local/lib/python3.9/site-packages/airflow/example_dags/example_subdag_operator.py
[2025-12-11T23:07:46.650+0000] {processor.py:830} INFO - Processing file /home/airflow/.local/lib/python3.9/site-packages/airflow/example_dags/example_subdag_operator.py for tasks to queue
[2025-12-11T23:07:46.654+0000] {logging_mixin.py:188} INFO - [2025-12-11T23:07:46.653+0000] {dagbag.py:545} INFO - Filling up the DagBag from /home/airflow/.local/lib/python3.9/site-packages/airflow/example_dags/example_subdag_operator.py
[2025-12-11T23:07:46.750+0000] {processor.py:840} INFO - DAG(s) 'example_subdag_operator.section-1', 'example_subdag_operator.section-2', 'example_subdag_operator' retrieved from /home/airflow/.local/lib/python3.9/site-packages/airflow/example_dags/example_subdag_operator.py
[2025-12-11T23:07:46.794+0000] {logging_mixin.py:188} INFO - [2025-12-11T23:07:46.794+0000] {dag.py:3096} INFO - Sync 3 DAGs
[2025-12-11T23:07:46.861+0000] {logging_mixin.py:188} INFO - [2025-12-11T23:07:46.861+0000] {dag.py:3954} INFO - Setting next_dagrun for example_subdag_operator to 2022-01-01 00:00:00+00:00, run_after=2022-01-01 00:00:00+00:00
[2025-12-11T23:07:46.924+0000] {logging_mixin.py:188} INFO - [2025-12-11T23:07:46.924+0000] {dag.py:3954} INFO - Setting next_dagrun for example_subdag_operator.section-1 to None, run_after=None
[2025-12-11T23:07:46.927+0000] {logging_mixin.py:188} INFO - [2025-12-11T23:07:46.927+0000] {dag.py:3954} INFO - Setting next_dagrun for example_subdag_operator.section-2 to None, run_after=None
[2025-12-11T23:07:46.951+0000] {logging_mixin.py:188} INFO - [2025-12-11T23:07:46.950+0000] {dag.py:3096} INFO - Sync 2 DAGs
[2025-12-11T23:07:46.970+0000] {logging_mixin.py:188} INFO - [2025-12-11T23:07:46.969+0000] {dag.py:3954} INFO - Setting next_dagrun for example_subdag_operator.section-1 to None, run_after=None
[2025-12-11T23:07:46.971+0000] {logging_mixin.py:188} INFO - [2025-12-11T23:07:46.971+0000] {dag.py:3954} INFO - Setting next_dagrun for example_subdag_operator.section-2 to None, run_after=None
[2025-12-11T23:07:47.016+0000] {processor.py:183} INFO - Processing /home/airflow/.local/lib/python3.9/site-packages/airflow/example_dags/example_subdag_operator.py took 0.445 seconds
[2025-12-11T23:08:17.296+0000] {processor.py:161} INFO - Started process (PID=2214) to work on /home/airflow/.local/lib/python3.9/site-packages/airflow/example_dags/example_subdag_operator.py
[2025-12-11T23:08:17.395+0000] {processor.py:830} INFO - Processing file /home/airflow/.local/lib/python3.9/site-packages/airflow/example_dags/example_subdag_operator.py for tasks to queue
[2025-12-11T23:08:17.399+0000] {logging_mixin.py:188} INFO - [2025-12-11T23:08:17.398+0000] {dagbag.py:545} INFO - Filling up the DagBag from /home/airflow/.local/lib/python3.9/site-packages/airflow/example_dags/example_subdag_operator.py
[2025-12-11T23:08:17.448+0000] {processor.py:840} INFO - DAG(s) 'example_subdag_operator.section-1', 'example_subdag_operator.section-2', 'example_subdag_operator' retrieved from /home/airflow/.local/lib/python3.9/site-packages/airflow/example_dags/example_subdag_operator.py
[2025-12-11T23:08:17.472+0000] {logging_mixin.py:188} INFO - [2025-12-11T23:08:17.471+0000] {dag.py:3096} INFO - Sync 3 DAGs
[2025-12-11T23:08:17.546+0000] {logging_mixin.py:188} INFO - [2025-12-11T23:08:17.545+0000] {dag.py:3954} INFO - Setting next_dagrun for example_subdag_operator to 2022-01-01 00:00:00+00:00, run_after=2022-01-01 00:00:00+00:00
[2025-12-11T23:08:17.555+0000] {logging_mixin.py:188} INFO - [2025-12-11T23:08:17.554+0000] {dag.py:3954} INFO - Setting next_dagrun for example_subdag_operator.section-1 to None, run_after=None
[2025-12-11T23:08:17.559+0000] {logging_mixin.py:188} INFO - [2025-12-11T23:08:17.559+0000] {dag.py:3954} INFO - Setting next_dagrun for example_subdag_operator.section-2 to None, run_after=None
[2025-12-11T23:08:17.576+0000] {logging_mixin.py:188} INFO - [2025-12-11T23:08:17.575+0000] {dag.py:3096} INFO - Sync 2 DAGs
[2025-12-11T23:08:17.588+0000] {logging_mixin.py:188} INFO - [2025-12-11T23:08:17.588+0000] {dag.py:3954} INFO - Setting next_dagrun for example_subdag_operator.section-1 to None, run_after=None
[2025-12-11T23:08:17.589+0000] {logging_mixin.py:188} INFO - [2025-12-11T23:08:17.589+0000] {dag.py:3954} INFO - Setting next_dagrun for example_subdag_operator.section-2 to None, run_after=None
[2025-12-11T23:08:17.632+0000] {processor.py:183} INFO - Processing /home/airflow/.local/lib/python3.9/site-packages/airflow/example_dags/example_subdag_operator.py took 0.349 seconds
[2025-12-11T23:08:47.935+0000] {processor.py:161} INFO - Started process (PID=2282) to work on /home/airflow/.local/lib/python3.9/site-packages/airflow/example_dags/example_subdag_operator.py
[2025-12-11T23:08:47.949+0000] {processor.py:830} INFO - Processing file /home/airflow/.local/lib/python3.9/site-packages/airflow/example_dags/example_subdag_operator.py for tasks to queue
[2025-12-11T23:08:48.062+0000] {logging_mixin.py:188} INFO - [2025-12-11T23:08:48.062+0000] {dagbag.py:545} INFO - Filling up the DagBag from /home/airflow/.local/lib/python3.9/site-packages/airflow/example_dags/example_subdag_operator.py
[2025-12-11T23:08:48.121+0000] {processor.py:840} INFO - DAG(s) 'example_subdag_operator.section-1', 'example_subdag_operator.section-2', 'example_subdag_operator' retrieved from /home/airflow/.local/lib/python3.9/site-packages/airflow/example_dags/example_subdag_operator.py
[2025-12-11T23:08:48.181+0000] {logging_mixin.py:188} INFO - [2025-12-11T23:08:48.180+0000] {dag.py:3096} INFO - Sync 3 DAGs
[2025-12-11T23:08:48.278+0000] {logging_mixin.py:188} INFO - [2025-12-11T23:08:48.277+0000] {dag.py:3954} INFO - Setting next_dagrun for example_subdag_operator to 2022-01-01 00:00:00+00:00, run_after=2022-01-01 00:00:00+00:00
[2025-12-11T23:08:48.292+0000] {logging_mixin.py:188} INFO - [2025-12-11T23:08:48.292+0000] {dag.py:3954} INFO - Setting next_dagrun for example_subdag_operator.section-1 to None, run_after=None
[2025-12-11T23:08:48.295+0000] {logging_mixin.py:188} INFO - [2025-12-11T23:08:48.295+0000] {dag.py:3954} INFO - Setting next_dagrun for example_subdag_operator.section-2 to None, run_after=None
[2025-12-11T23:08:48.314+0000] {logging_mixin.py:188} INFO - [2025-12-11T23:08:48.314+0000] {dag.py:3096} INFO - Sync 2 DAGs
[2025-12-11T23:08:48.322+0000] {logging_mixin.py:188} INFO - [2025-12-11T23:08:48.322+0000] {dag.py:3954} INFO - Setting next_dagrun for example_subdag_operator.section-1 to None, run_after=None
[2025-12-11T23:08:48.329+0000] {logging_mixin.py:188} INFO - [2025-12-11T23:08:48.323+0000] {dag.py:3954} INFO - Setting next_dagrun for example_subdag_operator.section-2 to None, run_after=None
[2025-12-11T23:08:48.636+0000] {processor.py:183} INFO - Processing /home/airflow/.local/lib/python3.9/site-packages/airflow/example_dags/example_subdag_operator.py took 0.714 seconds
[2025-12-11T23:09:18.897+0000] {processor.py:161} INFO - Started process (PID=2355) to work on /home/airflow/.local/lib/python3.9/site-packages/airflow/example_dags/example_subdag_operator.py
[2025-12-11T23:09:18.905+0000] {processor.py:830} INFO - Processing file /home/airflow/.local/lib/python3.9/site-packages/airflow/example_dags/example_subdag_operator.py for tasks to queue
[2025-12-11T23:09:18.910+0000] {logging_mixin.py:188} INFO - [2025-12-11T23:09:18.910+0000] {dagbag.py:545} INFO - Filling up the DagBag from /home/airflow/.local/lib/python3.9/site-packages/airflow/example_dags/example_subdag_operator.py
[2025-12-11T23:09:18.990+0000] {processor.py:840} INFO - DAG(s) 'example_subdag_operator.section-1', 'example_subdag_operator.section-2', 'example_subdag_operator' retrieved from /home/airflow/.local/lib/python3.9/site-packages/airflow/example_dags/example_subdag_operator.py
[2025-12-11T23:09:19.053+0000] {logging_mixin.py:188} INFO - [2025-12-11T23:09:19.053+0000] {dag.py:3096} INFO - Sync 3 DAGs
[2025-12-11T23:09:19.154+0000] {logging_mixin.py:188} INFO - [2025-12-11T23:09:19.153+0000] {dag.py:3954} INFO - Setting next_dagrun for example_subdag_operator to 2022-01-01 00:00:00+00:00, run_after=2022-01-01 00:00:00+00:00
[2025-12-11T23:09:19.169+0000] {logging_mixin.py:188} INFO - [2025-12-11T23:09:19.159+0000] {dag.py:3954} INFO - Setting next_dagrun for example_subdag_operator.section-1 to None, run_after=None
[2025-12-11T23:09:19.171+0000] {logging_mixin.py:188} INFO - [2025-12-11T23:09:19.171+0000] {dag.py:3954} INFO - Setting next_dagrun for example_subdag_operator.section-2 to None, run_after=None
[2025-12-11T23:09:19.194+0000] {logging_mixin.py:188} INFO - [2025-12-11T23:09:19.194+0000] {dag.py:3096} INFO - Sync 2 DAGs
[2025-12-11T23:09:19.213+0000] {logging_mixin.py:188} INFO - [2025-12-11T23:09:19.213+0000] {dag.py:3954} INFO - Setting next_dagrun for example_subdag_operator.section-1 to None, run_after=None
[2025-12-11T23:09:19.214+0000] {logging_mixin.py:188} INFO - [2025-12-11T23:09:19.214+0000] {dag.py:3954} INFO - Setting next_dagrun for example_subdag_operator.section-2 to None, run_after=None
[2025-12-11T23:09:19.254+0000] {processor.py:183} INFO - Processing /home/airflow/.local/lib/python3.9/site-packages/airflow/example_dags/example_subdag_operator.py took 0.379 seconds
[2025-12-11T23:09:50.195+0000] {processor.py:161} INFO - Started process (PID=2424) to work on /home/airflow/.local/lib/python3.9/site-packages/airflow/example_dags/example_subdag_operator.py
[2025-12-11T23:09:50.197+0000] {processor.py:830} INFO - Processing file /home/airflow/.local/lib/python3.9/site-packages/airflow/example_dags/example_subdag_operator.py for tasks to queue
[2025-12-11T23:09:50.199+0000] {logging_mixin.py:188} INFO - [2025-12-11T23:09:50.199+0000] {dagbag.py:545} INFO - Filling up the DagBag from /home/airflow/.local/lib/python3.9/site-packages/airflow/example_dags/example_subdag_operator.py
[2025-12-11T23:09:50.318+0000] {processor.py:840} INFO - DAG(s) 'example_subdag_operator.section-1', 'example_subdag_operator.section-2', 'example_subdag_operator' retrieved from /home/airflow/.local/lib/python3.9/site-packages/airflow/example_dags/example_subdag_operator.py
[2025-12-11T23:09:50.381+0000] {logging_mixin.py:188} INFO - [2025-12-11T23:09:50.380+0000] {dag.py:3096} INFO - Sync 3 DAGs
[2025-12-11T23:09:50.512+0000] {logging_mixin.py:188} INFO - [2025-12-11T23:09:50.511+0000] {dag.py:3954} INFO - Setting next_dagrun for example_subdag_operator to 2022-01-01 00:00:00+00:00, run_after=2022-01-01 00:00:00+00:00
[2025-12-11T23:09:50.517+0000] {logging_mixin.py:188} INFO - [2025-12-11T23:09:50.517+0000] {dag.py:3954} INFO - Setting next_dagrun for example_subdag_operator.section-1 to None, run_after=None
[2025-12-11T23:09:50.529+0000] {logging_mixin.py:188} INFO - [2025-12-11T23:09:50.519+0000] {dag.py:3954} INFO - Setting next_dagrun for example_subdag_operator.section-2 to None, run_after=None
[2025-12-11T23:09:50.570+0000] {logging_mixin.py:188} INFO - [2025-12-11T23:09:50.569+0000] {dag.py:3096} INFO - Sync 2 DAGs
[2025-12-11T23:09:50.591+0000] {logging_mixin.py:188} INFO - [2025-12-11T23:09:50.590+0000] {dag.py:3954} INFO - Setting next_dagrun for example_subdag_operator.section-1 to None, run_after=None
[2025-12-11T23:09:50.592+0000] {logging_mixin.py:188} INFO - [2025-12-11T23:09:50.591+0000] {dag.py:3954} INFO - Setting next_dagrun for example_subdag_operator.section-2 to None, run_after=None
[2025-12-11T23:09:50.650+0000] {processor.py:183} INFO - Processing /home/airflow/.local/lib/python3.9/site-packages/airflow/example_dags/example_subdag_operator.py took 0.475 seconds
[2025-12-11T23:10:20.938+0000] {processor.py:161} INFO - Started process (PID=2494) to work on /home/airflow/.local/lib/python3.9/site-packages/airflow/example_dags/example_subdag_operator.py
[2025-12-11T23:10:20.955+0000] {processor.py:830} INFO - Processing file /home/airflow/.local/lib/python3.9/site-packages/airflow/example_dags/example_subdag_operator.py for tasks to queue
[2025-12-11T23:10:20.959+0000] {logging_mixin.py:188} INFO - [2025-12-11T23:10:20.959+0000] {dagbag.py:545} INFO - Filling up the DagBag from /home/airflow/.local/lib/python3.9/site-packages/airflow/example_dags/example_subdag_operator.py
[2025-12-11T23:10:21.090+0000] {processor.py:840} INFO - DAG(s) 'example_subdag_operator.section-1', 'example_subdag_operator.section-2', 'example_subdag_operator' retrieved from /home/airflow/.local/lib/python3.9/site-packages/airflow/example_dags/example_subdag_operator.py
[2025-12-11T23:10:21.151+0000] {logging_mixin.py:188} INFO - [2025-12-11T23:10:21.151+0000] {dag.py:3096} INFO - Sync 3 DAGs
[2025-12-11T23:10:21.237+0000] {logging_mixin.py:188} INFO - [2025-12-11T23:10:21.237+0000] {dag.py:3954} INFO - Setting next_dagrun for example_subdag_operator to 2022-01-01 00:00:00+00:00, run_after=2022-01-01 00:00:00+00:00
[2025-12-11T23:10:21.651+0000] {logging_mixin.py:188} INFO - [2025-12-11T23:10:21.651+0000] {dag.py:3954} INFO - Setting next_dagrun for example_subdag_operator.section-1 to None, run_after=None
[2025-12-11T23:10:21.669+0000] {logging_mixin.py:188} INFO - [2025-12-11T23:10:21.654+0000] {dag.py:3954} INFO - Setting next_dagrun for example_subdag_operator.section-2 to None, run_after=None
[2025-12-11T23:10:21.714+0000] {logging_mixin.py:188} INFO - [2025-12-11T23:10:21.714+0000] {dag.py:3096} INFO - Sync 2 DAGs
[2025-12-11T23:10:21.752+0000] {logging_mixin.py:188} INFO - [2025-12-11T23:10:21.752+0000] {dag.py:3954} INFO - Setting next_dagrun for example_subdag_operator.section-1 to None, run_after=None
[2025-12-11T23:10:21.753+0000] {logging_mixin.py:188} INFO - [2025-12-11T23:10:21.753+0000] {dag.py:3954} INFO - Setting next_dagrun for example_subdag_operator.section-2 to None, run_after=None
[2025-12-11T23:10:21.835+0000] {processor.py:183} INFO - Processing /home/airflow/.local/lib/python3.9/site-packages/airflow/example_dags/example_subdag_operator.py took 0.923 seconds
[2025-12-11T23:10:52.233+0000] {processor.py:161} INFO - Started process (PID=2564) to work on /home/airflow/.local/lib/python3.9/site-packages/airflow/example_dags/example_subdag_operator.py
[2025-12-11T23:10:52.324+0000] {processor.py:830} INFO - Processing file /home/airflow/.local/lib/python3.9/site-packages/airflow/example_dags/example_subdag_operator.py for tasks to queue
[2025-12-11T23:10:52.331+0000] {logging_mixin.py:188} INFO - [2025-12-11T23:10:52.331+0000] {dagbag.py:545} INFO - Filling up the DagBag from /home/airflow/.local/lib/python3.9/site-packages/airflow/example_dags/example_subdag_operator.py
[2025-12-11T23:10:52.410+0000] {processor.py:840} INFO - DAG(s) 'example_subdag_operator.section-1', 'example_subdag_operator.section-2', 'example_subdag_operator' retrieved from /home/airflow/.local/lib/python3.9/site-packages/airflow/example_dags/example_subdag_operator.py
[2025-12-11T23:10:52.490+0000] {logging_mixin.py:188} INFO - [2025-12-11T23:10:52.490+0000] {dag.py:3096} INFO - Sync 3 DAGs
[2025-12-11T23:10:52.569+0000] {logging_mixin.py:188} INFO - [2025-12-11T23:10:52.563+0000] {dag.py:3954} INFO - Setting next_dagrun for example_subdag_operator to 2022-01-01 00:00:00+00:00, run_after=2022-01-01 00:00:00+00:00
[2025-12-11T23:10:52.577+0000] {logging_mixin.py:188} INFO - [2025-12-11T23:10:52.577+0000] {dag.py:3954} INFO - Setting next_dagrun for example_subdag_operator.section-1 to None, run_after=None
[2025-12-11T23:10:52.580+0000] {logging_mixin.py:188} INFO - [2025-12-11T23:10:52.579+0000] {dag.py:3954} INFO - Setting next_dagrun for example_subdag_operator.section-2 to None, run_after=None
[2025-12-11T23:10:52.593+0000] {logging_mixin.py:188} INFO - [2025-12-11T23:10:52.593+0000] {dag.py:3096} INFO - Sync 2 DAGs
[2025-12-11T23:10:52.603+0000] {logging_mixin.py:188} INFO - [2025-12-11T23:10:52.603+0000] {dag.py:3954} INFO - Setting next_dagrun for example_subdag_operator.section-1 to None, run_after=None
[2025-12-11T23:10:52.604+0000] {logging_mixin.py:188} INFO - [2025-12-11T23:10:52.604+0000] {dag.py:3954} INFO - Setting next_dagrun for example_subdag_operator.section-2 to None, run_after=None
[2025-12-11T23:10:52.917+0000] {processor.py:183} INFO - Processing /home/airflow/.local/lib/python3.9/site-packages/airflow/example_dags/example_subdag_operator.py took 0.707 seconds
[2025-12-11T23:11:23.099+0000] {processor.py:161} INFO - Started process (PID=2631) to work on /home/airflow/.local/lib/python3.9/site-packages/airflow/example_dags/example_subdag_operator.py
[2025-12-11T23:11:23.116+0000] {processor.py:830} INFO - Processing file /home/airflow/.local/lib/python3.9/site-packages/airflow/example_dags/example_subdag_operator.py for tasks to queue
[2025-12-11T23:11:23.120+0000] {logging_mixin.py:188} INFO - [2025-12-11T23:11:23.119+0000] {dagbag.py:545} INFO - Filling up the DagBag from /home/airflow/.local/lib/python3.9/site-packages/airflow/example_dags/example_subdag_operator.py
[2025-12-11T23:11:23.203+0000] {processor.py:840} INFO - DAG(s) 'example_subdag_operator.section-1', 'example_subdag_operator.section-2', 'example_subdag_operator' retrieved from /home/airflow/.local/lib/python3.9/site-packages/airflow/example_dags/example_subdag_operator.py
[2025-12-11T23:11:23.253+0000] {logging_mixin.py:188} INFO - [2025-12-11T23:11:23.253+0000] {dag.py:3096} INFO - Sync 3 DAGs
[2025-12-11T23:11:23.322+0000] {logging_mixin.py:188} INFO - [2025-12-11T23:11:23.322+0000] {dag.py:3954} INFO - Setting next_dagrun for example_subdag_operator to 2022-01-01 00:00:00+00:00, run_after=2022-01-01 00:00:00+00:00
[2025-12-11T23:11:23.335+0000] {logging_mixin.py:188} INFO - [2025-12-11T23:11:23.334+0000] {dag.py:3954} INFO - Setting next_dagrun for example_subdag_operator.section-1 to None, run_after=None
[2025-12-11T23:11:23.338+0000] {logging_mixin.py:188} INFO - [2025-12-11T23:11:23.338+0000] {dag.py:3954} INFO - Setting next_dagrun for example_subdag_operator.section-2 to None, run_after=None
[2025-12-11T23:11:23.359+0000] {logging_mixin.py:188} INFO - [2025-12-11T23:11:23.358+0000] {dag.py:3096} INFO - Sync 2 DAGs
[2025-12-11T23:11:23.376+0000] {logging_mixin.py:188} INFO - [2025-12-11T23:11:23.375+0000] {dag.py:3954} INFO - Setting next_dagrun for example_subdag_operator.section-1 to None, run_after=None
[2025-12-11T23:11:23.426+0000] {logging_mixin.py:188} INFO - [2025-12-11T23:11:23.425+0000] {dag.py:3954} INFO - Setting next_dagrun for example_subdag_operator.section-2 to None, run_after=None
[2025-12-11T23:11:23.474+0000] {processor.py:183} INFO - Processing /home/airflow/.local/lib/python3.9/site-packages/airflow/example_dags/example_subdag_operator.py took 0.397 seconds
[2025-12-11T23:11:54.131+0000] {processor.py:161} INFO - Started process (PID=2698) to work on /home/airflow/.local/lib/python3.9/site-packages/airflow/example_dags/example_subdag_operator.py
[2025-12-11T23:11:54.253+0000] {processor.py:830} INFO - Processing file /home/airflow/.local/lib/python3.9/site-packages/airflow/example_dags/example_subdag_operator.py for tasks to queue
[2025-12-11T23:11:54.256+0000] {logging_mixin.py:188} INFO - [2025-12-11T23:11:54.256+0000] {dagbag.py:545} INFO - Filling up the DagBag from /home/airflow/.local/lib/python3.9/site-packages/airflow/example_dags/example_subdag_operator.py
[2025-12-11T23:11:54.319+0000] {processor.py:840} INFO - DAG(s) 'example_subdag_operator.section-1', 'example_subdag_operator.section-2', 'example_subdag_operator' retrieved from /home/airflow/.local/lib/python3.9/site-packages/airflow/example_dags/example_subdag_operator.py
[2025-12-11T23:11:54.353+0000] {logging_mixin.py:188} INFO - [2025-12-11T23:11:54.352+0000] {dag.py:3096} INFO - Sync 3 DAGs
[2025-12-11T23:11:54.416+0000] {logging_mixin.py:188} INFO - [2025-12-11T23:11:54.416+0000] {dag.py:3954} INFO - Setting next_dagrun for example_subdag_operator to 2022-01-01 00:00:00+00:00, run_after=2022-01-01 00:00:00+00:00
[2025-12-11T23:11:54.422+0000] {logging_mixin.py:188} INFO - [2025-12-11T23:11:54.422+0000] {dag.py:3954} INFO - Setting next_dagrun for example_subdag_operator.section-1 to None, run_after=None
[2025-12-11T23:11:54.430+0000] {logging_mixin.py:188} INFO - [2025-12-11T23:11:54.430+0000] {dag.py:3954} INFO - Setting next_dagrun for example_subdag_operator.section-2 to None, run_after=None
[2025-12-11T23:11:54.442+0000] {logging_mixin.py:188} INFO - [2025-12-11T23:11:54.442+0000] {dag.py:3096} INFO - Sync 2 DAGs
[2025-12-11T23:11:54.451+0000] {logging_mixin.py:188} INFO - [2025-12-11T23:11:54.450+0000] {dag.py:3954} INFO - Setting next_dagrun for example_subdag_operator.section-1 to None, run_after=None
[2025-12-11T23:11:54.451+0000] {logging_mixin.py:188} INFO - [2025-12-11T23:11:54.451+0000] {dag.py:3954} INFO - Setting next_dagrun for example_subdag_operator.section-2 to None, run_after=None
[2025-12-11T23:11:54.521+0000] {processor.py:183} INFO - Processing /home/airflow/.local/lib/python3.9/site-packages/airflow/example_dags/example_subdag_operator.py took 0.406 seconds
[2025-12-11T23:12:25.100+0000] {processor.py:161} INFO - Started process (PID=2765) to work on /home/airflow/.local/lib/python3.9/site-packages/airflow/example_dags/example_subdag_operator.py
[2025-12-11T23:12:25.227+0000] {processor.py:830} INFO - Processing file /home/airflow/.local/lib/python3.9/site-packages/airflow/example_dags/example_subdag_operator.py for tasks to queue
[2025-12-11T23:12:25.231+0000] {logging_mixin.py:188} INFO - [2025-12-11T23:12:25.230+0000] {dagbag.py:545} INFO - Filling up the DagBag from /home/airflow/.local/lib/python3.9/site-packages/airflow/example_dags/example_subdag_operator.py
[2025-12-11T23:12:25.279+0000] {processor.py:840} INFO - DAG(s) 'example_subdag_operator.section-1', 'example_subdag_operator.section-2', 'example_subdag_operator' retrieved from /home/airflow/.local/lib/python3.9/site-packages/airflow/example_dags/example_subdag_operator.py
[2025-12-11T23:12:25.306+0000] {logging_mixin.py:188} INFO - [2025-12-11T23:12:25.306+0000] {dag.py:3096} INFO - Sync 3 DAGs
[2025-12-11T23:12:25.343+0000] {logging_mixin.py:188} INFO - [2025-12-11T23:12:25.342+0000] {dag.py:3954} INFO - Setting next_dagrun for example_subdag_operator to 2022-01-01 00:00:00+00:00, run_after=2022-01-01 00:00:00+00:00
[2025-12-11T23:12:25.350+0000] {logging_mixin.py:188} INFO - [2025-12-11T23:12:25.349+0000] {dag.py:3954} INFO - Setting next_dagrun for example_subdag_operator.section-1 to None, run_after=None
[2025-12-11T23:12:25.352+0000] {logging_mixin.py:188} INFO - [2025-12-11T23:12:25.351+0000] {dag.py:3954} INFO - Setting next_dagrun for example_subdag_operator.section-2 to None, run_after=None
[2025-12-11T23:12:25.365+0000] {logging_mixin.py:188} INFO - [2025-12-11T23:12:25.364+0000] {dag.py:3096} INFO - Sync 2 DAGs
[2025-12-11T23:12:25.372+0000] {logging_mixin.py:188} INFO - [2025-12-11T23:12:25.371+0000] {dag.py:3954} INFO - Setting next_dagrun for example_subdag_operator.section-1 to None, run_after=None
[2025-12-11T23:12:25.372+0000] {logging_mixin.py:188} INFO - [2025-12-11T23:12:25.372+0000] {dag.py:3954} INFO - Setting next_dagrun for example_subdag_operator.section-2 to None, run_after=None
[2025-12-11T23:12:25.404+0000] {processor.py:183} INFO - Processing /home/airflow/.local/lib/python3.9/site-packages/airflow/example_dags/example_subdag_operator.py took 0.315 seconds
[2025-12-11T23:12:56.287+0000] {processor.py:161} INFO - Started process (PID=2832) to work on /home/airflow/.local/lib/python3.9/site-packages/airflow/example_dags/example_subdag_operator.py
[2025-12-11T23:12:56.307+0000] {processor.py:830} INFO - Processing file /home/airflow/.local/lib/python3.9/site-packages/airflow/example_dags/example_subdag_operator.py for tasks to queue
[2025-12-11T23:12:56.310+0000] {logging_mixin.py:188} INFO - [2025-12-11T23:12:56.309+0000] {dagbag.py:545} INFO - Filling up the DagBag from /home/airflow/.local/lib/python3.9/site-packages/airflow/example_dags/example_subdag_operator.py
[2025-12-11T23:12:56.362+0000] {processor.py:840} INFO - DAG(s) 'example_subdag_operator.section-1', 'example_subdag_operator.section-2', 'example_subdag_operator' retrieved from /home/airflow/.local/lib/python3.9/site-packages/airflow/example_dags/example_subdag_operator.py
[2025-12-11T23:12:56.385+0000] {logging_mixin.py:188} INFO - [2025-12-11T23:12:56.385+0000] {dag.py:3096} INFO - Sync 3 DAGs
[2025-12-11T23:12:56.461+0000] {logging_mixin.py:188} INFO - [2025-12-11T23:12:56.460+0000] {dag.py:3954} INFO - Setting next_dagrun for example_subdag_operator to 2022-01-01 00:00:00+00:00, run_after=2022-01-01 00:00:00+00:00
[2025-12-11T23:12:56.473+0000] {logging_mixin.py:188} INFO - [2025-12-11T23:12:56.472+0000] {dag.py:3954} INFO - Setting next_dagrun for example_subdag_operator.section-1 to None, run_after=None
[2025-12-11T23:12:56.476+0000] {logging_mixin.py:188} INFO - [2025-12-11T23:12:56.475+0000] {dag.py:3954} INFO - Setting next_dagrun for example_subdag_operator.section-2 to None, run_after=None
[2025-12-11T23:12:56.493+0000] {logging_mixin.py:188} INFO - [2025-12-11T23:12:56.492+0000] {dag.py:3096} INFO - Sync 2 DAGs
[2025-12-11T23:12:56.505+0000] {logging_mixin.py:188} INFO - [2025-12-11T23:12:56.504+0000] {dag.py:3954} INFO - Setting next_dagrun for example_subdag_operator.section-1 to None, run_after=None
[2025-12-11T23:12:56.506+0000] {logging_mixin.py:188} INFO - [2025-12-11T23:12:56.506+0000] {dag.py:3954} INFO - Setting next_dagrun for example_subdag_operator.section-2 to None, run_after=None
[2025-12-11T23:12:56.528+0000] {processor.py:183} INFO - Processing /home/airflow/.local/lib/python3.9/site-packages/airflow/example_dags/example_subdag_operator.py took 0.251 seconds
[2025-12-11T23:13:26.632+0000] {processor.py:161} INFO - Started process (PID=2899) to work on /home/airflow/.local/lib/python3.9/site-packages/airflow/example_dags/example_subdag_operator.py
[2025-12-11T23:13:26.633+0000] {processor.py:830} INFO - Processing file /home/airflow/.local/lib/python3.9/site-packages/airflow/example_dags/example_subdag_operator.py for tasks to queue
[2025-12-11T23:13:26.636+0000] {logging_mixin.py:188} INFO - [2025-12-11T23:13:26.636+0000] {dagbag.py:545} INFO - Filling up the DagBag from /home/airflow/.local/lib/python3.9/site-packages/airflow/example_dags/example_subdag_operator.py
[2025-12-11T23:13:26.714+0000] {processor.py:840} INFO - DAG(s) 'example_subdag_operator.section-1', 'example_subdag_operator.section-2', 'example_subdag_operator' retrieved from /home/airflow/.local/lib/python3.9/site-packages/airflow/example_dags/example_subdag_operator.py
[2025-12-11T23:13:26.751+0000] {logging_mixin.py:188} INFO - [2025-12-11T23:13:26.751+0000] {dag.py:3096} INFO - Sync 3 DAGs
[2025-12-11T23:13:26.801+0000] {logging_mixin.py:188} INFO - [2025-12-11T23:13:26.800+0000] {dag.py:3954} INFO - Setting next_dagrun for example_subdag_operator to 2022-01-01 00:00:00+00:00, run_after=2022-01-01 00:00:00+00:00
[2025-12-11T23:13:26.814+0000] {logging_mixin.py:188} INFO - [2025-12-11T23:13:26.814+0000] {dag.py:3954} INFO - Setting next_dagrun for example_subdag_operator.section-1 to None, run_after=None
[2025-12-11T23:13:26.816+0000] {logging_mixin.py:188} INFO - [2025-12-11T23:13:26.815+0000] {dag.py:3954} INFO - Setting next_dagrun for example_subdag_operator.section-2 to None, run_after=None
[2025-12-11T23:13:26.832+0000] {logging_mixin.py:188} INFO - [2025-12-11T23:13:26.831+0000] {dag.py:3096} INFO - Sync 2 DAGs
[2025-12-11T23:13:26.838+0000] {logging_mixin.py:188} INFO - [2025-12-11T23:13:26.838+0000] {dag.py:3954} INFO - Setting next_dagrun for example_subdag_operator.section-1 to None, run_after=None
[2025-12-11T23:13:26.839+0000] {logging_mixin.py:188} INFO - [2025-12-11T23:13:26.839+0000] {dag.py:3954} INFO - Setting next_dagrun for example_subdag_operator.section-2 to None, run_after=None
[2025-12-11T23:13:26.862+0000] {processor.py:183} INFO - Processing /home/airflow/.local/lib/python3.9/site-packages/airflow/example_dags/example_subdag_operator.py took 0.249 seconds
[2025-12-11T23:13:59.187+0000] {processor.py:161} INFO - Started process (PID=2966) to work on /home/airflow/.local/lib/python3.9/site-packages/airflow/example_dags/example_subdag_operator.py
[2025-12-11T23:13:59.197+0000] {processor.py:830} INFO - Processing file /home/airflow/.local/lib/python3.9/site-packages/airflow/example_dags/example_subdag_operator.py for tasks to queue
[2025-12-11T23:13:59.200+0000] {logging_mixin.py:188} INFO - [2025-12-11T23:13:59.199+0000] {dagbag.py:545} INFO - Filling up the DagBag from /home/airflow/.local/lib/python3.9/site-packages/airflow/example_dags/example_subdag_operator.py
[2025-12-11T23:13:59.243+0000] {processor.py:840} INFO - DAG(s) 'example_subdag_operator.section-1', 'example_subdag_operator.section-2', 'example_subdag_operator' retrieved from /home/airflow/.local/lib/python3.9/site-packages/airflow/example_dags/example_subdag_operator.py
[2025-12-11T23:13:59.271+0000] {logging_mixin.py:188} INFO - [2025-12-11T23:13:59.270+0000] {dag.py:3096} INFO - Sync 3 DAGs
[2025-12-11T23:13:59.309+0000] {logging_mixin.py:188} INFO - [2025-12-11T23:13:59.308+0000] {dag.py:3954} INFO - Setting next_dagrun for example_subdag_operator to 2022-01-01 00:00:00+00:00, run_after=2022-01-01 00:00:00+00:00
[2025-12-11T23:13:59.314+0000] {logging_mixin.py:188} INFO - [2025-12-11T23:13:59.314+0000] {dag.py:3954} INFO - Setting next_dagrun for example_subdag_operator.section-1 to None, run_after=None
[2025-12-11T23:13:59.316+0000] {logging_mixin.py:188} INFO - [2025-12-11T23:13:59.315+0000] {dag.py:3954} INFO - Setting next_dagrun for example_subdag_operator.section-2 to None, run_after=None
[2025-12-11T23:13:59.329+0000] {logging_mixin.py:188} INFO - [2025-12-11T23:13:59.326+0000] {dag.py:3096} INFO - Sync 2 DAGs
[2025-12-11T23:13:59.338+0000] {logging_mixin.py:188} INFO - [2025-12-11T23:13:59.337+0000] {dag.py:3954} INFO - Setting next_dagrun for example_subdag_operator.section-1 to None, run_after=None
[2025-12-11T23:13:59.338+0000] {logging_mixin.py:188} INFO - [2025-12-11T23:13:59.338+0000] {dag.py:3954} INFO - Setting next_dagrun for example_subdag_operator.section-2 to None, run_after=None
[2025-12-11T23:13:59.360+0000] {processor.py:183} INFO - Processing /home/airflow/.local/lib/python3.9/site-packages/airflow/example_dags/example_subdag_operator.py took 0.184 seconds
[2025-12-11T23:14:29.682+0000] {processor.py:161} INFO - Started process (PID=3033) to work on /home/airflow/.local/lib/python3.9/site-packages/airflow/example_dags/example_subdag_operator.py
[2025-12-11T23:14:29.684+0000] {processor.py:830} INFO - Processing file /home/airflow/.local/lib/python3.9/site-packages/airflow/example_dags/example_subdag_operator.py for tasks to queue
[2025-12-11T23:14:29.687+0000] {logging_mixin.py:188} INFO - [2025-12-11T23:14:29.686+0000] {dagbag.py:545} INFO - Filling up the DagBag from /home/airflow/.local/lib/python3.9/site-packages/airflow/example_dags/example_subdag_operator.py
[2025-12-11T23:14:29.730+0000] {processor.py:840} INFO - DAG(s) 'example_subdag_operator.section-1', 'example_subdag_operator.section-2', 'example_subdag_operator' retrieved from /home/airflow/.local/lib/python3.9/site-packages/airflow/example_dags/example_subdag_operator.py
[2025-12-11T23:14:29.754+0000] {logging_mixin.py:188} INFO - [2025-12-11T23:14:29.754+0000] {dag.py:3096} INFO - Sync 3 DAGs
[2025-12-11T23:14:29.792+0000] {logging_mixin.py:188} INFO - [2025-12-11T23:14:29.792+0000] {dag.py:3954} INFO - Setting next_dagrun for example_subdag_operator to 2022-01-01 00:00:00+00:00, run_after=2022-01-01 00:00:00+00:00
[2025-12-11T23:14:29.798+0000] {logging_mixin.py:188} INFO - [2025-12-11T23:14:29.798+0000] {dag.py:3954} INFO - Setting next_dagrun for example_subdag_operator.section-1 to None, run_after=None
[2025-12-11T23:14:29.799+0000] {logging_mixin.py:188} INFO - [2025-12-11T23:14:29.799+0000] {dag.py:3954} INFO - Setting next_dagrun for example_subdag_operator.section-2 to None, run_after=None
[2025-12-11T23:14:29.810+0000] {logging_mixin.py:188} INFO - [2025-12-11T23:14:29.809+0000] {dag.py:3096} INFO - Sync 2 DAGs
[2025-12-11T23:14:29.817+0000] {logging_mixin.py:188} INFO - [2025-12-11T23:14:29.817+0000] {dag.py:3954} INFO - Setting next_dagrun for example_subdag_operator.section-1 to None, run_after=None
[2025-12-11T23:14:29.818+0000] {logging_mixin.py:188} INFO - [2025-12-11T23:14:29.817+0000] {dag.py:3954} INFO - Setting next_dagrun for example_subdag_operator.section-2 to None, run_after=None
[2025-12-11T23:14:29.833+0000] {processor.py:183} INFO - Processing /home/airflow/.local/lib/python3.9/site-packages/airflow/example_dags/example_subdag_operator.py took 0.161 seconds
[2025-12-11T23:15:00.031+0000] {processor.py:161} INFO - Started process (PID=3100) to work on /home/airflow/.local/lib/python3.9/site-packages/airflow/example_dags/example_subdag_operator.py
[2025-12-11T23:15:00.033+0000] {processor.py:830} INFO - Processing file /home/airflow/.local/lib/python3.9/site-packages/airflow/example_dags/example_subdag_operator.py for tasks to queue
[2025-12-11T23:15:00.036+0000] {logging_mixin.py:188} INFO - [2025-12-11T23:15:00.036+0000] {dagbag.py:545} INFO - Filling up the DagBag from /home/airflow/.local/lib/python3.9/site-packages/airflow/example_dags/example_subdag_operator.py
[2025-12-11T23:15:00.082+0000] {processor.py:840} INFO - DAG(s) 'example_subdag_operator.section-1', 'example_subdag_operator.section-2', 'example_subdag_operator' retrieved from /home/airflow/.local/lib/python3.9/site-packages/airflow/example_dags/example_subdag_operator.py
[2025-12-11T23:15:00.110+0000] {logging_mixin.py:188} INFO - [2025-12-11T23:15:00.110+0000] {dag.py:3096} INFO - Sync 3 DAGs
[2025-12-11T23:15:00.150+0000] {logging_mixin.py:188} INFO - [2025-12-11T23:15:00.149+0000] {dag.py:3954} INFO - Setting next_dagrun for example_subdag_operator to 2022-01-01 00:00:00+00:00, run_after=2022-01-01 00:00:00+00:00
[2025-12-11T23:15:00.157+0000] {logging_mixin.py:188} INFO - [2025-12-11T23:15:00.156+0000] {dag.py:3954} INFO - Setting next_dagrun for example_subdag_operator.section-1 to None, run_after=None
[2025-12-11T23:15:00.159+0000] {logging_mixin.py:188} INFO - [2025-12-11T23:15:00.158+0000] {dag.py:3954} INFO - Setting next_dagrun for example_subdag_operator.section-2 to None, run_after=None
[2025-12-11T23:15:00.171+0000] {logging_mixin.py:188} INFO - [2025-12-11T23:15:00.171+0000] {dag.py:3096} INFO - Sync 2 DAGs
[2025-12-11T23:15:00.180+0000] {logging_mixin.py:188} INFO - [2025-12-11T23:15:00.179+0000] {dag.py:3954} INFO - Setting next_dagrun for example_subdag_operator.section-1 to None, run_after=None
[2025-12-11T23:15:00.181+0000] {logging_mixin.py:188} INFO - [2025-12-11T23:15:00.180+0000] {dag.py:3954} INFO - Setting next_dagrun for example_subdag_operator.section-2 to None, run_after=None
[2025-12-11T23:15:00.200+0000] {processor.py:183} INFO - Processing /home/airflow/.local/lib/python3.9/site-packages/airflow/example_dags/example_subdag_operator.py took 0.179 seconds
[2025-12-11T23:15:31.473+0000] {processor.py:161} INFO - Started process (PID=3167) to work on /home/airflow/.local/lib/python3.9/site-packages/airflow/example_dags/example_subdag_operator.py
[2025-12-11T23:15:31.542+0000] {processor.py:830} INFO - Processing file /home/airflow/.local/lib/python3.9/site-packages/airflow/example_dags/example_subdag_operator.py for tasks to queue
[2025-12-11T23:15:31.546+0000] {logging_mixin.py:188} INFO - [2025-12-11T23:15:31.546+0000] {dagbag.py:545} INFO - Filling up the DagBag from /home/airflow/.local/lib/python3.9/site-packages/airflow/example_dags/example_subdag_operator.py
[2025-12-11T23:15:31.592+0000] {processor.py:840} INFO - DAG(s) 'example_subdag_operator.section-1', 'example_subdag_operator.section-2', 'example_subdag_operator' retrieved from /home/airflow/.local/lib/python3.9/site-packages/airflow/example_dags/example_subdag_operator.py
[2025-12-11T23:15:31.617+0000] {logging_mixin.py:188} INFO - [2025-12-11T23:15:31.616+0000] {dag.py:3096} INFO - Sync 3 DAGs
[2025-12-11T23:15:31.665+0000] {logging_mixin.py:188} INFO - [2025-12-11T23:15:31.664+0000] {dag.py:3954} INFO - Setting next_dagrun for example_subdag_operator to 2022-01-01 00:00:00+00:00, run_after=2022-01-01 00:00:00+00:00
[2025-12-11T23:15:31.672+0000] {logging_mixin.py:188} INFO - [2025-12-11T23:15:31.671+0000] {dag.py:3954} INFO - Setting next_dagrun for example_subdag_operator.section-1 to None, run_after=None
[2025-12-11T23:15:31.674+0000] {logging_mixin.py:188} INFO - [2025-12-11T23:15:31.674+0000] {dag.py:3954} INFO - Setting next_dagrun for example_subdag_operator.section-2 to None, run_after=None
[2025-12-11T23:15:31.687+0000] {logging_mixin.py:188} INFO - [2025-12-11T23:15:31.687+0000] {dag.py:3096} INFO - Sync 2 DAGs
[2025-12-11T23:15:31.697+0000] {logging_mixin.py:188} INFO - [2025-12-11T23:15:31.697+0000] {dag.py:3954} INFO - Setting next_dagrun for example_subdag_operator.section-1 to None, run_after=None
[2025-12-11T23:15:31.698+0000] {logging_mixin.py:188} INFO - [2025-12-11T23:15:31.698+0000] {dag.py:3954} INFO - Setting next_dagrun for example_subdag_operator.section-2 to None, run_after=None
[2025-12-11T23:15:31.792+0000] {processor.py:183} INFO - Processing /home/airflow/.local/lib/python3.9/site-packages/airflow/example_dags/example_subdag_operator.py took 0.333 seconds
[2025-12-11T23:16:02.051+0000] {processor.py:161} INFO - Started process (PID=3234) to work on /home/airflow/.local/lib/python3.9/site-packages/airflow/example_dags/example_subdag_operator.py
[2025-12-11T23:16:02.053+0000] {processor.py:830} INFO - Processing file /home/airflow/.local/lib/python3.9/site-packages/airflow/example_dags/example_subdag_operator.py for tasks to queue
[2025-12-11T23:16:02.055+0000] {logging_mixin.py:188} INFO - [2025-12-11T23:16:02.055+0000] {dagbag.py:545} INFO - Filling up the DagBag from /home/airflow/.local/lib/python3.9/site-packages/airflow/example_dags/example_subdag_operator.py
[2025-12-11T23:16:02.105+0000] {processor.py:840} INFO - DAG(s) 'example_subdag_operator.section-1', 'example_subdag_operator.section-2', 'example_subdag_operator' retrieved from /home/airflow/.local/lib/python3.9/site-packages/airflow/example_dags/example_subdag_operator.py
[2025-12-11T23:16:02.132+0000] {logging_mixin.py:188} INFO - [2025-12-11T23:16:02.132+0000] {dag.py:3096} INFO - Sync 3 DAGs
[2025-12-11T23:16:02.174+0000] {logging_mixin.py:188} INFO - [2025-12-11T23:16:02.174+0000] {dag.py:3954} INFO - Setting next_dagrun for example_subdag_operator to 2022-01-01 00:00:00+00:00, run_after=2022-01-01 00:00:00+00:00
[2025-12-11T23:16:02.181+0000] {logging_mixin.py:188} INFO - [2025-12-11T23:16:02.180+0000] {dag.py:3954} INFO - Setting next_dagrun for example_subdag_operator.section-1 to None, run_after=None
[2025-12-11T23:16:02.183+0000] {logging_mixin.py:188} INFO - [2025-12-11T23:16:02.182+0000] {dag.py:3954} INFO - Setting next_dagrun for example_subdag_operator.section-2 to None, run_after=None
[2025-12-11T23:16:02.195+0000] {logging_mixin.py:188} INFO - [2025-12-11T23:16:02.194+0000] {dag.py:3096} INFO - Sync 2 DAGs
[2025-12-11T23:16:02.203+0000] {logging_mixin.py:188} INFO - [2025-12-11T23:16:02.202+0000] {dag.py:3954} INFO - Setting next_dagrun for example_subdag_operator.section-1 to None, run_after=None
[2025-12-11T23:16:02.203+0000] {logging_mixin.py:188} INFO - [2025-12-11T23:16:02.203+0000] {dag.py:3954} INFO - Setting next_dagrun for example_subdag_operator.section-2 to None, run_after=None
[2025-12-11T23:16:02.220+0000] {processor.py:183} INFO - Processing /home/airflow/.local/lib/python3.9/site-packages/airflow/example_dags/example_subdag_operator.py took 0.181 seconds
[2025-12-11T23:16:32.465+0000] {processor.py:161} INFO - Started process (PID=3301) to work on /home/airflow/.local/lib/python3.9/site-packages/airflow/example_dags/example_subdag_operator.py
[2025-12-11T23:16:32.473+0000] {processor.py:830} INFO - Processing file /home/airflow/.local/lib/python3.9/site-packages/airflow/example_dags/example_subdag_operator.py for tasks to queue
[2025-12-11T23:16:32.476+0000] {logging_mixin.py:188} INFO - [2025-12-11T23:16:32.475+0000] {dagbag.py:545} INFO - Filling up the DagBag from /home/airflow/.local/lib/python3.9/site-packages/airflow/example_dags/example_subdag_operator.py
[2025-12-11T23:16:32.523+0000] {processor.py:840} INFO - DAG(s) 'example_subdag_operator.section-1', 'example_subdag_operator.section-2', 'example_subdag_operator' retrieved from /home/airflow/.local/lib/python3.9/site-packages/airflow/example_dags/example_subdag_operator.py
[2025-12-11T23:16:32.562+0000] {logging_mixin.py:188} INFO - [2025-12-11T23:16:32.562+0000] {dag.py:3096} INFO - Sync 3 DAGs
[2025-12-11T23:16:32.597+0000] {logging_mixin.py:188} INFO - [2025-12-11T23:16:32.597+0000] {dag.py:3954} INFO - Setting next_dagrun for example_subdag_operator to 2022-01-01 00:00:00+00:00, run_after=2022-01-01 00:00:00+00:00
[2025-12-11T23:16:32.603+0000] {logging_mixin.py:188} INFO - [2025-12-11T23:16:32.602+0000] {dag.py:3954} INFO - Setting next_dagrun for example_subdag_operator.section-1 to None, run_after=None
[2025-12-11T23:16:32.604+0000] {logging_mixin.py:188} INFO - [2025-12-11T23:16:32.604+0000] {dag.py:3954} INFO - Setting next_dagrun for example_subdag_operator.section-2 to None, run_after=None
[2025-12-11T23:16:32.616+0000] {logging_mixin.py:188} INFO - [2025-12-11T23:16:32.615+0000] {dag.py:3096} INFO - Sync 2 DAGs
[2025-12-11T23:16:32.623+0000] {logging_mixin.py:188} INFO - [2025-12-11T23:16:32.622+0000] {dag.py:3954} INFO - Setting next_dagrun for example_subdag_operator.section-1 to None, run_after=None
[2025-12-11T23:16:32.623+0000] {logging_mixin.py:188} INFO - [2025-12-11T23:16:32.623+0000] {dag.py:3954} INFO - Setting next_dagrun for example_subdag_operator.section-2 to None, run_after=None
[2025-12-11T23:16:32.641+0000] {processor.py:183} INFO - Processing /home/airflow/.local/lib/python3.9/site-packages/airflow/example_dags/example_subdag_operator.py took 0.186 seconds
[2025-12-11T23:17:03.301+0000] {processor.py:161} INFO - Started process (PID=3368) to work on /home/airflow/.local/lib/python3.9/site-packages/airflow/example_dags/example_subdag_operator.py
[2025-12-11T23:17:03.302+0000] {processor.py:830} INFO - Processing file /home/airflow/.local/lib/python3.9/site-packages/airflow/example_dags/example_subdag_operator.py for tasks to queue
[2025-12-11T23:17:03.305+0000] {logging_mixin.py:188} INFO - [2025-12-11T23:17:03.304+0000] {dagbag.py:545} INFO - Filling up the DagBag from /home/airflow/.local/lib/python3.9/site-packages/airflow/example_dags/example_subdag_operator.py
[2025-12-11T23:17:03.383+0000] {processor.py:840} INFO - DAG(s) 'example_subdag_operator.section-1', 'example_subdag_operator.section-2', 'example_subdag_operator' retrieved from /home/airflow/.local/lib/python3.9/site-packages/airflow/example_dags/example_subdag_operator.py
[2025-12-11T23:17:03.439+0000] {logging_mixin.py:188} INFO - [2025-12-11T23:17:03.438+0000] {dag.py:3096} INFO - Sync 3 DAGs
[2025-12-11T23:17:03.501+0000] {logging_mixin.py:188} INFO - [2025-12-11T23:17:03.500+0000] {dag.py:3954} INFO - Setting next_dagrun for example_subdag_operator to 2022-01-01 00:00:00+00:00, run_after=2022-01-01 00:00:00+00:00
[2025-12-11T23:17:03.514+0000] {logging_mixin.py:188} INFO - [2025-12-11T23:17:03.513+0000] {dag.py:3954} INFO - Setting next_dagrun for example_subdag_operator.section-1 to None, run_after=None
[2025-12-11T23:17:03.516+0000] {logging_mixin.py:188} INFO - [2025-12-11T23:17:03.516+0000] {dag.py:3954} INFO - Setting next_dagrun for example_subdag_operator.section-2 to None, run_after=None
[2025-12-11T23:17:03.530+0000] {logging_mixin.py:188} INFO - [2025-12-11T23:17:03.529+0000] {dag.py:3096} INFO - Sync 2 DAGs
[2025-12-11T23:17:03.541+0000] {logging_mixin.py:188} INFO - [2025-12-11T23:17:03.540+0000] {dag.py:3954} INFO - Setting next_dagrun for example_subdag_operator.section-1 to None, run_after=None
[2025-12-11T23:17:03.542+0000] {logging_mixin.py:188} INFO - [2025-12-11T23:17:03.541+0000] {dag.py:3954} INFO - Setting next_dagrun for example_subdag_operator.section-2 to None, run_after=None
[2025-12-11T23:17:03.563+0000] {processor.py:183} INFO - Processing /home/airflow/.local/lib/python3.9/site-packages/airflow/example_dags/example_subdag_operator.py took 0.273 seconds
[2025-12-11T23:17:33.697+0000] {processor.py:161} INFO - Started process (PID=3435) to work on /home/airflow/.local/lib/python3.9/site-packages/airflow/example_dags/example_subdag_operator.py
[2025-12-11T23:17:33.699+0000] {processor.py:830} INFO - Processing file /home/airflow/.local/lib/python3.9/site-packages/airflow/example_dags/example_subdag_operator.py for tasks to queue
[2025-12-11T23:17:33.702+0000] {logging_mixin.py:188} INFO - [2025-12-11T23:17:33.701+0000] {dagbag.py:545} INFO - Filling up the DagBag from /home/airflow/.local/lib/python3.9/site-packages/airflow/example_dags/example_subdag_operator.py
[2025-12-11T23:17:33.741+0000] {processor.py:840} INFO - DAG(s) 'example_subdag_operator.section-1', 'example_subdag_operator.section-2', 'example_subdag_operator' retrieved from /home/airflow/.local/lib/python3.9/site-packages/airflow/example_dags/example_subdag_operator.py
[2025-12-11T23:17:33.763+0000] {logging_mixin.py:188} INFO - [2025-12-11T23:17:33.762+0000] {dag.py:3096} INFO - Sync 3 DAGs
[2025-12-11T23:17:33.799+0000] {logging_mixin.py:188} INFO - [2025-12-11T23:17:33.799+0000] {dag.py:3954} INFO - Setting next_dagrun for example_subdag_operator to 2022-01-01 00:00:00+00:00, run_after=2022-01-01 00:00:00+00:00
[2025-12-11T23:17:33.804+0000] {logging_mixin.py:188} INFO - [2025-12-11T23:17:33.804+0000] {dag.py:3954} INFO - Setting next_dagrun for example_subdag_operator.section-1 to None, run_after=None
[2025-12-11T23:17:33.806+0000] {logging_mixin.py:188} INFO - [2025-12-11T23:17:33.806+0000] {dag.py:3954} INFO - Setting next_dagrun for example_subdag_operator.section-2 to None, run_after=None
[2025-12-11T23:17:33.816+0000] {logging_mixin.py:188} INFO - [2025-12-11T23:17:33.815+0000] {dag.py:3096} INFO - Sync 2 DAGs
[2025-12-11T23:17:33.830+0000] {logging_mixin.py:188} INFO - [2025-12-11T23:17:33.829+0000] {dag.py:3954} INFO - Setting next_dagrun for example_subdag_operator.section-1 to None, run_after=None
[2025-12-11T23:17:33.830+0000] {logging_mixin.py:188} INFO - [2025-12-11T23:17:33.830+0000] {dag.py:3954} INFO - Setting next_dagrun for example_subdag_operator.section-2 to None, run_after=None
[2025-12-11T23:17:33.845+0000] {processor.py:183} INFO - Processing /home/airflow/.local/lib/python3.9/site-packages/airflow/example_dags/example_subdag_operator.py took 0.159 seconds
[2025-12-11T23:18:04.454+0000] {processor.py:161} INFO - Started process (PID=3502) to work on /home/airflow/.local/lib/python3.9/site-packages/airflow/example_dags/example_subdag_operator.py
[2025-12-11T23:18:04.455+0000] {processor.py:830} INFO - Processing file /home/airflow/.local/lib/python3.9/site-packages/airflow/example_dags/example_subdag_operator.py for tasks to queue
[2025-12-11T23:18:04.458+0000] {logging_mixin.py:188} INFO - [2025-12-11T23:18:04.458+0000] {dagbag.py:545} INFO - Filling up the DagBag from /home/airflow/.local/lib/python3.9/site-packages/airflow/example_dags/example_subdag_operator.py
[2025-12-11T23:18:04.518+0000] {processor.py:840} INFO - DAG(s) 'example_subdag_operator.section-1', 'example_subdag_operator.section-2', 'example_subdag_operator' retrieved from /home/airflow/.local/lib/python3.9/site-packages/airflow/example_dags/example_subdag_operator.py
[2025-12-11T23:18:04.545+0000] {logging_mixin.py:188} INFO - [2025-12-11T23:18:04.544+0000] {dag.py:3096} INFO - Sync 3 DAGs
[2025-12-11T23:18:04.583+0000] {logging_mixin.py:188} INFO - [2025-12-11T23:18:04.582+0000] {dag.py:3954} INFO - Setting next_dagrun for example_subdag_operator to 2022-01-01 00:00:00+00:00, run_after=2022-01-01 00:00:00+00:00
[2025-12-11T23:18:04.588+0000] {logging_mixin.py:188} INFO - [2025-12-11T23:18:04.588+0000] {dag.py:3954} INFO - Setting next_dagrun for example_subdag_operator.section-1 to None, run_after=None
[2025-12-11T23:18:04.590+0000] {logging_mixin.py:188} INFO - [2025-12-11T23:18:04.589+0000] {dag.py:3954} INFO - Setting next_dagrun for example_subdag_operator.section-2 to None, run_after=None
[2025-12-11T23:18:04.600+0000] {logging_mixin.py:188} INFO - [2025-12-11T23:18:04.600+0000] {dag.py:3096} INFO - Sync 2 DAGs
[2025-12-11T23:18:04.608+0000] {logging_mixin.py:188} INFO - [2025-12-11T23:18:04.607+0000] {dag.py:3954} INFO - Setting next_dagrun for example_subdag_operator.section-1 to None, run_after=None
[2025-12-11T23:18:04.608+0000] {logging_mixin.py:188} INFO - [2025-12-11T23:18:04.608+0000] {dag.py:3954} INFO - Setting next_dagrun for example_subdag_operator.section-2 to None, run_after=None
[2025-12-11T23:18:04.624+0000] {processor.py:183} INFO - Processing /home/airflow/.local/lib/python3.9/site-packages/airflow/example_dags/example_subdag_operator.py took 0.185 seconds
[2025-12-11T23:18:35.011+0000] {processor.py:161} INFO - Started process (PID=3569) to work on /home/airflow/.local/lib/python3.9/site-packages/airflow/example_dags/example_subdag_operator.py
[2025-12-11T23:18:35.013+0000] {processor.py:830} INFO - Processing file /home/airflow/.local/lib/python3.9/site-packages/airflow/example_dags/example_subdag_operator.py for tasks to queue
[2025-12-11T23:18:35.016+0000] {logging_mixin.py:188} INFO - [2025-12-11T23:18:35.015+0000] {dagbag.py:545} INFO - Filling up the DagBag from /home/airflow/.local/lib/python3.9/site-packages/airflow/example_dags/example_subdag_operator.py
[2025-12-11T23:18:35.134+0000] {processor.py:840} INFO - DAG(s) 'example_subdag_operator.section-1', 'example_subdag_operator.section-2', 'example_subdag_operator' retrieved from /home/airflow/.local/lib/python3.9/site-packages/airflow/example_dags/example_subdag_operator.py
[2025-12-11T23:18:35.181+0000] {logging_mixin.py:188} INFO - [2025-12-11T23:18:35.180+0000] {dag.py:3096} INFO - Sync 3 DAGs
[2025-12-11T23:18:35.242+0000] {logging_mixin.py:188} INFO - [2025-12-11T23:18:35.242+0000] {dag.py:3954} INFO - Setting next_dagrun for example_subdag_operator to 2022-01-01 00:00:00+00:00, run_after=2022-01-01 00:00:00+00:00
[2025-12-11T23:18:35.255+0000] {logging_mixin.py:188} INFO - [2025-12-11T23:18:35.254+0000] {dag.py:3954} INFO - Setting next_dagrun for example_subdag_operator.section-1 to None, run_after=None
[2025-12-11T23:18:35.256+0000] {logging_mixin.py:188} INFO - [2025-12-11T23:18:35.256+0000] {dag.py:3954} INFO - Setting next_dagrun for example_subdag_operator.section-2 to None, run_after=None
[2025-12-11T23:18:35.274+0000] {logging_mixin.py:188} INFO - [2025-12-11T23:18:35.274+0000] {dag.py:3096} INFO - Sync 2 DAGs
[2025-12-11T23:18:35.281+0000] {logging_mixin.py:188} INFO - [2025-12-11T23:18:35.281+0000] {dag.py:3954} INFO - Setting next_dagrun for example_subdag_operator.section-1 to None, run_after=None
[2025-12-11T23:18:35.282+0000] {logging_mixin.py:188} INFO - [2025-12-11T23:18:35.282+0000] {dag.py:3954} INFO - Setting next_dagrun for example_subdag_operator.section-2 to None, run_after=None
[2025-12-11T23:18:35.297+0000] {processor.py:183} INFO - Processing /home/airflow/.local/lib/python3.9/site-packages/airflow/example_dags/example_subdag_operator.py took 0.308 seconds
[2025-12-11T23:19:06.150+0000] {processor.py:161} INFO - Started process (PID=3636) to work on /home/airflow/.local/lib/python3.9/site-packages/airflow/example_dags/example_subdag_operator.py
[2025-12-11T23:19:06.152+0000] {processor.py:830} INFO - Processing file /home/airflow/.local/lib/python3.9/site-packages/airflow/example_dags/example_subdag_operator.py for tasks to queue
[2025-12-11T23:19:06.155+0000] {logging_mixin.py:188} INFO - [2025-12-11T23:19:06.154+0000] {dagbag.py:545} INFO - Filling up the DagBag from /home/airflow/.local/lib/python3.9/site-packages/airflow/example_dags/example_subdag_operator.py
[2025-12-11T23:19:06.200+0000] {processor.py:840} INFO - DAG(s) 'example_subdag_operator.section-1', 'example_subdag_operator.section-2', 'example_subdag_operator' retrieved from /home/airflow/.local/lib/python3.9/site-packages/airflow/example_dags/example_subdag_operator.py
[2025-12-11T23:19:06.235+0000] {logging_mixin.py:188} INFO - [2025-12-11T23:19:06.235+0000] {dag.py:3096} INFO - Sync 3 DAGs
[2025-12-11T23:19:06.314+0000] {logging_mixin.py:188} INFO - [2025-12-11T23:19:06.314+0000] {dag.py:3954} INFO - Setting next_dagrun for example_subdag_operator to 2022-01-01 00:00:00+00:00, run_after=2022-01-01 00:00:00+00:00
[2025-12-11T23:19:06.334+0000] {logging_mixin.py:188} INFO - [2025-12-11T23:19:06.333+0000] {dag.py:3954} INFO - Setting next_dagrun for example_subdag_operator.section-1 to None, run_after=None
[2025-12-11T23:19:06.335+0000] {logging_mixin.py:188} INFO - [2025-12-11T23:19:06.335+0000] {dag.py:3954} INFO - Setting next_dagrun for example_subdag_operator.section-2 to None, run_after=None
[2025-12-11T23:19:06.352+0000] {logging_mixin.py:188} INFO - [2025-12-11T23:19:06.352+0000] {dag.py:3096} INFO - Sync 2 DAGs
[2025-12-11T23:19:06.361+0000] {logging_mixin.py:188} INFO - [2025-12-11T23:19:06.360+0000] {dag.py:3954} INFO - Setting next_dagrun for example_subdag_operator.section-1 to None, run_after=None
[2025-12-11T23:19:06.361+0000] {logging_mixin.py:188} INFO - [2025-12-11T23:19:06.361+0000] {dag.py:3954} INFO - Setting next_dagrun for example_subdag_operator.section-2 to None, run_after=None
[2025-12-11T23:19:06.382+0000] {processor.py:183} INFO - Processing /home/airflow/.local/lib/python3.9/site-packages/airflow/example_dags/example_subdag_operator.py took 0.243 seconds
[2025-12-11T23:19:36.552+0000] {processor.py:161} INFO - Started process (PID=3703) to work on /home/airflow/.local/lib/python3.9/site-packages/airflow/example_dags/example_subdag_operator.py
[2025-12-11T23:19:36.560+0000] {processor.py:830} INFO - Processing file /home/airflow/.local/lib/python3.9/site-packages/airflow/example_dags/example_subdag_operator.py for tasks to queue
[2025-12-11T23:19:36.572+0000] {logging_mixin.py:188} INFO - [2025-12-11T23:19:36.572+0000] {dagbag.py:545} INFO - Filling up the DagBag from /home/airflow/.local/lib/python3.9/site-packages/airflow/example_dags/example_subdag_operator.py
[2025-12-11T23:19:36.711+0000] {processor.py:840} INFO - DAG(s) 'example_subdag_operator.section-1', 'example_subdag_operator.section-2', 'example_subdag_operator' retrieved from /home/airflow/.local/lib/python3.9/site-packages/airflow/example_dags/example_subdag_operator.py
[2025-12-11T23:19:36.774+0000] {logging_mixin.py:188} INFO - [2025-12-11T23:19:36.773+0000] {dag.py:3096} INFO - Sync 3 DAGs
[2025-12-11T23:19:36.833+0000] {logging_mixin.py:188} INFO - [2025-12-11T23:19:36.832+0000] {dag.py:3954} INFO - Setting next_dagrun for example_subdag_operator to 2022-01-01 00:00:00+00:00, run_after=2022-01-01 00:00:00+00:00
[2025-12-11T23:19:36.838+0000] {logging_mixin.py:188} INFO - [2025-12-11T23:19:36.838+0000] {dag.py:3954} INFO - Setting next_dagrun for example_subdag_operator.section-1 to None, run_after=None
[2025-12-11T23:19:36.840+0000] {logging_mixin.py:188} INFO - [2025-12-11T23:19:36.840+0000] {dag.py:3954} INFO - Setting next_dagrun for example_subdag_operator.section-2 to None, run_after=None
[2025-12-11T23:19:36.851+0000] {logging_mixin.py:188} INFO - [2025-12-11T23:19:36.850+0000] {dag.py:3096} INFO - Sync 2 DAGs
[2025-12-11T23:19:36.860+0000] {logging_mixin.py:188} INFO - [2025-12-11T23:19:36.859+0000] {dag.py:3954} INFO - Setting next_dagrun for example_subdag_operator.section-1 to None, run_after=None
[2025-12-11T23:19:36.860+0000] {logging_mixin.py:188} INFO - [2025-12-11T23:19:36.860+0000] {dag.py:3954} INFO - Setting next_dagrun for example_subdag_operator.section-2 to None, run_after=None
[2025-12-11T23:19:37.038+0000] {processor.py:183} INFO - Processing /home/airflow/.local/lib/python3.9/site-packages/airflow/example_dags/example_subdag_operator.py took 0.508 seconds
[2025-12-11T23:20:07.680+0000] {processor.py:161} INFO - Started process (PID=3770) to work on /home/airflow/.local/lib/python3.9/site-packages/airflow/example_dags/example_subdag_operator.py
[2025-12-11T23:20:07.689+0000] {processor.py:830} INFO - Processing file /home/airflow/.local/lib/python3.9/site-packages/airflow/example_dags/example_subdag_operator.py for tasks to queue
[2025-12-11T23:20:07.692+0000] {logging_mixin.py:188} INFO - [2025-12-11T23:20:07.691+0000] {dagbag.py:545} INFO - Filling up the DagBag from /home/airflow/.local/lib/python3.9/site-packages/airflow/example_dags/example_subdag_operator.py
[2025-12-11T23:20:07.736+0000] {processor.py:840} INFO - DAG(s) 'example_subdag_operator.section-1', 'example_subdag_operator.section-2', 'example_subdag_operator' retrieved from /home/airflow/.local/lib/python3.9/site-packages/airflow/example_dags/example_subdag_operator.py
[2025-12-11T23:20:07.759+0000] {logging_mixin.py:188} INFO - [2025-12-11T23:20:07.759+0000] {dag.py:3096} INFO - Sync 3 DAGs
[2025-12-11T23:20:07.797+0000] {logging_mixin.py:188} INFO - [2025-12-11T23:20:07.797+0000] {dag.py:3954} INFO - Setting next_dagrun for example_subdag_operator to 2022-01-01 00:00:00+00:00, run_after=2022-01-01 00:00:00+00:00
[2025-12-11T23:20:07.802+0000] {logging_mixin.py:188} INFO - [2025-12-11T23:20:07.802+0000] {dag.py:3954} INFO - Setting next_dagrun for example_subdag_operator.section-1 to None, run_after=None
[2025-12-11T23:20:07.804+0000] {logging_mixin.py:188} INFO - [2025-12-11T23:20:07.804+0000] {dag.py:3954} INFO - Setting next_dagrun for example_subdag_operator.section-2 to None, run_after=None
[2025-12-11T23:20:07.816+0000] {logging_mixin.py:188} INFO - [2025-12-11T23:20:07.816+0000] {dag.py:3096} INFO - Sync 2 DAGs
[2025-12-11T23:20:07.824+0000] {logging_mixin.py:188} INFO - [2025-12-11T23:20:07.823+0000] {dag.py:3954} INFO - Setting next_dagrun for example_subdag_operator.section-1 to None, run_after=None
[2025-12-11T23:20:07.824+0000] {logging_mixin.py:188} INFO - [2025-12-11T23:20:07.824+0000] {dag.py:3954} INFO - Setting next_dagrun for example_subdag_operator.section-2 to None, run_after=None
[2025-12-11T23:20:07.839+0000] {processor.py:183} INFO - Processing /home/airflow/.local/lib/python3.9/site-packages/airflow/example_dags/example_subdag_operator.py took 0.169 seconds
[2025-12-11T23:20:38.101+0000] {processor.py:161} INFO - Started process (PID=3837) to work on /home/airflow/.local/lib/python3.9/site-packages/airflow/example_dags/example_subdag_operator.py
[2025-12-11T23:20:38.110+0000] {processor.py:830} INFO - Processing file /home/airflow/.local/lib/python3.9/site-packages/airflow/example_dags/example_subdag_operator.py for tasks to queue
[2025-12-11T23:20:38.112+0000] {logging_mixin.py:188} INFO - [2025-12-11T23:20:38.112+0000] {dagbag.py:545} INFO - Filling up the DagBag from /home/airflow/.local/lib/python3.9/site-packages/airflow/example_dags/example_subdag_operator.py
[2025-12-11T23:20:38.154+0000] {processor.py:840} INFO - DAG(s) 'example_subdag_operator.section-1', 'example_subdag_operator.section-2', 'example_subdag_operator' retrieved from /home/airflow/.local/lib/python3.9/site-packages/airflow/example_dags/example_subdag_operator.py
[2025-12-11T23:20:38.186+0000] {logging_mixin.py:188} INFO - [2025-12-11T23:20:38.185+0000] {dag.py:3096} INFO - Sync 3 DAGs
[2025-12-11T23:20:38.231+0000] {logging_mixin.py:188} INFO - [2025-12-11T23:20:38.230+0000] {dag.py:3954} INFO - Setting next_dagrun for example_subdag_operator to 2022-01-01 00:00:00+00:00, run_after=2022-01-01 00:00:00+00:00
[2025-12-11T23:20:38.241+0000] {logging_mixin.py:188} INFO - [2025-12-11T23:20:38.240+0000] {dag.py:3954} INFO - Setting next_dagrun for example_subdag_operator.section-1 to None, run_after=None
[2025-12-11T23:20:38.243+0000] {logging_mixin.py:188} INFO - [2025-12-11T23:20:38.243+0000] {dag.py:3954} INFO - Setting next_dagrun for example_subdag_operator.section-2 to None, run_after=None
[2025-12-11T23:20:38.257+0000] {logging_mixin.py:188} INFO - [2025-12-11T23:20:38.257+0000] {dag.py:3096} INFO - Sync 2 DAGs
[2025-12-11T23:20:38.268+0000] {logging_mixin.py:188} INFO - [2025-12-11T23:20:38.267+0000] {dag.py:3954} INFO - Setting next_dagrun for example_subdag_operator.section-1 to None, run_after=None
[2025-12-11T23:20:38.269+0000] {logging_mixin.py:188} INFO - [2025-12-11T23:20:38.268+0000] {dag.py:3954} INFO - Setting next_dagrun for example_subdag_operator.section-2 to None, run_after=None
[2025-12-11T23:20:38.503+0000] {processor.py:183} INFO - Processing /home/airflow/.local/lib/python3.9/site-packages/airflow/example_dags/example_subdag_operator.py took 0.412 seconds
[2025-12-11T23:21:08.621+0000] {processor.py:161} INFO - Started process (PID=3911) to work on /home/airflow/.local/lib/python3.9/site-packages/airflow/example_dags/example_subdag_operator.py
[2025-12-11T23:21:08.624+0000] {processor.py:830} INFO - Processing file /home/airflow/.local/lib/python3.9/site-packages/airflow/example_dags/example_subdag_operator.py for tasks to queue
[2025-12-11T23:21:08.630+0000] {logging_mixin.py:188} INFO - [2025-12-11T23:21:08.630+0000] {dagbag.py:545} INFO - Filling up the DagBag from /home/airflow/.local/lib/python3.9/site-packages/airflow/example_dags/example_subdag_operator.py
[2025-12-11T23:21:08.702+0000] {processor.py:840} INFO - DAG(s) 'example_subdag_operator.section-1', 'example_subdag_operator.section-2', 'example_subdag_operator' retrieved from /home/airflow/.local/lib/python3.9/site-packages/airflow/example_dags/example_subdag_operator.py
[2025-12-11T23:21:08.740+0000] {logging_mixin.py:188} INFO - [2025-12-11T23:21:08.739+0000] {dag.py:3096} INFO - Sync 3 DAGs
[2025-12-11T23:21:08.794+0000] {logging_mixin.py:188} INFO - [2025-12-11T23:21:08.794+0000] {dag.py:3954} INFO - Setting next_dagrun for example_subdag_operator to 2022-01-01 00:00:00+00:00, run_after=2022-01-01 00:00:00+00:00
[2025-12-11T23:21:08.809+0000] {logging_mixin.py:188} INFO - [2025-12-11T23:21:08.801+0000] {dag.py:3954} INFO - Setting next_dagrun for example_subdag_operator.section-1 to None, run_after=None
[2025-12-11T23:21:08.811+0000] {logging_mixin.py:188} INFO - [2025-12-11T23:21:08.811+0000] {dag.py:3954} INFO - Setting next_dagrun for example_subdag_operator.section-2 to None, run_after=None
[2025-12-11T23:21:08.821+0000] {logging_mixin.py:188} INFO - [2025-12-11T23:21:08.821+0000] {dag.py:3096} INFO - Sync 2 DAGs
[2025-12-11T23:21:08.830+0000] {logging_mixin.py:188} INFO - [2025-12-11T23:21:08.830+0000] {dag.py:3954} INFO - Setting next_dagrun for example_subdag_operator.section-1 to None, run_after=None
[2025-12-11T23:21:08.830+0000] {logging_mixin.py:188} INFO - [2025-12-11T23:21:08.830+0000] {dag.py:3954} INFO - Setting next_dagrun for example_subdag_operator.section-2 to None, run_after=None
[2025-12-11T23:21:08.845+0000] {processor.py:183} INFO - Processing /home/airflow/.local/lib/python3.9/site-packages/airflow/example_dags/example_subdag_operator.py took 0.247 seconds
[2025-12-11T23:21:39.401+0000] {processor.py:161} INFO - Started process (PID=3978) to work on /home/airflow/.local/lib/python3.9/site-packages/airflow/example_dags/example_subdag_operator.py
[2025-12-11T23:21:39.403+0000] {processor.py:830} INFO - Processing file /home/airflow/.local/lib/python3.9/site-packages/airflow/example_dags/example_subdag_operator.py for tasks to queue
[2025-12-11T23:21:39.411+0000] {logging_mixin.py:188} INFO - [2025-12-11T23:21:39.411+0000] {dagbag.py:545} INFO - Filling up the DagBag from /home/airflow/.local/lib/python3.9/site-packages/airflow/example_dags/example_subdag_operator.py
[2025-12-11T23:21:39.495+0000] {processor.py:840} INFO - DAG(s) 'example_subdag_operator.section-1', 'example_subdag_operator.section-2', 'example_subdag_operator' retrieved from /home/airflow/.local/lib/python3.9/site-packages/airflow/example_dags/example_subdag_operator.py
[2025-12-11T23:21:39.556+0000] {logging_mixin.py:188} INFO - [2025-12-11T23:21:39.556+0000] {dag.py:3096} INFO - Sync 3 DAGs
[2025-12-11T23:21:39.621+0000] {logging_mixin.py:188} INFO - [2025-12-11T23:21:39.620+0000] {dag.py:3954} INFO - Setting next_dagrun for example_subdag_operator to 2022-01-01 00:00:00+00:00, run_after=2022-01-01 00:00:00+00:00
[2025-12-11T23:21:39.635+0000] {logging_mixin.py:188} INFO - [2025-12-11T23:21:39.635+0000] {dag.py:3954} INFO - Setting next_dagrun for example_subdag_operator.section-1 to None, run_after=None
[2025-12-11T23:21:39.637+0000] {logging_mixin.py:188} INFO - [2025-12-11T23:21:39.637+0000] {dag.py:3954} INFO - Setting next_dagrun for example_subdag_operator.section-2 to None, run_after=None
[2025-12-11T23:21:39.656+0000] {logging_mixin.py:188} INFO - [2025-12-11T23:21:39.656+0000] {dag.py:3096} INFO - Sync 2 DAGs
[2025-12-11T23:21:39.663+0000] {logging_mixin.py:188} INFO - [2025-12-11T23:21:39.663+0000] {dag.py:3954} INFO - Setting next_dagrun for example_subdag_operator.section-1 to None, run_after=None
[2025-12-11T23:21:39.663+0000] {logging_mixin.py:188} INFO - [2025-12-11T23:21:39.663+0000] {dag.py:3954} INFO - Setting next_dagrun for example_subdag_operator.section-2 to None, run_after=None
[2025-12-11T23:21:39.677+0000] {processor.py:183} INFO - Processing /home/airflow/.local/lib/python3.9/site-packages/airflow/example_dags/example_subdag_operator.py took 0.288 seconds
[2025-12-11T23:22:10.171+0000] {processor.py:161} INFO - Started process (PID=4045) to work on /home/airflow/.local/lib/python3.9/site-packages/airflow/example_dags/example_subdag_operator.py
[2025-12-11T23:22:10.173+0000] {processor.py:830} INFO - Processing file /home/airflow/.local/lib/python3.9/site-packages/airflow/example_dags/example_subdag_operator.py for tasks to queue
[2025-12-11T23:22:10.176+0000] {logging_mixin.py:188} INFO - [2025-12-11T23:22:10.176+0000] {dagbag.py:545} INFO - Filling up the DagBag from /home/airflow/.local/lib/python3.9/site-packages/airflow/example_dags/example_subdag_operator.py
[2025-12-11T23:22:10.250+0000] {processor.py:840} INFO - DAG(s) 'example_subdag_operator.section-1', 'example_subdag_operator.section-2', 'example_subdag_operator' retrieved from /home/airflow/.local/lib/python3.9/site-packages/airflow/example_dags/example_subdag_operator.py
[2025-12-11T23:22:10.281+0000] {logging_mixin.py:188} INFO - [2025-12-11T23:22:10.281+0000] {dag.py:3096} INFO - Sync 3 DAGs
[2025-12-11T23:22:10.342+0000] {logging_mixin.py:188} INFO - [2025-12-11T23:22:10.341+0000] {dag.py:3954} INFO - Setting next_dagrun for example_subdag_operator to 2022-01-01 00:00:00+00:00, run_after=2022-01-01 00:00:00+00:00
[2025-12-11T23:22:10.356+0000] {logging_mixin.py:188} INFO - [2025-12-11T23:22:10.356+0000] {dag.py:3954} INFO - Setting next_dagrun for example_subdag_operator.section-1 to None, run_after=None
[2025-12-11T23:22:10.358+0000] {logging_mixin.py:188} INFO - [2025-12-11T23:22:10.358+0000] {dag.py:3954} INFO - Setting next_dagrun for example_subdag_operator.section-2 to None, run_after=None
[2025-12-11T23:22:10.375+0000] {logging_mixin.py:188} INFO - [2025-12-11T23:22:10.374+0000] {dag.py:3096} INFO - Sync 2 DAGs
[2025-12-11T23:22:10.383+0000] {logging_mixin.py:188} INFO - [2025-12-11T23:22:10.382+0000] {dag.py:3954} INFO - Setting next_dagrun for example_subdag_operator.section-1 to None, run_after=None
[2025-12-11T23:22:10.390+0000] {logging_mixin.py:188} INFO - [2025-12-11T23:22:10.389+0000] {dag.py:3954} INFO - Setting next_dagrun for example_subdag_operator.section-2 to None, run_after=None
[2025-12-11T23:22:10.423+0000] {processor.py:183} INFO - Processing /home/airflow/.local/lib/python3.9/site-packages/airflow/example_dags/example_subdag_operator.py took 0.272 seconds
[2025-12-11T23:22:40.555+0000] {processor.py:161} INFO - Started process (PID=4112) to work on /home/airflow/.local/lib/python3.9/site-packages/airflow/example_dags/example_subdag_operator.py
[2025-12-11T23:22:40.564+0000] {processor.py:830} INFO - Processing file /home/airflow/.local/lib/python3.9/site-packages/airflow/example_dags/example_subdag_operator.py for tasks to queue
[2025-12-11T23:22:40.572+0000] {logging_mixin.py:188} INFO - [2025-12-11T23:22:40.571+0000] {dagbag.py:545} INFO - Filling up the DagBag from /home/airflow/.local/lib/python3.9/site-packages/airflow/example_dags/example_subdag_operator.py
[2025-12-11T23:22:40.649+0000] {processor.py:840} INFO - DAG(s) 'example_subdag_operator.section-1', 'example_subdag_operator.section-2', 'example_subdag_operator' retrieved from /home/airflow/.local/lib/python3.9/site-packages/airflow/example_dags/example_subdag_operator.py
[2025-12-11T23:22:40.694+0000] {logging_mixin.py:188} INFO - [2025-12-11T23:22:40.694+0000] {dag.py:3096} INFO - Sync 3 DAGs
[2025-12-11T23:22:40.753+0000] {logging_mixin.py:188} INFO - [2025-12-11T23:22:40.753+0000] {dag.py:3954} INFO - Setting next_dagrun for example_subdag_operator to 2022-01-01 00:00:00+00:00, run_after=2022-01-01 00:00:00+00:00
[2025-12-11T23:22:40.759+0000] {logging_mixin.py:188} INFO - [2025-12-11T23:22:40.758+0000] {dag.py:3954} INFO - Setting next_dagrun for example_subdag_operator.section-1 to None, run_after=None
[2025-12-11T23:22:40.760+0000] {logging_mixin.py:188} INFO - [2025-12-11T23:22:40.760+0000] {dag.py:3954} INFO - Setting next_dagrun for example_subdag_operator.section-2 to None, run_after=None
[2025-12-11T23:22:40.789+0000] {logging_mixin.py:188} INFO - [2025-12-11T23:22:40.789+0000] {dag.py:3096} INFO - Sync 2 DAGs
[2025-12-11T23:22:40.800+0000] {logging_mixin.py:188} INFO - [2025-12-11T23:22:40.799+0000] {dag.py:3954} INFO - Setting next_dagrun for example_subdag_operator.section-1 to None, run_after=None
[2025-12-11T23:22:40.801+0000] {logging_mixin.py:188} INFO - [2025-12-11T23:22:40.800+0000] {dag.py:3954} INFO - Setting next_dagrun for example_subdag_operator.section-2 to None, run_after=None
[2025-12-11T23:22:40.849+0000] {processor.py:183} INFO - Processing /home/airflow/.local/lib/python3.9/site-packages/airflow/example_dags/example_subdag_operator.py took 0.315 seconds
[2025-12-11T23:23:11.670+0000] {processor.py:161} INFO - Started process (PID=4179) to work on /home/airflow/.local/lib/python3.9/site-packages/airflow/example_dags/example_subdag_operator.py
[2025-12-11T23:23:11.726+0000] {processor.py:830} INFO - Processing file /home/airflow/.local/lib/python3.9/site-packages/airflow/example_dags/example_subdag_operator.py for tasks to queue
[2025-12-11T23:23:11.732+0000] {logging_mixin.py:188} INFO - [2025-12-11T23:23:11.731+0000] {dagbag.py:545} INFO - Filling up the DagBag from /home/airflow/.local/lib/python3.9/site-packages/airflow/example_dags/example_subdag_operator.py
[2025-12-11T23:23:11.792+0000] {processor.py:840} INFO - DAG(s) 'example_subdag_operator.section-1', 'example_subdag_operator.section-2', 'example_subdag_operator' retrieved from /home/airflow/.local/lib/python3.9/site-packages/airflow/example_dags/example_subdag_operator.py
[2025-12-11T23:23:11.837+0000] {logging_mixin.py:188} INFO - [2025-12-11T23:23:11.837+0000] {dag.py:3096} INFO - Sync 3 DAGs
[2025-12-11T23:23:12.001+0000] {logging_mixin.py:188} INFO - [2025-12-11T23:23:12.000+0000] {dag.py:3954} INFO - Setting next_dagrun for example_subdag_operator to 2022-01-01 00:00:00+00:00, run_after=2022-01-01 00:00:00+00:00
[2025-12-11T23:23:12.017+0000] {logging_mixin.py:188} INFO - [2025-12-11T23:23:12.017+0000] {dag.py:3954} INFO - Setting next_dagrun for example_subdag_operator.section-1 to None, run_after=None
[2025-12-11T23:23:12.029+0000] {logging_mixin.py:188} INFO - [2025-12-11T23:23:12.020+0000] {dag.py:3954} INFO - Setting next_dagrun for example_subdag_operator.section-2 to None, run_after=None
[2025-12-11T23:23:12.052+0000] {logging_mixin.py:188} INFO - [2025-12-11T23:23:12.052+0000] {dag.py:3096} INFO - Sync 2 DAGs
[2025-12-11T23:23:12.071+0000] {logging_mixin.py:188} INFO - [2025-12-11T23:23:12.071+0000] {dag.py:3954} INFO - Setting next_dagrun for example_subdag_operator.section-1 to None, run_after=None
[2025-12-11T23:23:12.072+0000] {logging_mixin.py:188} INFO - [2025-12-11T23:23:12.072+0000] {dag.py:3954} INFO - Setting next_dagrun for example_subdag_operator.section-2 to None, run_after=None
[2025-12-11T23:23:12.114+0000] {processor.py:183} INFO - Processing /home/airflow/.local/lib/python3.9/site-packages/airflow/example_dags/example_subdag_operator.py took 0.484 seconds
[2025-12-11T23:23:42.215+0000] {processor.py:161} INFO - Started process (PID=4246) to work on /home/airflow/.local/lib/python3.9/site-packages/airflow/example_dags/example_subdag_operator.py
[2025-12-11T23:23:42.217+0000] {processor.py:830} INFO - Processing file /home/airflow/.local/lib/python3.9/site-packages/airflow/example_dags/example_subdag_operator.py for tasks to queue
[2025-12-11T23:23:42.220+0000] {logging_mixin.py:188} INFO - [2025-12-11T23:23:42.219+0000] {dagbag.py:545} INFO - Filling up the DagBag from /home/airflow/.local/lib/python3.9/site-packages/airflow/example_dags/example_subdag_operator.py
[2025-12-11T23:23:42.336+0000] {processor.py:840} INFO - DAG(s) 'example_subdag_operator.section-1', 'example_subdag_operator.section-2', 'example_subdag_operator' retrieved from /home/airflow/.local/lib/python3.9/site-packages/airflow/example_dags/example_subdag_operator.py
[2025-12-11T23:23:42.393+0000] {logging_mixin.py:188} INFO - [2025-12-11T23:23:42.393+0000] {dag.py:3096} INFO - Sync 3 DAGs
[2025-12-11T23:23:42.489+0000] {logging_mixin.py:188} INFO - [2025-12-11T23:23:42.475+0000] {dag.py:3954} INFO - Setting next_dagrun for example_subdag_operator to 2022-01-01 00:00:00+00:00, run_after=2022-01-01 00:00:00+00:00
[2025-12-11T23:23:42.511+0000] {logging_mixin.py:188} INFO - [2025-12-11T23:23:42.511+0000] {dag.py:3954} INFO - Setting next_dagrun for example_subdag_operator.section-1 to None, run_after=None
[2025-12-11T23:23:42.514+0000] {logging_mixin.py:188} INFO - [2025-12-11T23:23:42.513+0000] {dag.py:3954} INFO - Setting next_dagrun for example_subdag_operator.section-2 to None, run_after=None
[2025-12-11T23:23:42.539+0000] {logging_mixin.py:188} INFO - [2025-12-11T23:23:42.539+0000] {dag.py:3096} INFO - Sync 2 DAGs
[2025-12-11T23:23:42.556+0000] {logging_mixin.py:188} INFO - [2025-12-11T23:23:42.555+0000] {dag.py:3954} INFO - Setting next_dagrun for example_subdag_operator.section-1 to None, run_after=None
[2025-12-11T23:23:42.556+0000] {logging_mixin.py:188} INFO - [2025-12-11T23:23:42.556+0000] {dag.py:3954} INFO - Setting next_dagrun for example_subdag_operator.section-2 to None, run_after=None
[2025-12-11T23:23:42.580+0000] {processor.py:183} INFO - Processing /home/airflow/.local/lib/python3.9/site-packages/airflow/example_dags/example_subdag_operator.py took 0.389 seconds
[2025-12-11T23:24:13.840+0000] {processor.py:161} INFO - Started process (PID=4312) to work on /home/airflow/.local/lib/python3.9/site-packages/airflow/example_dags/example_subdag_operator.py
[2025-12-11T23:24:13.849+0000] {processor.py:830} INFO - Processing file /home/airflow/.local/lib/python3.9/site-packages/airflow/example_dags/example_subdag_operator.py for tasks to queue
[2025-12-11T23:24:13.853+0000] {logging_mixin.py:188} INFO - [2025-12-11T23:24:13.852+0000] {dagbag.py:545} INFO - Filling up the DagBag from /home/airflow/.local/lib/python3.9/site-packages/airflow/example_dags/example_subdag_operator.py
[2025-12-11T23:24:13.917+0000] {processor.py:840} INFO - DAG(s) 'example_subdag_operator.section-1', 'example_subdag_operator.section-2', 'example_subdag_operator' retrieved from /home/airflow/.local/lib/python3.9/site-packages/airflow/example_dags/example_subdag_operator.py
[2025-12-11T23:24:13.955+0000] {logging_mixin.py:188} INFO - [2025-12-11T23:24:13.955+0000] {dag.py:3096} INFO - Sync 3 DAGs
[2025-12-11T23:24:14.000+0000] {logging_mixin.py:188} INFO - [2025-12-11T23:24:13.999+0000] {dag.py:3954} INFO - Setting next_dagrun for example_subdag_operator to 2022-01-01 00:00:00+00:00, run_after=2022-01-01 00:00:00+00:00
[2025-12-11T23:24:14.011+0000] {logging_mixin.py:188} INFO - [2025-12-11T23:24:14.010+0000] {dag.py:3954} INFO - Setting next_dagrun for example_subdag_operator.section-1 to None, run_after=None
[2025-12-11T23:24:14.013+0000] {logging_mixin.py:188} INFO - [2025-12-11T23:24:14.012+0000] {dag.py:3954} INFO - Setting next_dagrun for example_subdag_operator.section-2 to None, run_after=None
[2025-12-11T23:24:14.029+0000] {logging_mixin.py:188} INFO - [2025-12-11T23:24:14.023+0000] {dag.py:3096} INFO - Sync 2 DAGs
[2025-12-11T23:24:14.037+0000] {logging_mixin.py:188} INFO - [2025-12-11T23:24:14.036+0000] {dag.py:3954} INFO - Setting next_dagrun for example_subdag_operator.section-1 to None, run_after=None
[2025-12-11T23:24:14.037+0000] {logging_mixin.py:188} INFO - [2025-12-11T23:24:14.037+0000] {dag.py:3954} INFO - Setting next_dagrun for example_subdag_operator.section-2 to None, run_after=None
[2025-12-11T23:24:14.060+0000] {processor.py:183} INFO - Processing /home/airflow/.local/lib/python3.9/site-packages/airflow/example_dags/example_subdag_operator.py took 0.231 seconds
[2025-12-11T23:24:45.265+0000] {processor.py:161} INFO - Started process (PID=4379) to work on /home/airflow/.local/lib/python3.9/site-packages/airflow/example_dags/example_subdag_operator.py
[2025-12-11T23:24:45.476+0000] {processor.py:830} INFO - Processing file /home/airflow/.local/lib/python3.9/site-packages/airflow/example_dags/example_subdag_operator.py for tasks to queue
[2025-12-11T23:24:45.479+0000] {logging_mixin.py:188} INFO - [2025-12-11T23:24:45.479+0000] {dagbag.py:545} INFO - Filling up the DagBag from /home/airflow/.local/lib/python3.9/site-packages/airflow/example_dags/example_subdag_operator.py
[2025-12-11T23:24:45.579+0000] {processor.py:840} INFO - DAG(s) 'example_subdag_operator.section-1', 'example_subdag_operator.section-2', 'example_subdag_operator' retrieved from /home/airflow/.local/lib/python3.9/site-packages/airflow/example_dags/example_subdag_operator.py
[2025-12-11T23:24:45.634+0000] {logging_mixin.py:188} INFO - [2025-12-11T23:24:45.634+0000] {dag.py:3096} INFO - Sync 3 DAGs
[2025-12-11T23:24:45.730+0000] {logging_mixin.py:188} INFO - [2025-12-11T23:24:45.716+0000] {dag.py:3954} INFO - Setting next_dagrun for example_subdag_operator to 2022-01-01 00:00:00+00:00, run_after=2022-01-01 00:00:00+00:00
[2025-12-11T23:24:45.752+0000] {logging_mixin.py:188} INFO - [2025-12-11T23:24:45.751+0000] {dag.py:3954} INFO - Setting next_dagrun for example_subdag_operator.section-1 to None, run_after=None
[2025-12-11T23:24:45.755+0000] {logging_mixin.py:188} INFO - [2025-12-11T23:24:45.755+0000] {dag.py:3954} INFO - Setting next_dagrun for example_subdag_operator.section-2 to None, run_after=None
[2025-12-11T23:24:45.789+0000] {logging_mixin.py:188} INFO - [2025-12-11T23:24:45.781+0000] {dag.py:3096} INFO - Sync 2 DAGs
[2025-12-11T23:24:45.811+0000] {logging_mixin.py:188} INFO - [2025-12-11T23:24:45.810+0000] {dag.py:3954} INFO - Setting next_dagrun for example_subdag_operator.section-1 to None, run_after=None
[2025-12-11T23:24:45.811+0000] {logging_mixin.py:188} INFO - [2025-12-11T23:24:45.811+0000] {dag.py:3954} INFO - Setting next_dagrun for example_subdag_operator.section-2 to None, run_after=None
[2025-12-11T23:24:46.040+0000] {processor.py:183} INFO - Processing /home/airflow/.local/lib/python3.9/site-packages/airflow/example_dags/example_subdag_operator.py took 0.789 seconds
[2025-12-11T23:25:16.196+0000] {processor.py:161} INFO - Started process (PID=4446) to work on /home/airflow/.local/lib/python3.9/site-packages/airflow/example_dags/example_subdag_operator.py
[2025-12-11T23:25:16.202+0000] {processor.py:830} INFO - Processing file /home/airflow/.local/lib/python3.9/site-packages/airflow/example_dags/example_subdag_operator.py for tasks to queue
[2025-12-11T23:25:16.211+0000] {logging_mixin.py:188} INFO - [2025-12-11T23:25:16.210+0000] {dagbag.py:545} INFO - Filling up the DagBag from /home/airflow/.local/lib/python3.9/site-packages/airflow/example_dags/example_subdag_operator.py
[2025-12-11T23:25:16.275+0000] {processor.py:840} INFO - DAG(s) 'example_subdag_operator.section-1', 'example_subdag_operator.section-2', 'example_subdag_operator' retrieved from /home/airflow/.local/lib/python3.9/site-packages/airflow/example_dags/example_subdag_operator.py
[2025-12-11T23:25:16.316+0000] {logging_mixin.py:188} INFO - [2025-12-11T23:25:16.316+0000] {dag.py:3096} INFO - Sync 3 DAGs
[2025-12-11T23:25:16.382+0000] {logging_mixin.py:188} INFO - [2025-12-11T23:25:16.382+0000] {dag.py:3954} INFO - Setting next_dagrun for example_subdag_operator to 2022-01-01 00:00:00+00:00, run_after=2022-01-01 00:00:00+00:00
[2025-12-11T23:25:16.393+0000] {logging_mixin.py:188} INFO - [2025-12-11T23:25:16.393+0000] {dag.py:3954} INFO - Setting next_dagrun for example_subdag_operator.section-1 to None, run_after=None
[2025-12-11T23:25:16.395+0000] {logging_mixin.py:188} INFO - [2025-12-11T23:25:16.395+0000] {dag.py:3954} INFO - Setting next_dagrun for example_subdag_operator.section-2 to None, run_after=None
[2025-12-11T23:25:16.405+0000] {logging_mixin.py:188} INFO - [2025-12-11T23:25:16.405+0000] {dag.py:3096} INFO - Sync 2 DAGs
[2025-12-11T23:25:16.414+0000] {logging_mixin.py:188} INFO - [2025-12-11T23:25:16.414+0000] {dag.py:3954} INFO - Setting next_dagrun for example_subdag_operator.section-1 to None, run_after=None
[2025-12-11T23:25:16.415+0000] {logging_mixin.py:188} INFO - [2025-12-11T23:25:16.414+0000] {dag.py:3954} INFO - Setting next_dagrun for example_subdag_operator.section-2 to None, run_after=None
[2025-12-11T23:25:16.432+0000] {processor.py:183} INFO - Processing /home/airflow/.local/lib/python3.9/site-packages/airflow/example_dags/example_subdag_operator.py took 0.253 seconds
[2025-12-11T23:25:46.635+0000] {processor.py:161} INFO - Started process (PID=4513) to work on /home/airflow/.local/lib/python3.9/site-packages/airflow/example_dags/example_subdag_operator.py
[2025-12-11T23:25:46.636+0000] {processor.py:830} INFO - Processing file /home/airflow/.local/lib/python3.9/site-packages/airflow/example_dags/example_subdag_operator.py for tasks to queue
[2025-12-11T23:25:46.639+0000] {logging_mixin.py:188} INFO - [2025-12-11T23:25:46.639+0000] {dagbag.py:545} INFO - Filling up the DagBag from /home/airflow/.local/lib/python3.9/site-packages/airflow/example_dags/example_subdag_operator.py
[2025-12-11T23:25:46.682+0000] {processor.py:840} INFO - DAG(s) 'example_subdag_operator.section-1', 'example_subdag_operator.section-2', 'example_subdag_operator' retrieved from /home/airflow/.local/lib/python3.9/site-packages/airflow/example_dags/example_subdag_operator.py
[2025-12-11T23:25:46.710+0000] {logging_mixin.py:188} INFO - [2025-12-11T23:25:46.709+0000] {dag.py:3096} INFO - Sync 3 DAGs
[2025-12-11T23:25:46.746+0000] {logging_mixin.py:188} INFO - [2025-12-11T23:25:46.746+0000] {dag.py:3954} INFO - Setting next_dagrun for example_subdag_operator to 2022-01-01 00:00:00+00:00, run_after=2022-01-01 00:00:00+00:00
[2025-12-11T23:25:46.752+0000] {logging_mixin.py:188} INFO - [2025-12-11T23:25:46.752+0000] {dag.py:3954} INFO - Setting next_dagrun for example_subdag_operator.section-1 to None, run_after=None
[2025-12-11T23:25:46.753+0000] {logging_mixin.py:188} INFO - [2025-12-11T23:25:46.753+0000] {dag.py:3954} INFO - Setting next_dagrun for example_subdag_operator.section-2 to None, run_after=None
[2025-12-11T23:25:46.762+0000] {logging_mixin.py:188} INFO - [2025-12-11T23:25:46.762+0000] {dag.py:3096} INFO - Sync 2 DAGs
[2025-12-11T23:25:46.769+0000] {logging_mixin.py:188} INFO - [2025-12-11T23:25:46.769+0000] {dag.py:3954} INFO - Setting next_dagrun for example_subdag_operator.section-1 to None, run_after=None
[2025-12-11T23:25:46.770+0000] {logging_mixin.py:188} INFO - [2025-12-11T23:25:46.769+0000] {dag.py:3954} INFO - Setting next_dagrun for example_subdag_operator.section-2 to None, run_after=None
[2025-12-11T23:25:46.785+0000] {processor.py:183} INFO - Processing /home/airflow/.local/lib/python3.9/site-packages/airflow/example_dags/example_subdag_operator.py took 0.163 seconds
[2025-12-11T23:26:17.310+0000] {processor.py:161} INFO - Started process (PID=4577) to work on /home/airflow/.local/lib/python3.9/site-packages/airflow/example_dags/example_subdag_operator.py
[2025-12-11T23:26:17.321+0000] {processor.py:830} INFO - Processing file /home/airflow/.local/lib/python3.9/site-packages/airflow/example_dags/example_subdag_operator.py for tasks to queue
[2025-12-11T23:26:17.332+0000] {logging_mixin.py:188} INFO - [2025-12-11T23:26:17.332+0000] {dagbag.py:545} INFO - Filling up the DagBag from /home/airflow/.local/lib/python3.9/site-packages/airflow/example_dags/example_subdag_operator.py
[2025-12-11T23:26:17.437+0000] {processor.py:840} INFO - DAG(s) 'example_subdag_operator.section-1', 'example_subdag_operator.section-2', 'example_subdag_operator' retrieved from /home/airflow/.local/lib/python3.9/site-packages/airflow/example_dags/example_subdag_operator.py
[2025-12-11T23:26:17.481+0000] {logging_mixin.py:188} INFO - [2025-12-11T23:26:17.480+0000] {dag.py:3096} INFO - Sync 3 DAGs
[2025-12-11T23:26:17.555+0000] {logging_mixin.py:188} INFO - [2025-12-11T23:26:17.555+0000] {dag.py:3954} INFO - Setting next_dagrun for example_subdag_operator to 2022-01-01 00:00:00+00:00, run_after=2022-01-01 00:00:00+00:00
[2025-12-11T23:26:17.570+0000] {logging_mixin.py:188} INFO - [2025-12-11T23:26:17.570+0000] {dag.py:3954} INFO - Setting next_dagrun for example_subdag_operator.section-1 to None, run_after=None
[2025-12-11T23:26:17.573+0000] {logging_mixin.py:188} INFO - [2025-12-11T23:26:17.572+0000] {dag.py:3954} INFO - Setting next_dagrun for example_subdag_operator.section-2 to None, run_after=None
[2025-12-11T23:26:17.589+0000] {logging_mixin.py:188} INFO - [2025-12-11T23:26:17.584+0000] {dag.py:3096} INFO - Sync 2 DAGs
[2025-12-11T23:26:17.598+0000] {logging_mixin.py:188} INFO - [2025-12-11T23:26:17.598+0000] {dag.py:3954} INFO - Setting next_dagrun for example_subdag_operator.section-1 to None, run_after=None
[2025-12-11T23:26:17.599+0000] {logging_mixin.py:188} INFO - [2025-12-11T23:26:17.599+0000] {dag.py:3954} INFO - Setting next_dagrun for example_subdag_operator.section-2 to None, run_after=None
[2025-12-11T23:26:17.632+0000] {processor.py:183} INFO - Processing /home/airflow/.local/lib/python3.9/site-packages/airflow/example_dags/example_subdag_operator.py took 0.342 seconds
[2025-12-11T23:26:48.280+0000] {processor.py:161} INFO - Started process (PID=4649) to work on /home/airflow/.local/lib/python3.9/site-packages/airflow/example_dags/example_subdag_operator.py
[2025-12-11T23:26:48.286+0000] {processor.py:830} INFO - Processing file /home/airflow/.local/lib/python3.9/site-packages/airflow/example_dags/example_subdag_operator.py for tasks to queue
[2025-12-11T23:26:48.291+0000] {logging_mixin.py:188} INFO - [2025-12-11T23:26:48.291+0000] {dagbag.py:545} INFO - Filling up the DagBag from /home/airflow/.local/lib/python3.9/site-packages/airflow/example_dags/example_subdag_operator.py
[2025-12-11T23:26:48.357+0000] {processor.py:840} INFO - DAG(s) 'example_subdag_operator.section-1', 'example_subdag_operator.section-2', 'example_subdag_operator' retrieved from /home/airflow/.local/lib/python3.9/site-packages/airflow/example_dags/example_subdag_operator.py
[2025-12-11T23:26:48.399+0000] {logging_mixin.py:188} INFO - [2025-12-11T23:26:48.398+0000] {dag.py:3096} INFO - Sync 3 DAGs
[2025-12-11T23:26:48.459+0000] {logging_mixin.py:188} INFO - [2025-12-11T23:26:48.459+0000] {dag.py:3954} INFO - Setting next_dagrun for example_subdag_operator to 2022-01-01 00:00:00+00:00, run_after=2022-01-01 00:00:00+00:00
[2025-12-11T23:26:48.471+0000] {logging_mixin.py:188} INFO - [2025-12-11T23:26:48.471+0000] {dag.py:3954} INFO - Setting next_dagrun for example_subdag_operator.section-1 to None, run_after=None
[2025-12-11T23:26:48.473+0000] {logging_mixin.py:188} INFO - [2025-12-11T23:26:48.473+0000] {dag.py:3954} INFO - Setting next_dagrun for example_subdag_operator.section-2 to None, run_after=None
[2025-12-11T23:26:48.484+0000] {logging_mixin.py:188} INFO - [2025-12-11T23:26:48.484+0000] {dag.py:3096} INFO - Sync 2 DAGs
[2025-12-11T23:26:48.495+0000] {logging_mixin.py:188} INFO - [2025-12-11T23:26:48.495+0000] {dag.py:3954} INFO - Setting next_dagrun for example_subdag_operator.section-1 to None, run_after=None
[2025-12-11T23:26:48.496+0000] {logging_mixin.py:188} INFO - [2025-12-11T23:26:48.496+0000] {dag.py:3954} INFO - Setting next_dagrun for example_subdag_operator.section-2 to None, run_after=None
[2025-12-11T23:26:48.532+0000] {processor.py:183} INFO - Processing /home/airflow/.local/lib/python3.9/site-packages/airflow/example_dags/example_subdag_operator.py took 0.263 seconds
[2025-12-11T23:27:18.820+0000] {processor.py:161} INFO - Started process (PID=4716) to work on /home/airflow/.local/lib/python3.9/site-packages/airflow/example_dags/example_subdag_operator.py
[2025-12-11T23:27:18.828+0000] {processor.py:830} INFO - Processing file /home/airflow/.local/lib/python3.9/site-packages/airflow/example_dags/example_subdag_operator.py for tasks to queue
[2025-12-11T23:27:18.831+0000] {logging_mixin.py:188} INFO - [2025-12-11T23:27:18.830+0000] {dagbag.py:545} INFO - Filling up the DagBag from /home/airflow/.local/lib/python3.9/site-packages/airflow/example_dags/example_subdag_operator.py
[2025-12-11T23:27:18.871+0000] {processor.py:840} INFO - DAG(s) 'example_subdag_operator.section-1', 'example_subdag_operator.section-2', 'example_subdag_operator' retrieved from /home/airflow/.local/lib/python3.9/site-packages/airflow/example_dags/example_subdag_operator.py
[2025-12-11T23:27:18.894+0000] {logging_mixin.py:188} INFO - [2025-12-11T23:27:18.893+0000] {dag.py:3096} INFO - Sync 3 DAGs
[2025-12-11T23:27:18.931+0000] {logging_mixin.py:188} INFO - [2025-12-11T23:27:18.930+0000] {dag.py:3954} INFO - Setting next_dagrun for example_subdag_operator to 2022-01-01 00:00:00+00:00, run_after=2022-01-01 00:00:00+00:00
[2025-12-11T23:27:18.937+0000] {logging_mixin.py:188} INFO - [2025-12-11T23:27:18.936+0000] {dag.py:3954} INFO - Setting next_dagrun for example_subdag_operator.section-1 to None, run_after=None
[2025-12-11T23:27:18.938+0000] {logging_mixin.py:188} INFO - [2025-12-11T23:27:18.938+0000] {dag.py:3954} INFO - Setting next_dagrun for example_subdag_operator.section-2 to None, run_after=None
[2025-12-11T23:27:18.947+0000] {logging_mixin.py:188} INFO - [2025-12-11T23:27:18.947+0000] {dag.py:3096} INFO - Sync 2 DAGs
[2025-12-11T23:27:18.954+0000] {logging_mixin.py:188} INFO - [2025-12-11T23:27:18.954+0000] {dag.py:3954} INFO - Setting next_dagrun for example_subdag_operator.section-1 to None, run_after=None
[2025-12-11T23:27:18.954+0000] {logging_mixin.py:188} INFO - [2025-12-11T23:27:18.954+0000] {dag.py:3954} INFO - Setting next_dagrun for example_subdag_operator.section-2 to None, run_after=None
[2025-12-11T23:27:18.971+0000] {processor.py:183} INFO - Processing /home/airflow/.local/lib/python3.9/site-packages/airflow/example_dags/example_subdag_operator.py took 0.161 seconds
[2025-12-11T23:27:49.433+0000] {processor.py:161} INFO - Started process (PID=4783) to work on /home/airflow/.local/lib/python3.9/site-packages/airflow/example_dags/example_subdag_operator.py
[2025-12-11T23:27:49.437+0000] {processor.py:830} INFO - Processing file /home/airflow/.local/lib/python3.9/site-packages/airflow/example_dags/example_subdag_operator.py for tasks to queue
[2025-12-11T23:27:49.440+0000] {logging_mixin.py:188} INFO - [2025-12-11T23:27:49.439+0000] {dagbag.py:545} INFO - Filling up the DagBag from /home/airflow/.local/lib/python3.9/site-packages/airflow/example_dags/example_subdag_operator.py
[2025-12-11T23:27:49.484+0000] {processor.py:840} INFO - DAG(s) 'example_subdag_operator.section-1', 'example_subdag_operator.section-2', 'example_subdag_operator' retrieved from /home/airflow/.local/lib/python3.9/site-packages/airflow/example_dags/example_subdag_operator.py
[2025-12-11T23:27:49.506+0000] {logging_mixin.py:188} INFO - [2025-12-11T23:27:49.506+0000] {dag.py:3096} INFO - Sync 3 DAGs
[2025-12-11T23:27:49.540+0000] {logging_mixin.py:188} INFO - [2025-12-11T23:27:49.539+0000] {dag.py:3954} INFO - Setting next_dagrun for example_subdag_operator to 2022-01-01 00:00:00+00:00, run_after=2022-01-01 00:00:00+00:00
[2025-12-11T23:27:49.544+0000] {logging_mixin.py:188} INFO - [2025-12-11T23:27:49.544+0000] {dag.py:3954} INFO - Setting next_dagrun for example_subdag_operator.section-1 to None, run_after=None
[2025-12-11T23:27:49.545+0000] {logging_mixin.py:188} INFO - [2025-12-11T23:27:49.545+0000] {dag.py:3954} INFO - Setting next_dagrun for example_subdag_operator.section-2 to None, run_after=None
[2025-12-11T23:27:49.554+0000] {logging_mixin.py:188} INFO - [2025-12-11T23:27:49.554+0000] {dag.py:3096} INFO - Sync 2 DAGs
[2025-12-11T23:27:49.560+0000] {logging_mixin.py:188} INFO - [2025-12-11T23:27:49.559+0000] {dag.py:3954} INFO - Setting next_dagrun for example_subdag_operator.section-1 to None, run_after=None
[2025-12-11T23:27:49.560+0000] {logging_mixin.py:188} INFO - [2025-12-11T23:27:49.560+0000] {dag.py:3954} INFO - Setting next_dagrun for example_subdag_operator.section-2 to None, run_after=None
[2025-12-11T23:27:49.572+0000] {processor.py:183} INFO - Processing /home/airflow/.local/lib/python3.9/site-packages/airflow/example_dags/example_subdag_operator.py took 0.150 seconds
[2025-12-11T23:28:20.496+0000] {processor.py:161} INFO - Started process (PID=4849) to work on /home/airflow/.local/lib/python3.9/site-packages/airflow/example_dags/example_subdag_operator.py
[2025-12-11T23:28:20.497+0000] {processor.py:830} INFO - Processing file /home/airflow/.local/lib/python3.9/site-packages/airflow/example_dags/example_subdag_operator.py for tasks to queue
[2025-12-11T23:28:20.511+0000] {logging_mixin.py:188} INFO - [2025-12-11T23:28:20.510+0000] {dagbag.py:545} INFO - Filling up the DagBag from /home/airflow/.local/lib/python3.9/site-packages/airflow/example_dags/example_subdag_operator.py
[2025-12-11T23:28:20.595+0000] {processor.py:840} INFO - DAG(s) 'example_subdag_operator.section-1', 'example_subdag_operator.section-2', 'example_subdag_operator' retrieved from /home/airflow/.local/lib/python3.9/site-packages/airflow/example_dags/example_subdag_operator.py
[2025-12-11T23:28:20.650+0000] {logging_mixin.py:188} INFO - [2025-12-11T23:28:20.635+0000] {dag.py:3096} INFO - Sync 3 DAGs
[2025-12-11T23:28:20.755+0000] {logging_mixin.py:188} INFO - [2025-12-11T23:28:20.754+0000] {dag.py:3954} INFO - Setting next_dagrun for example_subdag_operator to 2022-01-01 00:00:00+00:00, run_after=2022-01-01 00:00:00+00:00
[2025-12-11T23:28:20.772+0000] {logging_mixin.py:188} INFO - [2025-12-11T23:28:20.771+0000] {dag.py:3954} INFO - Setting next_dagrun for example_subdag_operator.section-1 to None, run_after=None
[2025-12-11T23:28:20.774+0000] {logging_mixin.py:188} INFO - [2025-12-11T23:28:20.773+0000] {dag.py:3954} INFO - Setting next_dagrun for example_subdag_operator.section-2 to None, run_after=None
[2025-12-11T23:28:20.810+0000] {logging_mixin.py:188} INFO - [2025-12-11T23:28:20.809+0000] {dag.py:3096} INFO - Sync 2 DAGs
[2025-12-11T23:28:20.818+0000] {logging_mixin.py:188} INFO - [2025-12-11T23:28:20.818+0000] {dag.py:3954} INFO - Setting next_dagrun for example_subdag_operator.section-1 to None, run_after=None
[2025-12-11T23:28:20.819+0000] {logging_mixin.py:188} INFO - [2025-12-11T23:28:20.819+0000] {dag.py:3954} INFO - Setting next_dagrun for example_subdag_operator.section-2 to None, run_after=None
[2025-12-11T23:28:20.856+0000] {processor.py:183} INFO - Processing /home/airflow/.local/lib/python3.9/site-packages/airflow/example_dags/example_subdag_operator.py took 0.379 seconds
[2025-12-11T23:28:51.636+0000] {processor.py:161} INFO - Started process (PID=4916) to work on /home/airflow/.local/lib/python3.9/site-packages/airflow/example_dags/example_subdag_operator.py
[2025-12-11T23:28:51.653+0000] {processor.py:830} INFO - Processing file /home/airflow/.local/lib/python3.9/site-packages/airflow/example_dags/example_subdag_operator.py for tasks to queue
[2025-12-11T23:28:51.657+0000] {logging_mixin.py:188} INFO - [2025-12-11T23:28:51.657+0000] {dagbag.py:545} INFO - Filling up the DagBag from /home/airflow/.local/lib/python3.9/site-packages/airflow/example_dags/example_subdag_operator.py
[2025-12-11T23:28:51.737+0000] {processor.py:840} INFO - DAG(s) 'example_subdag_operator.section-1', 'example_subdag_operator.section-2', 'example_subdag_operator' retrieved from /home/airflow/.local/lib/python3.9/site-packages/airflow/example_dags/example_subdag_operator.py
[2025-12-11T23:28:51.777+0000] {logging_mixin.py:188} INFO - [2025-12-11T23:28:51.776+0000] {dag.py:3096} INFO - Sync 3 DAGs
[2025-12-11T23:28:51.838+0000] {logging_mixin.py:188} INFO - [2025-12-11T23:28:51.838+0000] {dag.py:3954} INFO - Setting next_dagrun for example_subdag_operator to 2022-01-01 00:00:00+00:00, run_after=2022-01-01 00:00:00+00:00
[2025-12-11T23:28:51.850+0000] {logging_mixin.py:188} INFO - [2025-12-11T23:28:51.850+0000] {dag.py:3954} INFO - Setting next_dagrun for example_subdag_operator.section-1 to None, run_after=None
[2025-12-11T23:28:51.853+0000] {logging_mixin.py:188} INFO - [2025-12-11T23:28:51.853+0000] {dag.py:3954} INFO - Setting next_dagrun for example_subdag_operator.section-2 to None, run_after=None
[2025-12-11T23:28:51.865+0000] {logging_mixin.py:188} INFO - [2025-12-11T23:28:51.865+0000] {dag.py:3096} INFO - Sync 2 DAGs
[2025-12-11T23:28:51.877+0000] {logging_mixin.py:188} INFO - [2025-12-11T23:28:51.876+0000] {dag.py:3954} INFO - Setting next_dagrun for example_subdag_operator.section-1 to None, run_after=None
[2025-12-11T23:28:51.877+0000] {logging_mixin.py:188} INFO - [2025-12-11T23:28:51.877+0000] {dag.py:3954} INFO - Setting next_dagrun for example_subdag_operator.section-2 to None, run_after=None
[2025-12-11T23:28:51.904+0000] {processor.py:183} INFO - Processing /home/airflow/.local/lib/python3.9/site-packages/airflow/example_dags/example_subdag_operator.py took 0.280 seconds
[2025-12-11T23:29:22.414+0000] {processor.py:161} INFO - Started process (PID=4983) to work on /home/airflow/.local/lib/python3.9/site-packages/airflow/example_dags/example_subdag_operator.py
[2025-12-11T23:29:22.416+0000] {processor.py:830} INFO - Processing file /home/airflow/.local/lib/python3.9/site-packages/airflow/example_dags/example_subdag_operator.py for tasks to queue
[2025-12-11T23:29:22.419+0000] {logging_mixin.py:188} INFO - [2025-12-11T23:29:22.418+0000] {dagbag.py:545} INFO - Filling up the DagBag from /home/airflow/.local/lib/python3.9/site-packages/airflow/example_dags/example_subdag_operator.py
[2025-12-11T23:29:22.463+0000] {processor.py:840} INFO - DAG(s) 'example_subdag_operator.section-1', 'example_subdag_operator.section-2', 'example_subdag_operator' retrieved from /home/airflow/.local/lib/python3.9/site-packages/airflow/example_dags/example_subdag_operator.py
[2025-12-11T23:29:22.487+0000] {logging_mixin.py:188} INFO - [2025-12-11T23:29:22.487+0000] {dag.py:3096} INFO - Sync 3 DAGs
[2025-12-11T23:29:22.525+0000] {logging_mixin.py:188} INFO - [2025-12-11T23:29:22.524+0000] {dag.py:3954} INFO - Setting next_dagrun for example_subdag_operator to 2022-01-01 00:00:00+00:00, run_after=2022-01-01 00:00:00+00:00
[2025-12-11T23:29:22.530+0000] {logging_mixin.py:188} INFO - [2025-12-11T23:29:22.530+0000] {dag.py:3954} INFO - Setting next_dagrun for example_subdag_operator.section-1 to None, run_after=None
[2025-12-11T23:29:22.531+0000] {logging_mixin.py:188} INFO - [2025-12-11T23:29:22.531+0000] {dag.py:3954} INFO - Setting next_dagrun for example_subdag_operator.section-2 to None, run_after=None
[2025-12-11T23:29:22.542+0000] {logging_mixin.py:188} INFO - [2025-12-11T23:29:22.542+0000] {dag.py:3096} INFO - Sync 2 DAGs
[2025-12-11T23:29:22.553+0000] {logging_mixin.py:188} INFO - [2025-12-11T23:29:22.552+0000] {dag.py:3954} INFO - Setting next_dagrun for example_subdag_operator.section-1 to None, run_after=None
[2025-12-11T23:29:22.553+0000] {logging_mixin.py:188} INFO - [2025-12-11T23:29:22.553+0000] {dag.py:3954} INFO - Setting next_dagrun for example_subdag_operator.section-2 to None, run_after=None
[2025-12-11T23:29:22.569+0000] {processor.py:183} INFO - Processing /home/airflow/.local/lib/python3.9/site-packages/airflow/example_dags/example_subdag_operator.py took 0.166 seconds
[2025-12-11T23:29:52.791+0000] {processor.py:161} INFO - Started process (PID=5050) to work on /home/airflow/.local/lib/python3.9/site-packages/airflow/example_dags/example_subdag_operator.py
[2025-12-11T23:29:52.792+0000] {processor.py:830} INFO - Processing file /home/airflow/.local/lib/python3.9/site-packages/airflow/example_dags/example_subdag_operator.py for tasks to queue
[2025-12-11T23:29:52.795+0000] {logging_mixin.py:188} INFO - [2025-12-11T23:29:52.795+0000] {dagbag.py:545} INFO - Filling up the DagBag from /home/airflow/.local/lib/python3.9/site-packages/airflow/example_dags/example_subdag_operator.py
[2025-12-11T23:29:52.847+0000] {processor.py:840} INFO - DAG(s) 'example_subdag_operator.section-1', 'example_subdag_operator.section-2', 'example_subdag_operator' retrieved from /home/airflow/.local/lib/python3.9/site-packages/airflow/example_dags/example_subdag_operator.py
[2025-12-11T23:29:52.871+0000] {logging_mixin.py:188} INFO - [2025-12-11T23:29:52.871+0000] {dag.py:3096} INFO - Sync 3 DAGs
[2025-12-11T23:29:52.930+0000] {logging_mixin.py:188} INFO - [2025-12-11T23:29:52.930+0000] {dag.py:3954} INFO - Setting next_dagrun for example_subdag_operator to 2022-01-01 00:00:00+00:00, run_after=2022-01-01 00:00:00+00:00
[2025-12-11T23:29:52.936+0000] {logging_mixin.py:188} INFO - [2025-12-11T23:29:52.935+0000] {dag.py:3954} INFO - Setting next_dagrun for example_subdag_operator.section-1 to None, run_after=None
[2025-12-11T23:29:52.937+0000] {logging_mixin.py:188} INFO - [2025-12-11T23:29:52.937+0000] {dag.py:3954} INFO - Setting next_dagrun for example_subdag_operator.section-2 to None, run_after=None
[2025-12-11T23:29:52.955+0000] {logging_mixin.py:188} INFO - [2025-12-11T23:29:52.955+0000] {dag.py:3096} INFO - Sync 2 DAGs
[2025-12-11T23:29:52.974+0000] {logging_mixin.py:188} INFO - [2025-12-11T23:29:52.973+0000] {dag.py:3954} INFO - Setting next_dagrun for example_subdag_operator.section-1 to None, run_after=None
[2025-12-11T23:29:52.975+0000] {logging_mixin.py:188} INFO - [2025-12-11T23:29:52.974+0000] {dag.py:3954} INFO - Setting next_dagrun for example_subdag_operator.section-2 to None, run_after=None
[2025-12-11T23:29:52.999+0000] {processor.py:183} INFO - Processing /home/airflow/.local/lib/python3.9/site-packages/airflow/example_dags/example_subdag_operator.py took 0.219 seconds
[2025-12-11T23:30:23.533+0000] {processor.py:161} INFO - Started process (PID=5124) to work on /home/airflow/.local/lib/python3.9/site-packages/airflow/example_dags/example_subdag_operator.py
[2025-12-11T23:30:23.535+0000] {processor.py:830} INFO - Processing file /home/airflow/.local/lib/python3.9/site-packages/airflow/example_dags/example_subdag_operator.py for tasks to queue
[2025-12-11T23:30:23.539+0000] {logging_mixin.py:188} INFO - [2025-12-11T23:30:23.538+0000] {dagbag.py:545} INFO - Filling up the DagBag from /home/airflow/.local/lib/python3.9/site-packages/airflow/example_dags/example_subdag_operator.py
[2025-12-11T23:30:23.618+0000] {processor.py:840} INFO - DAG(s) 'example_subdag_operator.section-1', 'example_subdag_operator.section-2', 'example_subdag_operator' retrieved from /home/airflow/.local/lib/python3.9/site-packages/airflow/example_dags/example_subdag_operator.py
[2025-12-11T23:30:23.661+0000] {logging_mixin.py:188} INFO - [2025-12-11T23:30:23.661+0000] {dag.py:3096} INFO - Sync 3 DAGs
[2025-12-11T23:30:23.723+0000] {logging_mixin.py:188} INFO - [2025-12-11T23:30:23.722+0000] {dag.py:3954} INFO - Setting next_dagrun for example_subdag_operator to 2022-01-01 00:00:00+00:00, run_after=2022-01-01 00:00:00+00:00
[2025-12-11T23:30:23.732+0000] {logging_mixin.py:188} INFO - [2025-12-11T23:30:23.732+0000] {dag.py:3954} INFO - Setting next_dagrun for example_subdag_operator.section-1 to None, run_after=None
[2025-12-11T23:30:23.734+0000] {logging_mixin.py:188} INFO - [2025-12-11T23:30:23.734+0000] {dag.py:3954} INFO - Setting next_dagrun for example_subdag_operator.section-2 to None, run_after=None
[2025-12-11T23:30:23.749+0000] {logging_mixin.py:188} INFO - [2025-12-11T23:30:23.745+0000] {dag.py:3096} INFO - Sync 2 DAGs
[2025-12-11T23:30:23.758+0000] {logging_mixin.py:188} INFO - [2025-12-11T23:30:23.758+0000] {dag.py:3954} INFO - Setting next_dagrun for example_subdag_operator.section-1 to None, run_after=None
[2025-12-11T23:30:23.758+0000] {logging_mixin.py:188} INFO - [2025-12-11T23:30:23.758+0000] {dag.py:3954} INFO - Setting next_dagrun for example_subdag_operator.section-2 to None, run_after=None
[2025-12-11T23:30:23.795+0000] {processor.py:183} INFO - Processing /home/airflow/.local/lib/python3.9/site-packages/airflow/example_dags/example_subdag_operator.py took 0.284 seconds
[2025-12-11T23:30:53.955+0000] {processor.py:161} INFO - Started process (PID=5191) to work on /home/airflow/.local/lib/python3.9/site-packages/airflow/example_dags/example_subdag_operator.py
[2025-12-11T23:30:53.956+0000] {processor.py:830} INFO - Processing file /home/airflow/.local/lib/python3.9/site-packages/airflow/example_dags/example_subdag_operator.py for tasks to queue
[2025-12-11T23:30:53.959+0000] {logging_mixin.py:188} INFO - [2025-12-11T23:30:53.959+0000] {dagbag.py:545} INFO - Filling up the DagBag from /home/airflow/.local/lib/python3.9/site-packages/airflow/example_dags/example_subdag_operator.py
[2025-12-11T23:30:54.032+0000] {processor.py:840} INFO - DAG(s) 'example_subdag_operator.section-1', 'example_subdag_operator.section-2', 'example_subdag_operator' retrieved from /home/airflow/.local/lib/python3.9/site-packages/airflow/example_dags/example_subdag_operator.py
[2025-12-11T23:30:54.075+0000] {logging_mixin.py:188} INFO - [2025-12-11T23:30:54.075+0000] {dag.py:3096} INFO - Sync 3 DAGs
[2025-12-11T23:30:54.140+0000] {logging_mixin.py:188} INFO - [2025-12-11T23:30:54.140+0000] {dag.py:3954} INFO - Setting next_dagrun for example_subdag_operator to 2022-01-01 00:00:00+00:00, run_after=2022-01-01 00:00:00+00:00
[2025-12-11T23:30:54.152+0000] {logging_mixin.py:188} INFO - [2025-12-11T23:30:54.151+0000] {dag.py:3954} INFO - Setting next_dagrun for example_subdag_operator.section-1 to None, run_after=None
[2025-12-11T23:30:54.154+0000] {logging_mixin.py:188} INFO - [2025-12-11T23:30:54.154+0000] {dag.py:3954} INFO - Setting next_dagrun for example_subdag_operator.section-2 to None, run_after=None
[2025-12-11T23:30:54.173+0000] {logging_mixin.py:188} INFO - [2025-12-11T23:30:54.172+0000] {dag.py:3096} INFO - Sync 2 DAGs
[2025-12-11T23:30:54.191+0000] {logging_mixin.py:188} INFO - [2025-12-11T23:30:54.190+0000] {dag.py:3954} INFO - Setting next_dagrun for example_subdag_operator.section-1 to None, run_after=None
[2025-12-11T23:30:54.192+0000] {logging_mixin.py:188} INFO - [2025-12-11T23:30:54.192+0000] {dag.py:3954} INFO - Setting next_dagrun for example_subdag_operator.section-2 to None, run_after=None
[2025-12-11T23:30:54.219+0000] {processor.py:183} INFO - Processing /home/airflow/.local/lib/python3.9/site-packages/airflow/example_dags/example_subdag_operator.py took 0.282 seconds
[2025-12-11T23:31:25.271+0000] {processor.py:161} INFO - Started process (PID=5258) to work on /home/airflow/.local/lib/python3.9/site-packages/airflow/example_dags/example_subdag_operator.py
[2025-12-11T23:31:25.281+0000] {processor.py:830} INFO - Processing file /home/airflow/.local/lib/python3.9/site-packages/airflow/example_dags/example_subdag_operator.py for tasks to queue
[2025-12-11T23:31:25.284+0000] {logging_mixin.py:188} INFO - [2025-12-11T23:31:25.284+0000] {dagbag.py:545} INFO - Filling up the DagBag from /home/airflow/.local/lib/python3.9/site-packages/airflow/example_dags/example_subdag_operator.py
[2025-12-11T23:31:25.350+0000] {processor.py:840} INFO - DAG(s) 'example_subdag_operator.section-1', 'example_subdag_operator.section-2', 'example_subdag_operator' retrieved from /home/airflow/.local/lib/python3.9/site-packages/airflow/example_dags/example_subdag_operator.py
[2025-12-11T23:31:25.381+0000] {logging_mixin.py:188} INFO - [2025-12-11T23:31:25.381+0000] {dag.py:3096} INFO - Sync 3 DAGs
[2025-12-11T23:31:25.478+0000] {logging_mixin.py:188} INFO - [2025-12-11T23:31:25.478+0000] {dag.py:3954} INFO - Setting next_dagrun for example_subdag_operator to 2022-01-01 00:00:00+00:00, run_after=2022-01-01 00:00:00+00:00
[2025-12-11T23:31:25.497+0000] {logging_mixin.py:188} INFO - [2025-12-11T23:31:25.497+0000] {dag.py:3954} INFO - Setting next_dagrun for example_subdag_operator.section-1 to None, run_after=None
[2025-12-11T23:31:25.499+0000] {logging_mixin.py:188} INFO - [2025-12-11T23:31:25.499+0000] {dag.py:3954} INFO - Setting next_dagrun for example_subdag_operator.section-2 to None, run_after=None
[2025-12-11T23:31:25.519+0000] {logging_mixin.py:188} INFO - [2025-12-11T23:31:25.518+0000] {dag.py:3096} INFO - Sync 2 DAGs
[2025-12-11T23:31:25.526+0000] {logging_mixin.py:188} INFO - [2025-12-11T23:31:25.526+0000] {dag.py:3954} INFO - Setting next_dagrun for example_subdag_operator.section-1 to None, run_after=None
[2025-12-11T23:31:25.527+0000] {logging_mixin.py:188} INFO - [2025-12-11T23:31:25.527+0000] {dag.py:3954} INFO - Setting next_dagrun for example_subdag_operator.section-2 to None, run_after=None
[2025-12-11T23:31:26.054+0000] {processor.py:183} INFO - Processing /home/airflow/.local/lib/python3.9/site-packages/airflow/example_dags/example_subdag_operator.py took 0.805 seconds
[2025-12-11T23:31:56.610+0000] {processor.py:161} INFO - Started process (PID=5325) to work on /home/airflow/.local/lib/python3.9/site-packages/airflow/example_dags/example_subdag_operator.py
[2025-12-11T23:31:56.636+0000] {processor.py:830} INFO - Processing file /home/airflow/.local/lib/python3.9/site-packages/airflow/example_dags/example_subdag_operator.py for tasks to queue
[2025-12-11T23:31:56.640+0000] {logging_mixin.py:188} INFO - [2025-12-11T23:31:56.640+0000] {dagbag.py:545} INFO - Filling up the DagBag from /home/airflow/.local/lib/python3.9/site-packages/airflow/example_dags/example_subdag_operator.py
[2025-12-11T23:31:56.680+0000] {processor.py:840} INFO - DAG(s) 'example_subdag_operator.section-1', 'example_subdag_operator.section-2', 'example_subdag_operator' retrieved from /home/airflow/.local/lib/python3.9/site-packages/airflow/example_dags/example_subdag_operator.py
[2025-12-11T23:31:56.700+0000] {logging_mixin.py:188} INFO - [2025-12-11T23:31:56.700+0000] {dag.py:3096} INFO - Sync 3 DAGs
[2025-12-11T23:31:56.738+0000] {logging_mixin.py:188} INFO - [2025-12-11T23:31:56.737+0000] {dag.py:3954} INFO - Setting next_dagrun for example_subdag_operator to 2022-01-01 00:00:00+00:00, run_after=2022-01-01 00:00:00+00:00
[2025-12-11T23:31:56.743+0000] {logging_mixin.py:188} INFO - [2025-12-11T23:31:56.742+0000] {dag.py:3954} INFO - Setting next_dagrun for example_subdag_operator.section-1 to None, run_after=None
[2025-12-11T23:31:56.750+0000] {logging_mixin.py:188} INFO - [2025-12-11T23:31:56.750+0000] {dag.py:3954} INFO - Setting next_dagrun for example_subdag_operator.section-2 to None, run_after=None
[2025-12-11T23:31:56.760+0000] {logging_mixin.py:188} INFO - [2025-12-11T23:31:56.760+0000] {dag.py:3096} INFO - Sync 2 DAGs
[2025-12-11T23:31:56.774+0000] {logging_mixin.py:188} INFO - [2025-12-11T23:31:56.774+0000] {dag.py:3954} INFO - Setting next_dagrun for example_subdag_operator.section-1 to None, run_after=None
[2025-12-11T23:31:56.775+0000] {logging_mixin.py:188} INFO - [2025-12-11T23:31:56.774+0000] {dag.py:3954} INFO - Setting next_dagrun for example_subdag_operator.section-2 to None, run_after=None
[2025-12-11T23:31:56.961+0000] {processor.py:183} INFO - Processing /home/airflow/.local/lib/python3.9/site-packages/airflow/example_dags/example_subdag_operator.py took 0.375 seconds
[2025-12-11T23:32:27.710+0000] {processor.py:161} INFO - Started process (PID=5393) to work on /home/airflow/.local/lib/python3.9/site-packages/airflow/example_dags/example_subdag_operator.py
[2025-12-11T23:32:27.712+0000] {processor.py:830} INFO - Processing file /home/airflow/.local/lib/python3.9/site-packages/airflow/example_dags/example_subdag_operator.py for tasks to queue
[2025-12-11T23:32:27.716+0000] {logging_mixin.py:188} INFO - [2025-12-11T23:32:27.716+0000] {dagbag.py:545} INFO - Filling up the DagBag from /home/airflow/.local/lib/python3.9/site-packages/airflow/example_dags/example_subdag_operator.py
[2025-12-11T23:32:27.811+0000] {processor.py:840} INFO - DAG(s) 'example_subdag_operator.section-1', 'example_subdag_operator.section-2', 'example_subdag_operator' retrieved from /home/airflow/.local/lib/python3.9/site-packages/airflow/example_dags/example_subdag_operator.py
[2025-12-11T23:32:27.874+0000] {logging_mixin.py:188} INFO - [2025-12-11T23:32:27.874+0000] {dag.py:3096} INFO - Sync 3 DAGs
[2025-12-11T23:32:27.969+0000] {logging_mixin.py:188} INFO - [2025-12-11T23:32:27.959+0000] {dag.py:3954} INFO - Setting next_dagrun for example_subdag_operator to 2022-01-01 00:00:00+00:00, run_after=2022-01-01 00:00:00+00:00
[2025-12-11T23:32:27.978+0000] {logging_mixin.py:188} INFO - [2025-12-11T23:32:27.977+0000] {dag.py:3954} INFO - Setting next_dagrun for example_subdag_operator.section-1 to None, run_after=None
[2025-12-11T23:32:27.980+0000] {logging_mixin.py:188} INFO - [2025-12-11T23:32:27.979+0000] {dag.py:3954} INFO - Setting next_dagrun for example_subdag_operator.section-2 to None, run_after=None
[2025-12-11T23:32:27.999+0000] {logging_mixin.py:188} INFO - [2025-12-11T23:32:27.998+0000] {dag.py:3096} INFO - Sync 2 DAGs
[2025-12-11T23:32:28.015+0000] {logging_mixin.py:188} INFO - [2025-12-11T23:32:28.014+0000] {dag.py:3954} INFO - Setting next_dagrun for example_subdag_operator.section-1 to None, run_after=None
[2025-12-11T23:32:28.015+0000] {logging_mixin.py:188} INFO - [2025-12-11T23:32:28.015+0000] {dag.py:3954} INFO - Setting next_dagrun for example_subdag_operator.section-2 to None, run_after=None
[2025-12-11T23:32:28.052+0000] {processor.py:183} INFO - Processing /home/airflow/.local/lib/python3.9/site-packages/airflow/example_dags/example_subdag_operator.py took 0.376 seconds
[2025-12-11T23:32:58.474+0000] {processor.py:161} INFO - Started process (PID=5460) to work on /home/airflow/.local/lib/python3.9/site-packages/airflow/example_dags/example_subdag_operator.py
[2025-12-11T23:32:58.476+0000] {processor.py:830} INFO - Processing file /home/airflow/.local/lib/python3.9/site-packages/airflow/example_dags/example_subdag_operator.py for tasks to queue
[2025-12-11T23:32:58.479+0000] {logging_mixin.py:188} INFO - [2025-12-11T23:32:58.478+0000] {dagbag.py:545} INFO - Filling up the DagBag from /home/airflow/.local/lib/python3.9/site-packages/airflow/example_dags/example_subdag_operator.py
[2025-12-11T23:32:58.558+0000] {processor.py:840} INFO - DAG(s) 'example_subdag_operator.section-1', 'example_subdag_operator.section-2', 'example_subdag_operator' retrieved from /home/airflow/.local/lib/python3.9/site-packages/airflow/example_dags/example_subdag_operator.py
[2025-12-11T23:32:58.612+0000] {logging_mixin.py:188} INFO - [2025-12-11T23:32:58.611+0000] {dag.py:3096} INFO - Sync 3 DAGs
[2025-12-11T23:32:58.731+0000] {logging_mixin.py:188} INFO - [2025-12-11T23:32:58.730+0000] {dag.py:3954} INFO - Setting next_dagrun for example_subdag_operator to 2022-01-01 00:00:00+00:00, run_after=2022-01-01 00:00:00+00:00
[2025-12-11T23:32:58.750+0000] {logging_mixin.py:188} INFO - [2025-12-11T23:32:58.750+0000] {dag.py:3954} INFO - Setting next_dagrun for example_subdag_operator.section-1 to None, run_after=None
[2025-12-11T23:32:58.752+0000] {logging_mixin.py:188} INFO - [2025-12-11T23:32:58.752+0000] {dag.py:3954} INFO - Setting next_dagrun for example_subdag_operator.section-2 to None, run_after=None
[2025-12-11T23:32:58.763+0000] {logging_mixin.py:188} INFO - [2025-12-11T23:32:58.762+0000] {dag.py:3096} INFO - Sync 2 DAGs
[2025-12-11T23:32:58.776+0000] {logging_mixin.py:188} INFO - [2025-12-11T23:32:58.775+0000] {dag.py:3954} INFO - Setting next_dagrun for example_subdag_operator.section-1 to None, run_after=None
[2025-12-11T23:32:58.776+0000] {logging_mixin.py:188} INFO - [2025-12-11T23:32:58.776+0000] {dag.py:3954} INFO - Setting next_dagrun for example_subdag_operator.section-2 to None, run_after=None
[2025-12-11T23:32:58.799+0000] {processor.py:183} INFO - Processing /home/airflow/.local/lib/python3.9/site-packages/airflow/example_dags/example_subdag_operator.py took 0.344 seconds
[2025-12-11T23:33:28.894+0000] {processor.py:161} INFO - Started process (PID=5527) to work on /home/airflow/.local/lib/python3.9/site-packages/airflow/example_dags/example_subdag_operator.py
[2025-12-11T23:33:28.896+0000] {processor.py:830} INFO - Processing file /home/airflow/.local/lib/python3.9/site-packages/airflow/example_dags/example_subdag_operator.py for tasks to queue
[2025-12-11T23:33:28.899+0000] {logging_mixin.py:188} INFO - [2025-12-11T23:33:28.898+0000] {dagbag.py:545} INFO - Filling up the DagBag from /home/airflow/.local/lib/python3.9/site-packages/airflow/example_dags/example_subdag_operator.py
[2025-12-11T23:33:28.944+0000] {processor.py:840} INFO - DAG(s) 'example_subdag_operator.section-1', 'example_subdag_operator.section-2', 'example_subdag_operator' retrieved from /home/airflow/.local/lib/python3.9/site-packages/airflow/example_dags/example_subdag_operator.py
[2025-12-11T23:33:28.970+0000] {logging_mixin.py:188} INFO - [2025-12-11T23:33:28.970+0000] {dag.py:3096} INFO - Sync 3 DAGs
[2025-12-11T23:33:29.010+0000] {logging_mixin.py:188} INFO - [2025-12-11T23:33:29.010+0000] {dag.py:3954} INFO - Setting next_dagrun for example_subdag_operator to 2022-01-01 00:00:00+00:00, run_after=2022-01-01 00:00:00+00:00
[2025-12-11T23:33:29.017+0000] {logging_mixin.py:188} INFO - [2025-12-11T23:33:29.017+0000] {dag.py:3954} INFO - Setting next_dagrun for example_subdag_operator.section-1 to None, run_after=None
[2025-12-11T23:33:29.019+0000] {logging_mixin.py:188} INFO - [2025-12-11T23:33:29.019+0000] {dag.py:3954} INFO - Setting next_dagrun for example_subdag_operator.section-2 to None, run_after=None
[2025-12-11T23:33:29.029+0000] {logging_mixin.py:188} INFO - [2025-12-11T23:33:29.029+0000] {dag.py:3096} INFO - Sync 2 DAGs
[2025-12-11T23:33:29.039+0000] {logging_mixin.py:188} INFO - [2025-12-11T23:33:29.038+0000] {dag.py:3954} INFO - Setting next_dagrun for example_subdag_operator.section-1 to None, run_after=None
[2025-12-11T23:33:29.039+0000] {logging_mixin.py:188} INFO - [2025-12-11T23:33:29.039+0000] {dag.py:3954} INFO - Setting next_dagrun for example_subdag_operator.section-2 to None, run_after=None
[2025-12-11T23:33:29.058+0000] {processor.py:183} INFO - Processing /home/airflow/.local/lib/python3.9/site-packages/airflow/example_dags/example_subdag_operator.py took 0.176 seconds
[2025-12-11T23:33:59.564+0000] {processor.py:161} INFO - Started process (PID=5594) to work on /home/airflow/.local/lib/python3.9/site-packages/airflow/example_dags/example_subdag_operator.py
[2025-12-11T23:33:59.566+0000] {processor.py:830} INFO - Processing file /home/airflow/.local/lib/python3.9/site-packages/airflow/example_dags/example_subdag_operator.py for tasks to queue
[2025-12-11T23:33:59.569+0000] {logging_mixin.py:188} INFO - [2025-12-11T23:33:59.568+0000] {dagbag.py:545} INFO - Filling up the DagBag from /home/airflow/.local/lib/python3.9/site-packages/airflow/example_dags/example_subdag_operator.py
[2025-12-11T23:33:59.614+0000] {processor.py:840} INFO - DAG(s) 'example_subdag_operator.section-1', 'example_subdag_operator.section-2', 'example_subdag_operator' retrieved from /home/airflow/.local/lib/python3.9/site-packages/airflow/example_dags/example_subdag_operator.py
[2025-12-11T23:33:59.655+0000] {logging_mixin.py:188} INFO - [2025-12-11T23:33:59.655+0000] {dag.py:3096} INFO - Sync 3 DAGs
[2025-12-11T23:33:59.711+0000] {logging_mixin.py:188} INFO - [2025-12-11T23:33:59.711+0000] {dag.py:3954} INFO - Setting next_dagrun for example_subdag_operator to 2022-01-01 00:00:00+00:00, run_after=2022-01-01 00:00:00+00:00
[2025-12-11T23:33:59.716+0000] {logging_mixin.py:188} INFO - [2025-12-11T23:33:59.715+0000] {dag.py:3954} INFO - Setting next_dagrun for example_subdag_operator.section-1 to None, run_after=None
[2025-12-11T23:33:59.717+0000] {logging_mixin.py:188} INFO - [2025-12-11T23:33:59.717+0000] {dag.py:3954} INFO - Setting next_dagrun for example_subdag_operator.section-2 to None, run_after=None
[2025-12-11T23:33:59.726+0000] {logging_mixin.py:188} INFO - [2025-12-11T23:33:59.725+0000] {dag.py:3096} INFO - Sync 2 DAGs
[2025-12-11T23:33:59.733+0000] {logging_mixin.py:188} INFO - [2025-12-11T23:33:59.732+0000] {dag.py:3954} INFO - Setting next_dagrun for example_subdag_operator.section-1 to None, run_after=None
[2025-12-11T23:33:59.733+0000] {logging_mixin.py:188} INFO - [2025-12-11T23:33:59.733+0000] {dag.py:3954} INFO - Setting next_dagrun for example_subdag_operator.section-2 to None, run_after=None
[2025-12-11T23:33:59.749+0000] {processor.py:183} INFO - Processing /home/airflow/.local/lib/python3.9/site-packages/airflow/example_dags/example_subdag_operator.py took 0.196 seconds
[2025-12-11T23:34:29.849+0000] {processor.py:161} INFO - Started process (PID=5661) to work on /home/airflow/.local/lib/python3.9/site-packages/airflow/example_dags/example_subdag_operator.py
[2025-12-11T23:34:29.866+0000] {processor.py:830} INFO - Processing file /home/airflow/.local/lib/python3.9/site-packages/airflow/example_dags/example_subdag_operator.py for tasks to queue
[2025-12-11T23:34:29.873+0000] {logging_mixin.py:188} INFO - [2025-12-11T23:34:29.868+0000] {dagbag.py:545} INFO - Filling up the DagBag from /home/airflow/.local/lib/python3.9/site-packages/airflow/example_dags/example_subdag_operator.py
[2025-12-11T23:34:29.930+0000] {processor.py:840} INFO - DAG(s) 'example_subdag_operator.section-1', 'example_subdag_operator.section-2', 'example_subdag_operator' retrieved from /home/airflow/.local/lib/python3.9/site-packages/airflow/example_dags/example_subdag_operator.py
[2025-12-11T23:34:29.957+0000] {logging_mixin.py:188} INFO - [2025-12-11T23:34:29.957+0000] {dag.py:3096} INFO - Sync 3 DAGs
[2025-12-11T23:34:29.997+0000] {logging_mixin.py:188} INFO - [2025-12-11T23:34:29.997+0000] {dag.py:3954} INFO - Setting next_dagrun for example_subdag_operator to 2022-01-01 00:00:00+00:00, run_after=2022-01-01 00:00:00+00:00
[2025-12-11T23:34:30.002+0000] {logging_mixin.py:188} INFO - [2025-12-11T23:34:30.002+0000] {dag.py:3954} INFO - Setting next_dagrun for example_subdag_operator.section-1 to None, run_after=None
[2025-12-11T23:34:30.004+0000] {logging_mixin.py:188} INFO - [2025-12-11T23:34:30.004+0000] {dag.py:3954} INFO - Setting next_dagrun for example_subdag_operator.section-2 to None, run_after=None
[2025-12-11T23:34:30.017+0000] {logging_mixin.py:188} INFO - [2025-12-11T23:34:30.017+0000] {dag.py:3096} INFO - Sync 2 DAGs
[2025-12-11T23:34:30.024+0000] {logging_mixin.py:188} INFO - [2025-12-11T23:34:30.024+0000] {dag.py:3954} INFO - Setting next_dagrun for example_subdag_operator.section-1 to None, run_after=None
[2025-12-11T23:34:30.025+0000] {logging_mixin.py:188} INFO - [2025-12-11T23:34:30.024+0000] {dag.py:3954} INFO - Setting next_dagrun for example_subdag_operator.section-2 to None, run_after=None
[2025-12-11T23:34:30.050+0000] {processor.py:183} INFO - Processing /home/airflow/.local/lib/python3.9/site-packages/airflow/example_dags/example_subdag_operator.py took 0.214 seconds
[2025-12-11T23:35:00.141+0000] {processor.py:161} INFO - Started process (PID=5728) to work on /home/airflow/.local/lib/python3.9/site-packages/airflow/example_dags/example_subdag_operator.py
[2025-12-11T23:35:00.143+0000] {processor.py:830} INFO - Processing file /home/airflow/.local/lib/python3.9/site-packages/airflow/example_dags/example_subdag_operator.py for tasks to queue
[2025-12-11T23:35:00.145+0000] {logging_mixin.py:188} INFO - [2025-12-11T23:35:00.145+0000] {dagbag.py:545} INFO - Filling up the DagBag from /home/airflow/.local/lib/python3.9/site-packages/airflow/example_dags/example_subdag_operator.py
[2025-12-11T23:35:00.195+0000] {processor.py:840} INFO - DAG(s) 'example_subdag_operator.section-1', 'example_subdag_operator.section-2', 'example_subdag_operator' retrieved from /home/airflow/.local/lib/python3.9/site-packages/airflow/example_dags/example_subdag_operator.py
[2025-12-11T23:35:00.224+0000] {logging_mixin.py:188} INFO - [2025-12-11T23:35:00.223+0000] {dag.py:3096} INFO - Sync 3 DAGs
[2025-12-11T23:35:00.263+0000] {logging_mixin.py:188} INFO - [2025-12-11T23:35:00.262+0000] {dag.py:3954} INFO - Setting next_dagrun for example_subdag_operator to 2022-01-01 00:00:00+00:00, run_after=2022-01-01 00:00:00+00:00
[2025-12-11T23:35:00.269+0000] {logging_mixin.py:188} INFO - [2025-12-11T23:35:00.269+0000] {dag.py:3954} INFO - Setting next_dagrun for example_subdag_operator.section-1 to None, run_after=None
[2025-12-11T23:35:00.271+0000] {logging_mixin.py:188} INFO - [2025-12-11T23:35:00.271+0000] {dag.py:3954} INFO - Setting next_dagrun for example_subdag_operator.section-2 to None, run_after=None
[2025-12-11T23:35:00.279+0000] {logging_mixin.py:188} INFO - [2025-12-11T23:35:00.279+0000] {dag.py:3096} INFO - Sync 2 DAGs
[2025-12-11T23:35:00.293+0000] {logging_mixin.py:188} INFO - [2025-12-11T23:35:00.293+0000] {dag.py:3954} INFO - Setting next_dagrun for example_subdag_operator.section-1 to None, run_after=None
[2025-12-11T23:35:00.294+0000] {logging_mixin.py:188} INFO - [2025-12-11T23:35:00.294+0000] {dag.py:3954} INFO - Setting next_dagrun for example_subdag_operator.section-2 to None, run_after=None
[2025-12-11T23:35:00.317+0000] {processor.py:183} INFO - Processing /home/airflow/.local/lib/python3.9/site-packages/airflow/example_dags/example_subdag_operator.py took 0.187 seconds
[2025-12-11T23:35:30.779+0000] {processor.py:161} INFO - Started process (PID=5794) to work on /home/airflow/.local/lib/python3.9/site-packages/airflow/example_dags/example_subdag_operator.py
[2025-12-11T23:35:30.787+0000] {processor.py:830} INFO - Processing file /home/airflow/.local/lib/python3.9/site-packages/airflow/example_dags/example_subdag_operator.py for tasks to queue
[2025-12-11T23:35:30.790+0000] {logging_mixin.py:188} INFO - [2025-12-11T23:35:30.790+0000] {dagbag.py:545} INFO - Filling up the DagBag from /home/airflow/.local/lib/python3.9/site-packages/airflow/example_dags/example_subdag_operator.py
[2025-12-11T23:35:30.836+0000] {processor.py:840} INFO - DAG(s) 'example_subdag_operator.section-1', 'example_subdag_operator.section-2', 'example_subdag_operator' retrieved from /home/airflow/.local/lib/python3.9/site-packages/airflow/example_dags/example_subdag_operator.py
[2025-12-11T23:35:30.863+0000] {logging_mixin.py:188} INFO - [2025-12-11T23:35:30.863+0000] {dag.py:3096} INFO - Sync 3 DAGs
[2025-12-11T23:35:30.901+0000] {logging_mixin.py:188} INFO - [2025-12-11T23:35:30.900+0000] {dag.py:3954} INFO - Setting next_dagrun for example_subdag_operator to 2022-01-01 00:00:00+00:00, run_after=2022-01-01 00:00:00+00:00
[2025-12-11T23:35:30.905+0000] {logging_mixin.py:188} INFO - [2025-12-11T23:35:30.905+0000] {dag.py:3954} INFO - Setting next_dagrun for example_subdag_operator.section-1 to None, run_after=None
[2025-12-11T23:35:30.907+0000] {logging_mixin.py:188} INFO - [2025-12-11T23:35:30.906+0000] {dag.py:3954} INFO - Setting next_dagrun for example_subdag_operator.section-2 to None, run_after=None
[2025-12-11T23:35:30.916+0000] {logging_mixin.py:188} INFO - [2025-12-11T23:35:30.915+0000] {dag.py:3096} INFO - Sync 2 DAGs
[2025-12-11T23:35:30.922+0000] {logging_mixin.py:188} INFO - [2025-12-11T23:35:30.922+0000] {dag.py:3954} INFO - Setting next_dagrun for example_subdag_operator.section-1 to None, run_after=None
[2025-12-11T23:35:30.922+0000] {logging_mixin.py:188} INFO - [2025-12-11T23:35:30.922+0000] {dag.py:3954} INFO - Setting next_dagrun for example_subdag_operator.section-2 to None, run_after=None
[2025-12-11T23:35:30.939+0000] {processor.py:183} INFO - Processing /home/airflow/.local/lib/python3.9/site-packages/airflow/example_dags/example_subdag_operator.py took 0.170 seconds
[2025-12-11T23:36:01.148+0000] {processor.py:161} INFO - Started process (PID=5861) to work on /home/airflow/.local/lib/python3.9/site-packages/airflow/example_dags/example_subdag_operator.py
[2025-12-11T23:36:01.150+0000] {processor.py:830} INFO - Processing file /home/airflow/.local/lib/python3.9/site-packages/airflow/example_dags/example_subdag_operator.py for tasks to queue
[2025-12-11T23:36:01.154+0000] {logging_mixin.py:188} INFO - [2025-12-11T23:36:01.153+0000] {dagbag.py:545} INFO - Filling up the DagBag from /home/airflow/.local/lib/python3.9/site-packages/airflow/example_dags/example_subdag_operator.py
[2025-12-11T23:36:01.206+0000] {processor.py:840} INFO - DAG(s) 'example_subdag_operator.section-1', 'example_subdag_operator.section-2', 'example_subdag_operator' retrieved from /home/airflow/.local/lib/python3.9/site-packages/airflow/example_dags/example_subdag_operator.py
[2025-12-11T23:36:01.231+0000] {logging_mixin.py:188} INFO - [2025-12-11T23:36:01.231+0000] {dag.py:3096} INFO - Sync 3 DAGs
[2025-12-11T23:36:01.267+0000] {logging_mixin.py:188} INFO - [2025-12-11T23:36:01.267+0000] {dag.py:3954} INFO - Setting next_dagrun for example_subdag_operator to 2022-01-01 00:00:00+00:00, run_after=2022-01-01 00:00:00+00:00
[2025-12-11T23:36:01.272+0000] {logging_mixin.py:188} INFO - [2025-12-11T23:36:01.272+0000] {dag.py:3954} INFO - Setting next_dagrun for example_subdag_operator.section-1 to None, run_after=None
[2025-12-11T23:36:01.274+0000] {logging_mixin.py:188} INFO - [2025-12-11T23:36:01.274+0000] {dag.py:3954} INFO - Setting next_dagrun for example_subdag_operator.section-2 to None, run_after=None
[2025-12-11T23:36:01.286+0000] {logging_mixin.py:188} INFO - [2025-12-11T23:36:01.286+0000] {dag.py:3096} INFO - Sync 2 DAGs
[2025-12-11T23:36:01.295+0000] {logging_mixin.py:188} INFO - [2025-12-11T23:36:01.294+0000] {dag.py:3954} INFO - Setting next_dagrun for example_subdag_operator.section-1 to None, run_after=None
[2025-12-11T23:36:01.295+0000] {logging_mixin.py:188} INFO - [2025-12-11T23:36:01.295+0000] {dag.py:3954} INFO - Setting next_dagrun for example_subdag_operator.section-2 to None, run_after=None
[2025-12-11T23:36:01.311+0000] {processor.py:183} INFO - Processing /home/airflow/.local/lib/python3.9/site-packages/airflow/example_dags/example_subdag_operator.py took 0.178 seconds
[2025-12-11T23:36:31.989+0000] {processor.py:161} INFO - Started process (PID=5928) to work on /home/airflow/.local/lib/python3.9/site-packages/airflow/example_dags/example_subdag_operator.py
[2025-12-11T23:36:31.993+0000] {processor.py:830} INFO - Processing file /home/airflow/.local/lib/python3.9/site-packages/airflow/example_dags/example_subdag_operator.py for tasks to queue
[2025-12-11T23:36:31.997+0000] {logging_mixin.py:188} INFO - [2025-12-11T23:36:31.996+0000] {dagbag.py:545} INFO - Filling up the DagBag from /home/airflow/.local/lib/python3.9/site-packages/airflow/example_dags/example_subdag_operator.py
[2025-12-11T23:36:32.047+0000] {processor.py:840} INFO - DAG(s) 'example_subdag_operator.section-1', 'example_subdag_operator.section-2', 'example_subdag_operator' retrieved from /home/airflow/.local/lib/python3.9/site-packages/airflow/example_dags/example_subdag_operator.py
[2025-12-11T23:36:32.075+0000] {logging_mixin.py:188} INFO - [2025-12-11T23:36:32.074+0000] {dag.py:3096} INFO - Sync 3 DAGs
[2025-12-11T23:36:32.118+0000] {logging_mixin.py:188} INFO - [2025-12-11T23:36:32.118+0000] {dag.py:3954} INFO - Setting next_dagrun for example_subdag_operator to 2022-01-01 00:00:00+00:00, run_after=2022-01-01 00:00:00+00:00
[2025-12-11T23:36:32.125+0000] {logging_mixin.py:188} INFO - [2025-12-11T23:36:32.124+0000] {dag.py:3954} INFO - Setting next_dagrun for example_subdag_operator.section-1 to None, run_after=None
[2025-12-11T23:36:32.127+0000] {logging_mixin.py:188} INFO - [2025-12-11T23:36:32.127+0000] {dag.py:3954} INFO - Setting next_dagrun for example_subdag_operator.section-2 to None, run_after=None
[2025-12-11T23:36:32.139+0000] {logging_mixin.py:188} INFO - [2025-12-11T23:36:32.139+0000] {dag.py:3096} INFO - Sync 2 DAGs
[2025-12-11T23:36:32.157+0000] {logging_mixin.py:188} INFO - [2025-12-11T23:36:32.156+0000] {dag.py:3954} INFO - Setting next_dagrun for example_subdag_operator.section-1 to None, run_after=None
[2025-12-11T23:36:32.157+0000] {logging_mixin.py:188} INFO - [2025-12-11T23:36:32.157+0000] {dag.py:3954} INFO - Setting next_dagrun for example_subdag_operator.section-2 to None, run_after=None
[2025-12-11T23:36:32.181+0000] {processor.py:183} INFO - Processing /home/airflow/.local/lib/python3.9/site-packages/airflow/example_dags/example_subdag_operator.py took 0.204 seconds
[2025-12-11T23:37:02.584+0000] {processor.py:161} INFO - Started process (PID=5996) to work on /home/airflow/.local/lib/python3.9/site-packages/airflow/example_dags/example_subdag_operator.py
[2025-12-11T23:37:02.585+0000] {processor.py:830} INFO - Processing file /home/airflow/.local/lib/python3.9/site-packages/airflow/example_dags/example_subdag_operator.py for tasks to queue
[2025-12-11T23:37:02.588+0000] {logging_mixin.py:188} INFO - [2025-12-11T23:37:02.588+0000] {dagbag.py:545} INFO - Filling up the DagBag from /home/airflow/.local/lib/python3.9/site-packages/airflow/example_dags/example_subdag_operator.py
[2025-12-11T23:37:02.632+0000] {processor.py:840} INFO - DAG(s) 'example_subdag_operator.section-1', 'example_subdag_operator.section-2', 'example_subdag_operator' retrieved from /home/airflow/.local/lib/python3.9/site-packages/airflow/example_dags/example_subdag_operator.py
[2025-12-11T23:37:02.660+0000] {logging_mixin.py:188} INFO - [2025-12-11T23:37:02.659+0000] {dag.py:3096} INFO - Sync 3 DAGs
[2025-12-11T23:37:02.696+0000] {logging_mixin.py:188} INFO - [2025-12-11T23:37:02.695+0000] {dag.py:3954} INFO - Setting next_dagrun for example_subdag_operator to 2022-01-01 00:00:00+00:00, run_after=2022-01-01 00:00:00+00:00
[2025-12-11T23:37:02.701+0000] {logging_mixin.py:188} INFO - [2025-12-11T23:37:02.701+0000] {dag.py:3954} INFO - Setting next_dagrun for example_subdag_operator.section-1 to None, run_after=None
[2025-12-11T23:37:02.703+0000] {logging_mixin.py:188} INFO - [2025-12-11T23:37:02.703+0000] {dag.py:3954} INFO - Setting next_dagrun for example_subdag_operator.section-2 to None, run_after=None
[2025-12-11T23:37:02.713+0000] {logging_mixin.py:188} INFO - [2025-12-11T23:37:02.713+0000] {dag.py:3096} INFO - Sync 2 DAGs
[2025-12-11T23:37:02.719+0000] {logging_mixin.py:188} INFO - [2025-12-11T23:37:02.719+0000] {dag.py:3954} INFO - Setting next_dagrun for example_subdag_operator.section-1 to None, run_after=None
[2025-12-11T23:37:02.720+0000] {logging_mixin.py:188} INFO - [2025-12-11T23:37:02.720+0000] {dag.py:3954} INFO - Setting next_dagrun for example_subdag_operator.section-2 to None, run_after=None
[2025-12-11T23:37:02.734+0000] {processor.py:183} INFO - Processing /home/airflow/.local/lib/python3.9/site-packages/airflow/example_dags/example_subdag_operator.py took 0.161 seconds
[2025-12-11T23:37:33.055+0000] {processor.py:161} INFO - Started process (PID=6063) to work on /home/airflow/.local/lib/python3.9/site-packages/airflow/example_dags/example_subdag_operator.py
[2025-12-11T23:37:33.057+0000] {processor.py:830} INFO - Processing file /home/airflow/.local/lib/python3.9/site-packages/airflow/example_dags/example_subdag_operator.py for tasks to queue
[2025-12-11T23:37:33.061+0000] {logging_mixin.py:188} INFO - [2025-12-11T23:37:33.061+0000] {dagbag.py:545} INFO - Filling up the DagBag from /home/airflow/.local/lib/python3.9/site-packages/airflow/example_dags/example_subdag_operator.py
[2025-12-11T23:37:33.117+0000] {processor.py:840} INFO - DAG(s) 'example_subdag_operator.section-1', 'example_subdag_operator.section-2', 'example_subdag_operator' retrieved from /home/airflow/.local/lib/python3.9/site-packages/airflow/example_dags/example_subdag_operator.py
[2025-12-11T23:37:33.143+0000] {logging_mixin.py:188} INFO - [2025-12-11T23:37:33.142+0000] {dag.py:3096} INFO - Sync 3 DAGs
[2025-12-11T23:37:33.197+0000] {logging_mixin.py:188} INFO - [2025-12-11T23:37:33.197+0000] {dag.py:3954} INFO - Setting next_dagrun for example_subdag_operator to 2022-01-01 00:00:00+00:00, run_after=2022-01-01 00:00:00+00:00
[2025-12-11T23:37:33.203+0000] {logging_mixin.py:188} INFO - [2025-12-11T23:37:33.203+0000] {dag.py:3954} INFO - Setting next_dagrun for example_subdag_operator.section-1 to None, run_after=None
[2025-12-11T23:37:33.210+0000] {logging_mixin.py:188} INFO - [2025-12-11T23:37:33.210+0000] {dag.py:3954} INFO - Setting next_dagrun for example_subdag_operator.section-2 to None, run_after=None
[2025-12-11T23:37:33.224+0000] {logging_mixin.py:188} INFO - [2025-12-11T23:37:33.223+0000] {dag.py:3096} INFO - Sync 2 DAGs
[2025-12-11T23:37:33.240+0000] {logging_mixin.py:188} INFO - [2025-12-11T23:37:33.239+0000] {dag.py:3954} INFO - Setting next_dagrun for example_subdag_operator.section-1 to None, run_after=None
[2025-12-11T23:37:33.241+0000] {logging_mixin.py:188} INFO - [2025-12-11T23:37:33.240+0000] {dag.py:3954} INFO - Setting next_dagrun for example_subdag_operator.section-2 to None, run_after=None
[2025-12-11T23:37:33.259+0000] {processor.py:183} INFO - Processing /home/airflow/.local/lib/python3.9/site-packages/airflow/example_dags/example_subdag_operator.py took 0.218 seconds
[2025-12-11T23:38:03.470+0000] {processor.py:161} INFO - Started process (PID=6130) to work on /home/airflow/.local/lib/python3.9/site-packages/airflow/example_dags/example_subdag_operator.py
[2025-12-11T23:38:03.472+0000] {processor.py:830} INFO - Processing file /home/airflow/.local/lib/python3.9/site-packages/airflow/example_dags/example_subdag_operator.py for tasks to queue
[2025-12-11T23:38:03.474+0000] {logging_mixin.py:188} INFO - [2025-12-11T23:38:03.474+0000] {dagbag.py:545} INFO - Filling up the DagBag from /home/airflow/.local/lib/python3.9/site-packages/airflow/example_dags/example_subdag_operator.py
[2025-12-11T23:38:03.519+0000] {processor.py:840} INFO - DAG(s) 'example_subdag_operator.section-1', 'example_subdag_operator.section-2', 'example_subdag_operator' retrieved from /home/airflow/.local/lib/python3.9/site-packages/airflow/example_dags/example_subdag_operator.py
[2025-12-11T23:38:03.540+0000] {logging_mixin.py:188} INFO - [2025-12-11T23:38:03.539+0000] {dag.py:3096} INFO - Sync 3 DAGs
[2025-12-11T23:38:03.577+0000] {logging_mixin.py:188} INFO - [2025-12-11T23:38:03.577+0000] {dag.py:3954} INFO - Setting next_dagrun for example_subdag_operator to 2022-01-01 00:00:00+00:00, run_after=2022-01-01 00:00:00+00:00
[2025-12-11T23:38:03.585+0000] {logging_mixin.py:188} INFO - [2025-12-11T23:38:03.584+0000] {dag.py:3954} INFO - Setting next_dagrun for example_subdag_operator.section-1 to None, run_after=None
[2025-12-11T23:38:03.586+0000] {logging_mixin.py:188} INFO - [2025-12-11T23:38:03.586+0000] {dag.py:3954} INFO - Setting next_dagrun for example_subdag_operator.section-2 to None, run_after=None
[2025-12-11T23:38:03.596+0000] {logging_mixin.py:188} INFO - [2025-12-11T23:38:03.596+0000] {dag.py:3096} INFO - Sync 2 DAGs
[2025-12-11T23:38:03.603+0000] {logging_mixin.py:188} INFO - [2025-12-11T23:38:03.603+0000] {dag.py:3954} INFO - Setting next_dagrun for example_subdag_operator.section-1 to None, run_after=None
[2025-12-11T23:38:03.604+0000] {logging_mixin.py:188} INFO - [2025-12-11T23:38:03.604+0000] {dag.py:3954} INFO - Setting next_dagrun for example_subdag_operator.section-2 to None, run_after=None
[2025-12-11T23:38:03.617+0000] {processor.py:183} INFO - Processing /home/airflow/.local/lib/python3.9/site-packages/airflow/example_dags/example_subdag_operator.py took 0.157 seconds
[2025-12-11T23:38:34.153+0000] {processor.py:161} INFO - Started process (PID=6197) to work on /home/airflow/.local/lib/python3.9/site-packages/airflow/example_dags/example_subdag_operator.py
[2025-12-11T23:38:34.154+0000] {processor.py:830} INFO - Processing file /home/airflow/.local/lib/python3.9/site-packages/airflow/example_dags/example_subdag_operator.py for tasks to queue
[2025-12-11T23:38:34.157+0000] {logging_mixin.py:188} INFO - [2025-12-11T23:38:34.157+0000] {dagbag.py:545} INFO - Filling up the DagBag from /home/airflow/.local/lib/python3.9/site-packages/airflow/example_dags/example_subdag_operator.py
[2025-12-11T23:38:34.205+0000] {processor.py:840} INFO - DAG(s) 'example_subdag_operator.section-1', 'example_subdag_operator.section-2', 'example_subdag_operator' retrieved from /home/airflow/.local/lib/python3.9/site-packages/airflow/example_dags/example_subdag_operator.py
[2025-12-11T23:38:34.235+0000] {logging_mixin.py:188} INFO - [2025-12-11T23:38:34.235+0000] {dag.py:3096} INFO - Sync 3 DAGs
[2025-12-11T23:38:34.285+0000] {logging_mixin.py:188} INFO - [2025-12-11T23:38:34.284+0000] {dag.py:3954} INFO - Setting next_dagrun for example_subdag_operator to 2022-01-01 00:00:00+00:00, run_after=2022-01-01 00:00:00+00:00
[2025-12-11T23:38:34.292+0000] {logging_mixin.py:188} INFO - [2025-12-11T23:38:34.292+0000] {dag.py:3954} INFO - Setting next_dagrun for example_subdag_operator.section-1 to None, run_after=None
[2025-12-11T23:38:34.294+0000] {logging_mixin.py:188} INFO - [2025-12-11T23:38:34.294+0000] {dag.py:3954} INFO - Setting next_dagrun for example_subdag_operator.section-2 to None, run_after=None
[2025-12-11T23:38:34.306+0000] {logging_mixin.py:188} INFO - [2025-12-11T23:38:34.305+0000] {dag.py:3096} INFO - Sync 2 DAGs
[2025-12-11T23:38:34.314+0000] {logging_mixin.py:188} INFO - [2025-12-11T23:38:34.313+0000] {dag.py:3954} INFO - Setting next_dagrun for example_subdag_operator.section-1 to None, run_after=None
[2025-12-11T23:38:34.315+0000] {logging_mixin.py:188} INFO - [2025-12-11T23:38:34.314+0000] {dag.py:3954} INFO - Setting next_dagrun for example_subdag_operator.section-2 to None, run_after=None
[2025-12-11T23:38:34.333+0000] {processor.py:183} INFO - Processing /home/airflow/.local/lib/python3.9/site-packages/airflow/example_dags/example_subdag_operator.py took 0.191 seconds
[2025-12-11T23:39:05.152+0000] {processor.py:161} INFO - Started process (PID=6264) to work on /home/airflow/.local/lib/python3.9/site-packages/airflow/example_dags/example_subdag_operator.py
[2025-12-11T23:39:05.155+0000] {processor.py:830} INFO - Processing file /home/airflow/.local/lib/python3.9/site-packages/airflow/example_dags/example_subdag_operator.py for tasks to queue
[2025-12-11T23:39:05.158+0000] {logging_mixin.py:188} INFO - [2025-12-11T23:39:05.157+0000] {dagbag.py:545} INFO - Filling up the DagBag from /home/airflow/.local/lib/python3.9/site-packages/airflow/example_dags/example_subdag_operator.py
[2025-12-11T23:39:05.211+0000] {processor.py:840} INFO - DAG(s) 'example_subdag_operator.section-1', 'example_subdag_operator.section-2', 'example_subdag_operator' retrieved from /home/airflow/.local/lib/python3.9/site-packages/airflow/example_dags/example_subdag_operator.py
[2025-12-11T23:39:05.235+0000] {logging_mixin.py:188} INFO - [2025-12-11T23:39:05.235+0000] {dag.py:3096} INFO - Sync 3 DAGs
[2025-12-11T23:39:05.274+0000] {logging_mixin.py:188} INFO - [2025-12-11T23:39:05.274+0000] {dag.py:3954} INFO - Setting next_dagrun for example_subdag_operator to 2022-01-01 00:00:00+00:00, run_after=2022-01-01 00:00:00+00:00
[2025-12-11T23:39:05.280+0000] {logging_mixin.py:188} INFO - [2025-12-11T23:39:05.279+0000] {dag.py:3954} INFO - Setting next_dagrun for example_subdag_operator.section-1 to None, run_after=None
[2025-12-11T23:39:05.282+0000] {logging_mixin.py:188} INFO - [2025-12-11T23:39:05.281+0000] {dag.py:3954} INFO - Setting next_dagrun for example_subdag_operator.section-2 to None, run_after=None
[2025-12-11T23:39:05.292+0000] {logging_mixin.py:188} INFO - [2025-12-11T23:39:05.292+0000] {dag.py:3096} INFO - Sync 2 DAGs
[2025-12-11T23:39:05.299+0000] {logging_mixin.py:188} INFO - [2025-12-11T23:39:05.299+0000] {dag.py:3954} INFO - Setting next_dagrun for example_subdag_operator.section-1 to None, run_after=None
[2025-12-11T23:39:05.300+0000] {logging_mixin.py:188} INFO - [2025-12-11T23:39:05.300+0000] {dag.py:3954} INFO - Setting next_dagrun for example_subdag_operator.section-2 to None, run_after=None
[2025-12-11T23:39:05.320+0000] {processor.py:183} INFO - Processing /home/airflow/.local/lib/python3.9/site-packages/airflow/example_dags/example_subdag_operator.py took 0.180 seconds
[2025-12-11T23:39:35.903+0000] {processor.py:161} INFO - Started process (PID=6331) to work on /home/airflow/.local/lib/python3.9/site-packages/airflow/example_dags/example_subdag_operator.py
[2025-12-11T23:39:35.910+0000] {processor.py:830} INFO - Processing file /home/airflow/.local/lib/python3.9/site-packages/airflow/example_dags/example_subdag_operator.py for tasks to queue
[2025-12-11T23:39:35.913+0000] {logging_mixin.py:188} INFO - [2025-12-11T23:39:35.913+0000] {dagbag.py:545} INFO - Filling up the DagBag from /home/airflow/.local/lib/python3.9/site-packages/airflow/example_dags/example_subdag_operator.py
[2025-12-11T23:39:35.956+0000] {processor.py:840} INFO - DAG(s) 'example_subdag_operator.section-1', 'example_subdag_operator.section-2', 'example_subdag_operator' retrieved from /home/airflow/.local/lib/python3.9/site-packages/airflow/example_dags/example_subdag_operator.py
[2025-12-11T23:39:35.986+0000] {logging_mixin.py:188} INFO - [2025-12-11T23:39:35.985+0000] {dag.py:3096} INFO - Sync 3 DAGs
[2025-12-11T23:39:36.035+0000] {logging_mixin.py:188} INFO - [2025-12-11T23:39:36.034+0000] {dag.py:3954} INFO - Setting next_dagrun for example_subdag_operator to 2022-01-01 00:00:00+00:00, run_after=2022-01-01 00:00:00+00:00
[2025-12-11T23:39:36.043+0000] {logging_mixin.py:188} INFO - [2025-12-11T23:39:36.042+0000] {dag.py:3954} INFO - Setting next_dagrun for example_subdag_operator.section-1 to None, run_after=None
[2025-12-11T23:39:36.046+0000] {logging_mixin.py:188} INFO - [2025-12-11T23:39:36.045+0000] {dag.py:3954} INFO - Setting next_dagrun for example_subdag_operator.section-2 to None, run_after=None
[2025-12-11T23:39:36.062+0000] {logging_mixin.py:188} INFO - [2025-12-11T23:39:36.061+0000] {dag.py:3096} INFO - Sync 2 DAGs
[2025-12-11T23:39:36.072+0000] {logging_mixin.py:188} INFO - [2025-12-11T23:39:36.071+0000] {dag.py:3954} INFO - Setting next_dagrun for example_subdag_operator.section-1 to None, run_after=None
[2025-12-11T23:39:36.072+0000] {logging_mixin.py:188} INFO - [2025-12-11T23:39:36.072+0000] {dag.py:3954} INFO - Setting next_dagrun for example_subdag_operator.section-2 to None, run_after=None
[2025-12-11T23:39:36.091+0000] {processor.py:183} INFO - Processing /home/airflow/.local/lib/python3.9/site-packages/airflow/example_dags/example_subdag_operator.py took 0.197 seconds
[2025-12-11T23:40:06.209+0000] {processor.py:161} INFO - Started process (PID=6398) to work on /home/airflow/.local/lib/python3.9/site-packages/airflow/example_dags/example_subdag_operator.py
[2025-12-11T23:40:06.211+0000] {processor.py:830} INFO - Processing file /home/airflow/.local/lib/python3.9/site-packages/airflow/example_dags/example_subdag_operator.py for tasks to queue
[2025-12-11T23:40:06.214+0000] {logging_mixin.py:188} INFO - [2025-12-11T23:40:06.213+0000] {dagbag.py:545} INFO - Filling up the DagBag from /home/airflow/.local/lib/python3.9/site-packages/airflow/example_dags/example_subdag_operator.py
[2025-12-11T23:40:06.261+0000] {processor.py:840} INFO - DAG(s) 'example_subdag_operator.section-1', 'example_subdag_operator.section-2', 'example_subdag_operator' retrieved from /home/airflow/.local/lib/python3.9/site-packages/airflow/example_dags/example_subdag_operator.py
[2025-12-11T23:40:06.291+0000] {logging_mixin.py:188} INFO - [2025-12-11T23:40:06.290+0000] {dag.py:3096} INFO - Sync 3 DAGs
[2025-12-11T23:40:06.333+0000] {logging_mixin.py:188} INFO - [2025-12-11T23:40:06.333+0000] {dag.py:3954} INFO - Setting next_dagrun for example_subdag_operator to 2022-01-01 00:00:00+00:00, run_after=2022-01-01 00:00:00+00:00
[2025-12-11T23:40:06.339+0000] {logging_mixin.py:188} INFO - [2025-12-11T23:40:06.339+0000] {dag.py:3954} INFO - Setting next_dagrun for example_subdag_operator.section-1 to None, run_after=None
[2025-12-11T23:40:06.341+0000] {logging_mixin.py:188} INFO - [2025-12-11T23:40:06.341+0000] {dag.py:3954} INFO - Setting next_dagrun for example_subdag_operator.section-2 to None, run_after=None
[2025-12-11T23:40:06.356+0000] {logging_mixin.py:188} INFO - [2025-12-11T23:40:06.356+0000] {dag.py:3096} INFO - Sync 2 DAGs
[2025-12-11T23:40:06.366+0000] {logging_mixin.py:188} INFO - [2025-12-11T23:40:06.366+0000] {dag.py:3954} INFO - Setting next_dagrun for example_subdag_operator.section-1 to None, run_after=None
[2025-12-11T23:40:06.369+0000] {logging_mixin.py:188} INFO - [2025-12-11T23:40:06.369+0000] {dag.py:3954} INFO - Setting next_dagrun for example_subdag_operator.section-2 to None, run_after=None
[2025-12-11T23:40:06.389+0000] {processor.py:183} INFO - Processing /home/airflow/.local/lib/python3.9/site-packages/airflow/example_dags/example_subdag_operator.py took 0.192 seconds
[2025-12-11T23:40:36.732+0000] {processor.py:161} INFO - Started process (PID=6465) to work on /home/airflow/.local/lib/python3.9/site-packages/airflow/example_dags/example_subdag_operator.py
[2025-12-11T23:40:36.744+0000] {processor.py:830} INFO - Processing file /home/airflow/.local/lib/python3.9/site-packages/airflow/example_dags/example_subdag_operator.py for tasks to queue
[2025-12-11T23:40:36.748+0000] {logging_mixin.py:188} INFO - [2025-12-11T23:40:36.747+0000] {dagbag.py:545} INFO - Filling up the DagBag from /home/airflow/.local/lib/python3.9/site-packages/airflow/example_dags/example_subdag_operator.py
[2025-12-11T23:40:36.804+0000] {processor.py:840} INFO - DAG(s) 'example_subdag_operator.section-1', 'example_subdag_operator.section-2', 'example_subdag_operator' retrieved from /home/airflow/.local/lib/python3.9/site-packages/airflow/example_dags/example_subdag_operator.py
[2025-12-11T23:40:36.842+0000] {logging_mixin.py:188} INFO - [2025-12-11T23:40:36.841+0000] {dag.py:3096} INFO - Sync 3 DAGs
[2025-12-11T23:40:36.896+0000] {logging_mixin.py:188} INFO - [2025-12-11T23:40:36.895+0000] {dag.py:3954} INFO - Setting next_dagrun for example_subdag_operator to 2022-01-01 00:00:00+00:00, run_after=2022-01-01 00:00:00+00:00
[2025-12-11T23:40:36.902+0000] {logging_mixin.py:188} INFO - [2025-12-11T23:40:36.902+0000] {dag.py:3954} INFO - Setting next_dagrun for example_subdag_operator.section-1 to None, run_after=None
[2025-12-11T23:40:36.904+0000] {logging_mixin.py:188} INFO - [2025-12-11T23:40:36.904+0000] {dag.py:3954} INFO - Setting next_dagrun for example_subdag_operator.section-2 to None, run_after=None
[2025-12-11T23:40:36.916+0000] {logging_mixin.py:188} INFO - [2025-12-11T23:40:36.915+0000] {dag.py:3096} INFO - Sync 2 DAGs
[2025-12-11T23:40:36.923+0000] {logging_mixin.py:188} INFO - [2025-12-11T23:40:36.922+0000] {dag.py:3954} INFO - Setting next_dagrun for example_subdag_operator.section-1 to None, run_after=None
[2025-12-11T23:40:36.923+0000] {logging_mixin.py:188} INFO - [2025-12-11T23:40:36.923+0000] {dag.py:3954} INFO - Setting next_dagrun for example_subdag_operator.section-2 to None, run_after=None
[2025-12-11T23:40:36.939+0000] {processor.py:183} INFO - Processing /home/airflow/.local/lib/python3.9/site-packages/airflow/example_dags/example_subdag_operator.py took 0.219 seconds
[2025-12-11T23:41:07.436+0000] {processor.py:161} INFO - Started process (PID=6532) to work on /home/airflow/.local/lib/python3.9/site-packages/airflow/example_dags/example_subdag_operator.py
[2025-12-11T23:41:07.438+0000] {processor.py:830} INFO - Processing file /home/airflow/.local/lib/python3.9/site-packages/airflow/example_dags/example_subdag_operator.py for tasks to queue
[2025-12-11T23:41:07.441+0000] {logging_mixin.py:188} INFO - [2025-12-11T23:41:07.440+0000] {dagbag.py:545} INFO - Filling up the DagBag from /home/airflow/.local/lib/python3.9/site-packages/airflow/example_dags/example_subdag_operator.py
[2025-12-11T23:41:07.487+0000] {processor.py:840} INFO - DAG(s) 'example_subdag_operator.section-1', 'example_subdag_operator.section-2', 'example_subdag_operator' retrieved from /home/airflow/.local/lib/python3.9/site-packages/airflow/example_dags/example_subdag_operator.py
[2025-12-11T23:41:07.511+0000] {logging_mixin.py:188} INFO - [2025-12-11T23:41:07.511+0000] {dag.py:3096} INFO - Sync 3 DAGs
[2025-12-11T23:41:07.553+0000] {logging_mixin.py:188} INFO - [2025-12-11T23:41:07.552+0000] {dag.py:3954} INFO - Setting next_dagrun for example_subdag_operator to 2022-01-01 00:00:00+00:00, run_after=2022-01-01 00:00:00+00:00
[2025-12-11T23:41:07.558+0000] {logging_mixin.py:188} INFO - [2025-12-11T23:41:07.558+0000] {dag.py:3954} INFO - Setting next_dagrun for example_subdag_operator.section-1 to None, run_after=None
[2025-12-11T23:41:07.560+0000] {logging_mixin.py:188} INFO - [2025-12-11T23:41:07.560+0000] {dag.py:3954} INFO - Setting next_dagrun for example_subdag_operator.section-2 to None, run_after=None
[2025-12-11T23:41:07.569+0000] {logging_mixin.py:188} INFO - [2025-12-11T23:41:07.569+0000] {dag.py:3096} INFO - Sync 2 DAGs
[2025-12-11T23:41:07.576+0000] {logging_mixin.py:188} INFO - [2025-12-11T23:41:07.576+0000] {dag.py:3954} INFO - Setting next_dagrun for example_subdag_operator.section-1 to None, run_after=None
[2025-12-11T23:41:07.577+0000] {logging_mixin.py:188} INFO - [2025-12-11T23:41:07.576+0000] {dag.py:3954} INFO - Setting next_dagrun for example_subdag_operator.section-2 to None, run_after=None
[2025-12-11T23:41:07.592+0000] {processor.py:183} INFO - Processing /home/airflow/.local/lib/python3.9/site-packages/airflow/example_dags/example_subdag_operator.py took 0.169 seconds
[2025-12-11T23:41:38.495+0000] {processor.py:161} INFO - Started process (PID=6599) to work on /home/airflow/.local/lib/python3.9/site-packages/airflow/example_dags/example_subdag_operator.py
[2025-12-11T23:41:38.511+0000] {processor.py:830} INFO - Processing file /home/airflow/.local/lib/python3.9/site-packages/airflow/example_dags/example_subdag_operator.py for tasks to queue
[2025-12-11T23:41:38.515+0000] {logging_mixin.py:188} INFO - [2025-12-11T23:41:38.514+0000] {dagbag.py:545} INFO - Filling up the DagBag from /home/airflow/.local/lib/python3.9/site-packages/airflow/example_dags/example_subdag_operator.py
[2025-12-11T23:41:38.597+0000] {processor.py:840} INFO - DAG(s) 'example_subdag_operator.section-1', 'example_subdag_operator.section-2', 'example_subdag_operator' retrieved from /home/airflow/.local/lib/python3.9/site-packages/airflow/example_dags/example_subdag_operator.py
[2025-12-11T23:41:38.639+0000] {logging_mixin.py:188} INFO - [2025-12-11T23:41:38.638+0000] {dag.py:3096} INFO - Sync 3 DAGs
[2025-12-11T23:41:38.697+0000] {logging_mixin.py:188} INFO - [2025-12-11T23:41:38.697+0000] {dag.py:3954} INFO - Setting next_dagrun for example_subdag_operator to 2022-01-01 00:00:00+00:00, run_after=2022-01-01 00:00:00+00:00
[2025-12-11T23:41:38.713+0000] {logging_mixin.py:188} INFO - [2025-12-11T23:41:38.712+0000] {dag.py:3954} INFO - Setting next_dagrun for example_subdag_operator.section-1 to None, run_after=None
[2025-12-11T23:41:38.715+0000] {logging_mixin.py:188} INFO - [2025-12-11T23:41:38.714+0000] {dag.py:3954} INFO - Setting next_dagrun for example_subdag_operator.section-2 to None, run_after=None
[2025-12-11T23:41:38.731+0000] {logging_mixin.py:188} INFO - [2025-12-11T23:41:38.731+0000] {dag.py:3096} INFO - Sync 2 DAGs
[2025-12-11T23:41:38.739+0000] {logging_mixin.py:188} INFO - [2025-12-11T23:41:38.739+0000] {dag.py:3954} INFO - Setting next_dagrun for example_subdag_operator.section-1 to None, run_after=None
[2025-12-11T23:41:38.740+0000] {logging_mixin.py:188} INFO - [2025-12-11T23:41:38.739+0000] {dag.py:3954} INFO - Setting next_dagrun for example_subdag_operator.section-2 to None, run_after=None
[2025-12-11T23:41:38.771+0000] {processor.py:183} INFO - Processing /home/airflow/.local/lib/python3.9/site-packages/airflow/example_dags/example_subdag_operator.py took 0.299 seconds
[2025-12-11T23:42:09.234+0000] {processor.py:161} INFO - Started process (PID=6673) to work on /home/airflow/.local/lib/python3.9/site-packages/airflow/example_dags/example_subdag_operator.py
[2025-12-11T23:42:09.250+0000] {processor.py:830} INFO - Processing file /home/airflow/.local/lib/python3.9/site-packages/airflow/example_dags/example_subdag_operator.py for tasks to queue
[2025-12-11T23:42:09.253+0000] {logging_mixin.py:188} INFO - [2025-12-11T23:42:09.253+0000] {dagbag.py:545} INFO - Filling up the DagBag from /home/airflow/.local/lib/python3.9/site-packages/airflow/example_dags/example_subdag_operator.py
[2025-12-11T23:42:09.357+0000] {processor.py:840} INFO - DAG(s) 'example_subdag_operator.section-1', 'example_subdag_operator.section-2', 'example_subdag_operator' retrieved from /home/airflow/.local/lib/python3.9/site-packages/airflow/example_dags/example_subdag_operator.py
[2025-12-11T23:42:09.410+0000] {logging_mixin.py:188} INFO - [2025-12-11T23:42:09.409+0000] {dag.py:3096} INFO - Sync 3 DAGs
[2025-12-11T23:42:09.494+0000] {logging_mixin.py:188} INFO - [2025-12-11T23:42:09.494+0000] {dag.py:3954} INFO - Setting next_dagrun for example_subdag_operator to 2022-01-01 00:00:00+00:00, run_after=2022-01-01 00:00:00+00:00
[2025-12-11T23:42:09.511+0000] {logging_mixin.py:188} INFO - [2025-12-11T23:42:09.511+0000] {dag.py:3954} INFO - Setting next_dagrun for example_subdag_operator.section-1 to None, run_after=None
[2025-12-11T23:42:09.514+0000] {logging_mixin.py:188} INFO - [2025-12-11T23:42:09.513+0000] {dag.py:3954} INFO - Setting next_dagrun for example_subdag_operator.section-2 to None, run_after=None
[2025-12-11T23:42:09.552+0000] {logging_mixin.py:188} INFO - [2025-12-11T23:42:09.551+0000] {dag.py:3096} INFO - Sync 2 DAGs
[2025-12-11T23:42:09.572+0000] {logging_mixin.py:188} INFO - [2025-12-11T23:42:09.572+0000] {dag.py:3954} INFO - Setting next_dagrun for example_subdag_operator.section-1 to None, run_after=None
[2025-12-11T23:42:09.573+0000] {logging_mixin.py:188} INFO - [2025-12-11T23:42:09.573+0000] {dag.py:3954} INFO - Setting next_dagrun for example_subdag_operator.section-2 to None, run_after=None
[2025-12-11T23:42:09.633+0000] {processor.py:183} INFO - Processing /home/airflow/.local/lib/python3.9/site-packages/airflow/example_dags/example_subdag_operator.py took 0.418 seconds
