[2025-12-11T22:52:21.475+0000] {processor.py:161} INFO - Started process (PID=125) to work on /home/airflow/.local/lib/python3.9/site-packages/airflow/example_dags/example_skip_dag.py
[2025-12-11T22:52:21.491+0000] {processor.py:830} INFO - Processing file /home/airflow/.local/lib/python3.9/site-packages/airflow/example_dags/example_skip_dag.py for tasks to queue
[2025-12-11T22:52:21.495+0000] {logging_mixin.py:188} INFO - [2025-12-11T22:52:21.494+0000] {dagbag.py:545} INFO - Filling up the DagBag from /home/airflow/.local/lib/python3.9/site-packages/airflow/example_dags/example_skip_dag.py
[2025-12-11T22:52:21.550+0000] {processor.py:840} INFO - DAG(s) 'example_skip_dag' retrieved from /home/airflow/.local/lib/python3.9/site-packages/airflow/example_dags/example_skip_dag.py
[2025-12-11T22:52:22.377+0000] {logging_mixin.py:188} INFO - [2025-12-11T22:52:22.376+0000] {dag.py:3096} INFO - Sync 1 DAGs
[2025-12-11T22:52:22.513+0000] {logging_mixin.py:188} INFO - [2025-12-11T22:52:22.512+0000] {dag.py:3954} INFO - Setting next_dagrun for example_skip_dag to 2025-12-10 00:00:00+00:00, run_after=2025-12-11 00:00:00+00:00
[2025-12-11T22:52:22.775+0000] {processor.py:183} INFO - Processing /home/airflow/.local/lib/python3.9/site-packages/airflow/example_dags/example_skip_dag.py took 1.341 seconds
[2025-12-11T22:52:57.750+0000] {processor.py:161} INFO - Started process (PID=191) to work on /home/airflow/.local/lib/python3.9/site-packages/airflow/example_dags/example_skip_dag.py
[2025-12-11T22:52:57.923+0000] {processor.py:830} INFO - Processing file /home/airflow/.local/lib/python3.9/site-packages/airflow/example_dags/example_skip_dag.py for tasks to queue
[2025-12-11T22:52:57.934+0000] {logging_mixin.py:188} INFO - [2025-12-11T22:52:57.933+0000] {dagbag.py:545} INFO - Filling up the DagBag from /home/airflow/.local/lib/python3.9/site-packages/airflow/example_dags/example_skip_dag.py
[2025-12-11T22:52:57.972+0000] {processor.py:840} INFO - DAG(s) 'example_skip_dag' retrieved from /home/airflow/.local/lib/python3.9/site-packages/airflow/example_dags/example_skip_dag.py
[2025-12-11T22:52:58.109+0000] {logging_mixin.py:188} INFO - [2025-12-11T22:52:58.093+0000] {dag.py:3096} INFO - Sync 1 DAGs
[2025-12-11T22:52:58.255+0000] {logging_mixin.py:188} INFO - [2025-12-11T22:52:58.254+0000] {dag.py:3954} INFO - Setting next_dagrun for example_skip_dag to 2025-12-10 00:00:00+00:00, run_after=2025-12-11 00:00:00+00:00
[2025-12-11T22:52:58.392+0000] {processor.py:183} INFO - Processing /home/airflow/.local/lib/python3.9/site-packages/airflow/example_dags/example_skip_dag.py took 0.682 seconds
[2025-12-11T22:53:28.652+0000] {processor.py:161} INFO - Started process (PID=250) to work on /home/airflow/.local/lib/python3.9/site-packages/airflow/example_dags/example_skip_dag.py
[2025-12-11T22:53:28.656+0000] {processor.py:830} INFO - Processing file /home/airflow/.local/lib/python3.9/site-packages/airflow/example_dags/example_skip_dag.py for tasks to queue
[2025-12-11T22:53:28.660+0000] {logging_mixin.py:188} INFO - [2025-12-11T22:53:28.659+0000] {dagbag.py:545} INFO - Filling up the DagBag from /home/airflow/.local/lib/python3.9/site-packages/airflow/example_dags/example_skip_dag.py
[2025-12-11T22:53:28.680+0000] {processor.py:840} INFO - DAG(s) 'example_skip_dag' retrieved from /home/airflow/.local/lib/python3.9/site-packages/airflow/example_dags/example_skip_dag.py
[2025-12-11T22:53:29.022+0000] {logging_mixin.py:188} INFO - [2025-12-11T22:53:29.022+0000] {dag.py:3096} INFO - Sync 1 DAGs
[2025-12-11T22:53:29.101+0000] {logging_mixin.py:188} INFO - [2025-12-11T22:53:29.101+0000] {dag.py:3954} INFO - Setting next_dagrun for example_skip_dag to 2025-12-10 00:00:00+00:00, run_after=2025-12-11 00:00:00+00:00
[2025-12-11T22:53:29.152+0000] {processor.py:183} INFO - Processing /home/airflow/.local/lib/python3.9/site-packages/airflow/example_dags/example_skip_dag.py took 0.520 seconds
[2025-12-11T22:54:00.135+0000] {processor.py:161} INFO - Started process (PID=316) to work on /home/airflow/.local/lib/python3.9/site-packages/airflow/example_dags/example_skip_dag.py
[2025-12-11T22:54:00.137+0000] {processor.py:830} INFO - Processing file /home/airflow/.local/lib/python3.9/site-packages/airflow/example_dags/example_skip_dag.py for tasks to queue
[2025-12-11T22:54:00.140+0000] {logging_mixin.py:188} INFO - [2025-12-11T22:54:00.139+0000] {dagbag.py:545} INFO - Filling up the DagBag from /home/airflow/.local/lib/python3.9/site-packages/airflow/example_dags/example_skip_dag.py
[2025-12-11T22:54:00.151+0000] {processor.py:840} INFO - DAG(s) 'example_skip_dag' retrieved from /home/airflow/.local/lib/python3.9/site-packages/airflow/example_dags/example_skip_dag.py
[2025-12-11T22:54:00.209+0000] {logging_mixin.py:188} INFO - [2025-12-11T22:54:00.204+0000] {dag.py:3096} INFO - Sync 1 DAGs
[2025-12-11T22:54:00.254+0000] {logging_mixin.py:188} INFO - [2025-12-11T22:54:00.254+0000] {dag.py:3954} INFO - Setting next_dagrun for example_skip_dag to 2025-12-10 00:00:00+00:00, run_after=2025-12-11 00:00:00+00:00
[2025-12-11T22:54:00.319+0000] {processor.py:183} INFO - Processing /home/airflow/.local/lib/python3.9/site-packages/airflow/example_dags/example_skip_dag.py took 0.198 seconds
[2025-12-11T22:54:30.513+0000] {processor.py:161} INFO - Started process (PID=382) to work on /home/airflow/.local/lib/python3.9/site-packages/airflow/example_dags/example_skip_dag.py
[2025-12-11T22:54:30.515+0000] {processor.py:830} INFO - Processing file /home/airflow/.local/lib/python3.9/site-packages/airflow/example_dags/example_skip_dag.py for tasks to queue
[2025-12-11T22:54:30.519+0000] {logging_mixin.py:188} INFO - [2025-12-11T22:54:30.519+0000] {dagbag.py:545} INFO - Filling up the DagBag from /home/airflow/.local/lib/python3.9/site-packages/airflow/example_dags/example_skip_dag.py
[2025-12-11T22:54:30.564+0000] {processor.py:840} INFO - DAG(s) 'example_skip_dag' retrieved from /home/airflow/.local/lib/python3.9/site-packages/airflow/example_dags/example_skip_dag.py
[2025-12-11T22:54:30.674+0000] {logging_mixin.py:188} INFO - [2025-12-11T22:54:30.672+0000] {dag.py:3096} INFO - Sync 1 DAGs
[2025-12-11T22:54:30.771+0000] {logging_mixin.py:188} INFO - [2025-12-11T22:54:30.770+0000] {dag.py:3954} INFO - Setting next_dagrun for example_skip_dag to 2025-12-10 00:00:00+00:00, run_after=2025-12-11 00:00:00+00:00
[2025-12-11T22:54:30.931+0000] {processor.py:183} INFO - Processing /home/airflow/.local/lib/python3.9/site-packages/airflow/example_dags/example_skip_dag.py took 0.458 seconds
[2025-12-11T22:55:01.733+0000] {processor.py:161} INFO - Started process (PID=448) to work on /home/airflow/.local/lib/python3.9/site-packages/airflow/example_dags/example_skip_dag.py
[2025-12-11T22:55:01.735+0000] {processor.py:830} INFO - Processing file /home/airflow/.local/lib/python3.9/site-packages/airflow/example_dags/example_skip_dag.py for tasks to queue
[2025-12-11T22:55:01.752+0000] {logging_mixin.py:188} INFO - [2025-12-11T22:55:01.752+0000] {dagbag.py:545} INFO - Filling up the DagBag from /home/airflow/.local/lib/python3.9/site-packages/airflow/example_dags/example_skip_dag.py
[2025-12-11T22:55:01.791+0000] {processor.py:840} INFO - DAG(s) 'example_skip_dag' retrieved from /home/airflow/.local/lib/python3.9/site-packages/airflow/example_dags/example_skip_dag.py
[2025-12-11T22:55:01.891+0000] {logging_mixin.py:188} INFO - [2025-12-11T22:55:01.890+0000] {dag.py:3096} INFO - Sync 1 DAGs
[2025-12-11T22:55:02.018+0000] {logging_mixin.py:188} INFO - [2025-12-11T22:55:02.018+0000] {dag.py:3954} INFO - Setting next_dagrun for example_skip_dag to 2025-12-10 00:00:00+00:00, run_after=2025-12-11 00:00:00+00:00
[2025-12-11T22:55:02.095+0000] {processor.py:183} INFO - Processing /home/airflow/.local/lib/python3.9/site-packages/airflow/example_dags/example_skip_dag.py took 0.400 seconds
[2025-12-11T22:55:32.819+0000] {processor.py:161} INFO - Started process (PID=507) to work on /home/airflow/.local/lib/python3.9/site-packages/airflow/example_dags/example_skip_dag.py
[2025-12-11T22:55:32.821+0000] {processor.py:830} INFO - Processing file /home/airflow/.local/lib/python3.9/site-packages/airflow/example_dags/example_skip_dag.py for tasks to queue
[2025-12-11T22:55:32.831+0000] {logging_mixin.py:188} INFO - [2025-12-11T22:55:32.830+0000] {dagbag.py:545} INFO - Filling up the DagBag from /home/airflow/.local/lib/python3.9/site-packages/airflow/example_dags/example_skip_dag.py
[2025-12-11T22:55:32.851+0000] {processor.py:840} INFO - DAG(s) 'example_skip_dag' retrieved from /home/airflow/.local/lib/python3.9/site-packages/airflow/example_dags/example_skip_dag.py
[2025-12-11T22:55:32.909+0000] {logging_mixin.py:188} INFO - [2025-12-11T22:55:32.901+0000] {dag.py:3096} INFO - Sync 1 DAGs
[2025-12-11T22:55:32.962+0000] {logging_mixin.py:188} INFO - [2025-12-11T22:55:32.961+0000] {dag.py:3954} INFO - Setting next_dagrun for example_skip_dag to 2025-12-10 00:00:00+00:00, run_after=2025-12-11 00:00:00+00:00
[2025-12-11T22:55:33.001+0000] {processor.py:183} INFO - Processing /home/airflow/.local/lib/python3.9/site-packages/airflow/example_dags/example_skip_dag.py took 0.204 seconds
[2025-12-11T22:56:03.673+0000] {processor.py:161} INFO - Started process (PID=573) to work on /home/airflow/.local/lib/python3.9/site-packages/airflow/example_dags/example_skip_dag.py
[2025-12-11T22:56:03.675+0000] {processor.py:830} INFO - Processing file /home/airflow/.local/lib/python3.9/site-packages/airflow/example_dags/example_skip_dag.py for tasks to queue
[2025-12-11T22:56:03.678+0000] {logging_mixin.py:188} INFO - [2025-12-11T22:56:03.678+0000] {dagbag.py:545} INFO - Filling up the DagBag from /home/airflow/.local/lib/python3.9/site-packages/airflow/example_dags/example_skip_dag.py
[2025-12-11T22:56:03.700+0000] {processor.py:840} INFO - DAG(s) 'example_skip_dag' retrieved from /home/airflow/.local/lib/python3.9/site-packages/airflow/example_dags/example_skip_dag.py
[2025-12-11T22:56:03.759+0000] {logging_mixin.py:188} INFO - [2025-12-11T22:56:03.759+0000] {dag.py:3096} INFO - Sync 1 DAGs
[2025-12-11T22:56:03.812+0000] {logging_mixin.py:188} INFO - [2025-12-11T22:56:03.812+0000] {dag.py:3954} INFO - Setting next_dagrun for example_skip_dag to 2025-12-10 00:00:00+00:00, run_after=2025-12-11 00:00:00+00:00
[2025-12-11T22:56:03.853+0000] {processor.py:183} INFO - Processing /home/airflow/.local/lib/python3.9/site-packages/airflow/example_dags/example_skip_dag.py took 0.199 seconds
[2025-12-11T22:56:34.453+0000] {processor.py:161} INFO - Started process (PID=639) to work on /home/airflow/.local/lib/python3.9/site-packages/airflow/example_dags/example_skip_dag.py
[2025-12-11T22:56:34.455+0000] {processor.py:830} INFO - Processing file /home/airflow/.local/lib/python3.9/site-packages/airflow/example_dags/example_skip_dag.py for tasks to queue
[2025-12-11T22:56:34.458+0000] {logging_mixin.py:188} INFO - [2025-12-11T22:56:34.457+0000] {dagbag.py:545} INFO - Filling up the DagBag from /home/airflow/.local/lib/python3.9/site-packages/airflow/example_dags/example_skip_dag.py
[2025-12-11T22:56:34.478+0000] {processor.py:840} INFO - DAG(s) 'example_skip_dag' retrieved from /home/airflow/.local/lib/python3.9/site-packages/airflow/example_dags/example_skip_dag.py
[2025-12-11T22:56:34.539+0000] {logging_mixin.py:188} INFO - [2025-12-11T22:56:34.539+0000] {dag.py:3096} INFO - Sync 1 DAGs
[2025-12-11T22:56:34.610+0000] {logging_mixin.py:188} INFO - [2025-12-11T22:56:34.609+0000] {dag.py:3954} INFO - Setting next_dagrun for example_skip_dag to 2025-12-10 00:00:00+00:00, run_after=2025-12-11 00:00:00+00:00
[2025-12-11T22:56:34.693+0000] {processor.py:183} INFO - Processing /home/airflow/.local/lib/python3.9/site-packages/airflow/example_dags/example_skip_dag.py took 0.270 seconds
[2025-12-11T22:57:04.913+0000] {processor.py:161} INFO - Started process (PID=712) to work on /home/airflow/.local/lib/python3.9/site-packages/airflow/example_dags/example_skip_dag.py
[2025-12-11T22:57:04.955+0000] {processor.py:830} INFO - Processing file /home/airflow/.local/lib/python3.9/site-packages/airflow/example_dags/example_skip_dag.py for tasks to queue
[2025-12-11T22:57:04.962+0000] {logging_mixin.py:188} INFO - [2025-12-11T22:57:04.961+0000] {dagbag.py:545} INFO - Filling up the DagBag from /home/airflow/.local/lib/python3.9/site-packages/airflow/example_dags/example_skip_dag.py
[2025-12-11T22:57:04.977+0000] {processor.py:840} INFO - DAG(s) 'example_skip_dag' retrieved from /home/airflow/.local/lib/python3.9/site-packages/airflow/example_dags/example_skip_dag.py
[2025-12-11T22:57:05.072+0000] {logging_mixin.py:188} INFO - [2025-12-11T22:57:05.072+0000] {dag.py:3096} INFO - Sync 1 DAGs
[2025-12-11T22:57:05.138+0000] {logging_mixin.py:188} INFO - [2025-12-11T22:57:05.138+0000] {dag.py:3954} INFO - Setting next_dagrun for example_skip_dag to 2025-12-10 00:00:00+00:00, run_after=2025-12-11 00:00:00+00:00
[2025-12-11T22:57:05.209+0000] {processor.py:183} INFO - Processing /home/airflow/.local/lib/python3.9/site-packages/airflow/example_dags/example_skip_dag.py took 0.309 seconds
[2025-12-11T22:57:36.210+0000] {processor.py:161} INFO - Started process (PID=778) to work on /home/airflow/.local/lib/python3.9/site-packages/airflow/example_dags/example_skip_dag.py
[2025-12-11T22:57:36.212+0000] {processor.py:830} INFO - Processing file /home/airflow/.local/lib/python3.9/site-packages/airflow/example_dags/example_skip_dag.py for tasks to queue
[2025-12-11T22:57:36.214+0000] {logging_mixin.py:188} INFO - [2025-12-11T22:57:36.214+0000] {dagbag.py:545} INFO - Filling up the DagBag from /home/airflow/.local/lib/python3.9/site-packages/airflow/example_dags/example_skip_dag.py
[2025-12-11T22:57:36.230+0000] {processor.py:840} INFO - DAG(s) 'example_skip_dag' retrieved from /home/airflow/.local/lib/python3.9/site-packages/airflow/example_dags/example_skip_dag.py
[2025-12-11T22:57:36.278+0000] {logging_mixin.py:188} INFO - [2025-12-11T22:57:36.277+0000] {dag.py:3096} INFO - Sync 1 DAGs
[2025-12-11T22:57:36.340+0000] {logging_mixin.py:188} INFO - [2025-12-11T22:57:36.340+0000] {dag.py:3954} INFO - Setting next_dagrun for example_skip_dag to 2025-12-10 00:00:00+00:00, run_after=2025-12-11 00:00:00+00:00
[2025-12-11T22:57:36.389+0000] {processor.py:183} INFO - Processing /home/airflow/.local/lib/python3.9/site-packages/airflow/example_dags/example_skip_dag.py took 0.212 seconds
[2025-12-11T22:58:06.638+0000] {processor.py:161} INFO - Started process (PID=844) to work on /home/airflow/.local/lib/python3.9/site-packages/airflow/example_dags/example_skip_dag.py
[2025-12-11T22:58:06.640+0000] {processor.py:830} INFO - Processing file /home/airflow/.local/lib/python3.9/site-packages/airflow/example_dags/example_skip_dag.py for tasks to queue
[2025-12-11T22:58:06.643+0000] {logging_mixin.py:188} INFO - [2025-12-11T22:58:06.642+0000] {dagbag.py:545} INFO - Filling up the DagBag from /home/airflow/.local/lib/python3.9/site-packages/airflow/example_dags/example_skip_dag.py
[2025-12-11T22:58:06.660+0000] {processor.py:840} INFO - DAG(s) 'example_skip_dag' retrieved from /home/airflow/.local/lib/python3.9/site-packages/airflow/example_dags/example_skip_dag.py
[2025-12-11T22:58:06.694+0000] {logging_mixin.py:188} INFO - [2025-12-11T22:58:06.694+0000] {dag.py:3096} INFO - Sync 1 DAGs
[2025-12-11T22:58:06.737+0000] {logging_mixin.py:188} INFO - [2025-12-11T22:58:06.736+0000] {dag.py:3954} INFO - Setting next_dagrun for example_skip_dag to 2025-12-10 00:00:00+00:00, run_after=2025-12-11 00:00:00+00:00
[2025-12-11T22:58:06.781+0000] {processor.py:183} INFO - Processing /home/airflow/.local/lib/python3.9/site-packages/airflow/example_dags/example_skip_dag.py took 0.161 seconds
[2025-12-11T22:58:37.349+0000] {processor.py:161} INFO - Started process (PID=910) to work on /home/airflow/.local/lib/python3.9/site-packages/airflow/example_dags/example_skip_dag.py
[2025-12-11T22:58:37.353+0000] {processor.py:830} INFO - Processing file /home/airflow/.local/lib/python3.9/site-packages/airflow/example_dags/example_skip_dag.py for tasks to queue
[2025-12-11T22:58:37.356+0000] {logging_mixin.py:188} INFO - [2025-12-11T22:58:37.355+0000] {dagbag.py:545} INFO - Filling up the DagBag from /home/airflow/.local/lib/python3.9/site-packages/airflow/example_dags/example_skip_dag.py
[2025-12-11T22:58:37.374+0000] {processor.py:840} INFO - DAG(s) 'example_skip_dag' retrieved from /home/airflow/.local/lib/python3.9/site-packages/airflow/example_dags/example_skip_dag.py
[2025-12-11T22:58:37.430+0000] {logging_mixin.py:188} INFO - [2025-12-11T22:58:37.430+0000] {dag.py:3096} INFO - Sync 1 DAGs
[2025-12-11T22:58:37.480+0000] {logging_mixin.py:188} INFO - [2025-12-11T22:58:37.479+0000] {dag.py:3954} INFO - Setting next_dagrun for example_skip_dag to 2025-12-10 00:00:00+00:00, run_after=2025-12-11 00:00:00+00:00
[2025-12-11T22:58:37.512+0000] {processor.py:183} INFO - Processing /home/airflow/.local/lib/python3.9/site-packages/airflow/example_dags/example_skip_dag.py took 0.182 seconds
[2025-12-11T22:59:08.273+0000] {processor.py:161} INFO - Started process (PID=976) to work on /home/airflow/.local/lib/python3.9/site-packages/airflow/example_dags/example_skip_dag.py
[2025-12-11T22:59:08.297+0000] {processor.py:830} INFO - Processing file /home/airflow/.local/lib/python3.9/site-packages/airflow/example_dags/example_skip_dag.py for tasks to queue
[2025-12-11T22:59:08.311+0000] {logging_mixin.py:188} INFO - [2025-12-11T22:59:08.311+0000] {dagbag.py:545} INFO - Filling up the DagBag from /home/airflow/.local/lib/python3.9/site-packages/airflow/example_dags/example_skip_dag.py
[2025-12-11T22:59:08.351+0000] {processor.py:840} INFO - DAG(s) 'example_skip_dag' retrieved from /home/airflow/.local/lib/python3.9/site-packages/airflow/example_dags/example_skip_dag.py
[2025-12-11T22:59:08.437+0000] {logging_mixin.py:188} INFO - [2025-12-11T22:59:08.436+0000] {dag.py:3096} INFO - Sync 1 DAGs
[2025-12-11T22:59:08.514+0000] {logging_mixin.py:188} INFO - [2025-12-11T22:59:08.513+0000] {dag.py:3954} INFO - Setting next_dagrun for example_skip_dag to 2025-12-10 00:00:00+00:00, run_after=2025-12-11 00:00:00+00:00
[2025-12-11T22:59:08.560+0000] {processor.py:183} INFO - Processing /home/airflow/.local/lib/python3.9/site-packages/airflow/example_dags/example_skip_dag.py took 0.311 seconds
[2025-12-11T22:59:39.093+0000] {processor.py:161} INFO - Started process (PID=1042) to work on /home/airflow/.local/lib/python3.9/site-packages/airflow/example_dags/example_skip_dag.py
[2025-12-11T22:59:39.094+0000] {processor.py:830} INFO - Processing file /home/airflow/.local/lib/python3.9/site-packages/airflow/example_dags/example_skip_dag.py for tasks to queue
[2025-12-11T22:59:39.097+0000] {logging_mixin.py:188} INFO - [2025-12-11T22:59:39.096+0000] {dagbag.py:545} INFO - Filling up the DagBag from /home/airflow/.local/lib/python3.9/site-packages/airflow/example_dags/example_skip_dag.py
[2025-12-11T22:59:39.112+0000] {processor.py:840} INFO - DAG(s) 'example_skip_dag' retrieved from /home/airflow/.local/lib/python3.9/site-packages/airflow/example_dags/example_skip_dag.py
[2025-12-11T22:59:39.162+0000] {logging_mixin.py:188} INFO - [2025-12-11T22:59:39.162+0000] {dag.py:3096} INFO - Sync 1 DAGs
[2025-12-11T22:59:39.215+0000] {logging_mixin.py:188} INFO - [2025-12-11T22:59:39.214+0000] {dag.py:3954} INFO - Setting next_dagrun for example_skip_dag to 2025-12-10 00:00:00+00:00, run_after=2025-12-11 00:00:00+00:00
[2025-12-11T22:59:39.251+0000] {processor.py:183} INFO - Processing /home/airflow/.local/lib/python3.9/site-packages/airflow/example_dags/example_skip_dag.py took 0.169 seconds
[2025-12-11T23:00:09.334+0000] {processor.py:161} INFO - Started process (PID=1108) to work on /home/airflow/.local/lib/python3.9/site-packages/airflow/example_dags/example_skip_dag.py
[2025-12-11T23:00:09.336+0000] {processor.py:830} INFO - Processing file /home/airflow/.local/lib/python3.9/site-packages/airflow/example_dags/example_skip_dag.py for tasks to queue
[2025-12-11T23:00:09.338+0000] {logging_mixin.py:188} INFO - [2025-12-11T23:00:09.338+0000] {dagbag.py:545} INFO - Filling up the DagBag from /home/airflow/.local/lib/python3.9/site-packages/airflow/example_dags/example_skip_dag.py
[2025-12-11T23:00:09.358+0000] {processor.py:840} INFO - DAG(s) 'example_skip_dag' retrieved from /home/airflow/.local/lib/python3.9/site-packages/airflow/example_dags/example_skip_dag.py
[2025-12-11T23:00:09.417+0000] {logging_mixin.py:188} INFO - [2025-12-11T23:00:09.417+0000] {dag.py:3096} INFO - Sync 1 DAGs
[2025-12-11T23:00:09.476+0000] {logging_mixin.py:188} INFO - [2025-12-11T23:00:09.476+0000] {dag.py:3954} INFO - Setting next_dagrun for example_skip_dag to 2025-12-10 00:00:00+00:00, run_after=2025-12-11 00:00:00+00:00
[2025-12-11T23:00:09.531+0000] {processor.py:183} INFO - Processing /home/airflow/.local/lib/python3.9/site-packages/airflow/example_dags/example_skip_dag.py took 0.217 seconds
[2025-12-11T23:00:39.699+0000] {processor.py:161} INFO - Started process (PID=1174) to work on /home/airflow/.local/lib/python3.9/site-packages/airflow/example_dags/example_skip_dag.py
[2025-12-11T23:00:39.700+0000] {processor.py:830} INFO - Processing file /home/airflow/.local/lib/python3.9/site-packages/airflow/example_dags/example_skip_dag.py for tasks to queue
[2025-12-11T23:00:39.703+0000] {logging_mixin.py:188} INFO - [2025-12-11T23:00:39.703+0000] {dagbag.py:545} INFO - Filling up the DagBag from /home/airflow/.local/lib/python3.9/site-packages/airflow/example_dags/example_skip_dag.py
[2025-12-11T23:00:39.715+0000] {processor.py:840} INFO - DAG(s) 'example_skip_dag' retrieved from /home/airflow/.local/lib/python3.9/site-packages/airflow/example_dags/example_skip_dag.py
[2025-12-11T23:00:39.753+0000] {logging_mixin.py:188} INFO - [2025-12-11T23:00:39.752+0000] {dag.py:3096} INFO - Sync 1 DAGs
[2025-12-11T23:00:39.793+0000] {logging_mixin.py:188} INFO - [2025-12-11T23:00:39.792+0000] {dag.py:3954} INFO - Setting next_dagrun for example_skip_dag to 2025-12-10 00:00:00+00:00, run_after=2025-12-11 00:00:00+00:00
[2025-12-11T23:00:39.820+0000] {processor.py:183} INFO - Processing /home/airflow/.local/lib/python3.9/site-packages/airflow/example_dags/example_skip_dag.py took 0.131 seconds
[2025-12-11T23:01:09.946+0000] {processor.py:161} INFO - Started process (PID=1240) to work on /home/airflow/.local/lib/python3.9/site-packages/airflow/example_dags/example_skip_dag.py
[2025-12-11T23:01:10.012+0000] {processor.py:830} INFO - Processing file /home/airflow/.local/lib/python3.9/site-packages/airflow/example_dags/example_skip_dag.py for tasks to queue
[2025-12-11T23:01:10.015+0000] {logging_mixin.py:188} INFO - [2025-12-11T23:01:10.015+0000] {dagbag.py:545} INFO - Filling up the DagBag from /home/airflow/.local/lib/python3.9/site-packages/airflow/example_dags/example_skip_dag.py
[2025-12-11T23:01:10.026+0000] {processor.py:840} INFO - DAG(s) 'example_skip_dag' retrieved from /home/airflow/.local/lib/python3.9/site-packages/airflow/example_dags/example_skip_dag.py
[2025-12-11T23:01:10.070+0000] {logging_mixin.py:188} INFO - [2025-12-11T23:01:10.070+0000] {dag.py:3096} INFO - Sync 1 DAGs
[2025-12-11T23:01:10.124+0000] {logging_mixin.py:188} INFO - [2025-12-11T23:01:10.123+0000] {dag.py:3954} INFO - Setting next_dagrun for example_skip_dag to 2025-12-10 00:00:00+00:00, run_after=2025-12-11 00:00:00+00:00
[2025-12-11T23:01:10.295+0000] {processor.py:183} INFO - Processing /home/airflow/.local/lib/python3.9/site-packages/airflow/example_dags/example_skip_dag.py took 0.360 seconds
[2025-12-11T23:01:40.999+0000] {processor.py:161} INFO - Started process (PID=1306) to work on /home/airflow/.local/lib/python3.9/site-packages/airflow/example_dags/example_skip_dag.py
[2025-12-11T23:01:41.001+0000] {processor.py:830} INFO - Processing file /home/airflow/.local/lib/python3.9/site-packages/airflow/example_dags/example_skip_dag.py for tasks to queue
[2025-12-11T23:01:41.004+0000] {logging_mixin.py:188} INFO - [2025-12-11T23:01:41.003+0000] {dagbag.py:545} INFO - Filling up the DagBag from /home/airflow/.local/lib/python3.9/site-packages/airflow/example_dags/example_skip_dag.py
[2025-12-11T23:01:41.015+0000] {processor.py:840} INFO - DAG(s) 'example_skip_dag' retrieved from /home/airflow/.local/lib/python3.9/site-packages/airflow/example_dags/example_skip_dag.py
[2025-12-11T23:01:41.056+0000] {logging_mixin.py:188} INFO - [2025-12-11T23:01:41.056+0000] {dag.py:3096} INFO - Sync 1 DAGs
[2025-12-11T23:01:41.102+0000] {logging_mixin.py:188} INFO - [2025-12-11T23:01:41.102+0000] {dag.py:3954} INFO - Setting next_dagrun for example_skip_dag to 2025-12-10 00:00:00+00:00, run_after=2025-12-11 00:00:00+00:00
[2025-12-11T23:01:41.133+0000] {processor.py:183} INFO - Processing /home/airflow/.local/lib/python3.9/site-packages/airflow/example_dags/example_skip_dag.py took 0.145 seconds
[2025-12-11T23:02:11.273+0000] {processor.py:161} INFO - Started process (PID=1373) to work on /home/airflow/.local/lib/python3.9/site-packages/airflow/example_dags/example_skip_dag.py
[2025-12-11T23:02:11.275+0000] {processor.py:830} INFO - Processing file /home/airflow/.local/lib/python3.9/site-packages/airflow/example_dags/example_skip_dag.py for tasks to queue
[2025-12-11T23:02:11.278+0000] {logging_mixin.py:188} INFO - [2025-12-11T23:02:11.277+0000] {dagbag.py:545} INFO - Filling up the DagBag from /home/airflow/.local/lib/python3.9/site-packages/airflow/example_dags/example_skip_dag.py
[2025-12-11T23:02:11.288+0000] {processor.py:840} INFO - DAG(s) 'example_skip_dag' retrieved from /home/airflow/.local/lib/python3.9/site-packages/airflow/example_dags/example_skip_dag.py
[2025-12-11T23:02:11.328+0000] {logging_mixin.py:188} INFO - [2025-12-11T23:02:11.328+0000] {dag.py:3096} INFO - Sync 1 DAGs
[2025-12-11T23:02:11.370+0000] {logging_mixin.py:188} INFO - [2025-12-11T23:02:11.369+0000] {dag.py:3954} INFO - Setting next_dagrun for example_skip_dag to 2025-12-10 00:00:00+00:00, run_after=2025-12-11 00:00:00+00:00
[2025-12-11T23:02:11.402+0000] {processor.py:183} INFO - Processing /home/airflow/.local/lib/python3.9/site-packages/airflow/example_dags/example_skip_dag.py took 0.138 seconds
[2025-12-11T23:02:42.170+0000] {processor.py:161} INFO - Started process (PID=1438) to work on /home/airflow/.local/lib/python3.9/site-packages/airflow/example_dags/example_skip_dag.py
[2025-12-11T23:02:42.172+0000] {processor.py:830} INFO - Processing file /home/airflow/.local/lib/python3.9/site-packages/airflow/example_dags/example_skip_dag.py for tasks to queue
[2025-12-11T23:02:42.174+0000] {logging_mixin.py:188} INFO - [2025-12-11T23:02:42.174+0000] {dagbag.py:545} INFO - Filling up the DagBag from /home/airflow/.local/lib/python3.9/site-packages/airflow/example_dags/example_skip_dag.py
[2025-12-11T23:02:42.209+0000] {processor.py:840} INFO - DAG(s) 'example_skip_dag' retrieved from /home/airflow/.local/lib/python3.9/site-packages/airflow/example_dags/example_skip_dag.py
[2025-12-11T23:02:42.278+0000] {logging_mixin.py:188} INFO - [2025-12-11T23:02:42.278+0000] {dag.py:3096} INFO - Sync 1 DAGs
[2025-12-11T23:02:42.334+0000] {logging_mixin.py:188} INFO - [2025-12-11T23:02:42.333+0000] {dag.py:3954} INFO - Setting next_dagrun for example_skip_dag to 2025-12-10 00:00:00+00:00, run_after=2025-12-11 00:00:00+00:00
[2025-12-11T23:02:42.360+0000] {processor.py:183} INFO - Processing /home/airflow/.local/lib/python3.9/site-packages/airflow/example_dags/example_skip_dag.py took 0.207 seconds
[2025-12-11T23:03:12.674+0000] {processor.py:161} INFO - Started process (PID=1507) to work on /home/airflow/.local/lib/python3.9/site-packages/airflow/example_dags/example_skip_dag.py
[2025-12-11T23:03:12.675+0000] {processor.py:830} INFO - Processing file /home/airflow/.local/lib/python3.9/site-packages/airflow/example_dags/example_skip_dag.py for tasks to queue
[2025-12-11T23:03:12.678+0000] {logging_mixin.py:188} INFO - [2025-12-11T23:03:12.678+0000] {dagbag.py:545} INFO - Filling up the DagBag from /home/airflow/.local/lib/python3.9/site-packages/airflow/example_dags/example_skip_dag.py
[2025-12-11T23:03:12.689+0000] {processor.py:840} INFO - DAG(s) 'example_skip_dag' retrieved from /home/airflow/.local/lib/python3.9/site-packages/airflow/example_dags/example_skip_dag.py
[2025-12-11T23:03:12.730+0000] {logging_mixin.py:188} INFO - [2025-12-11T23:03:12.730+0000] {dag.py:3096} INFO - Sync 1 DAGs
[2025-12-11T23:03:12.772+0000] {logging_mixin.py:188} INFO - [2025-12-11T23:03:12.772+0000] {dag.py:3954} INFO - Setting next_dagrun for example_skip_dag to 2025-12-10 00:00:00+00:00, run_after=2025-12-11 00:00:00+00:00
[2025-12-11T23:03:12.817+0000] {processor.py:183} INFO - Processing /home/airflow/.local/lib/python3.9/site-packages/airflow/example_dags/example_skip_dag.py took 0.154 seconds
[2025-12-11T23:03:43.861+0000] {processor.py:161} INFO - Started process (PID=1578) to work on /home/airflow/.local/lib/python3.9/site-packages/airflow/example_dags/example_skip_dag.py
[2025-12-11T23:03:43.862+0000] {processor.py:830} INFO - Processing file /home/airflow/.local/lib/python3.9/site-packages/airflow/example_dags/example_skip_dag.py for tasks to queue
[2025-12-11T23:03:43.865+0000] {logging_mixin.py:188} INFO - [2025-12-11T23:03:43.864+0000] {dagbag.py:545} INFO - Filling up the DagBag from /home/airflow/.local/lib/python3.9/site-packages/airflow/example_dags/example_skip_dag.py
[2025-12-11T23:03:43.875+0000] {processor.py:840} INFO - DAG(s) 'example_skip_dag' retrieved from /home/airflow/.local/lib/python3.9/site-packages/airflow/example_dags/example_skip_dag.py
[2025-12-11T23:03:43.913+0000] {logging_mixin.py:188} INFO - [2025-12-11T23:03:43.913+0000] {dag.py:3096} INFO - Sync 1 DAGs
[2025-12-11T23:03:43.947+0000] {logging_mixin.py:188} INFO - [2025-12-11T23:03:43.946+0000] {dag.py:3954} INFO - Setting next_dagrun for example_skip_dag to 2025-12-10 00:00:00+00:00, run_after=2025-12-11 00:00:00+00:00
[2025-12-11T23:03:43.971+0000] {processor.py:183} INFO - Processing /home/airflow/.local/lib/python3.9/site-packages/airflow/example_dags/example_skip_dag.py took 0.120 seconds
[2025-12-11T23:04:14.092+0000] {processor.py:161} INFO - Started process (PID=1648) to work on /home/airflow/.local/lib/python3.9/site-packages/airflow/example_dags/example_skip_dag.py
[2025-12-11T23:04:14.093+0000] {processor.py:830} INFO - Processing file /home/airflow/.local/lib/python3.9/site-packages/airflow/example_dags/example_skip_dag.py for tasks to queue
[2025-12-11T23:04:14.096+0000] {logging_mixin.py:188} INFO - [2025-12-11T23:04:14.096+0000] {dagbag.py:545} INFO - Filling up the DagBag from /home/airflow/.local/lib/python3.9/site-packages/airflow/example_dags/example_skip_dag.py
[2025-12-11T23:04:14.106+0000] {processor.py:840} INFO - DAG(s) 'example_skip_dag' retrieved from /home/airflow/.local/lib/python3.9/site-packages/airflow/example_dags/example_skip_dag.py
[2025-12-11T23:04:14.141+0000] {logging_mixin.py:188} INFO - [2025-12-11T23:04:14.141+0000] {dag.py:3096} INFO - Sync 1 DAGs
[2025-12-11T23:04:14.176+0000] {logging_mixin.py:188} INFO - [2025-12-11T23:04:14.176+0000] {dag.py:3954} INFO - Setting next_dagrun for example_skip_dag to 2025-12-10 00:00:00+00:00, run_after=2025-12-11 00:00:00+00:00
[2025-12-11T23:04:14.208+0000] {processor.py:183} INFO - Processing /home/airflow/.local/lib/python3.9/site-packages/airflow/example_dags/example_skip_dag.py took 0.126 seconds
[2025-12-11T23:04:44.738+0000] {processor.py:161} INFO - Started process (PID=1719) to work on /home/airflow/.local/lib/python3.9/site-packages/airflow/example_dags/example_skip_dag.py
[2025-12-11T23:04:44.746+0000] {processor.py:830} INFO - Processing file /home/airflow/.local/lib/python3.9/site-packages/airflow/example_dags/example_skip_dag.py for tasks to queue
[2025-12-11T23:04:44.749+0000] {logging_mixin.py:188} INFO - [2025-12-11T23:04:44.748+0000] {dagbag.py:545} INFO - Filling up the DagBag from /home/airflow/.local/lib/python3.9/site-packages/airflow/example_dags/example_skip_dag.py
[2025-12-11T23:04:44.759+0000] {processor.py:840} INFO - DAG(s) 'example_skip_dag' retrieved from /home/airflow/.local/lib/python3.9/site-packages/airflow/example_dags/example_skip_dag.py
[2025-12-11T23:04:44.800+0000] {logging_mixin.py:188} INFO - [2025-12-11T23:04:44.800+0000] {dag.py:3096} INFO - Sync 1 DAGs
[2025-12-11T23:04:44.839+0000] {logging_mixin.py:188} INFO - [2025-12-11T23:04:44.839+0000] {dag.py:3954} INFO - Setting next_dagrun for example_skip_dag to 2025-12-10 00:00:00+00:00, run_after=2025-12-11 00:00:00+00:00
[2025-12-11T23:04:44.867+0000] {processor.py:183} INFO - Processing /home/airflow/.local/lib/python3.9/site-packages/airflow/example_dags/example_skip_dag.py took 0.139 seconds
[2025-12-11T23:05:15.004+0000] {processor.py:161} INFO - Started process (PID=1790) to work on /home/airflow/.local/lib/python3.9/site-packages/airflow/example_dags/example_skip_dag.py
[2025-12-11T23:05:15.006+0000] {processor.py:830} INFO - Processing file /home/airflow/.local/lib/python3.9/site-packages/airflow/example_dags/example_skip_dag.py for tasks to queue
[2025-12-11T23:05:15.009+0000] {logging_mixin.py:188} INFO - [2025-12-11T23:05:15.008+0000] {dagbag.py:545} INFO - Filling up the DagBag from /home/airflow/.local/lib/python3.9/site-packages/airflow/example_dags/example_skip_dag.py
[2025-12-11T23:05:15.020+0000] {processor.py:840} INFO - DAG(s) 'example_skip_dag' retrieved from /home/airflow/.local/lib/python3.9/site-packages/airflow/example_dags/example_skip_dag.py
[2025-12-11T23:05:15.076+0000] {logging_mixin.py:188} INFO - [2025-12-11T23:05:15.076+0000] {dag.py:3096} INFO - Sync 1 DAGs
[2025-12-11T23:05:15.153+0000] {logging_mixin.py:188} INFO - [2025-12-11T23:05:15.153+0000] {dag.py:3954} INFO - Setting next_dagrun for example_skip_dag to 2025-12-10 00:00:00+00:00, run_after=2025-12-11 00:00:00+00:00
[2025-12-11T23:05:15.181+0000] {processor.py:183} INFO - Processing /home/airflow/.local/lib/python3.9/site-packages/airflow/example_dags/example_skip_dag.py took 0.187 seconds
[2025-12-11T23:05:45.640+0000] {processor.py:161} INFO - Started process (PID=1862) to work on /home/airflow/.local/lib/python3.9/site-packages/airflow/example_dags/example_skip_dag.py
[2025-12-11T23:05:45.649+0000] {processor.py:830} INFO - Processing file /home/airflow/.local/lib/python3.9/site-packages/airflow/example_dags/example_skip_dag.py for tasks to queue
[2025-12-11T23:05:45.651+0000] {logging_mixin.py:188} INFO - [2025-12-11T23:05:45.651+0000] {dagbag.py:545} INFO - Filling up the DagBag from /home/airflow/.local/lib/python3.9/site-packages/airflow/example_dags/example_skip_dag.py
[2025-12-11T23:05:45.661+0000] {processor.py:840} INFO - DAG(s) 'example_skip_dag' retrieved from /home/airflow/.local/lib/python3.9/site-packages/airflow/example_dags/example_skip_dag.py
[2025-12-11T23:05:45.716+0000] {logging_mixin.py:188} INFO - [2025-12-11T23:05:45.715+0000] {dag.py:3096} INFO - Sync 1 DAGs
[2025-12-11T23:05:45.774+0000] {logging_mixin.py:188} INFO - [2025-12-11T23:05:45.773+0000] {dag.py:3954} INFO - Setting next_dagrun for example_skip_dag to 2025-12-10 00:00:00+00:00, run_after=2025-12-11 00:00:00+00:00
[2025-12-11T23:05:45.814+0000] {processor.py:183} INFO - Processing /home/airflow/.local/lib/python3.9/site-packages/airflow/example_dags/example_skip_dag.py took 0.194 seconds
[2025-12-11T23:06:16.290+0000] {processor.py:161} INFO - Started process (PID=1930) to work on /home/airflow/.local/lib/python3.9/site-packages/airflow/example_dags/example_skip_dag.py
[2025-12-11T23:06:16.291+0000] {processor.py:830} INFO - Processing file /home/airflow/.local/lib/python3.9/site-packages/airflow/example_dags/example_skip_dag.py for tasks to queue
[2025-12-11T23:06:16.294+0000] {logging_mixin.py:188} INFO - [2025-12-11T23:06:16.294+0000] {dagbag.py:545} INFO - Filling up the DagBag from /home/airflow/.local/lib/python3.9/site-packages/airflow/example_dags/example_skip_dag.py
[2025-12-11T23:06:16.313+0000] {processor.py:840} INFO - DAG(s) 'example_skip_dag' retrieved from /home/airflow/.local/lib/python3.9/site-packages/airflow/example_dags/example_skip_dag.py
[2025-12-11T23:06:16.386+0000] {logging_mixin.py:188} INFO - [2025-12-11T23:06:16.386+0000] {dag.py:3096} INFO - Sync 1 DAGs
[2025-12-11T23:06:16.443+0000] {logging_mixin.py:188} INFO - [2025-12-11T23:06:16.442+0000] {dag.py:3954} INFO - Setting next_dagrun for example_skip_dag to 2025-12-10 00:00:00+00:00, run_after=2025-12-11 00:00:00+00:00
[2025-12-11T23:06:16.483+0000] {processor.py:183} INFO - Processing /home/airflow/.local/lib/python3.9/site-packages/airflow/example_dags/example_skip_dag.py took 0.212 seconds
[2025-12-11T23:06:47.994+0000] {processor.py:161} INFO - Started process (PID=2007) to work on /home/airflow/.local/lib/python3.9/site-packages/airflow/example_dags/example_skip_dag.py
[2025-12-11T23:06:48.001+0000] {processor.py:830} INFO - Processing file /home/airflow/.local/lib/python3.9/site-packages/airflow/example_dags/example_skip_dag.py for tasks to queue
[2025-12-11T23:06:48.012+0000] {logging_mixin.py:188} INFO - [2025-12-11T23:06:48.011+0000] {dagbag.py:545} INFO - Filling up the DagBag from /home/airflow/.local/lib/python3.9/site-packages/airflow/example_dags/example_skip_dag.py
[2025-12-11T23:06:48.031+0000] {processor.py:840} INFO - DAG(s) 'example_skip_dag' retrieved from /home/airflow/.local/lib/python3.9/site-packages/airflow/example_dags/example_skip_dag.py
[2025-12-11T23:06:48.096+0000] {logging_mixin.py:188} INFO - [2025-12-11T23:06:48.096+0000] {dag.py:3096} INFO - Sync 1 DAGs
[2025-12-11T23:06:48.154+0000] {logging_mixin.py:188} INFO - [2025-12-11T23:06:48.153+0000] {dag.py:3954} INFO - Setting next_dagrun for example_skip_dag to 2025-12-10 00:00:00+00:00, run_after=2025-12-11 00:00:00+00:00
[2025-12-11T23:06:48.198+0000] {processor.py:183} INFO - Processing /home/airflow/.local/lib/python3.9/site-packages/airflow/example_dags/example_skip_dag.py took 0.223 seconds
[2025-12-11T23:07:19.189+0000] {processor.py:161} INFO - Started process (PID=2079) to work on /home/airflow/.local/lib/python3.9/site-packages/airflow/example_dags/example_skip_dag.py
[2025-12-11T23:07:19.195+0000] {processor.py:830} INFO - Processing file /home/airflow/.local/lib/python3.9/site-packages/airflow/example_dags/example_skip_dag.py for tasks to queue
[2025-12-11T23:07:19.198+0000] {logging_mixin.py:188} INFO - [2025-12-11T23:07:19.197+0000] {dagbag.py:545} INFO - Filling up the DagBag from /home/airflow/.local/lib/python3.9/site-packages/airflow/example_dags/example_skip_dag.py
[2025-12-11T23:07:19.217+0000] {processor.py:840} INFO - DAG(s) 'example_skip_dag' retrieved from /home/airflow/.local/lib/python3.9/site-packages/airflow/example_dags/example_skip_dag.py
[2025-12-11T23:07:19.277+0000] {logging_mixin.py:188} INFO - [2025-12-11T23:07:19.277+0000] {dag.py:3096} INFO - Sync 1 DAGs
[2025-12-11T23:07:19.357+0000] {logging_mixin.py:188} INFO - [2025-12-11T23:07:19.356+0000] {dag.py:3954} INFO - Setting next_dagrun for example_skip_dag to 2025-12-10 00:00:00+00:00, run_after=2025-12-11 00:00:00+00:00
[2025-12-11T23:07:19.457+0000] {processor.py:183} INFO - Processing /home/airflow/.local/lib/python3.9/site-packages/airflow/example_dags/example_skip_dag.py took 0.287 seconds
[2025-12-11T23:07:49.819+0000] {processor.py:161} INFO - Started process (PID=2150) to work on /home/airflow/.local/lib/python3.9/site-packages/airflow/example_dags/example_skip_dag.py
[2025-12-11T23:07:49.827+0000] {processor.py:830} INFO - Processing file /home/airflow/.local/lib/python3.9/site-packages/airflow/example_dags/example_skip_dag.py for tasks to queue
[2025-12-11T23:07:49.830+0000] {logging_mixin.py:188} INFO - [2025-12-11T23:07:49.830+0000] {dagbag.py:545} INFO - Filling up the DagBag from /home/airflow/.local/lib/python3.9/site-packages/airflow/example_dags/example_skip_dag.py
[2025-12-11T23:07:49.839+0000] {processor.py:840} INFO - DAG(s) 'example_skip_dag' retrieved from /home/airflow/.local/lib/python3.9/site-packages/airflow/example_dags/example_skip_dag.py
[2025-12-11T23:07:49.875+0000] {logging_mixin.py:188} INFO - [2025-12-11T23:07:49.875+0000] {dag.py:3096} INFO - Sync 1 DAGs
[2025-12-11T23:07:49.912+0000] {logging_mixin.py:188} INFO - [2025-12-11T23:07:49.912+0000] {dag.py:3954} INFO - Setting next_dagrun for example_skip_dag to 2025-12-10 00:00:00+00:00, run_after=2025-12-11 00:00:00+00:00
[2025-12-11T23:07:49.942+0000] {processor.py:183} INFO - Processing /home/airflow/.local/lib/python3.9/site-packages/airflow/example_dags/example_skip_dag.py took 0.133 seconds
[2025-12-11T23:08:21.197+0000] {processor.py:161} INFO - Started process (PID=2221) to work on /home/airflow/.local/lib/python3.9/site-packages/airflow/example_dags/example_skip_dag.py
[2025-12-11T23:08:21.314+0000] {processor.py:830} INFO - Processing file /home/airflow/.local/lib/python3.9/site-packages/airflow/example_dags/example_skip_dag.py for tasks to queue
[2025-12-11T23:08:21.317+0000] {logging_mixin.py:188} INFO - [2025-12-11T23:08:21.316+0000] {dagbag.py:545} INFO - Filling up the DagBag from /home/airflow/.local/lib/python3.9/site-packages/airflow/example_dags/example_skip_dag.py
[2025-12-11T23:08:21.329+0000] {processor.py:840} INFO - DAG(s) 'example_skip_dag' retrieved from /home/airflow/.local/lib/python3.9/site-packages/airflow/example_dags/example_skip_dag.py
[2025-12-11T23:08:21.374+0000] {logging_mixin.py:188} INFO - [2025-12-11T23:08:21.373+0000] {dag.py:3096} INFO - Sync 1 DAGs
[2025-12-11T23:08:21.830+0000] {logging_mixin.py:188} INFO - [2025-12-11T23:08:21.829+0000] {dag.py:3954} INFO - Setting next_dagrun for example_skip_dag to 2025-12-10 00:00:00+00:00, run_after=2025-12-11 00:00:00+00:00
[2025-12-11T23:08:22.005+0000] {processor.py:183} INFO - Processing /home/airflow/.local/lib/python3.9/site-packages/airflow/example_dags/example_skip_dag.py took 0.829 seconds
[2025-12-11T23:08:52.690+0000] {processor.py:161} INFO - Started process (PID=2288) to work on /home/airflow/.local/lib/python3.9/site-packages/airflow/example_dags/example_skip_dag.py
[2025-12-11T23:08:52.709+0000] {processor.py:830} INFO - Processing file /home/airflow/.local/lib/python3.9/site-packages/airflow/example_dags/example_skip_dag.py for tasks to queue
[2025-12-11T23:08:52.713+0000] {logging_mixin.py:188} INFO - [2025-12-11T23:08:52.712+0000] {dagbag.py:545} INFO - Filling up the DagBag from /home/airflow/.local/lib/python3.9/site-packages/airflow/example_dags/example_skip_dag.py
[2025-12-11T23:08:52.751+0000] {processor.py:840} INFO - DAG(s) 'example_skip_dag' retrieved from /home/airflow/.local/lib/python3.9/site-packages/airflow/example_dags/example_skip_dag.py
[2025-12-11T23:08:52.813+0000] {logging_mixin.py:188} INFO - [2025-12-11T23:08:52.812+0000] {dag.py:3096} INFO - Sync 1 DAGs
[2025-12-11T23:08:53.029+0000] {logging_mixin.py:188} INFO - [2025-12-11T23:08:53.020+0000] {dag.py:3954} INFO - Setting next_dagrun for example_skip_dag to 2025-12-10 00:00:00+00:00, run_after=2025-12-11 00:00:00+00:00
[2025-12-11T23:08:53.079+0000] {processor.py:183} INFO - Processing /home/airflow/.local/lib/python3.9/site-packages/airflow/example_dags/example_skip_dag.py took 0.403 seconds
[2025-12-11T23:09:23.834+0000] {processor.py:161} INFO - Started process (PID=2361) to work on /home/airflow/.local/lib/python3.9/site-packages/airflow/example_dags/example_skip_dag.py
[2025-12-11T23:09:23.836+0000] {processor.py:830} INFO - Processing file /home/airflow/.local/lib/python3.9/site-packages/airflow/example_dags/example_skip_dag.py for tasks to queue
[2025-12-11T23:09:23.838+0000] {logging_mixin.py:188} INFO - [2025-12-11T23:09:23.838+0000] {dagbag.py:545} INFO - Filling up the DagBag from /home/airflow/.local/lib/python3.9/site-packages/airflow/example_dags/example_skip_dag.py
[2025-12-11T23:09:23.848+0000] {processor.py:840} INFO - DAG(s) 'example_skip_dag' retrieved from /home/airflow/.local/lib/python3.9/site-packages/airflow/example_dags/example_skip_dag.py
[2025-12-11T23:09:23.887+0000] {logging_mixin.py:188} INFO - [2025-12-11T23:09:23.887+0000] {dag.py:3096} INFO - Sync 1 DAGs
[2025-12-11T23:09:23.927+0000] {logging_mixin.py:188} INFO - [2025-12-11T23:09:23.926+0000] {dag.py:3954} INFO - Setting next_dagrun for example_skip_dag to 2025-12-10 00:00:00+00:00, run_after=2025-12-11 00:00:00+00:00
[2025-12-11T23:09:23.955+0000] {processor.py:183} INFO - Processing /home/airflow/.local/lib/python3.9/site-packages/airflow/example_dags/example_skip_dag.py took 0.130 seconds
[2025-12-11T23:09:54.794+0000] {processor.py:161} INFO - Started process (PID=2431) to work on /home/airflow/.local/lib/python3.9/site-packages/airflow/example_dags/example_skip_dag.py
[2025-12-11T23:09:55.314+0000] {processor.py:830} INFO - Processing file /home/airflow/.local/lib/python3.9/site-packages/airflow/example_dags/example_skip_dag.py for tasks to queue
[2025-12-11T23:09:55.319+0000] {logging_mixin.py:188} INFO - [2025-12-11T23:09:55.318+0000] {dagbag.py:545} INFO - Filling up the DagBag from /home/airflow/.local/lib/python3.9/site-packages/airflow/example_dags/example_skip_dag.py
[2025-12-11T23:09:55.336+0000] {processor.py:840} INFO - DAG(s) 'example_skip_dag' retrieved from /home/airflow/.local/lib/python3.9/site-packages/airflow/example_dags/example_skip_dag.py
[2025-12-11T23:09:55.411+0000] {logging_mixin.py:188} INFO - [2025-12-11T23:09:55.411+0000] {dag.py:3096} INFO - Sync 1 DAGs
[2025-12-11T23:09:55.456+0000] {logging_mixin.py:188} INFO - [2025-12-11T23:09:55.456+0000] {dag.py:3954} INFO - Setting next_dagrun for example_skip_dag to 2025-12-10 00:00:00+00:00, run_after=2025-12-11 00:00:00+00:00
[2025-12-11T23:09:55.489+0000] {processor.py:183} INFO - Processing /home/airflow/.local/lib/python3.9/site-packages/airflow/example_dags/example_skip_dag.py took 0.706 seconds
[2025-12-11T23:10:25.926+0000] {processor.py:161} INFO - Started process (PID=2500) to work on /home/airflow/.local/lib/python3.9/site-packages/airflow/example_dags/example_skip_dag.py
[2025-12-11T23:10:25.930+0000] {processor.py:830} INFO - Processing file /home/airflow/.local/lib/python3.9/site-packages/airflow/example_dags/example_skip_dag.py for tasks to queue
[2025-12-11T23:10:25.932+0000] {logging_mixin.py:188} INFO - [2025-12-11T23:10:25.932+0000] {dagbag.py:545} INFO - Filling up the DagBag from /home/airflow/.local/lib/python3.9/site-packages/airflow/example_dags/example_skip_dag.py
[2025-12-11T23:10:25.945+0000] {processor.py:840} INFO - DAG(s) 'example_skip_dag' retrieved from /home/airflow/.local/lib/python3.9/site-packages/airflow/example_dags/example_skip_dag.py
[2025-12-11T23:10:25.999+0000] {logging_mixin.py:188} INFO - [2025-12-11T23:10:25.999+0000] {dag.py:3096} INFO - Sync 1 DAGs
[2025-12-11T23:10:26.051+0000] {logging_mixin.py:188} INFO - [2025-12-11T23:10:26.051+0000] {dag.py:3954} INFO - Setting next_dagrun for example_skip_dag to 2025-12-10 00:00:00+00:00, run_after=2025-12-11 00:00:00+00:00
[2025-12-11T23:10:26.089+0000] {processor.py:183} INFO - Processing /home/airflow/.local/lib/python3.9/site-packages/airflow/example_dags/example_skip_dag.py took 0.175 seconds
[2025-12-11T23:10:56.289+0000] {processor.py:161} INFO - Started process (PID=2570) to work on /home/airflow/.local/lib/python3.9/site-packages/airflow/example_dags/example_skip_dag.py
[2025-12-11T23:10:56.291+0000] {processor.py:830} INFO - Processing file /home/airflow/.local/lib/python3.9/site-packages/airflow/example_dags/example_skip_dag.py for tasks to queue
[2025-12-11T23:10:56.293+0000] {logging_mixin.py:188} INFO - [2025-12-11T23:10:56.293+0000] {dagbag.py:545} INFO - Filling up the DagBag from /home/airflow/.local/lib/python3.9/site-packages/airflow/example_dags/example_skip_dag.py
[2025-12-11T23:10:56.304+0000] {processor.py:840} INFO - DAG(s) 'example_skip_dag' retrieved from /home/airflow/.local/lib/python3.9/site-packages/airflow/example_dags/example_skip_dag.py
[2025-12-11T23:10:56.345+0000] {logging_mixin.py:188} INFO - [2025-12-11T23:10:56.345+0000] {dag.py:3096} INFO - Sync 1 DAGs
[2025-12-11T23:10:56.388+0000] {logging_mixin.py:188} INFO - [2025-12-11T23:10:56.387+0000] {dag.py:3954} INFO - Setting next_dagrun for example_skip_dag to 2025-12-10 00:00:00+00:00, run_after=2025-12-11 00:00:00+00:00
[2025-12-11T23:10:56.418+0000] {processor.py:183} INFO - Processing /home/airflow/.local/lib/python3.9/site-packages/airflow/example_dags/example_skip_dag.py took 0.140 seconds
[2025-12-11T23:11:27.347+0000] {processor.py:161} INFO - Started process (PID=2637) to work on /home/airflow/.local/lib/python3.9/site-packages/airflow/example_dags/example_skip_dag.py
[2025-12-11T23:11:27.369+0000] {processor.py:830} INFO - Processing file /home/airflow/.local/lib/python3.9/site-packages/airflow/example_dags/example_skip_dag.py for tasks to queue
[2025-12-11T23:11:27.372+0000] {logging_mixin.py:188} INFO - [2025-12-11T23:11:27.372+0000] {dagbag.py:545} INFO - Filling up the DagBag from /home/airflow/.local/lib/python3.9/site-packages/airflow/example_dags/example_skip_dag.py
[2025-12-11T23:11:27.383+0000] {processor.py:840} INFO - DAG(s) 'example_skip_dag' retrieved from /home/airflow/.local/lib/python3.9/site-packages/airflow/example_dags/example_skip_dag.py
[2025-12-11T23:11:27.428+0000] {logging_mixin.py:188} INFO - [2025-12-11T23:11:27.427+0000] {dag.py:3096} INFO - Sync 1 DAGs
[2025-12-11T23:11:27.467+0000] {logging_mixin.py:188} INFO - [2025-12-11T23:11:27.466+0000] {dag.py:3954} INFO - Setting next_dagrun for example_skip_dag to 2025-12-10 00:00:00+00:00, run_after=2025-12-11 00:00:00+00:00
[2025-12-11T23:11:27.506+0000] {processor.py:183} INFO - Processing /home/airflow/.local/lib/python3.9/site-packages/airflow/example_dags/example_skip_dag.py took 0.169 seconds
[2025-12-11T23:11:57.794+0000] {processor.py:161} INFO - Started process (PID=2704) to work on /home/airflow/.local/lib/python3.9/site-packages/airflow/example_dags/example_skip_dag.py
[2025-12-11T23:11:57.811+0000] {processor.py:830} INFO - Processing file /home/airflow/.local/lib/python3.9/site-packages/airflow/example_dags/example_skip_dag.py for tasks to queue
[2025-12-11T23:11:57.818+0000] {logging_mixin.py:188} INFO - [2025-12-11T23:11:57.818+0000] {dagbag.py:545} INFO - Filling up the DagBag from /home/airflow/.local/lib/python3.9/site-packages/airflow/example_dags/example_skip_dag.py
[2025-12-11T23:11:57.830+0000] {processor.py:840} INFO - DAG(s) 'example_skip_dag' retrieved from /home/airflow/.local/lib/python3.9/site-packages/airflow/example_dags/example_skip_dag.py
[2025-12-11T23:11:57.866+0000] {logging_mixin.py:188} INFO - [2025-12-11T23:11:57.866+0000] {dag.py:3096} INFO - Sync 1 DAGs
[2025-12-11T23:11:57.902+0000] {logging_mixin.py:188} INFO - [2025-12-11T23:11:57.902+0000] {dag.py:3954} INFO - Setting next_dagrun for example_skip_dag to 2025-12-10 00:00:00+00:00, run_after=2025-12-11 00:00:00+00:00
[2025-12-11T23:11:57.973+0000] {processor.py:183} INFO - Processing /home/airflow/.local/lib/python3.9/site-packages/airflow/example_dags/example_skip_dag.py took 0.194 seconds
[2025-12-11T23:12:28.126+0000] {processor.py:161} INFO - Started process (PID=2771) to work on /home/airflow/.local/lib/python3.9/site-packages/airflow/example_dags/example_skip_dag.py
[2025-12-11T23:12:28.127+0000] {processor.py:830} INFO - Processing file /home/airflow/.local/lib/python3.9/site-packages/airflow/example_dags/example_skip_dag.py for tasks to queue
[2025-12-11T23:12:28.130+0000] {logging_mixin.py:188} INFO - [2025-12-11T23:12:28.129+0000] {dagbag.py:545} INFO - Filling up the DagBag from /home/airflow/.local/lib/python3.9/site-packages/airflow/example_dags/example_skip_dag.py
[2025-12-11T23:12:28.140+0000] {processor.py:840} INFO - DAG(s) 'example_skip_dag' retrieved from /home/airflow/.local/lib/python3.9/site-packages/airflow/example_dags/example_skip_dag.py
[2025-12-11T23:12:28.194+0000] {logging_mixin.py:188} INFO - [2025-12-11T23:12:28.194+0000] {dag.py:3096} INFO - Sync 1 DAGs
[2025-12-11T23:12:28.241+0000] {logging_mixin.py:188} INFO - [2025-12-11T23:12:28.241+0000] {dag.py:3954} INFO - Setting next_dagrun for example_skip_dag to 2025-12-10 00:00:00+00:00, run_after=2025-12-11 00:00:00+00:00
[2025-12-11T23:12:28.298+0000] {processor.py:183} INFO - Processing /home/airflow/.local/lib/python3.9/site-packages/airflow/example_dags/example_skip_dag.py took 0.184 seconds
[2025-12-11T23:12:58.394+0000] {processor.py:161} INFO - Started process (PID=2838) to work on /home/airflow/.local/lib/python3.9/site-packages/airflow/example_dags/example_skip_dag.py
[2025-12-11T23:12:58.406+0000] {processor.py:830} INFO - Processing file /home/airflow/.local/lib/python3.9/site-packages/airflow/example_dags/example_skip_dag.py for tasks to queue
[2025-12-11T23:12:58.412+0000] {logging_mixin.py:188} INFO - [2025-12-11T23:12:58.411+0000] {dagbag.py:545} INFO - Filling up the DagBag from /home/airflow/.local/lib/python3.9/site-packages/airflow/example_dags/example_skip_dag.py
[2025-12-11T23:12:58.431+0000] {processor.py:840} INFO - DAG(s) 'example_skip_dag' retrieved from /home/airflow/.local/lib/python3.9/site-packages/airflow/example_dags/example_skip_dag.py
[2025-12-11T23:12:58.489+0000] {logging_mixin.py:188} INFO - [2025-12-11T23:12:58.482+0000] {dag.py:3096} INFO - Sync 1 DAGs
[2025-12-11T23:12:58.541+0000] {logging_mixin.py:188} INFO - [2025-12-11T23:12:58.541+0000] {dag.py:3954} INFO - Setting next_dagrun for example_skip_dag to 2025-12-10 00:00:00+00:00, run_after=2025-12-11 00:00:00+00:00
[2025-12-11T23:12:58.580+0000] {processor.py:183} INFO - Processing /home/airflow/.local/lib/python3.9/site-packages/airflow/example_dags/example_skip_dag.py took 0.204 seconds
[2025-12-11T23:13:29.375+0000] {processor.py:161} INFO - Started process (PID=2905) to work on /home/airflow/.local/lib/python3.9/site-packages/airflow/example_dags/example_skip_dag.py
[2025-12-11T23:13:29.379+0000] {processor.py:830} INFO - Processing file /home/airflow/.local/lib/python3.9/site-packages/airflow/example_dags/example_skip_dag.py for tasks to queue
[2025-12-11T23:13:29.389+0000] {logging_mixin.py:188} INFO - [2025-12-11T23:13:29.382+0000] {dagbag.py:545} INFO - Filling up the DagBag from /home/airflow/.local/lib/python3.9/site-packages/airflow/example_dags/example_skip_dag.py
[2025-12-11T23:13:29.482+0000] {processor.py:840} INFO - DAG(s) 'example_skip_dag' retrieved from /home/airflow/.local/lib/python3.9/site-packages/airflow/example_dags/example_skip_dag.py
[2025-12-11T23:13:29.552+0000] {logging_mixin.py:188} INFO - [2025-12-11T23:13:29.551+0000] {dag.py:3096} INFO - Sync 1 DAGs
[2025-12-11T23:13:29.614+0000] {logging_mixin.py:188} INFO - [2025-12-11T23:13:29.614+0000] {dag.py:3954} INFO - Setting next_dagrun for example_skip_dag to 2025-12-10 00:00:00+00:00, run_after=2025-12-11 00:00:00+00:00
[2025-12-11T23:13:29.643+0000] {processor.py:183} INFO - Processing /home/airflow/.local/lib/python3.9/site-packages/airflow/example_dags/example_skip_dag.py took 0.286 seconds
[2025-12-11T23:14:00.071+0000] {processor.py:161} INFO - Started process (PID=2972) to work on /home/airflow/.local/lib/python3.9/site-packages/airflow/example_dags/example_skip_dag.py
[2025-12-11T23:14:00.331+0000] {processor.py:830} INFO - Processing file /home/airflow/.local/lib/python3.9/site-packages/airflow/example_dags/example_skip_dag.py for tasks to queue
[2025-12-11T23:14:00.335+0000] {logging_mixin.py:188} INFO - [2025-12-11T23:14:00.334+0000] {dagbag.py:545} INFO - Filling up the DagBag from /home/airflow/.local/lib/python3.9/site-packages/airflow/example_dags/example_skip_dag.py
[2025-12-11T23:14:00.441+0000] {processor.py:840} INFO - DAG(s) 'example_skip_dag' retrieved from /home/airflow/.local/lib/python3.9/site-packages/airflow/example_dags/example_skip_dag.py
[2025-12-11T23:14:00.500+0000] {logging_mixin.py:188} INFO - [2025-12-11T23:14:00.499+0000] {dag.py:3096} INFO - Sync 1 DAGs
[2025-12-11T23:14:00.552+0000] {logging_mixin.py:188} INFO - [2025-12-11T23:14:00.551+0000] {dag.py:3954} INFO - Setting next_dagrun for example_skip_dag to 2025-12-10 00:00:00+00:00, run_after=2025-12-11 00:00:00+00:00
[2025-12-11T23:14:00.641+0000] {processor.py:183} INFO - Processing /home/airflow/.local/lib/python3.9/site-packages/airflow/example_dags/example_skip_dag.py took 0.582 seconds
[2025-12-11T23:14:31.222+0000] {processor.py:161} INFO - Started process (PID=3039) to work on /home/airflow/.local/lib/python3.9/site-packages/airflow/example_dags/example_skip_dag.py
[2025-12-11T23:14:31.230+0000] {processor.py:830} INFO - Processing file /home/airflow/.local/lib/python3.9/site-packages/airflow/example_dags/example_skip_dag.py for tasks to queue
[2025-12-11T23:14:31.233+0000] {logging_mixin.py:188} INFO - [2025-12-11T23:14:31.232+0000] {dagbag.py:545} INFO - Filling up the DagBag from /home/airflow/.local/lib/python3.9/site-packages/airflow/example_dags/example_skip_dag.py
[2025-12-11T23:14:31.251+0000] {processor.py:840} INFO - DAG(s) 'example_skip_dag' retrieved from /home/airflow/.local/lib/python3.9/site-packages/airflow/example_dags/example_skip_dag.py
[2025-12-11T23:14:31.355+0000] {logging_mixin.py:188} INFO - [2025-12-11T23:14:31.355+0000] {dag.py:3096} INFO - Sync 1 DAGs
[2025-12-11T23:14:31.477+0000] {logging_mixin.py:188} INFO - [2025-12-11T23:14:31.476+0000] {dag.py:3954} INFO - Setting next_dagrun for example_skip_dag to 2025-12-10 00:00:00+00:00, run_after=2025-12-11 00:00:00+00:00
[2025-12-11T23:14:31.552+0000] {processor.py:183} INFO - Processing /home/airflow/.local/lib/python3.9/site-packages/airflow/example_dags/example_skip_dag.py took 0.343 seconds
[2025-12-11T23:15:02.474+0000] {processor.py:161} INFO - Started process (PID=3113) to work on /home/airflow/.local/lib/python3.9/site-packages/airflow/example_dags/example_skip_dag.py
[2025-12-11T23:15:02.476+0000] {processor.py:830} INFO - Processing file /home/airflow/.local/lib/python3.9/site-packages/airflow/example_dags/example_skip_dag.py for tasks to queue
[2025-12-11T23:15:02.479+0000] {logging_mixin.py:188} INFO - [2025-12-11T23:15:02.478+0000] {dagbag.py:545} INFO - Filling up the DagBag from /home/airflow/.local/lib/python3.9/site-packages/airflow/example_dags/example_skip_dag.py
[2025-12-11T23:15:02.498+0000] {processor.py:840} INFO - DAG(s) 'example_skip_dag' retrieved from /home/airflow/.local/lib/python3.9/site-packages/airflow/example_dags/example_skip_dag.py
[2025-12-11T23:15:02.578+0000] {logging_mixin.py:188} INFO - [2025-12-11T23:15:02.577+0000] {dag.py:3096} INFO - Sync 1 DAGs
[2025-12-11T23:15:02.655+0000] {logging_mixin.py:188} INFO - [2025-12-11T23:15:02.655+0000] {dag.py:3954} INFO - Setting next_dagrun for example_skip_dag to 2025-12-10 00:00:00+00:00, run_after=2025-12-11 00:00:00+00:00
[2025-12-11T23:15:02.719+0000] {processor.py:183} INFO - Processing /home/airflow/.local/lib/python3.9/site-packages/airflow/example_dags/example_skip_dag.py took 0.265 seconds
[2025-12-11T23:15:33.219+0000] {processor.py:161} INFO - Started process (PID=3173) to work on /home/airflow/.local/lib/python3.9/site-packages/airflow/example_dags/example_skip_dag.py
[2025-12-11T23:15:33.340+0000] {processor.py:830} INFO - Processing file /home/airflow/.local/lib/python3.9/site-packages/airflow/example_dags/example_skip_dag.py for tasks to queue
[2025-12-11T23:15:33.343+0000] {logging_mixin.py:188} INFO - [2025-12-11T23:15:33.342+0000] {dagbag.py:545} INFO - Filling up the DagBag from /home/airflow/.local/lib/python3.9/site-packages/airflow/example_dags/example_skip_dag.py
[2025-12-11T23:15:33.355+0000] {processor.py:840} INFO - DAG(s) 'example_skip_dag' retrieved from /home/airflow/.local/lib/python3.9/site-packages/airflow/example_dags/example_skip_dag.py
[2025-12-11T23:15:33.460+0000] {logging_mixin.py:188} INFO - [2025-12-11T23:15:33.459+0000] {dag.py:3096} INFO - Sync 1 DAGs
[2025-12-11T23:15:33.509+0000] {logging_mixin.py:188} INFO - [2025-12-11T23:15:33.509+0000] {dag.py:3954} INFO - Setting next_dagrun for example_skip_dag to 2025-12-10 00:00:00+00:00, run_after=2025-12-11 00:00:00+00:00
[2025-12-11T23:15:33.577+0000] {processor.py:183} INFO - Processing /home/airflow/.local/lib/python3.9/site-packages/airflow/example_dags/example_skip_dag.py took 0.369 seconds
[2025-12-11T23:16:03.751+0000] {processor.py:161} INFO - Started process (PID=3240) to work on /home/airflow/.local/lib/python3.9/site-packages/airflow/example_dags/example_skip_dag.py
[2025-12-11T23:16:03.754+0000] {processor.py:830} INFO - Processing file /home/airflow/.local/lib/python3.9/site-packages/airflow/example_dags/example_skip_dag.py for tasks to queue
[2025-12-11T23:16:03.757+0000] {logging_mixin.py:188} INFO - [2025-12-11T23:16:03.757+0000] {dagbag.py:545} INFO - Filling up the DagBag from /home/airflow/.local/lib/python3.9/site-packages/airflow/example_dags/example_skip_dag.py
[2025-12-11T23:16:03.778+0000] {processor.py:840} INFO - DAG(s) 'example_skip_dag' retrieved from /home/airflow/.local/lib/python3.9/site-packages/airflow/example_dags/example_skip_dag.py
[2025-12-11T23:16:03.836+0000] {logging_mixin.py:188} INFO - [2025-12-11T23:16:03.836+0000] {dag.py:3096} INFO - Sync 1 DAGs
[2025-12-11T23:16:03.895+0000] {logging_mixin.py:188} INFO - [2025-12-11T23:16:03.895+0000] {dag.py:3954} INFO - Setting next_dagrun for example_skip_dag to 2025-12-10 00:00:00+00:00, run_after=2025-12-11 00:00:00+00:00
[2025-12-11T23:16:03.942+0000] {processor.py:183} INFO - Processing /home/airflow/.local/lib/python3.9/site-packages/airflow/example_dags/example_skip_dag.py took 0.223 seconds
[2025-12-11T23:16:34.874+0000] {processor.py:161} INFO - Started process (PID=3314) to work on /home/airflow/.local/lib/python3.9/site-packages/airflow/example_dags/example_skip_dag.py
[2025-12-11T23:16:34.881+0000] {processor.py:830} INFO - Processing file /home/airflow/.local/lib/python3.9/site-packages/airflow/example_dags/example_skip_dag.py for tasks to queue
[2025-12-11T23:16:34.892+0000] {logging_mixin.py:188} INFO - [2025-12-11T23:16:34.891+0000] {dagbag.py:545} INFO - Filling up the DagBag from /home/airflow/.local/lib/python3.9/site-packages/airflow/example_dags/example_skip_dag.py
[2025-12-11T23:16:34.917+0000] {processor.py:840} INFO - DAG(s) 'example_skip_dag' retrieved from /home/airflow/.local/lib/python3.9/site-packages/airflow/example_dags/example_skip_dag.py
[2025-12-11T23:16:34.994+0000] {logging_mixin.py:188} INFO - [2025-12-11T23:16:34.993+0000] {dag.py:3096} INFO - Sync 1 DAGs
[2025-12-11T23:16:35.070+0000] {logging_mixin.py:188} INFO - [2025-12-11T23:16:35.069+0000] {dag.py:3954} INFO - Setting next_dagrun for example_skip_dag to 2025-12-10 00:00:00+00:00, run_after=2025-12-11 00:00:00+00:00
[2025-12-11T23:16:35.119+0000] {processor.py:183} INFO - Processing /home/airflow/.local/lib/python3.9/site-packages/airflow/example_dags/example_skip_dag.py took 0.263 seconds
[2025-12-11T23:17:05.631+0000] {processor.py:161} INFO - Started process (PID=3381) to work on /home/airflow/.local/lib/python3.9/site-packages/airflow/example_dags/example_skip_dag.py
[2025-12-11T23:17:05.638+0000] {processor.py:830} INFO - Processing file /home/airflow/.local/lib/python3.9/site-packages/airflow/example_dags/example_skip_dag.py for tasks to queue
[2025-12-11T23:17:05.652+0000] {logging_mixin.py:188} INFO - [2025-12-11T23:17:05.651+0000] {dagbag.py:545} INFO - Filling up the DagBag from /home/airflow/.local/lib/python3.9/site-packages/airflow/example_dags/example_skip_dag.py
[2025-12-11T23:17:05.672+0000] {processor.py:840} INFO - DAG(s) 'example_skip_dag' retrieved from /home/airflow/.local/lib/python3.9/site-packages/airflow/example_dags/example_skip_dag.py
[2025-12-11T23:17:05.756+0000] {logging_mixin.py:188} INFO - [2025-12-11T23:17:05.756+0000] {dag.py:3096} INFO - Sync 1 DAGs
[2025-12-11T23:17:05.855+0000] {logging_mixin.py:188} INFO - [2025-12-11T23:17:05.855+0000] {dag.py:3954} INFO - Setting next_dagrun for example_skip_dag to 2025-12-10 00:00:00+00:00, run_after=2025-12-11 00:00:00+00:00
[2025-12-11T23:17:05.930+0000] {processor.py:183} INFO - Processing /home/airflow/.local/lib/python3.9/site-packages/airflow/example_dags/example_skip_dag.py took 0.319 seconds
[2025-12-11T23:17:36.075+0000] {processor.py:161} INFO - Started process (PID=3448) to work on /home/airflow/.local/lib/python3.9/site-packages/airflow/example_dags/example_skip_dag.py
[2025-12-11T23:17:36.076+0000] {processor.py:830} INFO - Processing file /home/airflow/.local/lib/python3.9/site-packages/airflow/example_dags/example_skip_dag.py for tasks to queue
[2025-12-11T23:17:36.091+0000] {logging_mixin.py:188} INFO - [2025-12-11T23:17:36.090+0000] {dagbag.py:545} INFO - Filling up the DagBag from /home/airflow/.local/lib/python3.9/site-packages/airflow/example_dags/example_skip_dag.py
[2025-12-11T23:17:36.109+0000] {processor.py:840} INFO - DAG(s) 'example_skip_dag' retrieved from /home/airflow/.local/lib/python3.9/site-packages/airflow/example_dags/example_skip_dag.py
[2025-12-11T23:17:36.191+0000] {logging_mixin.py:188} INFO - [2025-12-11T23:17:36.191+0000] {dag.py:3096} INFO - Sync 1 DAGs
[2025-12-11T23:17:36.290+0000] {logging_mixin.py:188} INFO - [2025-12-11T23:17:36.290+0000] {dag.py:3954} INFO - Setting next_dagrun for example_skip_dag to 2025-12-10 00:00:00+00:00, run_after=2025-12-11 00:00:00+00:00
[2025-12-11T23:17:36.353+0000] {processor.py:183} INFO - Processing /home/airflow/.local/lib/python3.9/site-packages/airflow/example_dags/example_skip_dag.py took 0.298 seconds
[2025-12-11T23:18:07.414+0000] {processor.py:161} INFO - Started process (PID=3515) to work on /home/airflow/.local/lib/python3.9/site-packages/airflow/example_dags/example_skip_dag.py
[2025-12-11T23:18:07.415+0000] {processor.py:830} INFO - Processing file /home/airflow/.local/lib/python3.9/site-packages/airflow/example_dags/example_skip_dag.py for tasks to queue
[2025-12-11T23:18:07.418+0000] {logging_mixin.py:188} INFO - [2025-12-11T23:18:07.418+0000] {dagbag.py:545} INFO - Filling up the DagBag from /home/airflow/.local/lib/python3.9/site-packages/airflow/example_dags/example_skip_dag.py
[2025-12-11T23:18:07.435+0000] {processor.py:840} INFO - DAG(s) 'example_skip_dag' retrieved from /home/airflow/.local/lib/python3.9/site-packages/airflow/example_dags/example_skip_dag.py
[2025-12-11T23:18:07.512+0000] {logging_mixin.py:188} INFO - [2025-12-11T23:18:07.512+0000] {dag.py:3096} INFO - Sync 1 DAGs
[2025-12-11T23:18:07.590+0000] {logging_mixin.py:188} INFO - [2025-12-11T23:18:07.590+0000] {dag.py:3954} INFO - Setting next_dagrun for example_skip_dag to 2025-12-10 00:00:00+00:00, run_after=2025-12-11 00:00:00+00:00
[2025-12-11T23:18:07.652+0000] {processor.py:183} INFO - Processing /home/airflow/.local/lib/python3.9/site-packages/airflow/example_dags/example_skip_dag.py took 0.256 seconds
[2025-12-11T23:18:38.296+0000] {processor.py:161} INFO - Started process (PID=3582) to work on /home/airflow/.local/lib/python3.9/site-packages/airflow/example_dags/example_skip_dag.py
[2025-12-11T23:18:38.299+0000] {processor.py:830} INFO - Processing file /home/airflow/.local/lib/python3.9/site-packages/airflow/example_dags/example_skip_dag.py for tasks to queue
[2025-12-11T23:18:38.313+0000] {logging_mixin.py:188} INFO - [2025-12-11T23:18:38.312+0000] {dagbag.py:545} INFO - Filling up the DagBag from /home/airflow/.local/lib/python3.9/site-packages/airflow/example_dags/example_skip_dag.py
[2025-12-11T23:18:38.337+0000] {processor.py:840} INFO - DAG(s) 'example_skip_dag' retrieved from /home/airflow/.local/lib/python3.9/site-packages/airflow/example_dags/example_skip_dag.py
[2025-12-11T23:18:38.454+0000] {logging_mixin.py:188} INFO - [2025-12-11T23:18:38.453+0000] {dag.py:3096} INFO - Sync 1 DAGs
[2025-12-11T23:18:38.535+0000] {logging_mixin.py:188} INFO - [2025-12-11T23:18:38.535+0000] {dag.py:3954} INFO - Setting next_dagrun for example_skip_dag to 2025-12-10 00:00:00+00:00, run_after=2025-12-11 00:00:00+00:00
[2025-12-11T23:18:38.594+0000] {processor.py:183} INFO - Processing /home/airflow/.local/lib/python3.9/site-packages/airflow/example_dags/example_skip_dag.py took 0.323 seconds
[2025-12-11T23:19:09.063+0000] {processor.py:161} INFO - Started process (PID=3642) to work on /home/airflow/.local/lib/python3.9/site-packages/airflow/example_dags/example_skip_dag.py
[2025-12-11T23:19:09.064+0000] {processor.py:830} INFO - Processing file /home/airflow/.local/lib/python3.9/site-packages/airflow/example_dags/example_skip_dag.py for tasks to queue
[2025-12-11T23:19:09.067+0000] {logging_mixin.py:188} INFO - [2025-12-11T23:19:09.067+0000] {dagbag.py:545} INFO - Filling up the DagBag from /home/airflow/.local/lib/python3.9/site-packages/airflow/example_dags/example_skip_dag.py
[2025-12-11T23:19:09.078+0000] {processor.py:840} INFO - DAG(s) 'example_skip_dag' retrieved from /home/airflow/.local/lib/python3.9/site-packages/airflow/example_dags/example_skip_dag.py
[2025-12-11T23:19:09.132+0000] {logging_mixin.py:188} INFO - [2025-12-11T23:19:09.131+0000] {dag.py:3096} INFO - Sync 1 DAGs
[2025-12-11T23:19:09.176+0000] {logging_mixin.py:188} INFO - [2025-12-11T23:19:09.175+0000] {dag.py:3954} INFO - Setting next_dagrun for example_skip_dag to 2025-12-10 00:00:00+00:00, run_after=2025-12-11 00:00:00+00:00
[2025-12-11T23:19:09.232+0000] {processor.py:183} INFO - Processing /home/airflow/.local/lib/python3.9/site-packages/airflow/example_dags/example_skip_dag.py took 0.180 seconds
[2025-12-11T23:19:40.409+0000] {processor.py:161} INFO - Started process (PID=3716) to work on /home/airflow/.local/lib/python3.9/site-packages/airflow/example_dags/example_skip_dag.py
[2025-12-11T23:19:40.412+0000] {processor.py:830} INFO - Processing file /home/airflow/.local/lib/python3.9/site-packages/airflow/example_dags/example_skip_dag.py for tasks to queue
[2025-12-11T23:19:40.416+0000] {logging_mixin.py:188} INFO - [2025-12-11T23:19:40.415+0000] {dagbag.py:545} INFO - Filling up the DagBag from /home/airflow/.local/lib/python3.9/site-packages/airflow/example_dags/example_skip_dag.py
[2025-12-11T23:19:40.435+0000] {processor.py:840} INFO - DAG(s) 'example_skip_dag' retrieved from /home/airflow/.local/lib/python3.9/site-packages/airflow/example_dags/example_skip_dag.py
[2025-12-11T23:19:40.520+0000] {logging_mixin.py:188} INFO - [2025-12-11T23:19:40.519+0000] {dag.py:3096} INFO - Sync 1 DAGs
[2025-12-11T23:19:40.599+0000] {logging_mixin.py:188} INFO - [2025-12-11T23:19:40.598+0000] {dag.py:3954} INFO - Setting next_dagrun for example_skip_dag to 2025-12-10 00:00:00+00:00, run_after=2025-12-11 00:00:00+00:00
[2025-12-11T23:19:40.858+0000] {processor.py:183} INFO - Processing /home/airflow/.local/lib/python3.9/site-packages/airflow/example_dags/example_skip_dag.py took 0.464 seconds
[2025-12-11T23:20:11.592+0000] {processor.py:161} INFO - Started process (PID=3783) to work on /home/airflow/.local/lib/python3.9/site-packages/airflow/example_dags/example_skip_dag.py
[2025-12-11T23:20:11.598+0000] {processor.py:830} INFO - Processing file /home/airflow/.local/lib/python3.9/site-packages/airflow/example_dags/example_skip_dag.py for tasks to queue
[2025-12-11T23:20:11.612+0000] {logging_mixin.py:188} INFO - [2025-12-11T23:20:11.611+0000] {dagbag.py:545} INFO - Filling up the DagBag from /home/airflow/.local/lib/python3.9/site-packages/airflow/example_dags/example_skip_dag.py
[2025-12-11T23:20:11.632+0000] {processor.py:840} INFO - DAG(s) 'example_skip_dag' retrieved from /home/airflow/.local/lib/python3.9/site-packages/airflow/example_dags/example_skip_dag.py
[2025-12-11T23:20:11.693+0000] {logging_mixin.py:188} INFO - [2025-12-11T23:20:11.693+0000] {dag.py:3096} INFO - Sync 1 DAGs
[2025-12-11T23:20:11.750+0000] {logging_mixin.py:188} INFO - [2025-12-11T23:20:11.750+0000] {dag.py:3954} INFO - Setting next_dagrun for example_skip_dag to 2025-12-10 00:00:00+00:00, run_after=2025-12-11 00:00:00+00:00
[2025-12-11T23:20:11.961+0000] {processor.py:183} INFO - Processing /home/airflow/.local/lib/python3.9/site-packages/airflow/example_dags/example_skip_dag.py took 0.391 seconds
[2025-12-11T23:20:43.142+0000] {processor.py:161} INFO - Started process (PID=3850) to work on /home/airflow/.local/lib/python3.9/site-packages/airflow/example_dags/example_skip_dag.py
[2025-12-11T23:20:43.185+0000] {processor.py:830} INFO - Processing file /home/airflow/.local/lib/python3.9/site-packages/airflow/example_dags/example_skip_dag.py for tasks to queue
[2025-12-11T23:20:43.188+0000] {logging_mixin.py:188} INFO - [2025-12-11T23:20:43.188+0000] {dagbag.py:545} INFO - Filling up the DagBag from /home/airflow/.local/lib/python3.9/site-packages/airflow/example_dags/example_skip_dag.py
[2025-12-11T23:20:43.199+0000] {processor.py:840} INFO - DAG(s) 'example_skip_dag' retrieved from /home/airflow/.local/lib/python3.9/site-packages/airflow/example_dags/example_skip_dag.py
[2025-12-11T23:20:43.247+0000] {logging_mixin.py:188} INFO - [2025-12-11T23:20:43.246+0000] {dag.py:3096} INFO - Sync 1 DAGs
[2025-12-11T23:20:43.306+0000] {logging_mixin.py:188} INFO - [2025-12-11T23:20:43.306+0000] {dag.py:3954} INFO - Setting next_dagrun for example_skip_dag to 2025-12-10 00:00:00+00:00, run_after=2025-12-11 00:00:00+00:00
[2025-12-11T23:20:43.348+0000] {processor.py:183} INFO - Processing /home/airflow/.local/lib/python3.9/site-packages/airflow/example_dags/example_skip_dag.py took 0.216 seconds
[2025-12-11T23:21:13.468+0000] {processor.py:161} INFO - Started process (PID=3917) to work on /home/airflow/.local/lib/python3.9/site-packages/airflow/example_dags/example_skip_dag.py
[2025-12-11T23:21:13.471+0000] {processor.py:830} INFO - Processing file /home/airflow/.local/lib/python3.9/site-packages/airflow/example_dags/example_skip_dag.py for tasks to queue
[2025-12-11T23:21:13.476+0000] {logging_mixin.py:188} INFO - [2025-12-11T23:21:13.474+0000] {dagbag.py:545} INFO - Filling up the DagBag from /home/airflow/.local/lib/python3.9/site-packages/airflow/example_dags/example_skip_dag.py
[2025-12-11T23:21:13.489+0000] {processor.py:840} INFO - DAG(s) 'example_skip_dag' retrieved from /home/airflow/.local/lib/python3.9/site-packages/airflow/example_dags/example_skip_dag.py
[2025-12-11T23:21:13.530+0000] {logging_mixin.py:188} INFO - [2025-12-11T23:21:13.529+0000] {dag.py:3096} INFO - Sync 1 DAGs
[2025-12-11T23:21:13.571+0000] {logging_mixin.py:188} INFO - [2025-12-11T23:21:13.571+0000] {dag.py:3954} INFO - Setting next_dagrun for example_skip_dag to 2025-12-10 00:00:00+00:00, run_after=2025-12-11 00:00:00+00:00
[2025-12-11T23:21:13.603+0000] {processor.py:183} INFO - Processing /home/airflow/.local/lib/python3.9/site-packages/airflow/example_dags/example_skip_dag.py took 0.149 seconds
[2025-12-11T23:21:44.278+0000] {processor.py:161} INFO - Started process (PID=3984) to work on /home/airflow/.local/lib/python3.9/site-packages/airflow/example_dags/example_skip_dag.py
[2025-12-11T23:21:44.279+0000] {processor.py:830} INFO - Processing file /home/airflow/.local/lib/python3.9/site-packages/airflow/example_dags/example_skip_dag.py for tasks to queue
[2025-12-11T23:21:44.291+0000] {logging_mixin.py:188} INFO - [2025-12-11T23:21:44.290+0000] {dagbag.py:545} INFO - Filling up the DagBag from /home/airflow/.local/lib/python3.9/site-packages/airflow/example_dags/example_skip_dag.py
[2025-12-11T23:21:44.301+0000] {processor.py:840} INFO - DAG(s) 'example_skip_dag' retrieved from /home/airflow/.local/lib/python3.9/site-packages/airflow/example_dags/example_skip_dag.py
[2025-12-11T23:21:44.355+0000] {logging_mixin.py:188} INFO - [2025-12-11T23:21:44.354+0000] {dag.py:3096} INFO - Sync 1 DAGs
[2025-12-11T23:21:44.419+0000] {logging_mixin.py:188} INFO - [2025-12-11T23:21:44.418+0000] {dag.py:3954} INFO - Setting next_dagrun for example_skip_dag to 2025-12-10 00:00:00+00:00, run_after=2025-12-11 00:00:00+00:00
[2025-12-11T23:21:44.471+0000] {processor.py:183} INFO - Processing /home/airflow/.local/lib/python3.9/site-packages/airflow/example_dags/example_skip_dag.py took 0.211 seconds
[2025-12-11T23:22:14.841+0000] {processor.py:161} INFO - Started process (PID=4051) to work on /home/airflow/.local/lib/python3.9/site-packages/airflow/example_dags/example_skip_dag.py
[2025-12-11T23:22:14.843+0000] {processor.py:830} INFO - Processing file /home/airflow/.local/lib/python3.9/site-packages/airflow/example_dags/example_skip_dag.py for tasks to queue
[2025-12-11T23:22:14.845+0000] {logging_mixin.py:188} INFO - [2025-12-11T23:22:14.845+0000] {dagbag.py:545} INFO - Filling up the DagBag from /home/airflow/.local/lib/python3.9/site-packages/airflow/example_dags/example_skip_dag.py
[2025-12-11T23:22:14.857+0000] {processor.py:840} INFO - DAG(s) 'example_skip_dag' retrieved from /home/airflow/.local/lib/python3.9/site-packages/airflow/example_dags/example_skip_dag.py
[2025-12-11T23:22:14.907+0000] {logging_mixin.py:188} INFO - [2025-12-11T23:22:14.906+0000] {dag.py:3096} INFO - Sync 1 DAGs
[2025-12-11T23:22:14.959+0000] {logging_mixin.py:188} INFO - [2025-12-11T23:22:14.959+0000] {dag.py:3954} INFO - Setting next_dagrun for example_skip_dag to 2025-12-10 00:00:00+00:00, run_after=2025-12-11 00:00:00+00:00
[2025-12-11T23:22:15.019+0000] {processor.py:183} INFO - Processing /home/airflow/.local/lib/python3.9/site-packages/airflow/example_dags/example_skip_dag.py took 0.189 seconds
[2025-12-11T23:22:45.516+0000] {processor.py:161} INFO - Started process (PID=4118) to work on /home/airflow/.local/lib/python3.9/site-packages/airflow/example_dags/example_skip_dag.py
[2025-12-11T23:22:45.517+0000] {processor.py:830} INFO - Processing file /home/airflow/.local/lib/python3.9/site-packages/airflow/example_dags/example_skip_dag.py for tasks to queue
[2025-12-11T23:22:45.520+0000] {logging_mixin.py:188} INFO - [2025-12-11T23:22:45.520+0000] {dagbag.py:545} INFO - Filling up the DagBag from /home/airflow/.local/lib/python3.9/site-packages/airflow/example_dags/example_skip_dag.py
[2025-12-11T23:22:45.532+0000] {processor.py:840} INFO - DAG(s) 'example_skip_dag' retrieved from /home/airflow/.local/lib/python3.9/site-packages/airflow/example_dags/example_skip_dag.py
[2025-12-11T23:22:45.585+0000] {logging_mixin.py:188} INFO - [2025-12-11T23:22:45.584+0000] {dag.py:3096} INFO - Sync 1 DAGs
[2025-12-11T23:22:45.640+0000] {logging_mixin.py:188} INFO - [2025-12-11T23:22:45.639+0000] {dag.py:3954} INFO - Setting next_dagrun for example_skip_dag to 2025-12-10 00:00:00+00:00, run_after=2025-12-11 00:00:00+00:00
[2025-12-11T23:22:45.718+0000] {processor.py:183} INFO - Processing /home/airflow/.local/lib/python3.9/site-packages/airflow/example_dags/example_skip_dag.py took 0.215 seconds
[2025-12-11T23:23:15.934+0000] {processor.py:161} INFO - Started process (PID=4185) to work on /home/airflow/.local/lib/python3.9/site-packages/airflow/example_dags/example_skip_dag.py
[2025-12-11T23:23:15.936+0000] {processor.py:830} INFO - Processing file /home/airflow/.local/lib/python3.9/site-packages/airflow/example_dags/example_skip_dag.py for tasks to queue
[2025-12-11T23:23:15.940+0000] {logging_mixin.py:188} INFO - [2025-12-11T23:23:15.939+0000] {dagbag.py:545} INFO - Filling up the DagBag from /home/airflow/.local/lib/python3.9/site-packages/airflow/example_dags/example_skip_dag.py
[2025-12-11T23:23:15.960+0000] {processor.py:840} INFO - DAG(s) 'example_skip_dag' retrieved from /home/airflow/.local/lib/python3.9/site-packages/airflow/example_dags/example_skip_dag.py
[2025-12-11T23:23:16.059+0000] {logging_mixin.py:188} INFO - [2025-12-11T23:23:16.059+0000] {dag.py:3096} INFO - Sync 1 DAGs
[2025-12-11T23:23:16.155+0000] {logging_mixin.py:188} INFO - [2025-12-11T23:23:16.154+0000] {dag.py:3954} INFO - Setting next_dagrun for example_skip_dag to 2025-12-10 00:00:00+00:00, run_after=2025-12-11 00:00:00+00:00
[2025-12-11T23:23:16.212+0000] {processor.py:183} INFO - Processing /home/airflow/.local/lib/python3.9/site-packages/airflow/example_dags/example_skip_dag.py took 0.301 seconds
[2025-12-11T23:23:46.363+0000] {processor.py:161} INFO - Started process (PID=4252) to work on /home/airflow/.local/lib/python3.9/site-packages/airflow/example_dags/example_skip_dag.py
[2025-12-11T23:23:46.365+0000] {processor.py:830} INFO - Processing file /home/airflow/.local/lib/python3.9/site-packages/airflow/example_dags/example_skip_dag.py for tasks to queue
[2025-12-11T23:23:46.368+0000] {logging_mixin.py:188} INFO - [2025-12-11T23:23:46.367+0000] {dagbag.py:545} INFO - Filling up the DagBag from /home/airflow/.local/lib/python3.9/site-packages/airflow/example_dags/example_skip_dag.py
[2025-12-11T23:23:46.379+0000] {processor.py:840} INFO - DAG(s) 'example_skip_dag' retrieved from /home/airflow/.local/lib/python3.9/site-packages/airflow/example_dags/example_skip_dag.py
[2025-12-11T23:23:46.420+0000] {logging_mixin.py:188} INFO - [2025-12-11T23:23:46.419+0000] {dag.py:3096} INFO - Sync 1 DAGs
[2025-12-11T23:23:46.457+0000] {logging_mixin.py:188} INFO - [2025-12-11T23:23:46.457+0000] {dag.py:3954} INFO - Setting next_dagrun for example_skip_dag to 2025-12-10 00:00:00+00:00, run_after=2025-12-11 00:00:00+00:00
[2025-12-11T23:23:46.484+0000] {processor.py:183} INFO - Processing /home/airflow/.local/lib/python3.9/site-packages/airflow/example_dags/example_skip_dag.py took 0.132 seconds
[2025-12-11T23:24:16.821+0000] {processor.py:161} INFO - Started process (PID=4318) to work on /home/airflow/.local/lib/python3.9/site-packages/airflow/example_dags/example_skip_dag.py
[2025-12-11T23:24:16.823+0000] {processor.py:830} INFO - Processing file /home/airflow/.local/lib/python3.9/site-packages/airflow/example_dags/example_skip_dag.py for tasks to queue
[2025-12-11T23:24:16.826+0000] {logging_mixin.py:188} INFO - [2025-12-11T23:24:16.826+0000] {dagbag.py:545} INFO - Filling up the DagBag from /home/airflow/.local/lib/python3.9/site-packages/airflow/example_dags/example_skip_dag.py
[2025-12-11T23:24:16.838+0000] {processor.py:840} INFO - DAG(s) 'example_skip_dag' retrieved from /home/airflow/.local/lib/python3.9/site-packages/airflow/example_dags/example_skip_dag.py
[2025-12-11T23:24:16.882+0000] {logging_mixin.py:188} INFO - [2025-12-11T23:24:16.882+0000] {dag.py:3096} INFO - Sync 1 DAGs
[2025-12-11T23:24:16.923+0000] {logging_mixin.py:188} INFO - [2025-12-11T23:24:16.922+0000] {dag.py:3954} INFO - Setting next_dagrun for example_skip_dag to 2025-12-10 00:00:00+00:00, run_after=2025-12-11 00:00:00+00:00
[2025-12-11T23:24:16.959+0000] {processor.py:183} INFO - Processing /home/airflow/.local/lib/python3.9/site-packages/airflow/example_dags/example_skip_dag.py took 0.150 seconds
[2025-12-11T23:24:47.751+0000] {processor.py:161} INFO - Started process (PID=4385) to work on /home/airflow/.local/lib/python3.9/site-packages/airflow/example_dags/example_skip_dag.py
[2025-12-11T23:24:47.754+0000] {processor.py:830} INFO - Processing file /home/airflow/.local/lib/python3.9/site-packages/airflow/example_dags/example_skip_dag.py for tasks to queue
[2025-12-11T23:24:47.756+0000] {logging_mixin.py:188} INFO - [2025-12-11T23:24:47.756+0000] {dagbag.py:545} INFO - Filling up the DagBag from /home/airflow/.local/lib/python3.9/site-packages/airflow/example_dags/example_skip_dag.py
[2025-12-11T23:24:47.766+0000] {processor.py:840} INFO - DAG(s) 'example_skip_dag' retrieved from /home/airflow/.local/lib/python3.9/site-packages/airflow/example_dags/example_skip_dag.py
[2025-12-11T23:24:47.807+0000] {logging_mixin.py:188} INFO - [2025-12-11T23:24:47.806+0000] {dag.py:3096} INFO - Sync 1 DAGs
[2025-12-11T23:24:47.846+0000] {logging_mixin.py:188} INFO - [2025-12-11T23:24:47.845+0000] {dag.py:3954} INFO - Setting next_dagrun for example_skip_dag to 2025-12-10 00:00:00+00:00, run_after=2025-12-11 00:00:00+00:00
[2025-12-11T23:24:47.871+0000] {processor.py:183} INFO - Processing /home/airflow/.local/lib/python3.9/site-packages/airflow/example_dags/example_skip_dag.py took 0.132 seconds
[2025-12-11T23:25:18.261+0000] {processor.py:161} INFO - Started process (PID=4452) to work on /home/airflow/.local/lib/python3.9/site-packages/airflow/example_dags/example_skip_dag.py
[2025-12-11T23:25:18.266+0000] {processor.py:830} INFO - Processing file /home/airflow/.local/lib/python3.9/site-packages/airflow/example_dags/example_skip_dag.py for tasks to queue
[2025-12-11T23:25:18.269+0000] {logging_mixin.py:188} INFO - [2025-12-11T23:25:18.268+0000] {dagbag.py:545} INFO - Filling up the DagBag from /home/airflow/.local/lib/python3.9/site-packages/airflow/example_dags/example_skip_dag.py
[2025-12-11T23:25:18.280+0000] {processor.py:840} INFO - DAG(s) 'example_skip_dag' retrieved from /home/airflow/.local/lib/python3.9/site-packages/airflow/example_dags/example_skip_dag.py
[2025-12-11T23:25:18.318+0000] {logging_mixin.py:188} INFO - [2025-12-11T23:25:18.318+0000] {dag.py:3096} INFO - Sync 1 DAGs
[2025-12-11T23:25:18.363+0000] {logging_mixin.py:188} INFO - [2025-12-11T23:25:18.363+0000] {dag.py:3954} INFO - Setting next_dagrun for example_skip_dag to 2025-12-10 00:00:00+00:00, run_after=2025-12-11 00:00:00+00:00
[2025-12-11T23:25:18.393+0000] {processor.py:183} INFO - Processing /home/airflow/.local/lib/python3.9/site-packages/airflow/example_dags/example_skip_dag.py took 0.144 seconds
[2025-12-11T23:25:48.466+0000] {processor.py:161} INFO - Started process (PID=4519) to work on /home/airflow/.local/lib/python3.9/site-packages/airflow/example_dags/example_skip_dag.py
[2025-12-11T23:25:48.471+0000] {processor.py:830} INFO - Processing file /home/airflow/.local/lib/python3.9/site-packages/airflow/example_dags/example_skip_dag.py for tasks to queue
[2025-12-11T23:25:48.474+0000] {logging_mixin.py:188} INFO - [2025-12-11T23:25:48.473+0000] {dagbag.py:545} INFO - Filling up the DagBag from /home/airflow/.local/lib/python3.9/site-packages/airflow/example_dags/example_skip_dag.py
[2025-12-11T23:25:48.484+0000] {processor.py:840} INFO - DAG(s) 'example_skip_dag' retrieved from /home/airflow/.local/lib/python3.9/site-packages/airflow/example_dags/example_skip_dag.py
[2025-12-11T23:25:48.529+0000] {logging_mixin.py:188} INFO - [2025-12-11T23:25:48.527+0000] {dag.py:3096} INFO - Sync 1 DAGs
[2025-12-11T23:25:48.573+0000] {logging_mixin.py:188} INFO - [2025-12-11T23:25:48.573+0000] {dag.py:3954} INFO - Setting next_dagrun for example_skip_dag to 2025-12-10 00:00:00+00:00, run_after=2025-12-11 00:00:00+00:00
[2025-12-11T23:25:48.604+0000] {processor.py:183} INFO - Processing /home/airflow/.local/lib/python3.9/site-packages/airflow/example_dags/example_skip_dag.py took 0.149 seconds
[2025-12-11T23:26:18.823+0000] {processor.py:161} INFO - Started process (PID=4585) to work on /home/airflow/.local/lib/python3.9/site-packages/airflow/example_dags/example_skip_dag.py
[2025-12-11T23:26:18.826+0000] {processor.py:830} INFO - Processing file /home/airflow/.local/lib/python3.9/site-packages/airflow/example_dags/example_skip_dag.py for tasks to queue
[2025-12-11T23:26:18.829+0000] {logging_mixin.py:188} INFO - [2025-12-11T23:26:18.828+0000] {dagbag.py:545} INFO - Filling up the DagBag from /home/airflow/.local/lib/python3.9/site-packages/airflow/example_dags/example_skip_dag.py
[2025-12-11T23:26:18.839+0000] {processor.py:840} INFO - DAG(s) 'example_skip_dag' retrieved from /home/airflow/.local/lib/python3.9/site-packages/airflow/example_dags/example_skip_dag.py
[2025-12-11T23:26:18.878+0000] {logging_mixin.py:188} INFO - [2025-12-11T23:26:18.878+0000] {dag.py:3096} INFO - Sync 1 DAGs
[2025-12-11T23:26:18.921+0000] {logging_mixin.py:188} INFO - [2025-12-11T23:26:18.920+0000] {dag.py:3954} INFO - Setting next_dagrun for example_skip_dag to 2025-12-10 00:00:00+00:00, run_after=2025-12-11 00:00:00+00:00
[2025-12-11T23:26:18.952+0000] {processor.py:183} INFO - Processing /home/airflow/.local/lib/python3.9/site-packages/airflow/example_dags/example_skip_dag.py took 0.139 seconds
[2025-12-11T23:26:50.000+0000] {processor.py:161} INFO - Started process (PID=4657) to work on /home/airflow/.local/lib/python3.9/site-packages/airflow/example_dags/example_skip_dag.py
[2025-12-11T23:26:50.008+0000] {processor.py:830} INFO - Processing file /home/airflow/.local/lib/python3.9/site-packages/airflow/example_dags/example_skip_dag.py for tasks to queue
[2025-12-11T23:26:50.011+0000] {logging_mixin.py:188} INFO - [2025-12-11T23:26:50.010+0000] {dagbag.py:545} INFO - Filling up the DagBag from /home/airflow/.local/lib/python3.9/site-packages/airflow/example_dags/example_skip_dag.py
[2025-12-11T23:26:50.021+0000] {processor.py:840} INFO - DAG(s) 'example_skip_dag' retrieved from /home/airflow/.local/lib/python3.9/site-packages/airflow/example_dags/example_skip_dag.py
[2025-12-11T23:26:50.059+0000] {logging_mixin.py:188} INFO - [2025-12-11T23:26:50.058+0000] {dag.py:3096} INFO - Sync 1 DAGs
[2025-12-11T23:26:50.098+0000] {logging_mixin.py:188} INFO - [2025-12-11T23:26:50.097+0000] {dag.py:3954} INFO - Setting next_dagrun for example_skip_dag to 2025-12-10 00:00:00+00:00, run_after=2025-12-11 00:00:00+00:00
[2025-12-11T23:26:50.127+0000] {processor.py:183} INFO - Processing /home/airflow/.local/lib/python3.9/site-packages/airflow/example_dags/example_skip_dag.py took 0.137 seconds
[2025-12-11T23:27:20.781+0000] {processor.py:161} INFO - Started process (PID=4722) to work on /home/airflow/.local/lib/python3.9/site-packages/airflow/example_dags/example_skip_dag.py
[2025-12-11T23:27:20.829+0000] {processor.py:830} INFO - Processing file /home/airflow/.local/lib/python3.9/site-packages/airflow/example_dags/example_skip_dag.py for tasks to queue
[2025-12-11T23:27:20.834+0000] {logging_mixin.py:188} INFO - [2025-12-11T23:27:20.833+0000] {dagbag.py:545} INFO - Filling up the DagBag from /home/airflow/.local/lib/python3.9/site-packages/airflow/example_dags/example_skip_dag.py
[2025-12-11T23:27:20.845+0000] {processor.py:840} INFO - DAG(s) 'example_skip_dag' retrieved from /home/airflow/.local/lib/python3.9/site-packages/airflow/example_dags/example_skip_dag.py
[2025-12-11T23:27:20.887+0000] {logging_mixin.py:188} INFO - [2025-12-11T23:27:20.887+0000] {dag.py:3096} INFO - Sync 1 DAGs
[2025-12-11T23:27:20.925+0000] {logging_mixin.py:188} INFO - [2025-12-11T23:27:20.925+0000] {dag.py:3954} INFO - Setting next_dagrun for example_skip_dag to 2025-12-10 00:00:00+00:00, run_after=2025-12-11 00:00:00+00:00
[2025-12-11T23:27:20.952+0000] {processor.py:183} INFO - Processing /home/airflow/.local/lib/python3.9/site-packages/airflow/example_dags/example_skip_dag.py took 0.182 seconds
[2025-12-11T23:27:51.100+0000] {processor.py:161} INFO - Started process (PID=4789) to work on /home/airflow/.local/lib/python3.9/site-packages/airflow/example_dags/example_skip_dag.py
[2025-12-11T23:27:51.101+0000] {processor.py:830} INFO - Processing file /home/airflow/.local/lib/python3.9/site-packages/airflow/example_dags/example_skip_dag.py for tasks to queue
[2025-12-11T23:27:51.104+0000] {logging_mixin.py:188} INFO - [2025-12-11T23:27:51.104+0000] {dagbag.py:545} INFO - Filling up the DagBag from /home/airflow/.local/lib/python3.9/site-packages/airflow/example_dags/example_skip_dag.py
[2025-12-11T23:27:51.114+0000] {processor.py:840} INFO - DAG(s) 'example_skip_dag' retrieved from /home/airflow/.local/lib/python3.9/site-packages/airflow/example_dags/example_skip_dag.py
[2025-12-11T23:27:51.154+0000] {logging_mixin.py:188} INFO - [2025-12-11T23:27:51.154+0000] {dag.py:3096} INFO - Sync 1 DAGs
[2025-12-11T23:27:51.194+0000] {logging_mixin.py:188} INFO - [2025-12-11T23:27:51.193+0000] {dag.py:3954} INFO - Setting next_dagrun for example_skip_dag to 2025-12-10 00:00:00+00:00, run_after=2025-12-11 00:00:00+00:00
[2025-12-11T23:27:51.220+0000] {processor.py:183} INFO - Processing /home/airflow/.local/lib/python3.9/site-packages/airflow/example_dags/example_skip_dag.py took 0.130 seconds
[2025-12-11T23:28:21.494+0000] {processor.py:161} INFO - Started process (PID=4855) to work on /home/airflow/.local/lib/python3.9/site-packages/airflow/example_dags/example_skip_dag.py
[2025-12-11T23:28:21.496+0000] {processor.py:830} INFO - Processing file /home/airflow/.local/lib/python3.9/site-packages/airflow/example_dags/example_skip_dag.py for tasks to queue
[2025-12-11T23:28:21.499+0000] {logging_mixin.py:188} INFO - [2025-12-11T23:28:21.499+0000] {dagbag.py:545} INFO - Filling up the DagBag from /home/airflow/.local/lib/python3.9/site-packages/airflow/example_dags/example_skip_dag.py
[2025-12-11T23:28:21.516+0000] {processor.py:840} INFO - DAG(s) 'example_skip_dag' retrieved from /home/airflow/.local/lib/python3.9/site-packages/airflow/example_dags/example_skip_dag.py
[2025-12-11T23:28:21.557+0000] {logging_mixin.py:188} INFO - [2025-12-11T23:28:21.556+0000] {dag.py:3096} INFO - Sync 1 DAGs
[2025-12-11T23:28:21.594+0000] {logging_mixin.py:188} INFO - [2025-12-11T23:28:21.594+0000] {dag.py:3954} INFO - Setting next_dagrun for example_skip_dag to 2025-12-10 00:00:00+00:00, run_after=2025-12-11 00:00:00+00:00
[2025-12-11T23:28:21.620+0000] {processor.py:183} INFO - Processing /home/airflow/.local/lib/python3.9/site-packages/airflow/example_dags/example_skip_dag.py took 0.146 seconds
[2025-12-11T23:28:52.722+0000] {processor.py:161} INFO - Started process (PID=4922) to work on /home/airflow/.local/lib/python3.9/site-packages/airflow/example_dags/example_skip_dag.py
[2025-12-11T23:28:52.723+0000] {processor.py:830} INFO - Processing file /home/airflow/.local/lib/python3.9/site-packages/airflow/example_dags/example_skip_dag.py for tasks to queue
[2025-12-11T23:28:52.726+0000] {logging_mixin.py:188} INFO - [2025-12-11T23:28:52.726+0000] {dagbag.py:545} INFO - Filling up the DagBag from /home/airflow/.local/lib/python3.9/site-packages/airflow/example_dags/example_skip_dag.py
[2025-12-11T23:28:52.738+0000] {processor.py:840} INFO - DAG(s) 'example_skip_dag' retrieved from /home/airflow/.local/lib/python3.9/site-packages/airflow/example_dags/example_skip_dag.py
[2025-12-11T23:28:52.784+0000] {logging_mixin.py:188} INFO - [2025-12-11T23:28:52.784+0000] {dag.py:3096} INFO - Sync 1 DAGs
[2025-12-11T23:28:52.833+0000] {logging_mixin.py:188} INFO - [2025-12-11T23:28:52.832+0000] {dag.py:3954} INFO - Setting next_dagrun for example_skip_dag to 2025-12-10 00:00:00+00:00, run_after=2025-12-11 00:00:00+00:00
[2025-12-11T23:28:52.864+0000] {processor.py:183} INFO - Processing /home/airflow/.local/lib/python3.9/site-packages/airflow/example_dags/example_skip_dag.py took 0.153 seconds
[2025-12-11T23:29:22.995+0000] {processor.py:161} INFO - Started process (PID=4989) to work on /home/airflow/.local/lib/python3.9/site-packages/airflow/example_dags/example_skip_dag.py
[2025-12-11T23:29:22.996+0000] {processor.py:830} INFO - Processing file /home/airflow/.local/lib/python3.9/site-packages/airflow/example_dags/example_skip_dag.py for tasks to queue
[2025-12-11T23:29:22.999+0000] {logging_mixin.py:188} INFO - [2025-12-11T23:29:22.998+0000] {dagbag.py:545} INFO - Filling up the DagBag from /home/airflow/.local/lib/python3.9/site-packages/airflow/example_dags/example_skip_dag.py
[2025-12-11T23:29:23.009+0000] {processor.py:840} INFO - DAG(s) 'example_skip_dag' retrieved from /home/airflow/.local/lib/python3.9/site-packages/airflow/example_dags/example_skip_dag.py
[2025-12-11T23:29:23.044+0000] {logging_mixin.py:188} INFO - [2025-12-11T23:29:23.044+0000] {dag.py:3096} INFO - Sync 1 DAGs
[2025-12-11T23:29:23.081+0000] {logging_mixin.py:188} INFO - [2025-12-11T23:29:23.080+0000] {dag.py:3954} INFO - Setting next_dagrun for example_skip_dag to 2025-12-10 00:00:00+00:00, run_after=2025-12-11 00:00:00+00:00
[2025-12-11T23:29:23.106+0000] {processor.py:183} INFO - Processing /home/airflow/.local/lib/python3.9/site-packages/airflow/example_dags/example_skip_dag.py took 0.121 seconds
[2025-12-11T23:29:53.756+0000] {processor.py:161} INFO - Started process (PID=5063) to work on /home/airflow/.local/lib/python3.9/site-packages/airflow/example_dags/example_skip_dag.py
[2025-12-11T23:29:53.758+0000] {processor.py:830} INFO - Processing file /home/airflow/.local/lib/python3.9/site-packages/airflow/example_dags/example_skip_dag.py for tasks to queue
[2025-12-11T23:29:53.771+0000] {logging_mixin.py:188} INFO - [2025-12-11T23:29:53.770+0000] {dagbag.py:545} INFO - Filling up the DagBag from /home/airflow/.local/lib/python3.9/site-packages/airflow/example_dags/example_skip_dag.py
[2025-12-11T23:29:53.793+0000] {processor.py:840} INFO - DAG(s) 'example_skip_dag' retrieved from /home/airflow/.local/lib/python3.9/site-packages/airflow/example_dags/example_skip_dag.py
[2025-12-11T23:29:53.836+0000] {logging_mixin.py:188} INFO - [2025-12-11T23:29:53.836+0000] {dag.py:3096} INFO - Sync 1 DAGs
[2025-12-11T23:29:53.874+0000] {logging_mixin.py:188} INFO - [2025-12-11T23:29:53.874+0000] {dag.py:3954} INFO - Setting next_dagrun for example_skip_dag to 2025-12-10 00:00:00+00:00, run_after=2025-12-11 00:00:00+00:00
[2025-12-11T23:29:53.901+0000] {processor.py:183} INFO - Processing /home/airflow/.local/lib/python3.9/site-packages/airflow/example_dags/example_skip_dag.py took 0.166 seconds
[2025-12-11T23:30:24.680+0000] {processor.py:161} INFO - Started process (PID=5130) to work on /home/airflow/.local/lib/python3.9/site-packages/airflow/example_dags/example_skip_dag.py
[2025-12-11T23:30:24.739+0000] {processor.py:830} INFO - Processing file /home/airflow/.local/lib/python3.9/site-packages/airflow/example_dags/example_skip_dag.py for tasks to queue
[2025-12-11T23:30:24.743+0000] {logging_mixin.py:188} INFO - [2025-12-11T23:30:24.742+0000] {dagbag.py:545} INFO - Filling up the DagBag from /home/airflow/.local/lib/python3.9/site-packages/airflow/example_dags/example_skip_dag.py
[2025-12-11T23:30:24.759+0000] {processor.py:840} INFO - DAG(s) 'example_skip_dag' retrieved from /home/airflow/.local/lib/python3.9/site-packages/airflow/example_dags/example_skip_dag.py
[2025-12-11T23:30:24.807+0000] {logging_mixin.py:188} INFO - [2025-12-11T23:30:24.807+0000] {dag.py:3096} INFO - Sync 1 DAGs
[2025-12-11T23:30:24.846+0000] {logging_mixin.py:188} INFO - [2025-12-11T23:30:24.846+0000] {dag.py:3954} INFO - Setting next_dagrun for example_skip_dag to 2025-12-10 00:00:00+00:00, run_after=2025-12-11 00:00:00+00:00
[2025-12-11T23:30:24.919+0000] {processor.py:183} INFO - Processing /home/airflow/.local/lib/python3.9/site-packages/airflow/example_dags/example_skip_dag.py took 0.258 seconds
[2025-12-11T23:30:55.755+0000] {processor.py:161} INFO - Started process (PID=5197) to work on /home/airflow/.local/lib/python3.9/site-packages/airflow/example_dags/example_skip_dag.py
[2025-12-11T23:30:55.757+0000] {processor.py:830} INFO - Processing file /home/airflow/.local/lib/python3.9/site-packages/airflow/example_dags/example_skip_dag.py for tasks to queue
[2025-12-11T23:30:55.760+0000] {logging_mixin.py:188} INFO - [2025-12-11T23:30:55.760+0000] {dagbag.py:545} INFO - Filling up the DagBag from /home/airflow/.local/lib/python3.9/site-packages/airflow/example_dags/example_skip_dag.py
[2025-12-11T23:30:55.776+0000] {processor.py:840} INFO - DAG(s) 'example_skip_dag' retrieved from /home/airflow/.local/lib/python3.9/site-packages/airflow/example_dags/example_skip_dag.py
[2025-12-11T23:30:55.838+0000] {logging_mixin.py:188} INFO - [2025-12-11T23:30:55.838+0000] {dag.py:3096} INFO - Sync 1 DAGs
[2025-12-11T23:30:55.915+0000] {logging_mixin.py:188} INFO - [2025-12-11T23:30:55.914+0000] {dag.py:3954} INFO - Setting next_dagrun for example_skip_dag to 2025-12-10 00:00:00+00:00, run_after=2025-12-11 00:00:00+00:00
[2025-12-11T23:30:55.962+0000] {processor.py:183} INFO - Processing /home/airflow/.local/lib/python3.9/site-packages/airflow/example_dags/example_skip_dag.py took 0.224 seconds
[2025-12-11T23:31:27.637+0000] {processor.py:161} INFO - Started process (PID=5265) to work on /home/airflow/.local/lib/python3.9/site-packages/airflow/example_dags/example_skip_dag.py
[2025-12-11T23:31:27.682+0000] {processor.py:830} INFO - Processing file /home/airflow/.local/lib/python3.9/site-packages/airflow/example_dags/example_skip_dag.py for tasks to queue
[2025-12-11T23:31:27.695+0000] {logging_mixin.py:188} INFO - [2025-12-11T23:31:27.694+0000] {dagbag.py:545} INFO - Filling up the DagBag from /home/airflow/.local/lib/python3.9/site-packages/airflow/example_dags/example_skip_dag.py
[2025-12-11T23:31:27.730+0000] {processor.py:840} INFO - DAG(s) 'example_skip_dag' retrieved from /home/airflow/.local/lib/python3.9/site-packages/airflow/example_dags/example_skip_dag.py
[2025-12-11T23:31:27.854+0000] {logging_mixin.py:188} INFO - [2025-12-11T23:31:27.853+0000] {dag.py:3096} INFO - Sync 1 DAGs
[2025-12-11T23:31:27.934+0000] {logging_mixin.py:188} INFO - [2025-12-11T23:31:27.934+0000] {dag.py:3954} INFO - Setting next_dagrun for example_skip_dag to 2025-12-10 00:00:00+00:00, run_after=2025-12-11 00:00:00+00:00
[2025-12-11T23:31:28.054+0000] {processor.py:183} INFO - Processing /home/airflow/.local/lib/python3.9/site-packages/airflow/example_dags/example_skip_dag.py took 0.462 seconds
[2025-12-11T23:31:58.870+0000] {processor.py:161} INFO - Started process (PID=5332) to work on /home/airflow/.local/lib/python3.9/site-packages/airflow/example_dags/example_skip_dag.py
[2025-12-11T23:31:58.979+0000] {processor.py:830} INFO - Processing file /home/airflow/.local/lib/python3.9/site-packages/airflow/example_dags/example_skip_dag.py for tasks to queue
[2025-12-11T23:31:58.983+0000] {logging_mixin.py:188} INFO - [2025-12-11T23:31:58.982+0000] {dagbag.py:545} INFO - Filling up the DagBag from /home/airflow/.local/lib/python3.9/site-packages/airflow/example_dags/example_skip_dag.py
[2025-12-11T23:31:58.995+0000] {processor.py:840} INFO - DAG(s) 'example_skip_dag' retrieved from /home/airflow/.local/lib/python3.9/site-packages/airflow/example_dags/example_skip_dag.py
[2025-12-11T23:31:59.070+0000] {logging_mixin.py:188} INFO - [2025-12-11T23:31:59.069+0000] {dag.py:3096} INFO - Sync 1 DAGs
[2025-12-11T23:31:59.140+0000] {logging_mixin.py:188} INFO - [2025-12-11T23:31:59.139+0000] {dag.py:3954} INFO - Setting next_dagrun for example_skip_dag to 2025-12-10 00:00:00+00:00, run_after=2025-12-11 00:00:00+00:00
[2025-12-11T23:31:59.243+0000] {processor.py:183} INFO - Processing /home/airflow/.local/lib/python3.9/site-packages/airflow/example_dags/example_skip_dag.py took 0.388 seconds
[2025-12-11T23:32:29.789+0000] {processor.py:161} INFO - Started process (PID=5399) to work on /home/airflow/.local/lib/python3.9/site-packages/airflow/example_dags/example_skip_dag.py
[2025-12-11T23:32:29.848+0000] {processor.py:830} INFO - Processing file /home/airflow/.local/lib/python3.9/site-packages/airflow/example_dags/example_skip_dag.py for tasks to queue
[2025-12-11T23:32:29.852+0000] {logging_mixin.py:188} INFO - [2025-12-11T23:32:29.851+0000] {dagbag.py:545} INFO - Filling up the DagBag from /home/airflow/.local/lib/python3.9/site-packages/airflow/example_dags/example_skip_dag.py
[2025-12-11T23:32:29.871+0000] {processor.py:840} INFO - DAG(s) 'example_skip_dag' retrieved from /home/airflow/.local/lib/python3.9/site-packages/airflow/example_dags/example_skip_dag.py
[2025-12-11T23:32:29.939+0000] {logging_mixin.py:188} INFO - [2025-12-11T23:32:29.938+0000] {dag.py:3096} INFO - Sync 1 DAGs
[2025-12-11T23:32:30.017+0000] {logging_mixin.py:188} INFO - [2025-12-11T23:32:30.017+0000] {dag.py:3954} INFO - Setting next_dagrun for example_skip_dag to 2025-12-10 00:00:00+00:00, run_after=2025-12-11 00:00:00+00:00
[2025-12-11T23:32:30.072+0000] {processor.py:183} INFO - Processing /home/airflow/.local/lib/python3.9/site-packages/airflow/example_dags/example_skip_dag.py took 0.298 seconds
[2025-12-11T23:33:00.308+0000] {processor.py:161} INFO - Started process (PID=5466) to work on /home/airflow/.local/lib/python3.9/site-packages/airflow/example_dags/example_skip_dag.py
[2025-12-11T23:33:00.309+0000] {processor.py:830} INFO - Processing file /home/airflow/.local/lib/python3.9/site-packages/airflow/example_dags/example_skip_dag.py for tasks to queue
[2025-12-11T23:33:00.312+0000] {logging_mixin.py:188} INFO - [2025-12-11T23:33:00.312+0000] {dagbag.py:545} INFO - Filling up the DagBag from /home/airflow/.local/lib/python3.9/site-packages/airflow/example_dags/example_skip_dag.py
[2025-12-11T23:33:00.323+0000] {processor.py:840} INFO - DAG(s) 'example_skip_dag' retrieved from /home/airflow/.local/lib/python3.9/site-packages/airflow/example_dags/example_skip_dag.py
[2025-12-11T23:33:00.359+0000] {logging_mixin.py:188} INFO - [2025-12-11T23:33:00.358+0000] {dag.py:3096} INFO - Sync 1 DAGs
[2025-12-11T23:33:00.391+0000] {logging_mixin.py:188} INFO - [2025-12-11T23:33:00.391+0000] {dag.py:3954} INFO - Setting next_dagrun for example_skip_dag to 2025-12-10 00:00:00+00:00, run_after=2025-12-11 00:00:00+00:00
[2025-12-11T23:33:00.417+0000] {processor.py:183} INFO - Processing /home/airflow/.local/lib/python3.9/site-packages/airflow/example_dags/example_skip_dag.py took 0.120 seconds
[2025-12-11T23:33:30.625+0000] {processor.py:161} INFO - Started process (PID=5533) to work on /home/airflow/.local/lib/python3.9/site-packages/airflow/example_dags/example_skip_dag.py
[2025-12-11T23:33:30.630+0000] {processor.py:830} INFO - Processing file /home/airflow/.local/lib/python3.9/site-packages/airflow/example_dags/example_skip_dag.py for tasks to queue
[2025-12-11T23:33:30.633+0000] {logging_mixin.py:188} INFO - [2025-12-11T23:33:30.633+0000] {dagbag.py:545} INFO - Filling up the DagBag from /home/airflow/.local/lib/python3.9/site-packages/airflow/example_dags/example_skip_dag.py
[2025-12-11T23:33:30.644+0000] {processor.py:840} INFO - DAG(s) 'example_skip_dag' retrieved from /home/airflow/.local/lib/python3.9/site-packages/airflow/example_dags/example_skip_dag.py
[2025-12-11T23:33:30.685+0000] {logging_mixin.py:188} INFO - [2025-12-11T23:33:30.684+0000] {dag.py:3096} INFO - Sync 1 DAGs
[2025-12-11T23:33:30.723+0000] {logging_mixin.py:188} INFO - [2025-12-11T23:33:30.722+0000] {dag.py:3954} INFO - Setting next_dagrun for example_skip_dag to 2025-12-10 00:00:00+00:00, run_after=2025-12-11 00:00:00+00:00
[2025-12-11T23:33:30.750+0000] {processor.py:183} INFO - Processing /home/airflow/.local/lib/python3.9/site-packages/airflow/example_dags/example_skip_dag.py took 0.134 seconds
[2025-12-11T23:34:01.179+0000] {processor.py:161} INFO - Started process (PID=5600) to work on /home/airflow/.local/lib/python3.9/site-packages/airflow/example_dags/example_skip_dag.py
[2025-12-11T23:34:01.199+0000] {processor.py:830} INFO - Processing file /home/airflow/.local/lib/python3.9/site-packages/airflow/example_dags/example_skip_dag.py for tasks to queue
[2025-12-11T23:34:01.202+0000] {logging_mixin.py:188} INFO - [2025-12-11T23:34:01.201+0000] {dagbag.py:545} INFO - Filling up the DagBag from /home/airflow/.local/lib/python3.9/site-packages/airflow/example_dags/example_skip_dag.py
[2025-12-11T23:34:01.214+0000] {processor.py:840} INFO - DAG(s) 'example_skip_dag' retrieved from /home/airflow/.local/lib/python3.9/site-packages/airflow/example_dags/example_skip_dag.py
[2025-12-11T23:34:01.252+0000] {logging_mixin.py:188} INFO - [2025-12-11T23:34:01.251+0000] {dag.py:3096} INFO - Sync 1 DAGs
[2025-12-11T23:34:01.288+0000] {logging_mixin.py:188} INFO - [2025-12-11T23:34:01.288+0000] {dag.py:3954} INFO - Setting next_dagrun for example_skip_dag to 2025-12-10 00:00:00+00:00, run_after=2025-12-11 00:00:00+00:00
[2025-12-11T23:34:01.490+0000] {processor.py:183} INFO - Processing /home/airflow/.local/lib/python3.9/site-packages/airflow/example_dags/example_skip_dag.py took 0.322 seconds
[2025-12-11T23:34:31.548+0000] {processor.py:161} INFO - Started process (PID=5666) to work on /home/airflow/.local/lib/python3.9/site-packages/airflow/example_dags/example_skip_dag.py
[2025-12-11T23:34:31.550+0000] {processor.py:830} INFO - Processing file /home/airflow/.local/lib/python3.9/site-packages/airflow/example_dags/example_skip_dag.py for tasks to queue
[2025-12-11T23:34:31.554+0000] {logging_mixin.py:188} INFO - [2025-12-11T23:34:31.554+0000] {dagbag.py:545} INFO - Filling up the DagBag from /home/airflow/.local/lib/python3.9/site-packages/airflow/example_dags/example_skip_dag.py
[2025-12-11T23:34:31.568+0000] {processor.py:840} INFO - DAG(s) 'example_skip_dag' retrieved from /home/airflow/.local/lib/python3.9/site-packages/airflow/example_dags/example_skip_dag.py
[2025-12-11T23:34:31.630+0000] {logging_mixin.py:188} INFO - [2025-12-11T23:34:31.630+0000] {dag.py:3096} INFO - Sync 1 DAGs
[2025-12-11T23:34:31.680+0000] {logging_mixin.py:188} INFO - [2025-12-11T23:34:31.680+0000] {dag.py:3954} INFO - Setting next_dagrun for example_skip_dag to 2025-12-10 00:00:00+00:00, run_after=2025-12-11 00:00:00+00:00
[2025-12-11T23:34:31.725+0000] {processor.py:183} INFO - Processing /home/airflow/.local/lib/python3.9/site-packages/airflow/example_dags/example_skip_dag.py took 0.190 seconds
[2025-12-11T23:35:01.790+0000] {processor.py:161} INFO - Started process (PID=5733) to work on /home/airflow/.local/lib/python3.9/site-packages/airflow/example_dags/example_skip_dag.py
[2025-12-11T23:35:01.792+0000] {processor.py:830} INFO - Processing file /home/airflow/.local/lib/python3.9/site-packages/airflow/example_dags/example_skip_dag.py for tasks to queue
[2025-12-11T23:35:01.795+0000] {logging_mixin.py:188} INFO - [2025-12-11T23:35:01.795+0000] {dagbag.py:545} INFO - Filling up the DagBag from /home/airflow/.local/lib/python3.9/site-packages/airflow/example_dags/example_skip_dag.py
[2025-12-11T23:35:01.806+0000] {processor.py:840} INFO - DAG(s) 'example_skip_dag' retrieved from /home/airflow/.local/lib/python3.9/site-packages/airflow/example_dags/example_skip_dag.py
[2025-12-11T23:35:01.852+0000] {logging_mixin.py:188} INFO - [2025-12-11T23:35:01.851+0000] {dag.py:3096} INFO - Sync 1 DAGs
[2025-12-11T23:35:01.891+0000] {logging_mixin.py:188} INFO - [2025-12-11T23:35:01.891+0000] {dag.py:3954} INFO - Setting next_dagrun for example_skip_dag to 2025-12-10 00:00:00+00:00, run_after=2025-12-11 00:00:00+00:00
[2025-12-11T23:35:01.920+0000] {processor.py:183} INFO - Processing /home/airflow/.local/lib/python3.9/site-packages/airflow/example_dags/example_skip_dag.py took 0.141 seconds
[2025-12-11T23:35:32.390+0000] {processor.py:161} INFO - Started process (PID=5799) to work on /home/airflow/.local/lib/python3.9/site-packages/airflow/example_dags/example_skip_dag.py
[2025-12-11T23:35:32.392+0000] {processor.py:830} INFO - Processing file /home/airflow/.local/lib/python3.9/site-packages/airflow/example_dags/example_skip_dag.py for tasks to queue
[2025-12-11T23:35:32.395+0000] {logging_mixin.py:188} INFO - [2025-12-11T23:35:32.395+0000] {dagbag.py:545} INFO - Filling up the DagBag from /home/airflow/.local/lib/python3.9/site-packages/airflow/example_dags/example_skip_dag.py
[2025-12-11T23:35:32.409+0000] {processor.py:840} INFO - DAG(s) 'example_skip_dag' retrieved from /home/airflow/.local/lib/python3.9/site-packages/airflow/example_dags/example_skip_dag.py
[2025-12-11T23:35:32.460+0000] {logging_mixin.py:188} INFO - [2025-12-11T23:35:32.460+0000] {dag.py:3096} INFO - Sync 1 DAGs
[2025-12-11T23:35:32.498+0000] {logging_mixin.py:188} INFO - [2025-12-11T23:35:32.497+0000] {dag.py:3954} INFO - Setting next_dagrun for example_skip_dag to 2025-12-10 00:00:00+00:00, run_after=2025-12-11 00:00:00+00:00
[2025-12-11T23:35:32.522+0000] {processor.py:183} INFO - Processing /home/airflow/.local/lib/python3.9/site-packages/airflow/example_dags/example_skip_dag.py took 0.147 seconds
[2025-12-11T23:36:02.667+0000] {processor.py:161} INFO - Started process (PID=5866) to work on /home/airflow/.local/lib/python3.9/site-packages/airflow/example_dags/example_skip_dag.py
[2025-12-11T23:36:02.668+0000] {processor.py:830} INFO - Processing file /home/airflow/.local/lib/python3.9/site-packages/airflow/example_dags/example_skip_dag.py for tasks to queue
[2025-12-11T23:36:02.671+0000] {logging_mixin.py:188} INFO - [2025-12-11T23:36:02.670+0000] {dagbag.py:545} INFO - Filling up the DagBag from /home/airflow/.local/lib/python3.9/site-packages/airflow/example_dags/example_skip_dag.py
[2025-12-11T23:36:02.681+0000] {processor.py:840} INFO - DAG(s) 'example_skip_dag' retrieved from /home/airflow/.local/lib/python3.9/site-packages/airflow/example_dags/example_skip_dag.py
[2025-12-11T23:36:02.721+0000] {logging_mixin.py:188} INFO - [2025-12-11T23:36:02.721+0000] {dag.py:3096} INFO - Sync 1 DAGs
[2025-12-11T23:36:02.763+0000] {logging_mixin.py:188} INFO - [2025-12-11T23:36:02.763+0000] {dag.py:3954} INFO - Setting next_dagrun for example_skip_dag to 2025-12-10 00:00:00+00:00, run_after=2025-12-11 00:00:00+00:00
[2025-12-11T23:36:02.792+0000] {processor.py:183} INFO - Processing /home/airflow/.local/lib/python3.9/site-packages/airflow/example_dags/example_skip_dag.py took 0.135 seconds
[2025-12-11T23:36:33.573+0000] {processor.py:161} INFO - Started process (PID=5933) to work on /home/airflow/.local/lib/python3.9/site-packages/airflow/example_dags/example_skip_dag.py
[2025-12-11T23:36:33.611+0000] {processor.py:830} INFO - Processing file /home/airflow/.local/lib/python3.9/site-packages/airflow/example_dags/example_skip_dag.py for tasks to queue
[2025-12-11T23:36:33.614+0000] {logging_mixin.py:188} INFO - [2025-12-11T23:36:33.613+0000] {dagbag.py:545} INFO - Filling up the DagBag from /home/airflow/.local/lib/python3.9/site-packages/airflow/example_dags/example_skip_dag.py
[2025-12-11T23:36:33.624+0000] {processor.py:840} INFO - DAG(s) 'example_skip_dag' retrieved from /home/airflow/.local/lib/python3.9/site-packages/airflow/example_dags/example_skip_dag.py
[2025-12-11T23:36:33.664+0000] {logging_mixin.py:188} INFO - [2025-12-11T23:36:33.663+0000] {dag.py:3096} INFO - Sync 1 DAGs
[2025-12-11T23:36:33.700+0000] {logging_mixin.py:188} INFO - [2025-12-11T23:36:33.700+0000] {dag.py:3954} INFO - Setting next_dagrun for example_skip_dag to 2025-12-10 00:00:00+00:00, run_after=2025-12-11 00:00:00+00:00
[2025-12-11T23:36:34.212+0000] {processor.py:183} INFO - Processing /home/airflow/.local/lib/python3.9/site-packages/airflow/example_dags/example_skip_dag.py took 0.651 seconds
[2025-12-11T23:37:05.076+0000] {processor.py:161} INFO - Started process (PID=6002) to work on /home/airflow/.local/lib/python3.9/site-packages/airflow/example_dags/example_skip_dag.py
[2025-12-11T23:37:05.077+0000] {processor.py:830} INFO - Processing file /home/airflow/.local/lib/python3.9/site-packages/airflow/example_dags/example_skip_dag.py for tasks to queue
[2025-12-11T23:37:05.080+0000] {logging_mixin.py:188} INFO - [2025-12-11T23:37:05.080+0000] {dagbag.py:545} INFO - Filling up the DagBag from /home/airflow/.local/lib/python3.9/site-packages/airflow/example_dags/example_skip_dag.py
[2025-12-11T23:37:05.091+0000] {processor.py:840} INFO - DAG(s) 'example_skip_dag' retrieved from /home/airflow/.local/lib/python3.9/site-packages/airflow/example_dags/example_skip_dag.py
[2025-12-11T23:37:05.134+0000] {logging_mixin.py:188} INFO - [2025-12-11T23:37:05.133+0000] {dag.py:3096} INFO - Sync 1 DAGs
[2025-12-11T23:37:05.181+0000] {logging_mixin.py:188} INFO - [2025-12-11T23:37:05.181+0000] {dag.py:3954} INFO - Setting next_dagrun for example_skip_dag to 2025-12-10 00:00:00+00:00, run_after=2025-12-11 00:00:00+00:00
[2025-12-11T23:37:05.214+0000] {processor.py:183} INFO - Processing /home/airflow/.local/lib/python3.9/site-packages/airflow/example_dags/example_skip_dag.py took 0.149 seconds
[2025-12-11T23:37:35.725+0000] {processor.py:161} INFO - Started process (PID=6069) to work on /home/airflow/.local/lib/python3.9/site-packages/airflow/example_dags/example_skip_dag.py
[2025-12-11T23:37:35.727+0000] {processor.py:830} INFO - Processing file /home/airflow/.local/lib/python3.9/site-packages/airflow/example_dags/example_skip_dag.py for tasks to queue
[2025-12-11T23:37:35.731+0000] {logging_mixin.py:188} INFO - [2025-12-11T23:37:35.730+0000] {dagbag.py:545} INFO - Filling up the DagBag from /home/airflow/.local/lib/python3.9/site-packages/airflow/example_dags/example_skip_dag.py
[2025-12-11T23:37:35.741+0000] {processor.py:840} INFO - DAG(s) 'example_skip_dag' retrieved from /home/airflow/.local/lib/python3.9/site-packages/airflow/example_dags/example_skip_dag.py
[2025-12-11T23:37:35.781+0000] {logging_mixin.py:188} INFO - [2025-12-11T23:37:35.780+0000] {dag.py:3096} INFO - Sync 1 DAGs
[2025-12-11T23:37:35.816+0000] {logging_mixin.py:188} INFO - [2025-12-11T23:37:35.815+0000] {dag.py:3954} INFO - Setting next_dagrun for example_skip_dag to 2025-12-10 00:00:00+00:00, run_after=2025-12-11 00:00:00+00:00
[2025-12-11T23:37:35.843+0000] {processor.py:183} INFO - Processing /home/airflow/.local/lib/python3.9/site-packages/airflow/example_dags/example_skip_dag.py took 0.127 seconds
[2025-12-11T23:38:06.039+0000] {processor.py:161} INFO - Started process (PID=6136) to work on /home/airflow/.local/lib/python3.9/site-packages/airflow/example_dags/example_skip_dag.py
[2025-12-11T23:38:06.049+0000] {processor.py:830} INFO - Processing file /home/airflow/.local/lib/python3.9/site-packages/airflow/example_dags/example_skip_dag.py for tasks to queue
[2025-12-11T23:38:06.052+0000] {logging_mixin.py:188} INFO - [2025-12-11T23:38:06.052+0000] {dagbag.py:545} INFO - Filling up the DagBag from /home/airflow/.local/lib/python3.9/site-packages/airflow/example_dags/example_skip_dag.py
[2025-12-11T23:38:06.067+0000] {processor.py:840} INFO - DAG(s) 'example_skip_dag' retrieved from /home/airflow/.local/lib/python3.9/site-packages/airflow/example_dags/example_skip_dag.py
[2025-12-11T23:38:06.131+0000] {logging_mixin.py:188} INFO - [2025-12-11T23:38:06.131+0000] {dag.py:3096} INFO - Sync 1 DAGs
[2025-12-11T23:38:06.182+0000] {logging_mixin.py:188} INFO - [2025-12-11T23:38:06.181+0000] {dag.py:3954} INFO - Setting next_dagrun for example_skip_dag to 2025-12-10 00:00:00+00:00, run_after=2025-12-11 00:00:00+00:00
[2025-12-11T23:38:06.216+0000] {processor.py:183} INFO - Processing /home/airflow/.local/lib/python3.9/site-packages/airflow/example_dags/example_skip_dag.py took 0.191 seconds
[2025-12-11T23:38:36.753+0000] {processor.py:161} INFO - Started process (PID=6203) to work on /home/airflow/.local/lib/python3.9/site-packages/airflow/example_dags/example_skip_dag.py
[2025-12-11T23:38:36.760+0000] {processor.py:830} INFO - Processing file /home/airflow/.local/lib/python3.9/site-packages/airflow/example_dags/example_skip_dag.py for tasks to queue
[2025-12-11T23:38:36.763+0000] {logging_mixin.py:188} INFO - [2025-12-11T23:38:36.763+0000] {dagbag.py:545} INFO - Filling up the DagBag from /home/airflow/.local/lib/python3.9/site-packages/airflow/example_dags/example_skip_dag.py
[2025-12-11T23:38:36.775+0000] {processor.py:840} INFO - DAG(s) 'example_skip_dag' retrieved from /home/airflow/.local/lib/python3.9/site-packages/airflow/example_dags/example_skip_dag.py
[2025-12-11T23:38:36.818+0000] {logging_mixin.py:188} INFO - [2025-12-11T23:38:36.817+0000] {dag.py:3096} INFO - Sync 1 DAGs
[2025-12-11T23:38:36.860+0000] {logging_mixin.py:188} INFO - [2025-12-11T23:38:36.859+0000] {dag.py:3954} INFO - Setting next_dagrun for example_skip_dag to 2025-12-10 00:00:00+00:00, run_after=2025-12-11 00:00:00+00:00
[2025-12-11T23:38:36.888+0000] {processor.py:183} INFO - Processing /home/airflow/.local/lib/python3.9/site-packages/airflow/example_dags/example_skip_dag.py took 0.148 seconds
[2025-12-11T23:39:07.682+0000] {processor.py:161} INFO - Started process (PID=6270) to work on /home/airflow/.local/lib/python3.9/site-packages/airflow/example_dags/example_skip_dag.py
[2025-12-11T23:39:07.690+0000] {processor.py:830} INFO - Processing file /home/airflow/.local/lib/python3.9/site-packages/airflow/example_dags/example_skip_dag.py for tasks to queue
[2025-12-11T23:39:07.693+0000] {logging_mixin.py:188} INFO - [2025-12-11T23:39:07.692+0000] {dagbag.py:545} INFO - Filling up the DagBag from /home/airflow/.local/lib/python3.9/site-packages/airflow/example_dags/example_skip_dag.py
[2025-12-11T23:39:07.704+0000] {processor.py:840} INFO - DAG(s) 'example_skip_dag' retrieved from /home/airflow/.local/lib/python3.9/site-packages/airflow/example_dags/example_skip_dag.py
[2025-12-11T23:39:07.743+0000] {logging_mixin.py:188} INFO - [2025-12-11T23:39:07.743+0000] {dag.py:3096} INFO - Sync 1 DAGs
[2025-12-11T23:39:07.789+0000] {logging_mixin.py:188} INFO - [2025-12-11T23:39:07.789+0000] {dag.py:3954} INFO - Setting next_dagrun for example_skip_dag to 2025-12-10 00:00:00+00:00, run_after=2025-12-11 00:00:00+00:00
[2025-12-11T23:39:07.821+0000] {processor.py:183} INFO - Processing /home/airflow/.local/lib/python3.9/site-packages/airflow/example_dags/example_skip_dag.py took 0.150 seconds
[2025-12-11T23:39:38.404+0000] {processor.py:161} INFO - Started process (PID=6337) to work on /home/airflow/.local/lib/python3.9/site-packages/airflow/example_dags/example_skip_dag.py
[2025-12-11T23:39:38.419+0000] {processor.py:830} INFO - Processing file /home/airflow/.local/lib/python3.9/site-packages/airflow/example_dags/example_skip_dag.py for tasks to queue
[2025-12-11T23:39:38.423+0000] {logging_mixin.py:188} INFO - [2025-12-11T23:39:38.422+0000] {dagbag.py:545} INFO - Filling up the DagBag from /home/airflow/.local/lib/python3.9/site-packages/airflow/example_dags/example_skip_dag.py
[2025-12-11T23:39:38.434+0000] {processor.py:840} INFO - DAG(s) 'example_skip_dag' retrieved from /home/airflow/.local/lib/python3.9/site-packages/airflow/example_dags/example_skip_dag.py
[2025-12-11T23:39:38.494+0000] {logging_mixin.py:188} INFO - [2025-12-11T23:39:38.493+0000] {dag.py:3096} INFO - Sync 1 DAGs
[2025-12-11T23:39:38.573+0000] {logging_mixin.py:188} INFO - [2025-12-11T23:39:38.572+0000] {dag.py:3954} INFO - Setting next_dagrun for example_skip_dag to 2025-12-10 00:00:00+00:00, run_after=2025-12-11 00:00:00+00:00
[2025-12-11T23:39:38.611+0000] {processor.py:183} INFO - Processing /home/airflow/.local/lib/python3.9/site-packages/airflow/example_dags/example_skip_dag.py took 0.218 seconds
[2025-12-11T23:40:08.774+0000] {processor.py:161} INFO - Started process (PID=6404) to work on /home/airflow/.local/lib/python3.9/site-packages/airflow/example_dags/example_skip_dag.py
[2025-12-11T23:40:08.775+0000] {processor.py:830} INFO - Processing file /home/airflow/.local/lib/python3.9/site-packages/airflow/example_dags/example_skip_dag.py for tasks to queue
[2025-12-11T23:40:08.778+0000] {logging_mixin.py:188} INFO - [2025-12-11T23:40:08.777+0000] {dagbag.py:545} INFO - Filling up the DagBag from /home/airflow/.local/lib/python3.9/site-packages/airflow/example_dags/example_skip_dag.py
[2025-12-11T23:40:08.788+0000] {processor.py:840} INFO - DAG(s) 'example_skip_dag' retrieved from /home/airflow/.local/lib/python3.9/site-packages/airflow/example_dags/example_skip_dag.py
[2025-12-11T23:40:08.825+0000] {logging_mixin.py:188} INFO - [2025-12-11T23:40:08.825+0000] {dag.py:3096} INFO - Sync 1 DAGs
[2025-12-11T23:40:08.869+0000] {logging_mixin.py:188} INFO - [2025-12-11T23:40:08.868+0000] {dag.py:3954} INFO - Setting next_dagrun for example_skip_dag to 2025-12-10 00:00:00+00:00, run_after=2025-12-11 00:00:00+00:00
[2025-12-11T23:40:08.898+0000] {processor.py:183} INFO - Processing /home/airflow/.local/lib/python3.9/site-packages/airflow/example_dags/example_skip_dag.py took 0.136 seconds
[2025-12-11T23:40:39.286+0000] {processor.py:161} INFO - Started process (PID=6471) to work on /home/airflow/.local/lib/python3.9/site-packages/airflow/example_dags/example_skip_dag.py
[2025-12-11T23:40:39.294+0000] {processor.py:830} INFO - Processing file /home/airflow/.local/lib/python3.9/site-packages/airflow/example_dags/example_skip_dag.py for tasks to queue
[2025-12-11T23:40:39.297+0000] {logging_mixin.py:188} INFO - [2025-12-11T23:40:39.296+0000] {dagbag.py:545} INFO - Filling up the DagBag from /home/airflow/.local/lib/python3.9/site-packages/airflow/example_dags/example_skip_dag.py
[2025-12-11T23:40:39.309+0000] {processor.py:840} INFO - DAG(s) 'example_skip_dag' retrieved from /home/airflow/.local/lib/python3.9/site-packages/airflow/example_dags/example_skip_dag.py
[2025-12-11T23:40:39.348+0000] {logging_mixin.py:188} INFO - [2025-12-11T23:40:39.348+0000] {dag.py:3096} INFO - Sync 1 DAGs
[2025-12-11T23:40:39.386+0000] {logging_mixin.py:188} INFO - [2025-12-11T23:40:39.386+0000] {dag.py:3954} INFO - Setting next_dagrun for example_skip_dag to 2025-12-10 00:00:00+00:00, run_after=2025-12-11 00:00:00+00:00
[2025-12-11T23:40:39.415+0000] {processor.py:183} INFO - Processing /home/airflow/.local/lib/python3.9/site-packages/airflow/example_dags/example_skip_dag.py took 0.140 seconds
[2025-12-11T23:41:09.940+0000] {processor.py:161} INFO - Started process (PID=6538) to work on /home/airflow/.local/lib/python3.9/site-packages/airflow/example_dags/example_skip_dag.py
[2025-12-11T23:41:09.950+0000] {processor.py:830} INFO - Processing file /home/airflow/.local/lib/python3.9/site-packages/airflow/example_dags/example_skip_dag.py for tasks to queue
[2025-12-11T23:41:09.953+0000] {logging_mixin.py:188} INFO - [2025-12-11T23:41:09.953+0000] {dagbag.py:545} INFO - Filling up the DagBag from /home/airflow/.local/lib/python3.9/site-packages/airflow/example_dags/example_skip_dag.py
[2025-12-11T23:41:09.970+0000] {processor.py:840} INFO - DAG(s) 'example_skip_dag' retrieved from /home/airflow/.local/lib/python3.9/site-packages/airflow/example_dags/example_skip_dag.py
[2025-12-11T23:41:10.036+0000] {logging_mixin.py:188} INFO - [2025-12-11T23:41:10.036+0000] {dag.py:3096} INFO - Sync 1 DAGs
[2025-12-11T23:41:10.095+0000] {logging_mixin.py:188} INFO - [2025-12-11T23:41:10.095+0000] {dag.py:3954} INFO - Setting next_dagrun for example_skip_dag to 2025-12-10 00:00:00+00:00, run_after=2025-12-11 00:00:00+00:00
[2025-12-11T23:41:10.156+0000] {processor.py:183} INFO - Processing /home/airflow/.local/lib/python3.9/site-packages/airflow/example_dags/example_skip_dag.py took 0.226 seconds
[2025-12-11T23:41:40.313+0000] {processor.py:161} INFO - Started process (PID=6612) to work on /home/airflow/.local/lib/python3.9/site-packages/airflow/example_dags/example_skip_dag.py
[2025-12-11T23:41:40.330+0000] {processor.py:830} INFO - Processing file /home/airflow/.local/lib/python3.9/site-packages/airflow/example_dags/example_skip_dag.py for tasks to queue
[2025-12-11T23:41:40.333+0000] {logging_mixin.py:188} INFO - [2025-12-11T23:41:40.333+0000] {dagbag.py:545} INFO - Filling up the DagBag from /home/airflow/.local/lib/python3.9/site-packages/airflow/example_dags/example_skip_dag.py
[2025-12-11T23:41:40.377+0000] {processor.py:840} INFO - DAG(s) 'example_skip_dag' retrieved from /home/airflow/.local/lib/python3.9/site-packages/airflow/example_dags/example_skip_dag.py
[2025-12-11T23:41:40.532+0000] {logging_mixin.py:188} INFO - [2025-12-11T23:41:40.531+0000] {dag.py:3096} INFO - Sync 1 DAGs
[2025-12-11T23:41:40.633+0000] {logging_mixin.py:188} INFO - [2025-12-11T23:41:40.633+0000] {dag.py:3954} INFO - Setting next_dagrun for example_skip_dag to 2025-12-10 00:00:00+00:00, run_after=2025-12-11 00:00:00+00:00
[2025-12-11T23:41:40.694+0000] {processor.py:183} INFO - Processing /home/airflow/.local/lib/python3.9/site-packages/airflow/example_dags/example_skip_dag.py took 0.401 seconds
[2025-12-11T23:42:11.470+0000] {processor.py:161} INFO - Started process (PID=6679) to work on /home/airflow/.local/lib/python3.9/site-packages/airflow/example_dags/example_skip_dag.py
[2025-12-11T23:42:11.472+0000] {processor.py:830} INFO - Processing file /home/airflow/.local/lib/python3.9/site-packages/airflow/example_dags/example_skip_dag.py for tasks to queue
[2025-12-11T23:42:11.476+0000] {logging_mixin.py:188} INFO - [2025-12-11T23:42:11.475+0000] {dagbag.py:545} INFO - Filling up the DagBag from /home/airflow/.local/lib/python3.9/site-packages/airflow/example_dags/example_skip_dag.py
[2025-12-11T23:42:11.499+0000] {processor.py:840} INFO - DAG(s) 'example_skip_dag' retrieved from /home/airflow/.local/lib/python3.9/site-packages/airflow/example_dags/example_skip_dag.py
[2025-12-11T23:42:11.631+0000] {logging_mixin.py:188} INFO - [2025-12-11T23:42:11.630+0000] {dag.py:3096} INFO - Sync 1 DAGs
[2025-12-11T23:42:11.720+0000] {logging_mixin.py:188} INFO - [2025-12-11T23:42:11.718+0000] {dag.py:3954} INFO - Setting next_dagrun for example_skip_dag to 2025-12-10 00:00:00+00:00, run_after=2025-12-11 00:00:00+00:00
[2025-12-11T23:42:11.794+0000] {processor.py:183} INFO - Processing /home/airflow/.local/lib/python3.9/site-packages/airflow/example_dags/example_skip_dag.py took 0.358 seconds
