[2025-12-11T22:52:06.917+0000] {processor.py:161} INFO - Started process (PID=104) to work on /home/airflow/.local/lib/python3.9/site-packages/airflow/example_dags/example_branch_python_dop_operator_3.py
[2025-12-11T22:52:06.918+0000] {processor.py:830} INFO - Processing file /home/airflow/.local/lib/python3.9/site-packages/airflow/example_dags/example_branch_python_dop_operator_3.py for tasks to queue
[2025-12-11T22:52:06.934+0000] {logging_mixin.py:188} INFO - [2025-12-11T22:52:06.934+0000] {dagbag.py:545} INFO - Filling up the DagBag from /home/airflow/.local/lib/python3.9/site-packages/airflow/example_dags/example_branch_python_dop_operator_3.py
[2025-12-11T22:52:07.032+0000] {processor.py:840} INFO - DAG(s) 'example_branch_dop_operator_v3' retrieved from /home/airflow/.local/lib/python3.9/site-packages/airflow/example_dags/example_branch_python_dop_operator_3.py
[2025-12-11T22:52:08.310+0000] {logging_mixin.py:188} INFO - [2025-12-11T22:52:08.297+0000] {dag.py:3096} INFO - Sync 1 DAGs
[2025-12-11T22:52:08.551+0000] {logging_mixin.py:188} INFO - [2025-12-11T22:52:08.551+0000] {dag.py:3954} INFO - Setting next_dagrun for example_branch_dop_operator_v3 to 2025-12-11 22:51:00+00:00, run_after=2025-12-11 22:52:00+00:00
[2025-12-11T22:52:08.909+0000] {processor.py:183} INFO - Processing /home/airflow/.local/lib/python3.9/site-packages/airflow/example_dags/example_branch_python_dop_operator_3.py took 2.035 seconds
[2025-12-11T22:52:50.817+0000] {processor.py:161} INFO - Started process (PID=176) to work on /home/airflow/.local/lib/python3.9/site-packages/airflow/example_dags/example_branch_python_dop_operator_3.py
[2025-12-11T22:52:50.842+0000] {processor.py:830} INFO - Processing file /home/airflow/.local/lib/python3.9/site-packages/airflow/example_dags/example_branch_python_dop_operator_3.py for tasks to queue
[2025-12-11T22:52:50.845+0000] {logging_mixin.py:188} INFO - [2025-12-11T22:52:50.844+0000] {dagbag.py:545} INFO - Filling up the DagBag from /home/airflow/.local/lib/python3.9/site-packages/airflow/example_dags/example_branch_python_dop_operator_3.py
[2025-12-11T22:52:50.876+0000] {processor.py:840} INFO - DAG(s) 'example_branch_dop_operator_v3' retrieved from /home/airflow/.local/lib/python3.9/site-packages/airflow/example_dags/example_branch_python_dop_operator_3.py
[2025-12-11T22:52:50.957+0000] {logging_mixin.py:188} INFO - [2025-12-11T22:52:50.956+0000] {dag.py:3096} INFO - Sync 1 DAGs
[2025-12-11T22:52:51.078+0000] {logging_mixin.py:188} INFO - [2025-12-11T22:52:51.077+0000] {dag.py:3954} INFO - Setting next_dagrun for example_branch_dop_operator_v3 to 2025-12-11 22:51:00+00:00, run_after=2025-12-11 22:52:00+00:00
[2025-12-11T22:52:51.171+0000] {processor.py:183} INFO - Processing /home/airflow/.local/lib/python3.9/site-packages/airflow/example_dags/example_branch_python_dop_operator_3.py took 0.376 seconds
[2025-12-11T22:53:21.769+0000] {processor.py:161} INFO - Started process (PID=235) to work on /home/airflow/.local/lib/python3.9/site-packages/airflow/example_dags/example_branch_python_dop_operator_3.py
[2025-12-11T22:53:21.772+0000] {processor.py:830} INFO - Processing file /home/airflow/.local/lib/python3.9/site-packages/airflow/example_dags/example_branch_python_dop_operator_3.py for tasks to queue
[2025-12-11T22:53:21.792+0000] {logging_mixin.py:188} INFO - [2025-12-11T22:53:21.791+0000] {dagbag.py:545} INFO - Filling up the DagBag from /home/airflow/.local/lib/python3.9/site-packages/airflow/example_dags/example_branch_python_dop_operator_3.py
[2025-12-11T22:53:21.850+0000] {processor.py:840} INFO - DAG(s) 'example_branch_dop_operator_v3' retrieved from /home/airflow/.local/lib/python3.9/site-packages/airflow/example_dags/example_branch_python_dop_operator_3.py
[2025-12-11T22:53:21.977+0000] {logging_mixin.py:188} INFO - [2025-12-11T22:53:21.977+0000] {dag.py:3096} INFO - Sync 1 DAGs
[2025-12-11T22:53:22.136+0000] {logging_mixin.py:188} INFO - [2025-12-11T22:53:22.135+0000] {dag.py:3954} INFO - Setting next_dagrun for example_branch_dop_operator_v3 to 2025-12-11 22:52:00+00:00, run_after=2025-12-11 22:53:00+00:00
[2025-12-11T22:53:22.216+0000] {processor.py:183} INFO - Processing /home/airflow/.local/lib/python3.9/site-packages/airflow/example_dags/example_branch_python_dop_operator_3.py took 0.501 seconds
[2025-12-11T22:53:52.432+0000] {processor.py:161} INFO - Started process (PID=300) to work on /home/airflow/.local/lib/python3.9/site-packages/airflow/example_dags/example_branch_python_dop_operator_3.py
[2025-12-11T22:53:52.711+0000] {processor.py:830} INFO - Processing file /home/airflow/.local/lib/python3.9/site-packages/airflow/example_dags/example_branch_python_dop_operator_3.py for tasks to queue
[2025-12-11T22:53:52.717+0000] {logging_mixin.py:188} INFO - [2025-12-11T22:53:52.716+0000] {dagbag.py:545} INFO - Filling up the DagBag from /home/airflow/.local/lib/python3.9/site-packages/airflow/example_dags/example_branch_python_dop_operator_3.py
[2025-12-11T22:53:52.772+0000] {processor.py:840} INFO - DAG(s) 'example_branch_dop_operator_v3' retrieved from /home/airflow/.local/lib/python3.9/site-packages/airflow/example_dags/example_branch_python_dop_operator_3.py
[2025-12-11T22:53:53.159+0000] {logging_mixin.py:188} INFO - [2025-12-11T22:53:53.158+0000] {dag.py:3096} INFO - Sync 1 DAGs
[2025-12-11T22:53:53.413+0000] {logging_mixin.py:188} INFO - [2025-12-11T22:53:53.413+0000] {dag.py:3954} INFO - Setting next_dagrun for example_branch_dop_operator_v3 to 2025-12-11 22:52:00+00:00, run_after=2025-12-11 22:53:00+00:00
[2025-12-11T22:53:53.598+0000] {processor.py:183} INFO - Processing /home/airflow/.local/lib/python3.9/site-packages/airflow/example_dags/example_branch_python_dop_operator_3.py took 1.202 seconds
[2025-12-11T22:54:24.037+0000] {processor.py:161} INFO - Started process (PID=359) to work on /home/airflow/.local/lib/python3.9/site-packages/airflow/example_dags/example_branch_python_dop_operator_3.py
[2025-12-11T22:54:24.044+0000] {processor.py:830} INFO - Processing file /home/airflow/.local/lib/python3.9/site-packages/airflow/example_dags/example_branch_python_dop_operator_3.py for tasks to queue
[2025-12-11T22:54:24.047+0000] {logging_mixin.py:188} INFO - [2025-12-11T22:54:24.047+0000] {dagbag.py:545} INFO - Filling up the DagBag from /home/airflow/.local/lib/python3.9/site-packages/airflow/example_dags/example_branch_python_dop_operator_3.py
[2025-12-11T22:54:24.062+0000] {processor.py:840} INFO - DAG(s) 'example_branch_dop_operator_v3' retrieved from /home/airflow/.local/lib/python3.9/site-packages/airflow/example_dags/example_branch_python_dop_operator_3.py
[2025-12-11T22:54:24.106+0000] {logging_mixin.py:188} INFO - [2025-12-11T22:54:24.105+0000] {dag.py:3096} INFO - Sync 1 DAGs
[2025-12-11T22:54:24.162+0000] {logging_mixin.py:188} INFO - [2025-12-11T22:54:24.161+0000] {dag.py:3954} INFO - Setting next_dagrun for example_branch_dop_operator_v3 to 2025-12-11 22:53:00+00:00, run_after=2025-12-11 22:54:00+00:00
[2025-12-11T22:54:24.206+0000] {processor.py:183} INFO - Processing /home/airflow/.local/lib/python3.9/site-packages/airflow/example_dags/example_branch_python_dop_operator_3.py took 0.180 seconds
[2025-12-11T22:54:54.659+0000] {processor.py:161} INFO - Started process (PID=425) to work on /home/airflow/.local/lib/python3.9/site-packages/airflow/example_dags/example_branch_python_dop_operator_3.py
[2025-12-11T22:54:54.664+0000] {processor.py:830} INFO - Processing file /home/airflow/.local/lib/python3.9/site-packages/airflow/example_dags/example_branch_python_dop_operator_3.py for tasks to queue
[2025-12-11T22:54:54.667+0000] {logging_mixin.py:188} INFO - [2025-12-11T22:54:54.666+0000] {dagbag.py:545} INFO - Filling up the DagBag from /home/airflow/.local/lib/python3.9/site-packages/airflow/example_dags/example_branch_python_dop_operator_3.py
[2025-12-11T22:54:54.683+0000] {processor.py:840} INFO - DAG(s) 'example_branch_dop_operator_v3' retrieved from /home/airflow/.local/lib/python3.9/site-packages/airflow/example_dags/example_branch_python_dop_operator_3.py
[2025-12-11T22:54:54.721+0000] {logging_mixin.py:188} INFO - [2025-12-11T22:54:54.721+0000] {dag.py:3096} INFO - Sync 1 DAGs
[2025-12-11T22:54:54.768+0000] {logging_mixin.py:188} INFO - [2025-12-11T22:54:54.767+0000] {dag.py:3954} INFO - Setting next_dagrun for example_branch_dop_operator_v3 to 2025-12-11 22:53:00+00:00, run_after=2025-12-11 22:54:00+00:00
[2025-12-11T22:54:55.057+0000] {processor.py:183} INFO - Processing /home/airflow/.local/lib/python3.9/site-packages/airflow/example_dags/example_branch_python_dop_operator_3.py took 0.413 seconds
[2025-12-11T22:55:25.609+0000] {processor.py:161} INFO - Started process (PID=491) to work on /home/airflow/.local/lib/python3.9/site-packages/airflow/example_dags/example_branch_python_dop_operator_3.py
[2025-12-11T22:55:25.611+0000] {processor.py:830} INFO - Processing file /home/airflow/.local/lib/python3.9/site-packages/airflow/example_dags/example_branch_python_dop_operator_3.py for tasks to queue
[2025-12-11T22:55:25.613+0000] {logging_mixin.py:188} INFO - [2025-12-11T22:55:25.613+0000] {dagbag.py:545} INFO - Filling up the DagBag from /home/airflow/.local/lib/python3.9/site-packages/airflow/example_dags/example_branch_python_dop_operator_3.py
[2025-12-11T22:55:25.628+0000] {processor.py:840} INFO - DAG(s) 'example_branch_dop_operator_v3' retrieved from /home/airflow/.local/lib/python3.9/site-packages/airflow/example_dags/example_branch_python_dop_operator_3.py
[2025-12-11T22:55:25.668+0000] {logging_mixin.py:188} INFO - [2025-12-11T22:55:25.668+0000] {dag.py:3096} INFO - Sync 1 DAGs
[2025-12-11T22:55:25.714+0000] {logging_mixin.py:188} INFO - [2025-12-11T22:55:25.713+0000] {dag.py:3954} INFO - Setting next_dagrun for example_branch_dop_operator_v3 to 2025-12-11 22:54:00+00:00, run_after=2025-12-11 22:55:00+00:00
[2025-12-11T22:55:25.740+0000] {processor.py:183} INFO - Processing /home/airflow/.local/lib/python3.9/site-packages/airflow/example_dags/example_branch_python_dop_operator_3.py took 0.142 seconds
[2025-12-11T22:55:56.144+0000] {processor.py:161} INFO - Started process (PID=557) to work on /home/airflow/.local/lib/python3.9/site-packages/airflow/example_dags/example_branch_python_dop_operator_3.py
[2025-12-11T22:55:56.146+0000] {processor.py:830} INFO - Processing file /home/airflow/.local/lib/python3.9/site-packages/airflow/example_dags/example_branch_python_dop_operator_3.py for tasks to queue
[2025-12-11T22:55:56.151+0000] {logging_mixin.py:188} INFO - [2025-12-11T22:55:56.150+0000] {dagbag.py:545} INFO - Filling up the DagBag from /home/airflow/.local/lib/python3.9/site-packages/airflow/example_dags/example_branch_python_dop_operator_3.py
[2025-12-11T22:55:56.174+0000] {processor.py:840} INFO - DAG(s) 'example_branch_dop_operator_v3' retrieved from /home/airflow/.local/lib/python3.9/site-packages/airflow/example_dags/example_branch_python_dop_operator_3.py
[2025-12-11T22:55:56.220+0000] {logging_mixin.py:188} INFO - [2025-12-11T22:55:56.219+0000] {dag.py:3096} INFO - Sync 1 DAGs
[2025-12-11T22:55:56.265+0000] {logging_mixin.py:188} INFO - [2025-12-11T22:55:56.265+0000] {dag.py:3954} INFO - Setting next_dagrun for example_branch_dop_operator_v3 to 2025-12-11 22:54:00+00:00, run_after=2025-12-11 22:55:00+00:00
[2025-12-11T22:55:56.295+0000] {processor.py:183} INFO - Processing /home/airflow/.local/lib/python3.9/site-packages/airflow/example_dags/example_branch_python_dop_operator_3.py took 0.161 seconds
[2025-12-11T22:56:26.692+0000] {processor.py:161} INFO - Started process (PID=623) to work on /home/airflow/.local/lib/python3.9/site-packages/airflow/example_dags/example_branch_python_dop_operator_3.py
[2025-12-11T22:56:26.693+0000] {processor.py:830} INFO - Processing file /home/airflow/.local/lib/python3.9/site-packages/airflow/example_dags/example_branch_python_dop_operator_3.py for tasks to queue
[2025-12-11T22:56:26.696+0000] {logging_mixin.py:188} INFO - [2025-12-11T22:56:26.695+0000] {dagbag.py:545} INFO - Filling up the DagBag from /home/airflow/.local/lib/python3.9/site-packages/airflow/example_dags/example_branch_python_dop_operator_3.py
[2025-12-11T22:56:26.711+0000] {processor.py:840} INFO - DAG(s) 'example_branch_dop_operator_v3' retrieved from /home/airflow/.local/lib/python3.9/site-packages/airflow/example_dags/example_branch_python_dop_operator_3.py
[2025-12-11T22:56:26.749+0000] {logging_mixin.py:188} INFO - [2025-12-11T22:56:26.749+0000] {dag.py:3096} INFO - Sync 1 DAGs
[2025-12-11T22:56:26.796+0000] {logging_mixin.py:188} INFO - [2025-12-11T22:56:26.795+0000] {dag.py:3954} INFO - Setting next_dagrun for example_branch_dop_operator_v3 to 2025-12-11 22:55:00+00:00, run_after=2025-12-11 22:56:00+00:00
[2025-12-11T22:56:26.829+0000] {processor.py:183} INFO - Processing /home/airflow/.local/lib/python3.9/site-packages/airflow/example_dags/example_branch_python_dop_operator_3.py took 0.148 seconds
[2025-12-11T22:56:57.540+0000] {processor.py:161} INFO - Started process (PID=689) to work on /home/airflow/.local/lib/python3.9/site-packages/airflow/example_dags/example_branch_python_dop_operator_3.py
[2025-12-11T22:56:57.625+0000] {processor.py:830} INFO - Processing file /home/airflow/.local/lib/python3.9/site-packages/airflow/example_dags/example_branch_python_dop_operator_3.py for tasks to queue
[2025-12-11T22:56:57.628+0000] {logging_mixin.py:188} INFO - [2025-12-11T22:56:57.628+0000] {dagbag.py:545} INFO - Filling up the DagBag from /home/airflow/.local/lib/python3.9/site-packages/airflow/example_dags/example_branch_python_dop_operator_3.py
[2025-12-11T22:56:57.641+0000] {processor.py:840} INFO - DAG(s) 'example_branch_dop_operator_v3' retrieved from /home/airflow/.local/lib/python3.9/site-packages/airflow/example_dags/example_branch_python_dop_operator_3.py
[2025-12-11T22:56:57.678+0000] {logging_mixin.py:188} INFO - [2025-12-11T22:56:57.678+0000] {dag.py:3096} INFO - Sync 1 DAGs
[2025-12-11T22:56:57.732+0000] {logging_mixin.py:188} INFO - [2025-12-11T22:56:57.732+0000] {dag.py:3954} INFO - Setting next_dagrun for example_branch_dop_operator_v3 to 2025-12-11 22:55:00+00:00, run_after=2025-12-11 22:56:00+00:00
[2025-12-11T22:56:57.779+0000] {processor.py:183} INFO - Processing /home/airflow/.local/lib/python3.9/site-packages/airflow/example_dags/example_branch_python_dop_operator_3.py took 0.250 seconds
[2025-12-11T22:57:28.141+0000] {processor.py:161} INFO - Started process (PID=755) to work on /home/airflow/.local/lib/python3.9/site-packages/airflow/example_dags/example_branch_python_dop_operator_3.py
[2025-12-11T22:57:28.143+0000] {processor.py:830} INFO - Processing file /home/airflow/.local/lib/python3.9/site-packages/airflow/example_dags/example_branch_python_dop_operator_3.py for tasks to queue
[2025-12-11T22:57:28.146+0000] {logging_mixin.py:188} INFO - [2025-12-11T22:57:28.145+0000] {dagbag.py:545} INFO - Filling up the DagBag from /home/airflow/.local/lib/python3.9/site-packages/airflow/example_dags/example_branch_python_dop_operator_3.py
[2025-12-11T22:57:28.160+0000] {processor.py:840} INFO - DAG(s) 'example_branch_dop_operator_v3' retrieved from /home/airflow/.local/lib/python3.9/site-packages/airflow/example_dags/example_branch_python_dop_operator_3.py
[2025-12-11T22:57:28.198+0000] {logging_mixin.py:188} INFO - [2025-12-11T22:57:28.198+0000] {dag.py:3096} INFO - Sync 1 DAGs
[2025-12-11T22:57:28.241+0000] {logging_mixin.py:188} INFO - [2025-12-11T22:57:28.240+0000] {dag.py:3954} INFO - Setting next_dagrun for example_branch_dop_operator_v3 to 2025-12-11 22:56:00+00:00, run_after=2025-12-11 22:57:00+00:00
[2025-12-11T22:57:28.268+0000] {processor.py:183} INFO - Processing /home/airflow/.local/lib/python3.9/site-packages/airflow/example_dags/example_branch_python_dop_operator_3.py took 0.137 seconds
[2025-12-11T22:57:58.654+0000] {processor.py:161} INFO - Started process (PID=819) to work on /home/airflow/.local/lib/python3.9/site-packages/airflow/example_dags/example_branch_python_dop_operator_3.py
[2025-12-11T22:57:58.655+0000] {processor.py:830} INFO - Processing file /home/airflow/.local/lib/python3.9/site-packages/airflow/example_dags/example_branch_python_dop_operator_3.py for tasks to queue
[2025-12-11T22:57:58.658+0000] {logging_mixin.py:188} INFO - [2025-12-11T22:57:58.657+0000] {dagbag.py:545} INFO - Filling up the DagBag from /home/airflow/.local/lib/python3.9/site-packages/airflow/example_dags/example_branch_python_dop_operator_3.py
[2025-12-11T22:57:58.691+0000] {processor.py:840} INFO - DAG(s) 'example_branch_dop_operator_v3' retrieved from /home/airflow/.local/lib/python3.9/site-packages/airflow/example_dags/example_branch_python_dop_operator_3.py
[2025-12-11T22:57:58.757+0000] {logging_mixin.py:188} INFO - [2025-12-11T22:57:58.756+0000] {dag.py:3096} INFO - Sync 1 DAGs
[2025-12-11T22:57:58.871+0000] {logging_mixin.py:188} INFO - [2025-12-11T22:57:58.871+0000] {dag.py:3954} INFO - Setting next_dagrun for example_branch_dop_operator_v3 to 2025-12-11 22:56:00+00:00, run_after=2025-12-11 22:57:00+00:00
[2025-12-11T22:57:58.950+0000] {processor.py:183} INFO - Processing /home/airflow/.local/lib/python3.9/site-packages/airflow/example_dags/example_branch_python_dop_operator_3.py took 0.307 seconds
[2025-12-11T22:58:29.525+0000] {processor.py:161} INFO - Started process (PID=885) to work on /home/airflow/.local/lib/python3.9/site-packages/airflow/example_dags/example_branch_python_dop_operator_3.py
[2025-12-11T22:58:29.527+0000] {processor.py:830} INFO - Processing file /home/airflow/.local/lib/python3.9/site-packages/airflow/example_dags/example_branch_python_dop_operator_3.py for tasks to queue
[2025-12-11T22:58:29.531+0000] {logging_mixin.py:188} INFO - [2025-12-11T22:58:29.530+0000] {dagbag.py:545} INFO - Filling up the DagBag from /home/airflow/.local/lib/python3.9/site-packages/airflow/example_dags/example_branch_python_dop_operator_3.py
[2025-12-11T22:58:29.546+0000] {processor.py:840} INFO - DAG(s) 'example_branch_dop_operator_v3' retrieved from /home/airflow/.local/lib/python3.9/site-packages/airflow/example_dags/example_branch_python_dop_operator_3.py
[2025-12-11T22:58:29.592+0000] {logging_mixin.py:188} INFO - [2025-12-11T22:58:29.591+0000] {dag.py:3096} INFO - Sync 1 DAGs
[2025-12-11T22:58:29.664+0000] {logging_mixin.py:188} INFO - [2025-12-11T22:58:29.663+0000] {dag.py:3954} INFO - Setting next_dagrun for example_branch_dop_operator_v3 to 2025-12-11 22:57:00+00:00, run_after=2025-12-11 22:58:00+00:00
[2025-12-11T22:58:29.700+0000] {processor.py:183} INFO - Processing /home/airflow/.local/lib/python3.9/site-packages/airflow/example_dags/example_branch_python_dop_operator_3.py took 0.190 seconds
[2025-12-11T22:59:00.174+0000] {processor.py:161} INFO - Started process (PID=951) to work on /home/airflow/.local/lib/python3.9/site-packages/airflow/example_dags/example_branch_python_dop_operator_3.py
[2025-12-11T22:59:00.177+0000] {processor.py:830} INFO - Processing file /home/airflow/.local/lib/python3.9/site-packages/airflow/example_dags/example_branch_python_dop_operator_3.py for tasks to queue
[2025-12-11T22:59:00.180+0000] {logging_mixin.py:188} INFO - [2025-12-11T22:59:00.179+0000] {dagbag.py:545} INFO - Filling up the DagBag from /home/airflow/.local/lib/python3.9/site-packages/airflow/example_dags/example_branch_python_dop_operator_3.py
[2025-12-11T22:59:00.193+0000] {processor.py:840} INFO - DAG(s) 'example_branch_dop_operator_v3' retrieved from /home/airflow/.local/lib/python3.9/site-packages/airflow/example_dags/example_branch_python_dop_operator_3.py
[2025-12-11T22:59:00.227+0000] {logging_mixin.py:188} INFO - [2025-12-11T22:59:00.227+0000] {dag.py:3096} INFO - Sync 1 DAGs
[2025-12-11T22:59:00.268+0000] {logging_mixin.py:188} INFO - [2025-12-11T22:59:00.268+0000] {dag.py:3954} INFO - Setting next_dagrun for example_branch_dop_operator_v3 to 2025-12-11 22:58:00+00:00, run_after=2025-12-11 22:59:00+00:00
[2025-12-11T22:59:00.294+0000] {processor.py:183} INFO - Processing /home/airflow/.local/lib/python3.9/site-packages/airflow/example_dags/example_branch_python_dop_operator_3.py took 0.131 seconds
[2025-12-11T22:59:30.713+0000] {processor.py:161} INFO - Started process (PID=1024) to work on /home/airflow/.local/lib/python3.9/site-packages/airflow/example_dags/example_branch_python_dop_operator_3.py
[2025-12-11T22:59:30.723+0000] {processor.py:830} INFO - Processing file /home/airflow/.local/lib/python3.9/site-packages/airflow/example_dags/example_branch_python_dop_operator_3.py for tasks to queue
[2025-12-11T22:59:30.732+0000] {logging_mixin.py:188} INFO - [2025-12-11T22:59:30.731+0000] {dagbag.py:545} INFO - Filling up the DagBag from /home/airflow/.local/lib/python3.9/site-packages/airflow/example_dags/example_branch_python_dop_operator_3.py
[2025-12-11T22:59:30.755+0000] {processor.py:840} INFO - DAG(s) 'example_branch_dop_operator_v3' retrieved from /home/airflow/.local/lib/python3.9/site-packages/airflow/example_dags/example_branch_python_dop_operator_3.py
[2025-12-11T22:59:30.796+0000] {logging_mixin.py:188} INFO - [2025-12-11T22:59:30.796+0000] {dag.py:3096} INFO - Sync 1 DAGs
[2025-12-11T22:59:30.849+0000] {logging_mixin.py:188} INFO - [2025-12-11T22:59:30.849+0000] {dag.py:3954} INFO - Setting next_dagrun for example_branch_dop_operator_v3 to 2025-12-11 22:58:00+00:00, run_after=2025-12-11 22:59:00+00:00
[2025-12-11T22:59:30.880+0000] {processor.py:183} INFO - Processing /home/airflow/.local/lib/python3.9/site-packages/airflow/example_dags/example_branch_python_dop_operator_3.py took 0.186 seconds
[2025-12-11T23:00:01.150+0000] {processor.py:161} INFO - Started process (PID=1090) to work on /home/airflow/.local/lib/python3.9/site-packages/airflow/example_dags/example_branch_python_dop_operator_3.py
[2025-12-11T23:00:01.152+0000] {processor.py:830} INFO - Processing file /home/airflow/.local/lib/python3.9/site-packages/airflow/example_dags/example_branch_python_dop_operator_3.py for tasks to queue
[2025-12-11T23:00:01.155+0000] {logging_mixin.py:188} INFO - [2025-12-11T23:00:01.155+0000] {dagbag.py:545} INFO - Filling up the DagBag from /home/airflow/.local/lib/python3.9/site-packages/airflow/example_dags/example_branch_python_dop_operator_3.py
[2025-12-11T23:00:01.175+0000] {processor.py:840} INFO - DAG(s) 'example_branch_dop_operator_v3' retrieved from /home/airflow/.local/lib/python3.9/site-packages/airflow/example_dags/example_branch_python_dop_operator_3.py
[2025-12-11T23:00:01.273+0000] {logging_mixin.py:188} INFO - [2025-12-11T23:00:01.272+0000] {dag.py:3096} INFO - Sync 1 DAGs
[2025-12-11T23:00:01.393+0000] {logging_mixin.py:188} INFO - [2025-12-11T23:00:01.393+0000] {dag.py:3954} INFO - Setting next_dagrun for example_branch_dop_operator_v3 to 2025-12-11 22:59:00+00:00, run_after=2025-12-11 23:00:00+00:00
[2025-12-11T23:00:01.440+0000] {processor.py:183} INFO - Processing /home/airflow/.local/lib/python3.9/site-packages/airflow/example_dags/example_branch_python_dop_operator_3.py took 0.310 seconds
[2025-12-11T23:00:32.207+0000] {processor.py:161} INFO - Started process (PID=1149) to work on /home/airflow/.local/lib/python3.9/site-packages/airflow/example_dags/example_branch_python_dop_operator_3.py
[2025-12-11T23:00:32.208+0000] {processor.py:830} INFO - Processing file /home/airflow/.local/lib/python3.9/site-packages/airflow/example_dags/example_branch_python_dop_operator_3.py for tasks to queue
[2025-12-11T23:00:32.211+0000] {logging_mixin.py:188} INFO - [2025-12-11T23:00:32.210+0000] {dagbag.py:545} INFO - Filling up the DagBag from /home/airflow/.local/lib/python3.9/site-packages/airflow/example_dags/example_branch_python_dop_operator_3.py
[2025-12-11T23:00:32.223+0000] {processor.py:840} INFO - DAG(s) 'example_branch_dop_operator_v3' retrieved from /home/airflow/.local/lib/python3.9/site-packages/airflow/example_dags/example_branch_python_dop_operator_3.py
[2025-12-11T23:00:32.259+0000] {logging_mixin.py:188} INFO - [2025-12-11T23:00:32.259+0000] {dag.py:3096} INFO - Sync 1 DAGs
[2025-12-11T23:00:32.315+0000] {logging_mixin.py:188} INFO - [2025-12-11T23:00:32.314+0000] {dag.py:3954} INFO - Setting next_dagrun for example_branch_dop_operator_v3 to 2025-12-11 22:59:00+00:00, run_after=2025-12-11 23:00:00+00:00
[2025-12-11T23:00:32.344+0000] {processor.py:183} INFO - Processing /home/airflow/.local/lib/python3.9/site-packages/airflow/example_dags/example_branch_python_dop_operator_3.py took 0.147 seconds
[2025-12-11T23:01:02.541+0000] {processor.py:161} INFO - Started process (PID=1222) to work on /home/airflow/.local/lib/python3.9/site-packages/airflow/example_dags/example_branch_python_dop_operator_3.py
[2025-12-11T23:01:02.554+0000] {processor.py:830} INFO - Processing file /home/airflow/.local/lib/python3.9/site-packages/airflow/example_dags/example_branch_python_dop_operator_3.py for tasks to queue
[2025-12-11T23:01:02.561+0000] {logging_mixin.py:188} INFO - [2025-12-11T23:01:02.560+0000] {dagbag.py:545} INFO - Filling up the DagBag from /home/airflow/.local/lib/python3.9/site-packages/airflow/example_dags/example_branch_python_dop_operator_3.py
[2025-12-11T23:01:02.591+0000] {processor.py:840} INFO - DAG(s) 'example_branch_dop_operator_v3' retrieved from /home/airflow/.local/lib/python3.9/site-packages/airflow/example_dags/example_branch_python_dop_operator_3.py
[2025-12-11T23:01:02.660+0000] {logging_mixin.py:188} INFO - [2025-12-11T23:01:02.660+0000] {dag.py:3096} INFO - Sync 1 DAGs
[2025-12-11T23:01:02.742+0000] {logging_mixin.py:188} INFO - [2025-12-11T23:01:02.742+0000] {dag.py:3954} INFO - Setting next_dagrun for example_branch_dop_operator_v3 to 2025-12-11 23:00:00+00:00, run_after=2025-12-11 23:01:00+00:00
[2025-12-11T23:01:02.819+0000] {processor.py:183} INFO - Processing /home/airflow/.local/lib/python3.9/site-packages/airflow/example_dags/example_branch_python_dop_operator_3.py took 0.301 seconds
[2025-12-11T23:01:33.137+0000] {processor.py:161} INFO - Started process (PID=1288) to work on /home/airflow/.local/lib/python3.9/site-packages/airflow/example_dags/example_branch_python_dop_operator_3.py
[2025-12-11T23:01:33.138+0000] {processor.py:830} INFO - Processing file /home/airflow/.local/lib/python3.9/site-packages/airflow/example_dags/example_branch_python_dop_operator_3.py for tasks to queue
[2025-12-11T23:01:33.150+0000] {logging_mixin.py:188} INFO - [2025-12-11T23:01:33.150+0000] {dagbag.py:545} INFO - Filling up the DagBag from /home/airflow/.local/lib/python3.9/site-packages/airflow/example_dags/example_branch_python_dop_operator_3.py
[2025-12-11T23:01:33.173+0000] {processor.py:840} INFO - DAG(s) 'example_branch_dop_operator_v3' retrieved from /home/airflow/.local/lib/python3.9/site-packages/airflow/example_dags/example_branch_python_dop_operator_3.py
[2025-12-11T23:01:33.249+0000] {logging_mixin.py:188} INFO - [2025-12-11T23:01:33.241+0000] {dag.py:3096} INFO - Sync 1 DAGs
[2025-12-11T23:01:33.333+0000] {logging_mixin.py:188} INFO - [2025-12-11T23:01:33.333+0000] {dag.py:3954} INFO - Setting next_dagrun for example_branch_dop_operator_v3 to 2025-12-11 23:00:00+00:00, run_after=2025-12-11 23:01:00+00:00
[2025-12-11T23:01:33.396+0000] {processor.py:183} INFO - Processing /home/airflow/.local/lib/python3.9/site-packages/airflow/example_dags/example_branch_python_dop_operator_3.py took 0.282 seconds
[2025-12-11T23:02:03.773+0000] {processor.py:161} INFO - Started process (PID=1355) to work on /home/airflow/.local/lib/python3.9/site-packages/airflow/example_dags/example_branch_python_dop_operator_3.py
[2025-12-11T23:02:03.775+0000] {processor.py:830} INFO - Processing file /home/airflow/.local/lib/python3.9/site-packages/airflow/example_dags/example_branch_python_dop_operator_3.py for tasks to queue
[2025-12-11T23:02:03.777+0000] {logging_mixin.py:188} INFO - [2025-12-11T23:02:03.777+0000] {dagbag.py:545} INFO - Filling up the DagBag from /home/airflow/.local/lib/python3.9/site-packages/airflow/example_dags/example_branch_python_dop_operator_3.py
[2025-12-11T23:02:03.798+0000] {processor.py:840} INFO - DAG(s) 'example_branch_dop_operator_v3' retrieved from /home/airflow/.local/lib/python3.9/site-packages/airflow/example_dags/example_branch_python_dop_operator_3.py
[2025-12-11T23:02:03.892+0000] {logging_mixin.py:188} INFO - [2025-12-11T23:02:03.892+0000] {dag.py:3096} INFO - Sync 1 DAGs
[2025-12-11T23:02:03.997+0000] {logging_mixin.py:188} INFO - [2025-12-11T23:02:03.996+0000] {dag.py:3954} INFO - Setting next_dagrun for example_branch_dop_operator_v3 to 2025-12-11 23:01:00+00:00, run_after=2025-12-11 23:02:00+00:00
[2025-12-11T23:02:04.089+0000] {processor.py:183} INFO - Processing /home/airflow/.local/lib/python3.9/site-packages/airflow/example_dags/example_branch_python_dop_operator_3.py took 0.326 seconds
[2025-12-11T23:02:34.253+0000] {processor.py:161} INFO - Started process (PID=1422) to work on /home/airflow/.local/lib/python3.9/site-packages/airflow/example_dags/example_branch_python_dop_operator_3.py
[2025-12-11T23:02:34.256+0000] {processor.py:830} INFO - Processing file /home/airflow/.local/lib/python3.9/site-packages/airflow/example_dags/example_branch_python_dop_operator_3.py for tasks to queue
[2025-12-11T23:02:34.273+0000] {logging_mixin.py:188} INFO - [2025-12-11T23:02:34.272+0000] {dagbag.py:545} INFO - Filling up the DagBag from /home/airflow/.local/lib/python3.9/site-packages/airflow/example_dags/example_branch_python_dop_operator_3.py
[2025-12-11T23:02:34.315+0000] {processor.py:840} INFO - DAG(s) 'example_branch_dop_operator_v3' retrieved from /home/airflow/.local/lib/python3.9/site-packages/airflow/example_dags/example_branch_python_dop_operator_3.py
[2025-12-11T23:02:34.435+0000] {logging_mixin.py:188} INFO - [2025-12-11T23:02:34.434+0000] {dag.py:3096} INFO - Sync 1 DAGs
[2025-12-11T23:02:34.553+0000] {logging_mixin.py:188} INFO - [2025-12-11T23:02:34.553+0000] {dag.py:3954} INFO - Setting next_dagrun for example_branch_dop_operator_v3 to 2025-12-11 23:01:00+00:00, run_after=2025-12-11 23:02:00+00:00
[2025-12-11T23:02:34.633+0000] {processor.py:183} INFO - Processing /home/airflow/.local/lib/python3.9/site-packages/airflow/example_dags/example_branch_python_dop_operator_3.py took 0.420 seconds
[2025-12-11T23:03:04.736+0000] {processor.py:161} INFO - Started process (PID=1490) to work on /home/airflow/.local/lib/python3.9/site-packages/airflow/example_dags/example_branch_python_dop_operator_3.py
[2025-12-11T23:03:04.745+0000] {processor.py:830} INFO - Processing file /home/airflow/.local/lib/python3.9/site-packages/airflow/example_dags/example_branch_python_dop_operator_3.py for tasks to queue
[2025-12-11T23:03:04.751+0000] {logging_mixin.py:188} INFO - [2025-12-11T23:03:04.751+0000] {dagbag.py:545} INFO - Filling up the DagBag from /home/airflow/.local/lib/python3.9/site-packages/airflow/example_dags/example_branch_python_dop_operator_3.py
[2025-12-11T23:03:04.764+0000] {processor.py:840} INFO - DAG(s) 'example_branch_dop_operator_v3' retrieved from /home/airflow/.local/lib/python3.9/site-packages/airflow/example_dags/example_branch_python_dop_operator_3.py
[2025-12-11T23:03:04.830+0000] {logging_mixin.py:188} INFO - [2025-12-11T23:03:04.829+0000] {dag.py:3096} INFO - Sync 1 DAGs
[2025-12-11T23:03:04.909+0000] {logging_mixin.py:188} INFO - [2025-12-11T23:03:04.901+0000] {dag.py:3954} INFO - Setting next_dagrun for example_branch_dop_operator_v3 to 2025-12-11 23:02:00+00:00, run_after=2025-12-11 23:03:00+00:00
[2025-12-11T23:03:05.053+0000] {processor.py:183} INFO - Processing /home/airflow/.local/lib/python3.9/site-packages/airflow/example_dags/example_branch_python_dop_operator_3.py took 0.339 seconds
[2025-12-11T23:03:36.237+0000] {processor.py:161} INFO - Started process (PID=1560) to work on /home/airflow/.local/lib/python3.9/site-packages/airflow/example_dags/example_branch_python_dop_operator_3.py
[2025-12-11T23:03:36.239+0000] {processor.py:830} INFO - Processing file /home/airflow/.local/lib/python3.9/site-packages/airflow/example_dags/example_branch_python_dop_operator_3.py for tasks to queue
[2025-12-11T23:03:36.241+0000] {logging_mixin.py:188} INFO - [2025-12-11T23:03:36.241+0000] {dagbag.py:545} INFO - Filling up the DagBag from /home/airflow/.local/lib/python3.9/site-packages/airflow/example_dags/example_branch_python_dop_operator_3.py
[2025-12-11T23:03:36.260+0000] {processor.py:840} INFO - DAG(s) 'example_branch_dop_operator_v3' retrieved from /home/airflow/.local/lib/python3.9/site-packages/airflow/example_dags/example_branch_python_dop_operator_3.py
[2025-12-11T23:03:36.330+0000] {logging_mixin.py:188} INFO - [2025-12-11T23:03:36.320+0000] {dag.py:3096} INFO - Sync 1 DAGs
[2025-12-11T23:03:36.417+0000] {logging_mixin.py:188} INFO - [2025-12-11T23:03:36.416+0000] {dag.py:3954} INFO - Setting next_dagrun for example_branch_dop_operator_v3 to 2025-12-11 23:02:00+00:00, run_after=2025-12-11 23:03:00+00:00
[2025-12-11T23:03:36.479+0000] {processor.py:183} INFO - Processing /home/airflow/.local/lib/python3.9/site-packages/airflow/example_dags/example_branch_python_dop_operator_3.py took 0.261 seconds
[2025-12-11T23:04:06.611+0000] {processor.py:161} INFO - Started process (PID=1630) to work on /home/airflow/.local/lib/python3.9/site-packages/airflow/example_dags/example_branch_python_dop_operator_3.py
[2025-12-11T23:04:06.613+0000] {processor.py:830} INFO - Processing file /home/airflow/.local/lib/python3.9/site-packages/airflow/example_dags/example_branch_python_dop_operator_3.py for tasks to queue
[2025-12-11T23:04:06.616+0000] {logging_mixin.py:188} INFO - [2025-12-11T23:04:06.615+0000] {dagbag.py:545} INFO - Filling up the DagBag from /home/airflow/.local/lib/python3.9/site-packages/airflow/example_dags/example_branch_python_dop_operator_3.py
[2025-12-11T23:04:06.635+0000] {processor.py:840} INFO - DAG(s) 'example_branch_dop_operator_v3' retrieved from /home/airflow/.local/lib/python3.9/site-packages/airflow/example_dags/example_branch_python_dop_operator_3.py
[2025-12-11T23:04:06.699+0000] {logging_mixin.py:188} INFO - [2025-12-11T23:04:06.698+0000] {dag.py:3096} INFO - Sync 1 DAGs
[2025-12-11T23:04:06.745+0000] {logging_mixin.py:188} INFO - [2025-12-11T23:04:06.745+0000] {dag.py:3954} INFO - Setting next_dagrun for example_branch_dop_operator_v3 to 2025-12-11 23:03:00+00:00, run_after=2025-12-11 23:04:00+00:00
[2025-12-11T23:04:06.773+0000] {processor.py:183} INFO - Processing /home/airflow/.local/lib/python3.9/site-packages/airflow/example_dags/example_branch_python_dop_operator_3.py took 0.183 seconds
[2025-12-11T23:04:37.551+0000] {processor.py:161} INFO - Started process (PID=1701) to work on /home/airflow/.local/lib/python3.9/site-packages/airflow/example_dags/example_branch_python_dop_operator_3.py
[2025-12-11T23:04:37.553+0000] {processor.py:830} INFO - Processing file /home/airflow/.local/lib/python3.9/site-packages/airflow/example_dags/example_branch_python_dop_operator_3.py for tasks to queue
[2025-12-11T23:04:37.556+0000] {logging_mixin.py:188} INFO - [2025-12-11T23:04:37.556+0000] {dagbag.py:545} INFO - Filling up the DagBag from /home/airflow/.local/lib/python3.9/site-packages/airflow/example_dags/example_branch_python_dop_operator_3.py
[2025-12-11T23:04:37.576+0000] {processor.py:840} INFO - DAG(s) 'example_branch_dop_operator_v3' retrieved from /home/airflow/.local/lib/python3.9/site-packages/airflow/example_dags/example_branch_python_dop_operator_3.py
[2025-12-11T23:04:37.636+0000] {logging_mixin.py:188} INFO - [2025-12-11T23:04:37.635+0000] {dag.py:3096} INFO - Sync 1 DAGs
[2025-12-11T23:04:37.720+0000] {logging_mixin.py:188} INFO - [2025-12-11T23:04:37.720+0000] {dag.py:3954} INFO - Setting next_dagrun for example_branch_dop_operator_v3 to 2025-12-11 23:03:00+00:00, run_after=2025-12-11 23:04:00+00:00
[2025-12-11T23:04:37.803+0000] {processor.py:183} INFO - Processing /home/airflow/.local/lib/python3.9/site-packages/airflow/example_dags/example_branch_python_dop_operator_3.py took 0.287 seconds
[2025-12-11T23:05:08.270+0000] {processor.py:161} INFO - Started process (PID=1774) to work on /home/airflow/.local/lib/python3.9/site-packages/airflow/example_dags/example_branch_python_dop_operator_3.py
[2025-12-11T23:05:08.271+0000] {processor.py:830} INFO - Processing file /home/airflow/.local/lib/python3.9/site-packages/airflow/example_dags/example_branch_python_dop_operator_3.py for tasks to queue
[2025-12-11T23:05:08.274+0000] {logging_mixin.py:188} INFO - [2025-12-11T23:05:08.273+0000] {dagbag.py:545} INFO - Filling up the DagBag from /home/airflow/.local/lib/python3.9/site-packages/airflow/example_dags/example_branch_python_dop_operator_3.py
[2025-12-11T23:05:08.293+0000] {processor.py:840} INFO - DAG(s) 'example_branch_dop_operator_v3' retrieved from /home/airflow/.local/lib/python3.9/site-packages/airflow/example_dags/example_branch_python_dop_operator_3.py
[2025-12-11T23:05:08.352+0000] {logging_mixin.py:188} INFO - [2025-12-11T23:05:08.351+0000] {dag.py:3096} INFO - Sync 1 DAGs
[2025-12-11T23:05:08.432+0000] {logging_mixin.py:188} INFO - [2025-12-11T23:05:08.432+0000] {dag.py:3954} INFO - Setting next_dagrun for example_branch_dop_operator_v3 to 2025-12-11 23:04:00+00:00, run_after=2025-12-11 23:05:00+00:00
[2025-12-11T23:05:08.492+0000] {processor.py:183} INFO - Processing /home/airflow/.local/lib/python3.9/site-packages/airflow/example_dags/example_branch_python_dop_operator_3.py took 0.238 seconds
[2025-12-11T23:05:38.693+0000] {processor.py:161} INFO - Started process (PID=1845) to work on /home/airflow/.local/lib/python3.9/site-packages/airflow/example_dags/example_branch_python_dop_operator_3.py
[2025-12-11T23:05:38.695+0000] {processor.py:830} INFO - Processing file /home/airflow/.local/lib/python3.9/site-packages/airflow/example_dags/example_branch_python_dop_operator_3.py for tasks to queue
[2025-12-11T23:05:38.698+0000] {logging_mixin.py:188} INFO - [2025-12-11T23:05:38.698+0000] {dagbag.py:545} INFO - Filling up the DagBag from /home/airflow/.local/lib/python3.9/site-packages/airflow/example_dags/example_branch_python_dop_operator_3.py
[2025-12-11T23:05:38.717+0000] {processor.py:840} INFO - DAG(s) 'example_branch_dop_operator_v3' retrieved from /home/airflow/.local/lib/python3.9/site-packages/airflow/example_dags/example_branch_python_dop_operator_3.py
[2025-12-11T23:05:38.766+0000] {logging_mixin.py:188} INFO - [2025-12-11T23:05:38.766+0000] {dag.py:3096} INFO - Sync 1 DAGs
[2025-12-11T23:05:38.820+0000] {logging_mixin.py:188} INFO - [2025-12-11T23:05:38.820+0000] {dag.py:3954} INFO - Setting next_dagrun for example_branch_dop_operator_v3 to 2025-12-11 23:04:00+00:00, run_after=2025-12-11 23:05:00+00:00
[2025-12-11T23:05:38.852+0000] {processor.py:183} INFO - Processing /home/airflow/.local/lib/python3.9/site-packages/airflow/example_dags/example_branch_python_dop_operator_3.py took 0.174 seconds
[2025-12-11T23:06:09.448+0000] {processor.py:161} INFO - Started process (PID=1914) to work on /home/airflow/.local/lib/python3.9/site-packages/airflow/example_dags/example_branch_python_dop_operator_3.py
[2025-12-11T23:06:09.457+0000] {processor.py:830} INFO - Processing file /home/airflow/.local/lib/python3.9/site-packages/airflow/example_dags/example_branch_python_dop_operator_3.py for tasks to queue
[2025-12-11T23:06:09.460+0000] {logging_mixin.py:188} INFO - [2025-12-11T23:06:09.459+0000] {dagbag.py:545} INFO - Filling up the DagBag from /home/airflow/.local/lib/python3.9/site-packages/airflow/example_dags/example_branch_python_dop_operator_3.py
[2025-12-11T23:06:09.473+0000] {processor.py:840} INFO - DAG(s) 'example_branch_dop_operator_v3' retrieved from /home/airflow/.local/lib/python3.9/site-packages/airflow/example_dags/example_branch_python_dop_operator_3.py
[2025-12-11T23:06:09.513+0000] {logging_mixin.py:188} INFO - [2025-12-11T23:06:09.513+0000] {dag.py:3096} INFO - Sync 1 DAGs
[2025-12-11T23:06:09.558+0000] {logging_mixin.py:188} INFO - [2025-12-11T23:06:09.557+0000] {dag.py:3954} INFO - Setting next_dagrun for example_branch_dop_operator_v3 to 2025-12-11 23:05:00+00:00, run_after=2025-12-11 23:06:00+00:00
[2025-12-11T23:06:09.591+0000] {processor.py:183} INFO - Processing /home/airflow/.local/lib/python3.9/site-packages/airflow/example_dags/example_branch_python_dop_operator_3.py took 0.152 seconds
[2025-12-11T23:06:39.743+0000] {processor.py:161} INFO - Started process (PID=1982) to work on /home/airflow/.local/lib/python3.9/site-packages/airflow/example_dags/example_branch_python_dop_operator_3.py
[2025-12-11T23:06:39.745+0000] {processor.py:830} INFO - Processing file /home/airflow/.local/lib/python3.9/site-packages/airflow/example_dags/example_branch_python_dop_operator_3.py for tasks to queue
[2025-12-11T23:06:39.747+0000] {logging_mixin.py:188} INFO - [2025-12-11T23:06:39.747+0000] {dagbag.py:545} INFO - Filling up the DagBag from /home/airflow/.local/lib/python3.9/site-packages/airflow/example_dags/example_branch_python_dop_operator_3.py
[2025-12-11T23:06:39.760+0000] {processor.py:840} INFO - DAG(s) 'example_branch_dop_operator_v3' retrieved from /home/airflow/.local/lib/python3.9/site-packages/airflow/example_dags/example_branch_python_dop_operator_3.py
[2025-12-11T23:06:39.804+0000] {logging_mixin.py:188} INFO - [2025-12-11T23:06:39.803+0000] {dag.py:3096} INFO - Sync 1 DAGs
[2025-12-11T23:06:39.858+0000] {logging_mixin.py:188} INFO - [2025-12-11T23:06:39.858+0000] {dag.py:3954} INFO - Setting next_dagrun for example_branch_dop_operator_v3 to 2025-12-11 23:05:00+00:00, run_after=2025-12-11 23:06:00+00:00
[2025-12-11T23:06:39.892+0000] {processor.py:183} INFO - Processing /home/airflow/.local/lib/python3.9/site-packages/airflow/example_dags/example_branch_python_dop_operator_3.py took 0.159 seconds
[2025-12-11T23:07:10.110+0000] {processor.py:161} INFO - Started process (PID=2055) to work on /home/airflow/.local/lib/python3.9/site-packages/airflow/example_dags/example_branch_python_dop_operator_3.py
[2025-12-11T23:07:10.111+0000] {processor.py:830} INFO - Processing file /home/airflow/.local/lib/python3.9/site-packages/airflow/example_dags/example_branch_python_dop_operator_3.py for tasks to queue
[2025-12-11T23:07:10.114+0000] {logging_mixin.py:188} INFO - [2025-12-11T23:07:10.114+0000] {dagbag.py:545} INFO - Filling up the DagBag from /home/airflow/.local/lib/python3.9/site-packages/airflow/example_dags/example_branch_python_dop_operator_3.py
[2025-12-11T23:07:10.134+0000] {processor.py:840} INFO - DAG(s) 'example_branch_dop_operator_v3' retrieved from /home/airflow/.local/lib/python3.9/site-packages/airflow/example_dags/example_branch_python_dop_operator_3.py
[2025-12-11T23:07:10.217+0000] {logging_mixin.py:188} INFO - [2025-12-11T23:07:10.216+0000] {dag.py:3096} INFO - Sync 1 DAGs
[2025-12-11T23:07:10.311+0000] {logging_mixin.py:188} INFO - [2025-12-11T23:07:10.310+0000] {dag.py:3954} INFO - Setting next_dagrun for example_branch_dop_operator_v3 to 2025-12-11 23:06:00+00:00, run_after=2025-12-11 23:07:00+00:00
[2025-12-11T23:07:10.370+0000] {processor.py:183} INFO - Processing /home/airflow/.local/lib/python3.9/site-packages/airflow/example_dags/example_branch_python_dop_operator_3.py took 0.279 seconds
[2025-12-11T23:07:40.867+0000] {processor.py:161} INFO - Started process (PID=2126) to work on /home/airflow/.local/lib/python3.9/site-packages/airflow/example_dags/example_branch_python_dop_operator_3.py
[2025-12-11T23:07:40.917+0000] {processor.py:830} INFO - Processing file /home/airflow/.local/lib/python3.9/site-packages/airflow/example_dags/example_branch_python_dop_operator_3.py for tasks to queue
[2025-12-11T23:07:40.920+0000] {logging_mixin.py:188} INFO - [2025-12-11T23:07:40.920+0000] {dagbag.py:545} INFO - Filling up the DagBag from /home/airflow/.local/lib/python3.9/site-packages/airflow/example_dags/example_branch_python_dop_operator_3.py
[2025-12-11T23:07:40.935+0000] {processor.py:840} INFO - DAG(s) 'example_branch_dop_operator_v3' retrieved from /home/airflow/.local/lib/python3.9/site-packages/airflow/example_dags/example_branch_python_dop_operator_3.py
[2025-12-11T23:07:40.973+0000] {logging_mixin.py:188} INFO - [2025-12-11T23:07:40.973+0000] {dag.py:3096} INFO - Sync 1 DAGs
[2025-12-11T23:07:41.030+0000] {logging_mixin.py:188} INFO - [2025-12-11T23:07:41.030+0000] {dag.py:3954} INFO - Setting next_dagrun for example_branch_dop_operator_v3 to 2025-12-11 23:06:00+00:00, run_after=2025-12-11 23:07:00+00:00
[2025-12-11T23:07:41.099+0000] {processor.py:183} INFO - Processing /home/airflow/.local/lib/python3.9/site-packages/airflow/example_dags/example_branch_python_dop_operator_3.py took 0.243 seconds
[2025-12-11T23:08:12.593+0000] {processor.py:161} INFO - Started process (PID=2205) to work on /home/airflow/.local/lib/python3.9/site-packages/airflow/example_dags/example_branch_python_dop_operator_3.py
[2025-12-11T23:08:12.632+0000] {processor.py:830} INFO - Processing file /home/airflow/.local/lib/python3.9/site-packages/airflow/example_dags/example_branch_python_dop_operator_3.py for tasks to queue
[2025-12-11T23:08:12.637+0000] {logging_mixin.py:188} INFO - [2025-12-11T23:08:12.637+0000] {dagbag.py:545} INFO - Filling up the DagBag from /home/airflow/.local/lib/python3.9/site-packages/airflow/example_dags/example_branch_python_dop_operator_3.py
[2025-12-11T23:08:12.670+0000] {processor.py:840} INFO - DAG(s) 'example_branch_dop_operator_v3' retrieved from /home/airflow/.local/lib/python3.9/site-packages/airflow/example_dags/example_branch_python_dop_operator_3.py
[2025-12-11T23:08:12.736+0000] {logging_mixin.py:188} INFO - [2025-12-11T23:08:12.735+0000] {dag.py:3096} INFO - Sync 1 DAGs
[2025-12-11T23:08:12.817+0000] {logging_mixin.py:188} INFO - [2025-12-11T23:08:12.817+0000] {dag.py:3954} INFO - Setting next_dagrun for example_branch_dop_operator_v3 to 2025-12-11 23:07:00+00:00, run_after=2025-12-11 23:08:00+00:00
[2025-12-11T23:08:13.037+0000] {processor.py:183} INFO - Processing /home/airflow/.local/lib/python3.9/site-packages/airflow/example_dags/example_branch_python_dop_operator_3.py took 0.467 seconds
[2025-12-11T23:08:43.571+0000] {processor.py:161} INFO - Started process (PID=2266) to work on /home/airflow/.local/lib/python3.9/site-packages/airflow/example_dags/example_branch_python_dop_operator_3.py
[2025-12-11T23:08:43.579+0000] {processor.py:830} INFO - Processing file /home/airflow/.local/lib/python3.9/site-packages/airflow/example_dags/example_branch_python_dop_operator_3.py for tasks to queue
[2025-12-11T23:08:43.582+0000] {logging_mixin.py:188} INFO - [2025-12-11T23:08:43.581+0000] {dagbag.py:545} INFO - Filling up the DagBag from /home/airflow/.local/lib/python3.9/site-packages/airflow/example_dags/example_branch_python_dop_operator_3.py
[2025-12-11T23:08:43.595+0000] {processor.py:840} INFO - DAG(s) 'example_branch_dop_operator_v3' retrieved from /home/airflow/.local/lib/python3.9/site-packages/airflow/example_dags/example_branch_python_dop_operator_3.py
[2025-12-11T23:08:43.634+0000] {logging_mixin.py:188} INFO - [2025-12-11T23:08:43.633+0000] {dag.py:3096} INFO - Sync 1 DAGs
[2025-12-11T23:08:43.676+0000] {logging_mixin.py:188} INFO - [2025-12-11T23:08:43.676+0000] {dag.py:3954} INFO - Setting next_dagrun for example_branch_dop_operator_v3 to 2025-12-11 23:07:00+00:00, run_after=2025-12-11 23:08:00+00:00
[2025-12-11T23:08:43.710+0000] {processor.py:183} INFO - Processing /home/airflow/.local/lib/python3.9/site-packages/airflow/example_dags/example_branch_python_dop_operator_3.py took 0.148 seconds
[2025-12-11T23:09:13.772+0000] {processor.py:161} INFO - Started process (PID=2337) to work on /home/airflow/.local/lib/python3.9/site-packages/airflow/example_dags/example_branch_python_dop_operator_3.py
[2025-12-11T23:09:13.773+0000] {processor.py:830} INFO - Processing file /home/airflow/.local/lib/python3.9/site-packages/airflow/example_dags/example_branch_python_dop_operator_3.py for tasks to queue
[2025-12-11T23:09:13.776+0000] {logging_mixin.py:188} INFO - [2025-12-11T23:09:13.775+0000] {dagbag.py:545} INFO - Filling up the DagBag from /home/airflow/.local/lib/python3.9/site-packages/airflow/example_dags/example_branch_python_dop_operator_3.py
[2025-12-11T23:09:13.791+0000] {processor.py:840} INFO - DAG(s) 'example_branch_dop_operator_v3' retrieved from /home/airflow/.local/lib/python3.9/site-packages/airflow/example_dags/example_branch_python_dop_operator_3.py
[2025-12-11T23:09:13.832+0000] {logging_mixin.py:188} INFO - [2025-12-11T23:09:13.831+0000] {dag.py:3096} INFO - Sync 1 DAGs
[2025-12-11T23:09:13.885+0000] {logging_mixin.py:188} INFO - [2025-12-11T23:09:13.885+0000] {dag.py:3954} INFO - Setting next_dagrun for example_branch_dop_operator_v3 to 2025-12-11 23:08:00+00:00, run_after=2025-12-11 23:09:00+00:00
[2025-12-11T23:09:14.257+0000] {processor.py:183} INFO - Processing /home/airflow/.local/lib/python3.9/site-packages/airflow/example_dags/example_branch_python_dop_operator_3.py took 0.495 seconds
[2025-12-11T23:09:44.651+0000] {processor.py:161} INFO - Started process (PID=2407) to work on /home/airflow/.local/lib/python3.9/site-packages/airflow/example_dags/example_branch_python_dop_operator_3.py
[2025-12-11T23:09:44.652+0000] {processor.py:830} INFO - Processing file /home/airflow/.local/lib/python3.9/site-packages/airflow/example_dags/example_branch_python_dop_operator_3.py for tasks to queue
[2025-12-11T23:09:44.655+0000] {logging_mixin.py:188} INFO - [2025-12-11T23:09:44.655+0000] {dagbag.py:545} INFO - Filling up the DagBag from /home/airflow/.local/lib/python3.9/site-packages/airflow/example_dags/example_branch_python_dop_operator_3.py
[2025-12-11T23:09:44.670+0000] {processor.py:840} INFO - DAG(s) 'example_branch_dop_operator_v3' retrieved from /home/airflow/.local/lib/python3.9/site-packages/airflow/example_dags/example_branch_python_dop_operator_3.py
[2025-12-11T23:09:44.711+0000] {logging_mixin.py:188} INFO - [2025-12-11T23:09:44.711+0000] {dag.py:3096} INFO - Sync 1 DAGs
[2025-12-11T23:09:44.760+0000] {logging_mixin.py:188} INFO - [2025-12-11T23:09:44.760+0000] {dag.py:3954} INFO - Setting next_dagrun for example_branch_dop_operator_v3 to 2025-12-11 23:08:00+00:00, run_after=2025-12-11 23:09:00+00:00
[2025-12-11T23:09:44.793+0000] {processor.py:183} INFO - Processing /home/airflow/.local/lib/python3.9/site-packages/airflow/example_dags/example_branch_python_dop_operator_3.py took 0.154 seconds
[2025-12-11T23:10:14.992+0000] {processor.py:161} INFO - Started process (PID=2476) to work on /home/airflow/.local/lib/python3.9/site-packages/airflow/example_dags/example_branch_python_dop_operator_3.py
[2025-12-11T23:10:14.998+0000] {processor.py:830} INFO - Processing file /home/airflow/.local/lib/python3.9/site-packages/airflow/example_dags/example_branch_python_dop_operator_3.py for tasks to queue
[2025-12-11T23:10:15.001+0000] {logging_mixin.py:188} INFO - [2025-12-11T23:10:15.000+0000] {dagbag.py:545} INFO - Filling up the DagBag from /home/airflow/.local/lib/python3.9/site-packages/airflow/example_dags/example_branch_python_dop_operator_3.py
[2025-12-11T23:10:15.017+0000] {processor.py:840} INFO - DAG(s) 'example_branch_dop_operator_v3' retrieved from /home/airflow/.local/lib/python3.9/site-packages/airflow/example_dags/example_branch_python_dop_operator_3.py
[2025-12-11T23:10:15.060+0000] {logging_mixin.py:188} INFO - [2025-12-11T23:10:15.060+0000] {dag.py:3096} INFO - Sync 1 DAGs
[2025-12-11T23:10:15.110+0000] {logging_mixin.py:188} INFO - [2025-12-11T23:10:15.109+0000] {dag.py:3954} INFO - Setting next_dagrun for example_branch_dop_operator_v3 to 2025-12-11 23:09:00+00:00, run_after=2025-12-11 23:10:00+00:00
[2025-12-11T23:10:15.141+0000] {processor.py:183} INFO - Processing /home/airflow/.local/lib/python3.9/site-packages/airflow/example_dags/example_branch_python_dop_operator_3.py took 0.160 seconds
[2025-12-11T23:10:45.621+0000] {processor.py:161} INFO - Started process (PID=2545) to work on /home/airflow/.local/lib/python3.9/site-packages/airflow/example_dags/example_branch_python_dop_operator_3.py
[2025-12-11T23:10:45.629+0000] {processor.py:830} INFO - Processing file /home/airflow/.local/lib/python3.9/site-packages/airflow/example_dags/example_branch_python_dop_operator_3.py for tasks to queue
[2025-12-11T23:10:45.632+0000] {logging_mixin.py:188} INFO - [2025-12-11T23:10:45.632+0000] {dagbag.py:545} INFO - Filling up the DagBag from /home/airflow/.local/lib/python3.9/site-packages/airflow/example_dags/example_branch_python_dop_operator_3.py
[2025-12-11T23:10:45.646+0000] {processor.py:840} INFO - DAG(s) 'example_branch_dop_operator_v3' retrieved from /home/airflow/.local/lib/python3.9/site-packages/airflow/example_dags/example_branch_python_dop_operator_3.py
[2025-12-11T23:10:45.685+0000] {logging_mixin.py:188} INFO - [2025-12-11T23:10:45.684+0000] {dag.py:3096} INFO - Sync 1 DAGs
[2025-12-11T23:10:45.730+0000] {logging_mixin.py:188} INFO - [2025-12-11T23:10:45.730+0000] {dag.py:3954} INFO - Setting next_dagrun for example_branch_dop_operator_v3 to 2025-12-11 23:09:00+00:00, run_after=2025-12-11 23:10:00+00:00
[2025-12-11T23:10:45.809+0000] {processor.py:183} INFO - Processing /home/airflow/.local/lib/python3.9/site-packages/airflow/example_dags/example_branch_python_dop_operator_3.py took 0.199 seconds
[2025-12-11T23:11:16.478+0000] {processor.py:161} INFO - Started process (PID=2613) to work on /home/airflow/.local/lib/python3.9/site-packages/airflow/example_dags/example_branch_python_dop_operator_3.py
[2025-12-11T23:11:16.486+0000] {processor.py:830} INFO - Processing file /home/airflow/.local/lib/python3.9/site-packages/airflow/example_dags/example_branch_python_dop_operator_3.py for tasks to queue
[2025-12-11T23:11:16.490+0000] {logging_mixin.py:188} INFO - [2025-12-11T23:11:16.489+0000] {dagbag.py:545} INFO - Filling up the DagBag from /home/airflow/.local/lib/python3.9/site-packages/airflow/example_dags/example_branch_python_dop_operator_3.py
[2025-12-11T23:11:16.504+0000] {processor.py:840} INFO - DAG(s) 'example_branch_dop_operator_v3' retrieved from /home/airflow/.local/lib/python3.9/site-packages/airflow/example_dags/example_branch_python_dop_operator_3.py
[2025-12-11T23:11:16.542+0000] {logging_mixin.py:188} INFO - [2025-12-11T23:11:16.542+0000] {dag.py:3096} INFO - Sync 1 DAGs
[2025-12-11T23:11:16.584+0000] {logging_mixin.py:188} INFO - [2025-12-11T23:11:16.584+0000] {dag.py:3954} INFO - Setting next_dagrun for example_branch_dop_operator_v3 to 2025-12-11 23:10:00+00:00, run_after=2025-12-11 23:11:00+00:00
[2025-12-11T23:11:16.611+0000] {processor.py:183} INFO - Processing /home/airflow/.local/lib/python3.9/site-packages/airflow/example_dags/example_branch_python_dop_operator_3.py took 0.145 seconds
[2025-12-11T23:11:46.800+0000] {processor.py:161} INFO - Started process (PID=2680) to work on /home/airflow/.local/lib/python3.9/site-packages/airflow/example_dags/example_branch_python_dop_operator_3.py
[2025-12-11T23:11:46.813+0000] {processor.py:830} INFO - Processing file /home/airflow/.local/lib/python3.9/site-packages/airflow/example_dags/example_branch_python_dop_operator_3.py for tasks to queue
[2025-12-11T23:11:46.816+0000] {logging_mixin.py:188} INFO - [2025-12-11T23:11:46.816+0000] {dagbag.py:545} INFO - Filling up the DagBag from /home/airflow/.local/lib/python3.9/site-packages/airflow/example_dags/example_branch_python_dop_operator_3.py
[2025-12-11T23:11:46.829+0000] {processor.py:840} INFO - DAG(s) 'example_branch_dop_operator_v3' retrieved from /home/airflow/.local/lib/python3.9/site-packages/airflow/example_dags/example_branch_python_dop_operator_3.py
[2025-12-11T23:11:46.863+0000] {logging_mixin.py:188} INFO - [2025-12-11T23:11:46.863+0000] {dag.py:3096} INFO - Sync 1 DAGs
[2025-12-11T23:11:46.900+0000] {logging_mixin.py:188} INFO - [2025-12-11T23:11:46.900+0000] {dag.py:3954} INFO - Setting next_dagrun for example_branch_dop_operator_v3 to 2025-12-11 23:10:00+00:00, run_after=2025-12-11 23:11:00+00:00
[2025-12-11T23:11:47.500+0000] {processor.py:183} INFO - Processing /home/airflow/.local/lib/python3.9/site-packages/airflow/example_dags/example_branch_python_dop_operator_3.py took 0.710 seconds
[2025-12-11T23:12:17.593+0000] {processor.py:161} INFO - Started process (PID=2747) to work on /home/airflow/.local/lib/python3.9/site-packages/airflow/example_dags/example_branch_python_dop_operator_3.py
[2025-12-11T23:12:17.618+0000] {processor.py:830} INFO - Processing file /home/airflow/.local/lib/python3.9/site-packages/airflow/example_dags/example_branch_python_dop_operator_3.py for tasks to queue
[2025-12-11T23:12:17.621+0000] {logging_mixin.py:188} INFO - [2025-12-11T23:12:17.621+0000] {dagbag.py:545} INFO - Filling up the DagBag from /home/airflow/.local/lib/python3.9/site-packages/airflow/example_dags/example_branch_python_dop_operator_3.py
[2025-12-11T23:12:17.640+0000] {processor.py:840} INFO - DAG(s) 'example_branch_dop_operator_v3' retrieved from /home/airflow/.local/lib/python3.9/site-packages/airflow/example_dags/example_branch_python_dop_operator_3.py
[2025-12-11T23:12:17.685+0000] {logging_mixin.py:188} INFO - [2025-12-11T23:12:17.684+0000] {dag.py:3096} INFO - Sync 1 DAGs
[2025-12-11T23:12:17.731+0000] {logging_mixin.py:188} INFO - [2025-12-11T23:12:17.730+0000] {dag.py:3954} INFO - Setting next_dagrun for example_branch_dop_operator_v3 to 2025-12-11 23:11:00+00:00, run_after=2025-12-11 23:12:00+00:00
[2025-12-11T23:12:18.410+0000] {processor.py:183} INFO - Processing /home/airflow/.local/lib/python3.9/site-packages/airflow/example_dags/example_branch_python_dop_operator_3.py took 0.832 seconds
[2025-12-11T23:12:49.273+0000] {processor.py:161} INFO - Started process (PID=2814) to work on /home/airflow/.local/lib/python3.9/site-packages/airflow/example_dags/example_branch_python_dop_operator_3.py
[2025-12-11T23:12:49.282+0000] {processor.py:830} INFO - Processing file /home/airflow/.local/lib/python3.9/site-packages/airflow/example_dags/example_branch_python_dop_operator_3.py for tasks to queue
[2025-12-11T23:12:49.286+0000] {logging_mixin.py:188} INFO - [2025-12-11T23:12:49.285+0000] {dagbag.py:545} INFO - Filling up the DagBag from /home/airflow/.local/lib/python3.9/site-packages/airflow/example_dags/example_branch_python_dop_operator_3.py
[2025-12-11T23:12:49.319+0000] {processor.py:840} INFO - DAG(s) 'example_branch_dop_operator_v3' retrieved from /home/airflow/.local/lib/python3.9/site-packages/airflow/example_dags/example_branch_python_dop_operator_3.py
[2025-12-11T23:12:49.358+0000] {logging_mixin.py:188} INFO - [2025-12-11T23:12:49.357+0000] {dag.py:3096} INFO - Sync 1 DAGs
[2025-12-11T23:12:49.401+0000] {logging_mixin.py:188} INFO - [2025-12-11T23:12:49.400+0000] {dag.py:3954} INFO - Setting next_dagrun for example_branch_dop_operator_v3 to 2025-12-11 23:11:00+00:00, run_after=2025-12-11 23:12:00+00:00
[2025-12-11T23:12:49.438+0000] {processor.py:183} INFO - Processing /home/airflow/.local/lib/python3.9/site-packages/airflow/example_dags/example_branch_python_dop_operator_3.py took 0.177 seconds
[2025-12-11T23:13:20.184+0000] {processor.py:161} INFO - Started process (PID=2887) to work on /home/airflow/.local/lib/python3.9/site-packages/airflow/example_dags/example_branch_python_dop_operator_3.py
[2025-12-11T23:13:20.560+0000] {processor.py:830} INFO - Processing file /home/airflow/.local/lib/python3.9/site-packages/airflow/example_dags/example_branch_python_dop_operator_3.py for tasks to queue
[2025-12-11T23:13:20.563+0000] {logging_mixin.py:188} INFO - [2025-12-11T23:13:20.563+0000] {dagbag.py:545} INFO - Filling up the DagBag from /home/airflow/.local/lib/python3.9/site-packages/airflow/example_dags/example_branch_python_dop_operator_3.py
[2025-12-11T23:13:20.581+0000] {processor.py:840} INFO - DAG(s) 'example_branch_dop_operator_v3' retrieved from /home/airflow/.local/lib/python3.9/site-packages/airflow/example_dags/example_branch_python_dop_operator_3.py
[2025-12-11T23:13:20.640+0000] {logging_mixin.py:188} INFO - [2025-12-11T23:13:20.639+0000] {dag.py:3096} INFO - Sync 1 DAGs
[2025-12-11T23:13:20.698+0000] {logging_mixin.py:188} INFO - [2025-12-11T23:13:20.698+0000] {dag.py:3954} INFO - Setting next_dagrun for example_branch_dop_operator_v3 to 2025-12-11 23:12:00+00:00, run_after=2025-12-11 23:13:00+00:00
[2025-12-11T23:13:20.876+0000] {processor.py:183} INFO - Processing /home/airflow/.local/lib/python3.9/site-packages/airflow/example_dags/example_branch_python_dop_operator_3.py took 0.702 seconds
[2025-12-11T23:13:52.236+0000] {processor.py:161} INFO - Started process (PID=2955) to work on /home/airflow/.local/lib/python3.9/site-packages/airflow/example_dags/example_branch_python_dop_operator_3.py
[2025-12-11T23:13:52.256+0000] {processor.py:830} INFO - Processing file /home/airflow/.local/lib/python3.9/site-packages/airflow/example_dags/example_branch_python_dop_operator_3.py for tasks to queue
[2025-12-11T23:13:52.259+0000] {logging_mixin.py:188} INFO - [2025-12-11T23:13:52.259+0000] {dagbag.py:545} INFO - Filling up the DagBag from /home/airflow/.local/lib/python3.9/site-packages/airflow/example_dags/example_branch_python_dop_operator_3.py
[2025-12-11T23:13:52.274+0000] {processor.py:840} INFO - DAG(s) 'example_branch_dop_operator_v3' retrieved from /home/airflow/.local/lib/python3.9/site-packages/airflow/example_dags/example_branch_python_dop_operator_3.py
[2025-12-11T23:13:52.325+0000] {logging_mixin.py:188} INFO - [2025-12-11T23:13:52.325+0000] {dag.py:3096} INFO - Sync 1 DAGs
[2025-12-11T23:13:52.389+0000] {logging_mixin.py:188} INFO - [2025-12-11T23:13:52.388+0000] {dag.py:3954} INFO - Setting next_dagrun for example_branch_dop_operator_v3 to 2025-12-11 23:12:00+00:00, run_after=2025-12-11 23:13:00+00:00
[2025-12-11T23:13:53.120+0000] {processor.py:183} INFO - Processing /home/airflow/.local/lib/python3.9/site-packages/airflow/example_dags/example_branch_python_dop_operator_3.py took 0.894 seconds
[2025-12-11T23:14:23.571+0000] {processor.py:161} INFO - Started process (PID=3022) to work on /home/airflow/.local/lib/python3.9/site-packages/airflow/example_dags/example_branch_python_dop_operator_3.py
[2025-12-11T23:14:23.572+0000] {processor.py:830} INFO - Processing file /home/airflow/.local/lib/python3.9/site-packages/airflow/example_dags/example_branch_python_dop_operator_3.py for tasks to queue
[2025-12-11T23:14:23.575+0000] {logging_mixin.py:188} INFO - [2025-12-11T23:14:23.574+0000] {dagbag.py:545} INFO - Filling up the DagBag from /home/airflow/.local/lib/python3.9/site-packages/airflow/example_dags/example_branch_python_dop_operator_3.py
[2025-12-11T23:14:23.589+0000] {processor.py:840} INFO - DAG(s) 'example_branch_dop_operator_v3' retrieved from /home/airflow/.local/lib/python3.9/site-packages/airflow/example_dags/example_branch_python_dop_operator_3.py
[2025-12-11T23:14:23.631+0000] {logging_mixin.py:188} INFO - [2025-12-11T23:14:23.630+0000] {dag.py:3096} INFO - Sync 1 DAGs
[2025-12-11T23:14:23.675+0000] {logging_mixin.py:188} INFO - [2025-12-11T23:14:23.675+0000] {dag.py:3954} INFO - Setting next_dagrun for example_branch_dop_operator_v3 to 2025-12-11 23:13:00+00:00, run_after=2025-12-11 23:14:00+00:00
[2025-12-11T23:14:23.702+0000] {processor.py:183} INFO - Processing /home/airflow/.local/lib/python3.9/site-packages/airflow/example_dags/example_branch_python_dop_operator_3.py took 0.146 seconds
[2025-12-11T23:14:54.122+0000] {processor.py:161} INFO - Started process (PID=3089) to work on /home/airflow/.local/lib/python3.9/site-packages/airflow/example_dags/example_branch_python_dop_operator_3.py
[2025-12-11T23:14:54.124+0000] {processor.py:830} INFO - Processing file /home/airflow/.local/lib/python3.9/site-packages/airflow/example_dags/example_branch_python_dop_operator_3.py for tasks to queue
[2025-12-11T23:14:54.126+0000] {logging_mixin.py:188} INFO - [2025-12-11T23:14:54.126+0000] {dagbag.py:545} INFO - Filling up the DagBag from /home/airflow/.local/lib/python3.9/site-packages/airflow/example_dags/example_branch_python_dop_operator_3.py
[2025-12-11T23:14:54.140+0000] {processor.py:840} INFO - DAG(s) 'example_branch_dop_operator_v3' retrieved from /home/airflow/.local/lib/python3.9/site-packages/airflow/example_dags/example_branch_python_dop_operator_3.py
[2025-12-11T23:14:54.180+0000] {logging_mixin.py:188} INFO - [2025-12-11T23:14:54.180+0000] {dag.py:3096} INFO - Sync 1 DAGs
[2025-12-11T23:14:54.239+0000] {logging_mixin.py:188} INFO - [2025-12-11T23:14:54.239+0000] {dag.py:3954} INFO - Setting next_dagrun for example_branch_dop_operator_v3 to 2025-12-11 23:13:00+00:00, run_after=2025-12-11 23:14:00+00:00
[2025-12-11T23:14:54.312+0000] {processor.py:183} INFO - Processing /home/airflow/.local/lib/python3.9/site-packages/airflow/example_dags/example_branch_python_dop_operator_3.py took 0.201 seconds
[2025-12-11T23:15:25.137+0000] {processor.py:161} INFO - Started process (PID=3156) to work on /home/airflow/.local/lib/python3.9/site-packages/airflow/example_dags/example_branch_python_dop_operator_3.py
[2025-12-11T23:15:25.143+0000] {processor.py:830} INFO - Processing file /home/airflow/.local/lib/python3.9/site-packages/airflow/example_dags/example_branch_python_dop_operator_3.py for tasks to queue
[2025-12-11T23:15:25.152+0000] {logging_mixin.py:188} INFO - [2025-12-11T23:15:25.152+0000] {dagbag.py:545} INFO - Filling up the DagBag from /home/airflow/.local/lib/python3.9/site-packages/airflow/example_dags/example_branch_python_dop_operator_3.py
[2025-12-11T23:15:25.175+0000] {processor.py:840} INFO - DAG(s) 'example_branch_dop_operator_v3' retrieved from /home/airflow/.local/lib/python3.9/site-packages/airflow/example_dags/example_branch_python_dop_operator_3.py
[2025-12-11T23:15:25.236+0000] {logging_mixin.py:188} INFO - [2025-12-11T23:15:25.235+0000] {dag.py:3096} INFO - Sync 1 DAGs
[2025-12-11T23:15:25.289+0000] {logging_mixin.py:188} INFO - [2025-12-11T23:15:25.287+0000] {dag.py:3954} INFO - Setting next_dagrun for example_branch_dop_operator_v3 to 2025-12-11 23:14:00+00:00, run_after=2025-12-11 23:15:00+00:00
[2025-12-11T23:15:25.390+0000] {processor.py:183} INFO - Processing /home/airflow/.local/lib/python3.9/site-packages/airflow/example_dags/example_branch_python_dop_operator_3.py took 0.277 seconds
[2025-12-11T23:15:55.624+0000] {processor.py:161} INFO - Started process (PID=3223) to work on /home/airflow/.local/lib/python3.9/site-packages/airflow/example_dags/example_branch_python_dop_operator_3.py
[2025-12-11T23:15:55.629+0000] {processor.py:830} INFO - Processing file /home/airflow/.local/lib/python3.9/site-packages/airflow/example_dags/example_branch_python_dop_operator_3.py for tasks to queue
[2025-12-11T23:15:55.632+0000] {logging_mixin.py:188} INFO - [2025-12-11T23:15:55.632+0000] {dagbag.py:545} INFO - Filling up the DagBag from /home/airflow/.local/lib/python3.9/site-packages/airflow/example_dags/example_branch_python_dop_operator_3.py
[2025-12-11T23:15:55.652+0000] {processor.py:840} INFO - DAG(s) 'example_branch_dop_operator_v3' retrieved from /home/airflow/.local/lib/python3.9/site-packages/airflow/example_dags/example_branch_python_dop_operator_3.py
[2025-12-11T23:15:55.712+0000] {logging_mixin.py:188} INFO - [2025-12-11T23:15:55.711+0000] {dag.py:3096} INFO - Sync 1 DAGs
[2025-12-11T23:15:55.800+0000] {logging_mixin.py:188} INFO - [2025-12-11T23:15:55.799+0000] {dag.py:3954} INFO - Setting next_dagrun for example_branch_dop_operator_v3 to 2025-12-11 23:14:00+00:00, run_after=2025-12-11 23:15:00+00:00
[2025-12-11T23:15:55.829+0000] {processor.py:183} INFO - Processing /home/airflow/.local/lib/python3.9/site-packages/airflow/example_dags/example_branch_python_dop_operator_3.py took 0.218 seconds
[2025-12-11T23:16:26.691+0000] {processor.py:161} INFO - Started process (PID=3290) to work on /home/airflow/.local/lib/python3.9/site-packages/airflow/example_dags/example_branch_python_dop_operator_3.py
[2025-12-11T23:16:26.695+0000] {processor.py:830} INFO - Processing file /home/airflow/.local/lib/python3.9/site-packages/airflow/example_dags/example_branch_python_dop_operator_3.py for tasks to queue
[2025-12-11T23:16:26.698+0000] {logging_mixin.py:188} INFO - [2025-12-11T23:16:26.698+0000] {dagbag.py:545} INFO - Filling up the DagBag from /home/airflow/.local/lib/python3.9/site-packages/airflow/example_dags/example_branch_python_dop_operator_3.py
[2025-12-11T23:16:26.712+0000] {processor.py:840} INFO - DAG(s) 'example_branch_dop_operator_v3' retrieved from /home/airflow/.local/lib/python3.9/site-packages/airflow/example_dags/example_branch_python_dop_operator_3.py
[2025-12-11T23:16:26.763+0000] {logging_mixin.py:188} INFO - [2025-12-11T23:16:26.762+0000] {dag.py:3096} INFO - Sync 1 DAGs
[2025-12-11T23:16:26.828+0000] {logging_mixin.py:188} INFO - [2025-12-11T23:16:26.828+0000] {dag.py:3954} INFO - Setting next_dagrun for example_branch_dop_operator_v3 to 2025-12-11 23:15:00+00:00, run_after=2025-12-11 23:16:00+00:00
[2025-12-11T23:16:27.240+0000] {processor.py:183} INFO - Processing /home/airflow/.local/lib/python3.9/site-packages/airflow/example_dags/example_branch_python_dop_operator_3.py took 0.560 seconds
[2025-12-11T23:16:58.143+0000] {processor.py:161} INFO - Started process (PID=3357) to work on /home/airflow/.local/lib/python3.9/site-packages/airflow/example_dags/example_branch_python_dop_operator_3.py
[2025-12-11T23:16:58.148+0000] {processor.py:830} INFO - Processing file /home/airflow/.local/lib/python3.9/site-packages/airflow/example_dags/example_branch_python_dop_operator_3.py for tasks to queue
[2025-12-11T23:16:58.152+0000] {logging_mixin.py:188} INFO - [2025-12-11T23:16:58.151+0000] {dagbag.py:545} INFO - Filling up the DagBag from /home/airflow/.local/lib/python3.9/site-packages/airflow/example_dags/example_branch_python_dop_operator_3.py
[2025-12-11T23:16:58.174+0000] {processor.py:840} INFO - DAG(s) 'example_branch_dop_operator_v3' retrieved from /home/airflow/.local/lib/python3.9/site-packages/airflow/example_dags/example_branch_python_dop_operator_3.py
[2025-12-11T23:16:58.217+0000] {logging_mixin.py:188} INFO - [2025-12-11T23:16:58.216+0000] {dag.py:3096} INFO - Sync 1 DAGs
[2025-12-11T23:16:58.276+0000] {logging_mixin.py:188} INFO - [2025-12-11T23:16:58.276+0000] {dag.py:3954} INFO - Setting next_dagrun for example_branch_dop_operator_v3 to 2025-12-11 23:15:00+00:00, run_after=2025-12-11 23:16:00+00:00
[2025-12-11T23:16:58.333+0000] {processor.py:183} INFO - Processing /home/airflow/.local/lib/python3.9/site-packages/airflow/example_dags/example_branch_python_dop_operator_3.py took 0.204 seconds
[2025-12-11T23:17:28.643+0000] {processor.py:161} INFO - Started process (PID=3424) to work on /home/airflow/.local/lib/python3.9/site-packages/airflow/example_dags/example_branch_python_dop_operator_3.py
[2025-12-11T23:17:28.645+0000] {processor.py:830} INFO - Processing file /home/airflow/.local/lib/python3.9/site-packages/airflow/example_dags/example_branch_python_dop_operator_3.py for tasks to queue
[2025-12-11T23:17:28.647+0000] {logging_mixin.py:188} INFO - [2025-12-11T23:17:28.647+0000] {dagbag.py:545} INFO - Filling up the DagBag from /home/airflow/.local/lib/python3.9/site-packages/airflow/example_dags/example_branch_python_dop_operator_3.py
[2025-12-11T23:17:28.661+0000] {processor.py:840} INFO - DAG(s) 'example_branch_dop_operator_v3' retrieved from /home/airflow/.local/lib/python3.9/site-packages/airflow/example_dags/example_branch_python_dop_operator_3.py
[2025-12-11T23:17:28.696+0000] {logging_mixin.py:188} INFO - [2025-12-11T23:17:28.696+0000] {dag.py:3096} INFO - Sync 1 DAGs
[2025-12-11T23:17:28.756+0000] {logging_mixin.py:188} INFO - [2025-12-11T23:17:28.755+0000] {dag.py:3954} INFO - Setting next_dagrun for example_branch_dop_operator_v3 to 2025-12-11 23:16:00+00:00, run_after=2025-12-11 23:17:00+00:00
[2025-12-11T23:17:28.819+0000] {processor.py:183} INFO - Processing /home/airflow/.local/lib/python3.9/site-packages/airflow/example_dags/example_branch_python_dop_operator_3.py took 0.186 seconds
[2025-12-11T23:17:58.895+0000] {processor.py:161} INFO - Started process (PID=3491) to work on /home/airflow/.local/lib/python3.9/site-packages/airflow/example_dags/example_branch_python_dop_operator_3.py
[2025-12-11T23:17:58.901+0000] {processor.py:830} INFO - Processing file /home/airflow/.local/lib/python3.9/site-packages/airflow/example_dags/example_branch_python_dop_operator_3.py for tasks to queue
[2025-12-11T23:17:58.905+0000] {logging_mixin.py:188} INFO - [2025-12-11T23:17:58.904+0000] {dagbag.py:545} INFO - Filling up the DagBag from /home/airflow/.local/lib/python3.9/site-packages/airflow/example_dags/example_branch_python_dop_operator_3.py
[2025-12-11T23:17:58.922+0000] {processor.py:840} INFO - DAG(s) 'example_branch_dop_operator_v3' retrieved from /home/airflow/.local/lib/python3.9/site-packages/airflow/example_dags/example_branch_python_dop_operator_3.py
[2025-12-11T23:17:58.965+0000] {logging_mixin.py:188} INFO - [2025-12-11T23:17:58.965+0000] {dag.py:3096} INFO - Sync 1 DAGs
[2025-12-11T23:17:59.015+0000] {logging_mixin.py:188} INFO - [2025-12-11T23:17:59.014+0000] {dag.py:3954} INFO - Setting next_dagrun for example_branch_dop_operator_v3 to 2025-12-11 23:16:00+00:00, run_after=2025-12-11 23:17:00+00:00
[2025-12-11T23:17:59.080+0000] {processor.py:183} INFO - Processing /home/airflow/.local/lib/python3.9/site-packages/airflow/example_dags/example_branch_python_dop_operator_3.py took 0.197 seconds
[2025-12-11T23:18:29.661+0000] {processor.py:161} INFO - Started process (PID=3558) to work on /home/airflow/.local/lib/python3.9/site-packages/airflow/example_dags/example_branch_python_dop_operator_3.py
[2025-12-11T23:18:29.663+0000] {processor.py:830} INFO - Processing file /home/airflow/.local/lib/python3.9/site-packages/airflow/example_dags/example_branch_python_dop_operator_3.py for tasks to queue
[2025-12-11T23:18:29.666+0000] {logging_mixin.py:188} INFO - [2025-12-11T23:18:29.665+0000] {dagbag.py:545} INFO - Filling up the DagBag from /home/airflow/.local/lib/python3.9/site-packages/airflow/example_dags/example_branch_python_dop_operator_3.py
[2025-12-11T23:18:29.680+0000] {processor.py:840} INFO - DAG(s) 'example_branch_dop_operator_v3' retrieved from /home/airflow/.local/lib/python3.9/site-packages/airflow/example_dags/example_branch_python_dop_operator_3.py
[2025-12-11T23:18:29.718+0000] {logging_mixin.py:188} INFO - [2025-12-11T23:18:29.717+0000] {dag.py:3096} INFO - Sync 1 DAGs
[2025-12-11T23:18:29.764+0000] {logging_mixin.py:188} INFO - [2025-12-11T23:18:29.763+0000] {dag.py:3954} INFO - Setting next_dagrun for example_branch_dop_operator_v3 to 2025-12-11 23:17:00+00:00, run_after=2025-12-11 23:18:00+00:00
[2025-12-11T23:18:29.796+0000] {processor.py:183} INFO - Processing /home/airflow/.local/lib/python3.9/site-packages/airflow/example_dags/example_branch_python_dop_operator_3.py took 0.144 seconds
[2025-12-11T23:19:00.296+0000] {processor.py:161} INFO - Started process (PID=3625) to work on /home/airflow/.local/lib/python3.9/site-packages/airflow/example_dags/example_branch_python_dop_operator_3.py
[2025-12-11T23:19:00.298+0000] {processor.py:830} INFO - Processing file /home/airflow/.local/lib/python3.9/site-packages/airflow/example_dags/example_branch_python_dop_operator_3.py for tasks to queue
[2025-12-11T23:19:00.302+0000] {logging_mixin.py:188} INFO - [2025-12-11T23:19:00.301+0000] {dagbag.py:545} INFO - Filling up the DagBag from /home/airflow/.local/lib/python3.9/site-packages/airflow/example_dags/example_branch_python_dop_operator_3.py
[2025-12-11T23:19:00.321+0000] {processor.py:840} INFO - DAG(s) 'example_branch_dop_operator_v3' retrieved from /home/airflow/.local/lib/python3.9/site-packages/airflow/example_dags/example_branch_python_dop_operator_3.py
[2025-12-11T23:19:00.377+0000] {logging_mixin.py:188} INFO - [2025-12-11T23:19:00.376+0000] {dag.py:3096} INFO - Sync 1 DAGs
[2025-12-11T23:19:00.447+0000] {logging_mixin.py:188} INFO - [2025-12-11T23:19:00.447+0000] {dag.py:3954} INFO - Setting next_dagrun for example_branch_dop_operator_v3 to 2025-12-11 23:18:00+00:00, run_after=2025-12-11 23:19:00+00:00
[2025-12-11T23:19:00.483+0000] {processor.py:183} INFO - Processing /home/airflow/.local/lib/python3.9/site-packages/airflow/example_dags/example_branch_python_dop_operator_3.py took 0.202 seconds
[2025-12-11T23:19:31.505+0000] {processor.py:161} INFO - Started process (PID=3692) to work on /home/airflow/.local/lib/python3.9/site-packages/airflow/example_dags/example_branch_python_dop_operator_3.py
[2025-12-11T23:19:31.516+0000] {processor.py:830} INFO - Processing file /home/airflow/.local/lib/python3.9/site-packages/airflow/example_dags/example_branch_python_dop_operator_3.py for tasks to queue
[2025-12-11T23:19:31.520+0000] {logging_mixin.py:188} INFO - [2025-12-11T23:19:31.519+0000] {dagbag.py:545} INFO - Filling up the DagBag from /home/airflow/.local/lib/python3.9/site-packages/airflow/example_dags/example_branch_python_dop_operator_3.py
[2025-12-11T23:19:31.539+0000] {processor.py:840} INFO - DAG(s) 'example_branch_dop_operator_v3' retrieved from /home/airflow/.local/lib/python3.9/site-packages/airflow/example_dags/example_branch_python_dop_operator_3.py
[2025-12-11T23:19:31.615+0000] {logging_mixin.py:188} INFO - [2025-12-11T23:19:31.614+0000] {dag.py:3096} INFO - Sync 1 DAGs
[2025-12-11T23:19:31.678+0000] {logging_mixin.py:188} INFO - [2025-12-11T23:19:31.677+0000] {dag.py:3954} INFO - Setting next_dagrun for example_branch_dop_operator_v3 to 2025-12-11 23:18:00+00:00, run_after=2025-12-11 23:19:00+00:00
[2025-12-11T23:19:31.717+0000] {processor.py:183} INFO - Processing /home/airflow/.local/lib/python3.9/site-packages/airflow/example_dags/example_branch_python_dop_operator_3.py took 0.223 seconds
[2025-12-11T23:20:01.987+0000] {processor.py:161} INFO - Started process (PID=3759) to work on /home/airflow/.local/lib/python3.9/site-packages/airflow/example_dags/example_branch_python_dop_operator_3.py
[2025-12-11T23:20:01.989+0000] {processor.py:830} INFO - Processing file /home/airflow/.local/lib/python3.9/site-packages/airflow/example_dags/example_branch_python_dop_operator_3.py for tasks to queue
[2025-12-11T23:20:01.991+0000] {logging_mixin.py:188} INFO - [2025-12-11T23:20:01.991+0000] {dagbag.py:545} INFO - Filling up the DagBag from /home/airflow/.local/lib/python3.9/site-packages/airflow/example_dags/example_branch_python_dop_operator_3.py
[2025-12-11T23:20:02.005+0000] {processor.py:840} INFO - DAG(s) 'example_branch_dop_operator_v3' retrieved from /home/airflow/.local/lib/python3.9/site-packages/airflow/example_dags/example_branch_python_dop_operator_3.py
[2025-12-11T23:20:02.047+0000] {logging_mixin.py:188} INFO - [2025-12-11T23:20:02.046+0000] {dag.py:3096} INFO - Sync 1 DAGs
[2025-12-11T23:20:02.096+0000] {logging_mixin.py:188} INFO - [2025-12-11T23:20:02.095+0000] {dag.py:3954} INFO - Setting next_dagrun for example_branch_dop_operator_v3 to 2025-12-11 23:19:00+00:00, run_after=2025-12-11 23:20:00+00:00
[2025-12-11T23:20:02.124+0000] {processor.py:183} INFO - Processing /home/airflow/.local/lib/python3.9/site-packages/airflow/example_dags/example_branch_python_dop_operator_3.py took 0.146 seconds
[2025-12-11T23:20:32.598+0000] {processor.py:161} INFO - Started process (PID=3826) to work on /home/airflow/.local/lib/python3.9/site-packages/airflow/example_dags/example_branch_python_dop_operator_3.py
[2025-12-11T23:20:32.642+0000] {processor.py:830} INFO - Processing file /home/airflow/.local/lib/python3.9/site-packages/airflow/example_dags/example_branch_python_dop_operator_3.py for tasks to queue
[2025-12-11T23:20:32.645+0000] {logging_mixin.py:188} INFO - [2025-12-11T23:20:32.644+0000] {dagbag.py:545} INFO - Filling up the DagBag from /home/airflow/.local/lib/python3.9/site-packages/airflow/example_dags/example_branch_python_dop_operator_3.py
[2025-12-11T23:20:32.659+0000] {processor.py:840} INFO - DAG(s) 'example_branch_dop_operator_v3' retrieved from /home/airflow/.local/lib/python3.9/site-packages/airflow/example_dags/example_branch_python_dop_operator_3.py
[2025-12-11T23:20:32.696+0000] {logging_mixin.py:188} INFO - [2025-12-11T23:20:32.696+0000] {dag.py:3096} INFO - Sync 1 DAGs
[2025-12-11T23:20:32.736+0000] {logging_mixin.py:188} INFO - [2025-12-11T23:20:32.736+0000] {dag.py:3954} INFO - Setting next_dagrun for example_branch_dop_operator_v3 to 2025-12-11 23:19:00+00:00, run_after=2025-12-11 23:20:00+00:00
[2025-12-11T23:20:32.805+0000] {processor.py:183} INFO - Processing /home/airflow/.local/lib/python3.9/site-packages/airflow/example_dags/example_branch_python_dop_operator_3.py took 0.238 seconds
[2025-12-11T23:21:03.153+0000] {processor.py:161} INFO - Started process (PID=3893) to work on /home/airflow/.local/lib/python3.9/site-packages/airflow/example_dags/example_branch_python_dop_operator_3.py
[2025-12-11T23:21:03.185+0000] {processor.py:830} INFO - Processing file /home/airflow/.local/lib/python3.9/site-packages/airflow/example_dags/example_branch_python_dop_operator_3.py for tasks to queue
[2025-12-11T23:21:03.192+0000] {logging_mixin.py:188} INFO - [2025-12-11T23:21:03.192+0000] {dagbag.py:545} INFO - Filling up the DagBag from /home/airflow/.local/lib/python3.9/site-packages/airflow/example_dags/example_branch_python_dop_operator_3.py
[2025-12-11T23:21:03.215+0000] {processor.py:840} INFO - DAG(s) 'example_branch_dop_operator_v3' retrieved from /home/airflow/.local/lib/python3.9/site-packages/airflow/example_dags/example_branch_python_dop_operator_3.py
[2025-12-11T23:21:03.273+0000] {logging_mixin.py:188} INFO - [2025-12-11T23:21:03.272+0000] {dag.py:3096} INFO - Sync 1 DAGs
[2025-12-11T23:21:03.416+0000] {logging_mixin.py:188} INFO - [2025-12-11T23:21:03.415+0000] {dag.py:3954} INFO - Setting next_dagrun for example_branch_dop_operator_v3 to 2025-12-11 23:20:00+00:00, run_after=2025-12-11 23:21:00+00:00
[2025-12-11T23:21:03.497+0000] {processor.py:183} INFO - Processing /home/airflow/.local/lib/python3.9/site-packages/airflow/example_dags/example_branch_python_dop_operator_3.py took 0.364 seconds
[2025-12-11T23:21:33.854+0000] {processor.py:161} INFO - Started process (PID=3958) to work on /home/airflow/.local/lib/python3.9/site-packages/airflow/example_dags/example_branch_python_dop_operator_3.py
[2025-12-11T23:21:33.855+0000] {processor.py:830} INFO - Processing file /home/airflow/.local/lib/python3.9/site-packages/airflow/example_dags/example_branch_python_dop_operator_3.py for tasks to queue
[2025-12-11T23:21:33.858+0000] {logging_mixin.py:188} INFO - [2025-12-11T23:21:33.857+0000] {dagbag.py:545} INFO - Filling up the DagBag from /home/airflow/.local/lib/python3.9/site-packages/airflow/example_dags/example_branch_python_dop_operator_3.py
[2025-12-11T23:21:33.874+0000] {processor.py:840} INFO - DAG(s) 'example_branch_dop_operator_v3' retrieved from /home/airflow/.local/lib/python3.9/site-packages/airflow/example_dags/example_branch_python_dop_operator_3.py
[2025-12-11T23:21:33.910+0000] {logging_mixin.py:188} INFO - [2025-12-11T23:21:33.910+0000] {dag.py:3096} INFO - Sync 1 DAGs
[2025-12-11T23:21:33.956+0000] {logging_mixin.py:188} INFO - [2025-12-11T23:21:33.955+0000] {dag.py:3954} INFO - Setting next_dagrun for example_branch_dop_operator_v3 to 2025-12-11 23:20:00+00:00, run_after=2025-12-11 23:21:00+00:00
[2025-12-11T23:21:33.985+0000] {processor.py:183} INFO - Processing /home/airflow/.local/lib/python3.9/site-packages/airflow/example_dags/example_branch_python_dop_operator_3.py took 0.142 seconds
[2025-12-11T23:22:04.113+0000] {processor.py:161} INFO - Started process (PID=4025) to work on /home/airflow/.local/lib/python3.9/site-packages/airflow/example_dags/example_branch_python_dop_operator_3.py
[2025-12-11T23:22:04.114+0000] {processor.py:830} INFO - Processing file /home/airflow/.local/lib/python3.9/site-packages/airflow/example_dags/example_branch_python_dop_operator_3.py for tasks to queue
[2025-12-11T23:22:04.117+0000] {logging_mixin.py:188} INFO - [2025-12-11T23:22:04.116+0000] {dagbag.py:545} INFO - Filling up the DagBag from /home/airflow/.local/lib/python3.9/site-packages/airflow/example_dags/example_branch_python_dop_operator_3.py
[2025-12-11T23:22:04.140+0000] {processor.py:840} INFO - DAG(s) 'example_branch_dop_operator_v3' retrieved from /home/airflow/.local/lib/python3.9/site-packages/airflow/example_dags/example_branch_python_dop_operator_3.py
[2025-12-11T23:22:04.196+0000] {logging_mixin.py:188} INFO - [2025-12-11T23:22:04.195+0000] {dag.py:3096} INFO - Sync 1 DAGs
[2025-12-11T23:22:04.238+0000] {logging_mixin.py:188} INFO - [2025-12-11T23:22:04.238+0000] {dag.py:3954} INFO - Setting next_dagrun for example_branch_dop_operator_v3 to 2025-12-11 23:21:00+00:00, run_after=2025-12-11 23:22:00+00:00
[2025-12-11T23:22:04.267+0000] {processor.py:183} INFO - Processing /home/airflow/.local/lib/python3.9/site-packages/airflow/example_dags/example_branch_python_dop_operator_3.py took 0.166 seconds
[2025-12-11T23:22:34.514+0000] {processor.py:161} INFO - Started process (PID=4092) to work on /home/airflow/.local/lib/python3.9/site-packages/airflow/example_dags/example_branch_python_dop_operator_3.py
[2025-12-11T23:22:34.516+0000] {processor.py:830} INFO - Processing file /home/airflow/.local/lib/python3.9/site-packages/airflow/example_dags/example_branch_python_dop_operator_3.py for tasks to queue
[2025-12-11T23:22:34.519+0000] {logging_mixin.py:188} INFO - [2025-12-11T23:22:34.518+0000] {dagbag.py:545} INFO - Filling up the DagBag from /home/airflow/.local/lib/python3.9/site-packages/airflow/example_dags/example_branch_python_dop_operator_3.py
[2025-12-11T23:22:34.539+0000] {processor.py:840} INFO - DAG(s) 'example_branch_dop_operator_v3' retrieved from /home/airflow/.local/lib/python3.9/site-packages/airflow/example_dags/example_branch_python_dop_operator_3.py
[2025-12-11T23:22:34.599+0000] {logging_mixin.py:188} INFO - [2025-12-11T23:22:34.599+0000] {dag.py:3096} INFO - Sync 1 DAGs
[2025-12-11T23:22:34.649+0000] {logging_mixin.py:188} INFO - [2025-12-11T23:22:34.649+0000] {dag.py:3954} INFO - Setting next_dagrun for example_branch_dop_operator_v3 to 2025-12-11 23:21:00+00:00, run_after=2025-12-11 23:22:00+00:00
[2025-12-11T23:22:34.684+0000] {processor.py:183} INFO - Processing /home/airflow/.local/lib/python3.9/site-packages/airflow/example_dags/example_branch_python_dop_operator_3.py took 0.182 seconds
[2025-12-11T23:23:04.848+0000] {processor.py:161} INFO - Started process (PID=4159) to work on /home/airflow/.local/lib/python3.9/site-packages/airflow/example_dags/example_branch_python_dop_operator_3.py
[2025-12-11T23:23:04.850+0000] {processor.py:830} INFO - Processing file /home/airflow/.local/lib/python3.9/site-packages/airflow/example_dags/example_branch_python_dop_operator_3.py for tasks to queue
[2025-12-11T23:23:04.852+0000] {logging_mixin.py:188} INFO - [2025-12-11T23:23:04.852+0000] {dagbag.py:545} INFO - Filling up the DagBag from /home/airflow/.local/lib/python3.9/site-packages/airflow/example_dags/example_branch_python_dop_operator_3.py
[2025-12-11T23:23:04.866+0000] {processor.py:840} INFO - DAG(s) 'example_branch_dop_operator_v3' retrieved from /home/airflow/.local/lib/python3.9/site-packages/airflow/example_dags/example_branch_python_dop_operator_3.py
[2025-12-11T23:23:04.902+0000] {logging_mixin.py:188} INFO - [2025-12-11T23:23:04.902+0000] {dag.py:3096} INFO - Sync 1 DAGs
[2025-12-11T23:23:04.954+0000] {logging_mixin.py:188} INFO - [2025-12-11T23:23:04.954+0000] {dag.py:3954} INFO - Setting next_dagrun for example_branch_dop_operator_v3 to 2025-12-11 23:22:00+00:00, run_after=2025-12-11 23:23:00+00:00
[2025-12-11T23:23:04.998+0000] {processor.py:183} INFO - Processing /home/airflow/.local/lib/python3.9/site-packages/airflow/example_dags/example_branch_python_dop_operator_3.py took 0.160 seconds
[2025-12-11T23:23:35.120+0000] {processor.py:161} INFO - Started process (PID=4226) to work on /home/airflow/.local/lib/python3.9/site-packages/airflow/example_dags/example_branch_python_dop_operator_3.py
[2025-12-11T23:23:35.139+0000] {processor.py:830} INFO - Processing file /home/airflow/.local/lib/python3.9/site-packages/airflow/example_dags/example_branch_python_dop_operator_3.py for tasks to queue
[2025-12-11T23:23:35.144+0000] {logging_mixin.py:188} INFO - [2025-12-11T23:23:35.143+0000] {dagbag.py:545} INFO - Filling up the DagBag from /home/airflow/.local/lib/python3.9/site-packages/airflow/example_dags/example_branch_python_dop_operator_3.py
[2025-12-11T23:23:35.165+0000] {processor.py:840} INFO - DAG(s) 'example_branch_dop_operator_v3' retrieved from /home/airflow/.local/lib/python3.9/site-packages/airflow/example_dags/example_branch_python_dop_operator_3.py
[2025-12-11T23:23:35.214+0000] {logging_mixin.py:188} INFO - [2025-12-11T23:23:35.213+0000] {dag.py:3096} INFO - Sync 1 DAGs
[2025-12-11T23:23:35.267+0000] {logging_mixin.py:188} INFO - [2025-12-11T23:23:35.267+0000] {dag.py:3954} INFO - Setting next_dagrun for example_branch_dop_operator_v3 to 2025-12-11 23:22:00+00:00, run_after=2025-12-11 23:23:00+00:00
[2025-12-11T23:23:35.933+0000] {processor.py:183} INFO - Processing /home/airflow/.local/lib/python3.9/site-packages/airflow/example_dags/example_branch_python_dop_operator_3.py took 0.827 seconds
[2025-12-11T23:24:06.234+0000] {processor.py:161} INFO - Started process (PID=4294) to work on /home/airflow/.local/lib/python3.9/site-packages/airflow/example_dags/example_branch_python_dop_operator_3.py
[2025-12-11T23:24:06.310+0000] {processor.py:830} INFO - Processing file /home/airflow/.local/lib/python3.9/site-packages/airflow/example_dags/example_branch_python_dop_operator_3.py for tasks to queue
[2025-12-11T23:24:06.313+0000] {logging_mixin.py:188} INFO - [2025-12-11T23:24:06.313+0000] {dagbag.py:545} INFO - Filling up the DagBag from /home/airflow/.local/lib/python3.9/site-packages/airflow/example_dags/example_branch_python_dop_operator_3.py
[2025-12-11T23:24:06.329+0000] {processor.py:840} INFO - DAG(s) 'example_branch_dop_operator_v3' retrieved from /home/airflow/.local/lib/python3.9/site-packages/airflow/example_dags/example_branch_python_dop_operator_3.py
[2025-12-11T23:24:06.368+0000] {logging_mixin.py:188} INFO - [2025-12-11T23:24:06.368+0000] {dag.py:3096} INFO - Sync 1 DAGs
[2025-12-11T23:24:06.414+0000] {logging_mixin.py:188} INFO - [2025-12-11T23:24:06.413+0000] {dag.py:3954} INFO - Setting next_dagrun for example_branch_dop_operator_v3 to 2025-12-11 23:23:00+00:00, run_after=2025-12-11 23:24:00+00:00
[2025-12-11T23:24:06.732+0000] {processor.py:183} INFO - Processing /home/airflow/.local/lib/python3.9/site-packages/airflow/example_dags/example_branch_python_dop_operator_3.py took 0.514 seconds
[2025-12-11T23:24:37.773+0000] {processor.py:161} INFO - Started process (PID=4360) to work on /home/airflow/.local/lib/python3.9/site-packages/airflow/example_dags/example_branch_python_dop_operator_3.py
[2025-12-11T23:24:37.777+0000] {processor.py:830} INFO - Processing file /home/airflow/.local/lib/python3.9/site-packages/airflow/example_dags/example_branch_python_dop_operator_3.py for tasks to queue
[2025-12-11T23:24:37.781+0000] {logging_mixin.py:188} INFO - [2025-12-11T23:24:37.781+0000] {dagbag.py:545} INFO - Filling up the DagBag from /home/airflow/.local/lib/python3.9/site-packages/airflow/example_dags/example_branch_python_dop_operator_3.py
[2025-12-11T23:24:37.810+0000] {processor.py:840} INFO - DAG(s) 'example_branch_dop_operator_v3' retrieved from /home/airflow/.local/lib/python3.9/site-packages/airflow/example_dags/example_branch_python_dop_operator_3.py
[2025-12-11T23:24:37.877+0000] {logging_mixin.py:188} INFO - [2025-12-11T23:24:37.876+0000] {dag.py:3096} INFO - Sync 1 DAGs
[2025-12-11T23:24:37.947+0000] {logging_mixin.py:188} INFO - [2025-12-11T23:24:37.946+0000] {dag.py:3954} INFO - Setting next_dagrun for example_branch_dop_operator_v3 to 2025-12-11 23:23:00+00:00, run_after=2025-12-11 23:24:00+00:00
[2025-12-11T23:24:37.977+0000] {processor.py:183} INFO - Processing /home/airflow/.local/lib/python3.9/site-packages/airflow/example_dags/example_branch_python_dop_operator_3.py took 0.220 seconds
[2025-12-11T23:25:08.029+0000] {processor.py:161} INFO - Started process (PID=4427) to work on /home/airflow/.local/lib/python3.9/site-packages/airflow/example_dags/example_branch_python_dop_operator_3.py
[2025-12-11T23:25:08.031+0000] {processor.py:830} INFO - Processing file /home/airflow/.local/lib/python3.9/site-packages/airflow/example_dags/example_branch_python_dop_operator_3.py for tasks to queue
[2025-12-11T23:25:08.034+0000] {logging_mixin.py:188} INFO - [2025-12-11T23:25:08.034+0000] {dagbag.py:545} INFO - Filling up the DagBag from /home/airflow/.local/lib/python3.9/site-packages/airflow/example_dags/example_branch_python_dop_operator_3.py
[2025-12-11T23:25:08.049+0000] {processor.py:840} INFO - DAG(s) 'example_branch_dop_operator_v3' retrieved from /home/airflow/.local/lib/python3.9/site-packages/airflow/example_dags/example_branch_python_dop_operator_3.py
[2025-12-11T23:25:08.090+0000] {logging_mixin.py:188} INFO - [2025-12-11T23:25:08.090+0000] {dag.py:3096} INFO - Sync 1 DAGs
[2025-12-11T23:25:08.137+0000] {logging_mixin.py:188} INFO - [2025-12-11T23:25:08.136+0000] {dag.py:3954} INFO - Setting next_dagrun for example_branch_dop_operator_v3 to 2025-12-11 23:24:00+00:00, run_after=2025-12-11 23:25:00+00:00
[2025-12-11T23:25:08.166+0000] {processor.py:183} INFO - Processing /home/airflow/.local/lib/python3.9/site-packages/airflow/example_dags/example_branch_python_dop_operator_3.py took 0.147 seconds
[2025-12-11T23:25:38.405+0000] {processor.py:161} INFO - Started process (PID=4494) to work on /home/airflow/.local/lib/python3.9/site-packages/airflow/example_dags/example_branch_python_dop_operator_3.py
[2025-12-11T23:25:38.407+0000] {processor.py:830} INFO - Processing file /home/airflow/.local/lib/python3.9/site-packages/airflow/example_dags/example_branch_python_dop_operator_3.py for tasks to queue
[2025-12-11T23:25:38.411+0000] {logging_mixin.py:188} INFO - [2025-12-11T23:25:38.411+0000] {dagbag.py:545} INFO - Filling up the DagBag from /home/airflow/.local/lib/python3.9/site-packages/airflow/example_dags/example_branch_python_dop_operator_3.py
[2025-12-11T23:25:38.425+0000] {processor.py:840} INFO - DAG(s) 'example_branch_dop_operator_v3' retrieved from /home/airflow/.local/lib/python3.9/site-packages/airflow/example_dags/example_branch_python_dop_operator_3.py
[2025-12-11T23:25:38.473+0000] {logging_mixin.py:188} INFO - [2025-12-11T23:25:38.472+0000] {dag.py:3096} INFO - Sync 1 DAGs
[2025-12-11T23:25:38.520+0000] {logging_mixin.py:188} INFO - [2025-12-11T23:25:38.519+0000] {dag.py:3954} INFO - Setting next_dagrun for example_branch_dop_operator_v3 to 2025-12-11 23:24:00+00:00, run_after=2025-12-11 23:25:00+00:00
[2025-12-11T23:25:38.554+0000] {processor.py:183} INFO - Processing /home/airflow/.local/lib/python3.9/site-packages/airflow/example_dags/example_branch_python_dop_operator_3.py took 0.159 seconds
[2025-12-11T23:26:09.391+0000] {processor.py:161} INFO - Started process (PID=4566) to work on /home/airflow/.local/lib/python3.9/site-packages/airflow/example_dags/example_branch_python_dop_operator_3.py
[2025-12-11T23:26:09.393+0000] {processor.py:830} INFO - Processing file /home/airflow/.local/lib/python3.9/site-packages/airflow/example_dags/example_branch_python_dop_operator_3.py for tasks to queue
[2025-12-11T23:26:09.396+0000] {logging_mixin.py:188} INFO - [2025-12-11T23:26:09.395+0000] {dagbag.py:545} INFO - Filling up the DagBag from /home/airflow/.local/lib/python3.9/site-packages/airflow/example_dags/example_branch_python_dop_operator_3.py
[2025-12-11T23:26:09.454+0000] {processor.py:840} INFO - DAG(s) 'example_branch_dop_operator_v3' retrieved from /home/airflow/.local/lib/python3.9/site-packages/airflow/example_dags/example_branch_python_dop_operator_3.py
[2025-12-11T23:26:09.635+0000] {logging_mixin.py:188} INFO - [2025-12-11T23:26:09.635+0000] {dag.py:3096} INFO - Sync 1 DAGs
[2025-12-11T23:26:09.832+0000] {logging_mixin.py:188} INFO - [2025-12-11T23:26:09.832+0000] {dag.py:3954} INFO - Setting next_dagrun for example_branch_dop_operator_v3 to 2025-12-11 23:25:00+00:00, run_after=2025-12-11 23:26:00+00:00
[2025-12-11T23:26:09.970+0000] {processor.py:183} INFO - Processing /home/airflow/.local/lib/python3.9/site-packages/airflow/example_dags/example_branch_python_dop_operator_3.py took 0.620 seconds
[2025-12-11T23:26:40.037+0000] {processor.py:161} INFO - Started process (PID=4631) to work on /home/airflow/.local/lib/python3.9/site-packages/airflow/example_dags/example_branch_python_dop_operator_3.py
[2025-12-11T23:26:40.039+0000] {processor.py:830} INFO - Processing file /home/airflow/.local/lib/python3.9/site-packages/airflow/example_dags/example_branch_python_dop_operator_3.py for tasks to queue
[2025-12-11T23:26:40.042+0000] {logging_mixin.py:188} INFO - [2025-12-11T23:26:40.041+0000] {dagbag.py:545} INFO - Filling up the DagBag from /home/airflow/.local/lib/python3.9/site-packages/airflow/example_dags/example_branch_python_dop_operator_3.py
[2025-12-11T23:26:40.056+0000] {processor.py:840} INFO - DAG(s) 'example_branch_dop_operator_v3' retrieved from /home/airflow/.local/lib/python3.9/site-packages/airflow/example_dags/example_branch_python_dop_operator_3.py
[2025-12-11T23:26:40.094+0000] {logging_mixin.py:188} INFO - [2025-12-11T23:26:40.093+0000] {dag.py:3096} INFO - Sync 1 DAGs
[2025-12-11T23:26:40.135+0000] {logging_mixin.py:188} INFO - [2025-12-11T23:26:40.135+0000] {dag.py:3954} INFO - Setting next_dagrun for example_branch_dop_operator_v3 to 2025-12-11 23:25:00+00:00, run_after=2025-12-11 23:26:00+00:00
[2025-12-11T23:26:40.163+0000] {processor.py:183} INFO - Processing /home/airflow/.local/lib/python3.9/site-packages/airflow/example_dags/example_branch_python_dop_operator_3.py took 0.137 seconds
[2025-12-11T23:27:10.469+0000] {processor.py:161} INFO - Started process (PID=4698) to work on /home/airflow/.local/lib/python3.9/site-packages/airflow/example_dags/example_branch_python_dop_operator_3.py
[2025-12-11T23:27:10.471+0000] {processor.py:830} INFO - Processing file /home/airflow/.local/lib/python3.9/site-packages/airflow/example_dags/example_branch_python_dop_operator_3.py for tasks to queue
[2025-12-11T23:27:10.474+0000] {logging_mixin.py:188} INFO - [2025-12-11T23:27:10.473+0000] {dagbag.py:545} INFO - Filling up the DagBag from /home/airflow/.local/lib/python3.9/site-packages/airflow/example_dags/example_branch_python_dop_operator_3.py
[2025-12-11T23:27:10.493+0000] {processor.py:840} INFO - DAG(s) 'example_branch_dop_operator_v3' retrieved from /home/airflow/.local/lib/python3.9/site-packages/airflow/example_dags/example_branch_python_dop_operator_3.py
[2025-12-11T23:27:10.573+0000] {logging_mixin.py:188} INFO - [2025-12-11T23:27:10.573+0000] {dag.py:3096} INFO - Sync 1 DAGs
[2025-12-11T23:27:10.672+0000] {logging_mixin.py:188} INFO - [2025-12-11T23:27:10.671+0000] {dag.py:3954} INFO - Setting next_dagrun for example_branch_dop_operator_v3 to 2025-12-11 23:26:00+00:00, run_after=2025-12-11 23:27:00+00:00
[2025-12-11T23:27:10.736+0000] {processor.py:183} INFO - Processing /home/airflow/.local/lib/python3.9/site-packages/airflow/example_dags/example_branch_python_dop_operator_3.py took 0.287 seconds
[2025-12-11T23:27:40.831+0000] {processor.py:161} INFO - Started process (PID=4764) to work on /home/airflow/.local/lib/python3.9/site-packages/airflow/example_dags/example_branch_python_dop_operator_3.py
[2025-12-11T23:27:40.902+0000] {processor.py:830} INFO - Processing file /home/airflow/.local/lib/python3.9/site-packages/airflow/example_dags/example_branch_python_dop_operator_3.py for tasks to queue
[2025-12-11T23:27:40.905+0000] {logging_mixin.py:188} INFO - [2025-12-11T23:27:40.905+0000] {dagbag.py:545} INFO - Filling up the DagBag from /home/airflow/.local/lib/python3.9/site-packages/airflow/example_dags/example_branch_python_dop_operator_3.py
[2025-12-11T23:27:40.919+0000] {processor.py:840} INFO - DAG(s) 'example_branch_dop_operator_v3' retrieved from /home/airflow/.local/lib/python3.9/site-packages/airflow/example_dags/example_branch_python_dop_operator_3.py
[2025-12-11T23:27:40.962+0000] {logging_mixin.py:188} INFO - [2025-12-11T23:27:40.961+0000] {dag.py:3096} INFO - Sync 1 DAGs
[2025-12-11T23:27:41.085+0000] {logging_mixin.py:188} INFO - [2025-12-11T23:27:41.084+0000] {dag.py:3954} INFO - Setting next_dagrun for example_branch_dop_operator_v3 to 2025-12-11 23:26:00+00:00, run_after=2025-12-11 23:27:00+00:00
[2025-12-11T23:27:41.156+0000] {processor.py:183} INFO - Processing /home/airflow/.local/lib/python3.9/site-packages/airflow/example_dags/example_branch_python_dop_operator_3.py took 0.361 seconds
[2025-12-11T23:28:11.986+0000] {processor.py:161} INFO - Started process (PID=4837) to work on /home/airflow/.local/lib/python3.9/site-packages/airflow/example_dags/example_branch_python_dop_operator_3.py
[2025-12-11T23:28:11.991+0000] {processor.py:830} INFO - Processing file /home/airflow/.local/lib/python3.9/site-packages/airflow/example_dags/example_branch_python_dop_operator_3.py for tasks to queue
[2025-12-11T23:28:11.994+0000] {logging_mixin.py:188} INFO - [2025-12-11T23:28:11.994+0000] {dagbag.py:545} INFO - Filling up the DagBag from /home/airflow/.local/lib/python3.9/site-packages/airflow/example_dags/example_branch_python_dop_operator_3.py
[2025-12-11T23:28:12.019+0000] {processor.py:840} INFO - DAG(s) 'example_branch_dop_operator_v3' retrieved from /home/airflow/.local/lib/python3.9/site-packages/airflow/example_dags/example_branch_python_dop_operator_3.py
[2025-12-11T23:28:12.080+0000] {logging_mixin.py:188} INFO - [2025-12-11T23:28:12.080+0000] {dag.py:3096} INFO - Sync 1 DAGs
[2025-12-11T23:28:12.177+0000] {logging_mixin.py:188} INFO - [2025-12-11T23:28:12.177+0000] {dag.py:3954} INFO - Setting next_dagrun for example_branch_dop_operator_v3 to 2025-12-11 23:27:00+00:00, run_after=2025-12-11 23:28:00+00:00
[2025-12-11T23:28:12.252+0000] {processor.py:183} INFO - Processing /home/airflow/.local/lib/python3.9/site-packages/airflow/example_dags/example_branch_python_dop_operator_3.py took 0.276 seconds
[2025-12-11T23:28:42.661+0000] {processor.py:161} INFO - Started process (PID=4904) to work on /home/airflow/.local/lib/python3.9/site-packages/airflow/example_dags/example_branch_python_dop_operator_3.py
[2025-12-11T23:28:42.671+0000] {processor.py:830} INFO - Processing file /home/airflow/.local/lib/python3.9/site-packages/airflow/example_dags/example_branch_python_dop_operator_3.py for tasks to queue
[2025-12-11T23:28:42.674+0000] {logging_mixin.py:188} INFO - [2025-12-11T23:28:42.673+0000] {dagbag.py:545} INFO - Filling up the DagBag from /home/airflow/.local/lib/python3.9/site-packages/airflow/example_dags/example_branch_python_dop_operator_3.py
[2025-12-11T23:28:42.692+0000] {processor.py:840} INFO - DAG(s) 'example_branch_dop_operator_v3' retrieved from /home/airflow/.local/lib/python3.9/site-packages/airflow/example_dags/example_branch_python_dop_operator_3.py
[2025-12-11T23:28:42.775+0000] {logging_mixin.py:188} INFO - [2025-12-11T23:28:42.775+0000] {dag.py:3096} INFO - Sync 1 DAGs
[2025-12-11T23:28:42.852+0000] {logging_mixin.py:188} INFO - [2025-12-11T23:28:42.852+0000] {dag.py:3954} INFO - Setting next_dagrun for example_branch_dop_operator_v3 to 2025-12-11 23:27:00+00:00, run_after=2025-12-11 23:28:00+00:00
[2025-12-11T23:28:42.915+0000] {processor.py:183} INFO - Processing /home/airflow/.local/lib/python3.9/site-packages/airflow/example_dags/example_branch_python_dop_operator_3.py took 0.265 seconds
[2025-12-11T23:29:13.894+0000] {processor.py:161} INFO - Started process (PID=4971) to work on /home/airflow/.local/lib/python3.9/site-packages/airflow/example_dags/example_branch_python_dop_operator_3.py
[2025-12-11T23:29:13.896+0000] {processor.py:830} INFO - Processing file /home/airflow/.local/lib/python3.9/site-packages/airflow/example_dags/example_branch_python_dop_operator_3.py for tasks to queue
[2025-12-11T23:29:13.899+0000] {logging_mixin.py:188} INFO - [2025-12-11T23:29:13.898+0000] {dagbag.py:545} INFO - Filling up the DagBag from /home/airflow/.local/lib/python3.9/site-packages/airflow/example_dags/example_branch_python_dop_operator_3.py
[2025-12-11T23:29:13.919+0000] {processor.py:840} INFO - DAG(s) 'example_branch_dop_operator_v3' retrieved from /home/airflow/.local/lib/python3.9/site-packages/airflow/example_dags/example_branch_python_dop_operator_3.py
[2025-12-11T23:29:13.984+0000] {logging_mixin.py:188} INFO - [2025-12-11T23:29:13.984+0000] {dag.py:3096} INFO - Sync 1 DAGs
[2025-12-11T23:29:14.060+0000] {logging_mixin.py:188} INFO - [2025-12-11T23:29:14.060+0000] {dag.py:3954} INFO - Setting next_dagrun for example_branch_dop_operator_v3 to 2025-12-11 23:28:00+00:00, run_after=2025-12-11 23:29:00+00:00
[2025-12-11T23:29:14.111+0000] {processor.py:183} INFO - Processing /home/airflow/.local/lib/python3.9/site-packages/airflow/example_dags/example_branch_python_dop_operator_3.py took 0.232 seconds
[2025-12-11T23:29:44.300+0000] {processor.py:161} INFO - Started process (PID=5038) to work on /home/airflow/.local/lib/python3.9/site-packages/airflow/example_dags/example_branch_python_dop_operator_3.py
[2025-12-11T23:29:44.335+0000] {processor.py:830} INFO - Processing file /home/airflow/.local/lib/python3.9/site-packages/airflow/example_dags/example_branch_python_dop_operator_3.py for tasks to queue
[2025-12-11T23:29:44.339+0000] {logging_mixin.py:188} INFO - [2025-12-11T23:29:44.338+0000] {dagbag.py:545} INFO - Filling up the DagBag from /home/airflow/.local/lib/python3.9/site-packages/airflow/example_dags/example_branch_python_dop_operator_3.py
[2025-12-11T23:29:44.370+0000] {processor.py:840} INFO - DAG(s) 'example_branch_dop_operator_v3' retrieved from /home/airflow/.local/lib/python3.9/site-packages/airflow/example_dags/example_branch_python_dop_operator_3.py
[2025-12-11T23:29:44.440+0000] {logging_mixin.py:188} INFO - [2025-12-11T23:29:44.439+0000] {dag.py:3096} INFO - Sync 1 DAGs
[2025-12-11T23:29:44.499+0000] {logging_mixin.py:188} INFO - [2025-12-11T23:29:44.499+0000] {dag.py:3954} INFO - Setting next_dagrun for example_branch_dop_operator_v3 to 2025-12-11 23:28:00+00:00, run_after=2025-12-11 23:29:00+00:00
[2025-12-11T23:29:44.554+0000] {processor.py:183} INFO - Processing /home/airflow/.local/lib/python3.9/site-packages/airflow/example_dags/example_branch_python_dop_operator_3.py took 0.269 seconds
[2025-12-11T23:30:14.903+0000] {processor.py:161} INFO - Started process (PID=5105) to work on /home/airflow/.local/lib/python3.9/site-packages/airflow/example_dags/example_branch_python_dop_operator_3.py
[2025-12-11T23:30:14.910+0000] {processor.py:830} INFO - Processing file /home/airflow/.local/lib/python3.9/site-packages/airflow/example_dags/example_branch_python_dop_operator_3.py for tasks to queue
[2025-12-11T23:30:14.913+0000] {logging_mixin.py:188} INFO - [2025-12-11T23:30:14.913+0000] {dagbag.py:545} INFO - Filling up the DagBag from /home/airflow/.local/lib/python3.9/site-packages/airflow/example_dags/example_branch_python_dop_operator_3.py
[2025-12-11T23:30:14.935+0000] {processor.py:840} INFO - DAG(s) 'example_branch_dop_operator_v3' retrieved from /home/airflow/.local/lib/python3.9/site-packages/airflow/example_dags/example_branch_python_dop_operator_3.py
[2025-12-11T23:30:15.035+0000] {logging_mixin.py:188} INFO - [2025-12-11T23:30:15.034+0000] {dag.py:3096} INFO - Sync 1 DAGs
[2025-12-11T23:30:15.110+0000] {logging_mixin.py:188} INFO - [2025-12-11T23:30:15.110+0000] {dag.py:3954} INFO - Setting next_dagrun for example_branch_dop_operator_v3 to 2025-12-11 23:29:00+00:00, run_after=2025-12-11 23:30:00+00:00
[2025-12-11T23:30:15.380+0000] {processor.py:183} INFO - Processing /home/airflow/.local/lib/python3.9/site-packages/airflow/example_dags/example_branch_python_dop_operator_3.py took 0.487 seconds
[2025-12-11T23:30:45.553+0000] {processor.py:161} INFO - Started process (PID=5173) to work on /home/airflow/.local/lib/python3.9/site-packages/airflow/example_dags/example_branch_python_dop_operator_3.py
[2025-12-11T23:30:45.565+0000] {processor.py:830} INFO - Processing file /home/airflow/.local/lib/python3.9/site-packages/airflow/example_dags/example_branch_python_dop_operator_3.py for tasks to queue
[2025-12-11T23:30:45.571+0000] {logging_mixin.py:188} INFO - [2025-12-11T23:30:45.571+0000] {dagbag.py:545} INFO - Filling up the DagBag from /home/airflow/.local/lib/python3.9/site-packages/airflow/example_dags/example_branch_python_dop_operator_3.py
[2025-12-11T23:30:45.617+0000] {processor.py:840} INFO - DAG(s) 'example_branch_dop_operator_v3' retrieved from /home/airflow/.local/lib/python3.9/site-packages/airflow/example_dags/example_branch_python_dop_operator_3.py
[2025-12-11T23:30:45.710+0000] {logging_mixin.py:188} INFO - [2025-12-11T23:30:45.710+0000] {dag.py:3096} INFO - Sync 1 DAGs
[2025-12-11T23:30:45.769+0000] {logging_mixin.py:188} INFO - [2025-12-11T23:30:45.768+0000] {dag.py:3954} INFO - Setting next_dagrun for example_branch_dop_operator_v3 to 2025-12-11 23:29:00+00:00, run_after=2025-12-11 23:30:00+00:00
[2025-12-11T23:30:45.834+0000] {processor.py:183} INFO - Processing /home/airflow/.local/lib/python3.9/site-packages/airflow/example_dags/example_branch_python_dop_operator_3.py took 0.320 seconds
[2025-12-11T23:31:16.234+0000] {processor.py:161} INFO - Started process (PID=5239) to work on /home/airflow/.local/lib/python3.9/site-packages/airflow/example_dags/example_branch_python_dop_operator_3.py
[2025-12-11T23:31:16.310+0000] {processor.py:830} INFO - Processing file /home/airflow/.local/lib/python3.9/site-packages/airflow/example_dags/example_branch_python_dop_operator_3.py for tasks to queue
[2025-12-11T23:31:16.313+0000] {logging_mixin.py:188} INFO - [2025-12-11T23:31:16.312+0000] {dagbag.py:545} INFO - Filling up the DagBag from /home/airflow/.local/lib/python3.9/site-packages/airflow/example_dags/example_branch_python_dop_operator_3.py
[2025-12-11T23:31:16.327+0000] {processor.py:840} INFO - DAG(s) 'example_branch_dop_operator_v3' retrieved from /home/airflow/.local/lib/python3.9/site-packages/airflow/example_dags/example_branch_python_dop_operator_3.py
[2025-12-11T23:31:16.394+0000] {logging_mixin.py:188} INFO - [2025-12-11T23:31:16.393+0000] {dag.py:3096} INFO - Sync 1 DAGs
[2025-12-11T23:31:16.521+0000] {logging_mixin.py:188} INFO - [2025-12-11T23:31:16.521+0000] {dag.py:3954} INFO - Setting next_dagrun for example_branch_dop_operator_v3 to 2025-12-11 23:30:00+00:00, run_after=2025-12-11 23:31:00+00:00
[2025-12-11T23:31:16.671+0000] {processor.py:183} INFO - Processing /home/airflow/.local/lib/python3.9/site-packages/airflow/example_dags/example_branch_python_dop_operator_3.py took 0.452 seconds
[2025-12-11T23:31:46.871+0000] {processor.py:161} INFO - Started process (PID=5306) to work on /home/airflow/.local/lib/python3.9/site-packages/airflow/example_dags/example_branch_python_dop_operator_3.py
[2025-12-11T23:31:46.878+0000] {processor.py:830} INFO - Processing file /home/airflow/.local/lib/python3.9/site-packages/airflow/example_dags/example_branch_python_dop_operator_3.py for tasks to queue
[2025-12-11T23:31:46.881+0000] {logging_mixin.py:188} INFO - [2025-12-11T23:31:46.880+0000] {dagbag.py:545} INFO - Filling up the DagBag from /home/airflow/.local/lib/python3.9/site-packages/airflow/example_dags/example_branch_python_dop_operator_3.py
[2025-12-11T23:31:46.901+0000] {processor.py:840} INFO - DAG(s) 'example_branch_dop_operator_v3' retrieved from /home/airflow/.local/lib/python3.9/site-packages/airflow/example_dags/example_branch_python_dop_operator_3.py
[2025-12-11T23:31:46.969+0000] {logging_mixin.py:188} INFO - [2025-12-11T23:31:46.961+0000] {dag.py:3096} INFO - Sync 1 DAGs
[2025-12-11T23:31:47.030+0000] {logging_mixin.py:188} INFO - [2025-12-11T23:31:47.030+0000] {dag.py:3954} INFO - Setting next_dagrun for example_branch_dop_operator_v3 to 2025-12-11 23:30:00+00:00, run_after=2025-12-11 23:31:00+00:00
[2025-12-11T23:31:47.061+0000] {processor.py:183} INFO - Processing /home/airflow/.local/lib/python3.9/site-packages/airflow/example_dags/example_branch_python_dop_operator_3.py took 0.204 seconds
[2025-12-11T23:32:17.289+0000] {processor.py:161} INFO - Started process (PID=5373) to work on /home/airflow/.local/lib/python3.9/site-packages/airflow/example_dags/example_branch_python_dop_operator_3.py
[2025-12-11T23:32:17.291+0000] {processor.py:830} INFO - Processing file /home/airflow/.local/lib/python3.9/site-packages/airflow/example_dags/example_branch_python_dop_operator_3.py for tasks to queue
[2025-12-11T23:32:17.293+0000] {logging_mixin.py:188} INFO - [2025-12-11T23:32:17.293+0000] {dagbag.py:545} INFO - Filling up the DagBag from /home/airflow/.local/lib/python3.9/site-packages/airflow/example_dags/example_branch_python_dop_operator_3.py
[2025-12-11T23:32:17.308+0000] {processor.py:840} INFO - DAG(s) 'example_branch_dop_operator_v3' retrieved from /home/airflow/.local/lib/python3.9/site-packages/airflow/example_dags/example_branch_python_dop_operator_3.py
[2025-12-11T23:32:17.343+0000] {logging_mixin.py:188} INFO - [2025-12-11T23:32:17.343+0000] {dag.py:3096} INFO - Sync 1 DAGs
[2025-12-11T23:32:17.400+0000] {logging_mixin.py:188} INFO - [2025-12-11T23:32:17.400+0000] {dag.py:3954} INFO - Setting next_dagrun for example_branch_dop_operator_v3 to 2025-12-11 23:31:00+00:00, run_after=2025-12-11 23:32:00+00:00
[2025-12-11T23:32:17.507+0000] {processor.py:183} INFO - Processing /home/airflow/.local/lib/python3.9/site-packages/airflow/example_dags/example_branch_python_dop_operator_3.py took 0.228 seconds
[2025-12-11T23:32:47.631+0000] {processor.py:161} INFO - Started process (PID=5440) to work on /home/airflow/.local/lib/python3.9/site-packages/airflow/example_dags/example_branch_python_dop_operator_3.py
[2025-12-11T23:32:47.666+0000] {processor.py:830} INFO - Processing file /home/airflow/.local/lib/python3.9/site-packages/airflow/example_dags/example_branch_python_dop_operator_3.py for tasks to queue
[2025-12-11T23:32:47.669+0000] {logging_mixin.py:188} INFO - [2025-12-11T23:32:47.669+0000] {dagbag.py:545} INFO - Filling up the DagBag from /home/airflow/.local/lib/python3.9/site-packages/airflow/example_dags/example_branch_python_dop_operator_3.py
[2025-12-11T23:32:47.684+0000] {processor.py:840} INFO - DAG(s) 'example_branch_dop_operator_v3' retrieved from /home/airflow/.local/lib/python3.9/site-packages/airflow/example_dags/example_branch_python_dop_operator_3.py
[2025-12-11T23:32:47.728+0000] {logging_mixin.py:188} INFO - [2025-12-11T23:32:47.728+0000] {dag.py:3096} INFO - Sync 1 DAGs
[2025-12-11T23:32:47.772+0000] {logging_mixin.py:188} INFO - [2025-12-11T23:32:47.772+0000] {dag.py:3954} INFO - Setting next_dagrun for example_branch_dop_operator_v3 to 2025-12-11 23:31:00+00:00, run_after=2025-12-11 23:32:00+00:00
[2025-12-11T23:32:47.804+0000] {processor.py:183} INFO - Processing /home/airflow/.local/lib/python3.9/site-packages/airflow/example_dags/example_branch_python_dop_operator_3.py took 0.184 seconds
[2025-12-11T23:33:18.538+0000] {processor.py:161} INFO - Started process (PID=5507) to work on /home/airflow/.local/lib/python3.9/site-packages/airflow/example_dags/example_branch_python_dop_operator_3.py
[2025-12-11T23:33:18.540+0000] {processor.py:830} INFO - Processing file /home/airflow/.local/lib/python3.9/site-packages/airflow/example_dags/example_branch_python_dop_operator_3.py for tasks to queue
[2025-12-11T23:33:18.543+0000] {logging_mixin.py:188} INFO - [2025-12-11T23:33:18.542+0000] {dagbag.py:545} INFO - Filling up the DagBag from /home/airflow/.local/lib/python3.9/site-packages/airflow/example_dags/example_branch_python_dop_operator_3.py
[2025-12-11T23:33:18.557+0000] {processor.py:840} INFO - DAG(s) 'example_branch_dop_operator_v3' retrieved from /home/airflow/.local/lib/python3.9/site-packages/airflow/example_dags/example_branch_python_dop_operator_3.py
[2025-12-11T23:33:18.602+0000] {logging_mixin.py:188} INFO - [2025-12-11T23:33:18.601+0000] {dag.py:3096} INFO - Sync 1 DAGs
[2025-12-11T23:33:18.647+0000] {logging_mixin.py:188} INFO - [2025-12-11T23:33:18.647+0000] {dag.py:3954} INFO - Setting next_dagrun for example_branch_dop_operator_v3 to 2025-12-11 23:32:00+00:00, run_after=2025-12-11 23:33:00+00:00
[2025-12-11T23:33:18.674+0000] {processor.py:183} INFO - Processing /home/airflow/.local/lib/python3.9/site-packages/airflow/example_dags/example_branch_python_dop_operator_3.py took 0.147 seconds
[2025-12-11T23:33:49.443+0000] {processor.py:161} INFO - Started process (PID=5574) to work on /home/airflow/.local/lib/python3.9/site-packages/airflow/example_dags/example_branch_python_dop_operator_3.py
[2025-12-11T23:33:49.451+0000] {processor.py:830} INFO - Processing file /home/airflow/.local/lib/python3.9/site-packages/airflow/example_dags/example_branch_python_dop_operator_3.py for tasks to queue
[2025-12-11T23:33:49.454+0000] {logging_mixin.py:188} INFO - [2025-12-11T23:33:49.453+0000] {dagbag.py:545} INFO - Filling up the DagBag from /home/airflow/.local/lib/python3.9/site-packages/airflow/example_dags/example_branch_python_dop_operator_3.py
[2025-12-11T23:33:49.476+0000] {processor.py:840} INFO - DAG(s) 'example_branch_dop_operator_v3' retrieved from /home/airflow/.local/lib/python3.9/site-packages/airflow/example_dags/example_branch_python_dop_operator_3.py
[2025-12-11T23:33:49.532+0000] {logging_mixin.py:188} INFO - [2025-12-11T23:33:49.531+0000] {dag.py:3096} INFO - Sync 1 DAGs
[2025-12-11T23:33:49.582+0000] {logging_mixin.py:188} INFO - [2025-12-11T23:33:49.582+0000] {dag.py:3954} INFO - Setting next_dagrun for example_branch_dop_operator_v3 to 2025-12-11 23:32:00+00:00, run_after=2025-12-11 23:33:00+00:00
[2025-12-11T23:33:49.617+0000] {processor.py:183} INFO - Processing /home/airflow/.local/lib/python3.9/site-packages/airflow/example_dags/example_branch_python_dop_operator_3.py took 0.184 seconds
[2025-12-11T23:34:20.344+0000] {processor.py:161} INFO - Started process (PID=5641) to work on /home/airflow/.local/lib/python3.9/site-packages/airflow/example_dags/example_branch_python_dop_operator_3.py
[2025-12-11T23:34:20.345+0000] {processor.py:830} INFO - Processing file /home/airflow/.local/lib/python3.9/site-packages/airflow/example_dags/example_branch_python_dop_operator_3.py for tasks to queue
[2025-12-11T23:34:20.349+0000] {logging_mixin.py:188} INFO - [2025-12-11T23:34:20.348+0000] {dagbag.py:545} INFO - Filling up the DagBag from /home/airflow/.local/lib/python3.9/site-packages/airflow/example_dags/example_branch_python_dop_operator_3.py
[2025-12-11T23:34:20.365+0000] {processor.py:840} INFO - DAG(s) 'example_branch_dop_operator_v3' retrieved from /home/airflow/.local/lib/python3.9/site-packages/airflow/example_dags/example_branch_python_dop_operator_3.py
[2025-12-11T23:34:20.415+0000] {logging_mixin.py:188} INFO - [2025-12-11T23:34:20.415+0000] {dag.py:3096} INFO - Sync 1 DAGs
[2025-12-11T23:34:20.473+0000] {logging_mixin.py:188} INFO - [2025-12-11T23:34:20.473+0000] {dag.py:3954} INFO - Setting next_dagrun for example_branch_dop_operator_v3 to 2025-12-11 23:33:00+00:00, run_after=2025-12-11 23:34:00+00:00
[2025-12-11T23:34:20.592+0000] {processor.py:183} INFO - Processing /home/airflow/.local/lib/python3.9/site-packages/airflow/example_dags/example_branch_python_dop_operator_3.py took 0.261 seconds
[2025-12-11T23:34:50.784+0000] {processor.py:161} INFO - Started process (PID=5708) to work on /home/airflow/.local/lib/python3.9/site-packages/airflow/example_dags/example_branch_python_dop_operator_3.py
[2025-12-11T23:34:50.789+0000] {processor.py:830} INFO - Processing file /home/airflow/.local/lib/python3.9/site-packages/airflow/example_dags/example_branch_python_dop_operator_3.py for tasks to queue
[2025-12-11T23:34:50.792+0000] {logging_mixin.py:188} INFO - [2025-12-11T23:34:50.792+0000] {dagbag.py:545} INFO - Filling up the DagBag from /home/airflow/.local/lib/python3.9/site-packages/airflow/example_dags/example_branch_python_dop_operator_3.py
[2025-12-11T23:34:50.806+0000] {processor.py:840} INFO - DAG(s) 'example_branch_dop_operator_v3' retrieved from /home/airflow/.local/lib/python3.9/site-packages/airflow/example_dags/example_branch_python_dop_operator_3.py
[2025-12-11T23:34:50.845+0000] {logging_mixin.py:188} INFO - [2025-12-11T23:34:50.845+0000] {dag.py:3096} INFO - Sync 1 DAGs
[2025-12-11T23:34:50.887+0000] {logging_mixin.py:188} INFO - [2025-12-11T23:34:50.887+0000] {dag.py:3954} INFO - Setting next_dagrun for example_branch_dop_operator_v3 to 2025-12-11 23:33:00+00:00, run_after=2025-12-11 23:34:00+00:00
[2025-12-11T23:34:50.915+0000] {processor.py:183} INFO - Processing /home/airflow/.local/lib/python3.9/site-packages/airflow/example_dags/example_branch_python_dop_operator_3.py took 0.141 seconds
[2025-12-11T23:35:21.006+0000] {processor.py:161} INFO - Started process (PID=5775) to work on /home/airflow/.local/lib/python3.9/site-packages/airflow/example_dags/example_branch_python_dop_operator_3.py
[2025-12-11T23:35:21.012+0000] {processor.py:830} INFO - Processing file /home/airflow/.local/lib/python3.9/site-packages/airflow/example_dags/example_branch_python_dop_operator_3.py for tasks to queue
[2025-12-11T23:35:21.016+0000] {logging_mixin.py:188} INFO - [2025-12-11T23:35:21.016+0000] {dagbag.py:545} INFO - Filling up the DagBag from /home/airflow/.local/lib/python3.9/site-packages/airflow/example_dags/example_branch_python_dop_operator_3.py
[2025-12-11T23:35:21.037+0000] {processor.py:840} INFO - DAG(s) 'example_branch_dop_operator_v3' retrieved from /home/airflow/.local/lib/python3.9/site-packages/airflow/example_dags/example_branch_python_dop_operator_3.py
[2025-12-11T23:35:21.105+0000] {logging_mixin.py:188} INFO - [2025-12-11T23:35:21.105+0000] {dag.py:3096} INFO - Sync 1 DAGs
[2025-12-11T23:35:21.167+0000] {logging_mixin.py:188} INFO - [2025-12-11T23:35:21.166+0000] {dag.py:3954} INFO - Setting next_dagrun for example_branch_dop_operator_v3 to 2025-12-11 23:34:00+00:00, run_after=2025-12-11 23:35:00+00:00
[2025-12-11T23:35:21.196+0000] {processor.py:183} INFO - Processing /home/airflow/.local/lib/python3.9/site-packages/airflow/example_dags/example_branch_python_dop_operator_3.py took 0.202 seconds
[2025-12-11T23:35:51.246+0000] {processor.py:161} INFO - Started process (PID=5841) to work on /home/airflow/.local/lib/python3.9/site-packages/airflow/example_dags/example_branch_python_dop_operator_3.py
[2025-12-11T23:35:51.254+0000] {processor.py:830} INFO - Processing file /home/airflow/.local/lib/python3.9/site-packages/airflow/example_dags/example_branch_python_dop_operator_3.py for tasks to queue
[2025-12-11T23:35:51.257+0000] {logging_mixin.py:188} INFO - [2025-12-11T23:35:51.256+0000] {dagbag.py:545} INFO - Filling up the DagBag from /home/airflow/.local/lib/python3.9/site-packages/airflow/example_dags/example_branch_python_dop_operator_3.py
[2025-12-11T23:35:51.271+0000] {processor.py:840} INFO - DAG(s) 'example_branch_dop_operator_v3' retrieved from /home/airflow/.local/lib/python3.9/site-packages/airflow/example_dags/example_branch_python_dop_operator_3.py
[2025-12-11T23:35:51.309+0000] {logging_mixin.py:188} INFO - [2025-12-11T23:35:51.308+0000] {dag.py:3096} INFO - Sync 1 DAGs
[2025-12-11T23:35:51.356+0000] {logging_mixin.py:188} INFO - [2025-12-11T23:35:51.356+0000] {dag.py:3954} INFO - Setting next_dagrun for example_branch_dop_operator_v3 to 2025-12-11 23:34:00+00:00, run_after=2025-12-11 23:35:00+00:00
[2025-12-11T23:35:51.594+0000] {processor.py:183} INFO - Processing /home/airflow/.local/lib/python3.9/site-packages/airflow/example_dags/example_branch_python_dop_operator_3.py took 0.358 seconds
[2025-12-11T23:36:22.939+0000] {processor.py:161} INFO - Started process (PID=5908) to work on /home/airflow/.local/lib/python3.9/site-packages/airflow/example_dags/example_branch_python_dop_operator_3.py
[2025-12-11T23:36:22.946+0000] {processor.py:830} INFO - Processing file /home/airflow/.local/lib/python3.9/site-packages/airflow/example_dags/example_branch_python_dop_operator_3.py for tasks to queue
[2025-12-11T23:36:22.949+0000] {logging_mixin.py:188} INFO - [2025-12-11T23:36:22.949+0000] {dagbag.py:545} INFO - Filling up the DagBag from /home/airflow/.local/lib/python3.9/site-packages/airflow/example_dags/example_branch_python_dop_operator_3.py
[2025-12-11T23:36:22.968+0000] {processor.py:840} INFO - DAG(s) 'example_branch_dop_operator_v3' retrieved from /home/airflow/.local/lib/python3.9/site-packages/airflow/example_dags/example_branch_python_dop_operator_3.py
[2025-12-11T23:36:23.013+0000] {logging_mixin.py:188} INFO - [2025-12-11T23:36:23.013+0000] {dag.py:3096} INFO - Sync 1 DAGs
[2025-12-11T23:36:23.067+0000] {logging_mixin.py:188} INFO - [2025-12-11T23:36:23.067+0000] {dag.py:3954} INFO - Setting next_dagrun for example_branch_dop_operator_v3 to 2025-12-11 23:35:00+00:00, run_after=2025-12-11 23:36:00+00:00
[2025-12-11T23:36:23.100+0000] {processor.py:183} INFO - Processing /home/airflow/.local/lib/python3.9/site-packages/airflow/example_dags/example_branch_python_dop_operator_3.py took 0.172 seconds
[2025-12-11T23:36:54.494+0000] {processor.py:161} INFO - Started process (PID=5976) to work on /home/airflow/.local/lib/python3.9/site-packages/airflow/example_dags/example_branch_python_dop_operator_3.py
[2025-12-11T23:36:54.573+0000] {processor.py:830} INFO - Processing file /home/airflow/.local/lib/python3.9/site-packages/airflow/example_dags/example_branch_python_dop_operator_3.py for tasks to queue
[2025-12-11T23:36:54.577+0000] {logging_mixin.py:188} INFO - [2025-12-11T23:36:54.576+0000] {dagbag.py:545} INFO - Filling up the DagBag from /home/airflow/.local/lib/python3.9/site-packages/airflow/example_dags/example_branch_python_dop_operator_3.py
[2025-12-11T23:36:54.591+0000] {processor.py:840} INFO - DAG(s) 'example_branch_dop_operator_v3' retrieved from /home/airflow/.local/lib/python3.9/site-packages/airflow/example_dags/example_branch_python_dop_operator_3.py
[2025-12-11T23:36:54.631+0000] {logging_mixin.py:188} INFO - [2025-12-11T23:36:54.630+0000] {dag.py:3096} INFO - Sync 1 DAGs
[2025-12-11T23:36:54.691+0000] {logging_mixin.py:188} INFO - [2025-12-11T23:36:54.691+0000] {dag.py:3954} INFO - Setting next_dagrun for example_branch_dop_operator_v3 to 2025-12-11 23:35:00+00:00, run_after=2025-12-11 23:36:00+00:00
[2025-12-11T23:36:55.394+0000] {processor.py:183} INFO - Processing /home/airflow/.local/lib/python3.9/site-packages/airflow/example_dags/example_branch_python_dop_operator_3.py took 0.910 seconds
[2025-12-11T23:37:25.611+0000] {processor.py:161} INFO - Started process (PID=6050) to work on /home/airflow/.local/lib/python3.9/site-packages/airflow/example_dags/example_branch_python_dop_operator_3.py
[2025-12-11T23:37:25.613+0000] {processor.py:830} INFO - Processing file /home/airflow/.local/lib/python3.9/site-packages/airflow/example_dags/example_branch_python_dop_operator_3.py for tasks to queue
[2025-12-11T23:37:25.616+0000] {logging_mixin.py:188} INFO - [2025-12-11T23:37:25.615+0000] {dagbag.py:545} INFO - Filling up the DagBag from /home/airflow/.local/lib/python3.9/site-packages/airflow/example_dags/example_branch_python_dop_operator_3.py
[2025-12-11T23:37:25.654+0000] {processor.py:840} INFO - DAG(s) 'example_branch_dop_operator_v3' retrieved from /home/airflow/.local/lib/python3.9/site-packages/airflow/example_dags/example_branch_python_dop_operator_3.py
[2025-12-11T23:37:25.737+0000] {logging_mixin.py:188} INFO - [2025-12-11T23:37:25.736+0000] {dag.py:3096} INFO - Sync 1 DAGs
[2025-12-11T23:37:25.875+0000] {logging_mixin.py:188} INFO - [2025-12-11T23:37:25.875+0000] {dag.py:3954} INFO - Setting next_dagrun for example_branch_dop_operator_v3 to 2025-12-11 23:36:00+00:00, run_after=2025-12-11 23:37:00+00:00
[2025-12-11T23:37:25.953+0000] {processor.py:183} INFO - Processing /home/airflow/.local/lib/python3.9/site-packages/airflow/example_dags/example_branch_python_dop_operator_3.py took 0.375 seconds
[2025-12-11T23:37:56.616+0000] {processor.py:161} INFO - Started process (PID=6118) to work on /home/airflow/.local/lib/python3.9/site-packages/airflow/example_dags/example_branch_python_dop_operator_3.py
[2025-12-11T23:37:56.673+0000] {processor.py:830} INFO - Processing file /home/airflow/.local/lib/python3.9/site-packages/airflow/example_dags/example_branch_python_dop_operator_3.py for tasks to queue
[2025-12-11T23:37:56.676+0000] {logging_mixin.py:188} INFO - [2025-12-11T23:37:56.676+0000] {dagbag.py:545} INFO - Filling up the DagBag from /home/airflow/.local/lib/python3.9/site-packages/airflow/example_dags/example_branch_python_dop_operator_3.py
[2025-12-11T23:37:56.700+0000] {processor.py:840} INFO - DAG(s) 'example_branch_dop_operator_v3' retrieved from /home/airflow/.local/lib/python3.9/site-packages/airflow/example_dags/example_branch_python_dop_operator_3.py
[2025-12-11T23:37:56.764+0000] {logging_mixin.py:188} INFO - [2025-12-11T23:37:56.763+0000] {dag.py:3096} INFO - Sync 1 DAGs
[2025-12-11T23:37:56.860+0000] {logging_mixin.py:188} INFO - [2025-12-11T23:37:56.860+0000] {dag.py:3954} INFO - Setting next_dagrun for example_branch_dop_operator_v3 to 2025-12-11 23:36:00+00:00, run_after=2025-12-11 23:37:00+00:00
[2025-12-11T23:37:56.957+0000] {processor.py:183} INFO - Processing /home/airflow/.local/lib/python3.9/site-packages/airflow/example_dags/example_branch_python_dop_operator_3.py took 0.402 seconds
[2025-12-11T23:38:27.255+0000] {processor.py:161} INFO - Started process (PID=6185) to work on /home/airflow/.local/lib/python3.9/site-packages/airflow/example_dags/example_branch_python_dop_operator_3.py
[2025-12-11T23:38:27.257+0000] {processor.py:830} INFO - Processing file /home/airflow/.local/lib/python3.9/site-packages/airflow/example_dags/example_branch_python_dop_operator_3.py for tasks to queue
[2025-12-11T23:38:27.259+0000] {logging_mixin.py:188} INFO - [2025-12-11T23:38:27.259+0000] {dagbag.py:545} INFO - Filling up the DagBag from /home/airflow/.local/lib/python3.9/site-packages/airflow/example_dags/example_branch_python_dop_operator_3.py
[2025-12-11T23:38:27.290+0000] {processor.py:840} INFO - DAG(s) 'example_branch_dop_operator_v3' retrieved from /home/airflow/.local/lib/python3.9/site-packages/airflow/example_dags/example_branch_python_dop_operator_3.py
[2025-12-11T23:38:27.375+0000] {logging_mixin.py:188} INFO - [2025-12-11T23:38:27.374+0000] {dag.py:3096} INFO - Sync 1 DAGs
[2025-12-11T23:38:27.553+0000] {logging_mixin.py:188} INFO - [2025-12-11T23:38:27.552+0000] {dag.py:3954} INFO - Setting next_dagrun for example_branch_dop_operator_v3 to 2025-12-11 23:37:00+00:00, run_after=2025-12-11 23:38:00+00:00
[2025-12-11T23:38:27.654+0000] {processor.py:183} INFO - Processing /home/airflow/.local/lib/python3.9/site-packages/airflow/example_dags/example_branch_python_dop_operator_3.py took 0.417 seconds
[2025-12-11T23:38:58.412+0000] {processor.py:161} INFO - Started process (PID=6252) to work on /home/airflow/.local/lib/python3.9/site-packages/airflow/example_dags/example_branch_python_dop_operator_3.py
[2025-12-11T23:38:58.413+0000] {processor.py:830} INFO - Processing file /home/airflow/.local/lib/python3.9/site-packages/airflow/example_dags/example_branch_python_dop_operator_3.py for tasks to queue
[2025-12-11T23:38:58.416+0000] {logging_mixin.py:188} INFO - [2025-12-11T23:38:58.416+0000] {dagbag.py:545} INFO - Filling up the DagBag from /home/airflow/.local/lib/python3.9/site-packages/airflow/example_dags/example_branch_python_dop_operator_3.py
[2025-12-11T23:38:58.449+0000] {processor.py:840} INFO - DAG(s) 'example_branch_dop_operator_v3' retrieved from /home/airflow/.local/lib/python3.9/site-packages/airflow/example_dags/example_branch_python_dop_operator_3.py
[2025-12-11T23:38:58.555+0000] {logging_mixin.py:188} INFO - [2025-12-11T23:38:58.554+0000] {dag.py:3096} INFO - Sync 1 DAGs
[2025-12-11T23:38:58.670+0000] {logging_mixin.py:188} INFO - [2025-12-11T23:38:58.670+0000] {dag.py:3954} INFO - Setting next_dagrun for example_branch_dop_operator_v3 to 2025-12-11 23:37:00+00:00, run_after=2025-12-11 23:38:00+00:00
[2025-12-11T23:38:58.737+0000] {processor.py:183} INFO - Processing /home/airflow/.local/lib/python3.9/site-packages/airflow/example_dags/example_branch_python_dop_operator_3.py took 0.359 seconds
[2025-12-11T23:39:29.392+0000] {processor.py:161} INFO - Started process (PID=6319) to work on /home/airflow/.local/lib/python3.9/site-packages/airflow/example_dags/example_branch_python_dop_operator_3.py
[2025-12-11T23:39:29.394+0000] {processor.py:830} INFO - Processing file /home/airflow/.local/lib/python3.9/site-packages/airflow/example_dags/example_branch_python_dop_operator_3.py for tasks to queue
[2025-12-11T23:39:29.398+0000] {logging_mixin.py:188} INFO - [2025-12-11T23:39:29.397+0000] {dagbag.py:545} INFO - Filling up the DagBag from /home/airflow/.local/lib/python3.9/site-packages/airflow/example_dags/example_branch_python_dop_operator_3.py
[2025-12-11T23:39:29.435+0000] {processor.py:840} INFO - DAG(s) 'example_branch_dop_operator_v3' retrieved from /home/airflow/.local/lib/python3.9/site-packages/airflow/example_dags/example_branch_python_dop_operator_3.py
[2025-12-11T23:39:29.550+0000] {logging_mixin.py:188} INFO - [2025-12-11T23:39:29.549+0000] {dag.py:3096} INFO - Sync 1 DAGs
[2025-12-11T23:39:29.669+0000] {logging_mixin.py:188} INFO - [2025-12-11T23:39:29.662+0000] {dag.py:3954} INFO - Setting next_dagrun for example_branch_dop_operator_v3 to 2025-12-11 23:38:00+00:00, run_after=2025-12-11 23:39:00+00:00
[2025-12-11T23:39:29.735+0000] {processor.py:183} INFO - Processing /home/airflow/.local/lib/python3.9/site-packages/airflow/example_dags/example_branch_python_dop_operator_3.py took 0.364 seconds
[2025-12-11T23:40:00.253+0000] {processor.py:161} INFO - Started process (PID=6386) to work on /home/airflow/.local/lib/python3.9/site-packages/airflow/example_dags/example_branch_python_dop_operator_3.py
[2025-12-11T23:40:00.255+0000] {processor.py:830} INFO - Processing file /home/airflow/.local/lib/python3.9/site-packages/airflow/example_dags/example_branch_python_dop_operator_3.py for tasks to queue
[2025-12-11T23:40:00.258+0000] {logging_mixin.py:188} INFO - [2025-12-11T23:40:00.257+0000] {dagbag.py:545} INFO - Filling up the DagBag from /home/airflow/.local/lib/python3.9/site-packages/airflow/example_dags/example_branch_python_dop_operator_3.py
[2025-12-11T23:40:00.292+0000] {processor.py:840} INFO - DAG(s) 'example_branch_dop_operator_v3' retrieved from /home/airflow/.local/lib/python3.9/site-packages/airflow/example_dags/example_branch_python_dop_operator_3.py
[2025-12-11T23:40:00.375+0000] {logging_mixin.py:188} INFO - [2025-12-11T23:40:00.375+0000] {dag.py:3096} INFO - Sync 1 DAGs
[2025-12-11T23:40:00.438+0000] {logging_mixin.py:188} INFO - [2025-12-11T23:40:00.438+0000] {dag.py:3954} INFO - Setting next_dagrun for example_branch_dop_operator_v3 to 2025-12-11 23:39:00+00:00, run_after=2025-12-11 23:40:00+00:00
[2025-12-11T23:40:00.501+0000] {processor.py:183} INFO - Processing /home/airflow/.local/lib/python3.9/site-packages/airflow/example_dags/example_branch_python_dop_operator_3.py took 0.267 seconds
[2025-12-11T23:40:31.015+0000] {processor.py:161} INFO - Started process (PID=6452) to work on /home/airflow/.local/lib/python3.9/site-packages/airflow/example_dags/example_branch_python_dop_operator_3.py
[2025-12-11T23:40:31.017+0000] {processor.py:830} INFO - Processing file /home/airflow/.local/lib/python3.9/site-packages/airflow/example_dags/example_branch_python_dop_operator_3.py for tasks to queue
[2025-12-11T23:40:31.020+0000] {logging_mixin.py:188} INFO - [2025-12-11T23:40:31.019+0000] {dagbag.py:545} INFO - Filling up the DagBag from /home/airflow/.local/lib/python3.9/site-packages/airflow/example_dags/example_branch_python_dop_operator_3.py
[2025-12-11T23:40:31.041+0000] {processor.py:840} INFO - DAG(s) 'example_branch_dop_operator_v3' retrieved from /home/airflow/.local/lib/python3.9/site-packages/airflow/example_dags/example_branch_python_dop_operator_3.py
[2025-12-11T23:40:31.115+0000] {logging_mixin.py:188} INFO - [2025-12-11T23:40:31.114+0000] {dag.py:3096} INFO - Sync 1 DAGs
[2025-12-11T23:40:31.180+0000] {logging_mixin.py:188} INFO - [2025-12-11T23:40:31.180+0000] {dag.py:3954} INFO - Setting next_dagrun for example_branch_dop_operator_v3 to 2025-12-11 23:39:00+00:00, run_after=2025-12-11 23:40:00+00:00
[2025-12-11T23:40:31.213+0000] {processor.py:183} INFO - Processing /home/airflow/.local/lib/python3.9/site-packages/airflow/example_dags/example_branch_python_dop_operator_3.py took 0.217 seconds
[2025-12-11T23:41:01.315+0000] {processor.py:161} INFO - Started process (PID=6519) to work on /home/airflow/.local/lib/python3.9/site-packages/airflow/example_dags/example_branch_python_dop_operator_3.py
[2025-12-11T23:41:01.316+0000] {processor.py:830} INFO - Processing file /home/airflow/.local/lib/python3.9/site-packages/airflow/example_dags/example_branch_python_dop_operator_3.py for tasks to queue
[2025-12-11T23:41:01.319+0000] {logging_mixin.py:188} INFO - [2025-12-11T23:41:01.318+0000] {dagbag.py:545} INFO - Filling up the DagBag from /home/airflow/.local/lib/python3.9/site-packages/airflow/example_dags/example_branch_python_dop_operator_3.py
[2025-12-11T23:41:01.335+0000] {processor.py:840} INFO - DAG(s) 'example_branch_dop_operator_v3' retrieved from /home/airflow/.local/lib/python3.9/site-packages/airflow/example_dags/example_branch_python_dop_operator_3.py
[2025-12-11T23:41:01.377+0000] {logging_mixin.py:188} INFO - [2025-12-11T23:41:01.377+0000] {dag.py:3096} INFO - Sync 1 DAGs
[2025-12-11T23:41:01.424+0000] {logging_mixin.py:188} INFO - [2025-12-11T23:41:01.423+0000] {dag.py:3954} INFO - Setting next_dagrun for example_branch_dop_operator_v3 to 2025-12-11 23:40:00+00:00, run_after=2025-12-11 23:41:00+00:00
[2025-12-11T23:41:01.453+0000] {processor.py:183} INFO - Processing /home/airflow/.local/lib/python3.9/site-packages/airflow/example_dags/example_branch_python_dop_operator_3.py took 0.151 seconds
[2025-12-11T23:41:32.054+0000] {processor.py:161} INFO - Started process (PID=6586) to work on /home/airflow/.local/lib/python3.9/site-packages/airflow/example_dags/example_branch_python_dop_operator_3.py
[2025-12-11T23:41:32.056+0000] {processor.py:830} INFO - Processing file /home/airflow/.local/lib/python3.9/site-packages/airflow/example_dags/example_branch_python_dop_operator_3.py for tasks to queue
[2025-12-11T23:41:32.059+0000] {logging_mixin.py:188} INFO - [2025-12-11T23:41:32.058+0000] {dagbag.py:545} INFO - Filling up the DagBag from /home/airflow/.local/lib/python3.9/site-packages/airflow/example_dags/example_branch_python_dop_operator_3.py
[2025-12-11T23:41:32.073+0000] {processor.py:840} INFO - DAG(s) 'example_branch_dop_operator_v3' retrieved from /home/airflow/.local/lib/python3.9/site-packages/airflow/example_dags/example_branch_python_dop_operator_3.py
[2025-12-11T23:41:32.112+0000] {logging_mixin.py:188} INFO - [2025-12-11T23:41:32.112+0000] {dag.py:3096} INFO - Sync 1 DAGs
[2025-12-11T23:41:32.156+0000] {logging_mixin.py:188} INFO - [2025-12-11T23:41:32.155+0000] {dag.py:3954} INFO - Setting next_dagrun for example_branch_dop_operator_v3 to 2025-12-11 23:40:00+00:00, run_after=2025-12-11 23:41:00+00:00
[2025-12-11T23:41:32.184+0000] {processor.py:183} INFO - Processing /home/airflow/.local/lib/python3.9/site-packages/airflow/example_dags/example_branch_python_dop_operator_3.py took 0.140 seconds
[2025-12-11T23:42:03.074+0000] {processor.py:161} INFO - Started process (PID=6653) to work on /home/airflow/.local/lib/python3.9/site-packages/airflow/example_dags/example_branch_python_dop_operator_3.py
[2025-12-11T23:42:03.076+0000] {processor.py:830} INFO - Processing file /home/airflow/.local/lib/python3.9/site-packages/airflow/example_dags/example_branch_python_dop_operator_3.py for tasks to queue
[2025-12-11T23:42:03.080+0000] {logging_mixin.py:188} INFO - [2025-12-11T23:42:03.079+0000] {dagbag.py:545} INFO - Filling up the DagBag from /home/airflow/.local/lib/python3.9/site-packages/airflow/example_dags/example_branch_python_dop_operator_3.py
[2025-12-11T23:42:03.099+0000] {processor.py:840} INFO - DAG(s) 'example_branch_dop_operator_v3' retrieved from /home/airflow/.local/lib/python3.9/site-packages/airflow/example_dags/example_branch_python_dop_operator_3.py
[2025-12-11T23:42:03.149+0000] {logging_mixin.py:188} INFO - [2025-12-11T23:42:03.148+0000] {dag.py:3096} INFO - Sync 1 DAGs
[2025-12-11T23:42:03.203+0000] {logging_mixin.py:188} INFO - [2025-12-11T23:42:03.203+0000] {dag.py:3954} INFO - Setting next_dagrun for example_branch_dop_operator_v3 to 2025-12-11 23:41:00+00:00, run_after=2025-12-11 23:42:00+00:00
[2025-12-11T23:42:03.239+0000] {processor.py:183} INFO - Processing /home/airflow/.local/lib/python3.9/site-packages/airflow/example_dags/example_branch_python_dop_operator_3.py took 0.179 seconds
