[2025-12-11T22:52:26.470+0000] {processor.py:161} INFO - Started process (PID=130) to work on /home/airflow/.local/lib/python3.9/site-packages/airflow/example_dags/example_time_delta_sensor_async.py
[2025-12-11T22:52:26.472+0000] {processor.py:830} INFO - Processing file /home/airflow/.local/lib/python3.9/site-packages/airflow/example_dags/example_time_delta_sensor_async.py for tasks to queue
[2025-12-11T22:52:26.491+0000] {logging_mixin.py:188} INFO - [2025-12-11T22:52:26.490+0000] {dagbag.py:545} INFO - Filling up the DagBag from /home/airflow/.local/lib/python3.9/site-packages/airflow/example_dags/example_time_delta_sensor_async.py
[2025-12-11T22:52:26.532+0000] {processor.py:840} INFO - DAG(s) 'example_time_delta_sensor_async' retrieved from /home/airflow/.local/lib/python3.9/site-packages/airflow/example_dags/example_time_delta_sensor_async.py
[2025-12-11T22:52:27.334+0000] {logging_mixin.py:188} INFO - [2025-12-11T22:52:27.333+0000] {dag.py:3096} INFO - Sync 1 DAGs
[2025-12-11T22:52:27.470+0000] {logging_mixin.py:188} INFO - [2025-12-11T22:52:27.469+0000] {dag.py:3954} INFO - Setting next_dagrun for example_time_delta_sensor_async to None, run_after=None
[2025-12-11T22:52:27.713+0000] {processor.py:183} INFO - Processing /home/airflow/.local/lib/python3.9/site-packages/airflow/example_dags/example_time_delta_sensor_async.py took 1.297 seconds
[2025-12-11T22:53:00.332+0000] {processor.py:161} INFO - Started process (PID=196) to work on /home/airflow/.local/lib/python3.9/site-packages/airflow/example_dags/example_time_delta_sensor_async.py
[2025-12-11T22:53:00.335+0000] {processor.py:830} INFO - Processing file /home/airflow/.local/lib/python3.9/site-packages/airflow/example_dags/example_time_delta_sensor_async.py for tasks to queue
[2025-12-11T22:53:00.339+0000] {logging_mixin.py:188} INFO - [2025-12-11T22:53:00.338+0000] {dagbag.py:545} INFO - Filling up the DagBag from /home/airflow/.local/lib/python3.9/site-packages/airflow/example_dags/example_time_delta_sensor_async.py
[2025-12-11T22:53:00.372+0000] {processor.py:840} INFO - DAG(s) 'example_time_delta_sensor_async' retrieved from /home/airflow/.local/lib/python3.9/site-packages/airflow/example_dags/example_time_delta_sensor_async.py
[2025-12-11T22:53:00.613+0000] {logging_mixin.py:188} INFO - [2025-12-11T22:53:00.613+0000] {dag.py:3096} INFO - Sync 1 DAGs
[2025-12-11T22:53:00.694+0000] {logging_mixin.py:188} INFO - [2025-12-11T22:53:00.693+0000] {dag.py:3954} INFO - Setting next_dagrun for example_time_delta_sensor_async to None, run_after=None
[2025-12-11T22:53:00.930+0000] {processor.py:183} INFO - Processing /home/airflow/.local/lib/python3.9/site-packages/airflow/example_dags/example_time_delta_sensor_async.py took 0.674 seconds
[2025-12-11T22:53:31.931+0000] {processor.py:161} INFO - Started process (PID=262) to work on /home/airflow/.local/lib/python3.9/site-packages/airflow/example_dags/example_time_delta_sensor_async.py
[2025-12-11T22:53:31.933+0000] {processor.py:830} INFO - Processing file /home/airflow/.local/lib/python3.9/site-packages/airflow/example_dags/example_time_delta_sensor_async.py for tasks to queue
[2025-12-11T22:53:31.937+0000] {logging_mixin.py:188} INFO - [2025-12-11T22:53:31.936+0000] {dagbag.py:545} INFO - Filling up the DagBag from /home/airflow/.local/lib/python3.9/site-packages/airflow/example_dags/example_time_delta_sensor_async.py
[2025-12-11T22:53:31.964+0000] {processor.py:840} INFO - DAG(s) 'example_time_delta_sensor_async' retrieved from /home/airflow/.local/lib/python3.9/site-packages/airflow/example_dags/example_time_delta_sensor_async.py
[2025-12-11T22:53:32.092+0000] {logging_mixin.py:188} INFO - [2025-12-11T22:53:32.091+0000] {dag.py:3096} INFO - Sync 1 DAGs
[2025-12-11T22:53:32.175+0000] {logging_mixin.py:188} INFO - [2025-12-11T22:53:32.174+0000] {dag.py:3954} INFO - Setting next_dagrun for example_time_delta_sensor_async to None, run_after=None
[2025-12-11T22:53:32.355+0000] {processor.py:183} INFO - Processing /home/airflow/.local/lib/python3.9/site-packages/airflow/example_dags/example_time_delta_sensor_async.py took 0.458 seconds
[2025-12-11T22:54:02.990+0000] {processor.py:161} INFO - Started process (PID=321) to work on /home/airflow/.local/lib/python3.9/site-packages/airflow/example_dags/example_time_delta_sensor_async.py
[2025-12-11T22:54:02.993+0000] {processor.py:830} INFO - Processing file /home/airflow/.local/lib/python3.9/site-packages/airflow/example_dags/example_time_delta_sensor_async.py for tasks to queue
[2025-12-11T22:54:02.996+0000] {logging_mixin.py:188} INFO - [2025-12-11T22:54:02.996+0000] {dagbag.py:545} INFO - Filling up the DagBag from /home/airflow/.local/lib/python3.9/site-packages/airflow/example_dags/example_time_delta_sensor_async.py
[2025-12-11T22:54:03.007+0000] {processor.py:840} INFO - DAG(s) 'example_time_delta_sensor_async' retrieved from /home/airflow/.local/lib/python3.9/site-packages/airflow/example_dags/example_time_delta_sensor_async.py
[2025-12-11T22:54:03.059+0000] {logging_mixin.py:188} INFO - [2025-12-11T22:54:03.059+0000] {dag.py:3096} INFO - Sync 1 DAGs
[2025-12-11T22:54:03.088+0000] {logging_mixin.py:188} INFO - [2025-12-11T22:54:03.087+0000] {dag.py:3954} INFO - Setting next_dagrun for example_time_delta_sensor_async to None, run_after=None
[2025-12-11T22:54:03.129+0000] {processor.py:183} INFO - Processing /home/airflow/.local/lib/python3.9/site-packages/airflow/example_dags/example_time_delta_sensor_async.py took 0.150 seconds
[2025-12-11T22:54:33.737+0000] {processor.py:161} INFO - Started process (PID=387) to work on /home/airflow/.local/lib/python3.9/site-packages/airflow/example_dags/example_time_delta_sensor_async.py
[2025-12-11T22:54:33.739+0000] {processor.py:830} INFO - Processing file /home/airflow/.local/lib/python3.9/site-packages/airflow/example_dags/example_time_delta_sensor_async.py for tasks to queue
[2025-12-11T22:54:33.743+0000] {logging_mixin.py:188} INFO - [2025-12-11T22:54:33.742+0000] {dagbag.py:545} INFO - Filling up the DagBag from /home/airflow/.local/lib/python3.9/site-packages/airflow/example_dags/example_time_delta_sensor_async.py
[2025-12-11T22:54:33.756+0000] {processor.py:840} INFO - DAG(s) 'example_time_delta_sensor_async' retrieved from /home/airflow/.local/lib/python3.9/site-packages/airflow/example_dags/example_time_delta_sensor_async.py
[2025-12-11T22:54:33.801+0000] {logging_mixin.py:188} INFO - [2025-12-11T22:54:33.801+0000] {dag.py:3096} INFO - Sync 1 DAGs
[2025-12-11T22:54:33.837+0000] {logging_mixin.py:188} INFO - [2025-12-11T22:54:33.836+0000] {dag.py:3954} INFO - Setting next_dagrun for example_time_delta_sensor_async to None, run_after=None
[2025-12-11T22:54:33.879+0000] {processor.py:183} INFO - Processing /home/airflow/.local/lib/python3.9/site-packages/airflow/example_dags/example_time_delta_sensor_async.py took 0.181 seconds
[2025-12-11T22:55:04.201+0000] {processor.py:161} INFO - Started process (PID=453) to work on /home/airflow/.local/lib/python3.9/site-packages/airflow/example_dags/example_time_delta_sensor_async.py
[2025-12-11T22:55:04.259+0000] {processor.py:830} INFO - Processing file /home/airflow/.local/lib/python3.9/site-packages/airflow/example_dags/example_time_delta_sensor_async.py for tasks to queue
[2025-12-11T22:55:04.272+0000] {logging_mixin.py:188} INFO - [2025-12-11T22:55:04.271+0000] {dagbag.py:545} INFO - Filling up the DagBag from /home/airflow/.local/lib/python3.9/site-packages/airflow/example_dags/example_time_delta_sensor_async.py
[2025-12-11T22:55:04.292+0000] {processor.py:840} INFO - DAG(s) 'example_time_delta_sensor_async' retrieved from /home/airflow/.local/lib/python3.9/site-packages/airflow/example_dags/example_time_delta_sensor_async.py
[2025-12-11T22:55:04.410+0000] {logging_mixin.py:188} INFO - [2025-12-11T22:55:04.410+0000] {dag.py:3096} INFO - Sync 1 DAGs
[2025-12-11T22:55:04.473+0000] {logging_mixin.py:188} INFO - [2025-12-11T22:55:04.472+0000] {dag.py:3954} INFO - Setting next_dagrun for example_time_delta_sensor_async to None, run_after=None
[2025-12-11T22:55:04.622+0000] {processor.py:183} INFO - Processing /home/airflow/.local/lib/python3.9/site-packages/airflow/example_dags/example_time_delta_sensor_async.py took 0.443 seconds
[2025-12-11T22:55:34.923+0000] {processor.py:161} INFO - Started process (PID=519) to work on /home/airflow/.local/lib/python3.9/site-packages/airflow/example_dags/example_time_delta_sensor_async.py
[2025-12-11T22:55:34.931+0000] {processor.py:830} INFO - Processing file /home/airflow/.local/lib/python3.9/site-packages/airflow/example_dags/example_time_delta_sensor_async.py for tasks to queue
[2025-12-11T22:55:34.935+0000] {logging_mixin.py:188} INFO - [2025-12-11T22:55:34.935+0000] {dagbag.py:545} INFO - Filling up the DagBag from /home/airflow/.local/lib/python3.9/site-packages/airflow/example_dags/example_time_delta_sensor_async.py
[2025-12-11T22:55:34.955+0000] {processor.py:840} INFO - DAG(s) 'example_time_delta_sensor_async' retrieved from /home/airflow/.local/lib/python3.9/site-packages/airflow/example_dags/example_time_delta_sensor_async.py
[2025-12-11T22:55:35.090+0000] {logging_mixin.py:188} INFO - [2025-12-11T22:55:35.090+0000] {dag.py:3096} INFO - Sync 1 DAGs
[2025-12-11T22:55:35.135+0000] {logging_mixin.py:188} INFO - [2025-12-11T22:55:35.134+0000] {dag.py:3954} INFO - Setting next_dagrun for example_time_delta_sensor_async to None, run_after=None
[2025-12-11T22:55:35.250+0000] {processor.py:183} INFO - Processing /home/airflow/.local/lib/python3.9/site-packages/airflow/example_dags/example_time_delta_sensor_async.py took 0.375 seconds
[2025-12-11T22:56:05.526+0000] {processor.py:161} INFO - Started process (PID=578) to work on /home/airflow/.local/lib/python3.9/site-packages/airflow/example_dags/example_time_delta_sensor_async.py
[2025-12-11T22:56:05.530+0000] {processor.py:830} INFO - Processing file /home/airflow/.local/lib/python3.9/site-packages/airflow/example_dags/example_time_delta_sensor_async.py for tasks to queue
[2025-12-11T22:56:05.533+0000] {logging_mixin.py:188} INFO - [2025-12-11T22:56:05.532+0000] {dagbag.py:545} INFO - Filling up the DagBag from /home/airflow/.local/lib/python3.9/site-packages/airflow/example_dags/example_time_delta_sensor_async.py
[2025-12-11T22:56:05.541+0000] {processor.py:840} INFO - DAG(s) 'example_time_delta_sensor_async' retrieved from /home/airflow/.local/lib/python3.9/site-packages/airflow/example_dags/example_time_delta_sensor_async.py
[2025-12-11T22:56:05.580+0000] {logging_mixin.py:188} INFO - [2025-12-11T22:56:05.579+0000] {dag.py:3096} INFO - Sync 1 DAGs
[2025-12-11T22:56:05.601+0000] {logging_mixin.py:188} INFO - [2025-12-11T22:56:05.600+0000] {dag.py:3954} INFO - Setting next_dagrun for example_time_delta_sensor_async to None, run_after=None
[2025-12-11T22:56:05.628+0000] {processor.py:183} INFO - Processing /home/airflow/.local/lib/python3.9/site-packages/airflow/example_dags/example_time_delta_sensor_async.py took 0.113 seconds
[2025-12-11T22:56:36.985+0000] {processor.py:161} INFO - Started process (PID=651) to work on /home/airflow/.local/lib/python3.9/site-packages/airflow/example_dags/example_time_delta_sensor_async.py
[2025-12-11T22:56:36.998+0000] {processor.py:830} INFO - Processing file /home/airflow/.local/lib/python3.9/site-packages/airflow/example_dags/example_time_delta_sensor_async.py for tasks to queue
[2025-12-11T22:56:37.001+0000] {logging_mixin.py:188} INFO - [2025-12-11T22:56:37.001+0000] {dagbag.py:545} INFO - Filling up the DagBag from /home/airflow/.local/lib/python3.9/site-packages/airflow/example_dags/example_time_delta_sensor_async.py
[2025-12-11T22:56:37.011+0000] {processor.py:840} INFO - DAG(s) 'example_time_delta_sensor_async' retrieved from /home/airflow/.local/lib/python3.9/site-packages/airflow/example_dags/example_time_delta_sensor_async.py
[2025-12-11T22:56:37.072+0000] {logging_mixin.py:188} INFO - [2025-12-11T22:56:37.071+0000] {dag.py:3096} INFO - Sync 1 DAGs
[2025-12-11T22:56:37.100+0000] {logging_mixin.py:188} INFO - [2025-12-11T22:56:37.100+0000] {dag.py:3954} INFO - Setting next_dagrun for example_time_delta_sensor_async to None, run_after=None
[2025-12-11T22:56:37.140+0000] {processor.py:183} INFO - Processing /home/airflow/.local/lib/python3.9/site-packages/airflow/example_dags/example_time_delta_sensor_async.py took 0.167 seconds
[2025-12-11T22:57:07.498+0000] {processor.py:161} INFO - Started process (PID=717) to work on /home/airflow/.local/lib/python3.9/site-packages/airflow/example_dags/example_time_delta_sensor_async.py
[2025-12-11T22:57:07.500+0000] {processor.py:830} INFO - Processing file /home/airflow/.local/lib/python3.9/site-packages/airflow/example_dags/example_time_delta_sensor_async.py for tasks to queue
[2025-12-11T22:57:07.510+0000] {logging_mixin.py:188} INFO - [2025-12-11T22:57:07.510+0000] {dagbag.py:545} INFO - Filling up the DagBag from /home/airflow/.local/lib/python3.9/site-packages/airflow/example_dags/example_time_delta_sensor_async.py
[2025-12-11T22:57:07.533+0000] {processor.py:840} INFO - DAG(s) 'example_time_delta_sensor_async' retrieved from /home/airflow/.local/lib/python3.9/site-packages/airflow/example_dags/example_time_delta_sensor_async.py
[2025-12-11T22:57:07.617+0000] {logging_mixin.py:188} INFO - [2025-12-11T22:57:07.617+0000] {dag.py:3096} INFO - Sync 1 DAGs
[2025-12-11T22:57:07.662+0000] {logging_mixin.py:188} INFO - [2025-12-11T22:57:07.662+0000] {dag.py:3954} INFO - Setting next_dagrun for example_time_delta_sensor_async to None, run_after=None
[2025-12-11T22:57:07.715+0000] {processor.py:183} INFO - Processing /home/airflow/.local/lib/python3.9/site-packages/airflow/example_dags/example_time_delta_sensor_async.py took 0.236 seconds
[2025-12-11T22:57:38.594+0000] {processor.py:161} INFO - Started process (PID=783) to work on /home/airflow/.local/lib/python3.9/site-packages/airflow/example_dags/example_time_delta_sensor_async.py
[2025-12-11T22:57:38.596+0000] {processor.py:830} INFO - Processing file /home/airflow/.local/lib/python3.9/site-packages/airflow/example_dags/example_time_delta_sensor_async.py for tasks to queue
[2025-12-11T22:57:38.599+0000] {logging_mixin.py:188} INFO - [2025-12-11T22:57:38.598+0000] {dagbag.py:545} INFO - Filling up the DagBag from /home/airflow/.local/lib/python3.9/site-packages/airflow/example_dags/example_time_delta_sensor_async.py
[2025-12-11T22:57:38.607+0000] {processor.py:840} INFO - DAG(s) 'example_time_delta_sensor_async' retrieved from /home/airflow/.local/lib/python3.9/site-packages/airflow/example_dags/example_time_delta_sensor_async.py
[2025-12-11T22:57:38.646+0000] {logging_mixin.py:188} INFO - [2025-12-11T22:57:38.646+0000] {dag.py:3096} INFO - Sync 1 DAGs
[2025-12-11T22:57:38.680+0000] {logging_mixin.py:188} INFO - [2025-12-11T22:57:38.679+0000] {dag.py:3954} INFO - Setting next_dagrun for example_time_delta_sensor_async to None, run_after=None
[2025-12-11T22:57:38.738+0000] {processor.py:183} INFO - Processing /home/airflow/.local/lib/python3.9/site-packages/airflow/example_dags/example_time_delta_sensor_async.py took 0.155 seconds
[2025-12-11T22:58:09.094+0000] {processor.py:161} INFO - Started process (PID=849) to work on /home/airflow/.local/lib/python3.9/site-packages/airflow/example_dags/example_time_delta_sensor_async.py
[2025-12-11T22:58:09.096+0000] {processor.py:830} INFO - Processing file /home/airflow/.local/lib/python3.9/site-packages/airflow/example_dags/example_time_delta_sensor_async.py for tasks to queue
[2025-12-11T22:58:09.111+0000] {logging_mixin.py:188} INFO - [2025-12-11T22:58:09.111+0000] {dagbag.py:545} INFO - Filling up the DagBag from /home/airflow/.local/lib/python3.9/site-packages/airflow/example_dags/example_time_delta_sensor_async.py
[2025-12-11T22:58:09.120+0000] {processor.py:840} INFO - DAG(s) 'example_time_delta_sensor_async' retrieved from /home/airflow/.local/lib/python3.9/site-packages/airflow/example_dags/example_time_delta_sensor_async.py
[2025-12-11T22:58:09.176+0000] {logging_mixin.py:188} INFO - [2025-12-11T22:58:09.175+0000] {dag.py:3096} INFO - Sync 1 DAGs
[2025-12-11T22:58:09.198+0000] {logging_mixin.py:188} INFO - [2025-12-11T22:58:09.197+0000] {dag.py:3954} INFO - Setting next_dagrun for example_time_delta_sensor_async to None, run_after=None
[2025-12-11T22:58:09.227+0000] {processor.py:183} INFO - Processing /home/airflow/.local/lib/python3.9/site-packages/airflow/example_dags/example_time_delta_sensor_async.py took 0.156 seconds
[2025-12-11T22:58:39.796+0000] {processor.py:161} INFO - Started process (PID=915) to work on /home/airflow/.local/lib/python3.9/site-packages/airflow/example_dags/example_time_delta_sensor_async.py
[2025-12-11T22:58:39.920+0000] {processor.py:830} INFO - Processing file /home/airflow/.local/lib/python3.9/site-packages/airflow/example_dags/example_time_delta_sensor_async.py for tasks to queue
[2025-12-11T22:58:39.930+0000] {logging_mixin.py:188} INFO - [2025-12-11T22:58:39.929+0000] {dagbag.py:545} INFO - Filling up the DagBag from /home/airflow/.local/lib/python3.9/site-packages/airflow/example_dags/example_time_delta_sensor_async.py
[2025-12-11T22:58:39.958+0000] {processor.py:840} INFO - DAG(s) 'example_time_delta_sensor_async' retrieved from /home/airflow/.local/lib/python3.9/site-packages/airflow/example_dags/example_time_delta_sensor_async.py
[2025-12-11T22:58:40.031+0000] {logging_mixin.py:188} INFO - [2025-12-11T22:58:40.031+0000] {dag.py:3096} INFO - Sync 1 DAGs
[2025-12-11T22:58:40.072+0000] {logging_mixin.py:188} INFO - [2025-12-11T22:58:40.071+0000] {dag.py:3954} INFO - Setting next_dagrun for example_time_delta_sensor_async to None, run_after=None
[2025-12-11T22:58:40.138+0000] {processor.py:183} INFO - Processing /home/airflow/.local/lib/python3.9/site-packages/airflow/example_dags/example_time_delta_sensor_async.py took 0.359 seconds
[2025-12-11T22:59:11.042+0000] {processor.py:161} INFO - Started process (PID=981) to work on /home/airflow/.local/lib/python3.9/site-packages/airflow/example_dags/example_time_delta_sensor_async.py
[2025-12-11T22:59:11.044+0000] {processor.py:830} INFO - Processing file /home/airflow/.local/lib/python3.9/site-packages/airflow/example_dags/example_time_delta_sensor_async.py for tasks to queue
[2025-12-11T22:59:11.047+0000] {logging_mixin.py:188} INFO - [2025-12-11T22:59:11.046+0000] {dagbag.py:545} INFO - Filling up the DagBag from /home/airflow/.local/lib/python3.9/site-packages/airflow/example_dags/example_time_delta_sensor_async.py
[2025-12-11T22:59:11.055+0000] {processor.py:840} INFO - DAG(s) 'example_time_delta_sensor_async' retrieved from /home/airflow/.local/lib/python3.9/site-packages/airflow/example_dags/example_time_delta_sensor_async.py
[2025-12-11T22:59:11.089+0000] {logging_mixin.py:188} INFO - [2025-12-11T22:59:11.089+0000] {dag.py:3096} INFO - Sync 1 DAGs
[2025-12-11T22:59:11.111+0000] {logging_mixin.py:188} INFO - [2025-12-11T22:59:11.111+0000] {dag.py:3954} INFO - Setting next_dagrun for example_time_delta_sensor_async to None, run_after=None
[2025-12-11T22:59:11.136+0000] {processor.py:183} INFO - Processing /home/airflow/.local/lib/python3.9/site-packages/airflow/example_dags/example_time_delta_sensor_async.py took 0.104 seconds
[2025-12-11T22:59:41.724+0000] {processor.py:161} INFO - Started process (PID=1047) to work on /home/airflow/.local/lib/python3.9/site-packages/airflow/example_dags/example_time_delta_sensor_async.py
[2025-12-11T22:59:41.726+0000] {processor.py:830} INFO - Processing file /home/airflow/.local/lib/python3.9/site-packages/airflow/example_dags/example_time_delta_sensor_async.py for tasks to queue
[2025-12-11T22:59:41.729+0000] {logging_mixin.py:188} INFO - [2025-12-11T22:59:41.729+0000] {dagbag.py:545} INFO - Filling up the DagBag from /home/airflow/.local/lib/python3.9/site-packages/airflow/example_dags/example_time_delta_sensor_async.py
[2025-12-11T22:59:41.739+0000] {processor.py:840} INFO - DAG(s) 'example_time_delta_sensor_async' retrieved from /home/airflow/.local/lib/python3.9/site-packages/airflow/example_dags/example_time_delta_sensor_async.py
[2025-12-11T22:59:41.777+0000] {logging_mixin.py:188} INFO - [2025-12-11T22:59:41.777+0000] {dag.py:3096} INFO - Sync 1 DAGs
[2025-12-11T22:59:41.800+0000] {logging_mixin.py:188} INFO - [2025-12-11T22:59:41.799+0000] {dag.py:3954} INFO - Setting next_dagrun for example_time_delta_sensor_async to None, run_after=None
[2025-12-11T22:59:42.096+0000] {processor.py:183} INFO - Processing /home/airflow/.local/lib/python3.9/site-packages/airflow/example_dags/example_time_delta_sensor_async.py took 0.385 seconds
[2025-12-11T23:00:12.992+0000] {processor.py:161} INFO - Started process (PID=1113) to work on /home/airflow/.local/lib/python3.9/site-packages/airflow/example_dags/example_time_delta_sensor_async.py
[2025-12-11T23:00:12.994+0000] {processor.py:830} INFO - Processing file /home/airflow/.local/lib/python3.9/site-packages/airflow/example_dags/example_time_delta_sensor_async.py for tasks to queue
[2025-12-11T23:00:12.996+0000] {logging_mixin.py:188} INFO - [2025-12-11T23:00:12.996+0000] {dagbag.py:545} INFO - Filling up the DagBag from /home/airflow/.local/lib/python3.9/site-packages/airflow/example_dags/example_time_delta_sensor_async.py
[2025-12-11T23:00:13.004+0000] {processor.py:840} INFO - DAG(s) 'example_time_delta_sensor_async' retrieved from /home/airflow/.local/lib/python3.9/site-packages/airflow/example_dags/example_time_delta_sensor_async.py
[2025-12-11T23:00:13.045+0000] {logging_mixin.py:188} INFO - [2025-12-11T23:00:13.044+0000] {dag.py:3096} INFO - Sync 1 DAGs
[2025-12-11T23:00:13.067+0000] {logging_mixin.py:188} INFO - [2025-12-11T23:00:13.066+0000] {dag.py:3954} INFO - Setting next_dagrun for example_time_delta_sensor_async to None, run_after=None
[2025-12-11T23:00:13.098+0000] {processor.py:183} INFO - Processing /home/airflow/.local/lib/python3.9/site-packages/airflow/example_dags/example_time_delta_sensor_async.py took 0.117 seconds
[2025-12-11T23:00:43.365+0000] {processor.py:161} INFO - Started process (PID=1179) to work on /home/airflow/.local/lib/python3.9/site-packages/airflow/example_dags/example_time_delta_sensor_async.py
[2025-12-11T23:00:43.367+0000] {processor.py:830} INFO - Processing file /home/airflow/.local/lib/python3.9/site-packages/airflow/example_dags/example_time_delta_sensor_async.py for tasks to queue
[2025-12-11T23:00:43.370+0000] {logging_mixin.py:188} INFO - [2025-12-11T23:00:43.370+0000] {dagbag.py:545} INFO - Filling up the DagBag from /home/airflow/.local/lib/python3.9/site-packages/airflow/example_dags/example_time_delta_sensor_async.py
[2025-12-11T23:00:43.380+0000] {processor.py:840} INFO - DAG(s) 'example_time_delta_sensor_async' retrieved from /home/airflow/.local/lib/python3.9/site-packages/airflow/example_dags/example_time_delta_sensor_async.py
[2025-12-11T23:00:43.415+0000] {logging_mixin.py:188} INFO - [2025-12-11T23:00:43.415+0000] {dag.py:3096} INFO - Sync 1 DAGs
[2025-12-11T23:00:43.435+0000] {logging_mixin.py:188} INFO - [2025-12-11T23:00:43.435+0000] {dag.py:3954} INFO - Setting next_dagrun for example_time_delta_sensor_async to None, run_after=None
[2025-12-11T23:00:43.461+0000] {processor.py:183} INFO - Processing /home/airflow/.local/lib/python3.9/site-packages/airflow/example_dags/example_time_delta_sensor_async.py took 0.107 seconds
[2025-12-11T23:01:13.824+0000] {processor.py:161} INFO - Started process (PID=1245) to work on /home/airflow/.local/lib/python3.9/site-packages/airflow/example_dags/example_time_delta_sensor_async.py
[2025-12-11T23:01:13.826+0000] {processor.py:830} INFO - Processing file /home/airflow/.local/lib/python3.9/site-packages/airflow/example_dags/example_time_delta_sensor_async.py for tasks to queue
[2025-12-11T23:01:13.828+0000] {logging_mixin.py:188} INFO - [2025-12-11T23:01:13.828+0000] {dagbag.py:545} INFO - Filling up the DagBag from /home/airflow/.local/lib/python3.9/site-packages/airflow/example_dags/example_time_delta_sensor_async.py
[2025-12-11T23:01:13.836+0000] {processor.py:840} INFO - DAG(s) 'example_time_delta_sensor_async' retrieved from /home/airflow/.local/lib/python3.9/site-packages/airflow/example_dags/example_time_delta_sensor_async.py
[2025-12-11T23:01:13.871+0000] {logging_mixin.py:188} INFO - [2025-12-11T23:01:13.871+0000] {dag.py:3096} INFO - Sync 1 DAGs
[2025-12-11T23:01:13.891+0000] {logging_mixin.py:188} INFO - [2025-12-11T23:01:13.890+0000] {dag.py:3954} INFO - Setting next_dagrun for example_time_delta_sensor_async to None, run_after=None
[2025-12-11T23:01:13.920+0000] {processor.py:183} INFO - Processing /home/airflow/.local/lib/python3.9/site-packages/airflow/example_dags/example_time_delta_sensor_async.py took 0.106 seconds
[2025-12-11T23:01:44.097+0000] {processor.py:161} INFO - Started process (PID=1312) to work on /home/airflow/.local/lib/python3.9/site-packages/airflow/example_dags/example_time_delta_sensor_async.py
[2025-12-11T23:01:44.099+0000] {processor.py:830} INFO - Processing file /home/airflow/.local/lib/python3.9/site-packages/airflow/example_dags/example_time_delta_sensor_async.py for tasks to queue
[2025-12-11T23:01:44.101+0000] {logging_mixin.py:188} INFO - [2025-12-11T23:01:44.101+0000] {dagbag.py:545} INFO - Filling up the DagBag from /home/airflow/.local/lib/python3.9/site-packages/airflow/example_dags/example_time_delta_sensor_async.py
[2025-12-11T23:01:44.109+0000] {processor.py:840} INFO - DAG(s) 'example_time_delta_sensor_async' retrieved from /home/airflow/.local/lib/python3.9/site-packages/airflow/example_dags/example_time_delta_sensor_async.py
[2025-12-11T23:01:44.146+0000] {logging_mixin.py:188} INFO - [2025-12-11T23:01:44.146+0000] {dag.py:3096} INFO - Sync 1 DAGs
[2025-12-11T23:01:44.169+0000] {logging_mixin.py:188} INFO - [2025-12-11T23:01:44.169+0000] {dag.py:3954} INFO - Setting next_dagrun for example_time_delta_sensor_async to None, run_after=None
[2025-12-11T23:01:44.207+0000] {processor.py:183} INFO - Processing /home/airflow/.local/lib/python3.9/site-packages/airflow/example_dags/example_time_delta_sensor_async.py took 0.120 seconds
[2025-12-11T23:02:14.856+0000] {processor.py:161} INFO - Started process (PID=1379) to work on /home/airflow/.local/lib/python3.9/site-packages/airflow/example_dags/example_time_delta_sensor_async.py
[2025-12-11T23:02:14.858+0000] {processor.py:830} INFO - Processing file /home/airflow/.local/lib/python3.9/site-packages/airflow/example_dags/example_time_delta_sensor_async.py for tasks to queue
[2025-12-11T23:02:14.861+0000] {logging_mixin.py:188} INFO - [2025-12-11T23:02:14.860+0000] {dagbag.py:545} INFO - Filling up the DagBag from /home/airflow/.local/lib/python3.9/site-packages/airflow/example_dags/example_time_delta_sensor_async.py
[2025-12-11T23:02:14.868+0000] {processor.py:840} INFO - DAG(s) 'example_time_delta_sensor_async' retrieved from /home/airflow/.local/lib/python3.9/site-packages/airflow/example_dags/example_time_delta_sensor_async.py
[2025-12-11T23:02:14.908+0000] {logging_mixin.py:188} INFO - [2025-12-11T23:02:14.908+0000] {dag.py:3096} INFO - Sync 1 DAGs
[2025-12-11T23:02:14.928+0000] {logging_mixin.py:188} INFO - [2025-12-11T23:02:14.927+0000] {dag.py:3954} INFO - Setting next_dagrun for example_time_delta_sensor_async to None, run_after=None
[2025-12-11T23:02:14.953+0000] {processor.py:183} INFO - Processing /home/airflow/.local/lib/python3.9/site-packages/airflow/example_dags/example_time_delta_sensor_async.py took 0.106 seconds
[2025-12-11T23:02:45.821+0000] {processor.py:161} INFO - Started process (PID=1446) to work on /home/airflow/.local/lib/python3.9/site-packages/airflow/example_dags/example_time_delta_sensor_async.py
[2025-12-11T23:02:45.906+0000] {processor.py:830} INFO - Processing file /home/airflow/.local/lib/python3.9/site-packages/airflow/example_dags/example_time_delta_sensor_async.py for tasks to queue
[2025-12-11T23:02:45.909+0000] {logging_mixin.py:188} INFO - [2025-12-11T23:02:45.908+0000] {dagbag.py:545} INFO - Filling up the DagBag from /home/airflow/.local/lib/python3.9/site-packages/airflow/example_dags/example_time_delta_sensor_async.py
[2025-12-11T23:02:45.918+0000] {processor.py:840} INFO - DAG(s) 'example_time_delta_sensor_async' retrieved from /home/airflow/.local/lib/python3.9/site-packages/airflow/example_dags/example_time_delta_sensor_async.py
[2025-12-11T23:02:45.954+0000] {logging_mixin.py:188} INFO - [2025-12-11T23:02:45.954+0000] {dag.py:3096} INFO - Sync 1 DAGs
[2025-12-11T23:02:45.976+0000] {logging_mixin.py:188} INFO - [2025-12-11T23:02:45.975+0000] {dag.py:3954} INFO - Setting next_dagrun for example_time_delta_sensor_async to None, run_after=None
[2025-12-11T23:02:46.077+0000] {processor.py:183} INFO - Processing /home/airflow/.local/lib/python3.9/site-packages/airflow/example_dags/example_time_delta_sensor_async.py took 0.267 seconds
[2025-12-11T23:03:16.958+0000] {processor.py:161} INFO - Started process (PID=1514) to work on /home/airflow/.local/lib/python3.9/site-packages/airflow/example_dags/example_time_delta_sensor_async.py
[2025-12-11T23:03:16.959+0000] {processor.py:830} INFO - Processing file /home/airflow/.local/lib/python3.9/site-packages/airflow/example_dags/example_time_delta_sensor_async.py for tasks to queue
[2025-12-11T23:03:16.970+0000] {logging_mixin.py:188} INFO - [2025-12-11T23:03:16.970+0000] {dagbag.py:545} INFO - Filling up the DagBag from /home/airflow/.local/lib/python3.9/site-packages/airflow/example_dags/example_time_delta_sensor_async.py
[2025-12-11T23:03:16.978+0000] {processor.py:840} INFO - DAG(s) 'example_time_delta_sensor_async' retrieved from /home/airflow/.local/lib/python3.9/site-packages/airflow/example_dags/example_time_delta_sensor_async.py
[2025-12-11T23:03:17.038+0000] {logging_mixin.py:188} INFO - [2025-12-11T23:03:17.037+0000] {dag.py:3096} INFO - Sync 1 DAGs
[2025-12-11T23:03:17.074+0000] {logging_mixin.py:188} INFO - [2025-12-11T23:03:17.073+0000] {dag.py:3954} INFO - Setting next_dagrun for example_time_delta_sensor_async to None, run_after=None
[2025-12-11T23:03:17.210+0000] {processor.py:183} INFO - Processing /home/airflow/.local/lib/python3.9/site-packages/airflow/example_dags/example_time_delta_sensor_async.py took 0.265 seconds
[2025-12-11T23:03:47.394+0000] {processor.py:161} INFO - Started process (PID=1585) to work on /home/airflow/.local/lib/python3.9/site-packages/airflow/example_dags/example_time_delta_sensor_async.py
[2025-12-11T23:03:47.396+0000] {processor.py:830} INFO - Processing file /home/airflow/.local/lib/python3.9/site-packages/airflow/example_dags/example_time_delta_sensor_async.py for tasks to queue
[2025-12-11T23:03:47.398+0000] {logging_mixin.py:188} INFO - [2025-12-11T23:03:47.398+0000] {dagbag.py:545} INFO - Filling up the DagBag from /home/airflow/.local/lib/python3.9/site-packages/airflow/example_dags/example_time_delta_sensor_async.py
[2025-12-11T23:03:47.414+0000] {processor.py:840} INFO - DAG(s) 'example_time_delta_sensor_async' retrieved from /home/airflow/.local/lib/python3.9/site-packages/airflow/example_dags/example_time_delta_sensor_async.py
[2025-12-11T23:03:47.465+0000] {logging_mixin.py:188} INFO - [2025-12-11T23:03:47.464+0000] {dag.py:3096} INFO - Sync 1 DAGs
[2025-12-11T23:03:47.499+0000] {logging_mixin.py:188} INFO - [2025-12-11T23:03:47.499+0000] {dag.py:3954} INFO - Setting next_dagrun for example_time_delta_sensor_async to None, run_after=None
[2025-12-11T23:03:47.576+0000] {processor.py:183} INFO - Processing /home/airflow/.local/lib/python3.9/site-packages/airflow/example_dags/example_time_delta_sensor_async.py took 0.196 seconds
[2025-12-11T23:04:18.311+0000] {processor.py:161} INFO - Started process (PID=1656) to work on /home/airflow/.local/lib/python3.9/site-packages/airflow/example_dags/example_time_delta_sensor_async.py
[2025-12-11T23:04:18.555+0000] {processor.py:830} INFO - Processing file /home/airflow/.local/lib/python3.9/site-packages/airflow/example_dags/example_time_delta_sensor_async.py for tasks to queue
[2025-12-11T23:04:18.559+0000] {logging_mixin.py:188} INFO - [2025-12-11T23:04:18.558+0000] {dagbag.py:545} INFO - Filling up the DagBag from /home/airflow/.local/lib/python3.9/site-packages/airflow/example_dags/example_time_delta_sensor_async.py
[2025-12-11T23:04:18.573+0000] {processor.py:840} INFO - DAG(s) 'example_time_delta_sensor_async' retrieved from /home/airflow/.local/lib/python3.9/site-packages/airflow/example_dags/example_time_delta_sensor_async.py
[2025-12-11T23:04:18.652+0000] {logging_mixin.py:188} INFO - [2025-12-11T23:04:18.652+0000] {dag.py:3096} INFO - Sync 1 DAGs
[2025-12-11T23:04:18.692+0000] {logging_mixin.py:188} INFO - [2025-12-11T23:04:18.692+0000] {dag.py:3954} INFO - Setting next_dagrun for example_time_delta_sensor_async to None, run_after=None
[2025-12-11T23:04:18.811+0000] {processor.py:183} INFO - Processing /home/airflow/.local/lib/python3.9/site-packages/airflow/example_dags/example_time_delta_sensor_async.py took 0.523 seconds
[2025-12-11T23:04:49.292+0000] {processor.py:161} INFO - Started process (PID=1726) to work on /home/airflow/.local/lib/python3.9/site-packages/airflow/example_dags/example_time_delta_sensor_async.py
[2025-12-11T23:04:49.299+0000] {processor.py:830} INFO - Processing file /home/airflow/.local/lib/python3.9/site-packages/airflow/example_dags/example_time_delta_sensor_async.py for tasks to queue
[2025-12-11T23:04:49.302+0000] {logging_mixin.py:188} INFO - [2025-12-11T23:04:49.302+0000] {dagbag.py:545} INFO - Filling up the DagBag from /home/airflow/.local/lib/python3.9/site-packages/airflow/example_dags/example_time_delta_sensor_async.py
[2025-12-11T23:04:49.314+0000] {processor.py:840} INFO - DAG(s) 'example_time_delta_sensor_async' retrieved from /home/airflow/.local/lib/python3.9/site-packages/airflow/example_dags/example_time_delta_sensor_async.py
[2025-12-11T23:04:49.379+0000] {logging_mixin.py:188} INFO - [2025-12-11T23:04:49.378+0000] {dag.py:3096} INFO - Sync 1 DAGs
[2025-12-11T23:04:49.410+0000] {logging_mixin.py:188} INFO - [2025-12-11T23:04:49.410+0000] {dag.py:3954} INFO - Setting next_dagrun for example_time_delta_sensor_async to None, run_after=None
[2025-12-11T23:04:49.455+0000] {processor.py:183} INFO - Processing /home/airflow/.local/lib/python3.9/site-packages/airflow/example_dags/example_time_delta_sensor_async.py took 0.182 seconds
[2025-12-11T23:05:19.517+0000] {processor.py:161} INFO - Started process (PID=1799) to work on /home/airflow/.local/lib/python3.9/site-packages/airflow/example_dags/example_time_delta_sensor_async.py
[2025-12-11T23:05:19.519+0000] {processor.py:830} INFO - Processing file /home/airflow/.local/lib/python3.9/site-packages/airflow/example_dags/example_time_delta_sensor_async.py for tasks to queue
[2025-12-11T23:05:19.522+0000] {logging_mixin.py:188} INFO - [2025-12-11T23:05:19.521+0000] {dagbag.py:545} INFO - Filling up the DagBag from /home/airflow/.local/lib/python3.9/site-packages/airflow/example_dags/example_time_delta_sensor_async.py
[2025-12-11T23:05:19.529+0000] {processor.py:840} INFO - DAG(s) 'example_time_delta_sensor_async' retrieved from /home/airflow/.local/lib/python3.9/site-packages/airflow/example_dags/example_time_delta_sensor_async.py
[2025-12-11T23:05:19.564+0000] {logging_mixin.py:188} INFO - [2025-12-11T23:05:19.564+0000] {dag.py:3096} INFO - Sync 1 DAGs
[2025-12-11T23:05:19.583+0000] {logging_mixin.py:188} INFO - [2025-12-11T23:05:19.582+0000] {dag.py:3954} INFO - Setting next_dagrun for example_time_delta_sensor_async to None, run_after=None
[2025-12-11T23:05:19.607+0000] {processor.py:183} INFO - Processing /home/airflow/.local/lib/python3.9/site-packages/airflow/example_dags/example_time_delta_sensor_async.py took 0.099 seconds
[2025-12-11T23:05:50.219+0000] {processor.py:161} INFO - Started process (PID=1874) to work on /home/airflow/.local/lib/python3.9/site-packages/airflow/example_dags/example_time_delta_sensor_async.py
[2025-12-11T23:05:50.221+0000] {processor.py:830} INFO - Processing file /home/airflow/.local/lib/python3.9/site-packages/airflow/example_dags/example_time_delta_sensor_async.py for tasks to queue
[2025-12-11T23:05:50.231+0000] {logging_mixin.py:188} INFO - [2025-12-11T23:05:50.230+0000] {dagbag.py:545} INFO - Filling up the DagBag from /home/airflow/.local/lib/python3.9/site-packages/airflow/example_dags/example_time_delta_sensor_async.py
[2025-12-11T23:05:50.239+0000] {processor.py:840} INFO - DAG(s) 'example_time_delta_sensor_async' retrieved from /home/airflow/.local/lib/python3.9/site-packages/airflow/example_dags/example_time_delta_sensor_async.py
[2025-12-11T23:05:50.299+0000] {logging_mixin.py:188} INFO - [2025-12-11T23:05:50.298+0000] {dag.py:3096} INFO - Sync 1 DAGs
[2025-12-11T23:05:50.337+0000] {logging_mixin.py:188} INFO - [2025-12-11T23:05:50.336+0000] {dag.py:3954} INFO - Setting next_dagrun for example_time_delta_sensor_async to None, run_after=None
[2025-12-11T23:05:50.392+0000] {processor.py:183} INFO - Processing /home/airflow/.local/lib/python3.9/site-packages/airflow/example_dags/example_time_delta_sensor_async.py took 0.183 seconds
[2025-12-11T23:06:21.233+0000] {processor.py:161} INFO - Started process (PID=1942) to work on /home/airflow/.local/lib/python3.9/site-packages/airflow/example_dags/example_time_delta_sensor_async.py
[2025-12-11T23:06:21.235+0000] {processor.py:830} INFO - Processing file /home/airflow/.local/lib/python3.9/site-packages/airflow/example_dags/example_time_delta_sensor_async.py for tasks to queue
[2025-12-11T23:06:21.238+0000] {logging_mixin.py:188} INFO - [2025-12-11T23:06:21.237+0000] {dagbag.py:545} INFO - Filling up the DagBag from /home/airflow/.local/lib/python3.9/site-packages/airflow/example_dags/example_time_delta_sensor_async.py
[2025-12-11T23:06:21.259+0000] {processor.py:840} INFO - DAG(s) 'example_time_delta_sensor_async' retrieved from /home/airflow/.local/lib/python3.9/site-packages/airflow/example_dags/example_time_delta_sensor_async.py
[2025-12-11T23:06:21.335+0000] {logging_mixin.py:188} INFO - [2025-12-11T23:06:21.335+0000] {dag.py:3096} INFO - Sync 1 DAGs
[2025-12-11T23:06:21.371+0000] {logging_mixin.py:188} INFO - [2025-12-11T23:06:21.371+0000] {dag.py:3954} INFO - Setting next_dagrun for example_time_delta_sensor_async to None, run_after=None
[2025-12-11T23:06:21.437+0000] {processor.py:183} INFO - Processing /home/airflow/.local/lib/python3.9/site-packages/airflow/example_dags/example_time_delta_sensor_async.py took 0.224 seconds
[2025-12-11T23:06:52.052+0000] {processor.py:161} INFO - Started process (PID=2013) to work on /home/airflow/.local/lib/python3.9/site-packages/airflow/example_dags/example_time_delta_sensor_async.py
[2025-12-11T23:06:52.054+0000] {processor.py:830} INFO - Processing file /home/airflow/.local/lib/python3.9/site-packages/airflow/example_dags/example_time_delta_sensor_async.py for tasks to queue
[2025-12-11T23:06:52.057+0000] {logging_mixin.py:188} INFO - [2025-12-11T23:06:52.056+0000] {dagbag.py:545} INFO - Filling up the DagBag from /home/airflow/.local/lib/python3.9/site-packages/airflow/example_dags/example_time_delta_sensor_async.py
[2025-12-11T23:06:52.064+0000] {processor.py:840} INFO - DAG(s) 'example_time_delta_sensor_async' retrieved from /home/airflow/.local/lib/python3.9/site-packages/airflow/example_dags/example_time_delta_sensor_async.py
[2025-12-11T23:06:52.102+0000] {logging_mixin.py:188} INFO - [2025-12-11T23:06:52.101+0000] {dag.py:3096} INFO - Sync 1 DAGs
[2025-12-11T23:06:52.122+0000] {logging_mixin.py:188} INFO - [2025-12-11T23:06:52.121+0000] {dag.py:3954} INFO - Setting next_dagrun for example_time_delta_sensor_async to None, run_after=None
[2025-12-11T23:06:52.151+0000] {processor.py:183} INFO - Processing /home/airflow/.local/lib/python3.9/site-packages/airflow/example_dags/example_time_delta_sensor_async.py took 0.112 seconds
[2025-12-11T23:07:22.254+0000] {processor.py:161} INFO - Started process (PID=2085) to work on /home/airflow/.local/lib/python3.9/site-packages/airflow/example_dags/example_time_delta_sensor_async.py
[2025-12-11T23:07:22.314+0000] {processor.py:830} INFO - Processing file /home/airflow/.local/lib/python3.9/site-packages/airflow/example_dags/example_time_delta_sensor_async.py for tasks to queue
[2025-12-11T23:07:22.318+0000] {logging_mixin.py:188} INFO - [2025-12-11T23:07:22.317+0000] {dagbag.py:545} INFO - Filling up the DagBag from /home/airflow/.local/lib/python3.9/site-packages/airflow/example_dags/example_time_delta_sensor_async.py
[2025-12-11T23:07:22.329+0000] {processor.py:840} INFO - DAG(s) 'example_time_delta_sensor_async' retrieved from /home/airflow/.local/lib/python3.9/site-packages/airflow/example_dags/example_time_delta_sensor_async.py
[2025-12-11T23:07:22.410+0000] {logging_mixin.py:188} INFO - [2025-12-11T23:07:22.409+0000] {dag.py:3096} INFO - Sync 1 DAGs
[2025-12-11T23:07:22.445+0000] {logging_mixin.py:188} INFO - [2025-12-11T23:07:22.445+0000] {dag.py:3954} INFO - Setting next_dagrun for example_time_delta_sensor_async to None, run_after=None
[2025-12-11T23:07:22.589+0000] {processor.py:183} INFO - Processing /home/airflow/.local/lib/python3.9/site-packages/airflow/example_dags/example_time_delta_sensor_async.py took 0.349 seconds
[2025-12-11T23:07:52.691+0000] {processor.py:161} INFO - Started process (PID=2157) to work on /home/airflow/.local/lib/python3.9/site-packages/airflow/example_dags/example_time_delta_sensor_async.py
[2025-12-11T23:07:52.693+0000] {processor.py:830} INFO - Processing file /home/airflow/.local/lib/python3.9/site-packages/airflow/example_dags/example_time_delta_sensor_async.py for tasks to queue
[2025-12-11T23:07:52.696+0000] {logging_mixin.py:188} INFO - [2025-12-11T23:07:52.696+0000] {dagbag.py:545} INFO - Filling up the DagBag from /home/airflow/.local/lib/python3.9/site-packages/airflow/example_dags/example_time_delta_sensor_async.py
[2025-12-11T23:07:52.704+0000] {processor.py:840} INFO - DAG(s) 'example_time_delta_sensor_async' retrieved from /home/airflow/.local/lib/python3.9/site-packages/airflow/example_dags/example_time_delta_sensor_async.py
[2025-12-11T23:07:52.742+0000] {logging_mixin.py:188} INFO - [2025-12-11T23:07:52.742+0000] {dag.py:3096} INFO - Sync 1 DAGs
[2025-12-11T23:07:52.763+0000] {logging_mixin.py:188} INFO - [2025-12-11T23:07:52.763+0000] {dag.py:3954} INFO - Setting next_dagrun for example_time_delta_sensor_async to None, run_after=None
[2025-12-11T23:07:52.801+0000] {processor.py:183} INFO - Processing /home/airflow/.local/lib/python3.9/site-packages/airflow/example_dags/example_time_delta_sensor_async.py took 0.121 seconds
[2025-12-11T23:08:23.852+0000] {processor.py:161} INFO - Started process (PID=2228) to work on /home/airflow/.local/lib/python3.9/site-packages/airflow/example_dags/example_time_delta_sensor_async.py
[2025-12-11T23:08:23.899+0000] {processor.py:830} INFO - Processing file /home/airflow/.local/lib/python3.9/site-packages/airflow/example_dags/example_time_delta_sensor_async.py for tasks to queue
[2025-12-11T23:08:23.911+0000] {logging_mixin.py:188} INFO - [2025-12-11T23:08:23.910+0000] {dagbag.py:545} INFO - Filling up the DagBag from /home/airflow/.local/lib/python3.9/site-packages/airflow/example_dags/example_time_delta_sensor_async.py
[2025-12-11T23:08:23.919+0000] {processor.py:840} INFO - DAG(s) 'example_time_delta_sensor_async' retrieved from /home/airflow/.local/lib/python3.9/site-packages/airflow/example_dags/example_time_delta_sensor_async.py
[2025-12-11T23:08:24.012+0000] {logging_mixin.py:188} INFO - [2025-12-11T23:08:24.012+0000] {dag.py:3096} INFO - Sync 1 DAGs
[2025-12-11T23:08:24.058+0000] {logging_mixin.py:188} INFO - [2025-12-11T23:08:24.058+0000] {dag.py:3954} INFO - Setting next_dagrun for example_time_delta_sensor_async to None, run_after=None
[2025-12-11T23:08:24.132+0000] {processor.py:183} INFO - Processing /home/airflow/.local/lib/python3.9/site-packages/airflow/example_dags/example_time_delta_sensor_async.py took 0.296 seconds
[2025-12-11T23:08:54.261+0000] {processor.py:161} INFO - Started process (PID=2295) to work on /home/airflow/.local/lib/python3.9/site-packages/airflow/example_dags/example_time_delta_sensor_async.py
[2025-12-11T23:08:54.263+0000] {processor.py:830} INFO - Processing file /home/airflow/.local/lib/python3.9/site-packages/airflow/example_dags/example_time_delta_sensor_async.py for tasks to queue
[2025-12-11T23:08:54.266+0000] {logging_mixin.py:188} INFO - [2025-12-11T23:08:54.265+0000] {dagbag.py:545} INFO - Filling up the DagBag from /home/airflow/.local/lib/python3.9/site-packages/airflow/example_dags/example_time_delta_sensor_async.py
[2025-12-11T23:08:54.274+0000] {processor.py:840} INFO - DAG(s) 'example_time_delta_sensor_async' retrieved from /home/airflow/.local/lib/python3.9/site-packages/airflow/example_dags/example_time_delta_sensor_async.py
[2025-12-11T23:08:54.313+0000] {logging_mixin.py:188} INFO - [2025-12-11T23:08:54.313+0000] {dag.py:3096} INFO - Sync 1 DAGs
[2025-12-11T23:08:54.337+0000] {logging_mixin.py:188} INFO - [2025-12-11T23:08:54.336+0000] {dag.py:3954} INFO - Setting next_dagrun for example_time_delta_sensor_async to None, run_after=None
[2025-12-11T23:08:54.369+0000] {processor.py:183} INFO - Processing /home/airflow/.local/lib/python3.9/site-packages/airflow/example_dags/example_time_delta_sensor_async.py took 0.120 seconds
[2025-12-11T23:09:24.940+0000] {processor.py:161} INFO - Started process (PID=2367) to work on /home/airflow/.local/lib/python3.9/site-packages/airflow/example_dags/example_time_delta_sensor_async.py
[2025-12-11T23:09:24.942+0000] {processor.py:830} INFO - Processing file /home/airflow/.local/lib/python3.9/site-packages/airflow/example_dags/example_time_delta_sensor_async.py for tasks to queue
[2025-12-11T23:09:24.945+0000] {logging_mixin.py:188} INFO - [2025-12-11T23:09:24.944+0000] {dagbag.py:545} INFO - Filling up the DagBag from /home/airflow/.local/lib/python3.9/site-packages/airflow/example_dags/example_time_delta_sensor_async.py
[2025-12-11T23:09:24.954+0000] {processor.py:840} INFO - DAG(s) 'example_time_delta_sensor_async' retrieved from /home/airflow/.local/lib/python3.9/site-packages/airflow/example_dags/example_time_delta_sensor_async.py
[2025-12-11T23:09:24.992+0000] {logging_mixin.py:188} INFO - [2025-12-11T23:09:24.991+0000] {dag.py:3096} INFO - Sync 1 DAGs
[2025-12-11T23:09:25.012+0000] {logging_mixin.py:188} INFO - [2025-12-11T23:09:25.012+0000] {dag.py:3954} INFO - Setting next_dagrun for example_time_delta_sensor_async to None, run_after=None
[2025-12-11T23:09:25.043+0000] {processor.py:183} INFO - Processing /home/airflow/.local/lib/python3.9/site-packages/airflow/example_dags/example_time_delta_sensor_async.py took 0.114 seconds
[2025-12-11T23:09:57.293+0000] {processor.py:161} INFO - Started process (PID=2438) to work on /home/airflow/.local/lib/python3.9/site-packages/airflow/example_dags/example_time_delta_sensor_async.py
[2025-12-11T23:09:57.303+0000] {processor.py:830} INFO - Processing file /home/airflow/.local/lib/python3.9/site-packages/airflow/example_dags/example_time_delta_sensor_async.py for tasks to queue
[2025-12-11T23:09:57.307+0000] {logging_mixin.py:188} INFO - [2025-12-11T23:09:57.306+0000] {dagbag.py:545} INFO - Filling up the DagBag from /home/airflow/.local/lib/python3.9/site-packages/airflow/example_dags/example_time_delta_sensor_async.py
[2025-12-11T23:09:57.317+0000] {processor.py:840} INFO - DAG(s) 'example_time_delta_sensor_async' retrieved from /home/airflow/.local/lib/python3.9/site-packages/airflow/example_dags/example_time_delta_sensor_async.py
[2025-12-11T23:09:57.361+0000] {logging_mixin.py:188} INFO - [2025-12-11T23:09:57.360+0000] {dag.py:3096} INFO - Sync 1 DAGs
[2025-12-11T23:09:57.452+0000] {logging_mixin.py:188} INFO - [2025-12-11T23:09:57.451+0000] {dag.py:3954} INFO - Setting next_dagrun for example_time_delta_sensor_async to None, run_after=None
[2025-12-11T23:09:57.518+0000] {processor.py:183} INFO - Processing /home/airflow/.local/lib/python3.9/site-packages/airflow/example_dags/example_time_delta_sensor_async.py took 0.240 seconds
[2025-12-11T23:10:27.854+0000] {processor.py:161} INFO - Started process (PID=2506) to work on /home/airflow/.local/lib/python3.9/site-packages/airflow/example_dags/example_time_delta_sensor_async.py
[2025-12-11T23:10:27.856+0000] {processor.py:830} INFO - Processing file /home/airflow/.local/lib/python3.9/site-packages/airflow/example_dags/example_time_delta_sensor_async.py for tasks to queue
[2025-12-11T23:10:27.859+0000] {logging_mixin.py:188} INFO - [2025-12-11T23:10:27.858+0000] {dagbag.py:545} INFO - Filling up the DagBag from /home/airflow/.local/lib/python3.9/site-packages/airflow/example_dags/example_time_delta_sensor_async.py
[2025-12-11T23:10:27.866+0000] {processor.py:840} INFO - DAG(s) 'example_time_delta_sensor_async' retrieved from /home/airflow/.local/lib/python3.9/site-packages/airflow/example_dags/example_time_delta_sensor_async.py
[2025-12-11T23:10:27.901+0000] {logging_mixin.py:188} INFO - [2025-12-11T23:10:27.901+0000] {dag.py:3096} INFO - Sync 1 DAGs
[2025-12-11T23:10:27.920+0000] {logging_mixin.py:188} INFO - [2025-12-11T23:10:27.920+0000] {dag.py:3954} INFO - Setting next_dagrun for example_time_delta_sensor_async to None, run_after=None
[2025-12-11T23:10:27.947+0000] {processor.py:183} INFO - Processing /home/airflow/.local/lib/python3.9/site-packages/airflow/example_dags/example_time_delta_sensor_async.py took 0.103 seconds
[2025-12-11T23:10:58.234+0000] {processor.py:161} INFO - Started process (PID=2577) to work on /home/airflow/.local/lib/python3.9/site-packages/airflow/example_dags/example_time_delta_sensor_async.py
[2025-12-11T23:10:58.236+0000] {processor.py:830} INFO - Processing file /home/airflow/.local/lib/python3.9/site-packages/airflow/example_dags/example_time_delta_sensor_async.py for tasks to queue
[2025-12-11T23:10:58.238+0000] {logging_mixin.py:188} INFO - [2025-12-11T23:10:58.238+0000] {dagbag.py:545} INFO - Filling up the DagBag from /home/airflow/.local/lib/python3.9/site-packages/airflow/example_dags/example_time_delta_sensor_async.py
[2025-12-11T23:10:58.249+0000] {processor.py:840} INFO - DAG(s) 'example_time_delta_sensor_async' retrieved from /home/airflow/.local/lib/python3.9/site-packages/airflow/example_dags/example_time_delta_sensor_async.py
[2025-12-11T23:10:58.290+0000] {logging_mixin.py:188} INFO - [2025-12-11T23:10:58.289+0000] {dag.py:3096} INFO - Sync 1 DAGs
[2025-12-11T23:10:58.310+0000] {logging_mixin.py:188} INFO - [2025-12-11T23:10:58.310+0000] {dag.py:3954} INFO - Setting next_dagrun for example_time_delta_sensor_async to None, run_after=None
[2025-12-11T23:10:58.337+0000] {processor.py:183} INFO - Processing /home/airflow/.local/lib/python3.9/site-packages/airflow/example_dags/example_time_delta_sensor_async.py took 0.115 seconds
[2025-12-11T23:11:29.576+0000] {processor.py:161} INFO - Started process (PID=2644) to work on /home/airflow/.local/lib/python3.9/site-packages/airflow/example_dags/example_time_delta_sensor_async.py
[2025-12-11T23:11:29.579+0000] {processor.py:830} INFO - Processing file /home/airflow/.local/lib/python3.9/site-packages/airflow/example_dags/example_time_delta_sensor_async.py for tasks to queue
[2025-12-11T23:11:29.583+0000] {logging_mixin.py:188} INFO - [2025-12-11T23:11:29.582+0000] {dagbag.py:545} INFO - Filling up the DagBag from /home/airflow/.local/lib/python3.9/site-packages/airflow/example_dags/example_time_delta_sensor_async.py
[2025-12-11T23:11:29.593+0000] {processor.py:840} INFO - DAG(s) 'example_time_delta_sensor_async' retrieved from /home/airflow/.local/lib/python3.9/site-packages/airflow/example_dags/example_time_delta_sensor_async.py
[2025-12-11T23:11:29.633+0000] {logging_mixin.py:188} INFO - [2025-12-11T23:11:29.633+0000] {dag.py:3096} INFO - Sync 1 DAGs
[2025-12-11T23:11:29.657+0000] {logging_mixin.py:188} INFO - [2025-12-11T23:11:29.657+0000] {dag.py:3954} INFO - Setting next_dagrun for example_time_delta_sensor_async to None, run_after=None
[2025-12-11T23:11:29.813+0000] {processor.py:183} INFO - Processing /home/airflow/.local/lib/python3.9/site-packages/airflow/example_dags/example_time_delta_sensor_async.py took 0.253 seconds
[2025-12-11T23:12:00.897+0000] {processor.py:161} INFO - Started process (PID=2711) to work on /home/airflow/.local/lib/python3.9/site-packages/airflow/example_dags/example_time_delta_sensor_async.py
[2025-12-11T23:12:00.921+0000] {processor.py:830} INFO - Processing file /home/airflow/.local/lib/python3.9/site-packages/airflow/example_dags/example_time_delta_sensor_async.py for tasks to queue
[2025-12-11T23:12:00.925+0000] {logging_mixin.py:188} INFO - [2025-12-11T23:12:00.925+0000] {dagbag.py:545} INFO - Filling up the DagBag from /home/airflow/.local/lib/python3.9/site-packages/airflow/example_dags/example_time_delta_sensor_async.py
[2025-12-11T23:12:00.935+0000] {processor.py:840} INFO - DAG(s) 'example_time_delta_sensor_async' retrieved from /home/airflow/.local/lib/python3.9/site-packages/airflow/example_dags/example_time_delta_sensor_async.py
[2025-12-11T23:12:00.982+0000] {logging_mixin.py:188} INFO - [2025-12-11T23:12:00.982+0000] {dag.py:3096} INFO - Sync 1 DAGs
[2025-12-11T23:12:01.072+0000] {logging_mixin.py:188} INFO - [2025-12-11T23:12:01.071+0000] {dag.py:3954} INFO - Setting next_dagrun for example_time_delta_sensor_async to None, run_after=None
[2025-12-11T23:12:01.144+0000] {processor.py:183} INFO - Processing /home/airflow/.local/lib/python3.9/site-packages/airflow/example_dags/example_time_delta_sensor_async.py took 0.260 seconds
[2025-12-11T23:12:33.082+0000] {processor.py:161} INFO - Started process (PID=2778) to work on /home/airflow/.local/lib/python3.9/site-packages/airflow/example_dags/example_time_delta_sensor_async.py
[2025-12-11T23:12:33.093+0000] {processor.py:830} INFO - Processing file /home/airflow/.local/lib/python3.9/site-packages/airflow/example_dags/example_time_delta_sensor_async.py for tasks to queue
[2025-12-11T23:12:33.098+0000] {logging_mixin.py:188} INFO - [2025-12-11T23:12:33.097+0000] {dagbag.py:545} INFO - Filling up the DagBag from /home/airflow/.local/lib/python3.9/site-packages/airflow/example_dags/example_time_delta_sensor_async.py
[2025-12-11T23:12:33.118+0000] {processor.py:840} INFO - DAG(s) 'example_time_delta_sensor_async' retrieved from /home/airflow/.local/lib/python3.9/site-packages/airflow/example_dags/example_time_delta_sensor_async.py
[2025-12-11T23:12:33.181+0000] {logging_mixin.py:188} INFO - [2025-12-11T23:12:33.180+0000] {dag.py:3096} INFO - Sync 1 DAGs
[2025-12-11T23:12:33.235+0000] {logging_mixin.py:188} INFO - [2025-12-11T23:12:33.234+0000] {dag.py:3954} INFO - Setting next_dagrun for example_time_delta_sensor_async to None, run_after=None
[2025-12-11T23:12:34.339+0000] {processor.py:183} INFO - Processing /home/airflow/.local/lib/python3.9/site-packages/airflow/example_dags/example_time_delta_sensor_async.py took 1.281 seconds
[2025-12-11T23:13:04.998+0000] {processor.py:161} INFO - Started process (PID=2852) to work on /home/airflow/.local/lib/python3.9/site-packages/airflow/example_dags/example_time_delta_sensor_async.py
[2025-12-11T23:13:05.000+0000] {processor.py:830} INFO - Processing file /home/airflow/.local/lib/python3.9/site-packages/airflow/example_dags/example_time_delta_sensor_async.py for tasks to queue
[2025-12-11T23:13:05.011+0000] {logging_mixin.py:188} INFO - [2025-12-11T23:13:05.011+0000] {dagbag.py:545} INFO - Filling up the DagBag from /home/airflow/.local/lib/python3.9/site-packages/airflow/example_dags/example_time_delta_sensor_async.py
[2025-12-11T23:13:05.029+0000] {processor.py:840} INFO - DAG(s) 'example_time_delta_sensor_async' retrieved from /home/airflow/.local/lib/python3.9/site-packages/airflow/example_dags/example_time_delta_sensor_async.py
[2025-12-11T23:13:05.095+0000] {logging_mixin.py:188} INFO - [2025-12-11T23:13:05.095+0000] {dag.py:3096} INFO - Sync 1 DAGs
[2025-12-11T23:13:05.139+0000] {logging_mixin.py:188} INFO - [2025-12-11T23:13:05.139+0000] {dag.py:3954} INFO - Setting next_dagrun for example_time_delta_sensor_async to None, run_after=None
[2025-12-11T23:13:05.195+0000] {processor.py:183} INFO - Processing /home/airflow/.local/lib/python3.9/site-packages/airflow/example_dags/example_time_delta_sensor_async.py took 0.219 seconds
[2025-12-11T23:13:35.396+0000] {processor.py:161} INFO - Started process (PID=2919) to work on /home/airflow/.local/lib/python3.9/site-packages/airflow/example_dags/example_time_delta_sensor_async.py
[2025-12-11T23:13:35.410+0000] {processor.py:830} INFO - Processing file /home/airflow/.local/lib/python3.9/site-packages/airflow/example_dags/example_time_delta_sensor_async.py for tasks to queue
[2025-12-11T23:13:35.413+0000] {logging_mixin.py:188} INFO - [2025-12-11T23:13:35.413+0000] {dagbag.py:545} INFO - Filling up the DagBag from /home/airflow/.local/lib/python3.9/site-packages/airflow/example_dags/example_time_delta_sensor_async.py
[2025-12-11T23:13:35.429+0000] {processor.py:840} INFO - DAG(s) 'example_time_delta_sensor_async' retrieved from /home/airflow/.local/lib/python3.9/site-packages/airflow/example_dags/example_time_delta_sensor_async.py
[2025-12-11T23:13:35.503+0000] {logging_mixin.py:188} INFO - [2025-12-11T23:13:35.503+0000] {dag.py:3096} INFO - Sync 1 DAGs
[2025-12-11T23:13:35.552+0000] {logging_mixin.py:188} INFO - [2025-12-11T23:13:35.551+0000] {dag.py:3954} INFO - Setting next_dagrun for example_time_delta_sensor_async to None, run_after=None
[2025-12-11T23:13:35.616+0000] {processor.py:183} INFO - Processing /home/airflow/.local/lib/python3.9/site-packages/airflow/example_dags/example_time_delta_sensor_async.py took 0.242 seconds
[2025-12-11T23:14:06.362+0000] {processor.py:161} INFO - Started process (PID=2986) to work on /home/airflow/.local/lib/python3.9/site-packages/airflow/example_dags/example_time_delta_sensor_async.py
[2025-12-11T23:14:06.400+0000] {processor.py:830} INFO - Processing file /home/airflow/.local/lib/python3.9/site-packages/airflow/example_dags/example_time_delta_sensor_async.py for tasks to queue
[2025-12-11T23:14:06.403+0000] {logging_mixin.py:188} INFO - [2025-12-11T23:14:06.403+0000] {dagbag.py:545} INFO - Filling up the DagBag from /home/airflow/.local/lib/python3.9/site-packages/airflow/example_dags/example_time_delta_sensor_async.py
[2025-12-11T23:14:06.411+0000] {processor.py:840} INFO - DAG(s) 'example_time_delta_sensor_async' retrieved from /home/airflow/.local/lib/python3.9/site-packages/airflow/example_dags/example_time_delta_sensor_async.py
[2025-12-11T23:14:06.458+0000] {logging_mixin.py:188} INFO - [2025-12-11T23:14:06.457+0000] {dag.py:3096} INFO - Sync 1 DAGs
[2025-12-11T23:14:06.545+0000] {logging_mixin.py:188} INFO - [2025-12-11T23:14:06.545+0000] {dag.py:3954} INFO - Setting next_dagrun for example_time_delta_sensor_async to None, run_after=None
[2025-12-11T23:14:06.581+0000] {processor.py:183} INFO - Processing /home/airflow/.local/lib/python3.9/site-packages/airflow/example_dags/example_time_delta_sensor_async.py took 0.229 seconds
[2025-12-11T23:14:37.255+0000] {processor.py:161} INFO - Started process (PID=3053) to work on /home/airflow/.local/lib/python3.9/site-packages/airflow/example_dags/example_time_delta_sensor_async.py
[2025-12-11T23:14:37.367+0000] {processor.py:830} INFO - Processing file /home/airflow/.local/lib/python3.9/site-packages/airflow/example_dags/example_time_delta_sensor_async.py for tasks to queue
[2025-12-11T23:14:37.374+0000] {logging_mixin.py:188} INFO - [2025-12-11T23:14:37.373+0000] {dagbag.py:545} INFO - Filling up the DagBag from /home/airflow/.local/lib/python3.9/site-packages/airflow/example_dags/example_time_delta_sensor_async.py
[2025-12-11T23:14:37.390+0000] {processor.py:840} INFO - DAG(s) 'example_time_delta_sensor_async' retrieved from /home/airflow/.local/lib/python3.9/site-packages/airflow/example_dags/example_time_delta_sensor_async.py
[2025-12-11T23:14:37.491+0000] {logging_mixin.py:188} INFO - [2025-12-11T23:14:37.491+0000] {dag.py:3096} INFO - Sync 1 DAGs
[2025-12-11T23:14:37.554+0000] {logging_mixin.py:188} INFO - [2025-12-11T23:14:37.554+0000] {dag.py:3954} INFO - Setting next_dagrun for example_time_delta_sensor_async to None, run_after=None
[2025-12-11T23:14:37.638+0000] {processor.py:183} INFO - Processing /home/airflow/.local/lib/python3.9/site-packages/airflow/example_dags/example_time_delta_sensor_async.py took 0.409 seconds
[2025-12-11T23:15:07.738+0000] {processor.py:161} INFO - Started process (PID=3120) to work on /home/airflow/.local/lib/python3.9/site-packages/airflow/example_dags/example_time_delta_sensor_async.py
[2025-12-11T23:15:07.879+0000] {processor.py:830} INFO - Processing file /home/airflow/.local/lib/python3.9/site-packages/airflow/example_dags/example_time_delta_sensor_async.py for tasks to queue
[2025-12-11T23:15:07.883+0000] {logging_mixin.py:188} INFO - [2025-12-11T23:15:07.883+0000] {dagbag.py:545} INFO - Filling up the DagBag from /home/airflow/.local/lib/python3.9/site-packages/airflow/example_dags/example_time_delta_sensor_async.py
[2025-12-11T23:15:07.892+0000] {processor.py:840} INFO - DAG(s) 'example_time_delta_sensor_async' retrieved from /home/airflow/.local/lib/python3.9/site-packages/airflow/example_dags/example_time_delta_sensor_async.py
[2025-12-11T23:15:07.954+0000] {logging_mixin.py:188} INFO - [2025-12-11T23:15:07.953+0000] {dag.py:3096} INFO - Sync 1 DAGs
[2025-12-11T23:15:07.990+0000] {logging_mixin.py:188} INFO - [2025-12-11T23:15:07.990+0000] {dag.py:3954} INFO - Setting next_dagrun for example_time_delta_sensor_async to None, run_after=None
[2025-12-11T23:15:08.097+0000] {processor.py:183} INFO - Processing /home/airflow/.local/lib/python3.9/site-packages/airflow/example_dags/example_time_delta_sensor_async.py took 0.381 seconds
[2025-12-11T23:15:39.020+0000] {processor.py:161} INFO - Started process (PID=3187) to work on /home/airflow/.local/lib/python3.9/site-packages/airflow/example_dags/example_time_delta_sensor_async.py
[2025-12-11T23:15:39.090+0000] {processor.py:830} INFO - Processing file /home/airflow/.local/lib/python3.9/site-packages/airflow/example_dags/example_time_delta_sensor_async.py for tasks to queue
[2025-12-11T23:15:39.093+0000] {logging_mixin.py:188} INFO - [2025-12-11T23:15:39.093+0000] {dagbag.py:545} INFO - Filling up the DagBag from /home/airflow/.local/lib/python3.9/site-packages/airflow/example_dags/example_time_delta_sensor_async.py
[2025-12-11T23:15:39.102+0000] {processor.py:840} INFO - DAG(s) 'example_time_delta_sensor_async' retrieved from /home/airflow/.local/lib/python3.9/site-packages/airflow/example_dags/example_time_delta_sensor_async.py
[2025-12-11T23:15:39.159+0000] {logging_mixin.py:188} INFO - [2025-12-11T23:15:39.158+0000] {dag.py:3096} INFO - Sync 1 DAGs
[2025-12-11T23:15:39.197+0000] {logging_mixin.py:188} INFO - [2025-12-11T23:15:39.196+0000] {dag.py:3954} INFO - Setting next_dagrun for example_time_delta_sensor_async to None, run_after=None
[2025-12-11T23:15:39.274+0000] {processor.py:183} INFO - Processing /home/airflow/.local/lib/python3.9/site-packages/airflow/example_dags/example_time_delta_sensor_async.py took 0.271 seconds
[2025-12-11T23:16:09.775+0000] {processor.py:161} INFO - Started process (PID=3254) to work on /home/airflow/.local/lib/python3.9/site-packages/airflow/example_dags/example_time_delta_sensor_async.py
[2025-12-11T23:16:09.867+0000] {processor.py:830} INFO - Processing file /home/airflow/.local/lib/python3.9/site-packages/airflow/example_dags/example_time_delta_sensor_async.py for tasks to queue
[2025-12-11T23:16:09.870+0000] {logging_mixin.py:188} INFO - [2025-12-11T23:16:09.870+0000] {dagbag.py:545} INFO - Filling up the DagBag from /home/airflow/.local/lib/python3.9/site-packages/airflow/example_dags/example_time_delta_sensor_async.py
[2025-12-11T23:16:09.880+0000] {processor.py:840} INFO - DAG(s) 'example_time_delta_sensor_async' retrieved from /home/airflow/.local/lib/python3.9/site-packages/airflow/example_dags/example_time_delta_sensor_async.py
[2025-12-11T23:16:09.950+0000] {logging_mixin.py:188} INFO - [2025-12-11T23:16:09.950+0000] {dag.py:3096} INFO - Sync 1 DAGs
[2025-12-11T23:16:09.991+0000] {logging_mixin.py:188} INFO - [2025-12-11T23:16:09.991+0000] {dag.py:3954} INFO - Setting next_dagrun for example_time_delta_sensor_async to None, run_after=None
[2025-12-11T23:16:10.198+0000] {processor.py:183} INFO - Processing /home/airflow/.local/lib/python3.9/site-packages/airflow/example_dags/example_time_delta_sensor_async.py took 0.437 seconds
[2025-12-11T23:16:40.639+0000] {processor.py:161} INFO - Started process (PID=3321) to work on /home/airflow/.local/lib/python3.9/site-packages/airflow/example_dags/example_time_delta_sensor_async.py
[2025-12-11T23:16:40.696+0000] {processor.py:830} INFO - Processing file /home/airflow/.local/lib/python3.9/site-packages/airflow/example_dags/example_time_delta_sensor_async.py for tasks to queue
[2025-12-11T23:16:40.699+0000] {logging_mixin.py:188} INFO - [2025-12-11T23:16:40.698+0000] {dagbag.py:545} INFO - Filling up the DagBag from /home/airflow/.local/lib/python3.9/site-packages/airflow/example_dags/example_time_delta_sensor_async.py
[2025-12-11T23:16:40.706+0000] {processor.py:840} INFO - DAG(s) 'example_time_delta_sensor_async' retrieved from /home/airflow/.local/lib/python3.9/site-packages/airflow/example_dags/example_time_delta_sensor_async.py
[2025-12-11T23:16:40.746+0000] {logging_mixin.py:188} INFO - [2025-12-11T23:16:40.745+0000] {dag.py:3096} INFO - Sync 1 DAGs
[2025-12-11T23:16:40.768+0000] {logging_mixin.py:188} INFO - [2025-12-11T23:16:40.767+0000] {dag.py:3954} INFO - Setting next_dagrun for example_time_delta_sensor_async to None, run_after=None
[2025-12-11T23:16:40.839+0000] {processor.py:183} INFO - Processing /home/airflow/.local/lib/python3.9/site-packages/airflow/example_dags/example_time_delta_sensor_async.py took 0.212 seconds
[2025-12-11T23:17:11.689+0000] {processor.py:161} INFO - Started process (PID=3388) to work on /home/airflow/.local/lib/python3.9/site-packages/airflow/example_dags/example_time_delta_sensor_async.py
[2025-12-11T23:17:11.691+0000] {processor.py:830} INFO - Processing file /home/airflow/.local/lib/python3.9/site-packages/airflow/example_dags/example_time_delta_sensor_async.py for tasks to queue
[2025-12-11T23:17:11.694+0000] {logging_mixin.py:188} INFO - [2025-12-11T23:17:11.694+0000] {dagbag.py:545} INFO - Filling up the DagBag from /home/airflow/.local/lib/python3.9/site-packages/airflow/example_dags/example_time_delta_sensor_async.py
[2025-12-11T23:17:11.704+0000] {processor.py:840} INFO - DAG(s) 'example_time_delta_sensor_async' retrieved from /home/airflow/.local/lib/python3.9/site-packages/airflow/example_dags/example_time_delta_sensor_async.py
[2025-12-11T23:17:11.744+0000] {logging_mixin.py:188} INFO - [2025-12-11T23:17:11.743+0000] {dag.py:3096} INFO - Sync 1 DAGs
[2025-12-11T23:17:11.767+0000] {logging_mixin.py:188} INFO - [2025-12-11T23:17:11.766+0000] {dag.py:3954} INFO - Setting next_dagrun for example_time_delta_sensor_async to None, run_after=None
[2025-12-11T23:17:11.818+0000] {processor.py:183} INFO - Processing /home/airflow/.local/lib/python3.9/site-packages/airflow/example_dags/example_time_delta_sensor_async.py took 0.141 seconds
[2025-12-11T23:17:41.993+0000] {processor.py:161} INFO - Started process (PID=3455) to work on /home/airflow/.local/lib/python3.9/site-packages/airflow/example_dags/example_time_delta_sensor_async.py
[2025-12-11T23:17:41.995+0000] {processor.py:830} INFO - Processing file /home/airflow/.local/lib/python3.9/site-packages/airflow/example_dags/example_time_delta_sensor_async.py for tasks to queue
[2025-12-11T23:17:41.998+0000] {logging_mixin.py:188} INFO - [2025-12-11T23:17:41.998+0000] {dagbag.py:545} INFO - Filling up the DagBag from /home/airflow/.local/lib/python3.9/site-packages/airflow/example_dags/example_time_delta_sensor_async.py
[2025-12-11T23:17:42.007+0000] {processor.py:840} INFO - DAG(s) 'example_time_delta_sensor_async' retrieved from /home/airflow/.local/lib/python3.9/site-packages/airflow/example_dags/example_time_delta_sensor_async.py
[2025-12-11T23:17:42.053+0000] {logging_mixin.py:188} INFO - [2025-12-11T23:17:42.053+0000] {dag.py:3096} INFO - Sync 1 DAGs
[2025-12-11T23:17:42.079+0000] {logging_mixin.py:188} INFO - [2025-12-11T23:17:42.079+0000] {dag.py:3954} INFO - Setting next_dagrun for example_time_delta_sensor_async to None, run_after=None
[2025-12-11T23:17:42.112+0000] {processor.py:183} INFO - Processing /home/airflow/.local/lib/python3.9/site-packages/airflow/example_dags/example_time_delta_sensor_async.py took 0.131 seconds
[2025-12-11T23:18:12.436+0000] {processor.py:161} INFO - Started process (PID=3522) to work on /home/airflow/.local/lib/python3.9/site-packages/airflow/example_dags/example_time_delta_sensor_async.py
[2025-12-11T23:18:12.441+0000] {processor.py:830} INFO - Processing file /home/airflow/.local/lib/python3.9/site-packages/airflow/example_dags/example_time_delta_sensor_async.py for tasks to queue
[2025-12-11T23:18:12.445+0000] {logging_mixin.py:188} INFO - [2025-12-11T23:18:12.444+0000] {dagbag.py:545} INFO - Filling up the DagBag from /home/airflow/.local/lib/python3.9/site-packages/airflow/example_dags/example_time_delta_sensor_async.py
[2025-12-11T23:18:12.456+0000] {processor.py:840} INFO - DAG(s) 'example_time_delta_sensor_async' retrieved from /home/airflow/.local/lib/python3.9/site-packages/airflow/example_dags/example_time_delta_sensor_async.py
[2025-12-11T23:18:12.506+0000] {logging_mixin.py:188} INFO - [2025-12-11T23:18:12.506+0000] {dag.py:3096} INFO - Sync 1 DAGs
[2025-12-11T23:18:12.533+0000] {logging_mixin.py:188} INFO - [2025-12-11T23:18:12.533+0000] {dag.py:3954} INFO - Setting next_dagrun for example_time_delta_sensor_async to None, run_after=None
[2025-12-11T23:18:12.781+0000] {processor.py:183} INFO - Processing /home/airflow/.local/lib/python3.9/site-packages/airflow/example_dags/example_time_delta_sensor_async.py took 0.359 seconds
[2025-12-11T23:18:43.049+0000] {processor.py:161} INFO - Started process (PID=3589) to work on /home/airflow/.local/lib/python3.9/site-packages/airflow/example_dags/example_time_delta_sensor_async.py
[2025-12-11T23:18:43.053+0000] {processor.py:830} INFO - Processing file /home/airflow/.local/lib/python3.9/site-packages/airflow/example_dags/example_time_delta_sensor_async.py for tasks to queue
[2025-12-11T23:18:43.056+0000] {logging_mixin.py:188} INFO - [2025-12-11T23:18:43.056+0000] {dagbag.py:545} INFO - Filling up the DagBag from /home/airflow/.local/lib/python3.9/site-packages/airflow/example_dags/example_time_delta_sensor_async.py
[2025-12-11T23:18:43.066+0000] {processor.py:840} INFO - DAG(s) 'example_time_delta_sensor_async' retrieved from /home/airflow/.local/lib/python3.9/site-packages/airflow/example_dags/example_time_delta_sensor_async.py
[2025-12-11T23:18:43.108+0000] {logging_mixin.py:188} INFO - [2025-12-11T23:18:43.108+0000] {dag.py:3096} INFO - Sync 1 DAGs
[2025-12-11T23:18:43.131+0000] {logging_mixin.py:188} INFO - [2025-12-11T23:18:43.131+0000] {dag.py:3954} INFO - Setting next_dagrun for example_time_delta_sensor_async to None, run_after=None
[2025-12-11T23:18:43.172+0000] {processor.py:183} INFO - Processing /home/airflow/.local/lib/python3.9/site-packages/airflow/example_dags/example_time_delta_sensor_async.py took 0.137 seconds
[2025-12-11T23:19:13.321+0000] {processor.py:161} INFO - Started process (PID=3656) to work on /home/airflow/.local/lib/python3.9/site-packages/airflow/example_dags/example_time_delta_sensor_async.py
[2025-12-11T23:19:13.332+0000] {processor.py:830} INFO - Processing file /home/airflow/.local/lib/python3.9/site-packages/airflow/example_dags/example_time_delta_sensor_async.py for tasks to queue
[2025-12-11T23:19:13.336+0000] {logging_mixin.py:188} INFO - [2025-12-11T23:19:13.336+0000] {dagbag.py:545} INFO - Filling up the DagBag from /home/airflow/.local/lib/python3.9/site-packages/airflow/example_dags/example_time_delta_sensor_async.py
[2025-12-11T23:19:13.354+0000] {processor.py:840} INFO - DAG(s) 'example_time_delta_sensor_async' retrieved from /home/airflow/.local/lib/python3.9/site-packages/airflow/example_dags/example_time_delta_sensor_async.py
[2025-12-11T23:19:13.419+0000] {logging_mixin.py:188} INFO - [2025-12-11T23:19:13.419+0000] {dag.py:3096} INFO - Sync 1 DAGs
[2025-12-11T23:19:13.457+0000] {logging_mixin.py:188} INFO - [2025-12-11T23:19:13.456+0000] {dag.py:3954} INFO - Setting next_dagrun for example_time_delta_sensor_async to None, run_after=None
[2025-12-11T23:19:13.514+0000] {processor.py:183} INFO - Processing /home/airflow/.local/lib/python3.9/site-packages/airflow/example_dags/example_time_delta_sensor_async.py took 0.216 seconds
[2025-12-11T23:19:43.676+0000] {processor.py:161} INFO - Started process (PID=3723) to work on /home/airflow/.local/lib/python3.9/site-packages/airflow/example_dags/example_time_delta_sensor_async.py
[2025-12-11T23:19:43.686+0000] {processor.py:830} INFO - Processing file /home/airflow/.local/lib/python3.9/site-packages/airflow/example_dags/example_time_delta_sensor_async.py for tasks to queue
[2025-12-11T23:19:43.692+0000] {logging_mixin.py:188} INFO - [2025-12-11T23:19:43.691+0000] {dagbag.py:545} INFO - Filling up the DagBag from /home/airflow/.local/lib/python3.9/site-packages/airflow/example_dags/example_time_delta_sensor_async.py
[2025-12-11T23:19:43.702+0000] {processor.py:840} INFO - DAG(s) 'example_time_delta_sensor_async' retrieved from /home/airflow/.local/lib/python3.9/site-packages/airflow/example_dags/example_time_delta_sensor_async.py
[2025-12-11T23:19:43.775+0000] {logging_mixin.py:188} INFO - [2025-12-11T23:19:43.774+0000] {dag.py:3096} INFO - Sync 1 DAGs
[2025-12-11T23:19:43.832+0000] {logging_mixin.py:188} INFO - [2025-12-11T23:19:43.831+0000] {dag.py:3954} INFO - Setting next_dagrun for example_time_delta_sensor_async to None, run_after=None
[2025-12-11T23:19:43.917+0000] {processor.py:183} INFO - Processing /home/airflow/.local/lib/python3.9/site-packages/airflow/example_dags/example_time_delta_sensor_async.py took 0.260 seconds
[2025-12-11T23:20:14.294+0000] {processor.py:161} INFO - Started process (PID=3790) to work on /home/airflow/.local/lib/python3.9/site-packages/airflow/example_dags/example_time_delta_sensor_async.py
[2025-12-11T23:20:14.296+0000] {processor.py:830} INFO - Processing file /home/airflow/.local/lib/python3.9/site-packages/airflow/example_dags/example_time_delta_sensor_async.py for tasks to queue
[2025-12-11T23:20:14.299+0000] {logging_mixin.py:188} INFO - [2025-12-11T23:20:14.298+0000] {dagbag.py:545} INFO - Filling up the DagBag from /home/airflow/.local/lib/python3.9/site-packages/airflow/example_dags/example_time_delta_sensor_async.py
[2025-12-11T23:20:14.306+0000] {processor.py:840} INFO - DAG(s) 'example_time_delta_sensor_async' retrieved from /home/airflow/.local/lib/python3.9/site-packages/airflow/example_dags/example_time_delta_sensor_async.py
[2025-12-11T23:20:14.342+0000] {logging_mixin.py:188} INFO - [2025-12-11T23:20:14.342+0000] {dag.py:3096} INFO - Sync 1 DAGs
[2025-12-11T23:20:14.363+0000] {logging_mixin.py:188} INFO - [2025-12-11T23:20:14.363+0000] {dag.py:3954} INFO - Setting next_dagrun for example_time_delta_sensor_async to None, run_after=None
[2025-12-11T23:20:14.391+0000] {processor.py:183} INFO - Processing /home/airflow/.local/lib/python3.9/site-packages/airflow/example_dags/example_time_delta_sensor_async.py took 0.107 seconds
[2025-12-11T23:20:45.655+0000] {processor.py:161} INFO - Started process (PID=3857) to work on /home/airflow/.local/lib/python3.9/site-packages/airflow/example_dags/example_time_delta_sensor_async.py
[2025-12-11T23:20:45.682+0000] {processor.py:830} INFO - Processing file /home/airflow/.local/lib/python3.9/site-packages/airflow/example_dags/example_time_delta_sensor_async.py for tasks to queue
[2025-12-11T23:20:45.685+0000] {logging_mixin.py:188} INFO - [2025-12-11T23:20:45.685+0000] {dagbag.py:545} INFO - Filling up the DagBag from /home/airflow/.local/lib/python3.9/site-packages/airflow/example_dags/example_time_delta_sensor_async.py
[2025-12-11T23:20:45.694+0000] {processor.py:840} INFO - DAG(s) 'example_time_delta_sensor_async' retrieved from /home/airflow/.local/lib/python3.9/site-packages/airflow/example_dags/example_time_delta_sensor_async.py
[2025-12-11T23:20:45.736+0000] {logging_mixin.py:188} INFO - [2025-12-11T23:20:45.736+0000] {dag.py:3096} INFO - Sync 1 DAGs
[2025-12-11T23:20:45.761+0000] {logging_mixin.py:188} INFO - [2025-12-11T23:20:45.760+0000] {dag.py:3954} INFO - Setting next_dagrun for example_time_delta_sensor_async to None, run_after=None
[2025-12-11T23:20:45.985+0000] {processor.py:183} INFO - Processing /home/airflow/.local/lib/python3.9/site-packages/airflow/example_dags/example_time_delta_sensor_async.py took 0.345 seconds
[2025-12-11T23:21:16.496+0000] {processor.py:161} INFO - Started process (PID=3924) to work on /home/airflow/.local/lib/python3.9/site-packages/airflow/example_dags/example_time_delta_sensor_async.py
[2025-12-11T23:21:16.497+0000] {processor.py:830} INFO - Processing file /home/airflow/.local/lib/python3.9/site-packages/airflow/example_dags/example_time_delta_sensor_async.py for tasks to queue
[2025-12-11T23:21:16.500+0000] {logging_mixin.py:188} INFO - [2025-12-11T23:21:16.500+0000] {dagbag.py:545} INFO - Filling up the DagBag from /home/airflow/.local/lib/python3.9/site-packages/airflow/example_dags/example_time_delta_sensor_async.py
[2025-12-11T23:21:16.515+0000] {processor.py:840} INFO - DAG(s) 'example_time_delta_sensor_async' retrieved from /home/airflow/.local/lib/python3.9/site-packages/airflow/example_dags/example_time_delta_sensor_async.py
[2025-12-11T23:21:16.573+0000] {logging_mixin.py:188} INFO - [2025-12-11T23:21:16.572+0000] {dag.py:3096} INFO - Sync 1 DAGs
[2025-12-11T23:21:16.616+0000] {logging_mixin.py:188} INFO - [2025-12-11T23:21:16.615+0000] {dag.py:3954} INFO - Setting next_dagrun for example_time_delta_sensor_async to None, run_after=None
[2025-12-11T23:21:16.678+0000] {processor.py:183} INFO - Processing /home/airflow/.local/lib/python3.9/site-packages/airflow/example_dags/example_time_delta_sensor_async.py took 0.203 seconds
[2025-12-11T23:21:47.115+0000] {processor.py:161} INFO - Started process (PID=3991) to work on /home/airflow/.local/lib/python3.9/site-packages/airflow/example_dags/example_time_delta_sensor_async.py
[2025-12-11T23:21:47.117+0000] {processor.py:830} INFO - Processing file /home/airflow/.local/lib/python3.9/site-packages/airflow/example_dags/example_time_delta_sensor_async.py for tasks to queue
[2025-12-11T23:21:47.120+0000] {logging_mixin.py:188} INFO - [2025-12-11T23:21:47.119+0000] {dagbag.py:545} INFO - Filling up the DagBag from /home/airflow/.local/lib/python3.9/site-packages/airflow/example_dags/example_time_delta_sensor_async.py
[2025-12-11T23:21:47.127+0000] {processor.py:840} INFO - DAG(s) 'example_time_delta_sensor_async' retrieved from /home/airflow/.local/lib/python3.9/site-packages/airflow/example_dags/example_time_delta_sensor_async.py
[2025-12-11T23:21:47.162+0000] {logging_mixin.py:188} INFO - [2025-12-11T23:21:47.161+0000] {dag.py:3096} INFO - Sync 1 DAGs
[2025-12-11T23:21:47.182+0000] {logging_mixin.py:188} INFO - [2025-12-11T23:21:47.182+0000] {dag.py:3954} INFO - Setting next_dagrun for example_time_delta_sensor_async to None, run_after=None
[2025-12-11T23:21:47.209+0000] {processor.py:183} INFO - Processing /home/airflow/.local/lib/python3.9/site-packages/airflow/example_dags/example_time_delta_sensor_async.py took 0.104 seconds
[2025-12-11T23:22:18.529+0000] {processor.py:161} INFO - Started process (PID=4058) to work on /home/airflow/.local/lib/python3.9/site-packages/airflow/example_dags/example_time_delta_sensor_async.py
[2025-12-11T23:22:18.536+0000] {processor.py:830} INFO - Processing file /home/airflow/.local/lib/python3.9/site-packages/airflow/example_dags/example_time_delta_sensor_async.py for tasks to queue
[2025-12-11T23:22:18.539+0000] {logging_mixin.py:188} INFO - [2025-12-11T23:22:18.538+0000] {dagbag.py:545} INFO - Filling up the DagBag from /home/airflow/.local/lib/python3.9/site-packages/airflow/example_dags/example_time_delta_sensor_async.py
[2025-12-11T23:22:18.548+0000] {processor.py:840} INFO - DAG(s) 'example_time_delta_sensor_async' retrieved from /home/airflow/.local/lib/python3.9/site-packages/airflow/example_dags/example_time_delta_sensor_async.py
[2025-12-11T23:22:18.587+0000] {logging_mixin.py:188} INFO - [2025-12-11T23:22:18.586+0000] {dag.py:3096} INFO - Sync 1 DAGs
[2025-12-11T23:22:18.609+0000] {logging_mixin.py:188} INFO - [2025-12-11T23:22:18.608+0000] {dag.py:3954} INFO - Setting next_dagrun for example_time_delta_sensor_async to None, run_after=None
[2025-12-11T23:22:18.636+0000] {processor.py:183} INFO - Processing /home/airflow/.local/lib/python3.9/site-packages/airflow/example_dags/example_time_delta_sensor_async.py took 0.121 seconds
[2025-12-11T23:22:49.365+0000] {processor.py:161} INFO - Started process (PID=4125) to work on /home/airflow/.local/lib/python3.9/site-packages/airflow/example_dags/example_time_delta_sensor_async.py
[2025-12-11T23:22:49.366+0000] {processor.py:830} INFO - Processing file /home/airflow/.local/lib/python3.9/site-packages/airflow/example_dags/example_time_delta_sensor_async.py for tasks to queue
[2025-12-11T23:22:49.369+0000] {logging_mixin.py:188} INFO - [2025-12-11T23:22:49.368+0000] {dagbag.py:545} INFO - Filling up the DagBag from /home/airflow/.local/lib/python3.9/site-packages/airflow/example_dags/example_time_delta_sensor_async.py
[2025-12-11T23:22:49.377+0000] {processor.py:840} INFO - DAG(s) 'example_time_delta_sensor_async' retrieved from /home/airflow/.local/lib/python3.9/site-packages/airflow/example_dags/example_time_delta_sensor_async.py
[2025-12-11T23:22:49.416+0000] {logging_mixin.py:188} INFO - [2025-12-11T23:22:49.415+0000] {dag.py:3096} INFO - Sync 1 DAGs
[2025-12-11T23:22:49.437+0000] {logging_mixin.py:188} INFO - [2025-12-11T23:22:49.436+0000] {dag.py:3954} INFO - Setting next_dagrun for example_time_delta_sensor_async to None, run_after=None
[2025-12-11T23:22:49.465+0000] {processor.py:183} INFO - Processing /home/airflow/.local/lib/python3.9/site-packages/airflow/example_dags/example_time_delta_sensor_async.py took 0.110 seconds
[2025-12-11T23:23:20.191+0000] {processor.py:161} INFO - Started process (PID=4192) to work on /home/airflow/.local/lib/python3.9/site-packages/airflow/example_dags/example_time_delta_sensor_async.py
[2025-12-11T23:23:20.193+0000] {processor.py:830} INFO - Processing file /home/airflow/.local/lib/python3.9/site-packages/airflow/example_dags/example_time_delta_sensor_async.py for tasks to queue
[2025-12-11T23:23:20.195+0000] {logging_mixin.py:188} INFO - [2025-12-11T23:23:20.195+0000] {dagbag.py:545} INFO - Filling up the DagBag from /home/airflow/.local/lib/python3.9/site-packages/airflow/example_dags/example_time_delta_sensor_async.py
[2025-12-11T23:23:20.209+0000] {processor.py:840} INFO - DAG(s) 'example_time_delta_sensor_async' retrieved from /home/airflow/.local/lib/python3.9/site-packages/airflow/example_dags/example_time_delta_sensor_async.py
[2025-12-11T23:23:20.260+0000] {logging_mixin.py:188} INFO - [2025-12-11T23:23:20.259+0000] {dag.py:3096} INFO - Sync 1 DAGs
[2025-12-11T23:23:20.291+0000] {logging_mixin.py:188} INFO - [2025-12-11T23:23:20.291+0000] {dag.py:3954} INFO - Setting next_dagrun for example_time_delta_sensor_async to None, run_after=None
[2025-12-11T23:23:20.336+0000] {processor.py:183} INFO - Processing /home/airflow/.local/lib/python3.9/site-packages/airflow/example_dags/example_time_delta_sensor_async.py took 0.163 seconds
[2025-12-11T23:23:50.690+0000] {processor.py:161} INFO - Started process (PID=4259) to work on /home/airflow/.local/lib/python3.9/site-packages/airflow/example_dags/example_time_delta_sensor_async.py
[2025-12-11T23:23:50.692+0000] {processor.py:830} INFO - Processing file /home/airflow/.local/lib/python3.9/site-packages/airflow/example_dags/example_time_delta_sensor_async.py for tasks to queue
[2025-12-11T23:23:50.696+0000] {logging_mixin.py:188} INFO - [2025-12-11T23:23:50.695+0000] {dagbag.py:545} INFO - Filling up the DagBag from /home/airflow/.local/lib/python3.9/site-packages/airflow/example_dags/example_time_delta_sensor_async.py
[2025-12-11T23:23:50.706+0000] {processor.py:840} INFO - DAG(s) 'example_time_delta_sensor_async' retrieved from /home/airflow/.local/lib/python3.9/site-packages/airflow/example_dags/example_time_delta_sensor_async.py
[2025-12-11T23:23:50.759+0000] {logging_mixin.py:188} INFO - [2025-12-11T23:23:50.758+0000] {dag.py:3096} INFO - Sync 1 DAGs
[2025-12-11T23:23:50.788+0000] {logging_mixin.py:188} INFO - [2025-12-11T23:23:50.787+0000] {dag.py:3954} INFO - Setting next_dagrun for example_time_delta_sensor_async to None, run_after=None
[2025-12-11T23:23:50.823+0000] {processor.py:183} INFO - Processing /home/airflow/.local/lib/python3.9/site-packages/airflow/example_dags/example_time_delta_sensor_async.py took 0.147 seconds
[2025-12-11T23:24:21.573+0000] {processor.py:161} INFO - Started process (PID=4325) to work on /home/airflow/.local/lib/python3.9/site-packages/airflow/example_dags/example_time_delta_sensor_async.py
[2025-12-11T23:24:21.575+0000] {processor.py:830} INFO - Processing file /home/airflow/.local/lib/python3.9/site-packages/airflow/example_dags/example_time_delta_sensor_async.py for tasks to queue
[2025-12-11T23:24:21.578+0000] {logging_mixin.py:188} INFO - [2025-12-11T23:24:21.577+0000] {dagbag.py:545} INFO - Filling up the DagBag from /home/airflow/.local/lib/python3.9/site-packages/airflow/example_dags/example_time_delta_sensor_async.py
[2025-12-11T23:24:21.591+0000] {processor.py:840} INFO - DAG(s) 'example_time_delta_sensor_async' retrieved from /home/airflow/.local/lib/python3.9/site-packages/airflow/example_dags/example_time_delta_sensor_async.py
[2025-12-11T23:24:21.636+0000] {logging_mixin.py:188} INFO - [2025-12-11T23:24:21.635+0000] {dag.py:3096} INFO - Sync 1 DAGs
[2025-12-11T23:24:21.661+0000] {logging_mixin.py:188} INFO - [2025-12-11T23:24:21.661+0000] {dag.py:3954} INFO - Setting next_dagrun for example_time_delta_sensor_async to None, run_after=None
[2025-12-11T23:24:21.696+0000] {processor.py:183} INFO - Processing /home/airflow/.local/lib/python3.9/site-packages/airflow/example_dags/example_time_delta_sensor_async.py took 0.141 seconds
[2025-12-11T23:24:52.364+0000] {processor.py:161} INFO - Started process (PID=4392) to work on /home/airflow/.local/lib/python3.9/site-packages/airflow/example_dags/example_time_delta_sensor_async.py
[2025-12-11T23:24:52.370+0000] {processor.py:830} INFO - Processing file /home/airflow/.local/lib/python3.9/site-packages/airflow/example_dags/example_time_delta_sensor_async.py for tasks to queue
[2025-12-11T23:24:52.373+0000] {logging_mixin.py:188} INFO - [2025-12-11T23:24:52.373+0000] {dagbag.py:545} INFO - Filling up the DagBag from /home/airflow/.local/lib/python3.9/site-packages/airflow/example_dags/example_time_delta_sensor_async.py
[2025-12-11T23:24:52.384+0000] {processor.py:840} INFO - DAG(s) 'example_time_delta_sensor_async' retrieved from /home/airflow/.local/lib/python3.9/site-packages/airflow/example_dags/example_time_delta_sensor_async.py
[2025-12-11T23:24:52.437+0000] {logging_mixin.py:188} INFO - [2025-12-11T23:24:52.436+0000] {dag.py:3096} INFO - Sync 1 DAGs
[2025-12-11T23:24:52.465+0000] {logging_mixin.py:188} INFO - [2025-12-11T23:24:52.465+0000] {dag.py:3954} INFO - Setting next_dagrun for example_time_delta_sensor_async to None, run_after=None
[2025-12-11T23:24:52.500+0000] {processor.py:183} INFO - Processing /home/airflow/.local/lib/python3.9/site-packages/airflow/example_dags/example_time_delta_sensor_async.py took 0.150 seconds
[2025-12-11T23:25:22.839+0000] {processor.py:161} INFO - Started process (PID=4459) to work on /home/airflow/.local/lib/python3.9/site-packages/airflow/example_dags/example_time_delta_sensor_async.py
[2025-12-11T23:25:22.841+0000] {processor.py:830} INFO - Processing file /home/airflow/.local/lib/python3.9/site-packages/airflow/example_dags/example_time_delta_sensor_async.py for tasks to queue
[2025-12-11T23:25:22.843+0000] {logging_mixin.py:188} INFO - [2025-12-11T23:25:22.843+0000] {dagbag.py:545} INFO - Filling up the DagBag from /home/airflow/.local/lib/python3.9/site-packages/airflow/example_dags/example_time_delta_sensor_async.py
[2025-12-11T23:25:22.852+0000] {processor.py:840} INFO - DAG(s) 'example_time_delta_sensor_async' retrieved from /home/airflow/.local/lib/python3.9/site-packages/airflow/example_dags/example_time_delta_sensor_async.py
[2025-12-11T23:25:22.894+0000] {logging_mixin.py:188} INFO - [2025-12-11T23:25:22.893+0000] {dag.py:3096} INFO - Sync 1 DAGs
[2025-12-11T23:25:22.915+0000] {logging_mixin.py:188} INFO - [2025-12-11T23:25:22.915+0000] {dag.py:3954} INFO - Setting next_dagrun for example_time_delta_sensor_async to None, run_after=None
[2025-12-11T23:25:22.953+0000] {processor.py:183} INFO - Processing /home/airflow/.local/lib/python3.9/site-packages/airflow/example_dags/example_time_delta_sensor_async.py took 0.124 seconds
[2025-12-11T23:25:53.577+0000] {processor.py:161} INFO - Started process (PID=4526) to work on /home/airflow/.local/lib/python3.9/site-packages/airflow/example_dags/example_time_delta_sensor_async.py
[2025-12-11T23:25:53.579+0000] {processor.py:830} INFO - Processing file /home/airflow/.local/lib/python3.9/site-packages/airflow/example_dags/example_time_delta_sensor_async.py for tasks to queue
[2025-12-11T23:25:53.582+0000] {logging_mixin.py:188} INFO - [2025-12-11T23:25:53.582+0000] {dagbag.py:545} INFO - Filling up the DagBag from /home/airflow/.local/lib/python3.9/site-packages/airflow/example_dags/example_time_delta_sensor_async.py
[2025-12-11T23:25:53.597+0000] {processor.py:840} INFO - DAG(s) 'example_time_delta_sensor_async' retrieved from /home/airflow/.local/lib/python3.9/site-packages/airflow/example_dags/example_time_delta_sensor_async.py
[2025-12-11T23:25:53.658+0000] {logging_mixin.py:188} INFO - [2025-12-11T23:25:53.657+0000] {dag.py:3096} INFO - Sync 1 DAGs
[2025-12-11T23:25:53.691+0000] {logging_mixin.py:188} INFO - [2025-12-11T23:25:53.691+0000] {dag.py:3954} INFO - Setting next_dagrun for example_time_delta_sensor_async to None, run_after=None
[2025-12-11T23:25:53.733+0000] {processor.py:183} INFO - Processing /home/airflow/.local/lib/python3.9/site-packages/airflow/example_dags/example_time_delta_sensor_async.py took 0.179 seconds
[2025-12-11T23:26:24.394+0000] {processor.py:161} INFO - Started process (PID=4597) to work on /home/airflow/.local/lib/python3.9/site-packages/airflow/example_dags/example_time_delta_sensor_async.py
[2025-12-11T23:26:24.410+0000] {processor.py:830} INFO - Processing file /home/airflow/.local/lib/python3.9/site-packages/airflow/example_dags/example_time_delta_sensor_async.py for tasks to queue
[2025-12-11T23:26:24.413+0000] {logging_mixin.py:188} INFO - [2025-12-11T23:26:24.412+0000] {dagbag.py:545} INFO - Filling up the DagBag from /home/airflow/.local/lib/python3.9/site-packages/airflow/example_dags/example_time_delta_sensor_async.py
[2025-12-11T23:26:24.433+0000] {processor.py:840} INFO - DAG(s) 'example_time_delta_sensor_async' retrieved from /home/airflow/.local/lib/python3.9/site-packages/airflow/example_dags/example_time_delta_sensor_async.py
[2025-12-11T23:26:24.592+0000] {logging_mixin.py:188} INFO - [2025-12-11T23:26:24.592+0000] {dag.py:3096} INFO - Sync 1 DAGs
[2025-12-11T23:26:24.673+0000] {logging_mixin.py:188} INFO - [2025-12-11T23:26:24.672+0000] {dag.py:3954} INFO - Setting next_dagrun for example_time_delta_sensor_async to None, run_after=None
[2025-12-11T23:26:24.770+0000] {processor.py:183} INFO - Processing /home/airflow/.local/lib/python3.9/site-packages/airflow/example_dags/example_time_delta_sensor_async.py took 0.414 seconds
[2025-12-11T23:26:55.670+0000] {processor.py:161} INFO - Started process (PID=4664) to work on /home/airflow/.local/lib/python3.9/site-packages/airflow/example_dags/example_time_delta_sensor_async.py
[2025-12-11T23:26:55.672+0000] {processor.py:830} INFO - Processing file /home/airflow/.local/lib/python3.9/site-packages/airflow/example_dags/example_time_delta_sensor_async.py for tasks to queue
[2025-12-11T23:26:55.675+0000] {logging_mixin.py:188} INFO - [2025-12-11T23:26:55.675+0000] {dagbag.py:545} INFO - Filling up the DagBag from /home/airflow/.local/lib/python3.9/site-packages/airflow/example_dags/example_time_delta_sensor_async.py
[2025-12-11T23:26:55.694+0000] {processor.py:840} INFO - DAG(s) 'example_time_delta_sensor_async' retrieved from /home/airflow/.local/lib/python3.9/site-packages/airflow/example_dags/example_time_delta_sensor_async.py
[2025-12-11T23:26:55.758+0000] {logging_mixin.py:188} INFO - [2025-12-11T23:26:55.757+0000] {dag.py:3096} INFO - Sync 1 DAGs
[2025-12-11T23:26:55.786+0000] {logging_mixin.py:188} INFO - [2025-12-11T23:26:55.785+0000] {dag.py:3954} INFO - Setting next_dagrun for example_time_delta_sensor_async to None, run_after=None
[2025-12-11T23:26:55.824+0000] {processor.py:183} INFO - Processing /home/airflow/.local/lib/python3.9/site-packages/airflow/example_dags/example_time_delta_sensor_async.py took 0.172 seconds
[2025-12-11T23:27:25.926+0000] {processor.py:161} INFO - Started process (PID=4731) to work on /home/airflow/.local/lib/python3.9/site-packages/airflow/example_dags/example_time_delta_sensor_async.py
[2025-12-11T23:27:25.964+0000] {processor.py:830} INFO - Processing file /home/airflow/.local/lib/python3.9/site-packages/airflow/example_dags/example_time_delta_sensor_async.py for tasks to queue
[2025-12-11T23:27:25.967+0000] {logging_mixin.py:188} INFO - [2025-12-11T23:27:25.966+0000] {dagbag.py:545} INFO - Filling up the DagBag from /home/airflow/.local/lib/python3.9/site-packages/airflow/example_dags/example_time_delta_sensor_async.py
[2025-12-11T23:27:25.975+0000] {processor.py:840} INFO - DAG(s) 'example_time_delta_sensor_async' retrieved from /home/airflow/.local/lib/python3.9/site-packages/airflow/example_dags/example_time_delta_sensor_async.py
[2025-12-11T23:27:26.022+0000] {logging_mixin.py:188} INFO - [2025-12-11T23:27:26.022+0000] {dag.py:3096} INFO - Sync 1 DAGs
[2025-12-11T23:27:26.049+0000] {logging_mixin.py:188} INFO - [2025-12-11T23:27:26.048+0000] {dag.py:3954} INFO - Setting next_dagrun for example_time_delta_sensor_async to None, run_after=None
[2025-12-11T23:27:26.144+0000] {processor.py:183} INFO - Processing /home/airflow/.local/lib/python3.9/site-packages/airflow/example_dags/example_time_delta_sensor_async.py took 0.229 seconds
[2025-12-11T23:27:56.919+0000] {processor.py:161} INFO - Started process (PID=4805) to work on /home/airflow/.local/lib/python3.9/site-packages/airflow/example_dags/example_time_delta_sensor_async.py
[2025-12-11T23:27:56.921+0000] {processor.py:830} INFO - Processing file /home/airflow/.local/lib/python3.9/site-packages/airflow/example_dags/example_time_delta_sensor_async.py for tasks to queue
[2025-12-11T23:27:56.931+0000] {logging_mixin.py:188} INFO - [2025-12-11T23:27:56.930+0000] {dagbag.py:545} INFO - Filling up the DagBag from /home/airflow/.local/lib/python3.9/site-packages/airflow/example_dags/example_time_delta_sensor_async.py
[2025-12-11T23:27:56.939+0000] {processor.py:840} INFO - DAG(s) 'example_time_delta_sensor_async' retrieved from /home/airflow/.local/lib/python3.9/site-packages/airflow/example_dags/example_time_delta_sensor_async.py
[2025-12-11T23:27:57.033+0000] {logging_mixin.py:188} INFO - [2025-12-11T23:27:57.033+0000] {dag.py:3096} INFO - Sync 1 DAGs
[2025-12-11T23:27:57.095+0000] {logging_mixin.py:188} INFO - [2025-12-11T23:27:57.094+0000] {dag.py:3954} INFO - Setting next_dagrun for example_time_delta_sensor_async to None, run_after=None
[2025-12-11T23:27:57.156+0000] {processor.py:183} INFO - Processing /home/airflow/.local/lib/python3.9/site-packages/airflow/example_dags/example_time_delta_sensor_async.py took 0.255 seconds
[2025-12-11T23:28:28.017+0000] {processor.py:161} INFO - Started process (PID=4871) to work on /home/airflow/.local/lib/python3.9/site-packages/airflow/example_dags/example_time_delta_sensor_async.py
[2025-12-11T23:28:28.026+0000] {processor.py:830} INFO - Processing file /home/airflow/.local/lib/python3.9/site-packages/airflow/example_dags/example_time_delta_sensor_async.py for tasks to queue
[2025-12-11T23:28:28.032+0000] {logging_mixin.py:188} INFO - [2025-12-11T23:28:28.032+0000] {dagbag.py:545} INFO - Filling up the DagBag from /home/airflow/.local/lib/python3.9/site-packages/airflow/example_dags/example_time_delta_sensor_async.py
[2025-12-11T23:28:28.041+0000] {processor.py:840} INFO - DAG(s) 'example_time_delta_sensor_async' retrieved from /home/airflow/.local/lib/python3.9/site-packages/airflow/example_dags/example_time_delta_sensor_async.py
[2025-12-11T23:28:28.110+0000] {logging_mixin.py:188} INFO - [2025-12-11T23:28:28.109+0000] {dag.py:3096} INFO - Sync 1 DAGs
[2025-12-11T23:28:28.155+0000] {logging_mixin.py:188} INFO - [2025-12-11T23:28:28.154+0000] {dag.py:3954} INFO - Setting next_dagrun for example_time_delta_sensor_async to None, run_after=None
[2025-12-11T23:28:28.214+0000] {processor.py:183} INFO - Processing /home/airflow/.local/lib/python3.9/site-packages/airflow/example_dags/example_time_delta_sensor_async.py took 0.217 seconds
[2025-12-11T23:28:58.713+0000] {processor.py:161} INFO - Started process (PID=4938) to work on /home/airflow/.local/lib/python3.9/site-packages/airflow/example_dags/example_time_delta_sensor_async.py
[2025-12-11T23:28:58.715+0000] {processor.py:830} INFO - Processing file /home/airflow/.local/lib/python3.9/site-packages/airflow/example_dags/example_time_delta_sensor_async.py for tasks to queue
[2025-12-11T23:28:58.718+0000] {logging_mixin.py:188} INFO - [2025-12-11T23:28:58.717+0000] {dagbag.py:545} INFO - Filling up the DagBag from /home/airflow/.local/lib/python3.9/site-packages/airflow/example_dags/example_time_delta_sensor_async.py
[2025-12-11T23:28:58.726+0000] {processor.py:840} INFO - DAG(s) 'example_time_delta_sensor_async' retrieved from /home/airflow/.local/lib/python3.9/site-packages/airflow/example_dags/example_time_delta_sensor_async.py
[2025-12-11T23:28:58.779+0000] {logging_mixin.py:188} INFO - [2025-12-11T23:28:58.778+0000] {dag.py:3096} INFO - Sync 1 DAGs
[2025-12-11T23:28:58.812+0000] {logging_mixin.py:188} INFO - [2025-12-11T23:28:58.811+0000] {dag.py:3954} INFO - Setting next_dagrun for example_time_delta_sensor_async to None, run_after=None
[2025-12-11T23:28:58.854+0000] {processor.py:183} INFO - Processing /home/airflow/.local/lib/python3.9/site-packages/airflow/example_dags/example_time_delta_sensor_async.py took 0.159 seconds
[2025-12-11T23:29:28.988+0000] {processor.py:161} INFO - Started process (PID=5004) to work on /home/airflow/.local/lib/python3.9/site-packages/airflow/example_dags/example_time_delta_sensor_async.py
[2025-12-11T23:29:28.990+0000] {processor.py:830} INFO - Processing file /home/airflow/.local/lib/python3.9/site-packages/airflow/example_dags/example_time_delta_sensor_async.py for tasks to queue
[2025-12-11T23:29:28.994+0000] {logging_mixin.py:188} INFO - [2025-12-11T23:29:28.993+0000] {dagbag.py:545} INFO - Filling up the DagBag from /home/airflow/.local/lib/python3.9/site-packages/airflow/example_dags/example_time_delta_sensor_async.py
[2025-12-11T23:29:29.002+0000] {processor.py:840} INFO - DAG(s) 'example_time_delta_sensor_async' retrieved from /home/airflow/.local/lib/python3.9/site-packages/airflow/example_dags/example_time_delta_sensor_async.py
[2025-12-11T23:29:29.043+0000] {logging_mixin.py:188} INFO - [2025-12-11T23:29:29.042+0000] {dag.py:3096} INFO - Sync 1 DAGs
[2025-12-11T23:29:29.066+0000] {logging_mixin.py:188} INFO - [2025-12-11T23:29:29.066+0000] {dag.py:3954} INFO - Setting next_dagrun for example_time_delta_sensor_async to None, run_after=None
[2025-12-11T23:29:29.099+0000] {processor.py:183} INFO - Processing /home/airflow/.local/lib/python3.9/site-packages/airflow/example_dags/example_time_delta_sensor_async.py took 0.122 seconds
[2025-12-11T23:30:00.341+0000] {processor.py:161} INFO - Started process (PID=5072) to work on /home/airflow/.local/lib/python3.9/site-packages/airflow/example_dags/example_time_delta_sensor_async.py
[2025-12-11T23:30:00.425+0000] {processor.py:830} INFO - Processing file /home/airflow/.local/lib/python3.9/site-packages/airflow/example_dags/example_time_delta_sensor_async.py for tasks to queue
[2025-12-11T23:30:00.428+0000] {logging_mixin.py:188} INFO - [2025-12-11T23:30:00.428+0000] {dagbag.py:545} INFO - Filling up the DagBag from /home/airflow/.local/lib/python3.9/site-packages/airflow/example_dags/example_time_delta_sensor_async.py
[2025-12-11T23:30:00.436+0000] {processor.py:840} INFO - DAG(s) 'example_time_delta_sensor_async' retrieved from /home/airflow/.local/lib/python3.9/site-packages/airflow/example_dags/example_time_delta_sensor_async.py
[2025-12-11T23:30:00.472+0000] {logging_mixin.py:188} INFO - [2025-12-11T23:30:00.472+0000] {dag.py:3096} INFO - Sync 1 DAGs
[2025-12-11T23:30:00.496+0000] {logging_mixin.py:188} INFO - [2025-12-11T23:30:00.495+0000] {dag.py:3954} INFO - Setting next_dagrun for example_time_delta_sensor_async to None, run_after=None
[2025-12-11T23:30:00.577+0000] {processor.py:183} INFO - Processing /home/airflow/.local/lib/python3.9/site-packages/airflow/example_dags/example_time_delta_sensor_async.py took 0.247 seconds
[2025-12-11T23:30:31.339+0000] {processor.py:161} INFO - Started process (PID=5139) to work on /home/airflow/.local/lib/python3.9/site-packages/airflow/example_dags/example_time_delta_sensor_async.py
[2025-12-11T23:30:31.340+0000] {processor.py:830} INFO - Processing file /home/airflow/.local/lib/python3.9/site-packages/airflow/example_dags/example_time_delta_sensor_async.py for tasks to queue
[2025-12-11T23:30:31.350+0000] {logging_mixin.py:188} INFO - [2025-12-11T23:30:31.350+0000] {dagbag.py:545} INFO - Filling up the DagBag from /home/airflow/.local/lib/python3.9/site-packages/airflow/example_dags/example_time_delta_sensor_async.py
[2025-12-11T23:30:31.359+0000] {processor.py:840} INFO - DAG(s) 'example_time_delta_sensor_async' retrieved from /home/airflow/.local/lib/python3.9/site-packages/airflow/example_dags/example_time_delta_sensor_async.py
[2025-12-11T23:30:31.417+0000] {logging_mixin.py:188} INFO - [2025-12-11T23:30:31.417+0000] {dag.py:3096} INFO - Sync 1 DAGs
[2025-12-11T23:30:31.459+0000] {logging_mixin.py:188} INFO - [2025-12-11T23:30:31.458+0000] {dag.py:3954} INFO - Setting next_dagrun for example_time_delta_sensor_async to None, run_after=None
[2025-12-11T23:30:31.509+0000] {processor.py:183} INFO - Processing /home/airflow/.local/lib/python3.9/site-packages/airflow/example_dags/example_time_delta_sensor_async.py took 0.192 seconds
[2025-12-11T23:31:02.668+0000] {processor.py:161} INFO - Started process (PID=5207) to work on /home/airflow/.local/lib/python3.9/site-packages/airflow/example_dags/example_time_delta_sensor_async.py
[2025-12-11T23:31:02.670+0000] {processor.py:830} INFO - Processing file /home/airflow/.local/lib/python3.9/site-packages/airflow/example_dags/example_time_delta_sensor_async.py for tasks to queue
[2025-12-11T23:31:02.673+0000] {logging_mixin.py:188} INFO - [2025-12-11T23:31:02.673+0000] {dagbag.py:545} INFO - Filling up the DagBag from /home/airflow/.local/lib/python3.9/site-packages/airflow/example_dags/example_time_delta_sensor_async.py
[2025-12-11T23:31:02.682+0000] {processor.py:840} INFO - DAG(s) 'example_time_delta_sensor_async' retrieved from /home/airflow/.local/lib/python3.9/site-packages/airflow/example_dags/example_time_delta_sensor_async.py
[2025-12-11T23:31:02.721+0000] {logging_mixin.py:188} INFO - [2025-12-11T23:31:02.721+0000] {dag.py:3096} INFO - Sync 1 DAGs
[2025-12-11T23:31:02.745+0000] {logging_mixin.py:188} INFO - [2025-12-11T23:31:02.744+0000] {dag.py:3954} INFO - Setting next_dagrun for example_time_delta_sensor_async to None, run_after=None
[2025-12-11T23:31:02.779+0000] {processor.py:183} INFO - Processing /home/airflow/.local/lib/python3.9/site-packages/airflow/example_dags/example_time_delta_sensor_async.py took 0.122 seconds
[2025-12-11T23:31:32.929+0000] {processor.py:161} INFO - Started process (PID=5273) to work on /home/airflow/.local/lib/python3.9/site-packages/airflow/example_dags/example_time_delta_sensor_async.py
[2025-12-11T23:31:32.930+0000] {processor.py:830} INFO - Processing file /home/airflow/.local/lib/python3.9/site-packages/airflow/example_dags/example_time_delta_sensor_async.py for tasks to queue
[2025-12-11T23:31:32.933+0000] {logging_mixin.py:188} INFO - [2025-12-11T23:31:32.932+0000] {dagbag.py:545} INFO - Filling up the DagBag from /home/airflow/.local/lib/python3.9/site-packages/airflow/example_dags/example_time_delta_sensor_async.py
[2025-12-11T23:31:32.942+0000] {processor.py:840} INFO - DAG(s) 'example_time_delta_sensor_async' retrieved from /home/airflow/.local/lib/python3.9/site-packages/airflow/example_dags/example_time_delta_sensor_async.py
[2025-12-11T23:31:32.977+0000] {logging_mixin.py:188} INFO - [2025-12-11T23:31:32.976+0000] {dag.py:3096} INFO - Sync 1 DAGs
[2025-12-11T23:31:32.998+0000] {logging_mixin.py:188} INFO - [2025-12-11T23:31:32.997+0000] {dag.py:3954} INFO - Setting next_dagrun for example_time_delta_sensor_async to None, run_after=None
[2025-12-11T23:31:33.025+0000] {processor.py:183} INFO - Processing /home/airflow/.local/lib/python3.9/site-packages/airflow/example_dags/example_time_delta_sensor_async.py took 0.107 seconds
[2025-12-11T23:32:03.811+0000] {processor.py:161} INFO - Started process (PID=5338) to work on /home/airflow/.local/lib/python3.9/site-packages/airflow/example_dags/example_time_delta_sensor_async.py
[2025-12-11T23:32:03.812+0000] {processor.py:830} INFO - Processing file /home/airflow/.local/lib/python3.9/site-packages/airflow/example_dags/example_time_delta_sensor_async.py for tasks to queue
[2025-12-11T23:32:03.815+0000] {logging_mixin.py:188} INFO - [2025-12-11T23:32:03.814+0000] {dagbag.py:545} INFO - Filling up the DagBag from /home/airflow/.local/lib/python3.9/site-packages/airflow/example_dags/example_time_delta_sensor_async.py
[2025-12-11T23:32:03.822+0000] {processor.py:840} INFO - DAG(s) 'example_time_delta_sensor_async' retrieved from /home/airflow/.local/lib/python3.9/site-packages/airflow/example_dags/example_time_delta_sensor_async.py
[2025-12-11T23:32:03.866+0000] {logging_mixin.py:188} INFO - [2025-12-11T23:32:03.866+0000] {dag.py:3096} INFO - Sync 1 DAGs
[2025-12-11T23:32:03.892+0000] {logging_mixin.py:188} INFO - [2025-12-11T23:32:03.891+0000] {dag.py:3954} INFO - Setting next_dagrun for example_time_delta_sensor_async to None, run_after=None
[2025-12-11T23:32:03.922+0000] {processor.py:183} INFO - Processing /home/airflow/.local/lib/python3.9/site-packages/airflow/example_dags/example_time_delta_sensor_async.py took 0.125 seconds
[2025-12-11T23:32:34.535+0000] {processor.py:161} INFO - Started process (PID=5405) to work on /home/airflow/.local/lib/python3.9/site-packages/airflow/example_dags/example_time_delta_sensor_async.py
[2025-12-11T23:32:34.537+0000] {processor.py:830} INFO - Processing file /home/airflow/.local/lib/python3.9/site-packages/airflow/example_dags/example_time_delta_sensor_async.py for tasks to queue
[2025-12-11T23:32:34.540+0000] {logging_mixin.py:188} INFO - [2025-12-11T23:32:34.539+0000] {dagbag.py:545} INFO - Filling up the DagBag from /home/airflow/.local/lib/python3.9/site-packages/airflow/example_dags/example_time_delta_sensor_async.py
[2025-12-11T23:32:34.548+0000] {processor.py:840} INFO - DAG(s) 'example_time_delta_sensor_async' retrieved from /home/airflow/.local/lib/python3.9/site-packages/airflow/example_dags/example_time_delta_sensor_async.py
[2025-12-11T23:32:34.592+0000] {logging_mixin.py:188} INFO - [2025-12-11T23:32:34.592+0000] {dag.py:3096} INFO - Sync 1 DAGs
[2025-12-11T23:32:34.619+0000] {logging_mixin.py:188} INFO - [2025-12-11T23:32:34.618+0000] {dag.py:3954} INFO - Setting next_dagrun for example_time_delta_sensor_async to None, run_after=None
[2025-12-11T23:32:34.652+0000] {processor.py:183} INFO - Processing /home/airflow/.local/lib/python3.9/site-packages/airflow/example_dags/example_time_delta_sensor_async.py took 0.131 seconds
[2025-12-11T23:33:04.977+0000] {processor.py:161} INFO - Started process (PID=5479) to work on /home/airflow/.local/lib/python3.9/site-packages/airflow/example_dags/example_time_delta_sensor_async.py
[2025-12-11T23:33:04.979+0000] {processor.py:830} INFO - Processing file /home/airflow/.local/lib/python3.9/site-packages/airflow/example_dags/example_time_delta_sensor_async.py for tasks to queue
[2025-12-11T23:33:04.991+0000] {logging_mixin.py:188} INFO - [2025-12-11T23:33:04.990+0000] {dagbag.py:545} INFO - Filling up the DagBag from /home/airflow/.local/lib/python3.9/site-packages/airflow/example_dags/example_time_delta_sensor_async.py
[2025-12-11T23:33:05.001+0000] {processor.py:840} INFO - DAG(s) 'example_time_delta_sensor_async' retrieved from /home/airflow/.local/lib/python3.9/site-packages/airflow/example_dags/example_time_delta_sensor_async.py
[2025-12-11T23:33:05.058+0000] {logging_mixin.py:188} INFO - [2025-12-11T23:33:05.057+0000] {dag.py:3096} INFO - Sync 1 DAGs
[2025-12-11T23:33:05.094+0000] {logging_mixin.py:188} INFO - [2025-12-11T23:33:05.094+0000] {dag.py:3954} INFO - Setting next_dagrun for example_time_delta_sensor_async to None, run_after=None
[2025-12-11T23:33:05.141+0000] {processor.py:183} INFO - Processing /home/airflow/.local/lib/python3.9/site-packages/airflow/example_dags/example_time_delta_sensor_async.py took 0.181 seconds
[2025-12-11T23:33:35.218+0000] {processor.py:161} INFO - Started process (PID=5546) to work on /home/airflow/.local/lib/python3.9/site-packages/airflow/example_dags/example_time_delta_sensor_async.py
[2025-12-11T23:33:35.220+0000] {processor.py:830} INFO - Processing file /home/airflow/.local/lib/python3.9/site-packages/airflow/example_dags/example_time_delta_sensor_async.py for tasks to queue
[2025-12-11T23:33:35.230+0000] {logging_mixin.py:188} INFO - [2025-12-11T23:33:35.229+0000] {dagbag.py:545} INFO - Filling up the DagBag from /home/airflow/.local/lib/python3.9/site-packages/airflow/example_dags/example_time_delta_sensor_async.py
[2025-12-11T23:33:35.237+0000] {processor.py:840} INFO - DAG(s) 'example_time_delta_sensor_async' retrieved from /home/airflow/.local/lib/python3.9/site-packages/airflow/example_dags/example_time_delta_sensor_async.py
[2025-12-11T23:33:35.297+0000] {logging_mixin.py:188} INFO - [2025-12-11T23:33:35.296+0000] {dag.py:3096} INFO - Sync 1 DAGs
[2025-12-11T23:33:35.330+0000] {logging_mixin.py:188} INFO - [2025-12-11T23:33:35.330+0000] {dag.py:3954} INFO - Setting next_dagrun for example_time_delta_sensor_async to None, run_after=None
[2025-12-11T23:33:35.373+0000] {processor.py:183} INFO - Processing /home/airflow/.local/lib/python3.9/site-packages/airflow/example_dags/example_time_delta_sensor_async.py took 0.173 seconds
[2025-12-11T23:34:05.893+0000] {processor.py:161} INFO - Started process (PID=5613) to work on /home/airflow/.local/lib/python3.9/site-packages/airflow/example_dags/example_time_delta_sensor_async.py
[2025-12-11T23:34:05.901+0000] {processor.py:830} INFO - Processing file /home/airflow/.local/lib/python3.9/site-packages/airflow/example_dags/example_time_delta_sensor_async.py for tasks to queue
[2025-12-11T23:34:05.911+0000] {logging_mixin.py:188} INFO - [2025-12-11T23:34:05.910+0000] {dagbag.py:545} INFO - Filling up the DagBag from /home/airflow/.local/lib/python3.9/site-packages/airflow/example_dags/example_time_delta_sensor_async.py
[2025-12-11T23:34:05.919+0000] {processor.py:840} INFO - DAG(s) 'example_time_delta_sensor_async' retrieved from /home/airflow/.local/lib/python3.9/site-packages/airflow/example_dags/example_time_delta_sensor_async.py
[2025-12-11T23:34:05.982+0000] {logging_mixin.py:188} INFO - [2025-12-11T23:34:05.981+0000] {dag.py:3096} INFO - Sync 1 DAGs
[2025-12-11T23:34:06.017+0000] {logging_mixin.py:188} INFO - [2025-12-11T23:34:06.016+0000] {dag.py:3954} INFO - Setting next_dagrun for example_time_delta_sensor_async to None, run_after=None
[2025-12-11T23:34:06.075+0000] {processor.py:183} INFO - Processing /home/airflow/.local/lib/python3.9/site-packages/airflow/example_dags/example_time_delta_sensor_async.py took 0.201 seconds
[2025-12-11T23:34:36.485+0000] {processor.py:161} INFO - Started process (PID=5680) to work on /home/airflow/.local/lib/python3.9/site-packages/airflow/example_dags/example_time_delta_sensor_async.py
[2025-12-11T23:34:36.490+0000] {processor.py:830} INFO - Processing file /home/airflow/.local/lib/python3.9/site-packages/airflow/example_dags/example_time_delta_sensor_async.py for tasks to queue
[2025-12-11T23:34:36.493+0000] {logging_mixin.py:188} INFO - [2025-12-11T23:34:36.492+0000] {dagbag.py:545} INFO - Filling up the DagBag from /home/airflow/.local/lib/python3.9/site-packages/airflow/example_dags/example_time_delta_sensor_async.py
[2025-12-11T23:34:36.501+0000] {processor.py:840} INFO - DAG(s) 'example_time_delta_sensor_async' retrieved from /home/airflow/.local/lib/python3.9/site-packages/airflow/example_dags/example_time_delta_sensor_async.py
[2025-12-11T23:34:36.540+0000] {logging_mixin.py:188} INFO - [2025-12-11T23:34:36.539+0000] {dag.py:3096} INFO - Sync 1 DAGs
[2025-12-11T23:34:36.560+0000] {logging_mixin.py:188} INFO - [2025-12-11T23:34:36.560+0000] {dag.py:3954} INFO - Setting next_dagrun for example_time_delta_sensor_async to None, run_after=None
[2025-12-11T23:34:36.611+0000] {processor.py:183} INFO - Processing /home/airflow/.local/lib/python3.9/site-packages/airflow/example_dags/example_time_delta_sensor_async.py took 0.137 seconds
[2025-12-11T23:35:07.759+0000] {processor.py:161} INFO - Started process (PID=5747) to work on /home/airflow/.local/lib/python3.9/site-packages/airflow/example_dags/example_time_delta_sensor_async.py
[2025-12-11T23:35:07.770+0000] {processor.py:830} INFO - Processing file /home/airflow/.local/lib/python3.9/site-packages/airflow/example_dags/example_time_delta_sensor_async.py for tasks to queue
[2025-12-11T23:35:07.772+0000] {logging_mixin.py:188} INFO - [2025-12-11T23:35:07.772+0000] {dagbag.py:545} INFO - Filling up the DagBag from /home/airflow/.local/lib/python3.9/site-packages/airflow/example_dags/example_time_delta_sensor_async.py
[2025-12-11T23:35:07.795+0000] {processor.py:840} INFO - DAG(s) 'example_time_delta_sensor_async' retrieved from /home/airflow/.local/lib/python3.9/site-packages/airflow/example_dags/example_time_delta_sensor_async.py
[2025-12-11T23:35:07.875+0000] {logging_mixin.py:188} INFO - [2025-12-11T23:35:07.874+0000] {dag.py:3096} INFO - Sync 1 DAGs
[2025-12-11T23:35:07.933+0000] {logging_mixin.py:188} INFO - [2025-12-11T23:35:07.932+0000] {dag.py:3954} INFO - Setting next_dagrun for example_time_delta_sensor_async to None, run_after=None
[2025-12-11T23:35:07.996+0000] {processor.py:183} INFO - Processing /home/airflow/.local/lib/python3.9/site-packages/airflow/example_dags/example_time_delta_sensor_async.py took 0.258 seconds
[2025-12-11T23:35:38.370+0000] {processor.py:161} INFO - Started process (PID=5813) to work on /home/airflow/.local/lib/python3.9/site-packages/airflow/example_dags/example_time_delta_sensor_async.py
[2025-12-11T23:35:38.372+0000] {processor.py:830} INFO - Processing file /home/airflow/.local/lib/python3.9/site-packages/airflow/example_dags/example_time_delta_sensor_async.py for tasks to queue
[2025-12-11T23:35:38.375+0000] {logging_mixin.py:188} INFO - [2025-12-11T23:35:38.374+0000] {dagbag.py:545} INFO - Filling up the DagBag from /home/airflow/.local/lib/python3.9/site-packages/airflow/example_dags/example_time_delta_sensor_async.py
[2025-12-11T23:35:38.394+0000] {processor.py:840} INFO - DAG(s) 'example_time_delta_sensor_async' retrieved from /home/airflow/.local/lib/python3.9/site-packages/airflow/example_dags/example_time_delta_sensor_async.py
[2025-12-11T23:35:38.475+0000] {logging_mixin.py:188} INFO - [2025-12-11T23:35:38.475+0000] {dag.py:3096} INFO - Sync 1 DAGs
[2025-12-11T23:35:38.531+0000] {logging_mixin.py:188} INFO - [2025-12-11T23:35:38.531+0000] {dag.py:3954} INFO - Setting next_dagrun for example_time_delta_sensor_async to None, run_after=None
[2025-12-11T23:35:38.596+0000] {processor.py:183} INFO - Processing /home/airflow/.local/lib/python3.9/site-packages/airflow/example_dags/example_time_delta_sensor_async.py took 0.257 seconds
[2025-12-11T23:36:09.774+0000] {processor.py:161} INFO - Started process (PID=5880) to work on /home/airflow/.local/lib/python3.9/site-packages/airflow/example_dags/example_time_delta_sensor_async.py
[2025-12-11T23:36:09.776+0000] {processor.py:830} INFO - Processing file /home/airflow/.local/lib/python3.9/site-packages/airflow/example_dags/example_time_delta_sensor_async.py for tasks to queue
[2025-12-11T23:36:09.793+0000] {logging_mixin.py:188} INFO - [2025-12-11T23:36:09.792+0000] {dagbag.py:545} INFO - Filling up the DagBag from /home/airflow/.local/lib/python3.9/site-packages/airflow/example_dags/example_time_delta_sensor_async.py
[2025-12-11T23:36:09.830+0000] {processor.py:840} INFO - DAG(s) 'example_time_delta_sensor_async' retrieved from /home/airflow/.local/lib/python3.9/site-packages/airflow/example_dags/example_time_delta_sensor_async.py
[2025-12-11T23:36:09.914+0000] {logging_mixin.py:188} INFO - [2025-12-11T23:36:09.914+0000] {dag.py:3096} INFO - Sync 1 DAGs
[2025-12-11T23:36:09.951+0000] {logging_mixin.py:188} INFO - [2025-12-11T23:36:09.950+0000] {dag.py:3954} INFO - Setting next_dagrun for example_time_delta_sensor_async to None, run_after=None
[2025-12-11T23:36:10.032+0000] {processor.py:183} INFO - Processing /home/airflow/.local/lib/python3.9/site-packages/airflow/example_dags/example_time_delta_sensor_async.py took 0.296 seconds
[2025-12-11T23:36:40.274+0000] {processor.py:161} INFO - Started process (PID=5948) to work on /home/airflow/.local/lib/python3.9/site-packages/airflow/example_dags/example_time_delta_sensor_async.py
[2025-12-11T23:36:40.275+0000] {processor.py:830} INFO - Processing file /home/airflow/.local/lib/python3.9/site-packages/airflow/example_dags/example_time_delta_sensor_async.py for tasks to queue
[2025-12-11T23:36:40.291+0000] {logging_mixin.py:188} INFO - [2025-12-11T23:36:40.290+0000] {dagbag.py:545} INFO - Filling up the DagBag from /home/airflow/.local/lib/python3.9/site-packages/airflow/example_dags/example_time_delta_sensor_async.py
[2025-12-11T23:36:40.299+0000] {processor.py:840} INFO - DAG(s) 'example_time_delta_sensor_async' retrieved from /home/airflow/.local/lib/python3.9/site-packages/airflow/example_dags/example_time_delta_sensor_async.py
[2025-12-11T23:36:40.395+0000] {logging_mixin.py:188} INFO - [2025-12-11T23:36:40.394+0000] {dag.py:3096} INFO - Sync 1 DAGs
[2025-12-11T23:36:40.436+0000] {logging_mixin.py:188} INFO - [2025-12-11T23:36:40.436+0000] {dag.py:3954} INFO - Setting next_dagrun for example_time_delta_sensor_async to None, run_after=None
[2025-12-11T23:36:40.530+0000] {processor.py:183} INFO - Processing /home/airflow/.local/lib/python3.9/site-packages/airflow/example_dags/example_time_delta_sensor_async.py took 0.275 seconds
[2025-12-11T23:37:10.833+0000] {processor.py:161} INFO - Started process (PID=6015) to work on /home/airflow/.local/lib/python3.9/site-packages/airflow/example_dags/example_time_delta_sensor_async.py
[2025-12-11T23:37:10.835+0000] {processor.py:830} INFO - Processing file /home/airflow/.local/lib/python3.9/site-packages/airflow/example_dags/example_time_delta_sensor_async.py for tasks to queue
[2025-12-11T23:37:10.838+0000] {logging_mixin.py:188} INFO - [2025-12-11T23:37:10.838+0000] {dagbag.py:545} INFO - Filling up the DagBag from /home/airflow/.local/lib/python3.9/site-packages/airflow/example_dags/example_time_delta_sensor_async.py
[2025-12-11T23:37:10.855+0000] {processor.py:840} INFO - DAG(s) 'example_time_delta_sensor_async' retrieved from /home/airflow/.local/lib/python3.9/site-packages/airflow/example_dags/example_time_delta_sensor_async.py
[2025-12-11T23:37:10.937+0000] {logging_mixin.py:188} INFO - [2025-12-11T23:37:10.937+0000] {dag.py:3096} INFO - Sync 1 DAGs
[2025-12-11T23:37:11.011+0000] {logging_mixin.py:188} INFO - [2025-12-11T23:37:11.011+0000] {dag.py:3954} INFO - Setting next_dagrun for example_time_delta_sensor_async to None, run_after=None
[2025-12-11T23:37:11.091+0000] {processor.py:183} INFO - Processing /home/airflow/.local/lib/python3.9/site-packages/airflow/example_dags/example_time_delta_sensor_async.py took 0.277 seconds
[2025-12-11T23:37:41.840+0000] {processor.py:161} INFO - Started process (PID=6082) to work on /home/airflow/.local/lib/python3.9/site-packages/airflow/example_dags/example_time_delta_sensor_async.py
[2025-12-11T23:37:41.850+0000] {processor.py:830} INFO - Processing file /home/airflow/.local/lib/python3.9/site-packages/airflow/example_dags/example_time_delta_sensor_async.py for tasks to queue
[2025-12-11T23:37:41.853+0000] {logging_mixin.py:188} INFO - [2025-12-11T23:37:41.853+0000] {dagbag.py:545} INFO - Filling up the DagBag from /home/airflow/.local/lib/python3.9/site-packages/airflow/example_dags/example_time_delta_sensor_async.py
[2025-12-11T23:37:41.875+0000] {processor.py:840} INFO - DAG(s) 'example_time_delta_sensor_async' retrieved from /home/airflow/.local/lib/python3.9/site-packages/airflow/example_dags/example_time_delta_sensor_async.py
[2025-12-11T23:37:41.992+0000] {logging_mixin.py:188} INFO - [2025-12-11T23:37:41.991+0000] {dag.py:3096} INFO - Sync 1 DAGs
[2025-12-11T23:37:42.042+0000] {logging_mixin.py:188} INFO - [2025-12-11T23:37:42.041+0000] {dag.py:3954} INFO - Setting next_dagrun for example_time_delta_sensor_async to None, run_after=None
[2025-12-11T23:37:42.123+0000] {processor.py:183} INFO - Processing /home/airflow/.local/lib/python3.9/site-packages/airflow/example_dags/example_time_delta_sensor_async.py took 0.308 seconds
[2025-12-11T23:38:12.599+0000] {processor.py:161} INFO - Started process (PID=6149) to work on /home/airflow/.local/lib/python3.9/site-packages/airflow/example_dags/example_time_delta_sensor_async.py
[2025-12-11T23:38:12.603+0000] {processor.py:830} INFO - Processing file /home/airflow/.local/lib/python3.9/site-packages/airflow/example_dags/example_time_delta_sensor_async.py for tasks to queue
[2025-12-11T23:38:12.612+0000] {logging_mixin.py:188} INFO - [2025-12-11T23:38:12.612+0000] {dagbag.py:545} INFO - Filling up the DagBag from /home/airflow/.local/lib/python3.9/site-packages/airflow/example_dags/example_time_delta_sensor_async.py
[2025-12-11T23:38:12.632+0000] {processor.py:840} INFO - DAG(s) 'example_time_delta_sensor_async' retrieved from /home/airflow/.local/lib/python3.9/site-packages/airflow/example_dags/example_time_delta_sensor_async.py
[2025-12-11T23:38:12.740+0000] {logging_mixin.py:188} INFO - [2025-12-11T23:38:12.739+0000] {dag.py:3096} INFO - Sync 1 DAGs
[2025-12-11T23:38:12.797+0000] {logging_mixin.py:188} INFO - [2025-12-11T23:38:12.796+0000] {dag.py:3954} INFO - Setting next_dagrun for example_time_delta_sensor_async to None, run_after=None
[2025-12-11T23:38:12.856+0000] {processor.py:183} INFO - Processing /home/airflow/.local/lib/python3.9/site-packages/airflow/example_dags/example_time_delta_sensor_async.py took 0.275 seconds
[2025-12-11T23:38:43.870+0000] {processor.py:161} INFO - Started process (PID=6216) to work on /home/airflow/.local/lib/python3.9/site-packages/airflow/example_dags/example_time_delta_sensor_async.py
[2025-12-11T23:38:43.877+0000] {processor.py:830} INFO - Processing file /home/airflow/.local/lib/python3.9/site-packages/airflow/example_dags/example_time_delta_sensor_async.py for tasks to queue
[2025-12-11T23:38:43.880+0000] {logging_mixin.py:188} INFO - [2025-12-11T23:38:43.880+0000] {dagbag.py:545} INFO - Filling up the DagBag from /home/airflow/.local/lib/python3.9/site-packages/airflow/example_dags/example_time_delta_sensor_async.py
[2025-12-11T23:38:43.894+0000] {processor.py:840} INFO - DAG(s) 'example_time_delta_sensor_async' retrieved from /home/airflow/.local/lib/python3.9/site-packages/airflow/example_dags/example_time_delta_sensor_async.py
[2025-12-11T23:38:43.961+0000] {logging_mixin.py:188} INFO - [2025-12-11T23:38:43.960+0000] {dag.py:3096} INFO - Sync 1 DAGs
[2025-12-11T23:38:43.998+0000] {logging_mixin.py:188} INFO - [2025-12-11T23:38:43.997+0000] {dag.py:3954} INFO - Setting next_dagrun for example_time_delta_sensor_async to None, run_after=None
[2025-12-11T23:38:44.372+0000] {processor.py:183} INFO - Processing /home/airflow/.local/lib/python3.9/site-packages/airflow/example_dags/example_time_delta_sensor_async.py took 0.521 seconds
[2025-12-11T23:39:14.917+0000] {processor.py:161} INFO - Started process (PID=6283) to work on /home/airflow/.local/lib/python3.9/site-packages/airflow/example_dags/example_time_delta_sensor_async.py
[2025-12-11T23:39:14.931+0000] {processor.py:830} INFO - Processing file /home/airflow/.local/lib/python3.9/site-packages/airflow/example_dags/example_time_delta_sensor_async.py for tasks to queue
[2025-12-11T23:39:14.940+0000] {logging_mixin.py:188} INFO - [2025-12-11T23:39:14.939+0000] {dagbag.py:545} INFO - Filling up the DagBag from /home/airflow/.local/lib/python3.9/site-packages/airflow/example_dags/example_time_delta_sensor_async.py
[2025-12-11T23:39:14.954+0000] {processor.py:840} INFO - DAG(s) 'example_time_delta_sensor_async' retrieved from /home/airflow/.local/lib/python3.9/site-packages/airflow/example_dags/example_time_delta_sensor_async.py
[2025-12-11T23:39:15.022+0000] {logging_mixin.py:188} INFO - [2025-12-11T23:39:15.021+0000] {dag.py:3096} INFO - Sync 1 DAGs
[2025-12-11T23:39:15.063+0000] {logging_mixin.py:188} INFO - [2025-12-11T23:39:15.063+0000] {dag.py:3954} INFO - Setting next_dagrun for example_time_delta_sensor_async to None, run_after=None
[2025-12-11T23:39:15.375+0000] {processor.py:183} INFO - Processing /home/airflow/.local/lib/python3.9/site-packages/airflow/example_dags/example_time_delta_sensor_async.py took 0.478 seconds
[2025-12-11T23:39:45.518+0000] {processor.py:161} INFO - Started process (PID=6350) to work on /home/airflow/.local/lib/python3.9/site-packages/airflow/example_dags/example_time_delta_sensor_async.py
[2025-12-11T23:39:45.525+0000] {processor.py:830} INFO - Processing file /home/airflow/.local/lib/python3.9/site-packages/airflow/example_dags/example_time_delta_sensor_async.py for tasks to queue
[2025-12-11T23:39:45.531+0000] {logging_mixin.py:188} INFO - [2025-12-11T23:39:45.531+0000] {dagbag.py:545} INFO - Filling up the DagBag from /home/airflow/.local/lib/python3.9/site-packages/airflow/example_dags/example_time_delta_sensor_async.py
[2025-12-11T23:39:45.541+0000] {processor.py:840} INFO - DAG(s) 'example_time_delta_sensor_async' retrieved from /home/airflow/.local/lib/python3.9/site-packages/airflow/example_dags/example_time_delta_sensor_async.py
[2025-12-11T23:39:45.578+0000] {logging_mixin.py:188} INFO - [2025-12-11T23:39:45.578+0000] {dag.py:3096} INFO - Sync 1 DAGs
[2025-12-11T23:39:45.601+0000] {logging_mixin.py:188} INFO - [2025-12-11T23:39:45.600+0000] {dag.py:3954} INFO - Setting next_dagrun for example_time_delta_sensor_async to None, run_after=None
[2025-12-11T23:39:45.632+0000] {processor.py:183} INFO - Processing /home/airflow/.local/lib/python3.9/site-packages/airflow/example_dags/example_time_delta_sensor_async.py took 0.135 seconds
[2025-12-11T23:40:16.654+0000] {processor.py:161} INFO - Started process (PID=6417) to work on /home/airflow/.local/lib/python3.9/site-packages/airflow/example_dags/example_time_delta_sensor_async.py
[2025-12-11T23:40:16.660+0000] {processor.py:830} INFO - Processing file /home/airflow/.local/lib/python3.9/site-packages/airflow/example_dags/example_time_delta_sensor_async.py for tasks to queue
[2025-12-11T23:40:16.663+0000] {logging_mixin.py:188} INFO - [2025-12-11T23:40:16.662+0000] {dagbag.py:545} INFO - Filling up the DagBag from /home/airflow/.local/lib/python3.9/site-packages/airflow/example_dags/example_time_delta_sensor_async.py
[2025-12-11T23:40:16.671+0000] {processor.py:840} INFO - DAG(s) 'example_time_delta_sensor_async' retrieved from /home/airflow/.local/lib/python3.9/site-packages/airflow/example_dags/example_time_delta_sensor_async.py
[2025-12-11T23:40:16.735+0000] {logging_mixin.py:188} INFO - [2025-12-11T23:40:16.734+0000] {dag.py:3096} INFO - Sync 1 DAGs
[2025-12-11T23:40:16.790+0000] {logging_mixin.py:188} INFO - [2025-12-11T23:40:16.789+0000] {dag.py:3954} INFO - Setting next_dagrun for example_time_delta_sensor_async to None, run_after=None
[2025-12-11T23:40:16.862+0000] {processor.py:183} INFO - Processing /home/airflow/.local/lib/python3.9/site-packages/airflow/example_dags/example_time_delta_sensor_async.py took 0.220 seconds
[2025-12-11T23:40:47.668+0000] {processor.py:161} INFO - Started process (PID=6485) to work on /home/airflow/.local/lib/python3.9/site-packages/airflow/example_dags/example_time_delta_sensor_async.py
[2025-12-11T23:40:47.671+0000] {processor.py:830} INFO - Processing file /home/airflow/.local/lib/python3.9/site-packages/airflow/example_dags/example_time_delta_sensor_async.py for tasks to queue
[2025-12-11T23:40:47.674+0000] {logging_mixin.py:188} INFO - [2025-12-11T23:40:47.673+0000] {dagbag.py:545} INFO - Filling up the DagBag from /home/airflow/.local/lib/python3.9/site-packages/airflow/example_dags/example_time_delta_sensor_async.py
[2025-12-11T23:40:47.683+0000] {processor.py:840} INFO - DAG(s) 'example_time_delta_sensor_async' retrieved from /home/airflow/.local/lib/python3.9/site-packages/airflow/example_dags/example_time_delta_sensor_async.py
[2025-12-11T23:40:47.718+0000] {logging_mixin.py:188} INFO - [2025-12-11T23:40:47.718+0000] {dag.py:3096} INFO - Sync 1 DAGs
[2025-12-11T23:40:47.739+0000] {logging_mixin.py:188} INFO - [2025-12-11T23:40:47.738+0000] {dag.py:3954} INFO - Setting next_dagrun for example_time_delta_sensor_async to None, run_after=None
[2025-12-11T23:40:47.765+0000] {processor.py:183} INFO - Processing /home/airflow/.local/lib/python3.9/site-packages/airflow/example_dags/example_time_delta_sensor_async.py took 0.109 seconds
[2025-12-11T23:41:18.069+0000] {processor.py:161} INFO - Started process (PID=6552) to work on /home/airflow/.local/lib/python3.9/site-packages/airflow/example_dags/example_time_delta_sensor_async.py
[2025-12-11T23:41:18.077+0000] {processor.py:830} INFO - Processing file /home/airflow/.local/lib/python3.9/site-packages/airflow/example_dags/example_time_delta_sensor_async.py for tasks to queue
[2025-12-11T23:41:18.080+0000] {logging_mixin.py:188} INFO - [2025-12-11T23:41:18.079+0000] {dagbag.py:545} INFO - Filling up the DagBag from /home/airflow/.local/lib/python3.9/site-packages/airflow/example_dags/example_time_delta_sensor_async.py
[2025-12-11T23:41:18.088+0000] {processor.py:840} INFO - DAG(s) 'example_time_delta_sensor_async' retrieved from /home/airflow/.local/lib/python3.9/site-packages/airflow/example_dags/example_time_delta_sensor_async.py
[2025-12-11T23:41:18.133+0000] {logging_mixin.py:188} INFO - [2025-12-11T23:41:18.132+0000] {dag.py:3096} INFO - Sync 1 DAGs
[2025-12-11T23:41:18.152+0000] {logging_mixin.py:188} INFO - [2025-12-11T23:41:18.152+0000] {dag.py:3954} INFO - Setting next_dagrun for example_time_delta_sensor_async to None, run_after=None
[2025-12-11T23:41:18.177+0000] {processor.py:183} INFO - Processing /home/airflow/.local/lib/python3.9/site-packages/airflow/example_dags/example_time_delta_sensor_async.py took 0.119 seconds
[2025-12-11T23:41:48.408+0000] {processor.py:161} INFO - Started process (PID=6619) to work on /home/airflow/.local/lib/python3.9/site-packages/airflow/example_dags/example_time_delta_sensor_async.py
[2025-12-11T23:41:48.410+0000] {processor.py:830} INFO - Processing file /home/airflow/.local/lib/python3.9/site-packages/airflow/example_dags/example_time_delta_sensor_async.py for tasks to queue
[2025-12-11T23:41:48.413+0000] {logging_mixin.py:188} INFO - [2025-12-11T23:41:48.412+0000] {dagbag.py:545} INFO - Filling up the DagBag from /home/airflow/.local/lib/python3.9/site-packages/airflow/example_dags/example_time_delta_sensor_async.py
[2025-12-11T23:41:48.421+0000] {processor.py:840} INFO - DAG(s) 'example_time_delta_sensor_async' retrieved from /home/airflow/.local/lib/python3.9/site-packages/airflow/example_dags/example_time_delta_sensor_async.py
[2025-12-11T23:41:48.457+0000] {logging_mixin.py:188} INFO - [2025-12-11T23:41:48.457+0000] {dag.py:3096} INFO - Sync 1 DAGs
[2025-12-11T23:41:48.480+0000] {logging_mixin.py:188} INFO - [2025-12-11T23:41:48.479+0000] {dag.py:3954} INFO - Setting next_dagrun for example_time_delta_sensor_async to None, run_after=None
[2025-12-11T23:41:48.507+0000] {processor.py:183} INFO - Processing /home/airflow/.local/lib/python3.9/site-packages/airflow/example_dags/example_time_delta_sensor_async.py took 0.110 seconds
[2025-12-11T23:42:18.654+0000] {processor.py:161} INFO - Started process (PID=6686) to work on /home/airflow/.local/lib/python3.9/site-packages/airflow/example_dags/example_time_delta_sensor_async.py
[2025-12-11T23:42:18.662+0000] {processor.py:830} INFO - Processing file /home/airflow/.local/lib/python3.9/site-packages/airflow/example_dags/example_time_delta_sensor_async.py for tasks to queue
[2025-12-11T23:42:18.666+0000] {logging_mixin.py:188} INFO - [2025-12-11T23:42:18.665+0000] {dagbag.py:545} INFO - Filling up the DagBag from /home/airflow/.local/lib/python3.9/site-packages/airflow/example_dags/example_time_delta_sensor_async.py
[2025-12-11T23:42:18.676+0000] {processor.py:840} INFO - DAG(s) 'example_time_delta_sensor_async' retrieved from /home/airflow/.local/lib/python3.9/site-packages/airflow/example_dags/example_time_delta_sensor_async.py
[2025-12-11T23:42:18.716+0000] {logging_mixin.py:188} INFO - [2025-12-11T23:42:18.715+0000] {dag.py:3096} INFO - Sync 1 DAGs
[2025-12-11T23:42:18.740+0000] {logging_mixin.py:188} INFO - [2025-12-11T23:42:18.740+0000] {dag.py:3954} INFO - Setting next_dagrun for example_time_delta_sensor_async to None, run_after=None
[2025-12-11T23:42:18.776+0000] {processor.py:183} INFO - Processing /home/airflow/.local/lib/python3.9/site-packages/airflow/example_dags/example_time_delta_sensor_async.py took 0.133 seconds
