[2025-12-11T22:52:15.655+0000] {processor.py:161} INFO - Started process (PID=118) to work on /home/airflow/.local/lib/python3.9/site-packages/airflow/example_dags/tutorial_objectstorage.py
[2025-12-11T22:52:15.670+0000] {processor.py:830} INFO - Processing file /home/airflow/.local/lib/python3.9/site-packages/airflow/example_dags/tutorial_objectstorage.py for tasks to queue
[2025-12-11T22:52:15.673+0000] {logging_mixin.py:188} INFO - [2025-12-11T22:52:15.673+0000] {dagbag.py:545} INFO - Filling up the DagBag from /home/airflow/.local/lib/python3.9/site-packages/airflow/example_dags/tutorial_objectstorage.py
[2025-12-11T22:52:15.774+0000] {processor.py:840} INFO - DAG(s) 'tutorial_objectstorage' retrieved from /home/airflow/.local/lib/python3.9/site-packages/airflow/example_dags/tutorial_objectstorage.py
[2025-12-11T22:52:16.732+0000] {logging_mixin.py:188} INFO - [2025-12-11T22:52:16.732+0000] {dag.py:3096} INFO - Sync 1 DAGs
[2025-12-11T22:52:16.853+0000] {logging_mixin.py:188} INFO - [2025-12-11T22:52:16.853+0000] {dag.py:3954} INFO - Setting next_dagrun for tutorial_objectstorage to None, run_after=None
[2025-12-11T22:52:17.055+0000] {processor.py:183} INFO - Processing /home/airflow/.local/lib/python3.9/site-packages/airflow/example_dags/tutorial_objectstorage.py took 1.460 seconds
[2025-12-11T22:52:53.832+0000] {processor.py:161} INFO - Started process (PID=184) to work on /home/airflow/.local/lib/python3.9/site-packages/airflow/example_dags/tutorial_objectstorage.py
[2025-12-11T22:52:53.833+0000] {processor.py:830} INFO - Processing file /home/airflow/.local/lib/python3.9/site-packages/airflow/example_dags/tutorial_objectstorage.py for tasks to queue
[2025-12-11T22:52:53.851+0000] {logging_mixin.py:188} INFO - [2025-12-11T22:52:53.850+0000] {dagbag.py:545} INFO - Filling up the DagBag from /home/airflow/.local/lib/python3.9/site-packages/airflow/example_dags/tutorial_objectstorage.py
[2025-12-11T22:52:53.891+0000] {processor.py:840} INFO - DAG(s) 'tutorial_objectstorage' retrieved from /home/airflow/.local/lib/python3.9/site-packages/airflow/example_dags/tutorial_objectstorage.py
[2025-12-11T22:52:54.090+0000] {logging_mixin.py:188} INFO - [2025-12-11T22:52:54.089+0000] {dag.py:3096} INFO - Sync 1 DAGs
[2025-12-11T22:52:54.194+0000] {logging_mixin.py:188} INFO - [2025-12-11T22:52:54.193+0000] {dag.py:3954} INFO - Setting next_dagrun for tutorial_objectstorage to None, run_after=None
[2025-12-11T22:52:54.371+0000] {processor.py:183} INFO - Processing /home/airflow/.local/lib/python3.9/site-packages/airflow/example_dags/tutorial_objectstorage.py took 0.577 seconds
[2025-12-11T22:53:24.896+0000] {processor.py:161} INFO - Started process (PID=243) to work on /home/airflow/.local/lib/python3.9/site-packages/airflow/example_dags/tutorial_objectstorage.py
[2025-12-11T22:53:24.906+0000] {processor.py:830} INFO - Processing file /home/airflow/.local/lib/python3.9/site-packages/airflow/example_dags/tutorial_objectstorage.py for tasks to queue
[2025-12-11T22:53:24.912+0000] {logging_mixin.py:188} INFO - [2025-12-11T22:53:24.911+0000] {dagbag.py:545} INFO - Filling up the DagBag from /home/airflow/.local/lib/python3.9/site-packages/airflow/example_dags/tutorial_objectstorage.py
[2025-12-11T22:53:24.935+0000] {processor.py:840} INFO - DAG(s) 'tutorial_objectstorage' retrieved from /home/airflow/.local/lib/python3.9/site-packages/airflow/example_dags/tutorial_objectstorage.py
[2025-12-11T22:53:25.211+0000] {logging_mixin.py:188} INFO - [2025-12-11T22:53:25.210+0000] {dag.py:3096} INFO - Sync 1 DAGs
[2025-12-11T22:53:25.234+0000] {logging_mixin.py:188} INFO - [2025-12-11T22:53:25.233+0000] {dag.py:3954} INFO - Setting next_dagrun for tutorial_objectstorage to None, run_after=None
[2025-12-11T22:53:25.279+0000] {processor.py:183} INFO - Processing /home/airflow/.local/lib/python3.9/site-packages/airflow/example_dags/tutorial_objectstorage.py took 0.404 seconds
[2025-12-11T22:53:57.230+0000] {processor.py:161} INFO - Started process (PID=309) to work on /home/airflow/.local/lib/python3.9/site-packages/airflow/example_dags/tutorial_objectstorage.py
[2025-12-11T22:53:57.232+0000] {processor.py:830} INFO - Processing file /home/airflow/.local/lib/python3.9/site-packages/airflow/example_dags/tutorial_objectstorage.py for tasks to queue
[2025-12-11T22:53:57.236+0000] {logging_mixin.py:188} INFO - [2025-12-11T22:53:57.235+0000] {dagbag.py:545} INFO - Filling up the DagBag from /home/airflow/.local/lib/python3.9/site-packages/airflow/example_dags/tutorial_objectstorage.py
[2025-12-11T22:53:57.259+0000] {processor.py:840} INFO - DAG(s) 'tutorial_objectstorage' retrieved from /home/airflow/.local/lib/python3.9/site-packages/airflow/example_dags/tutorial_objectstorage.py
[2025-12-11T22:53:57.350+0000] {logging_mixin.py:188} INFO - [2025-12-11T22:53:57.349+0000] {dag.py:3096} INFO - Sync 1 DAGs
[2025-12-11T22:53:57.389+0000] {logging_mixin.py:188} INFO - [2025-12-11T22:53:57.378+0000] {dag.py:3954} INFO - Setting next_dagrun for tutorial_objectstorage to None, run_after=None
[2025-12-11T22:53:57.452+0000] {processor.py:183} INFO - Processing /home/airflow/.local/lib/python3.9/site-packages/airflow/example_dags/tutorial_objectstorage.py took 0.243 seconds
[2025-12-11T22:54:28.374+0000] {processor.py:161} INFO - Started process (PID=375) to work on /home/airflow/.local/lib/python3.9/site-packages/airflow/example_dags/tutorial_objectstorage.py
[2025-12-11T22:54:28.376+0000] {processor.py:830} INFO - Processing file /home/airflow/.local/lib/python3.9/site-packages/airflow/example_dags/tutorial_objectstorage.py for tasks to queue
[2025-12-11T22:54:28.393+0000] {logging_mixin.py:188} INFO - [2025-12-11T22:54:28.392+0000] {dagbag.py:545} INFO - Filling up the DagBag from /home/airflow/.local/lib/python3.9/site-packages/airflow/example_dags/tutorial_objectstorage.py
[2025-12-11T22:54:28.414+0000] {processor.py:840} INFO - DAG(s) 'tutorial_objectstorage' retrieved from /home/airflow/.local/lib/python3.9/site-packages/airflow/example_dags/tutorial_objectstorage.py
[2025-12-11T22:54:28.510+0000] {logging_mixin.py:188} INFO - [2025-12-11T22:54:28.509+0000] {dag.py:3096} INFO - Sync 1 DAGs
[2025-12-11T22:54:28.555+0000] {logging_mixin.py:188} INFO - [2025-12-11T22:54:28.554+0000] {dag.py:3954} INFO - Setting next_dagrun for tutorial_objectstorage to None, run_after=None
[2025-12-11T22:54:28.710+0000] {processor.py:183} INFO - Processing /home/airflow/.local/lib/python3.9/site-packages/airflow/example_dags/tutorial_objectstorage.py took 0.359 seconds
[2025-12-11T22:54:59.433+0000] {processor.py:161} INFO - Started process (PID=434) to work on /home/airflow/.local/lib/python3.9/site-packages/airflow/example_dags/tutorial_objectstorage.py
[2025-12-11T22:54:59.435+0000] {processor.py:830} INFO - Processing file /home/airflow/.local/lib/python3.9/site-packages/airflow/example_dags/tutorial_objectstorage.py for tasks to queue
[2025-12-11T22:54:59.452+0000] {logging_mixin.py:188} INFO - [2025-12-11T22:54:59.451+0000] {dagbag.py:545} INFO - Filling up the DagBag from /home/airflow/.local/lib/python3.9/site-packages/airflow/example_dags/tutorial_objectstorage.py
[2025-12-11T22:54:59.492+0000] {processor.py:840} INFO - DAG(s) 'tutorial_objectstorage' retrieved from /home/airflow/.local/lib/python3.9/site-packages/airflow/example_dags/tutorial_objectstorage.py
[2025-12-11T22:54:59.577+0000] {logging_mixin.py:188} INFO - [2025-12-11T22:54:59.576+0000] {dag.py:3096} INFO - Sync 1 DAGs
[2025-12-11T22:54:59.610+0000] {logging_mixin.py:188} INFO - [2025-12-11T22:54:59.610+0000] {dag.py:3954} INFO - Setting next_dagrun for tutorial_objectstorage to None, run_after=None
[2025-12-11T22:54:59.658+0000] {processor.py:183} INFO - Processing /home/airflow/.local/lib/python3.9/site-packages/airflow/example_dags/tutorial_objectstorage.py took 0.244 seconds
[2025-12-11T22:55:29.776+0000] {processor.py:161} INFO - Started process (PID=500) to work on /home/airflow/.local/lib/python3.9/site-packages/airflow/example_dags/tutorial_objectstorage.py
[2025-12-11T22:55:29.778+0000] {processor.py:830} INFO - Processing file /home/airflow/.local/lib/python3.9/site-packages/airflow/example_dags/tutorial_objectstorage.py for tasks to queue
[2025-12-11T22:55:29.781+0000] {logging_mixin.py:188} INFO - [2025-12-11T22:55:29.781+0000] {dagbag.py:545} INFO - Filling up the DagBag from /home/airflow/.local/lib/python3.9/site-packages/airflow/example_dags/tutorial_objectstorage.py
[2025-12-11T22:55:29.794+0000] {processor.py:840} INFO - DAG(s) 'tutorial_objectstorage' retrieved from /home/airflow/.local/lib/python3.9/site-packages/airflow/example_dags/tutorial_objectstorage.py
[2025-12-11T22:55:29.829+0000] {logging_mixin.py:188} INFO - [2025-12-11T22:55:29.828+0000] {dag.py:3096} INFO - Sync 1 DAGs
[2025-12-11T22:55:29.848+0000] {logging_mixin.py:188} INFO - [2025-12-11T22:55:29.848+0000] {dag.py:3954} INFO - Setting next_dagrun for tutorial_objectstorage to None, run_after=None
[2025-12-11T22:55:29.874+0000] {processor.py:183} INFO - Processing /home/airflow/.local/lib/python3.9/site-packages/airflow/example_dags/tutorial_objectstorage.py took 0.109 seconds
[2025-12-11T22:55:59.961+0000] {processor.py:161} INFO - Started process (PID=566) to work on /home/airflow/.local/lib/python3.9/site-packages/airflow/example_dags/tutorial_objectstorage.py
[2025-12-11T22:55:59.963+0000] {processor.py:830} INFO - Processing file /home/airflow/.local/lib/python3.9/site-packages/airflow/example_dags/tutorial_objectstorage.py for tasks to queue
[2025-12-11T22:55:59.971+0000] {logging_mixin.py:188} INFO - [2025-12-11T22:55:59.971+0000] {dagbag.py:545} INFO - Filling up the DagBag from /home/airflow/.local/lib/python3.9/site-packages/airflow/example_dags/tutorial_objectstorage.py
[2025-12-11T22:55:59.994+0000] {processor.py:840} INFO - DAG(s) 'tutorial_objectstorage' retrieved from /home/airflow/.local/lib/python3.9/site-packages/airflow/example_dags/tutorial_objectstorage.py
[2025-12-11T22:56:00.046+0000] {logging_mixin.py:188} INFO - [2025-12-11T22:56:00.045+0000] {dag.py:3096} INFO - Sync 1 DAGs
[2025-12-11T22:56:00.073+0000] {logging_mixin.py:188} INFO - [2025-12-11T22:56:00.072+0000] {dag.py:3954} INFO - Setting next_dagrun for tutorial_objectstorage to None, run_after=None
[2025-12-11T22:56:00.107+0000] {processor.py:183} INFO - Processing /home/airflow/.local/lib/python3.9/site-packages/airflow/example_dags/tutorial_objectstorage.py took 0.157 seconds
[2025-12-11T22:56:30.336+0000] {processor.py:161} INFO - Started process (PID=632) to work on /home/airflow/.local/lib/python3.9/site-packages/airflow/example_dags/tutorial_objectstorage.py
[2025-12-11T22:56:30.338+0000] {processor.py:830} INFO - Processing file /home/airflow/.local/lib/python3.9/site-packages/airflow/example_dags/tutorial_objectstorage.py for tasks to queue
[2025-12-11T22:56:30.341+0000] {logging_mixin.py:188} INFO - [2025-12-11T22:56:30.340+0000] {dagbag.py:545} INFO - Filling up the DagBag from /home/airflow/.local/lib/python3.9/site-packages/airflow/example_dags/tutorial_objectstorage.py
[2025-12-11T22:56:30.361+0000] {processor.py:840} INFO - DAG(s) 'tutorial_objectstorage' retrieved from /home/airflow/.local/lib/python3.9/site-packages/airflow/example_dags/tutorial_objectstorage.py
[2025-12-11T22:56:30.473+0000] {logging_mixin.py:188} INFO - [2025-12-11T22:56:30.473+0000] {dag.py:3096} INFO - Sync 1 DAGs
[2025-12-11T22:56:30.516+0000] {logging_mixin.py:188} INFO - [2025-12-11T22:56:30.516+0000] {dag.py:3954} INFO - Setting next_dagrun for tutorial_objectstorage to None, run_after=None
[2025-12-11T22:56:30.577+0000] {processor.py:183} INFO - Processing /home/airflow/.local/lib/python3.9/site-packages/airflow/example_dags/tutorial_objectstorage.py took 0.263 seconds
[2025-12-11T22:57:00.918+0000] {processor.py:161} INFO - Started process (PID=698) to work on /home/airflow/.local/lib/python3.9/site-packages/airflow/example_dags/tutorial_objectstorage.py
[2025-12-11T22:57:00.926+0000] {processor.py:830} INFO - Processing file /home/airflow/.local/lib/python3.9/site-packages/airflow/example_dags/tutorial_objectstorage.py for tasks to queue
[2025-12-11T22:57:00.931+0000] {logging_mixin.py:188} INFO - [2025-12-11T22:57:00.930+0000] {dagbag.py:545} INFO - Filling up the DagBag from /home/airflow/.local/lib/python3.9/site-packages/airflow/example_dags/tutorial_objectstorage.py
[2025-12-11T22:57:00.944+0000] {processor.py:840} INFO - DAG(s) 'tutorial_objectstorage' retrieved from /home/airflow/.local/lib/python3.9/site-packages/airflow/example_dags/tutorial_objectstorage.py
[2025-12-11T22:57:01.006+0000] {logging_mixin.py:188} INFO - [2025-12-11T22:57:01.005+0000] {dag.py:3096} INFO - Sync 1 DAGs
[2025-12-11T22:57:01.052+0000] {logging_mixin.py:188} INFO - [2025-12-11T22:57:01.051+0000] {dag.py:3954} INFO - Setting next_dagrun for tutorial_objectstorage to None, run_after=None
[2025-12-11T22:57:01.151+0000] {processor.py:183} INFO - Processing /home/airflow/.local/lib/python3.9/site-packages/airflow/example_dags/tutorial_objectstorage.py took 0.257 seconds
[2025-12-11T22:57:31.510+0000] {processor.py:161} INFO - Started process (PID=764) to work on /home/airflow/.local/lib/python3.9/site-packages/airflow/example_dags/tutorial_objectstorage.py
[2025-12-11T22:57:31.512+0000] {processor.py:830} INFO - Processing file /home/airflow/.local/lib/python3.9/site-packages/airflow/example_dags/tutorial_objectstorage.py for tasks to queue
[2025-12-11T22:57:31.515+0000] {logging_mixin.py:188} INFO - [2025-12-11T22:57:31.514+0000] {dagbag.py:545} INFO - Filling up the DagBag from /home/airflow/.local/lib/python3.9/site-packages/airflow/example_dags/tutorial_objectstorage.py
[2025-12-11T22:57:31.550+0000] {processor.py:840} INFO - DAG(s) 'tutorial_objectstorage' retrieved from /home/airflow/.local/lib/python3.9/site-packages/airflow/example_dags/tutorial_objectstorage.py
[2025-12-11T22:57:31.624+0000] {logging_mixin.py:188} INFO - [2025-12-11T22:57:31.624+0000] {dag.py:3096} INFO - Sync 1 DAGs
[2025-12-11T22:57:31.655+0000] {logging_mixin.py:188} INFO - [2025-12-11T22:57:31.655+0000] {dag.py:3954} INFO - Setting next_dagrun for tutorial_objectstorage to None, run_after=None
[2025-12-11T22:57:31.687+0000] {processor.py:183} INFO - Processing /home/airflow/.local/lib/python3.9/site-packages/airflow/example_dags/tutorial_objectstorage.py took 0.212 seconds
[2025-12-11T22:58:02.694+0000] {processor.py:161} INFO - Started process (PID=837) to work on /home/airflow/.local/lib/python3.9/site-packages/airflow/example_dags/tutorial_objectstorage.py
[2025-12-11T22:58:02.710+0000] {processor.py:830} INFO - Processing file /home/airflow/.local/lib/python3.9/site-packages/airflow/example_dags/tutorial_objectstorage.py for tasks to queue
[2025-12-11T22:58:02.714+0000] {logging_mixin.py:188} INFO - [2025-12-11T22:58:02.713+0000] {dagbag.py:545} INFO - Filling up the DagBag from /home/airflow/.local/lib/python3.9/site-packages/airflow/example_dags/tutorial_objectstorage.py
[2025-12-11T22:58:02.758+0000] {processor.py:840} INFO - DAG(s) 'tutorial_objectstorage' retrieved from /home/airflow/.local/lib/python3.9/site-packages/airflow/example_dags/tutorial_objectstorage.py
[2025-12-11T22:58:02.857+0000] {logging_mixin.py:188} INFO - [2025-12-11T22:58:02.856+0000] {dag.py:3096} INFO - Sync 1 DAGs
[2025-12-11T22:58:02.893+0000] {logging_mixin.py:188} INFO - [2025-12-11T22:58:02.892+0000] {dag.py:3954} INFO - Setting next_dagrun for tutorial_objectstorage to None, run_after=None
[2025-12-11T22:58:02.938+0000] {processor.py:183} INFO - Processing /home/airflow/.local/lib/python3.9/site-packages/airflow/example_dags/tutorial_objectstorage.py took 0.287 seconds
[2025-12-11T22:58:33.438+0000] {processor.py:161} INFO - Started process (PID=903) to work on /home/airflow/.local/lib/python3.9/site-packages/airflow/example_dags/tutorial_objectstorage.py
[2025-12-11T22:58:33.440+0000] {processor.py:830} INFO - Processing file /home/airflow/.local/lib/python3.9/site-packages/airflow/example_dags/tutorial_objectstorage.py for tasks to queue
[2025-12-11T22:58:33.451+0000] {logging_mixin.py:188} INFO - [2025-12-11T22:58:33.450+0000] {dagbag.py:545} INFO - Filling up the DagBag from /home/airflow/.local/lib/python3.9/site-packages/airflow/example_dags/tutorial_objectstorage.py
[2025-12-11T22:58:33.472+0000] {processor.py:840} INFO - DAG(s) 'tutorial_objectstorage' retrieved from /home/airflow/.local/lib/python3.9/site-packages/airflow/example_dags/tutorial_objectstorage.py
[2025-12-11T22:58:33.529+0000] {logging_mixin.py:188} INFO - [2025-12-11T22:58:33.529+0000] {dag.py:3096} INFO - Sync 1 DAGs
[2025-12-11T22:58:33.557+0000] {logging_mixin.py:188} INFO - [2025-12-11T22:58:33.556+0000] {dag.py:3954} INFO - Setting next_dagrun for tutorial_objectstorage to None, run_after=None
[2025-12-11T22:58:33.610+0000] {processor.py:183} INFO - Processing /home/airflow/.local/lib/python3.9/site-packages/airflow/example_dags/tutorial_objectstorage.py took 0.189 seconds
[2025-12-11T22:59:04.378+0000] {processor.py:161} INFO - Started process (PID=969) to work on /home/airflow/.local/lib/python3.9/site-packages/airflow/example_dags/tutorial_objectstorage.py
[2025-12-11T22:59:04.380+0000] {processor.py:830} INFO - Processing file /home/airflow/.local/lib/python3.9/site-packages/airflow/example_dags/tutorial_objectstorage.py for tasks to queue
[2025-12-11T22:59:04.391+0000] {logging_mixin.py:188} INFO - [2025-12-11T22:59:04.390+0000] {dagbag.py:545} INFO - Filling up the DagBag from /home/airflow/.local/lib/python3.9/site-packages/airflow/example_dags/tutorial_objectstorage.py
[2025-12-11T22:59:04.410+0000] {processor.py:840} INFO - DAG(s) 'tutorial_objectstorage' retrieved from /home/airflow/.local/lib/python3.9/site-packages/airflow/example_dags/tutorial_objectstorage.py
[2025-12-11T22:59:04.460+0000] {logging_mixin.py:188} INFO - [2025-12-11T22:59:04.459+0000] {dag.py:3096} INFO - Sync 1 DAGs
[2025-12-11T22:59:04.491+0000] {logging_mixin.py:188} INFO - [2025-12-11T22:59:04.490+0000] {dag.py:3954} INFO - Setting next_dagrun for tutorial_objectstorage to None, run_after=None
[2025-12-11T22:59:04.540+0000] {processor.py:183} INFO - Processing /home/airflow/.local/lib/python3.9/site-packages/airflow/example_dags/tutorial_objectstorage.py took 0.180 seconds
[2025-12-11T22:59:35.220+0000] {processor.py:161} INFO - Started process (PID=1035) to work on /home/airflow/.local/lib/python3.9/site-packages/airflow/example_dags/tutorial_objectstorage.py
[2025-12-11T22:59:35.221+0000] {processor.py:830} INFO - Processing file /home/airflow/.local/lib/python3.9/site-packages/airflow/example_dags/tutorial_objectstorage.py for tasks to queue
[2025-12-11T22:59:35.230+0000] {logging_mixin.py:188} INFO - [2025-12-11T22:59:35.230+0000] {dagbag.py:545} INFO - Filling up the DagBag from /home/airflow/.local/lib/python3.9/site-packages/airflow/example_dags/tutorial_objectstorage.py
[2025-12-11T22:59:35.243+0000] {processor.py:840} INFO - DAG(s) 'tutorial_objectstorage' retrieved from /home/airflow/.local/lib/python3.9/site-packages/airflow/example_dags/tutorial_objectstorage.py
[2025-12-11T22:59:35.296+0000] {logging_mixin.py:188} INFO - [2025-12-11T22:59:35.295+0000] {dag.py:3096} INFO - Sync 1 DAGs
[2025-12-11T22:59:35.332+0000] {logging_mixin.py:188} INFO - [2025-12-11T22:59:35.332+0000] {dag.py:3954} INFO - Setting next_dagrun for tutorial_objectstorage to None, run_after=None
[2025-12-11T22:59:35.375+0000] {processor.py:183} INFO - Processing /home/airflow/.local/lib/python3.9/site-packages/airflow/example_dags/tutorial_objectstorage.py took 0.176 seconds
[2025-12-11T23:00:06.775+0000] {processor.py:161} INFO - Started process (PID=1101) to work on /home/airflow/.local/lib/python3.9/site-packages/airflow/example_dags/tutorial_objectstorage.py
[2025-12-11T23:00:06.777+0000] {processor.py:830} INFO - Processing file /home/airflow/.local/lib/python3.9/site-packages/airflow/example_dags/tutorial_objectstorage.py for tasks to queue
[2025-12-11T23:00:06.791+0000] {logging_mixin.py:188} INFO - [2025-12-11T23:00:06.791+0000] {dagbag.py:545} INFO - Filling up the DagBag from /home/airflow/.local/lib/python3.9/site-packages/airflow/example_dags/tutorial_objectstorage.py
[2025-12-11T23:00:06.811+0000] {processor.py:840} INFO - DAG(s) 'tutorial_objectstorage' retrieved from /home/airflow/.local/lib/python3.9/site-packages/airflow/example_dags/tutorial_objectstorage.py
[2025-12-11T23:00:06.900+0000] {logging_mixin.py:188} INFO - [2025-12-11T23:00:06.899+0000] {dag.py:3096} INFO - Sync 1 DAGs
[2025-12-11T23:00:06.974+0000] {logging_mixin.py:188} INFO - [2025-12-11T23:00:06.973+0000] {dag.py:3954} INFO - Setting next_dagrun for tutorial_objectstorage to None, run_after=None
[2025-12-11T23:00:07.055+0000] {processor.py:183} INFO - Processing /home/airflow/.local/lib/python3.9/site-packages/airflow/example_dags/tutorial_objectstorage.py took 0.305 seconds
[2025-12-11T23:00:37.760+0000] {processor.py:161} INFO - Started process (PID=1167) to work on /home/airflow/.local/lib/python3.9/site-packages/airflow/example_dags/tutorial_objectstorage.py
[2025-12-11T23:00:37.761+0000] {processor.py:830} INFO - Processing file /home/airflow/.local/lib/python3.9/site-packages/airflow/example_dags/tutorial_objectstorage.py for tasks to queue
[2025-12-11T23:00:37.764+0000] {logging_mixin.py:188} INFO - [2025-12-11T23:00:37.763+0000] {dagbag.py:545} INFO - Filling up the DagBag from /home/airflow/.local/lib/python3.9/site-packages/airflow/example_dags/tutorial_objectstorage.py
[2025-12-11T23:00:37.779+0000] {processor.py:840} INFO - DAG(s) 'tutorial_objectstorage' retrieved from /home/airflow/.local/lib/python3.9/site-packages/airflow/example_dags/tutorial_objectstorage.py
[2025-12-11T23:00:37.815+0000] {logging_mixin.py:188} INFO - [2025-12-11T23:00:37.815+0000] {dag.py:3096} INFO - Sync 1 DAGs
[2025-12-11T23:00:37.835+0000] {logging_mixin.py:188} INFO - [2025-12-11T23:00:37.834+0000] {dag.py:3954} INFO - Setting next_dagrun for tutorial_objectstorage to None, run_after=None
[2025-12-11T23:00:37.871+0000] {processor.py:183} INFO - Processing /home/airflow/.local/lib/python3.9/site-packages/airflow/example_dags/tutorial_objectstorage.py took 0.122 seconds
[2025-12-11T23:01:08.090+0000] {processor.py:161} INFO - Started process (PID=1233) to work on /home/airflow/.local/lib/python3.9/site-packages/airflow/example_dags/tutorial_objectstorage.py
[2025-12-11T23:01:08.099+0000] {processor.py:830} INFO - Processing file /home/airflow/.local/lib/python3.9/site-packages/airflow/example_dags/tutorial_objectstorage.py for tasks to queue
[2025-12-11T23:01:08.107+0000] {logging_mixin.py:188} INFO - [2025-12-11T23:01:08.106+0000] {dagbag.py:545} INFO - Filling up the DagBag from /home/airflow/.local/lib/python3.9/site-packages/airflow/example_dags/tutorial_objectstorage.py
[2025-12-11T23:01:08.123+0000] {processor.py:840} INFO - DAG(s) 'tutorial_objectstorage' retrieved from /home/airflow/.local/lib/python3.9/site-packages/airflow/example_dags/tutorial_objectstorage.py
[2025-12-11T23:01:08.186+0000] {logging_mixin.py:188} INFO - [2025-12-11T23:01:08.185+0000] {dag.py:3096} INFO - Sync 1 DAGs
[2025-12-11T23:01:08.220+0000] {logging_mixin.py:188} INFO - [2025-12-11T23:01:08.219+0000] {dag.py:3954} INFO - Setting next_dagrun for tutorial_objectstorage to None, run_after=None
[2025-12-11T23:01:08.263+0000] {processor.py:183} INFO - Processing /home/airflow/.local/lib/python3.9/site-packages/airflow/example_dags/tutorial_objectstorage.py took 0.184 seconds
[2025-12-11T23:01:38.536+0000] {processor.py:161} INFO - Started process (PID=1297) to work on /home/airflow/.local/lib/python3.9/site-packages/airflow/example_dags/tutorial_objectstorage.py
[2025-12-11T23:01:38.546+0000] {processor.py:830} INFO - Processing file /home/airflow/.local/lib/python3.9/site-packages/airflow/example_dags/tutorial_objectstorage.py for tasks to queue
[2025-12-11T23:01:38.549+0000] {logging_mixin.py:188} INFO - [2025-12-11T23:01:38.548+0000] {dagbag.py:545} INFO - Filling up the DagBag from /home/airflow/.local/lib/python3.9/site-packages/airflow/example_dags/tutorial_objectstorage.py
[2025-12-11T23:01:38.561+0000] {processor.py:840} INFO - DAG(s) 'tutorial_objectstorage' retrieved from /home/airflow/.local/lib/python3.9/site-packages/airflow/example_dags/tutorial_objectstorage.py
[2025-12-11T23:01:38.597+0000] {logging_mixin.py:188} INFO - [2025-12-11T23:01:38.597+0000] {dag.py:3096} INFO - Sync 1 DAGs
[2025-12-11T23:01:38.620+0000] {logging_mixin.py:188} INFO - [2025-12-11T23:01:38.619+0000] {dag.py:3954} INFO - Setting next_dagrun for tutorial_objectstorage to None, run_after=None
[2025-12-11T23:01:38.650+0000] {processor.py:183} INFO - Processing /home/airflow/.local/lib/python3.9/site-packages/airflow/example_dags/tutorial_objectstorage.py took 0.125 seconds
[2025-12-11T23:02:09.097+0000] {processor.py:161} INFO - Started process (PID=1364) to work on /home/airflow/.local/lib/python3.9/site-packages/airflow/example_dags/tutorial_objectstorage.py
[2025-12-11T23:02:09.099+0000] {processor.py:830} INFO - Processing file /home/airflow/.local/lib/python3.9/site-packages/airflow/example_dags/tutorial_objectstorage.py for tasks to queue
[2025-12-11T23:02:09.101+0000] {logging_mixin.py:188} INFO - [2025-12-11T23:02:09.101+0000] {dagbag.py:545} INFO - Filling up the DagBag from /home/airflow/.local/lib/python3.9/site-packages/airflow/example_dags/tutorial_objectstorage.py
[2025-12-11T23:02:09.113+0000] {processor.py:840} INFO - DAG(s) 'tutorial_objectstorage' retrieved from /home/airflow/.local/lib/python3.9/site-packages/airflow/example_dags/tutorial_objectstorage.py
[2025-12-11T23:02:09.146+0000] {logging_mixin.py:188} INFO - [2025-12-11T23:02:09.146+0000] {dag.py:3096} INFO - Sync 1 DAGs
[2025-12-11T23:02:09.165+0000] {logging_mixin.py:188} INFO - [2025-12-11T23:02:09.165+0000] {dag.py:3954} INFO - Setting next_dagrun for tutorial_objectstorage to None, run_after=None
[2025-12-11T23:02:09.195+0000] {processor.py:183} INFO - Processing /home/airflow/.local/lib/python3.9/site-packages/airflow/example_dags/tutorial_objectstorage.py took 0.116 seconds
[2025-12-11T23:02:39.584+0000] {processor.py:161} INFO - Started process (PID=1431) to work on /home/airflow/.local/lib/python3.9/site-packages/airflow/example_dags/tutorial_objectstorage.py
[2025-12-11T23:02:39.586+0000] {processor.py:830} INFO - Processing file /home/airflow/.local/lib/python3.9/site-packages/airflow/example_dags/tutorial_objectstorage.py for tasks to queue
[2025-12-11T23:02:39.589+0000] {logging_mixin.py:188} INFO - [2025-12-11T23:02:39.588+0000] {dagbag.py:545} INFO - Filling up the DagBag from /home/airflow/.local/lib/python3.9/site-packages/airflow/example_dags/tutorial_objectstorage.py
[2025-12-11T23:02:39.601+0000] {processor.py:840} INFO - DAG(s) 'tutorial_objectstorage' retrieved from /home/airflow/.local/lib/python3.9/site-packages/airflow/example_dags/tutorial_objectstorage.py
[2025-12-11T23:02:39.643+0000] {logging_mixin.py:188} INFO - [2025-12-11T23:02:39.643+0000] {dag.py:3096} INFO - Sync 1 DAGs
[2025-12-11T23:02:39.665+0000] {logging_mixin.py:188} INFO - [2025-12-11T23:02:39.664+0000] {dag.py:3954} INFO - Setting next_dagrun for tutorial_objectstorage to None, run_after=None
[2025-12-11T23:02:39.695+0000] {processor.py:183} INFO - Processing /home/airflow/.local/lib/python3.9/site-packages/airflow/example_dags/tutorial_objectstorage.py took 0.121 seconds
[2025-12-11T23:03:09.976+0000] {processor.py:161} INFO - Started process (PID=1500) to work on /home/airflow/.local/lib/python3.9/site-packages/airflow/example_dags/tutorial_objectstorage.py
[2025-12-11T23:03:09.978+0000] {processor.py:830} INFO - Processing file /home/airflow/.local/lib/python3.9/site-packages/airflow/example_dags/tutorial_objectstorage.py for tasks to queue
[2025-12-11T23:03:09.980+0000] {logging_mixin.py:188} INFO - [2025-12-11T23:03:09.980+0000] {dagbag.py:545} INFO - Filling up the DagBag from /home/airflow/.local/lib/python3.9/site-packages/airflow/example_dags/tutorial_objectstorage.py
[2025-12-11T23:03:09.992+0000] {processor.py:840} INFO - DAG(s) 'tutorial_objectstorage' retrieved from /home/airflow/.local/lib/python3.9/site-packages/airflow/example_dags/tutorial_objectstorage.py
[2025-12-11T23:03:10.028+0000] {logging_mixin.py:188} INFO - [2025-12-11T23:03:10.028+0000] {dag.py:3096} INFO - Sync 1 DAGs
[2025-12-11T23:03:10.050+0000] {logging_mixin.py:188} INFO - [2025-12-11T23:03:10.050+0000] {dag.py:3954} INFO - Setting next_dagrun for tutorial_objectstorage to None, run_after=None
[2025-12-11T23:03:10.081+0000] {processor.py:183} INFO - Processing /home/airflow/.local/lib/python3.9/site-packages/airflow/example_dags/tutorial_objectstorage.py took 0.117 seconds
[2025-12-11T23:03:40.151+0000] {processor.py:161} INFO - Started process (PID=1568) to work on /home/airflow/.local/lib/python3.9/site-packages/airflow/example_dags/tutorial_objectstorage.py
[2025-12-11T23:03:40.153+0000] {processor.py:830} INFO - Processing file /home/airflow/.local/lib/python3.9/site-packages/airflow/example_dags/tutorial_objectstorage.py for tasks to queue
[2025-12-11T23:03:40.156+0000] {logging_mixin.py:188} INFO - [2025-12-11T23:03:40.155+0000] {dagbag.py:545} INFO - Filling up the DagBag from /home/airflow/.local/lib/python3.9/site-packages/airflow/example_dags/tutorial_objectstorage.py
[2025-12-11T23:03:40.166+0000] {processor.py:840} INFO - DAG(s) 'tutorial_objectstorage' retrieved from /home/airflow/.local/lib/python3.9/site-packages/airflow/example_dags/tutorial_objectstorage.py
[2025-12-11T23:03:40.206+0000] {logging_mixin.py:188} INFO - [2025-12-11T23:03:40.206+0000] {dag.py:3096} INFO - Sync 1 DAGs
[2025-12-11T23:03:40.230+0000] {logging_mixin.py:188} INFO - [2025-12-11T23:03:40.229+0000] {dag.py:3954} INFO - Setting next_dagrun for tutorial_objectstorage to None, run_after=None
[2025-12-11T23:03:40.261+0000] {processor.py:183} INFO - Processing /home/airflow/.local/lib/python3.9/site-packages/airflow/example_dags/tutorial_objectstorage.py took 0.120 seconds
[2025-12-11T23:04:10.631+0000] {processor.py:161} INFO - Started process (PID=1640) to work on /home/airflow/.local/lib/python3.9/site-packages/airflow/example_dags/tutorial_objectstorage.py
[2025-12-11T23:04:10.632+0000] {processor.py:830} INFO - Processing file /home/airflow/.local/lib/python3.9/site-packages/airflow/example_dags/tutorial_objectstorage.py for tasks to queue
[2025-12-11T23:04:10.635+0000] {logging_mixin.py:188} INFO - [2025-12-11T23:04:10.634+0000] {dagbag.py:545} INFO - Filling up the DagBag from /home/airflow/.local/lib/python3.9/site-packages/airflow/example_dags/tutorial_objectstorage.py
[2025-12-11T23:04:10.647+0000] {processor.py:840} INFO - DAG(s) 'tutorial_objectstorage' retrieved from /home/airflow/.local/lib/python3.9/site-packages/airflow/example_dags/tutorial_objectstorage.py
[2025-12-11T23:04:10.686+0000] {logging_mixin.py:188} INFO - [2025-12-11T23:04:10.686+0000] {dag.py:3096} INFO - Sync 1 DAGs
[2025-12-11T23:04:10.710+0000] {logging_mixin.py:188} INFO - [2025-12-11T23:04:10.710+0000] {dag.py:3954} INFO - Setting next_dagrun for tutorial_objectstorage to None, run_after=None
[2025-12-11T23:04:10.760+0000] {processor.py:183} INFO - Processing /home/airflow/.local/lib/python3.9/site-packages/airflow/example_dags/tutorial_objectstorage.py took 0.140 seconds
[2025-12-11T23:04:41.679+0000] {processor.py:161} INFO - Started process (PID=1711) to work on /home/airflow/.local/lib/python3.9/site-packages/airflow/example_dags/tutorial_objectstorage.py
[2025-12-11T23:04:41.680+0000] {processor.py:830} INFO - Processing file /home/airflow/.local/lib/python3.9/site-packages/airflow/example_dags/tutorial_objectstorage.py for tasks to queue
[2025-12-11T23:04:41.683+0000] {logging_mixin.py:188} INFO - [2025-12-11T23:04:41.682+0000] {dagbag.py:545} INFO - Filling up the DagBag from /home/airflow/.local/lib/python3.9/site-packages/airflow/example_dags/tutorial_objectstorage.py
[2025-12-11T23:04:41.694+0000] {processor.py:840} INFO - DAG(s) 'tutorial_objectstorage' retrieved from /home/airflow/.local/lib/python3.9/site-packages/airflow/example_dags/tutorial_objectstorage.py
[2025-12-11T23:04:41.729+0000] {logging_mixin.py:188} INFO - [2025-12-11T23:04:41.728+0000] {dag.py:3096} INFO - Sync 1 DAGs
[2025-12-11T23:04:41.750+0000] {logging_mixin.py:188} INFO - [2025-12-11T23:04:41.750+0000] {dag.py:3954} INFO - Setting next_dagrun for tutorial_objectstorage to None, run_after=None
[2025-12-11T23:04:41.779+0000] {processor.py:183} INFO - Processing /home/airflow/.local/lib/python3.9/site-packages/airflow/example_dags/tutorial_objectstorage.py took 0.109 seconds
[2025-12-11T23:05:12.022+0000] {processor.py:161} INFO - Started process (PID=1782) to work on /home/airflow/.local/lib/python3.9/site-packages/airflow/example_dags/tutorial_objectstorage.py
[2025-12-11T23:05:12.024+0000] {processor.py:830} INFO - Processing file /home/airflow/.local/lib/python3.9/site-packages/airflow/example_dags/tutorial_objectstorage.py for tasks to queue
[2025-12-11T23:05:12.030+0000] {logging_mixin.py:188} INFO - [2025-12-11T23:05:12.030+0000] {dagbag.py:545} INFO - Filling up the DagBag from /home/airflow/.local/lib/python3.9/site-packages/airflow/example_dags/tutorial_objectstorage.py
[2025-12-11T23:05:12.043+0000] {processor.py:840} INFO - DAG(s) 'tutorial_objectstorage' retrieved from /home/airflow/.local/lib/python3.9/site-packages/airflow/example_dags/tutorial_objectstorage.py
[2025-12-11T23:05:12.086+0000] {logging_mixin.py:188} INFO - [2025-12-11T23:05:12.085+0000] {dag.py:3096} INFO - Sync 1 DAGs
[2025-12-11T23:05:12.116+0000] {logging_mixin.py:188} INFO - [2025-12-11T23:05:12.116+0000] {dag.py:3954} INFO - Setting next_dagrun for tutorial_objectstorage to None, run_after=None
[2025-12-11T23:05:12.148+0000] {processor.py:183} INFO - Processing /home/airflow/.local/lib/python3.9/site-packages/airflow/example_dags/tutorial_objectstorage.py took 0.136 seconds
[2025-12-11T23:05:42.344+0000] {processor.py:161} INFO - Started process (PID=1853) to work on /home/airflow/.local/lib/python3.9/site-packages/airflow/example_dags/tutorial_objectstorage.py
[2025-12-11T23:05:42.346+0000] {processor.py:830} INFO - Processing file /home/airflow/.local/lib/python3.9/site-packages/airflow/example_dags/tutorial_objectstorage.py for tasks to queue
[2025-12-11T23:05:42.350+0000] {logging_mixin.py:188} INFO - [2025-12-11T23:05:42.349+0000] {dagbag.py:545} INFO - Filling up the DagBag from /home/airflow/.local/lib/python3.9/site-packages/airflow/example_dags/tutorial_objectstorage.py
[2025-12-11T23:05:42.362+0000] {processor.py:840} INFO - DAG(s) 'tutorial_objectstorage' retrieved from /home/airflow/.local/lib/python3.9/site-packages/airflow/example_dags/tutorial_objectstorage.py
[2025-12-11T23:05:42.401+0000] {logging_mixin.py:188} INFO - [2025-12-11T23:05:42.401+0000] {dag.py:3096} INFO - Sync 1 DAGs
[2025-12-11T23:05:42.424+0000] {logging_mixin.py:188} INFO - [2025-12-11T23:05:42.423+0000] {dag.py:3954} INFO - Setting next_dagrun for tutorial_objectstorage to None, run_after=None
[2025-12-11T23:05:42.480+0000] {processor.py:183} INFO - Processing /home/airflow/.local/lib/python3.9/site-packages/airflow/example_dags/tutorial_objectstorage.py took 0.145 seconds
[2025-12-11T23:06:12.935+0000] {processor.py:161} INFO - Started process (PID=1922) to work on /home/airflow/.local/lib/python3.9/site-packages/airflow/example_dags/tutorial_objectstorage.py
[2025-12-11T23:06:12.937+0000] {processor.py:830} INFO - Processing file /home/airflow/.local/lib/python3.9/site-packages/airflow/example_dags/tutorial_objectstorage.py for tasks to queue
[2025-12-11T23:06:12.952+0000] {logging_mixin.py:188} INFO - [2025-12-11T23:06:12.952+0000] {dagbag.py:545} INFO - Filling up the DagBag from /home/airflow/.local/lib/python3.9/site-packages/airflow/example_dags/tutorial_objectstorage.py
[2025-12-11T23:06:12.989+0000] {processor.py:840} INFO - DAG(s) 'tutorial_objectstorage' retrieved from /home/airflow/.local/lib/python3.9/site-packages/airflow/example_dags/tutorial_objectstorage.py
[2025-12-11T23:06:13.091+0000] {logging_mixin.py:188} INFO - [2025-12-11T23:06:13.080+0000] {dag.py:3096} INFO - Sync 1 DAGs
[2025-12-11T23:06:13.138+0000] {logging_mixin.py:188} INFO - [2025-12-11T23:06:13.138+0000] {dag.py:3954} INFO - Setting next_dagrun for tutorial_objectstorage to None, run_after=None
[2025-12-11T23:06:13.214+0000] {processor.py:183} INFO - Processing /home/airflow/.local/lib/python3.9/site-packages/airflow/example_dags/tutorial_objectstorage.py took 0.301 seconds
[2025-12-11T23:06:43.920+0000] {processor.py:161} INFO - Started process (PID=1990) to work on /home/airflow/.local/lib/python3.9/site-packages/airflow/example_dags/tutorial_objectstorage.py
[2025-12-11T23:06:43.931+0000] {processor.py:830} INFO - Processing file /home/airflow/.local/lib/python3.9/site-packages/airflow/example_dags/tutorial_objectstorage.py for tasks to queue
[2025-12-11T23:06:43.935+0000] {logging_mixin.py:188} INFO - [2025-12-11T23:06:43.934+0000] {dagbag.py:545} INFO - Filling up the DagBag from /home/airflow/.local/lib/python3.9/site-packages/airflow/example_dags/tutorial_objectstorage.py
[2025-12-11T23:06:43.951+0000] {processor.py:840} INFO - DAG(s) 'tutorial_objectstorage' retrieved from /home/airflow/.local/lib/python3.9/site-packages/airflow/example_dags/tutorial_objectstorage.py
[2025-12-11T23:06:43.997+0000] {logging_mixin.py:188} INFO - [2025-12-11T23:06:43.996+0000] {dag.py:3096} INFO - Sync 1 DAGs
[2025-12-11T23:06:44.021+0000] {logging_mixin.py:188} INFO - [2025-12-11T23:06:44.020+0000] {dag.py:3954} INFO - Setting next_dagrun for tutorial_objectstorage to None, run_after=None
[2025-12-11T23:06:44.183+0000] {processor.py:183} INFO - Processing /home/airflow/.local/lib/python3.9/site-packages/airflow/example_dags/tutorial_objectstorage.py took 0.283 seconds
[2025-12-11T23:07:15.051+0000] {processor.py:161} INFO - Started process (PID=2070) to work on /home/airflow/.local/lib/python3.9/site-packages/airflow/example_dags/tutorial_objectstorage.py
[2025-12-11T23:07:15.053+0000] {processor.py:830} INFO - Processing file /home/airflow/.local/lib/python3.9/site-packages/airflow/example_dags/tutorial_objectstorage.py for tasks to queue
[2025-12-11T23:07:15.056+0000] {logging_mixin.py:188} INFO - [2025-12-11T23:07:15.055+0000] {dagbag.py:545} INFO - Filling up the DagBag from /home/airflow/.local/lib/python3.9/site-packages/airflow/example_dags/tutorial_objectstorage.py
[2025-12-11T23:07:15.073+0000] {processor.py:840} INFO - DAG(s) 'tutorial_objectstorage' retrieved from /home/airflow/.local/lib/python3.9/site-packages/airflow/example_dags/tutorial_objectstorage.py
[2025-12-11T23:07:15.131+0000] {logging_mixin.py:188} INFO - [2025-12-11T23:07:15.130+0000] {dag.py:3096} INFO - Sync 1 DAGs
[2025-12-11T23:07:15.173+0000] {logging_mixin.py:188} INFO - [2025-12-11T23:07:15.172+0000] {dag.py:3954} INFO - Setting next_dagrun for tutorial_objectstorage to None, run_after=None
[2025-12-11T23:07:15.254+0000] {processor.py:183} INFO - Processing /home/airflow/.local/lib/python3.9/site-packages/airflow/example_dags/tutorial_objectstorage.py took 0.221 seconds
[2025-12-11T23:07:45.389+0000] {processor.py:161} INFO - Started process (PID=2140) to work on /home/airflow/.local/lib/python3.9/site-packages/airflow/example_dags/tutorial_objectstorage.py
[2025-12-11T23:07:45.395+0000] {processor.py:830} INFO - Processing file /home/airflow/.local/lib/python3.9/site-packages/airflow/example_dags/tutorial_objectstorage.py for tasks to queue
[2025-12-11T23:07:45.399+0000] {logging_mixin.py:188} INFO - [2025-12-11T23:07:45.398+0000] {dagbag.py:545} INFO - Filling up the DagBag from /home/airflow/.local/lib/python3.9/site-packages/airflow/example_dags/tutorial_objectstorage.py
[2025-12-11T23:07:45.413+0000] {processor.py:840} INFO - DAG(s) 'tutorial_objectstorage' retrieved from /home/airflow/.local/lib/python3.9/site-packages/airflow/example_dags/tutorial_objectstorage.py
[2025-12-11T23:07:45.473+0000] {logging_mixin.py:188} INFO - [2025-12-11T23:07:45.472+0000] {dag.py:3096} INFO - Sync 1 DAGs
[2025-12-11T23:07:45.505+0000] {logging_mixin.py:188} INFO - [2025-12-11T23:07:45.504+0000] {dag.py:3954} INFO - Setting next_dagrun for tutorial_objectstorage to None, run_after=None
[2025-12-11T23:07:45.775+0000] {processor.py:183} INFO - Processing /home/airflow/.local/lib/python3.9/site-packages/airflow/example_dags/tutorial_objectstorage.py took 0.399 seconds
[2025-12-11T23:08:15.953+0000] {processor.py:161} INFO - Started process (PID=2212) to work on /home/airflow/.local/lib/python3.9/site-packages/airflow/example_dags/tutorial_objectstorage.py
[2025-12-11T23:08:16.013+0000] {processor.py:830} INFO - Processing file /home/airflow/.local/lib/python3.9/site-packages/airflow/example_dags/tutorial_objectstorage.py for tasks to queue
[2025-12-11T23:08:16.016+0000] {logging_mixin.py:188} INFO - [2025-12-11T23:08:16.015+0000] {dagbag.py:545} INFO - Filling up the DagBag from /home/airflow/.local/lib/python3.9/site-packages/airflow/example_dags/tutorial_objectstorage.py
[2025-12-11T23:08:16.029+0000] {processor.py:840} INFO - DAG(s) 'tutorial_objectstorage' retrieved from /home/airflow/.local/lib/python3.9/site-packages/airflow/example_dags/tutorial_objectstorage.py
[2025-12-11T23:08:16.256+0000] {logging_mixin.py:188} INFO - [2025-12-11T23:08:16.255+0000] {dag.py:3096} INFO - Sync 1 DAGs
[2025-12-11T23:08:16.286+0000] {logging_mixin.py:188} INFO - [2025-12-11T23:08:16.285+0000] {dag.py:3954} INFO - Setting next_dagrun for tutorial_objectstorage to None, run_after=None
[2025-12-11T23:08:16.334+0000] {processor.py:183} INFO - Processing /home/airflow/.local/lib/python3.9/site-packages/airflow/example_dags/tutorial_objectstorage.py took 0.392 seconds
[2025-12-11T23:08:46.875+0000] {processor.py:161} INFO - Started process (PID=2280) to work on /home/airflow/.local/lib/python3.9/site-packages/airflow/example_dags/tutorial_objectstorage.py
[2025-12-11T23:08:46.882+0000] {processor.py:830} INFO - Processing file /home/airflow/.local/lib/python3.9/site-packages/airflow/example_dags/tutorial_objectstorage.py for tasks to queue
[2025-12-11T23:08:46.885+0000] {logging_mixin.py:188} INFO - [2025-12-11T23:08:46.884+0000] {dagbag.py:545} INFO - Filling up the DagBag from /home/airflow/.local/lib/python3.9/site-packages/airflow/example_dags/tutorial_objectstorage.py
[2025-12-11T23:08:46.897+0000] {processor.py:840} INFO - DAG(s) 'tutorial_objectstorage' retrieved from /home/airflow/.local/lib/python3.9/site-packages/airflow/example_dags/tutorial_objectstorage.py
[2025-12-11T23:08:46.933+0000] {logging_mixin.py:188} INFO - [2025-12-11T23:08:46.933+0000] {dag.py:3096} INFO - Sync 1 DAGs
[2025-12-11T23:08:46.956+0000] {logging_mixin.py:188} INFO - [2025-12-11T23:08:46.955+0000] {dag.py:3954} INFO - Setting next_dagrun for tutorial_objectstorage to None, run_after=None
[2025-12-11T23:08:47.188+0000] {processor.py:183} INFO - Processing /home/airflow/.local/lib/python3.9/site-packages/airflow/example_dags/tutorial_objectstorage.py took 0.331 seconds
[2025-12-11T23:09:17.681+0000] {processor.py:161} INFO - Started process (PID=2353) to work on /home/airflow/.local/lib/python3.9/site-packages/airflow/example_dags/tutorial_objectstorage.py
[2025-12-11T23:09:17.697+0000] {processor.py:830} INFO - Processing file /home/airflow/.local/lib/python3.9/site-packages/airflow/example_dags/tutorial_objectstorage.py for tasks to queue
[2025-12-11T23:09:17.700+0000] {logging_mixin.py:188} INFO - [2025-12-11T23:09:17.699+0000] {dagbag.py:545} INFO - Filling up the DagBag from /home/airflow/.local/lib/python3.9/site-packages/airflow/example_dags/tutorial_objectstorage.py
[2025-12-11T23:09:17.718+0000] {processor.py:840} INFO - DAG(s) 'tutorial_objectstorage' retrieved from /home/airflow/.local/lib/python3.9/site-packages/airflow/example_dags/tutorial_objectstorage.py
[2025-12-11T23:09:18.159+0000] {logging_mixin.py:188} INFO - [2025-12-11T23:09:18.159+0000] {dag.py:3096} INFO - Sync 1 DAGs
[2025-12-11T23:09:18.195+0000] {logging_mixin.py:188} INFO - [2025-12-11T23:09:18.195+0000] {dag.py:3954} INFO - Setting next_dagrun for tutorial_objectstorage to None, run_after=None
[2025-12-11T23:09:18.239+0000] {processor.py:183} INFO - Processing /home/airflow/.local/lib/python3.9/site-packages/airflow/example_dags/tutorial_objectstorage.py took 0.574 seconds
[2025-12-11T23:09:48.936+0000] {processor.py:161} INFO - Started process (PID=2422) to work on /home/airflow/.local/lib/python3.9/site-packages/airflow/example_dags/tutorial_objectstorage.py
[2025-12-11T23:09:48.938+0000] {processor.py:830} INFO - Processing file /home/airflow/.local/lib/python3.9/site-packages/airflow/example_dags/tutorial_objectstorage.py for tasks to queue
[2025-12-11T23:09:48.942+0000] {logging_mixin.py:188} INFO - [2025-12-11T23:09:48.941+0000] {dagbag.py:545} INFO - Filling up the DagBag from /home/airflow/.local/lib/python3.9/site-packages/airflow/example_dags/tutorial_objectstorage.py
[2025-12-11T23:09:48.959+0000] {processor.py:840} INFO - DAG(s) 'tutorial_objectstorage' retrieved from /home/airflow/.local/lib/python3.9/site-packages/airflow/example_dags/tutorial_objectstorage.py
[2025-12-11T23:09:49.016+0000] {logging_mixin.py:188} INFO - [2025-12-11T23:09:49.016+0000] {dag.py:3096} INFO - Sync 1 DAGs
[2025-12-11T23:09:49.055+0000] {logging_mixin.py:188} INFO - [2025-12-11T23:09:49.054+0000] {dag.py:3954} INFO - Setting next_dagrun for tutorial_objectstorage to None, run_after=None
[2025-12-11T23:09:49.109+0000] {processor.py:183} INFO - Processing /home/airflow/.local/lib/python3.9/site-packages/airflow/example_dags/tutorial_objectstorage.py took 0.195 seconds
[2025-12-11T23:10:19.812+0000] {processor.py:161} INFO - Started process (PID=2492) to work on /home/airflow/.local/lib/python3.9/site-packages/airflow/example_dags/tutorial_objectstorage.py
[2025-12-11T23:10:19.821+0000] {processor.py:830} INFO - Processing file /home/airflow/.local/lib/python3.9/site-packages/airflow/example_dags/tutorial_objectstorage.py for tasks to queue
[2025-12-11T23:10:19.831+0000] {logging_mixin.py:188} INFO - [2025-12-11T23:10:19.831+0000] {dagbag.py:545} INFO - Filling up the DagBag from /home/airflow/.local/lib/python3.9/site-packages/airflow/example_dags/tutorial_objectstorage.py
[2025-12-11T23:10:19.852+0000] {processor.py:840} INFO - DAG(s) 'tutorial_objectstorage' retrieved from /home/airflow/.local/lib/python3.9/site-packages/airflow/example_dags/tutorial_objectstorage.py
[2025-12-11T23:10:19.912+0000] {logging_mixin.py:188} INFO - [2025-12-11T23:10:19.912+0000] {dag.py:3096} INFO - Sync 1 DAGs
[2025-12-11T23:10:19.941+0000] {logging_mixin.py:188} INFO - [2025-12-11T23:10:19.941+0000] {dag.py:3954} INFO - Setting next_dagrun for tutorial_objectstorage to None, run_after=None
[2025-12-11T23:10:19.997+0000] {processor.py:183} INFO - Processing /home/airflow/.local/lib/python3.9/site-packages/airflow/example_dags/tutorial_objectstorage.py took 0.207 seconds
[2025-12-11T23:10:50.132+0000] {processor.py:161} INFO - Started process (PID=2562) to work on /home/airflow/.local/lib/python3.9/site-packages/airflow/example_dags/tutorial_objectstorage.py
[2025-12-11T23:10:50.139+0000] {processor.py:830} INFO - Processing file /home/airflow/.local/lib/python3.9/site-packages/airflow/example_dags/tutorial_objectstorage.py for tasks to queue
[2025-12-11T23:10:50.142+0000] {logging_mixin.py:188} INFO - [2025-12-11T23:10:50.142+0000] {dagbag.py:545} INFO - Filling up the DagBag from /home/airflow/.local/lib/python3.9/site-packages/airflow/example_dags/tutorial_objectstorage.py
[2025-12-11T23:10:50.161+0000] {processor.py:840} INFO - DAG(s) 'tutorial_objectstorage' retrieved from /home/airflow/.local/lib/python3.9/site-packages/airflow/example_dags/tutorial_objectstorage.py
[2025-12-11T23:10:50.238+0000] {logging_mixin.py:188} INFO - [2025-12-11T23:10:50.238+0000] {dag.py:3096} INFO - Sync 1 DAGs
[2025-12-11T23:10:50.281+0000] {logging_mixin.py:188} INFO - [2025-12-11T23:10:50.280+0000] {dag.py:3954} INFO - Setting next_dagrun for tutorial_objectstorage to None, run_after=None
[2025-12-11T23:10:50.338+0000] {processor.py:183} INFO - Processing /home/airflow/.local/lib/python3.9/site-packages/airflow/example_dags/tutorial_objectstorage.py took 0.229 seconds
[2025-12-11T23:11:21.520+0000] {processor.py:161} INFO - Started process (PID=2629) to work on /home/airflow/.local/lib/python3.9/site-packages/airflow/example_dags/tutorial_objectstorage.py
[2025-12-11T23:11:21.542+0000] {processor.py:830} INFO - Processing file /home/airflow/.local/lib/python3.9/site-packages/airflow/example_dags/tutorial_objectstorage.py for tasks to queue
[2025-12-11T23:11:21.552+0000] {logging_mixin.py:188} INFO - [2025-12-11T23:11:21.552+0000] {dagbag.py:545} INFO - Filling up the DagBag from /home/airflow/.local/lib/python3.9/site-packages/airflow/example_dags/tutorial_objectstorage.py
[2025-12-11T23:11:21.574+0000] {processor.py:840} INFO - DAG(s) 'tutorial_objectstorage' retrieved from /home/airflow/.local/lib/python3.9/site-packages/airflow/example_dags/tutorial_objectstorage.py
[2025-12-11T23:11:21.838+0000] {logging_mixin.py:188} INFO - [2025-12-11T23:11:21.838+0000] {dag.py:3096} INFO - Sync 1 DAGs
[2025-12-11T23:11:21.871+0000] {logging_mixin.py:188} INFO - [2025-12-11T23:11:21.871+0000] {dag.py:3954} INFO - Setting next_dagrun for tutorial_objectstorage to None, run_after=None
[2025-12-11T23:11:21.924+0000] {processor.py:183} INFO - Processing /home/airflow/.local/lib/python3.9/site-packages/airflow/example_dags/tutorial_objectstorage.py took 0.430 seconds
[2025-12-11T23:11:52.076+0000] {processor.py:161} INFO - Started process (PID=2696) to work on /home/airflow/.local/lib/python3.9/site-packages/airflow/example_dags/tutorial_objectstorage.py
[2025-12-11T23:11:52.103+0000] {processor.py:830} INFO - Processing file /home/airflow/.local/lib/python3.9/site-packages/airflow/example_dags/tutorial_objectstorage.py for tasks to queue
[2025-12-11T23:11:52.106+0000] {logging_mixin.py:188} INFO - [2025-12-11T23:11:52.105+0000] {dagbag.py:545} INFO - Filling up the DagBag from /home/airflow/.local/lib/python3.9/site-packages/airflow/example_dags/tutorial_objectstorage.py
[2025-12-11T23:11:52.119+0000] {processor.py:840} INFO - DAG(s) 'tutorial_objectstorage' retrieved from /home/airflow/.local/lib/python3.9/site-packages/airflow/example_dags/tutorial_objectstorage.py
[2025-12-11T23:11:52.190+0000] {logging_mixin.py:188} INFO - [2025-12-11T23:11:52.190+0000] {dag.py:3096} INFO - Sync 1 DAGs
[2025-12-11T23:11:52.237+0000] {logging_mixin.py:188} INFO - [2025-12-11T23:11:52.236+0000] {dag.py:3954} INFO - Setting next_dagrun for tutorial_objectstorage to None, run_after=None
[2025-12-11T23:11:52.311+0000] {processor.py:183} INFO - Processing /home/airflow/.local/lib/python3.9/site-packages/airflow/example_dags/tutorial_objectstorage.py took 0.251 seconds
[2025-12-11T23:12:24.071+0000] {processor.py:161} INFO - Started process (PID=2763) to work on /home/airflow/.local/lib/python3.9/site-packages/airflow/example_dags/tutorial_objectstorage.py
[2025-12-11T23:12:24.074+0000] {processor.py:830} INFO - Processing file /home/airflow/.local/lib/python3.9/site-packages/airflow/example_dags/tutorial_objectstorage.py for tasks to queue
[2025-12-11T23:12:24.077+0000] {logging_mixin.py:188} INFO - [2025-12-11T23:12:24.076+0000] {dagbag.py:545} INFO - Filling up the DagBag from /home/airflow/.local/lib/python3.9/site-packages/airflow/example_dags/tutorial_objectstorage.py
[2025-12-11T23:12:24.092+0000] {processor.py:840} INFO - DAG(s) 'tutorial_objectstorage' retrieved from /home/airflow/.local/lib/python3.9/site-packages/airflow/example_dags/tutorial_objectstorage.py
[2025-12-11T23:12:24.180+0000] {logging_mixin.py:188} INFO - [2025-12-11T23:12:24.179+0000] {dag.py:3096} INFO - Sync 1 DAGs
[2025-12-11T23:12:24.212+0000] {logging_mixin.py:188} INFO - [2025-12-11T23:12:24.212+0000] {dag.py:3954} INFO - Setting next_dagrun for tutorial_objectstorage to None, run_after=None
[2025-12-11T23:12:24.457+0000] {processor.py:183} INFO - Processing /home/airflow/.local/lib/python3.9/site-packages/airflow/example_dags/tutorial_objectstorage.py took 0.398 seconds
[2025-12-11T23:12:55.168+0000] {processor.py:161} INFO - Started process (PID=2830) to work on /home/airflow/.local/lib/python3.9/site-packages/airflow/example_dags/tutorial_objectstorage.py
[2025-12-11T23:12:55.171+0000] {processor.py:830} INFO - Processing file /home/airflow/.local/lib/python3.9/site-packages/airflow/example_dags/tutorial_objectstorage.py for tasks to queue
[2025-12-11T23:12:55.174+0000] {logging_mixin.py:188} INFO - [2025-12-11T23:12:55.174+0000] {dagbag.py:545} INFO - Filling up the DagBag from /home/airflow/.local/lib/python3.9/site-packages/airflow/example_dags/tutorial_objectstorage.py
[2025-12-11T23:12:55.189+0000] {processor.py:840} INFO - DAG(s) 'tutorial_objectstorage' retrieved from /home/airflow/.local/lib/python3.9/site-packages/airflow/example_dags/tutorial_objectstorage.py
[2025-12-11T23:12:55.226+0000] {logging_mixin.py:188} INFO - [2025-12-11T23:12:55.226+0000] {dag.py:3096} INFO - Sync 1 DAGs
[2025-12-11T23:12:55.248+0000] {logging_mixin.py:188} INFO - [2025-12-11T23:12:55.247+0000] {dag.py:3954} INFO - Setting next_dagrun for tutorial_objectstorage to None, run_after=None
[2025-12-11T23:12:55.300+0000] {processor.py:183} INFO - Processing /home/airflow/.local/lib/python3.9/site-packages/airflow/example_dags/tutorial_objectstorage.py took 0.143 seconds
[2025-12-11T23:13:25.554+0000] {processor.py:161} INFO - Started process (PID=2897) to work on /home/airflow/.local/lib/python3.9/site-packages/airflow/example_dags/tutorial_objectstorage.py
[2025-12-11T23:13:25.556+0000] {processor.py:830} INFO - Processing file /home/airflow/.local/lib/python3.9/site-packages/airflow/example_dags/tutorial_objectstorage.py for tasks to queue
[2025-12-11T23:13:25.559+0000] {logging_mixin.py:188} INFO - [2025-12-11T23:13:25.558+0000] {dagbag.py:545} INFO - Filling up the DagBag from /home/airflow/.local/lib/python3.9/site-packages/airflow/example_dags/tutorial_objectstorage.py
[2025-12-11T23:13:25.574+0000] {processor.py:840} INFO - DAG(s) 'tutorial_objectstorage' retrieved from /home/airflow/.local/lib/python3.9/site-packages/airflow/example_dags/tutorial_objectstorage.py
[2025-12-11T23:13:25.608+0000] {logging_mixin.py:188} INFO - [2025-12-11T23:13:25.607+0000] {dag.py:3096} INFO - Sync 1 DAGs
[2025-12-11T23:13:25.630+0000] {logging_mixin.py:188} INFO - [2025-12-11T23:13:25.630+0000] {dag.py:3954} INFO - Setting next_dagrun for tutorial_objectstorage to None, run_after=None
[2025-12-11T23:13:25.660+0000] {processor.py:183} INFO - Processing /home/airflow/.local/lib/python3.9/site-packages/airflow/example_dags/tutorial_objectstorage.py took 0.116 seconds
[2025-12-11T23:13:59.172+0000] {processor.py:161} INFO - Started process (PID=2965) to work on /home/airflow/.local/lib/python3.9/site-packages/airflow/example_dags/tutorial_objectstorage.py
[2025-12-11T23:13:59.180+0000] {processor.py:830} INFO - Processing file /home/airflow/.local/lib/python3.9/site-packages/airflow/example_dags/tutorial_objectstorage.py for tasks to queue
[2025-12-11T23:13:59.183+0000] {logging_mixin.py:188} INFO - [2025-12-11T23:13:59.182+0000] {dagbag.py:545} INFO - Filling up the DagBag from /home/airflow/.local/lib/python3.9/site-packages/airflow/example_dags/tutorial_objectstorage.py
[2025-12-11T23:13:59.198+0000] {processor.py:840} INFO - DAG(s) 'tutorial_objectstorage' retrieved from /home/airflow/.local/lib/python3.9/site-packages/airflow/example_dags/tutorial_objectstorage.py
[2025-12-11T23:13:59.236+0000] {logging_mixin.py:188} INFO - [2025-12-11T23:13:59.235+0000] {dag.py:3096} INFO - Sync 1 DAGs
[2025-12-11T23:13:59.262+0000] {logging_mixin.py:188} INFO - [2025-12-11T23:13:59.261+0000] {dag.py:3954} INFO - Setting next_dagrun for tutorial_objectstorage to None, run_after=None
[2025-12-11T23:13:59.294+0000] {processor.py:183} INFO - Processing /home/airflow/.local/lib/python3.9/site-packages/airflow/example_dags/tutorial_objectstorage.py took 0.133 seconds
[2025-12-11T23:14:29.495+0000] {processor.py:161} INFO - Started process (PID=3032) to work on /home/airflow/.local/lib/python3.9/site-packages/airflow/example_dags/tutorial_objectstorage.py
[2025-12-11T23:14:29.496+0000] {processor.py:830} INFO - Processing file /home/airflow/.local/lib/python3.9/site-packages/airflow/example_dags/tutorial_objectstorage.py for tasks to queue
[2025-12-11T23:14:29.499+0000] {logging_mixin.py:188} INFO - [2025-12-11T23:14:29.499+0000] {dagbag.py:545} INFO - Filling up the DagBag from /home/airflow/.local/lib/python3.9/site-packages/airflow/example_dags/tutorial_objectstorage.py
[2025-12-11T23:14:29.512+0000] {processor.py:840} INFO - DAG(s) 'tutorial_objectstorage' retrieved from /home/airflow/.local/lib/python3.9/site-packages/airflow/example_dags/tutorial_objectstorage.py
[2025-12-11T23:14:29.559+0000] {logging_mixin.py:188} INFO - [2025-12-11T23:14:29.558+0000] {dag.py:3096} INFO - Sync 1 DAGs
[2025-12-11T23:14:29.594+0000] {logging_mixin.py:188} INFO - [2025-12-11T23:14:29.593+0000] {dag.py:3954} INFO - Setting next_dagrun for tutorial_objectstorage to None, run_after=None
[2025-12-11T23:14:29.633+0000] {processor.py:183} INFO - Processing /home/airflow/.local/lib/python3.9/site-packages/airflow/example_dags/tutorial_objectstorage.py took 0.151 seconds
[2025-12-11T23:14:59.864+0000] {processor.py:161} INFO - Started process (PID=3099) to work on /home/airflow/.local/lib/python3.9/site-packages/airflow/example_dags/tutorial_objectstorage.py
[2025-12-11T23:14:59.866+0000] {processor.py:830} INFO - Processing file /home/airflow/.local/lib/python3.9/site-packages/airflow/example_dags/tutorial_objectstorage.py for tasks to queue
[2025-12-11T23:14:59.870+0000] {logging_mixin.py:188} INFO - [2025-12-11T23:14:59.870+0000] {dagbag.py:545} INFO - Filling up the DagBag from /home/airflow/.local/lib/python3.9/site-packages/airflow/example_dags/tutorial_objectstorage.py
[2025-12-11T23:14:59.882+0000] {processor.py:840} INFO - DAG(s) 'tutorial_objectstorage' retrieved from /home/airflow/.local/lib/python3.9/site-packages/airflow/example_dags/tutorial_objectstorage.py
[2025-12-11T23:14:59.937+0000] {logging_mixin.py:188} INFO - [2025-12-11T23:14:59.937+0000] {dag.py:3096} INFO - Sync 1 DAGs
[2025-12-11T23:14:59.959+0000] {logging_mixin.py:188} INFO - [2025-12-11T23:14:59.958+0000] {dag.py:3954} INFO - Setting next_dagrun for tutorial_objectstorage to None, run_after=None
[2025-12-11T23:14:59.987+0000] {processor.py:183} INFO - Processing /home/airflow/.local/lib/python3.9/site-packages/airflow/example_dags/tutorial_objectstorage.py took 0.133 seconds
[2025-12-11T23:15:31.281+0000] {processor.py:161} INFO - Started process (PID=3166) to work on /home/airflow/.local/lib/python3.9/site-packages/airflow/example_dags/tutorial_objectstorage.py
[2025-12-11T23:15:31.373+0000] {processor.py:830} INFO - Processing file /home/airflow/.local/lib/python3.9/site-packages/airflow/example_dags/tutorial_objectstorage.py for tasks to queue
[2025-12-11T23:15:31.381+0000] {logging_mixin.py:188} INFO - [2025-12-11T23:15:31.380+0000] {dagbag.py:545} INFO - Filling up the DagBag from /home/airflow/.local/lib/python3.9/site-packages/airflow/example_dags/tutorial_objectstorage.py
[2025-12-11T23:15:31.398+0000] {processor.py:840} INFO - DAG(s) 'tutorial_objectstorage' retrieved from /home/airflow/.local/lib/python3.9/site-packages/airflow/example_dags/tutorial_objectstorage.py
[2025-12-11T23:15:31.450+0000] {logging_mixin.py:188} INFO - [2025-12-11T23:15:31.449+0000] {dag.py:3096} INFO - Sync 1 DAGs
[2025-12-11T23:15:31.478+0000] {logging_mixin.py:188} INFO - [2025-12-11T23:15:31.478+0000] {dag.py:3954} INFO - Setting next_dagrun for tutorial_objectstorage to None, run_after=None
[2025-12-11T23:15:31.782+0000] {processor.py:183} INFO - Processing /home/airflow/.local/lib/python3.9/site-packages/airflow/example_dags/tutorial_objectstorage.py took 0.514 seconds
[2025-12-11T23:16:02.036+0000] {processor.py:161} INFO - Started process (PID=3233) to work on /home/airflow/.local/lib/python3.9/site-packages/airflow/example_dags/tutorial_objectstorage.py
[2025-12-11T23:16:02.037+0000] {processor.py:830} INFO - Processing file /home/airflow/.local/lib/python3.9/site-packages/airflow/example_dags/tutorial_objectstorage.py for tasks to queue
[2025-12-11T23:16:02.040+0000] {logging_mixin.py:188} INFO - [2025-12-11T23:16:02.040+0000] {dagbag.py:545} INFO - Filling up the DagBag from /home/airflow/.local/lib/python3.9/site-packages/airflow/example_dags/tutorial_objectstorage.py
[2025-12-11T23:16:02.052+0000] {processor.py:840} INFO - DAG(s) 'tutorial_objectstorage' retrieved from /home/airflow/.local/lib/python3.9/site-packages/airflow/example_dags/tutorial_objectstorage.py
[2025-12-11T23:16:02.097+0000] {logging_mixin.py:188} INFO - [2025-12-11T23:16:02.096+0000] {dag.py:3096} INFO - Sync 1 DAGs
[2025-12-11T23:16:02.122+0000] {logging_mixin.py:188} INFO - [2025-12-11T23:16:02.122+0000] {dag.py:3954} INFO - Setting next_dagrun for tutorial_objectstorage to None, run_after=None
[2025-12-11T23:16:02.161+0000] {processor.py:183} INFO - Processing /home/airflow/.local/lib/python3.9/site-packages/airflow/example_dags/tutorial_objectstorage.py took 0.135 seconds
[2025-12-11T23:16:32.270+0000] {processor.py:161} INFO - Started process (PID=3300) to work on /home/airflow/.local/lib/python3.9/site-packages/airflow/example_dags/tutorial_objectstorage.py
[2025-12-11T23:16:32.280+0000] {processor.py:830} INFO - Processing file /home/airflow/.local/lib/python3.9/site-packages/airflow/example_dags/tutorial_objectstorage.py for tasks to queue
[2025-12-11T23:16:32.282+0000] {logging_mixin.py:188} INFO - [2025-12-11T23:16:32.282+0000] {dagbag.py:545} INFO - Filling up the DagBag from /home/airflow/.local/lib/python3.9/site-packages/airflow/example_dags/tutorial_objectstorage.py
[2025-12-11T23:16:32.297+0000] {processor.py:840} INFO - DAG(s) 'tutorial_objectstorage' retrieved from /home/airflow/.local/lib/python3.9/site-packages/airflow/example_dags/tutorial_objectstorage.py
[2025-12-11T23:16:32.358+0000] {logging_mixin.py:188} INFO - [2025-12-11T23:16:32.357+0000] {dag.py:3096} INFO - Sync 1 DAGs
[2025-12-11T23:16:32.386+0000] {logging_mixin.py:188} INFO - [2025-12-11T23:16:32.385+0000] {dag.py:3954} INFO - Setting next_dagrun for tutorial_objectstorage to None, run_after=None
[2025-12-11T23:16:32.421+0000] {processor.py:183} INFO - Processing /home/airflow/.local/lib/python3.9/site-packages/airflow/example_dags/tutorial_objectstorage.py took 0.169 seconds
[2025-12-11T23:17:03.287+0000] {processor.py:161} INFO - Started process (PID=3367) to work on /home/airflow/.local/lib/python3.9/site-packages/airflow/example_dags/tutorial_objectstorage.py
[2025-12-11T23:17:03.289+0000] {processor.py:830} INFO - Processing file /home/airflow/.local/lib/python3.9/site-packages/airflow/example_dags/tutorial_objectstorage.py for tasks to queue
[2025-12-11T23:17:03.291+0000] {logging_mixin.py:188} INFO - [2025-12-11T23:17:03.291+0000] {dagbag.py:545} INFO - Filling up the DagBag from /home/airflow/.local/lib/python3.9/site-packages/airflow/example_dags/tutorial_objectstorage.py
[2025-12-11T23:17:03.304+0000] {processor.py:840} INFO - DAG(s) 'tutorial_objectstorage' retrieved from /home/airflow/.local/lib/python3.9/site-packages/airflow/example_dags/tutorial_objectstorage.py
[2025-12-11T23:17:03.378+0000] {logging_mixin.py:188} INFO - [2025-12-11T23:17:03.377+0000] {dag.py:3096} INFO - Sync 1 DAGs
[2025-12-11T23:17:03.420+0000] {logging_mixin.py:188} INFO - [2025-12-11T23:17:03.419+0000] {dag.py:3954} INFO - Setting next_dagrun for tutorial_objectstorage to None, run_after=None
[2025-12-11T23:17:03.476+0000] {processor.py:183} INFO - Processing /home/airflow/.local/lib/python3.9/site-packages/airflow/example_dags/tutorial_objectstorage.py took 0.199 seconds
[2025-12-11T23:17:33.556+0000] {processor.py:161} INFO - Started process (PID=3434) to work on /home/airflow/.local/lib/python3.9/site-packages/airflow/example_dags/tutorial_objectstorage.py
[2025-12-11T23:17:33.558+0000] {processor.py:830} INFO - Processing file /home/airflow/.local/lib/python3.9/site-packages/airflow/example_dags/tutorial_objectstorage.py for tasks to queue
[2025-12-11T23:17:33.561+0000] {logging_mixin.py:188} INFO - [2025-12-11T23:17:33.560+0000] {dagbag.py:545} INFO - Filling up the DagBag from /home/airflow/.local/lib/python3.9/site-packages/airflow/example_dags/tutorial_objectstorage.py
[2025-12-11T23:17:33.573+0000] {processor.py:840} INFO - DAG(s) 'tutorial_objectstorage' retrieved from /home/airflow/.local/lib/python3.9/site-packages/airflow/example_dags/tutorial_objectstorage.py
[2025-12-11T23:17:33.607+0000] {logging_mixin.py:188} INFO - [2025-12-11T23:17:33.607+0000] {dag.py:3096} INFO - Sync 1 DAGs
[2025-12-11T23:17:33.630+0000] {logging_mixin.py:188} INFO - [2025-12-11T23:17:33.630+0000] {dag.py:3954} INFO - Setting next_dagrun for tutorial_objectstorage to None, run_after=None
[2025-12-11T23:17:33.656+0000] {processor.py:183} INFO - Processing /home/airflow/.local/lib/python3.9/site-packages/airflow/example_dags/tutorial_objectstorage.py took 0.110 seconds
[2025-12-11T23:18:04.252+0000] {processor.py:161} INFO - Started process (PID=3501) to work on /home/airflow/.local/lib/python3.9/site-packages/airflow/example_dags/tutorial_objectstorage.py
[2025-12-11T23:18:04.254+0000] {processor.py:830} INFO - Processing file /home/airflow/.local/lib/python3.9/site-packages/airflow/example_dags/tutorial_objectstorage.py for tasks to queue
[2025-12-11T23:18:04.256+0000] {logging_mixin.py:188} INFO - [2025-12-11T23:18:04.256+0000] {dagbag.py:545} INFO - Filling up the DagBag from /home/airflow/.local/lib/python3.9/site-packages/airflow/example_dags/tutorial_objectstorage.py
[2025-12-11T23:18:04.270+0000] {processor.py:840} INFO - DAG(s) 'tutorial_objectstorage' retrieved from /home/airflow/.local/lib/python3.9/site-packages/airflow/example_dags/tutorial_objectstorage.py
[2025-12-11T23:18:04.330+0000] {logging_mixin.py:188} INFO - [2025-12-11T23:18:04.330+0000] {dag.py:3096} INFO - Sync 1 DAGs
[2025-12-11T23:18:04.361+0000] {logging_mixin.py:188} INFO - [2025-12-11T23:18:04.360+0000] {dag.py:3954} INFO - Setting next_dagrun for tutorial_objectstorage to None, run_after=None
[2025-12-11T23:18:04.400+0000] {processor.py:183} INFO - Processing /home/airflow/.local/lib/python3.9/site-packages/airflow/example_dags/tutorial_objectstorage.py took 0.160 seconds
[2025-12-11T23:18:34.980+0000] {processor.py:161} INFO - Started process (PID=3568) to work on /home/airflow/.local/lib/python3.9/site-packages/airflow/example_dags/tutorial_objectstorage.py
[2025-12-11T23:18:34.990+0000] {processor.py:830} INFO - Processing file /home/airflow/.local/lib/python3.9/site-packages/airflow/example_dags/tutorial_objectstorage.py for tasks to queue
[2025-12-11T23:18:34.993+0000] {logging_mixin.py:188} INFO - [2025-12-11T23:18:34.993+0000] {dagbag.py:545} INFO - Filling up the DagBag from /home/airflow/.local/lib/python3.9/site-packages/airflow/example_dags/tutorial_objectstorage.py
[2025-12-11T23:18:35.015+0000] {processor.py:840} INFO - DAG(s) 'tutorial_objectstorage' retrieved from /home/airflow/.local/lib/python3.9/site-packages/airflow/example_dags/tutorial_objectstorage.py
[2025-12-11T23:18:35.111+0000] {logging_mixin.py:188} INFO - [2025-12-11T23:18:35.110+0000] {dag.py:3096} INFO - Sync 1 DAGs
[2025-12-11T23:18:35.174+0000] {logging_mixin.py:188} INFO - [2025-12-11T23:18:35.174+0000] {dag.py:3954} INFO - Setting next_dagrun for tutorial_objectstorage to None, run_after=None
[2025-12-11T23:18:35.220+0000] {processor.py:183} INFO - Processing /home/airflow/.local/lib/python3.9/site-packages/airflow/example_dags/tutorial_objectstorage.py took 0.251 seconds
[2025-12-11T23:19:06.134+0000] {processor.py:161} INFO - Started process (PID=3635) to work on /home/airflow/.local/lib/python3.9/site-packages/airflow/example_dags/tutorial_objectstorage.py
[2025-12-11T23:19:06.136+0000] {processor.py:830} INFO - Processing file /home/airflow/.local/lib/python3.9/site-packages/airflow/example_dags/tutorial_objectstorage.py for tasks to queue
[2025-12-11T23:19:06.139+0000] {logging_mixin.py:188} INFO - [2025-12-11T23:19:06.138+0000] {dagbag.py:545} INFO - Filling up the DagBag from /home/airflow/.local/lib/python3.9/site-packages/airflow/example_dags/tutorial_objectstorage.py
[2025-12-11T23:19:06.152+0000] {processor.py:840} INFO - DAG(s) 'tutorial_objectstorage' retrieved from /home/airflow/.local/lib/python3.9/site-packages/airflow/example_dags/tutorial_objectstorage.py
[2025-12-11T23:19:06.189+0000] {logging_mixin.py:188} INFO - [2025-12-11T23:19:06.188+0000] {dag.py:3096} INFO - Sync 1 DAGs
[2025-12-11T23:19:06.210+0000] {logging_mixin.py:188} INFO - [2025-12-11T23:19:06.209+0000] {dag.py:3954} INFO - Setting next_dagrun for tutorial_objectstorage to None, run_after=None
[2025-12-11T23:19:06.261+0000] {processor.py:183} INFO - Processing /home/airflow/.local/lib/python3.9/site-packages/airflow/example_dags/tutorial_objectstorage.py took 0.138 seconds
[2025-12-11T23:19:36.511+0000] {processor.py:161} INFO - Started process (PID=3702) to work on /home/airflow/.local/lib/python3.9/site-packages/airflow/example_dags/tutorial_objectstorage.py
[2025-12-11T23:19:36.539+0000] {processor.py:830} INFO - Processing file /home/airflow/.local/lib/python3.9/site-packages/airflow/example_dags/tutorial_objectstorage.py for tasks to queue
[2025-12-11T23:19:36.550+0000] {logging_mixin.py:188} INFO - [2025-12-11T23:19:36.549+0000] {dagbag.py:545} INFO - Filling up the DagBag from /home/airflow/.local/lib/python3.9/site-packages/airflow/example_dags/tutorial_objectstorage.py
[2025-12-11T23:19:36.576+0000] {processor.py:840} INFO - DAG(s) 'tutorial_objectstorage' retrieved from /home/airflow/.local/lib/python3.9/site-packages/airflow/example_dags/tutorial_objectstorage.py
[2025-12-11T23:19:36.732+0000] {logging_mixin.py:188} INFO - [2025-12-11T23:19:36.731+0000] {dag.py:3096} INFO - Sync 1 DAGs
[2025-12-11T23:19:36.792+0000] {logging_mixin.py:188} INFO - [2025-12-11T23:19:36.791+0000] {dag.py:3954} INFO - Setting next_dagrun for tutorial_objectstorage to None, run_after=None
[2025-12-11T23:19:37.031+0000] {processor.py:183} INFO - Processing /home/airflow/.local/lib/python3.9/site-packages/airflow/example_dags/tutorial_objectstorage.py took 0.542 seconds
[2025-12-11T23:20:07.668+0000] {processor.py:161} INFO - Started process (PID=3769) to work on /home/airflow/.local/lib/python3.9/site-packages/airflow/example_dags/tutorial_objectstorage.py
[2025-12-11T23:20:07.675+0000] {processor.py:830} INFO - Processing file /home/airflow/.local/lib/python3.9/site-packages/airflow/example_dags/tutorial_objectstorage.py for tasks to queue
[2025-12-11T23:20:07.678+0000] {logging_mixin.py:188} INFO - [2025-12-11T23:20:07.677+0000] {dagbag.py:545} INFO - Filling up the DagBag from /home/airflow/.local/lib/python3.9/site-packages/airflow/example_dags/tutorial_objectstorage.py
[2025-12-11T23:20:07.690+0000] {processor.py:840} INFO - DAG(s) 'tutorial_objectstorage' retrieved from /home/airflow/.local/lib/python3.9/site-packages/airflow/example_dags/tutorial_objectstorage.py
[2025-12-11T23:20:07.731+0000] {logging_mixin.py:188} INFO - [2025-12-11T23:20:07.731+0000] {dag.py:3096} INFO - Sync 1 DAGs
[2025-12-11T23:20:07.754+0000] {logging_mixin.py:188} INFO - [2025-12-11T23:20:07.754+0000] {dag.py:3954} INFO - Setting next_dagrun for tutorial_objectstorage to None, run_after=None
[2025-12-11T23:20:07.783+0000] {processor.py:183} INFO - Processing /home/airflow/.local/lib/python3.9/site-packages/airflow/example_dags/tutorial_objectstorage.py took 0.126 seconds
[2025-12-11T23:20:38.089+0000] {processor.py:161} INFO - Started process (PID=3836) to work on /home/airflow/.local/lib/python3.9/site-packages/airflow/example_dags/tutorial_objectstorage.py
[2025-12-11T23:20:38.098+0000] {processor.py:830} INFO - Processing file /home/airflow/.local/lib/python3.9/site-packages/airflow/example_dags/tutorial_objectstorage.py for tasks to queue
[2025-12-11T23:20:38.102+0000] {logging_mixin.py:188} INFO - [2025-12-11T23:20:38.101+0000] {dagbag.py:545} INFO - Filling up the DagBag from /home/airflow/.local/lib/python3.9/site-packages/airflow/example_dags/tutorial_objectstorage.py
[2025-12-11T23:20:38.117+0000] {processor.py:840} INFO - DAG(s) 'tutorial_objectstorage' retrieved from /home/airflow/.local/lib/python3.9/site-packages/airflow/example_dags/tutorial_objectstorage.py
[2025-12-11T23:20:38.159+0000] {logging_mixin.py:188} INFO - [2025-12-11T23:20:38.159+0000] {dag.py:3096} INFO - Sync 1 DAGs
[2025-12-11T23:20:38.183+0000] {logging_mixin.py:188} INFO - [2025-12-11T23:20:38.182+0000] {dag.py:3954} INFO - Setting next_dagrun for tutorial_objectstorage to None, run_after=None
[2025-12-11T23:20:38.496+0000] {processor.py:183} INFO - Processing /home/airflow/.local/lib/python3.9/site-packages/airflow/example_dags/tutorial_objectstorage.py took 0.419 seconds
[2025-12-11T23:21:08.592+0000] {processor.py:161} INFO - Started process (PID=3910) to work on /home/airflow/.local/lib/python3.9/site-packages/airflow/example_dags/tutorial_objectstorage.py
[2025-12-11T23:21:08.593+0000] {processor.py:830} INFO - Processing file /home/airflow/.local/lib/python3.9/site-packages/airflow/example_dags/tutorial_objectstorage.py for tasks to queue
[2025-12-11T23:21:08.596+0000] {logging_mixin.py:188} INFO - [2025-12-11T23:21:08.596+0000] {dagbag.py:545} INFO - Filling up the DagBag from /home/airflow/.local/lib/python3.9/site-packages/airflow/example_dags/tutorial_objectstorage.py
[2025-12-11T23:21:08.617+0000] {processor.py:840} INFO - DAG(s) 'tutorial_objectstorage' retrieved from /home/airflow/.local/lib/python3.9/site-packages/airflow/example_dags/tutorial_objectstorage.py
[2025-12-11T23:21:08.679+0000] {logging_mixin.py:188} INFO - [2025-12-11T23:21:08.678+0000] {dag.py:3096} INFO - Sync 1 DAGs
[2025-12-11T23:21:08.718+0000] {logging_mixin.py:188} INFO - [2025-12-11T23:21:08.717+0000] {dag.py:3954} INFO - Setting next_dagrun for tutorial_objectstorage to None, run_after=None
[2025-12-11T23:21:08.774+0000] {processor.py:183} INFO - Processing /home/airflow/.local/lib/python3.9/site-packages/airflow/example_dags/tutorial_objectstorage.py took 0.199 seconds
[2025-12-11T23:21:39.382+0000] {processor.py:161} INFO - Started process (PID=3977) to work on /home/airflow/.local/lib/python3.9/site-packages/airflow/example_dags/tutorial_objectstorage.py
[2025-12-11T23:21:39.390+0000] {processor.py:830} INFO - Processing file /home/airflow/.local/lib/python3.9/site-packages/airflow/example_dags/tutorial_objectstorage.py for tasks to queue
[2025-12-11T23:21:39.393+0000] {logging_mixin.py:188} INFO - [2025-12-11T23:21:39.392+0000] {dagbag.py:545} INFO - Filling up the DagBag from /home/airflow/.local/lib/python3.9/site-packages/airflow/example_dags/tutorial_objectstorage.py
[2025-12-11T23:21:39.414+0000] {processor.py:840} INFO - DAG(s) 'tutorial_objectstorage' retrieved from /home/airflow/.local/lib/python3.9/site-packages/airflow/example_dags/tutorial_objectstorage.py
[2025-12-11T23:21:39.497+0000] {logging_mixin.py:188} INFO - [2025-12-11T23:21:39.497+0000] {dag.py:3096} INFO - Sync 1 DAGs
[2025-12-11T23:21:39.554+0000] {logging_mixin.py:188} INFO - [2025-12-11T23:21:39.553+0000] {dag.py:3954} INFO - Setting next_dagrun for tutorial_objectstorage to None, run_after=None
[2025-12-11T23:21:39.613+0000] {processor.py:183} INFO - Processing /home/airflow/.local/lib/python3.9/site-packages/airflow/example_dags/tutorial_objectstorage.py took 0.241 seconds
[2025-12-11T23:22:09.736+0000] {processor.py:161} INFO - Started process (PID=4044) to work on /home/airflow/.local/lib/python3.9/site-packages/airflow/example_dags/tutorial_objectstorage.py
[2025-12-11T23:22:09.852+0000] {processor.py:830} INFO - Processing file /home/airflow/.local/lib/python3.9/site-packages/airflow/example_dags/tutorial_objectstorage.py for tasks to queue
[2025-12-11T23:22:09.856+0000] {logging_mixin.py:188} INFO - [2025-12-11T23:22:09.855+0000] {dagbag.py:545} INFO - Filling up the DagBag from /home/airflow/.local/lib/python3.9/site-packages/airflow/example_dags/tutorial_objectstorage.py
[2025-12-11T23:22:09.890+0000] {processor.py:840} INFO - DAG(s) 'tutorial_objectstorage' retrieved from /home/airflow/.local/lib/python3.9/site-packages/airflow/example_dags/tutorial_objectstorage.py
[2025-12-11T23:22:09.993+0000] {logging_mixin.py:188} INFO - [2025-12-11T23:22:09.993+0000] {dag.py:3096} INFO - Sync 1 DAGs
[2025-12-11T23:22:10.037+0000] {logging_mixin.py:188} INFO - [2025-12-11T23:22:10.036+0000] {dag.py:3954} INFO - Setting next_dagrun for tutorial_objectstorage to None, run_after=None
[2025-12-11T23:22:10.091+0000] {processor.py:183} INFO - Processing /home/airflow/.local/lib/python3.9/site-packages/airflow/example_dags/tutorial_objectstorage.py took 0.376 seconds
[2025-12-11T23:22:40.237+0000] {processor.py:161} INFO - Started process (PID=4111) to work on /home/airflow/.local/lib/python3.9/site-packages/airflow/example_dags/tutorial_objectstorage.py
[2025-12-11T23:22:40.250+0000] {processor.py:830} INFO - Processing file /home/airflow/.local/lib/python3.9/site-packages/airflow/example_dags/tutorial_objectstorage.py for tasks to queue
[2025-12-11T23:22:40.253+0000] {logging_mixin.py:188} INFO - [2025-12-11T23:22:40.252+0000] {dagbag.py:545} INFO - Filling up the DagBag from /home/airflow/.local/lib/python3.9/site-packages/airflow/example_dags/tutorial_objectstorage.py
[2025-12-11T23:22:40.294+0000] {processor.py:840} INFO - DAG(s) 'tutorial_objectstorage' retrieved from /home/airflow/.local/lib/python3.9/site-packages/airflow/example_dags/tutorial_objectstorage.py
[2025-12-11T23:22:40.371+0000] {logging_mixin.py:188} INFO - [2025-12-11T23:22:40.370+0000] {dag.py:3096} INFO - Sync 1 DAGs
[2025-12-11T23:22:40.413+0000] {logging_mixin.py:188} INFO - [2025-12-11T23:22:40.412+0000] {dag.py:3954} INFO - Setting next_dagrun for tutorial_objectstorage to None, run_after=None
[2025-12-11T23:22:40.474+0000] {processor.py:183} INFO - Processing /home/airflow/.local/lib/python3.9/site-packages/airflow/example_dags/tutorial_objectstorage.py took 0.257 seconds
[2025-12-11T23:23:11.292+0000] {processor.py:161} INFO - Started process (PID=4178) to work on /home/airflow/.local/lib/python3.9/site-packages/airflow/example_dags/tutorial_objectstorage.py
[2025-12-11T23:23:11.297+0000] {processor.py:830} INFO - Processing file /home/airflow/.local/lib/python3.9/site-packages/airflow/example_dags/tutorial_objectstorage.py for tasks to queue
[2025-12-11T23:23:11.311+0000] {logging_mixin.py:188} INFO - [2025-12-11T23:23:11.310+0000] {dagbag.py:545} INFO - Filling up the DagBag from /home/airflow/.local/lib/python3.9/site-packages/airflow/example_dags/tutorial_objectstorage.py
[2025-12-11T23:23:11.352+0000] {processor.py:840} INFO - DAG(s) 'tutorial_objectstorage' retrieved from /home/airflow/.local/lib/python3.9/site-packages/airflow/example_dags/tutorial_objectstorage.py
[2025-12-11T23:23:11.554+0000] {logging_mixin.py:188} INFO - [2025-12-11T23:23:11.554+0000] {dag.py:3096} INFO - Sync 1 DAGs
[2025-12-11T23:23:11.639+0000] {logging_mixin.py:188} INFO - [2025-12-11T23:23:11.639+0000] {dag.py:3954} INFO - Setting next_dagrun for tutorial_objectstorage to None, run_after=None
[2025-12-11T23:23:11.950+0000] {processor.py:183} INFO - Processing /home/airflow/.local/lib/python3.9/site-packages/airflow/example_dags/tutorial_objectstorage.py took 0.676 seconds
[2025-12-11T23:23:42.075+0000] {processor.py:161} INFO - Started process (PID=4245) to work on /home/airflow/.local/lib/python3.9/site-packages/airflow/example_dags/tutorial_objectstorage.py
[2025-12-11T23:23:42.077+0000] {processor.py:830} INFO - Processing file /home/airflow/.local/lib/python3.9/site-packages/airflow/example_dags/tutorial_objectstorage.py for tasks to queue
[2025-12-11T23:23:42.092+0000] {logging_mixin.py:188} INFO - [2025-12-11T23:23:42.091+0000] {dagbag.py:545} INFO - Filling up the DagBag from /home/airflow/.local/lib/python3.9/site-packages/airflow/example_dags/tutorial_objectstorage.py
[2025-12-11T23:23:42.114+0000] {processor.py:840} INFO - DAG(s) 'tutorial_objectstorage' retrieved from /home/airflow/.local/lib/python3.9/site-packages/airflow/example_dags/tutorial_objectstorage.py
[2025-12-11T23:23:42.195+0000] {logging_mixin.py:188} INFO - [2025-12-11T23:23:42.195+0000] {dag.py:3096} INFO - Sync 1 DAGs
[2025-12-11T23:23:42.252+0000] {logging_mixin.py:188} INFO - [2025-12-11T23:23:42.251+0000] {dag.py:3954} INFO - Setting next_dagrun for tutorial_objectstorage to None, run_after=None
[2025-12-11T23:23:42.352+0000] {processor.py:183} INFO - Processing /home/airflow/.local/lib/python3.9/site-packages/airflow/example_dags/tutorial_objectstorage.py took 0.315 seconds
[2025-12-11T23:24:13.550+0000] {processor.py:161} INFO - Started process (PID=4311) to work on /home/airflow/.local/lib/python3.9/site-packages/airflow/example_dags/tutorial_objectstorage.py
[2025-12-11T23:24:13.551+0000] {processor.py:830} INFO - Processing file /home/airflow/.local/lib/python3.9/site-packages/airflow/example_dags/tutorial_objectstorage.py for tasks to queue
[2025-12-11T23:24:13.554+0000] {logging_mixin.py:188} INFO - [2025-12-11T23:24:13.554+0000] {dagbag.py:545} INFO - Filling up the DagBag from /home/airflow/.local/lib/python3.9/site-packages/airflow/example_dags/tutorial_objectstorage.py
[2025-12-11T23:24:13.591+0000] {processor.py:840} INFO - DAG(s) 'tutorial_objectstorage' retrieved from /home/airflow/.local/lib/python3.9/site-packages/airflow/example_dags/tutorial_objectstorage.py
[2025-12-11T23:24:13.681+0000] {logging_mixin.py:188} INFO - [2025-12-11T23:24:13.681+0000] {dag.py:3096} INFO - Sync 1 DAGs
[2025-12-11T23:24:13.718+0000] {logging_mixin.py:188} INFO - [2025-12-11T23:24:13.717+0000] {dag.py:3954} INFO - Setting next_dagrun for tutorial_objectstorage to None, run_after=None
[2025-12-11T23:24:13.791+0000] {processor.py:183} INFO - Processing /home/airflow/.local/lib/python3.9/site-packages/airflow/example_dags/tutorial_objectstorage.py took 0.276 seconds
[2025-12-11T23:24:45.198+0000] {processor.py:161} INFO - Started process (PID=4378) to work on /home/airflow/.local/lib/python3.9/site-packages/airflow/example_dags/tutorial_objectstorage.py
[2025-12-11T23:24:45.316+0000] {processor.py:830} INFO - Processing file /home/airflow/.local/lib/python3.9/site-packages/airflow/example_dags/tutorial_objectstorage.py for tasks to queue
[2025-12-11T23:24:45.320+0000] {logging_mixin.py:188} INFO - [2025-12-11T23:24:45.319+0000] {dagbag.py:545} INFO - Filling up the DagBag from /home/airflow/.local/lib/python3.9/site-packages/airflow/example_dags/tutorial_objectstorage.py
[2025-12-11T23:24:45.332+0000] {processor.py:840} INFO - DAG(s) 'tutorial_objectstorage' retrieved from /home/airflow/.local/lib/python3.9/site-packages/airflow/example_dags/tutorial_objectstorage.py
[2025-12-11T23:24:45.398+0000] {logging_mixin.py:188} INFO - [2025-12-11T23:24:45.397+0000] {dag.py:3096} INFO - Sync 1 DAGs
[2025-12-11T23:24:45.539+0000] {logging_mixin.py:188} INFO - [2025-12-11T23:24:45.538+0000] {dag.py:3954} INFO - Setting next_dagrun for tutorial_objectstorage to None, run_after=None
[2025-12-11T23:24:45.631+0000] {processor.py:183} INFO - Processing /home/airflow/.local/lib/python3.9/site-packages/airflow/example_dags/tutorial_objectstorage.py took 0.471 seconds
[2025-12-11T23:25:16.174+0000] {processor.py:161} INFO - Started process (PID=4445) to work on /home/airflow/.local/lib/python3.9/site-packages/airflow/example_dags/tutorial_objectstorage.py
[2025-12-11T23:25:16.189+0000] {processor.py:830} INFO - Processing file /home/airflow/.local/lib/python3.9/site-packages/airflow/example_dags/tutorial_objectstorage.py for tasks to queue
[2025-12-11T23:25:16.192+0000] {logging_mixin.py:188} INFO - [2025-12-11T23:25:16.191+0000] {dagbag.py:545} INFO - Filling up the DagBag from /home/airflow/.local/lib/python3.9/site-packages/airflow/example_dags/tutorial_objectstorage.py
[2025-12-11T23:25:16.211+0000] {processor.py:840} INFO - DAG(s) 'tutorial_objectstorage' retrieved from /home/airflow/.local/lib/python3.9/site-packages/airflow/example_dags/tutorial_objectstorage.py
[2025-12-11T23:25:16.261+0000] {logging_mixin.py:188} INFO - [2025-12-11T23:25:16.260+0000] {dag.py:3096} INFO - Sync 1 DAGs
[2025-12-11T23:25:16.299+0000] {logging_mixin.py:188} INFO - [2025-12-11T23:25:16.298+0000] {dag.py:3954} INFO - Setting next_dagrun for tutorial_objectstorage to None, run_after=None
[2025-12-11T23:25:16.342+0000] {processor.py:183} INFO - Processing /home/airflow/.local/lib/python3.9/site-packages/airflow/example_dags/tutorial_objectstorage.py took 0.180 seconds
[2025-12-11T23:25:46.476+0000] {processor.py:161} INFO - Started process (PID=4510) to work on /home/airflow/.local/lib/python3.9/site-packages/airflow/example_dags/tutorial_objectstorage.py
[2025-12-11T23:25:46.478+0000] {processor.py:830} INFO - Processing file /home/airflow/.local/lib/python3.9/site-packages/airflow/example_dags/tutorial_objectstorage.py for tasks to queue
[2025-12-11T23:25:46.481+0000] {logging_mixin.py:188} INFO - [2025-12-11T23:25:46.481+0000] {dagbag.py:545} INFO - Filling up the DagBag from /home/airflow/.local/lib/python3.9/site-packages/airflow/example_dags/tutorial_objectstorage.py
[2025-12-11T23:25:46.494+0000] {processor.py:840} INFO - DAG(s) 'tutorial_objectstorage' retrieved from /home/airflow/.local/lib/python3.9/site-packages/airflow/example_dags/tutorial_objectstorage.py
[2025-12-11T23:25:46.533+0000] {logging_mixin.py:188} INFO - [2025-12-11T23:25:46.533+0000] {dag.py:3096} INFO - Sync 1 DAGs
[2025-12-11T23:25:46.556+0000] {logging_mixin.py:188} INFO - [2025-12-11T23:25:46.556+0000] {dag.py:3954} INFO - Setting next_dagrun for tutorial_objectstorage to None, run_after=None
[2025-12-11T23:25:46.583+0000] {processor.py:183} INFO - Processing /home/airflow/.local/lib/python3.9/site-packages/airflow/example_dags/tutorial_objectstorage.py took 0.118 seconds
[2025-12-11T23:26:17.271+0000] {processor.py:161} INFO - Started process (PID=4576) to work on /home/airflow/.local/lib/python3.9/site-packages/airflow/example_dags/tutorial_objectstorage.py
[2025-12-11T23:26:17.279+0000] {processor.py:830} INFO - Processing file /home/airflow/.local/lib/python3.9/site-packages/airflow/example_dags/tutorial_objectstorage.py for tasks to queue
[2025-12-11T23:26:17.291+0000] {logging_mixin.py:188} INFO - [2025-12-11T23:26:17.290+0000] {dagbag.py:545} INFO - Filling up the DagBag from /home/airflow/.local/lib/python3.9/site-packages/airflow/example_dags/tutorial_objectstorage.py
[2025-12-11T23:26:17.312+0000] {processor.py:840} INFO - DAG(s) 'tutorial_objectstorage' retrieved from /home/airflow/.local/lib/python3.9/site-packages/airflow/example_dags/tutorial_objectstorage.py
[2025-12-11T23:26:17.396+0000] {logging_mixin.py:188} INFO - [2025-12-11T23:26:17.396+0000] {dag.py:3096} INFO - Sync 1 DAGs
[2025-12-11T23:26:17.440+0000] {logging_mixin.py:188} INFO - [2025-12-11T23:26:17.440+0000] {dag.py:3954} INFO - Setting next_dagrun for tutorial_objectstorage to None, run_after=None
[2025-12-11T23:26:17.518+0000] {processor.py:183} INFO - Processing /home/airflow/.local/lib/python3.9/site-packages/airflow/example_dags/tutorial_objectstorage.py took 0.267 seconds
[2025-12-11T23:26:48.031+0000] {processor.py:161} INFO - Started process (PID=4648) to work on /home/airflow/.local/lib/python3.9/site-packages/airflow/example_dags/tutorial_objectstorage.py
[2025-12-11T23:26:48.036+0000] {processor.py:830} INFO - Processing file /home/airflow/.local/lib/python3.9/site-packages/airflow/example_dags/tutorial_objectstorage.py for tasks to queue
[2025-12-11T23:26:48.039+0000] {logging_mixin.py:188} INFO - [2025-12-11T23:26:48.038+0000] {dagbag.py:545} INFO - Filling up the DagBag from /home/airflow/.local/lib/python3.9/site-packages/airflow/example_dags/tutorial_objectstorage.py
[2025-12-11T23:26:48.059+0000] {processor.py:840} INFO - DAG(s) 'tutorial_objectstorage' retrieved from /home/airflow/.local/lib/python3.9/site-packages/airflow/example_dags/tutorial_objectstorage.py
[2025-12-11T23:26:48.130+0000] {logging_mixin.py:188} INFO - [2025-12-11T23:26:48.129+0000] {dag.py:3096} INFO - Sync 1 DAGs
[2025-12-11T23:26:48.171+0000] {logging_mixin.py:188} INFO - [2025-12-11T23:26:48.171+0000] {dag.py:3954} INFO - Setting next_dagrun for tutorial_objectstorage to None, run_after=None
[2025-12-11T23:26:48.230+0000] {processor.py:183} INFO - Processing /home/airflow/.local/lib/python3.9/site-packages/airflow/example_dags/tutorial_objectstorage.py took 0.214 seconds
[2025-12-11T23:27:18.660+0000] {processor.py:161} INFO - Started process (PID=4715) to work on /home/airflow/.local/lib/python3.9/site-packages/airflow/example_dags/tutorial_objectstorage.py
[2025-12-11T23:27:18.668+0000] {processor.py:830} INFO - Processing file /home/airflow/.local/lib/python3.9/site-packages/airflow/example_dags/tutorial_objectstorage.py for tasks to queue
[2025-12-11T23:27:18.671+0000] {logging_mixin.py:188} INFO - [2025-12-11T23:27:18.671+0000] {dagbag.py:545} INFO - Filling up the DagBag from /home/airflow/.local/lib/python3.9/site-packages/airflow/example_dags/tutorial_objectstorage.py
[2025-12-11T23:27:18.684+0000] {processor.py:840} INFO - DAG(s) 'tutorial_objectstorage' retrieved from /home/airflow/.local/lib/python3.9/site-packages/airflow/example_dags/tutorial_objectstorage.py
[2025-12-11T23:27:18.721+0000] {logging_mixin.py:188} INFO - [2025-12-11T23:27:18.720+0000] {dag.py:3096} INFO - Sync 1 DAGs
[2025-12-11T23:27:18.743+0000] {logging_mixin.py:188} INFO - [2025-12-11T23:27:18.743+0000] {dag.py:3954} INFO - Setting next_dagrun for tutorial_objectstorage to None, run_after=None
[2025-12-11T23:27:18.774+0000] {processor.py:183} INFO - Processing /home/airflow/.local/lib/python3.9/site-packages/airflow/example_dags/tutorial_objectstorage.py took 0.126 seconds
[2025-12-11T23:27:49.279+0000] {processor.py:161} INFO - Started process (PID=4782) to work on /home/airflow/.local/lib/python3.9/site-packages/airflow/example_dags/tutorial_objectstorage.py
[2025-12-11T23:27:49.282+0000] {processor.py:830} INFO - Processing file /home/airflow/.local/lib/python3.9/site-packages/airflow/example_dags/tutorial_objectstorage.py for tasks to queue
[2025-12-11T23:27:49.284+0000] {logging_mixin.py:188} INFO - [2025-12-11T23:27:49.284+0000] {dagbag.py:545} INFO - Filling up the DagBag from /home/airflow/.local/lib/python3.9/site-packages/airflow/example_dags/tutorial_objectstorage.py
[2025-12-11T23:27:49.297+0000] {processor.py:840} INFO - DAG(s) 'tutorial_objectstorage' retrieved from /home/airflow/.local/lib/python3.9/site-packages/airflow/example_dags/tutorial_objectstorage.py
[2025-12-11T23:27:49.335+0000] {logging_mixin.py:188} INFO - [2025-12-11T23:27:49.335+0000] {dag.py:3096} INFO - Sync 1 DAGs
[2025-12-11T23:27:49.359+0000] {logging_mixin.py:188} INFO - [2025-12-11T23:27:49.358+0000] {dag.py:3954} INFO - Setting next_dagrun for tutorial_objectstorage to None, run_after=None
[2025-12-11T23:27:49.387+0000] {processor.py:183} INFO - Processing /home/airflow/.local/lib/python3.9/site-packages/airflow/example_dags/tutorial_objectstorage.py took 0.120 seconds
[2025-12-11T23:28:20.360+0000] {processor.py:161} INFO - Started process (PID=4848) to work on /home/airflow/.local/lib/python3.9/site-packages/airflow/example_dags/tutorial_objectstorage.py
[2025-12-11T23:28:20.363+0000] {processor.py:830} INFO - Processing file /home/airflow/.local/lib/python3.9/site-packages/airflow/example_dags/tutorial_objectstorage.py for tasks to queue
[2025-12-11T23:28:20.372+0000] {logging_mixin.py:188} INFO - [2025-12-11T23:28:20.371+0000] {dagbag.py:545} INFO - Filling up the DagBag from /home/airflow/.local/lib/python3.9/site-packages/airflow/example_dags/tutorial_objectstorage.py
[2025-12-11T23:28:20.398+0000] {processor.py:840} INFO - DAG(s) 'tutorial_objectstorage' retrieved from /home/airflow/.local/lib/python3.9/site-packages/airflow/example_dags/tutorial_objectstorage.py
[2025-12-11T23:28:20.474+0000] {logging_mixin.py:188} INFO - [2025-12-11T23:28:20.474+0000] {dag.py:3096} INFO - Sync 1 DAGs
[2025-12-11T23:28:20.516+0000] {logging_mixin.py:188} INFO - [2025-12-11T23:28:20.516+0000] {dag.py:3954} INFO - Setting next_dagrun for tutorial_objectstorage to None, run_after=None
[2025-12-11T23:28:20.591+0000] {processor.py:183} INFO - Processing /home/airflow/.local/lib/python3.9/site-packages/airflow/example_dags/tutorial_objectstorage.py took 0.253 seconds
[2025-12-11T23:28:51.599+0000] {processor.py:161} INFO - Started process (PID=4915) to work on /home/airflow/.local/lib/python3.9/site-packages/airflow/example_dags/tutorial_objectstorage.py
[2025-12-11T23:28:51.651+0000] {processor.py:830} INFO - Processing file /home/airflow/.local/lib/python3.9/site-packages/airflow/example_dags/tutorial_objectstorage.py for tasks to queue
[2025-12-11T23:28:51.655+0000] {logging_mixin.py:188} INFO - [2025-12-11T23:28:51.654+0000] {dagbag.py:545} INFO - Filling up the DagBag from /home/airflow/.local/lib/python3.9/site-packages/airflow/example_dags/tutorial_objectstorage.py
[2025-12-11T23:28:51.672+0000] {processor.py:840} INFO - DAG(s) 'tutorial_objectstorage' retrieved from /home/airflow/.local/lib/python3.9/site-packages/airflow/example_dags/tutorial_objectstorage.py
[2025-12-11T23:28:51.720+0000] {logging_mixin.py:188} INFO - [2025-12-11T23:28:51.720+0000] {dag.py:3096} INFO - Sync 1 DAGs
[2025-12-11T23:28:51.758+0000] {logging_mixin.py:188} INFO - [2025-12-11T23:28:51.758+0000] {dag.py:3954} INFO - Setting next_dagrun for tutorial_objectstorage to None, run_after=None
[2025-12-11T23:28:51.813+0000] {processor.py:183} INFO - Processing /home/airflow/.local/lib/python3.9/site-packages/airflow/example_dags/tutorial_objectstorage.py took 0.234 seconds
[2025-12-11T23:29:22.355+0000] {processor.py:161} INFO - Started process (PID=4982) to work on /home/airflow/.local/lib/python3.9/site-packages/airflow/example_dags/tutorial_objectstorage.py
[2025-12-11T23:29:22.357+0000] {processor.py:830} INFO - Processing file /home/airflow/.local/lib/python3.9/site-packages/airflow/example_dags/tutorial_objectstorage.py for tasks to queue
[2025-12-11T23:29:22.360+0000] {logging_mixin.py:188} INFO - [2025-12-11T23:29:22.359+0000] {dagbag.py:545} INFO - Filling up the DagBag from /home/airflow/.local/lib/python3.9/site-packages/airflow/example_dags/tutorial_objectstorage.py
[2025-12-11T23:29:22.373+0000] {processor.py:840} INFO - DAG(s) 'tutorial_objectstorage' retrieved from /home/airflow/.local/lib/python3.9/site-packages/airflow/example_dags/tutorial_objectstorage.py
[2025-12-11T23:29:22.414+0000] {logging_mixin.py:188} INFO - [2025-12-11T23:29:22.413+0000] {dag.py:3096} INFO - Sync 1 DAGs
[2025-12-11T23:29:22.436+0000] {logging_mixin.py:188} INFO - [2025-12-11T23:29:22.436+0000] {dag.py:3954} INFO - Setting next_dagrun for tutorial_objectstorage to None, run_after=None
[2025-12-11T23:29:22.468+0000] {processor.py:183} INFO - Processing /home/airflow/.local/lib/python3.9/site-packages/airflow/example_dags/tutorial_objectstorage.py took 0.131 seconds
[2025-12-11T23:29:52.642+0000] {processor.py:161} INFO - Started process (PID=5049) to work on /home/airflow/.local/lib/python3.9/site-packages/airflow/example_dags/tutorial_objectstorage.py
[2025-12-11T23:29:52.644+0000] {processor.py:830} INFO - Processing file /home/airflow/.local/lib/python3.9/site-packages/airflow/example_dags/tutorial_objectstorage.py for tasks to queue
[2025-12-11T23:29:52.647+0000] {logging_mixin.py:188} INFO - [2025-12-11T23:29:52.646+0000] {dagbag.py:545} INFO - Filling up the DagBag from /home/airflow/.local/lib/python3.9/site-packages/airflow/example_dags/tutorial_objectstorage.py
[2025-12-11T23:29:52.659+0000] {processor.py:840} INFO - DAG(s) 'tutorial_objectstorage' retrieved from /home/airflow/.local/lib/python3.9/site-packages/airflow/example_dags/tutorial_objectstorage.py
[2025-12-11T23:29:52.696+0000] {logging_mixin.py:188} INFO - [2025-12-11T23:29:52.695+0000] {dag.py:3096} INFO - Sync 1 DAGs
[2025-12-11T23:29:52.718+0000] {logging_mixin.py:188} INFO - [2025-12-11T23:29:52.718+0000] {dag.py:3954} INFO - Setting next_dagrun for tutorial_objectstorage to None, run_after=None
[2025-12-11T23:29:52.746+0000] {processor.py:183} INFO - Processing /home/airflow/.local/lib/python3.9/site-packages/airflow/example_dags/tutorial_objectstorage.py took 0.114 seconds
[2025-12-11T23:30:23.369+0000] {processor.py:161} INFO - Started process (PID=5123) to work on /home/airflow/.local/lib/python3.9/site-packages/airflow/example_dags/tutorial_objectstorage.py
[2025-12-11T23:30:23.371+0000] {processor.py:830} INFO - Processing file /home/airflow/.local/lib/python3.9/site-packages/airflow/example_dags/tutorial_objectstorage.py for tasks to queue
[2025-12-11T23:30:23.374+0000] {logging_mixin.py:188} INFO - [2025-12-11T23:30:23.373+0000] {dagbag.py:545} INFO - Filling up the DagBag from /home/airflow/.local/lib/python3.9/site-packages/airflow/example_dags/tutorial_objectstorage.py
[2025-12-11T23:30:23.393+0000] {processor.py:840} INFO - DAG(s) 'tutorial_objectstorage' retrieved from /home/airflow/.local/lib/python3.9/site-packages/airflow/example_dags/tutorial_objectstorage.py
[2025-12-11T23:30:23.444+0000] {logging_mixin.py:188} INFO - [2025-12-11T23:30:23.443+0000] {dag.py:3096} INFO - Sync 1 DAGs
[2025-12-11T23:30:23.477+0000] {logging_mixin.py:188} INFO - [2025-12-11T23:30:23.477+0000] {dag.py:3954} INFO - Setting next_dagrun for tutorial_objectstorage to None, run_after=None
[2025-12-11T23:30:23.543+0000] {processor.py:183} INFO - Processing /home/airflow/.local/lib/python3.9/site-packages/airflow/example_dags/tutorial_objectstorage.py took 0.193 seconds
[2025-12-11T23:30:53.853+0000] {processor.py:161} INFO - Started process (PID=5190) to work on /home/airflow/.local/lib/python3.9/site-packages/airflow/example_dags/tutorial_objectstorage.py
[2025-12-11T23:30:53.855+0000] {processor.py:830} INFO - Processing file /home/airflow/.local/lib/python3.9/site-packages/airflow/example_dags/tutorial_objectstorage.py for tasks to queue
[2025-12-11T23:30:53.858+0000] {logging_mixin.py:188} INFO - [2025-12-11T23:30:53.857+0000] {dagbag.py:545} INFO - Filling up the DagBag from /home/airflow/.local/lib/python3.9/site-packages/airflow/example_dags/tutorial_objectstorage.py
[2025-12-11T23:30:53.879+0000] {processor.py:840} INFO - DAG(s) 'tutorial_objectstorage' retrieved from /home/airflow/.local/lib/python3.9/site-packages/airflow/example_dags/tutorial_objectstorage.py
[2025-12-11T23:30:53.954+0000] {logging_mixin.py:188} INFO - [2025-12-11T23:30:53.953+0000] {dag.py:3096} INFO - Sync 1 DAGs
[2025-12-11T23:30:53.991+0000] {logging_mixin.py:188} INFO - [2025-12-11T23:30:53.990+0000] {dag.py:3954} INFO - Setting next_dagrun for tutorial_objectstorage to None, run_after=None
[2025-12-11T23:30:54.036+0000] {processor.py:183} INFO - Processing /home/airflow/.local/lib/python3.9/site-packages/airflow/example_dags/tutorial_objectstorage.py took 0.198 seconds
[2025-12-11T23:31:24.930+0000] {processor.py:161} INFO - Started process (PID=5257) to work on /home/airflow/.local/lib/python3.9/site-packages/airflow/example_dags/tutorial_objectstorage.py
[2025-12-11T23:31:25.017+0000] {processor.py:830} INFO - Processing file /home/airflow/.local/lib/python3.9/site-packages/airflow/example_dags/tutorial_objectstorage.py for tasks to queue
[2025-12-11T23:31:25.021+0000] {logging_mixin.py:188} INFO - [2025-12-11T23:31:25.021+0000] {dagbag.py:545} INFO - Filling up the DagBag from /home/airflow/.local/lib/python3.9/site-packages/airflow/example_dags/tutorial_objectstorage.py
[2025-12-11T23:31:25.050+0000] {processor.py:840} INFO - DAG(s) 'tutorial_objectstorage' retrieved from /home/airflow/.local/lib/python3.9/site-packages/airflow/example_dags/tutorial_objectstorage.py
[2025-12-11T23:31:25.093+0000] {logging_mixin.py:188} INFO - [2025-12-11T23:31:25.093+0000] {dag.py:3096} INFO - Sync 1 DAGs
[2025-12-11T23:31:25.174+0000] {logging_mixin.py:188} INFO - [2025-12-11T23:31:25.173+0000] {dag.py:3954} INFO - Setting next_dagrun for tutorial_objectstorage to None, run_after=None
[2025-12-11T23:31:25.252+0000] {processor.py:183} INFO - Processing /home/airflow/.local/lib/python3.9/site-packages/airflow/example_dags/tutorial_objectstorage.py took 0.335 seconds
[2025-12-11T23:31:55.572+0000] {processor.py:161} INFO - Started process (PID=5324) to work on /home/airflow/.local/lib/python3.9/site-packages/airflow/example_dags/tutorial_objectstorage.py
[2025-12-11T23:31:55.580+0000] {processor.py:830} INFO - Processing file /home/airflow/.local/lib/python3.9/site-packages/airflow/example_dags/tutorial_objectstorage.py for tasks to queue
[2025-12-11T23:31:55.584+0000] {logging_mixin.py:188} INFO - [2025-12-11T23:31:55.584+0000] {dagbag.py:545} INFO - Filling up the DagBag from /home/airflow/.local/lib/python3.9/site-packages/airflow/example_dags/tutorial_objectstorage.py
[2025-12-11T23:31:55.599+0000] {processor.py:840} INFO - DAG(s) 'tutorial_objectstorage' retrieved from /home/airflow/.local/lib/python3.9/site-packages/airflow/example_dags/tutorial_objectstorage.py
[2025-12-11T23:31:55.636+0000] {logging_mixin.py:188} INFO - [2025-12-11T23:31:55.636+0000] {dag.py:3096} INFO - Sync 1 DAGs
[2025-12-11T23:31:55.657+0000] {logging_mixin.py:188} INFO - [2025-12-11T23:31:55.657+0000] {dag.py:3954} INFO - Setting next_dagrun for tutorial_objectstorage to None, run_after=None
[2025-12-11T23:31:55.942+0000] {processor.py:183} INFO - Processing /home/airflow/.local/lib/python3.9/site-packages/airflow/example_dags/tutorial_objectstorage.py took 0.382 seconds
[2025-12-11T23:32:26.652+0000] {processor.py:161} INFO - Started process (PID=5391) to work on /home/airflow/.local/lib/python3.9/site-packages/airflow/example_dags/tutorial_objectstorage.py
[2025-12-11T23:32:26.653+0000] {processor.py:830} INFO - Processing file /home/airflow/.local/lib/python3.9/site-packages/airflow/example_dags/tutorial_objectstorage.py for tasks to queue
[2025-12-11T23:32:26.656+0000] {logging_mixin.py:188} INFO - [2025-12-11T23:32:26.655+0000] {dagbag.py:545} INFO - Filling up the DagBag from /home/airflow/.local/lib/python3.9/site-packages/airflow/example_dags/tutorial_objectstorage.py
[2025-12-11T23:32:26.671+0000] {processor.py:840} INFO - DAG(s) 'tutorial_objectstorage' retrieved from /home/airflow/.local/lib/python3.9/site-packages/airflow/example_dags/tutorial_objectstorage.py
[2025-12-11T23:32:26.716+0000] {logging_mixin.py:188} INFO - [2025-12-11T23:32:26.716+0000] {dag.py:3096} INFO - Sync 1 DAGs
[2025-12-11T23:32:26.741+0000] {logging_mixin.py:188} INFO - [2025-12-11T23:32:26.740+0000] {dag.py:3954} INFO - Setting next_dagrun for tutorial_objectstorage to None, run_after=None
[2025-12-11T23:32:26.773+0000] {processor.py:183} INFO - Processing /home/airflow/.local/lib/python3.9/site-packages/airflow/example_dags/tutorial_objectstorage.py took 0.135 seconds
[2025-12-11T23:32:57.391+0000] {processor.py:161} INFO - Started process (PID=5458) to work on /home/airflow/.local/lib/python3.9/site-packages/airflow/example_dags/tutorial_objectstorage.py
[2025-12-11T23:32:57.393+0000] {processor.py:830} INFO - Processing file /home/airflow/.local/lib/python3.9/site-packages/airflow/example_dags/tutorial_objectstorage.py for tasks to queue
[2025-12-11T23:32:57.396+0000] {logging_mixin.py:188} INFO - [2025-12-11T23:32:57.396+0000] {dagbag.py:545} INFO - Filling up the DagBag from /home/airflow/.local/lib/python3.9/site-packages/airflow/example_dags/tutorial_objectstorage.py
[2025-12-11T23:32:57.413+0000] {processor.py:840} INFO - DAG(s) 'tutorial_objectstorage' retrieved from /home/airflow/.local/lib/python3.9/site-packages/airflow/example_dags/tutorial_objectstorage.py
[2025-12-11T23:32:57.452+0000] {logging_mixin.py:188} INFO - [2025-12-11T23:32:57.451+0000] {dag.py:3096} INFO - Sync 1 DAGs
[2025-12-11T23:32:57.474+0000] {logging_mixin.py:188} INFO - [2025-12-11T23:32:57.473+0000] {dag.py:3954} INFO - Setting next_dagrun for tutorial_objectstorage to None, run_after=None
[2025-12-11T23:32:57.505+0000] {processor.py:183} INFO - Processing /home/airflow/.local/lib/python3.9/site-packages/airflow/example_dags/tutorial_objectstorage.py took 0.128 seconds
[2025-12-11T23:33:27.743+0000] {processor.py:161} INFO - Started process (PID=5525) to work on /home/airflow/.local/lib/python3.9/site-packages/airflow/example_dags/tutorial_objectstorage.py
[2025-12-11T23:33:27.744+0000] {processor.py:830} INFO - Processing file /home/airflow/.local/lib/python3.9/site-packages/airflow/example_dags/tutorial_objectstorage.py for tasks to queue
[2025-12-11T23:33:27.747+0000] {logging_mixin.py:188} INFO - [2025-12-11T23:33:27.747+0000] {dagbag.py:545} INFO - Filling up the DagBag from /home/airflow/.local/lib/python3.9/site-packages/airflow/example_dags/tutorial_objectstorage.py
[2025-12-11T23:33:27.760+0000] {processor.py:840} INFO - DAG(s) 'tutorial_objectstorage' retrieved from /home/airflow/.local/lib/python3.9/site-packages/airflow/example_dags/tutorial_objectstorage.py
[2025-12-11T23:33:27.796+0000] {logging_mixin.py:188} INFO - [2025-12-11T23:33:27.795+0000] {dag.py:3096} INFO - Sync 1 DAGs
[2025-12-11T23:33:27.816+0000] {logging_mixin.py:188} INFO - [2025-12-11T23:33:27.815+0000] {dag.py:3954} INFO - Setting next_dagrun for tutorial_objectstorage to None, run_after=None
[2025-12-11T23:33:27.843+0000] {processor.py:183} INFO - Processing /home/airflow/.local/lib/python3.9/site-packages/airflow/example_dags/tutorial_objectstorage.py took 0.110 seconds
[2025-12-11T23:33:58.456+0000] {processor.py:161} INFO - Started process (PID=5592) to work on /home/airflow/.local/lib/python3.9/site-packages/airflow/example_dags/tutorial_objectstorage.py
[2025-12-11T23:33:58.458+0000] {processor.py:830} INFO - Processing file /home/airflow/.local/lib/python3.9/site-packages/airflow/example_dags/tutorial_objectstorage.py for tasks to queue
[2025-12-11T23:33:58.461+0000] {logging_mixin.py:188} INFO - [2025-12-11T23:33:58.460+0000] {dagbag.py:545} INFO - Filling up the DagBag from /home/airflow/.local/lib/python3.9/site-packages/airflow/example_dags/tutorial_objectstorage.py
[2025-12-11T23:33:58.474+0000] {processor.py:840} INFO - DAG(s) 'tutorial_objectstorage' retrieved from /home/airflow/.local/lib/python3.9/site-packages/airflow/example_dags/tutorial_objectstorage.py
[2025-12-11T23:33:58.511+0000] {logging_mixin.py:188} INFO - [2025-12-11T23:33:58.510+0000] {dag.py:3096} INFO - Sync 1 DAGs
[2025-12-11T23:33:58.533+0000] {logging_mixin.py:188} INFO - [2025-12-11T23:33:58.532+0000] {dag.py:3954} INFO - Setting next_dagrun for tutorial_objectstorage to None, run_after=None
[2025-12-11T23:33:58.561+0000] {processor.py:183} INFO - Processing /home/airflow/.local/lib/python3.9/site-packages/airflow/example_dags/tutorial_objectstorage.py took 0.116 seconds
[2025-12-11T23:34:28.713+0000] {processor.py:161} INFO - Started process (PID=5659) to work on /home/airflow/.local/lib/python3.9/site-packages/airflow/example_dags/tutorial_objectstorage.py
[2025-12-11T23:34:28.721+0000] {processor.py:830} INFO - Processing file /home/airflow/.local/lib/python3.9/site-packages/airflow/example_dags/tutorial_objectstorage.py for tasks to queue
[2025-12-11T23:34:28.724+0000] {logging_mixin.py:188} INFO - [2025-12-11T23:34:28.723+0000] {dagbag.py:545} INFO - Filling up the DagBag from /home/airflow/.local/lib/python3.9/site-packages/airflow/example_dags/tutorial_objectstorage.py
[2025-12-11T23:34:28.736+0000] {processor.py:840} INFO - DAG(s) 'tutorial_objectstorage' retrieved from /home/airflow/.local/lib/python3.9/site-packages/airflow/example_dags/tutorial_objectstorage.py
[2025-12-11T23:34:28.774+0000] {logging_mixin.py:188} INFO - [2025-12-11T23:34:28.773+0000] {dag.py:3096} INFO - Sync 1 DAGs
[2025-12-11T23:34:28.794+0000] {logging_mixin.py:188} INFO - [2025-12-11T23:34:28.794+0000] {dag.py:3954} INFO - Setting next_dagrun for tutorial_objectstorage to None, run_after=None
[2025-12-11T23:34:28.820+0000] {processor.py:183} INFO - Processing /home/airflow/.local/lib/python3.9/site-packages/airflow/example_dags/tutorial_objectstorage.py took 0.117 seconds
[2025-12-11T23:34:59.108+0000] {processor.py:161} INFO - Started process (PID=5726) to work on /home/airflow/.local/lib/python3.9/site-packages/airflow/example_dags/tutorial_objectstorage.py
[2025-12-11T23:34:59.109+0000] {processor.py:830} INFO - Processing file /home/airflow/.local/lib/python3.9/site-packages/airflow/example_dags/tutorial_objectstorage.py for tasks to queue
[2025-12-11T23:34:59.112+0000] {logging_mixin.py:188} INFO - [2025-12-11T23:34:59.112+0000] {dagbag.py:545} INFO - Filling up the DagBag from /home/airflow/.local/lib/python3.9/site-packages/airflow/example_dags/tutorial_objectstorage.py
[2025-12-11T23:34:59.124+0000] {processor.py:840} INFO - DAG(s) 'tutorial_objectstorage' retrieved from /home/airflow/.local/lib/python3.9/site-packages/airflow/example_dags/tutorial_objectstorage.py
[2025-12-11T23:34:59.160+0000] {logging_mixin.py:188} INFO - [2025-12-11T23:34:59.160+0000] {dag.py:3096} INFO - Sync 1 DAGs
[2025-12-11T23:34:59.180+0000] {logging_mixin.py:188} INFO - [2025-12-11T23:34:59.180+0000] {dag.py:3954} INFO - Setting next_dagrun for tutorial_objectstorage to None, run_after=None
[2025-12-11T23:34:59.207+0000] {processor.py:183} INFO - Processing /home/airflow/.local/lib/python3.9/site-packages/airflow/example_dags/tutorial_objectstorage.py took 0.110 seconds
[2025-12-11T23:35:29.626+0000] {processor.py:161} INFO - Started process (PID=5792) to work on /home/airflow/.local/lib/python3.9/site-packages/airflow/example_dags/tutorial_objectstorage.py
[2025-12-11T23:35:29.636+0000] {processor.py:830} INFO - Processing file /home/airflow/.local/lib/python3.9/site-packages/airflow/example_dags/tutorial_objectstorage.py for tasks to queue
[2025-12-11T23:35:29.638+0000] {logging_mixin.py:188} INFO - [2025-12-11T23:35:29.638+0000] {dagbag.py:545} INFO - Filling up the DagBag from /home/airflow/.local/lib/python3.9/site-packages/airflow/example_dags/tutorial_objectstorage.py
[2025-12-11T23:35:29.649+0000] {processor.py:840} INFO - DAG(s) 'tutorial_objectstorage' retrieved from /home/airflow/.local/lib/python3.9/site-packages/airflow/example_dags/tutorial_objectstorage.py
[2025-12-11T23:35:29.688+0000] {logging_mixin.py:188} INFO - [2025-12-11T23:35:29.687+0000] {dag.py:3096} INFO - Sync 1 DAGs
[2025-12-11T23:35:29.713+0000] {logging_mixin.py:188} INFO - [2025-12-11T23:35:29.712+0000] {dag.py:3954} INFO - Setting next_dagrun for tutorial_objectstorage to None, run_after=None
[2025-12-11T23:35:29.746+0000] {processor.py:183} INFO - Processing /home/airflow/.local/lib/python3.9/site-packages/airflow/example_dags/tutorial_objectstorage.py took 0.129 seconds
[2025-12-11T23:36:00.003+0000] {processor.py:161} INFO - Started process (PID=5859) to work on /home/airflow/.local/lib/python3.9/site-packages/airflow/example_dags/tutorial_objectstorage.py
[2025-12-11T23:36:00.004+0000] {processor.py:830} INFO - Processing file /home/airflow/.local/lib/python3.9/site-packages/airflow/example_dags/tutorial_objectstorage.py for tasks to queue
[2025-12-11T23:36:00.008+0000] {logging_mixin.py:188} INFO - [2025-12-11T23:36:00.007+0000] {dagbag.py:545} INFO - Filling up the DagBag from /home/airflow/.local/lib/python3.9/site-packages/airflow/example_dags/tutorial_objectstorage.py
[2025-12-11T23:36:00.022+0000] {processor.py:840} INFO - DAG(s) 'tutorial_objectstorage' retrieved from /home/airflow/.local/lib/python3.9/site-packages/airflow/example_dags/tutorial_objectstorage.py
[2025-12-11T23:36:00.073+0000] {logging_mixin.py:188} INFO - [2025-12-11T23:36:00.073+0000] {dag.py:3096} INFO - Sync 1 DAGs
[2025-12-11T23:36:00.098+0000] {logging_mixin.py:188} INFO - [2025-12-11T23:36:00.097+0000] {dag.py:3954} INFO - Setting next_dagrun for tutorial_objectstorage to None, run_after=None
[2025-12-11T23:36:00.182+0000] {processor.py:183} INFO - Processing /home/airflow/.local/lib/python3.9/site-packages/airflow/example_dags/tutorial_objectstorage.py took 0.192 seconds
[2025-12-11T23:36:30.932+0000] {processor.py:161} INFO - Started process (PID=5926) to work on /home/airflow/.local/lib/python3.9/site-packages/airflow/example_dags/tutorial_objectstorage.py
[2025-12-11T23:36:30.972+0000] {processor.py:830} INFO - Processing file /home/airflow/.local/lib/python3.9/site-packages/airflow/example_dags/tutorial_objectstorage.py for tasks to queue
[2025-12-11T23:36:30.975+0000] {logging_mixin.py:188} INFO - [2025-12-11T23:36:30.975+0000] {dagbag.py:545} INFO - Filling up the DagBag from /home/airflow/.local/lib/python3.9/site-packages/airflow/example_dags/tutorial_objectstorage.py
[2025-12-11T23:36:30.989+0000] {processor.py:840} INFO - DAG(s) 'tutorial_objectstorage' retrieved from /home/airflow/.local/lib/python3.9/site-packages/airflow/example_dags/tutorial_objectstorage.py
[2025-12-11T23:36:31.031+0000] {logging_mixin.py:188} INFO - [2025-12-11T23:36:31.031+0000] {dag.py:3096} INFO - Sync 1 DAGs
[2025-12-11T23:36:31.056+0000] {logging_mixin.py:188} INFO - [2025-12-11T23:36:31.055+0000] {dag.py:3954} INFO - Setting next_dagrun for tutorial_objectstorage to None, run_after=None
[2025-12-11T23:36:31.110+0000] {processor.py:183} INFO - Processing /home/airflow/.local/lib/python3.9/site-packages/airflow/example_dags/tutorial_objectstorage.py took 0.188 seconds
[2025-12-11T23:37:01.488+0000] {processor.py:161} INFO - Started process (PID=5994) to work on /home/airflow/.local/lib/python3.9/site-packages/airflow/example_dags/tutorial_objectstorage.py
[2025-12-11T23:37:01.490+0000] {processor.py:830} INFO - Processing file /home/airflow/.local/lib/python3.9/site-packages/airflow/example_dags/tutorial_objectstorage.py for tasks to queue
[2025-12-11T23:37:01.493+0000] {logging_mixin.py:188} INFO - [2025-12-11T23:37:01.493+0000] {dagbag.py:545} INFO - Filling up the DagBag from /home/airflow/.local/lib/python3.9/site-packages/airflow/example_dags/tutorial_objectstorage.py
[2025-12-11T23:37:01.507+0000] {processor.py:840} INFO - DAG(s) 'tutorial_objectstorage' retrieved from /home/airflow/.local/lib/python3.9/site-packages/airflow/example_dags/tutorial_objectstorage.py
[2025-12-11T23:37:01.553+0000] {logging_mixin.py:188} INFO - [2025-12-11T23:37:01.553+0000] {dag.py:3096} INFO - Sync 1 DAGs
[2025-12-11T23:37:01.577+0000] {logging_mixin.py:188} INFO - [2025-12-11T23:37:01.577+0000] {dag.py:3954} INFO - Setting next_dagrun for tutorial_objectstorage to None, run_after=None
[2025-12-11T23:37:01.607+0000] {processor.py:183} INFO - Processing /home/airflow/.local/lib/python3.9/site-packages/airflow/example_dags/tutorial_objectstorage.py took 0.130 seconds
[2025-12-11T23:37:31.931+0000] {processor.py:161} INFO - Started process (PID=6061) to work on /home/airflow/.local/lib/python3.9/site-packages/airflow/example_dags/tutorial_objectstorage.py
[2025-12-11T23:37:31.932+0000] {processor.py:830} INFO - Processing file /home/airflow/.local/lib/python3.9/site-packages/airflow/example_dags/tutorial_objectstorage.py for tasks to queue
[2025-12-11T23:37:31.935+0000] {logging_mixin.py:188} INFO - [2025-12-11T23:37:31.935+0000] {dagbag.py:545} INFO - Filling up the DagBag from /home/airflow/.local/lib/python3.9/site-packages/airflow/example_dags/tutorial_objectstorage.py
[2025-12-11T23:37:31.947+0000] {processor.py:840} INFO - DAG(s) 'tutorial_objectstorage' retrieved from /home/airflow/.local/lib/python3.9/site-packages/airflow/example_dags/tutorial_objectstorage.py
[2025-12-11T23:37:31.985+0000] {logging_mixin.py:188} INFO - [2025-12-11T23:37:31.984+0000] {dag.py:3096} INFO - Sync 1 DAGs
[2025-12-11T23:37:32.008+0000] {logging_mixin.py:188} INFO - [2025-12-11T23:37:32.007+0000] {dag.py:3954} INFO - Setting next_dagrun for tutorial_objectstorage to None, run_after=None
[2025-12-11T23:37:32.038+0000] {processor.py:183} INFO - Processing /home/airflow/.local/lib/python3.9/site-packages/airflow/example_dags/tutorial_objectstorage.py took 0.117 seconds
[2025-12-11T23:38:02.346+0000] {processor.py:161} INFO - Started process (PID=6128) to work on /home/airflow/.local/lib/python3.9/site-packages/airflow/example_dags/tutorial_objectstorage.py
[2025-12-11T23:38:02.347+0000] {processor.py:830} INFO - Processing file /home/airflow/.local/lib/python3.9/site-packages/airflow/example_dags/tutorial_objectstorage.py for tasks to queue
[2025-12-11T23:38:02.350+0000] {logging_mixin.py:188} INFO - [2025-12-11T23:38:02.350+0000] {dagbag.py:545} INFO - Filling up the DagBag from /home/airflow/.local/lib/python3.9/site-packages/airflow/example_dags/tutorial_objectstorage.py
[2025-12-11T23:38:02.362+0000] {processor.py:840} INFO - DAG(s) 'tutorial_objectstorage' retrieved from /home/airflow/.local/lib/python3.9/site-packages/airflow/example_dags/tutorial_objectstorage.py
[2025-12-11T23:38:02.399+0000] {logging_mixin.py:188} INFO - [2025-12-11T23:38:02.398+0000] {dag.py:3096} INFO - Sync 1 DAGs
[2025-12-11T23:38:02.421+0000] {logging_mixin.py:188} INFO - [2025-12-11T23:38:02.421+0000] {dag.py:3954} INFO - Setting next_dagrun for tutorial_objectstorage to None, run_after=None
[2025-12-11T23:38:02.451+0000] {processor.py:183} INFO - Processing /home/airflow/.local/lib/python3.9/site-packages/airflow/example_dags/tutorial_objectstorage.py took 0.116 seconds
[2025-12-11T23:38:32.951+0000] {processor.py:161} INFO - Started process (PID=6195) to work on /home/airflow/.local/lib/python3.9/site-packages/airflow/example_dags/tutorial_objectstorage.py
[2025-12-11T23:38:32.954+0000] {processor.py:830} INFO - Processing file /home/airflow/.local/lib/python3.9/site-packages/airflow/example_dags/tutorial_objectstorage.py for tasks to queue
[2025-12-11T23:38:32.957+0000] {logging_mixin.py:188} INFO - [2025-12-11T23:38:32.956+0000] {dagbag.py:545} INFO - Filling up the DagBag from /home/airflow/.local/lib/python3.9/site-packages/airflow/example_dags/tutorial_objectstorage.py
[2025-12-11T23:38:32.972+0000] {processor.py:840} INFO - DAG(s) 'tutorial_objectstorage' retrieved from /home/airflow/.local/lib/python3.9/site-packages/airflow/example_dags/tutorial_objectstorage.py
[2025-12-11T23:38:33.020+0000] {logging_mixin.py:188} INFO - [2025-12-11T23:38:33.019+0000] {dag.py:3096} INFO - Sync 1 DAGs
[2025-12-11T23:38:33.053+0000] {logging_mixin.py:188} INFO - [2025-12-11T23:38:33.052+0000] {dag.py:3954} INFO - Setting next_dagrun for tutorial_objectstorage to None, run_after=None
[2025-12-11T23:38:33.099+0000] {processor.py:183} INFO - Processing /home/airflow/.local/lib/python3.9/site-packages/airflow/example_dags/tutorial_objectstorage.py took 0.161 seconds
[2025-12-11T23:39:04.013+0000] {processor.py:161} INFO - Started process (PID=6262) to work on /home/airflow/.local/lib/python3.9/site-packages/airflow/example_dags/tutorial_objectstorage.py
[2025-12-11T23:39:04.015+0000] {processor.py:830} INFO - Processing file /home/airflow/.local/lib/python3.9/site-packages/airflow/example_dags/tutorial_objectstorage.py for tasks to queue
[2025-12-11T23:39:04.019+0000] {logging_mixin.py:188} INFO - [2025-12-11T23:39:04.018+0000] {dagbag.py:545} INFO - Filling up the DagBag from /home/airflow/.local/lib/python3.9/site-packages/airflow/example_dags/tutorial_objectstorage.py
[2025-12-11T23:39:04.034+0000] {processor.py:840} INFO - DAG(s) 'tutorial_objectstorage' retrieved from /home/airflow/.local/lib/python3.9/site-packages/airflow/example_dags/tutorial_objectstorage.py
[2025-12-11T23:39:04.088+0000] {logging_mixin.py:188} INFO - [2025-12-11T23:39:04.087+0000] {dag.py:3096} INFO - Sync 1 DAGs
[2025-12-11T23:39:04.126+0000] {logging_mixin.py:188} INFO - [2025-12-11T23:39:04.126+0000] {dag.py:3954} INFO - Setting next_dagrun for tutorial_objectstorage to None, run_after=None
[2025-12-11T23:39:04.177+0000] {processor.py:183} INFO - Processing /home/airflow/.local/lib/python3.9/site-packages/airflow/example_dags/tutorial_objectstorage.py took 0.176 seconds
[2025-12-11T23:39:34.743+0000] {processor.py:161} INFO - Started process (PID=6329) to work on /home/airflow/.local/lib/python3.9/site-packages/airflow/example_dags/tutorial_objectstorage.py
[2025-12-11T23:39:34.766+0000] {processor.py:830} INFO - Processing file /home/airflow/.local/lib/python3.9/site-packages/airflow/example_dags/tutorial_objectstorage.py for tasks to queue
[2025-12-11T23:39:34.769+0000] {logging_mixin.py:188} INFO - [2025-12-11T23:39:34.769+0000] {dagbag.py:545} INFO - Filling up the DagBag from /home/airflow/.local/lib/python3.9/site-packages/airflow/example_dags/tutorial_objectstorage.py
[2025-12-11T23:39:34.785+0000] {processor.py:840} INFO - DAG(s) 'tutorial_objectstorage' retrieved from /home/airflow/.local/lib/python3.9/site-packages/airflow/example_dags/tutorial_objectstorage.py
[2025-12-11T23:39:34.825+0000] {logging_mixin.py:188} INFO - [2025-12-11T23:39:34.824+0000] {dag.py:3096} INFO - Sync 1 DAGs
[2025-12-11T23:39:34.847+0000] {logging_mixin.py:188} INFO - [2025-12-11T23:39:34.847+0000] {dag.py:3954} INFO - Setting next_dagrun for tutorial_objectstorage to None, run_after=None
[2025-12-11T23:39:34.876+0000] {processor.py:183} INFO - Processing /home/airflow/.local/lib/python3.9/site-packages/airflow/example_dags/tutorial_objectstorage.py took 0.147 seconds
[2025-12-11T23:40:04.998+0000] {processor.py:161} INFO - Started process (PID=6396) to work on /home/airflow/.local/lib/python3.9/site-packages/airflow/example_dags/tutorial_objectstorage.py
[2025-12-11T23:40:05.000+0000] {processor.py:830} INFO - Processing file /home/airflow/.local/lib/python3.9/site-packages/airflow/example_dags/tutorial_objectstorage.py for tasks to queue
[2025-12-11T23:40:05.004+0000] {logging_mixin.py:188} INFO - [2025-12-11T23:40:05.003+0000] {dagbag.py:545} INFO - Filling up the DagBag from /home/airflow/.local/lib/python3.9/site-packages/airflow/example_dags/tutorial_objectstorage.py
[2025-12-11T23:40:05.018+0000] {processor.py:840} INFO - DAG(s) 'tutorial_objectstorage' retrieved from /home/airflow/.local/lib/python3.9/site-packages/airflow/example_dags/tutorial_objectstorage.py
[2025-12-11T23:40:05.061+0000] {logging_mixin.py:188} INFO - [2025-12-11T23:40:05.060+0000] {dag.py:3096} INFO - Sync 1 DAGs
[2025-12-11T23:40:05.092+0000] {logging_mixin.py:188} INFO - [2025-12-11T23:40:05.091+0000] {dag.py:3954} INFO - Setting next_dagrun for tutorial_objectstorage to None, run_after=None
[2025-12-11T23:40:05.129+0000] {processor.py:183} INFO - Processing /home/airflow/.local/lib/python3.9/site-packages/airflow/example_dags/tutorial_objectstorage.py took 0.143 seconds
[2025-12-11T23:40:36.560+0000] {processor.py:161} INFO - Started process (PID=6463) to work on /home/airflow/.local/lib/python3.9/site-packages/airflow/example_dags/tutorial_objectstorage.py
[2025-12-11T23:40:36.567+0000] {processor.py:830} INFO - Processing file /home/airflow/.local/lib/python3.9/site-packages/airflow/example_dags/tutorial_objectstorage.py for tasks to queue
[2025-12-11T23:40:36.570+0000] {logging_mixin.py:188} INFO - [2025-12-11T23:40:36.570+0000] {dagbag.py:545} INFO - Filling up the DagBag from /home/airflow/.local/lib/python3.9/site-packages/airflow/example_dags/tutorial_objectstorage.py
[2025-12-11T23:40:36.582+0000] {processor.py:840} INFO - DAG(s) 'tutorial_objectstorage' retrieved from /home/airflow/.local/lib/python3.9/site-packages/airflow/example_dags/tutorial_objectstorage.py
[2025-12-11T23:40:36.616+0000] {logging_mixin.py:188} INFO - [2025-12-11T23:40:36.615+0000] {dag.py:3096} INFO - Sync 1 DAGs
[2025-12-11T23:40:36.637+0000] {logging_mixin.py:188} INFO - [2025-12-11T23:40:36.636+0000] {dag.py:3954} INFO - Setting next_dagrun for tutorial_objectstorage to None, run_after=None
[2025-12-11T23:40:36.666+0000] {processor.py:183} INFO - Processing /home/airflow/.local/lib/python3.9/site-packages/airflow/example_dags/tutorial_objectstorage.py took 0.117 seconds
[2025-12-11T23:41:07.273+0000] {processor.py:161} INFO - Started process (PID=6530) to work on /home/airflow/.local/lib/python3.9/site-packages/airflow/example_dags/tutorial_objectstorage.py
[2025-12-11T23:41:07.274+0000] {processor.py:830} INFO - Processing file /home/airflow/.local/lib/python3.9/site-packages/airflow/example_dags/tutorial_objectstorage.py for tasks to queue
[2025-12-11T23:41:07.277+0000] {logging_mixin.py:188} INFO - [2025-12-11T23:41:07.276+0000] {dagbag.py:545} INFO - Filling up the DagBag from /home/airflow/.local/lib/python3.9/site-packages/airflow/example_dags/tutorial_objectstorage.py
[2025-12-11T23:41:07.289+0000] {processor.py:840} INFO - DAG(s) 'tutorial_objectstorage' retrieved from /home/airflow/.local/lib/python3.9/site-packages/airflow/example_dags/tutorial_objectstorage.py
[2025-12-11T23:41:07.330+0000] {logging_mixin.py:188} INFO - [2025-12-11T23:41:07.330+0000] {dag.py:3096} INFO - Sync 1 DAGs
[2025-12-11T23:41:07.355+0000] {logging_mixin.py:188} INFO - [2025-12-11T23:41:07.355+0000] {dag.py:3954} INFO - Setting next_dagrun for tutorial_objectstorage to None, run_after=None
[2025-12-11T23:41:07.385+0000] {processor.py:183} INFO - Processing /home/airflow/.local/lib/python3.9/site-packages/airflow/example_dags/tutorial_objectstorage.py took 0.122 seconds
[2025-12-11T23:41:38.374+0000] {processor.py:161} INFO - Started process (PID=6598) to work on /home/airflow/.local/lib/python3.9/site-packages/airflow/example_dags/tutorial_objectstorage.py
[2025-12-11T23:41:38.375+0000] {processor.py:830} INFO - Processing file /home/airflow/.local/lib/python3.9/site-packages/airflow/example_dags/tutorial_objectstorage.py for tasks to queue
[2025-12-11T23:41:38.378+0000] {logging_mixin.py:188} INFO - [2025-12-11T23:41:38.377+0000] {dagbag.py:545} INFO - Filling up the DagBag from /home/airflow/.local/lib/python3.9/site-packages/airflow/example_dags/tutorial_objectstorage.py
[2025-12-11T23:41:38.398+0000] {processor.py:840} INFO - DAG(s) 'tutorial_objectstorage' retrieved from /home/airflow/.local/lib/python3.9/site-packages/airflow/example_dags/tutorial_objectstorage.py
[2025-12-11T23:41:38.475+0000] {logging_mixin.py:188} INFO - [2025-12-11T23:41:38.474+0000] {dag.py:3096} INFO - Sync 1 DAGs
[2025-12-11T23:41:38.511+0000] {logging_mixin.py:188} INFO - [2025-12-11T23:41:38.510+0000] {dag.py:3954} INFO - Setting next_dagrun for tutorial_objectstorage to None, run_after=None
[2025-12-11T23:41:38.571+0000] {processor.py:183} INFO - Processing /home/airflow/.local/lib/python3.9/site-packages/airflow/example_dags/tutorial_objectstorage.py took 0.214 seconds
[2025-12-11T23:42:09.136+0000] {processor.py:161} INFO - Started process (PID=6672) to work on /home/airflow/.local/lib/python3.9/site-packages/airflow/example_dags/tutorial_objectstorage.py
[2025-12-11T23:42:09.137+0000] {processor.py:830} INFO - Processing file /home/airflow/.local/lib/python3.9/site-packages/airflow/example_dags/tutorial_objectstorage.py for tasks to queue
[2025-12-11T23:42:09.151+0000] {logging_mixin.py:188} INFO - [2025-12-11T23:42:09.151+0000] {dagbag.py:545} INFO - Filling up the DagBag from /home/airflow/.local/lib/python3.9/site-packages/airflow/example_dags/tutorial_objectstorage.py
[2025-12-11T23:42:09.174+0000] {processor.py:840} INFO - DAG(s) 'tutorial_objectstorage' retrieved from /home/airflow/.local/lib/python3.9/site-packages/airflow/example_dags/tutorial_objectstorage.py
[2025-12-11T23:42:09.258+0000] {logging_mixin.py:188} INFO - [2025-12-11T23:42:09.258+0000] {dag.py:3096} INFO - Sync 1 DAGs
[2025-12-11T23:42:09.316+0000] {logging_mixin.py:188} INFO - [2025-12-11T23:42:09.316+0000] {dag.py:3954} INFO - Setting next_dagrun for tutorial_objectstorage to None, run_after=None
[2025-12-11T23:42:09.397+0000] {processor.py:183} INFO - Processing /home/airflow/.local/lib/python3.9/site-packages/airflow/example_dags/tutorial_objectstorage.py took 0.283 seconds
