[2025-12-11T22:51:47.592+0000] {processor.py:161} INFO - Started process (PID=81) to work on /home/airflow/.local/lib/python3.9/site-packages/airflow/example_dags/tutorial_dag.py
[2025-12-11T22:51:47.593+0000] {processor.py:830} INFO - Processing file /home/airflow/.local/lib/python3.9/site-packages/airflow/example_dags/tutorial_dag.py for tasks to queue
[2025-12-11T22:51:47.610+0000] {logging_mixin.py:188} INFO - [2025-12-11T22:51:47.609+0000] {dagbag.py:545} INFO - Filling up the DagBag from /home/airflow/.local/lib/python3.9/site-packages/airflow/example_dags/tutorial_dag.py
[2025-12-11T22:51:47.673+0000] {processor.py:840} INFO - DAG(s) 'tutorial_dag' retrieved from /home/airflow/.local/lib/python3.9/site-packages/airflow/example_dags/tutorial_dag.py
[2025-12-11T22:51:48.832+0000] {logging_mixin.py:188} INFO - [2025-12-11T22:51:48.831+0000] {dag.py:3096} INFO - Sync 1 DAGs
[2025-12-11T22:51:48.911+0000] {logging_mixin.py:188} INFO - [2025-12-11T22:51:48.910+0000] {dag.py:3954} INFO - Setting next_dagrun for tutorial_dag to None, run_after=None
[2025-12-11T22:51:49.293+0000] {processor.py:183} INFO - Processing /home/airflow/.local/lib/python3.9/site-packages/airflow/example_dags/tutorial_dag.py took 1.763 seconds
[2025-12-11T22:52:36.394+0000] {processor.py:161} INFO - Started process (PID=153) to work on /home/airflow/.local/lib/python3.9/site-packages/airflow/example_dags/tutorial_dag.py
[2025-12-11T22:52:36.410+0000] {processor.py:830} INFO - Processing file /home/airflow/.local/lib/python3.9/site-packages/airflow/example_dags/tutorial_dag.py for tasks to queue
[2025-12-11T22:52:36.414+0000] {logging_mixin.py:188} INFO - [2025-12-11T22:52:36.413+0000] {dagbag.py:545} INFO - Filling up the DagBag from /home/airflow/.local/lib/python3.9/site-packages/airflow/example_dags/tutorial_dag.py
[2025-12-11T22:52:36.491+0000] {processor.py:840} INFO - DAG(s) 'tutorial_dag' retrieved from /home/airflow/.local/lib/python3.9/site-packages/airflow/example_dags/tutorial_dag.py
[2025-12-11T22:52:36.772+0000] {logging_mixin.py:188} INFO - [2025-12-11T22:52:36.757+0000] {dag.py:3096} INFO - Sync 1 DAGs
[2025-12-11T22:52:36.912+0000] {logging_mixin.py:188} INFO - [2025-12-11T22:52:36.912+0000] {dag.py:3954} INFO - Setting next_dagrun for tutorial_dag to None, run_after=None
[2025-12-11T22:52:37.170+0000] {processor.py:183} INFO - Processing /home/airflow/.local/lib/python3.9/site-packages/airflow/example_dags/tutorial_dag.py took 0.814 seconds
[2025-12-11T22:53:08.174+0000] {processor.py:161} INFO - Started process (PID=210) to work on /home/airflow/.local/lib/python3.9/site-packages/airflow/example_dags/tutorial_dag.py
[2025-12-11T22:53:08.179+0000] {processor.py:830} INFO - Processing file /home/airflow/.local/lib/python3.9/site-packages/airflow/example_dags/tutorial_dag.py for tasks to queue
[2025-12-11T22:53:08.181+0000] {logging_mixin.py:188} INFO - [2025-12-11T22:53:08.181+0000] {dagbag.py:545} INFO - Filling up the DagBag from /home/airflow/.local/lib/python3.9/site-packages/airflow/example_dags/tutorial_dag.py
[2025-12-11T22:53:08.196+0000] {processor.py:840} INFO - DAG(s) 'tutorial_dag' retrieved from /home/airflow/.local/lib/python3.9/site-packages/airflow/example_dags/tutorial_dag.py
[2025-12-11T22:53:08.231+0000] {logging_mixin.py:188} INFO - [2025-12-11T22:53:08.231+0000] {dag.py:3096} INFO - Sync 1 DAGs
[2025-12-11T22:53:08.392+0000] {logging_mixin.py:188} INFO - [2025-12-11T22:53:08.391+0000] {dag.py:3954} INFO - Setting next_dagrun for tutorial_dag to None, run_after=None
[2025-12-11T22:53:08.496+0000] {processor.py:183} INFO - Processing /home/airflow/.local/lib/python3.9/site-packages/airflow/example_dags/tutorial_dag.py took 0.342 seconds
[2025-12-11T22:53:38.912+0000] {processor.py:161} INFO - Started process (PID=276) to work on /home/airflow/.local/lib/python3.9/site-packages/airflow/example_dags/tutorial_dag.py
[2025-12-11T22:53:38.938+0000] {processor.py:830} INFO - Processing file /home/airflow/.local/lib/python3.9/site-packages/airflow/example_dags/tutorial_dag.py for tasks to queue
[2025-12-11T22:53:39.109+0000] {logging_mixin.py:188} INFO - [2025-12-11T22:53:39.107+0000] {dagbag.py:545} INFO - Filling up the DagBag from /home/airflow/.local/lib/python3.9/site-packages/airflow/example_dags/tutorial_dag.py
[2025-12-11T22:53:39.135+0000] {processor.py:840} INFO - DAG(s) 'tutorial_dag' retrieved from /home/airflow/.local/lib/python3.9/site-packages/airflow/example_dags/tutorial_dag.py
[2025-12-11T22:53:39.576+0000] {logging_mixin.py:188} INFO - [2025-12-11T22:53:39.575+0000] {dag.py:3096} INFO - Sync 1 DAGs
[2025-12-11T22:53:39.617+0000] {logging_mixin.py:188} INFO - [2025-12-11T22:53:39.617+0000] {dag.py:3954} INFO - Setting next_dagrun for tutorial_dag to None, run_after=None
[2025-12-11T22:53:39.710+0000] {processor.py:183} INFO - Processing /home/airflow/.local/lib/python3.9/site-packages/airflow/example_dags/tutorial_dag.py took 0.832 seconds
[2025-12-11T22:54:10.234+0000] {processor.py:161} INFO - Started process (PID=342) to work on /home/airflow/.local/lib/python3.9/site-packages/airflow/example_dags/tutorial_dag.py
[2025-12-11T22:54:10.241+0000] {processor.py:830} INFO - Processing file /home/airflow/.local/lib/python3.9/site-packages/airflow/example_dags/tutorial_dag.py for tasks to queue
[2025-12-11T22:54:10.252+0000] {logging_mixin.py:188} INFO - [2025-12-11T22:54:10.251+0000] {dagbag.py:545} INFO - Filling up the DagBag from /home/airflow/.local/lib/python3.9/site-packages/airflow/example_dags/tutorial_dag.py
[2025-12-11T22:54:10.274+0000] {processor.py:840} INFO - DAG(s) 'tutorial_dag' retrieved from /home/airflow/.local/lib/python3.9/site-packages/airflow/example_dags/tutorial_dag.py
[2025-12-11T22:54:10.379+0000] {logging_mixin.py:188} INFO - [2025-12-11T22:54:10.378+0000] {dag.py:3096} INFO - Sync 1 DAGs
[2025-12-11T22:54:10.453+0000] {logging_mixin.py:188} INFO - [2025-12-11T22:54:10.452+0000] {dag.py:3954} INFO - Setting next_dagrun for tutorial_dag to None, run_after=None
[2025-12-11T22:54:10.730+0000] {processor.py:183} INFO - Processing /home/airflow/.local/lib/python3.9/site-packages/airflow/example_dags/tutorial_dag.py took 0.517 seconds
[2025-12-11T22:54:41.408+0000] {processor.py:161} INFO - Started process (PID=401) to work on /home/airflow/.local/lib/python3.9/site-packages/airflow/example_dags/tutorial_dag.py
[2025-12-11T22:54:41.411+0000] {processor.py:830} INFO - Processing file /home/airflow/.local/lib/python3.9/site-packages/airflow/example_dags/tutorial_dag.py for tasks to queue
[2025-12-11T22:54:41.414+0000] {logging_mixin.py:188} INFO - [2025-12-11T22:54:41.414+0000] {dagbag.py:545} INFO - Filling up the DagBag from /home/airflow/.local/lib/python3.9/site-packages/airflow/example_dags/tutorial_dag.py
[2025-12-11T22:54:41.425+0000] {processor.py:840} INFO - DAG(s) 'tutorial_dag' retrieved from /home/airflow/.local/lib/python3.9/site-packages/airflow/example_dags/tutorial_dag.py
[2025-12-11T22:54:41.475+0000] {logging_mixin.py:188} INFO - [2025-12-11T22:54:41.475+0000] {dag.py:3096} INFO - Sync 1 DAGs
[2025-12-11T22:54:41.499+0000] {logging_mixin.py:188} INFO - [2025-12-11T22:54:41.498+0000] {dag.py:3954} INFO - Setting next_dagrun for tutorial_dag to None, run_after=None
[2025-12-11T22:54:41.537+0000] {processor.py:183} INFO - Processing /home/airflow/.local/lib/python3.9/site-packages/airflow/example_dags/tutorial_dag.py took 0.142 seconds
[2025-12-11T22:55:11.868+0000] {processor.py:161} INFO - Started process (PID=467) to work on /home/airflow/.local/lib/python3.9/site-packages/airflow/example_dags/tutorial_dag.py
[2025-12-11T22:55:11.911+0000] {processor.py:830} INFO - Processing file /home/airflow/.local/lib/python3.9/site-packages/airflow/example_dags/tutorial_dag.py for tasks to queue
[2025-12-11T22:55:11.915+0000] {logging_mixin.py:188} INFO - [2025-12-11T22:55:11.914+0000] {dagbag.py:545} INFO - Filling up the DagBag from /home/airflow/.local/lib/python3.9/site-packages/airflow/example_dags/tutorial_dag.py
[2025-12-11T22:55:11.926+0000] {processor.py:840} INFO - DAG(s) 'tutorial_dag' retrieved from /home/airflow/.local/lib/python3.9/site-packages/airflow/example_dags/tutorial_dag.py
[2025-12-11T22:55:11.973+0000] {logging_mixin.py:188} INFO - [2025-12-11T22:55:11.972+0000] {dag.py:3096} INFO - Sync 1 DAGs
[2025-12-11T22:55:11.998+0000] {logging_mixin.py:188} INFO - [2025-12-11T22:55:11.998+0000] {dag.py:3954} INFO - Setting next_dagrun for tutorial_dag to None, run_after=None
[2025-12-11T22:55:12.040+0000] {processor.py:183} INFO - Processing /home/airflow/.local/lib/python3.9/site-packages/airflow/example_dags/tutorial_dag.py took 0.182 seconds
[2025-12-11T22:55:42.117+0000] {processor.py:161} INFO - Started process (PID=533) to work on /home/airflow/.local/lib/python3.9/site-packages/airflow/example_dags/tutorial_dag.py
[2025-12-11T22:55:42.119+0000] {processor.py:830} INFO - Processing file /home/airflow/.local/lib/python3.9/site-packages/airflow/example_dags/tutorial_dag.py for tasks to queue
[2025-12-11T22:55:42.122+0000] {logging_mixin.py:188} INFO - [2025-12-11T22:55:42.121+0000] {dagbag.py:545} INFO - Filling up the DagBag from /home/airflow/.local/lib/python3.9/site-packages/airflow/example_dags/tutorial_dag.py
[2025-12-11T22:55:42.133+0000] {processor.py:840} INFO - DAG(s) 'tutorial_dag' retrieved from /home/airflow/.local/lib/python3.9/site-packages/airflow/example_dags/tutorial_dag.py
[2025-12-11T22:55:42.187+0000] {logging_mixin.py:188} INFO - [2025-12-11T22:55:42.186+0000] {dag.py:3096} INFO - Sync 1 DAGs
[2025-12-11T22:55:42.220+0000] {logging_mixin.py:188} INFO - [2025-12-11T22:55:42.219+0000] {dag.py:3954} INFO - Setting next_dagrun for tutorial_dag to None, run_after=None
[2025-12-11T22:55:42.266+0000] {processor.py:183} INFO - Processing /home/airflow/.local/lib/python3.9/site-packages/airflow/example_dags/tutorial_dag.py took 0.161 seconds
[2025-12-11T22:56:13.013+0000] {processor.py:161} INFO - Started process (PID=599) to work on /home/airflow/.local/lib/python3.9/site-packages/airflow/example_dags/tutorial_dag.py
[2025-12-11T22:56:13.014+0000] {processor.py:830} INFO - Processing file /home/airflow/.local/lib/python3.9/site-packages/airflow/example_dags/tutorial_dag.py for tasks to queue
[2025-12-11T22:56:13.016+0000] {logging_mixin.py:188} INFO - [2025-12-11T22:56:13.016+0000] {dagbag.py:545} INFO - Filling up the DagBag from /home/airflow/.local/lib/python3.9/site-packages/airflow/example_dags/tutorial_dag.py
[2025-12-11T22:56:13.034+0000] {processor.py:840} INFO - DAG(s) 'tutorial_dag' retrieved from /home/airflow/.local/lib/python3.9/site-packages/airflow/example_dags/tutorial_dag.py
[2025-12-11T22:56:13.093+0000] {logging_mixin.py:188} INFO - [2025-12-11T22:56:13.092+0000] {dag.py:3096} INFO - Sync 1 DAGs
[2025-12-11T22:56:13.120+0000] {logging_mixin.py:188} INFO - [2025-12-11T22:56:13.120+0000] {dag.py:3954} INFO - Setting next_dagrun for tutorial_dag to None, run_after=None
[2025-12-11T22:56:13.162+0000] {processor.py:183} INFO - Processing /home/airflow/.local/lib/python3.9/site-packages/airflow/example_dags/tutorial_dag.py took 0.166 seconds
[2025-12-11T22:56:43.502+0000] {processor.py:161} INFO - Started process (PID=665) to work on /home/airflow/.local/lib/python3.9/site-packages/airflow/example_dags/tutorial_dag.py
[2025-12-11T22:56:43.504+0000] {processor.py:830} INFO - Processing file /home/airflow/.local/lib/python3.9/site-packages/airflow/example_dags/tutorial_dag.py for tasks to queue
[2025-12-11T22:56:43.507+0000] {logging_mixin.py:188} INFO - [2025-12-11T22:56:43.506+0000] {dagbag.py:545} INFO - Filling up the DagBag from /home/airflow/.local/lib/python3.9/site-packages/airflow/example_dags/tutorial_dag.py
[2025-12-11T22:56:43.518+0000] {processor.py:840} INFO - DAG(s) 'tutorial_dag' retrieved from /home/airflow/.local/lib/python3.9/site-packages/airflow/example_dags/tutorial_dag.py
[2025-12-11T22:56:43.555+0000] {logging_mixin.py:188} INFO - [2025-12-11T22:56:43.554+0000] {dag.py:3096} INFO - Sync 1 DAGs
[2025-12-11T22:56:43.578+0000] {logging_mixin.py:188} INFO - [2025-12-11T22:56:43.578+0000] {dag.py:3954} INFO - Setting next_dagrun for tutorial_dag to None, run_after=None
[2025-12-11T22:56:43.606+0000] {processor.py:183} INFO - Processing /home/airflow/.local/lib/python3.9/site-packages/airflow/example_dags/tutorial_dag.py took 0.117 seconds
[2025-12-11T22:57:14.154+0000] {processor.py:161} INFO - Started process (PID=731) to work on /home/airflow/.local/lib/python3.9/site-packages/airflow/example_dags/tutorial_dag.py
[2025-12-11T22:57:14.155+0000] {processor.py:830} INFO - Processing file /home/airflow/.local/lib/python3.9/site-packages/airflow/example_dags/tutorial_dag.py for tasks to queue
[2025-12-11T22:57:14.158+0000] {logging_mixin.py:188} INFO - [2025-12-11T22:57:14.157+0000] {dagbag.py:545} INFO - Filling up the DagBag from /home/airflow/.local/lib/python3.9/site-packages/airflow/example_dags/tutorial_dag.py
[2025-12-11T22:57:14.175+0000] {processor.py:840} INFO - DAG(s) 'tutorial_dag' retrieved from /home/airflow/.local/lib/python3.9/site-packages/airflow/example_dags/tutorial_dag.py
[2025-12-11T22:57:14.250+0000] {logging_mixin.py:188} INFO - [2025-12-11T22:57:14.244+0000] {dag.py:3096} INFO - Sync 1 DAGs
[2025-12-11T22:57:14.293+0000] {logging_mixin.py:188} INFO - [2025-12-11T22:57:14.293+0000] {dag.py:3954} INFO - Setting next_dagrun for tutorial_dag to None, run_after=None
[2025-12-11T22:57:14.338+0000] {processor.py:183} INFO - Processing /home/airflow/.local/lib/python3.9/site-packages/airflow/example_dags/tutorial_dag.py took 0.195 seconds
[2025-12-11T22:57:44.864+0000] {processor.py:161} INFO - Started process (PID=797) to work on /home/airflow/.local/lib/python3.9/site-packages/airflow/example_dags/tutorial_dag.py
[2025-12-11T22:57:44.869+0000] {processor.py:830} INFO - Processing file /home/airflow/.local/lib/python3.9/site-packages/airflow/example_dags/tutorial_dag.py for tasks to queue
[2025-12-11T22:57:44.872+0000] {logging_mixin.py:188} INFO - [2025-12-11T22:57:44.872+0000] {dagbag.py:545} INFO - Filling up the DagBag from /home/airflow/.local/lib/python3.9/site-packages/airflow/example_dags/tutorial_dag.py
[2025-12-11T22:57:44.881+0000] {processor.py:840} INFO - DAG(s) 'tutorial_dag' retrieved from /home/airflow/.local/lib/python3.9/site-packages/airflow/example_dags/tutorial_dag.py
[2025-12-11T22:57:44.936+0000] {logging_mixin.py:188} INFO - [2025-12-11T22:57:44.935+0000] {dag.py:3096} INFO - Sync 1 DAGs
[2025-12-11T22:57:44.970+0000] {logging_mixin.py:188} INFO - [2025-12-11T22:57:44.970+0000] {dag.py:3954} INFO - Setting next_dagrun for tutorial_dag to None, run_after=None
[2025-12-11T22:57:45.001+0000] {processor.py:183} INFO - Processing /home/airflow/.local/lib/python3.9/site-packages/airflow/example_dags/tutorial_dag.py took 0.147 seconds
[2025-12-11T22:58:15.466+0000] {processor.py:161} INFO - Started process (PID=863) to work on /home/airflow/.local/lib/python3.9/site-packages/airflow/example_dags/tutorial_dag.py
[2025-12-11T22:58:15.473+0000] {processor.py:830} INFO - Processing file /home/airflow/.local/lib/python3.9/site-packages/airflow/example_dags/tutorial_dag.py for tasks to queue
[2025-12-11T22:58:15.476+0000] {logging_mixin.py:188} INFO - [2025-12-11T22:58:15.475+0000] {dagbag.py:545} INFO - Filling up the DagBag from /home/airflow/.local/lib/python3.9/site-packages/airflow/example_dags/tutorial_dag.py
[2025-12-11T22:58:15.484+0000] {processor.py:840} INFO - DAG(s) 'tutorial_dag' retrieved from /home/airflow/.local/lib/python3.9/site-packages/airflow/example_dags/tutorial_dag.py
[2025-12-11T22:58:15.536+0000] {logging_mixin.py:188} INFO - [2025-12-11T22:58:15.536+0000] {dag.py:3096} INFO - Sync 1 DAGs
[2025-12-11T22:58:15.562+0000] {logging_mixin.py:188} INFO - [2025-12-11T22:58:15.561+0000] {dag.py:3954} INFO - Setting next_dagrun for tutorial_dag to None, run_after=None
[2025-12-11T22:58:15.592+0000] {processor.py:183} INFO - Processing /home/airflow/.local/lib/python3.9/site-packages/airflow/example_dags/tutorial_dag.py took 0.137 seconds
[2025-12-11T22:58:45.947+0000] {processor.py:161} INFO - Started process (PID=929) to work on /home/airflow/.local/lib/python3.9/site-packages/airflow/example_dags/tutorial_dag.py
[2025-12-11T22:58:45.949+0000] {processor.py:830} INFO - Processing file /home/airflow/.local/lib/python3.9/site-packages/airflow/example_dags/tutorial_dag.py for tasks to queue
[2025-12-11T22:58:45.952+0000] {logging_mixin.py:188} INFO - [2025-12-11T22:58:45.952+0000] {dagbag.py:545} INFO - Filling up the DagBag from /home/airflow/.local/lib/python3.9/site-packages/airflow/example_dags/tutorial_dag.py
[2025-12-11T22:58:45.961+0000] {processor.py:840} INFO - DAG(s) 'tutorial_dag' retrieved from /home/airflow/.local/lib/python3.9/site-packages/airflow/example_dags/tutorial_dag.py
[2025-12-11T22:58:46.015+0000] {logging_mixin.py:188} INFO - [2025-12-11T22:58:46.014+0000] {dag.py:3096} INFO - Sync 1 DAGs
[2025-12-11T22:58:46.051+0000] {logging_mixin.py:188} INFO - [2025-12-11T22:58:46.051+0000] {dag.py:3954} INFO - Setting next_dagrun for tutorial_dag to None, run_after=None
[2025-12-11T22:58:46.094+0000] {processor.py:183} INFO - Processing /home/airflow/.local/lib/python3.9/site-packages/airflow/example_dags/tutorial_dag.py took 0.158 seconds
[2025-12-11T22:59:16.247+0000] {processor.py:161} INFO - Started process (PID=1002) to work on /home/airflow/.local/lib/python3.9/site-packages/airflow/example_dags/tutorial_dag.py
[2025-12-11T22:59:16.250+0000] {processor.py:830} INFO - Processing file /home/airflow/.local/lib/python3.9/site-packages/airflow/example_dags/tutorial_dag.py for tasks to queue
[2025-12-11T22:59:16.253+0000] {logging_mixin.py:188} INFO - [2025-12-11T22:59:16.253+0000] {dagbag.py:545} INFO - Filling up the DagBag from /home/airflow/.local/lib/python3.9/site-packages/airflow/example_dags/tutorial_dag.py
[2025-12-11T22:59:16.272+0000] {processor.py:840} INFO - DAG(s) 'tutorial_dag' retrieved from /home/airflow/.local/lib/python3.9/site-packages/airflow/example_dags/tutorial_dag.py
[2025-12-11T22:59:16.335+0000] {logging_mixin.py:188} INFO - [2025-12-11T22:59:16.334+0000] {dag.py:3096} INFO - Sync 1 DAGs
[2025-12-11T22:59:16.369+0000] {logging_mixin.py:188} INFO - [2025-12-11T22:59:16.362+0000] {dag.py:3954} INFO - Setting next_dagrun for tutorial_dag to None, run_after=None
[2025-12-11T22:59:16.417+0000] {processor.py:183} INFO - Processing /home/airflow/.local/lib/python3.9/site-packages/airflow/example_dags/tutorial_dag.py took 0.180 seconds
[2025-12-11T22:59:46.548+0000] {processor.py:161} INFO - Started process (PID=1068) to work on /home/airflow/.local/lib/python3.9/site-packages/airflow/example_dags/tutorial_dag.py
[2025-12-11T22:59:46.628+0000] {processor.py:830} INFO - Processing file /home/airflow/.local/lib/python3.9/site-packages/airflow/example_dags/tutorial_dag.py for tasks to queue
[2025-12-11T22:59:46.631+0000] {logging_mixin.py:188} INFO - [2025-12-11T22:59:46.630+0000] {dagbag.py:545} INFO - Filling up the DagBag from /home/airflow/.local/lib/python3.9/site-packages/airflow/example_dags/tutorial_dag.py
[2025-12-11T22:59:46.640+0000] {processor.py:840} INFO - DAG(s) 'tutorial_dag' retrieved from /home/airflow/.local/lib/python3.9/site-packages/airflow/example_dags/tutorial_dag.py
[2025-12-11T22:59:46.680+0000] {logging_mixin.py:188} INFO - [2025-12-11T22:59:46.679+0000] {dag.py:3096} INFO - Sync 1 DAGs
[2025-12-11T22:59:46.700+0000] {logging_mixin.py:188} INFO - [2025-12-11T22:59:46.700+0000] {dag.py:3954} INFO - Setting next_dagrun for tutorial_dag to None, run_after=None
[2025-12-11T22:59:46.773+0000] {processor.py:183} INFO - Processing /home/airflow/.local/lib/python3.9/site-packages/airflow/example_dags/tutorial_dag.py took 0.236 seconds
[2025-12-11T23:00:17.324+0000] {processor.py:161} INFO - Started process (PID=1127) to work on /home/airflow/.local/lib/python3.9/site-packages/airflow/example_dags/tutorial_dag.py
[2025-12-11T23:00:17.327+0000] {processor.py:830} INFO - Processing file /home/airflow/.local/lib/python3.9/site-packages/airflow/example_dags/tutorial_dag.py for tasks to queue
[2025-12-11T23:00:17.329+0000] {logging_mixin.py:188} INFO - [2025-12-11T23:00:17.329+0000] {dagbag.py:545} INFO - Filling up the DagBag from /home/airflow/.local/lib/python3.9/site-packages/airflow/example_dags/tutorial_dag.py
[2025-12-11T23:00:17.339+0000] {processor.py:840} INFO - DAG(s) 'tutorial_dag' retrieved from /home/airflow/.local/lib/python3.9/site-packages/airflow/example_dags/tutorial_dag.py
[2025-12-11T23:00:17.382+0000] {logging_mixin.py:188} INFO - [2025-12-11T23:00:17.381+0000] {dag.py:3096} INFO - Sync 1 DAGs
[2025-12-11T23:00:17.411+0000] {logging_mixin.py:188} INFO - [2025-12-11T23:00:17.410+0000] {dag.py:3954} INFO - Setting next_dagrun for tutorial_dag to None, run_after=None
[2025-12-11T23:00:17.445+0000] {processor.py:183} INFO - Processing /home/airflow/.local/lib/python3.9/site-packages/airflow/example_dags/tutorial_dag.py took 0.131 seconds
[2025-12-11T23:00:47.739+0000] {processor.py:161} INFO - Started process (PID=1200) to work on /home/airflow/.local/lib/python3.9/site-packages/airflow/example_dags/tutorial_dag.py
[2025-12-11T23:00:47.741+0000] {processor.py:830} INFO - Processing file /home/airflow/.local/lib/python3.9/site-packages/airflow/example_dags/tutorial_dag.py for tasks to queue
[2025-12-11T23:00:47.744+0000] {logging_mixin.py:188} INFO - [2025-12-11T23:00:47.743+0000] {dagbag.py:545} INFO - Filling up the DagBag from /home/airflow/.local/lib/python3.9/site-packages/airflow/example_dags/tutorial_dag.py
[2025-12-11T23:00:47.753+0000] {processor.py:840} INFO - DAG(s) 'tutorial_dag' retrieved from /home/airflow/.local/lib/python3.9/site-packages/airflow/example_dags/tutorial_dag.py
[2025-12-11T23:00:47.789+0000] {logging_mixin.py:188} INFO - [2025-12-11T23:00:47.788+0000] {dag.py:3096} INFO - Sync 1 DAGs
[2025-12-11T23:00:47.811+0000] {logging_mixin.py:188} INFO - [2025-12-11T23:00:47.810+0000] {dag.py:3954} INFO - Setting next_dagrun for tutorial_dag to None, run_after=None
[2025-12-11T23:00:47.842+0000] {processor.py:183} INFO - Processing /home/airflow/.local/lib/python3.9/site-packages/airflow/example_dags/tutorial_dag.py took 0.113 seconds
[2025-12-11T23:01:18.184+0000] {processor.py:161} INFO - Started process (PID=1266) to work on /home/airflow/.local/lib/python3.9/site-packages/airflow/example_dags/tutorial_dag.py
[2025-12-11T23:01:18.191+0000] {processor.py:830} INFO - Processing file /home/airflow/.local/lib/python3.9/site-packages/airflow/example_dags/tutorial_dag.py for tasks to queue
[2025-12-11T23:01:18.198+0000] {logging_mixin.py:188} INFO - [2025-12-11T23:01:18.195+0000] {dagbag.py:545} INFO - Filling up the DagBag from /home/airflow/.local/lib/python3.9/site-packages/airflow/example_dags/tutorial_dag.py
[2025-12-11T23:01:18.214+0000] {processor.py:840} INFO - DAG(s) 'tutorial_dag' retrieved from /home/airflow/.local/lib/python3.9/site-packages/airflow/example_dags/tutorial_dag.py
[2025-12-11T23:01:18.294+0000] {logging_mixin.py:188} INFO - [2025-12-11T23:01:18.293+0000] {dag.py:3096} INFO - Sync 1 DAGs
[2025-12-11T23:01:18.323+0000] {logging_mixin.py:188} INFO - [2025-12-11T23:01:18.322+0000] {dag.py:3954} INFO - Setting next_dagrun for tutorial_dag to None, run_after=None
[2025-12-11T23:01:18.375+0000] {processor.py:183} INFO - Processing /home/airflow/.local/lib/python3.9/site-packages/airflow/example_dags/tutorial_dag.py took 0.216 seconds
[2025-12-11T23:01:48.676+0000] {processor.py:161} INFO - Started process (PID=1333) to work on /home/airflow/.local/lib/python3.9/site-packages/airflow/example_dags/tutorial_dag.py
[2025-12-11T23:01:48.677+0000] {processor.py:830} INFO - Processing file /home/airflow/.local/lib/python3.9/site-packages/airflow/example_dags/tutorial_dag.py for tasks to queue
[2025-12-11T23:01:48.680+0000] {logging_mixin.py:188} INFO - [2025-12-11T23:01:48.680+0000] {dagbag.py:545} INFO - Filling up the DagBag from /home/airflow/.local/lib/python3.9/site-packages/airflow/example_dags/tutorial_dag.py
[2025-12-11T23:01:48.694+0000] {processor.py:840} INFO - DAG(s) 'tutorial_dag' retrieved from /home/airflow/.local/lib/python3.9/site-packages/airflow/example_dags/tutorial_dag.py
[2025-12-11T23:01:48.743+0000] {logging_mixin.py:188} INFO - [2025-12-11T23:01:48.743+0000] {dag.py:3096} INFO - Sync 1 DAGs
[2025-12-11T23:01:48.779+0000] {logging_mixin.py:188} INFO - [2025-12-11T23:01:48.778+0000] {dag.py:3954} INFO - Setting next_dagrun for tutorial_dag to None, run_after=None
[2025-12-11T23:01:48.822+0000] {processor.py:183} INFO - Processing /home/airflow/.local/lib/python3.9/site-packages/airflow/example_dags/tutorial_dag.py took 0.164 seconds
[2025-12-11T23:02:19.260+0000] {processor.py:161} INFO - Started process (PID=1400) to work on /home/airflow/.local/lib/python3.9/site-packages/airflow/example_dags/tutorial_dag.py
[2025-12-11T23:02:19.270+0000] {processor.py:830} INFO - Processing file /home/airflow/.local/lib/python3.9/site-packages/airflow/example_dags/tutorial_dag.py for tasks to queue
[2025-12-11T23:02:19.272+0000] {logging_mixin.py:188} INFO - [2025-12-11T23:02:19.272+0000] {dagbag.py:545} INFO - Filling up the DagBag from /home/airflow/.local/lib/python3.9/site-packages/airflow/example_dags/tutorial_dag.py
[2025-12-11T23:02:19.281+0000] {processor.py:840} INFO - DAG(s) 'tutorial_dag' retrieved from /home/airflow/.local/lib/python3.9/site-packages/airflow/example_dags/tutorial_dag.py
[2025-12-11T23:02:19.349+0000] {logging_mixin.py:188} INFO - [2025-12-11T23:02:19.344+0000] {dag.py:3096} INFO - Sync 1 DAGs
[2025-12-11T23:02:19.391+0000] {logging_mixin.py:188} INFO - [2025-12-11T23:02:19.391+0000] {dag.py:3954} INFO - Setting next_dagrun for tutorial_dag to None, run_after=None
[2025-12-11T23:02:19.440+0000] {processor.py:183} INFO - Processing /home/airflow/.local/lib/python3.9/site-packages/airflow/example_dags/tutorial_dag.py took 0.190 seconds
[2025-12-11T23:02:49.739+0000] {processor.py:161} INFO - Started process (PID=1467) to work on /home/airflow/.local/lib/python3.9/site-packages/airflow/example_dags/tutorial_dag.py
[2025-12-11T23:02:49.749+0000] {processor.py:830} INFO - Processing file /home/airflow/.local/lib/python3.9/site-packages/airflow/example_dags/tutorial_dag.py for tasks to queue
[2025-12-11T23:02:49.753+0000] {logging_mixin.py:188} INFO - [2025-12-11T23:02:49.752+0000] {dagbag.py:545} INFO - Filling up the DagBag from /home/airflow/.local/lib/python3.9/site-packages/airflow/example_dags/tutorial_dag.py
[2025-12-11T23:02:49.772+0000] {processor.py:840} INFO - DAG(s) 'tutorial_dag' retrieved from /home/airflow/.local/lib/python3.9/site-packages/airflow/example_dags/tutorial_dag.py
[2025-12-11T23:02:49.871+0000] {logging_mixin.py:188} INFO - [2025-12-11T23:02:49.870+0000] {dag.py:3096} INFO - Sync 1 DAGs
[2025-12-11T23:02:49.916+0000] {logging_mixin.py:188} INFO - [2025-12-11T23:02:49.916+0000] {dag.py:3954} INFO - Setting next_dagrun for tutorial_dag to None, run_after=None
[2025-12-11T23:02:49.995+0000] {processor.py:183} INFO - Processing /home/airflow/.local/lib/python3.9/site-packages/airflow/example_dags/tutorial_dag.py took 0.275 seconds
[2025-12-11T23:03:20.596+0000] {processor.py:161} INFO - Started process (PID=1535) to work on /home/airflow/.local/lib/python3.9/site-packages/airflow/example_dags/tutorial_dag.py
[2025-12-11T23:03:20.598+0000] {processor.py:830} INFO - Processing file /home/airflow/.local/lib/python3.9/site-packages/airflow/example_dags/tutorial_dag.py for tasks to queue
[2025-12-11T23:03:20.602+0000] {logging_mixin.py:188} INFO - [2025-12-11T23:03:20.601+0000] {dagbag.py:545} INFO - Filling up the DagBag from /home/airflow/.local/lib/python3.9/site-packages/airflow/example_dags/tutorial_dag.py
[2025-12-11T23:03:20.619+0000] {processor.py:840} INFO - DAG(s) 'tutorial_dag' retrieved from /home/airflow/.local/lib/python3.9/site-packages/airflow/example_dags/tutorial_dag.py
[2025-12-11T23:03:20.678+0000] {logging_mixin.py:188} INFO - [2025-12-11T23:03:20.678+0000] {dag.py:3096} INFO - Sync 1 DAGs
[2025-12-11T23:03:20.717+0000] {logging_mixin.py:188} INFO - [2025-12-11T23:03:20.716+0000] {dag.py:3954} INFO - Setting next_dagrun for tutorial_dag to None, run_after=None
[2025-12-11T23:03:20.786+0000] {processor.py:183} INFO - Processing /home/airflow/.local/lib/python3.9/site-packages/airflow/example_dags/tutorial_dag.py took 0.215 seconds
[2025-12-11T23:03:51.602+0000] {processor.py:161} INFO - Started process (PID=1606) to work on /home/airflow/.local/lib/python3.9/site-packages/airflow/example_dags/tutorial_dag.py
[2025-12-11T23:03:51.610+0000] {processor.py:830} INFO - Processing file /home/airflow/.local/lib/python3.9/site-packages/airflow/example_dags/tutorial_dag.py for tasks to queue
[2025-12-11T23:03:51.613+0000] {logging_mixin.py:188} INFO - [2025-12-11T23:03:51.613+0000] {dagbag.py:545} INFO - Filling up the DagBag from /home/airflow/.local/lib/python3.9/site-packages/airflow/example_dags/tutorial_dag.py
[2025-12-11T23:03:51.622+0000] {processor.py:840} INFO - DAG(s) 'tutorial_dag' retrieved from /home/airflow/.local/lib/python3.9/site-packages/airflow/example_dags/tutorial_dag.py
[2025-12-11T23:03:51.690+0000] {logging_mixin.py:188} INFO - [2025-12-11T23:03:51.690+0000] {dag.py:3096} INFO - Sync 1 DAGs
[2025-12-11T23:03:51.721+0000] {logging_mixin.py:188} INFO - [2025-12-11T23:03:51.720+0000] {dag.py:3954} INFO - Setting next_dagrun for tutorial_dag to None, run_after=None
[2025-12-11T23:03:51.773+0000] {processor.py:183} INFO - Processing /home/airflow/.local/lib/python3.9/site-packages/airflow/example_dags/tutorial_dag.py took 0.183 seconds
[2025-12-11T23:04:22.939+0000] {processor.py:161} INFO - Started process (PID=1678) to work on /home/airflow/.local/lib/python3.9/site-packages/airflow/example_dags/tutorial_dag.py
[2025-12-11T23:04:22.951+0000] {processor.py:830} INFO - Processing file /home/airflow/.local/lib/python3.9/site-packages/airflow/example_dags/tutorial_dag.py for tasks to queue
[2025-12-11T23:04:22.954+0000] {logging_mixin.py:188} INFO - [2025-12-11T23:04:22.954+0000] {dagbag.py:545} INFO - Filling up the DagBag from /home/airflow/.local/lib/python3.9/site-packages/airflow/example_dags/tutorial_dag.py
[2025-12-11T23:04:22.970+0000] {processor.py:840} INFO - DAG(s) 'tutorial_dag' retrieved from /home/airflow/.local/lib/python3.9/site-packages/airflow/example_dags/tutorial_dag.py
[2025-12-11T23:04:23.054+0000] {logging_mixin.py:188} INFO - [2025-12-11T23:04:23.054+0000] {dag.py:3096} INFO - Sync 1 DAGs
[2025-12-11T23:04:23.095+0000] {logging_mixin.py:188} INFO - [2025-12-11T23:04:23.095+0000] {dag.py:3954} INFO - Setting next_dagrun for tutorial_dag to None, run_after=None
[2025-12-11T23:04:23.373+0000] {processor.py:183} INFO - Processing /home/airflow/.local/lib/python3.9/site-packages/airflow/example_dags/tutorial_dag.py took 0.456 seconds
[2025-12-11T23:04:53.620+0000] {processor.py:161} INFO - Started process (PID=1748) to work on /home/airflow/.local/lib/python3.9/site-packages/airflow/example_dags/tutorial_dag.py
[2025-12-11T23:04:53.739+0000] {processor.py:830} INFO - Processing file /home/airflow/.local/lib/python3.9/site-packages/airflow/example_dags/tutorial_dag.py for tasks to queue
[2025-12-11T23:04:53.743+0000] {logging_mixin.py:188} INFO - [2025-12-11T23:04:53.742+0000] {dagbag.py:545} INFO - Filling up the DagBag from /home/airflow/.local/lib/python3.9/site-packages/airflow/example_dags/tutorial_dag.py
[2025-12-11T23:04:53.756+0000] {processor.py:840} INFO - DAG(s) 'tutorial_dag' retrieved from /home/airflow/.local/lib/python3.9/site-packages/airflow/example_dags/tutorial_dag.py
[2025-12-11T23:04:53.861+0000] {logging_mixin.py:188} INFO - [2025-12-11T23:04:53.860+0000] {dag.py:3096} INFO - Sync 1 DAGs
[2025-12-11T23:04:53.918+0000] {logging_mixin.py:188} INFO - [2025-12-11T23:04:53.918+0000] {dag.py:3954} INFO - Setting next_dagrun for tutorial_dag to None, run_after=None
[2025-12-11T23:04:54.193+0000] {processor.py:183} INFO - Processing /home/airflow/.local/lib/python3.9/site-packages/airflow/example_dags/tutorial_dag.py took 0.583 seconds
[2025-12-11T23:05:24.899+0000] {processor.py:161} INFO - Started process (PID=1820) to work on /home/airflow/.local/lib/python3.9/site-packages/airflow/example_dags/tutorial_dag.py
[2025-12-11T23:05:24.901+0000] {processor.py:830} INFO - Processing file /home/airflow/.local/lib/python3.9/site-packages/airflow/example_dags/tutorial_dag.py for tasks to queue
[2025-12-11T23:05:24.904+0000] {logging_mixin.py:188} INFO - [2025-12-11T23:05:24.903+0000] {dagbag.py:545} INFO - Filling up the DagBag from /home/airflow/.local/lib/python3.9/site-packages/airflow/example_dags/tutorial_dag.py
[2025-12-11T23:05:24.913+0000] {processor.py:840} INFO - DAG(s) 'tutorial_dag' retrieved from /home/airflow/.local/lib/python3.9/site-packages/airflow/example_dags/tutorial_dag.py
[2025-12-11T23:05:24.950+0000] {logging_mixin.py:188} INFO - [2025-12-11T23:05:24.950+0000] {dag.py:3096} INFO - Sync 1 DAGs
[2025-12-11T23:05:24.972+0000] {logging_mixin.py:188} INFO - [2025-12-11T23:05:24.971+0000] {dag.py:3954} INFO - Setting next_dagrun for tutorial_dag to None, run_after=None
[2025-12-11T23:05:25.004+0000] {processor.py:183} INFO - Processing /home/airflow/.local/lib/python3.9/site-packages/airflow/example_dags/tutorial_dag.py took 0.116 seconds
[2025-12-11T23:05:56.044+0000] {processor.py:161} INFO - Started process (PID=1892) to work on /home/airflow/.local/lib/python3.9/site-packages/airflow/example_dags/tutorial_dag.py
[2025-12-11T23:05:56.046+0000] {processor.py:830} INFO - Processing file /home/airflow/.local/lib/python3.9/site-packages/airflow/example_dags/tutorial_dag.py for tasks to queue
[2025-12-11T23:05:56.050+0000] {logging_mixin.py:188} INFO - [2025-12-11T23:05:56.050+0000] {dagbag.py:545} INFO - Filling up the DagBag from /home/airflow/.local/lib/python3.9/site-packages/airflow/example_dags/tutorial_dag.py
[2025-12-11T23:05:56.060+0000] {processor.py:840} INFO - DAG(s) 'tutorial_dag' retrieved from /home/airflow/.local/lib/python3.9/site-packages/airflow/example_dags/tutorial_dag.py
[2025-12-11T23:05:56.101+0000] {logging_mixin.py:188} INFO - [2025-12-11T23:05:56.101+0000] {dag.py:3096} INFO - Sync 1 DAGs
[2025-12-11T23:05:56.122+0000] {logging_mixin.py:188} INFO - [2025-12-11T23:05:56.122+0000] {dag.py:3954} INFO - Setting next_dagrun for tutorial_dag to None, run_after=None
[2025-12-11T23:05:56.159+0000] {processor.py:183} INFO - Processing /home/airflow/.local/lib/python3.9/site-packages/airflow/example_dags/tutorial_dag.py took 0.127 seconds
[2025-12-11T23:06:26.632+0000] {processor.py:161} INFO - Started process (PID=1959) to work on /home/airflow/.local/lib/python3.9/site-packages/airflow/example_dags/tutorial_dag.py
[2025-12-11T23:06:26.638+0000] {processor.py:830} INFO - Processing file /home/airflow/.local/lib/python3.9/site-packages/airflow/example_dags/tutorial_dag.py for tasks to queue
[2025-12-11T23:06:26.641+0000] {logging_mixin.py:188} INFO - [2025-12-11T23:06:26.641+0000] {dagbag.py:545} INFO - Filling up the DagBag from /home/airflow/.local/lib/python3.9/site-packages/airflow/example_dags/tutorial_dag.py
[2025-12-11T23:06:26.654+0000] {processor.py:840} INFO - DAG(s) 'tutorial_dag' retrieved from /home/airflow/.local/lib/python3.9/site-packages/airflow/example_dags/tutorial_dag.py
[2025-12-11T23:06:26.714+0000] {logging_mixin.py:188} INFO - [2025-12-11T23:06:26.713+0000] {dag.py:3096} INFO - Sync 1 DAGs
[2025-12-11T23:06:26.751+0000] {logging_mixin.py:188} INFO - [2025-12-11T23:06:26.750+0000] {dag.py:3954} INFO - Setting next_dagrun for tutorial_dag to None, run_after=None
[2025-12-11T23:06:26.799+0000] {processor.py:183} INFO - Processing /home/airflow/.local/lib/python3.9/site-packages/airflow/example_dags/tutorial_dag.py took 0.184 seconds
[2025-12-11T23:06:56.938+0000] {processor.py:161} INFO - Started process (PID=2030) to work on /home/airflow/.local/lib/python3.9/site-packages/airflow/example_dags/tutorial_dag.py
[2025-12-11T23:06:56.950+0000] {processor.py:830} INFO - Processing file /home/airflow/.local/lib/python3.9/site-packages/airflow/example_dags/tutorial_dag.py for tasks to queue
[2025-12-11T23:06:56.953+0000] {logging_mixin.py:188} INFO - [2025-12-11T23:06:56.952+0000] {dagbag.py:545} INFO - Filling up the DagBag from /home/airflow/.local/lib/python3.9/site-packages/airflow/example_dags/tutorial_dag.py
[2025-12-11T23:06:56.974+0000] {processor.py:840} INFO - DAG(s) 'tutorial_dag' retrieved from /home/airflow/.local/lib/python3.9/site-packages/airflow/example_dags/tutorial_dag.py
[2025-12-11T23:06:57.054+0000] {logging_mixin.py:188} INFO - [2025-12-11T23:06:57.053+0000] {dag.py:3096} INFO - Sync 1 DAGs
[2025-12-11T23:06:57.082+0000] {logging_mixin.py:188} INFO - [2025-12-11T23:06:57.082+0000] {dag.py:3954} INFO - Setting next_dagrun for tutorial_dag to None, run_after=None
[2025-12-11T23:06:57.121+0000] {processor.py:183} INFO - Processing /home/airflow/.local/lib/python3.9/site-packages/airflow/example_dags/tutorial_dag.py took 0.206 seconds
[2025-12-11T23:07:27.874+0000] {processor.py:161} INFO - Started process (PID=2102) to work on /home/airflow/.local/lib/python3.9/site-packages/airflow/example_dags/tutorial_dag.py
[2025-12-11T23:07:27.875+0000] {processor.py:830} INFO - Processing file /home/airflow/.local/lib/python3.9/site-packages/airflow/example_dags/tutorial_dag.py for tasks to queue
[2025-12-11T23:07:27.878+0000] {logging_mixin.py:188} INFO - [2025-12-11T23:07:27.878+0000] {dagbag.py:545} INFO - Filling up the DagBag from /home/airflow/.local/lib/python3.9/site-packages/airflow/example_dags/tutorial_dag.py
[2025-12-11T23:07:27.892+0000] {processor.py:840} INFO - DAG(s) 'tutorial_dag' retrieved from /home/airflow/.local/lib/python3.9/site-packages/airflow/example_dags/tutorial_dag.py
[2025-12-11T23:07:27.937+0000] {logging_mixin.py:188} INFO - [2025-12-11T23:07:27.937+0000] {dag.py:3096} INFO - Sync 1 DAGs
[2025-12-11T23:07:27.960+0000] {logging_mixin.py:188} INFO - [2025-12-11T23:07:27.960+0000] {dag.py:3954} INFO - Setting next_dagrun for tutorial_dag to None, run_after=None
[2025-12-11T23:07:27.996+0000] {processor.py:183} INFO - Processing /home/airflow/.local/lib/python3.9/site-packages/airflow/example_dags/tutorial_dag.py took 0.137 seconds
[2025-12-11T23:07:58.634+0000] {processor.py:161} INFO - Started process (PID=2181) to work on /home/airflow/.local/lib/python3.9/site-packages/airflow/example_dags/tutorial_dag.py
[2025-12-11T23:07:58.638+0000] {processor.py:830} INFO - Processing file /home/airflow/.local/lib/python3.9/site-packages/airflow/example_dags/tutorial_dag.py for tasks to queue
[2025-12-11T23:07:58.642+0000] {logging_mixin.py:188} INFO - [2025-12-11T23:07:58.641+0000] {dagbag.py:545} INFO - Filling up the DagBag from /home/airflow/.local/lib/python3.9/site-packages/airflow/example_dags/tutorial_dag.py
[2025-12-11T23:07:58.661+0000] {processor.py:840} INFO - DAG(s) 'tutorial_dag' retrieved from /home/airflow/.local/lib/python3.9/site-packages/airflow/example_dags/tutorial_dag.py
[2025-12-11T23:07:58.722+0000] {logging_mixin.py:188} INFO - [2025-12-11T23:07:58.721+0000] {dag.py:3096} INFO - Sync 1 DAGs
[2025-12-11T23:07:58.759+0000] {logging_mixin.py:188} INFO - [2025-12-11T23:07:58.758+0000] {dag.py:3954} INFO - Setting next_dagrun for tutorial_dag to None, run_after=None
[2025-12-11T23:07:58.801+0000] {processor.py:183} INFO - Processing /home/airflow/.local/lib/python3.9/site-packages/airflow/example_dags/tutorial_dag.py took 0.186 seconds
[2025-12-11T23:08:30.012+0000] {processor.py:161} INFO - Started process (PID=2251) to work on /home/airflow/.local/lib/python3.9/site-packages/airflow/example_dags/tutorial_dag.py
[2025-12-11T23:08:30.326+0000] {processor.py:830} INFO - Processing file /home/airflow/.local/lib/python3.9/site-packages/airflow/example_dags/tutorial_dag.py for tasks to queue
[2025-12-11T23:08:30.331+0000] {logging_mixin.py:188} INFO - [2025-12-11T23:08:30.330+0000] {dagbag.py:545} INFO - Filling up the DagBag from /home/airflow/.local/lib/python3.9/site-packages/airflow/example_dags/tutorial_dag.py
[2025-12-11T23:08:30.342+0000] {processor.py:840} INFO - DAG(s) 'tutorial_dag' retrieved from /home/airflow/.local/lib/python3.9/site-packages/airflow/example_dags/tutorial_dag.py
[2025-12-11T23:08:30.581+0000] {logging_mixin.py:188} INFO - [2025-12-11T23:08:30.581+0000] {dag.py:3096} INFO - Sync 1 DAGs
[2025-12-11T23:08:30.689+0000] {logging_mixin.py:188} INFO - [2025-12-11T23:08:30.689+0000] {dag.py:3954} INFO - Setting next_dagrun for tutorial_dag to None, run_after=None
[2025-12-11T23:08:30.753+0000] {processor.py:183} INFO - Processing /home/airflow/.local/lib/python3.9/site-packages/airflow/example_dags/tutorial_dag.py took 0.763 seconds
[2025-12-11T23:09:01.218+0000] {processor.py:161} INFO - Started process (PID=2320) to work on /home/airflow/.local/lib/python3.9/site-packages/airflow/example_dags/tutorial_dag.py
[2025-12-11T23:09:01.306+0000] {processor.py:830} INFO - Processing file /home/airflow/.local/lib/python3.9/site-packages/airflow/example_dags/tutorial_dag.py for tasks to queue
[2025-12-11T23:09:01.309+0000] {logging_mixin.py:188} INFO - [2025-12-11T23:09:01.309+0000] {dagbag.py:545} INFO - Filling up the DagBag from /home/airflow/.local/lib/python3.9/site-packages/airflow/example_dags/tutorial_dag.py
[2025-12-11T23:09:01.320+0000] {processor.py:840} INFO - DAG(s) 'tutorial_dag' retrieved from /home/airflow/.local/lib/python3.9/site-packages/airflow/example_dags/tutorial_dag.py
[2025-12-11T23:09:01.379+0000] {logging_mixin.py:188} INFO - [2025-12-11T23:09:01.379+0000] {dag.py:3096} INFO - Sync 1 DAGs
[2025-12-11T23:09:01.534+0000] {logging_mixin.py:188} INFO - [2025-12-11T23:09:01.534+0000] {dag.py:3954} INFO - Setting next_dagrun for tutorial_dag to None, run_after=None
[2025-12-11T23:09:01.653+0000] {processor.py:183} INFO - Processing /home/airflow/.local/lib/python3.9/site-packages/airflow/example_dags/tutorial_dag.py took 0.454 seconds
[2025-12-11T23:09:31.800+0000] {processor.py:161} INFO - Started process (PID=2391) to work on /home/airflow/.local/lib/python3.9/site-packages/airflow/example_dags/tutorial_dag.py
[2025-12-11T23:09:31.801+0000] {processor.py:830} INFO - Processing file /home/airflow/.local/lib/python3.9/site-packages/airflow/example_dags/tutorial_dag.py for tasks to queue
[2025-12-11T23:09:31.804+0000] {logging_mixin.py:188} INFO - [2025-12-11T23:09:31.804+0000] {dagbag.py:545} INFO - Filling up the DagBag from /home/airflow/.local/lib/python3.9/site-packages/airflow/example_dags/tutorial_dag.py
[2025-12-11T23:09:31.817+0000] {processor.py:840} INFO - DAG(s) 'tutorial_dag' retrieved from /home/airflow/.local/lib/python3.9/site-packages/airflow/example_dags/tutorial_dag.py
[2025-12-11T23:09:31.854+0000] {logging_mixin.py:188} INFO - [2025-12-11T23:09:31.854+0000] {dag.py:3096} INFO - Sync 1 DAGs
[2025-12-11T23:09:31.877+0000] {logging_mixin.py:188} INFO - [2025-12-11T23:09:31.876+0000] {dag.py:3954} INFO - Setting next_dagrun for tutorial_dag to None, run_after=None
[2025-12-11T23:09:31.906+0000] {processor.py:183} INFO - Processing /home/airflow/.local/lib/python3.9/site-packages/airflow/example_dags/tutorial_dag.py took 0.116 seconds
[2025-12-11T23:10:02.019+0000] {processor.py:161} INFO - Started process (PID=2461) to work on /home/airflow/.local/lib/python3.9/site-packages/airflow/example_dags/tutorial_dag.py
[2025-12-11T23:10:02.027+0000] {processor.py:830} INFO - Processing file /home/airflow/.local/lib/python3.9/site-packages/airflow/example_dags/tutorial_dag.py for tasks to queue
[2025-12-11T23:10:02.033+0000] {logging_mixin.py:188} INFO - [2025-12-11T23:10:02.032+0000] {dagbag.py:545} INFO - Filling up the DagBag from /home/airflow/.local/lib/python3.9/site-packages/airflow/example_dags/tutorial_dag.py
[2025-12-11T23:10:02.051+0000] {processor.py:840} INFO - DAG(s) 'tutorial_dag' retrieved from /home/airflow/.local/lib/python3.9/site-packages/airflow/example_dags/tutorial_dag.py
[2025-12-11T23:10:02.112+0000] {logging_mixin.py:188} INFO - [2025-12-11T23:10:02.111+0000] {dag.py:3096} INFO - Sync 1 DAGs
[2025-12-11T23:10:02.151+0000] {logging_mixin.py:188} INFO - [2025-12-11T23:10:02.150+0000] {dag.py:3954} INFO - Setting next_dagrun for tutorial_dag to None, run_after=None
[2025-12-11T23:10:02.516+0000] {processor.py:183} INFO - Processing /home/airflow/.local/lib/python3.9/site-packages/airflow/example_dags/tutorial_dag.py took 0.520 seconds
[2025-12-11T23:10:33.734+0000] {processor.py:161} INFO - Started process (PID=2523) to work on /home/airflow/.local/lib/python3.9/site-packages/airflow/example_dags/tutorial_dag.py
[2025-12-11T23:10:33.750+0000] {processor.py:830} INFO - Processing file /home/airflow/.local/lib/python3.9/site-packages/airflow/example_dags/tutorial_dag.py for tasks to queue
[2025-12-11T23:10:33.754+0000] {logging_mixin.py:188} INFO - [2025-12-11T23:10:33.753+0000] {dagbag.py:545} INFO - Filling up the DagBag from /home/airflow/.local/lib/python3.9/site-packages/airflow/example_dags/tutorial_dag.py
[2025-12-11T23:10:33.775+0000] {processor.py:840} INFO - DAG(s) 'tutorial_dag' retrieved from /home/airflow/.local/lib/python3.9/site-packages/airflow/example_dags/tutorial_dag.py
[2025-12-11T23:10:33.827+0000] {logging_mixin.py:188} INFO - [2025-12-11T23:10:33.827+0000] {dag.py:3096} INFO - Sync 1 DAGs
[2025-12-11T23:10:33.850+0000] {logging_mixin.py:188} INFO - [2025-12-11T23:10:33.850+0000] {dag.py:3954} INFO - Setting next_dagrun for tutorial_dag to None, run_after=None
[2025-12-11T23:10:33.879+0000] {processor.py:183} INFO - Processing /home/airflow/.local/lib/python3.9/site-packages/airflow/example_dags/tutorial_dag.py took 0.184 seconds
[2025-12-11T23:11:04.240+0000] {processor.py:161} INFO - Started process (PID=2599) to work on /home/airflow/.local/lib/python3.9/site-packages/airflow/example_dags/tutorial_dag.py
[2025-12-11T23:11:04.250+0000] {processor.py:830} INFO - Processing file /home/airflow/.local/lib/python3.9/site-packages/airflow/example_dags/tutorial_dag.py for tasks to queue
[2025-12-11T23:11:04.253+0000] {logging_mixin.py:188} INFO - [2025-12-11T23:11:04.253+0000] {dagbag.py:545} INFO - Filling up the DagBag from /home/airflow/.local/lib/python3.9/site-packages/airflow/example_dags/tutorial_dag.py
[2025-12-11T23:11:04.275+0000] {processor.py:840} INFO - DAG(s) 'tutorial_dag' retrieved from /home/airflow/.local/lib/python3.9/site-packages/airflow/example_dags/tutorial_dag.py
[2025-12-11T23:11:04.411+0000] {logging_mixin.py:188} INFO - [2025-12-11T23:11:04.410+0000] {dag.py:3096} INFO - Sync 1 DAGs
[2025-12-11T23:11:04.474+0000] {logging_mixin.py:188} INFO - [2025-12-11T23:11:04.474+0000] {dag.py:3954} INFO - Setting next_dagrun for tutorial_dag to None, run_after=None
[2025-12-11T23:11:04.576+0000] {processor.py:183} INFO - Processing /home/airflow/.local/lib/python3.9/site-packages/airflow/example_dags/tutorial_dag.py took 0.347 seconds
[2025-12-11T23:11:35.037+0000] {processor.py:161} INFO - Started process (PID=2659) to work on /home/airflow/.local/lib/python3.9/site-packages/airflow/example_dags/tutorial_dag.py
[2025-12-11T23:11:35.042+0000] {processor.py:830} INFO - Processing file /home/airflow/.local/lib/python3.9/site-packages/airflow/example_dags/tutorial_dag.py for tasks to queue
[2025-12-11T23:11:35.051+0000] {logging_mixin.py:188} INFO - [2025-12-11T23:11:35.051+0000] {dagbag.py:545} INFO - Filling up the DagBag from /home/airflow/.local/lib/python3.9/site-packages/airflow/example_dags/tutorial_dag.py
[2025-12-11T23:11:35.060+0000] {processor.py:840} INFO - DAG(s) 'tutorial_dag' retrieved from /home/airflow/.local/lib/python3.9/site-packages/airflow/example_dags/tutorial_dag.py
[2025-12-11T23:11:35.119+0000] {logging_mixin.py:188} INFO - [2025-12-11T23:11:35.118+0000] {dag.py:3096} INFO - Sync 1 DAGs
[2025-12-11T23:11:35.155+0000] {logging_mixin.py:188} INFO - [2025-12-11T23:11:35.155+0000] {dag.py:3954} INFO - Setting next_dagrun for tutorial_dag to None, run_after=None
[2025-12-11T23:11:35.234+0000] {processor.py:183} INFO - Processing /home/airflow/.local/lib/python3.9/site-packages/airflow/example_dags/tutorial_dag.py took 0.218 seconds
[2025-12-11T23:12:05.393+0000] {processor.py:161} INFO - Started process (PID=2729) to work on /home/airflow/.local/lib/python3.9/site-packages/airflow/example_dags/tutorial_dag.py
[2025-12-11T23:12:05.398+0000] {processor.py:830} INFO - Processing file /home/airflow/.local/lib/python3.9/site-packages/airflow/example_dags/tutorial_dag.py for tasks to queue
[2025-12-11T23:12:05.412+0000] {logging_mixin.py:188} INFO - [2025-12-11T23:12:05.412+0000] {dagbag.py:545} INFO - Filling up the DagBag from /home/airflow/.local/lib/python3.9/site-packages/airflow/example_dags/tutorial_dag.py
[2025-12-11T23:12:05.450+0000] {processor.py:840} INFO - DAG(s) 'tutorial_dag' retrieved from /home/airflow/.local/lib/python3.9/site-packages/airflow/example_dags/tutorial_dag.py
[2025-12-11T23:12:05.549+0000] {logging_mixin.py:188} INFO - [2025-12-11T23:12:05.538+0000] {dag.py:3096} INFO - Sync 1 DAGs
[2025-12-11T23:12:05.612+0000] {logging_mixin.py:188} INFO - [2025-12-11T23:12:05.611+0000] {dag.py:3954} INFO - Setting next_dagrun for tutorial_dag to None, run_after=None
[2025-12-11T23:12:05.976+0000] {processor.py:183} INFO - Processing /home/airflow/.local/lib/python3.9/site-packages/airflow/example_dags/tutorial_dag.py took 0.619 seconds
[2025-12-11T23:12:41.049+0000] {processor.py:161} INFO - Started process (PID=2797) to work on /home/airflow/.local/lib/python3.9/site-packages/airflow/example_dags/tutorial_dag.py
[2025-12-11T23:12:41.257+0000] {processor.py:830} INFO - Processing file /home/airflow/.local/lib/python3.9/site-packages/airflow/example_dags/tutorial_dag.py for tasks to queue
[2025-12-11T23:12:41.260+0000] {logging_mixin.py:188} INFO - [2025-12-11T23:12:41.260+0000] {dagbag.py:545} INFO - Filling up the DagBag from /home/airflow/.local/lib/python3.9/site-packages/airflow/example_dags/tutorial_dag.py
[2025-12-11T23:12:41.269+0000] {processor.py:840} INFO - DAG(s) 'tutorial_dag' retrieved from /home/airflow/.local/lib/python3.9/site-packages/airflow/example_dags/tutorial_dag.py
[2025-12-11T23:12:41.305+0000] {logging_mixin.py:188} INFO - [2025-12-11T23:12:41.304+0000] {dag.py:3096} INFO - Sync 1 DAGs
[2025-12-11T23:12:41.325+0000] {logging_mixin.py:188} INFO - [2025-12-11T23:12:41.325+0000] {dag.py:3954} INFO - Setting next_dagrun for tutorial_dag to None, run_after=None
[2025-12-11T23:12:41.788+0000] {processor.py:183} INFO - Processing /home/airflow/.local/lib/python3.9/site-packages/airflow/example_dags/tutorial_dag.py took 0.754 seconds
[2025-12-11T23:13:13.248+0000] {processor.py:161} INFO - Started process (PID=2864) to work on /home/airflow/.local/lib/python3.9/site-packages/airflow/example_dags/tutorial_dag.py
[2025-12-11T23:13:13.259+0000] {processor.py:830} INFO - Processing file /home/airflow/.local/lib/python3.9/site-packages/airflow/example_dags/tutorial_dag.py for tasks to queue
[2025-12-11T23:13:13.262+0000] {logging_mixin.py:188} INFO - [2025-12-11T23:13:13.261+0000] {dagbag.py:545} INFO - Filling up the DagBag from /home/airflow/.local/lib/python3.9/site-packages/airflow/example_dags/tutorial_dag.py
[2025-12-11T23:13:13.271+0000] {processor.py:840} INFO - DAG(s) 'tutorial_dag' retrieved from /home/airflow/.local/lib/python3.9/site-packages/airflow/example_dags/tutorial_dag.py
[2025-12-11T23:13:13.309+0000] {logging_mixin.py:188} INFO - [2025-12-11T23:13:13.309+0000] {dag.py:3096} INFO - Sync 1 DAGs
[2025-12-11T23:13:13.330+0000] {logging_mixin.py:188} INFO - [2025-12-11T23:13:13.330+0000] {dag.py:3954} INFO - Setting next_dagrun for tutorial_dag to None, run_after=None
[2025-12-11T23:13:13.429+0000] {processor.py:183} INFO - Processing /home/airflow/.local/lib/python3.9/site-packages/airflow/example_dags/tutorial_dag.py took 0.193 seconds
[2025-12-11T23:13:43.641+0000] {processor.py:161} INFO - Started process (PID=2931) to work on /home/airflow/.local/lib/python3.9/site-packages/airflow/example_dags/tutorial_dag.py
[2025-12-11T23:13:43.643+0000] {processor.py:830} INFO - Processing file /home/airflow/.local/lib/python3.9/site-packages/airflow/example_dags/tutorial_dag.py for tasks to queue
[2025-12-11T23:13:43.646+0000] {logging_mixin.py:188} INFO - [2025-12-11T23:13:43.645+0000] {dagbag.py:545} INFO - Filling up the DagBag from /home/airflow/.local/lib/python3.9/site-packages/airflow/example_dags/tutorial_dag.py
[2025-12-11T23:13:43.656+0000] {processor.py:840} INFO - DAG(s) 'tutorial_dag' retrieved from /home/airflow/.local/lib/python3.9/site-packages/airflow/example_dags/tutorial_dag.py
[2025-12-11T23:13:43.693+0000] {logging_mixin.py:188} INFO - [2025-12-11T23:13:43.693+0000] {dag.py:3096} INFO - Sync 1 DAGs
[2025-12-11T23:13:43.717+0000] {logging_mixin.py:188} INFO - [2025-12-11T23:13:43.716+0000] {dag.py:3954} INFO - Setting next_dagrun for tutorial_dag to None, run_after=None
[2025-12-11T23:13:43.863+0000] {processor.py:183} INFO - Processing /home/airflow/.local/lib/python3.9/site-packages/airflow/example_dags/tutorial_dag.py took 0.234 seconds
[2025-12-11T23:14:14.004+0000] {processor.py:161} INFO - Started process (PID=2998) to work on /home/airflow/.local/lib/python3.9/site-packages/airflow/example_dags/tutorial_dag.py
[2025-12-11T23:14:14.010+0000] {processor.py:830} INFO - Processing file /home/airflow/.local/lib/python3.9/site-packages/airflow/example_dags/tutorial_dag.py for tasks to queue
[2025-12-11T23:14:14.013+0000] {logging_mixin.py:188} INFO - [2025-12-11T23:14:14.012+0000] {dagbag.py:545} INFO - Filling up the DagBag from /home/airflow/.local/lib/python3.9/site-packages/airflow/example_dags/tutorial_dag.py
[2025-12-11T23:14:14.022+0000] {processor.py:840} INFO - DAG(s) 'tutorial_dag' retrieved from /home/airflow/.local/lib/python3.9/site-packages/airflow/example_dags/tutorial_dag.py
[2025-12-11T23:14:14.062+0000] {logging_mixin.py:188} INFO - [2025-12-11T23:14:14.061+0000] {dag.py:3096} INFO - Sync 1 DAGs
[2025-12-11T23:14:14.089+0000] {logging_mixin.py:188} INFO - [2025-12-11T23:14:14.088+0000] {dag.py:3954} INFO - Setting next_dagrun for tutorial_dag to None, run_after=None
[2025-12-11T23:14:14.124+0000] {processor.py:183} INFO - Processing /home/airflow/.local/lib/python3.9/site-packages/airflow/example_dags/tutorial_dag.py took 0.133 seconds
[2025-12-11T23:14:44.318+0000] {processor.py:161} INFO - Started process (PID=3063) to work on /home/airflow/.local/lib/python3.9/site-packages/airflow/example_dags/tutorial_dag.py
[2025-12-11T23:14:44.323+0000] {processor.py:830} INFO - Processing file /home/airflow/.local/lib/python3.9/site-packages/airflow/example_dags/tutorial_dag.py for tasks to queue
[2025-12-11T23:14:44.326+0000] {logging_mixin.py:188} INFO - [2025-12-11T23:14:44.326+0000] {dagbag.py:545} INFO - Filling up the DagBag from /home/airflow/.local/lib/python3.9/site-packages/airflow/example_dags/tutorial_dag.py
[2025-12-11T23:14:44.335+0000] {processor.py:840} INFO - DAG(s) 'tutorial_dag' retrieved from /home/airflow/.local/lib/python3.9/site-packages/airflow/example_dags/tutorial_dag.py
[2025-12-11T23:14:44.371+0000] {logging_mixin.py:188} INFO - [2025-12-11T23:14:44.371+0000] {dag.py:3096} INFO - Sync 1 DAGs
[2025-12-11T23:14:44.392+0000] {logging_mixin.py:188} INFO - [2025-12-11T23:14:44.392+0000] {dag.py:3954} INFO - Setting next_dagrun for tutorial_dag to None, run_after=None
[2025-12-11T23:14:44.420+0000] {processor.py:183} INFO - Processing /home/airflow/.local/lib/python3.9/site-packages/airflow/example_dags/tutorial_dag.py took 0.112 seconds
[2025-12-11T23:15:15.078+0000] {processor.py:161} INFO - Started process (PID=3126) to work on /home/airflow/.local/lib/python3.9/site-packages/airflow/example_dags/tutorial_dag.py
[2025-12-11T23:15:15.373+0000] {processor.py:830} INFO - Processing file /home/airflow/.local/lib/python3.9/site-packages/airflow/example_dags/tutorial_dag.py for tasks to queue
[2025-12-11T23:15:15.377+0000] {logging_mixin.py:188} INFO - [2025-12-11T23:15:15.376+0000] {dagbag.py:545} INFO - Filling up the DagBag from /home/airflow/.local/lib/python3.9/site-packages/airflow/example_dags/tutorial_dag.py
[2025-12-11T23:15:15.387+0000] {processor.py:840} INFO - DAG(s) 'tutorial_dag' retrieved from /home/airflow/.local/lib/python3.9/site-packages/airflow/example_dags/tutorial_dag.py
[2025-12-11T23:15:15.429+0000] {logging_mixin.py:188} INFO - [2025-12-11T23:15:15.428+0000] {dag.py:3096} INFO - Sync 1 DAGs
[2025-12-11T23:15:15.453+0000] {logging_mixin.py:188} INFO - [2025-12-11T23:15:15.452+0000] {dag.py:3954} INFO - Setting next_dagrun for tutorial_dag to None, run_after=None
[2025-12-11T23:15:15.548+0000] {processor.py:183} INFO - Processing /home/airflow/.local/lib/python3.9/site-packages/airflow/example_dags/tutorial_dag.py took 0.481 seconds
[2025-12-11T23:15:45.700+0000] {processor.py:161} INFO - Started process (PID=3193) to work on /home/airflow/.local/lib/python3.9/site-packages/airflow/example_dags/tutorial_dag.py
[2025-12-11T23:15:45.702+0000] {processor.py:830} INFO - Processing file /home/airflow/.local/lib/python3.9/site-packages/airflow/example_dags/tutorial_dag.py for tasks to queue
[2025-12-11T23:15:45.705+0000] {logging_mixin.py:188} INFO - [2025-12-11T23:15:45.704+0000] {dagbag.py:545} INFO - Filling up the DagBag from /home/airflow/.local/lib/python3.9/site-packages/airflow/example_dags/tutorial_dag.py
[2025-12-11T23:15:45.714+0000] {processor.py:840} INFO - DAG(s) 'tutorial_dag' retrieved from /home/airflow/.local/lib/python3.9/site-packages/airflow/example_dags/tutorial_dag.py
[2025-12-11T23:15:45.755+0000] {logging_mixin.py:188} INFO - [2025-12-11T23:15:45.754+0000] {dag.py:3096} INFO - Sync 1 DAGs
[2025-12-11T23:15:45.798+0000] {logging_mixin.py:188} INFO - [2025-12-11T23:15:45.797+0000] {dag.py:3954} INFO - Setting next_dagrun for tutorial_dag to None, run_after=None
[2025-12-11T23:15:46.037+0000] {processor.py:183} INFO - Processing /home/airflow/.local/lib/python3.9/site-packages/airflow/example_dags/tutorial_dag.py took 0.348 seconds
[2025-12-11T23:16:16.280+0000] {processor.py:161} INFO - Started process (PID=3260) to work on /home/airflow/.local/lib/python3.9/site-packages/airflow/example_dags/tutorial_dag.py
[2025-12-11T23:16:16.297+0000] {processor.py:830} INFO - Processing file /home/airflow/.local/lib/python3.9/site-packages/airflow/example_dags/tutorial_dag.py for tasks to queue
[2025-12-11T23:16:16.301+0000] {logging_mixin.py:188} INFO - [2025-12-11T23:16:16.300+0000] {dagbag.py:545} INFO - Filling up the DagBag from /home/airflow/.local/lib/python3.9/site-packages/airflow/example_dags/tutorial_dag.py
[2025-12-11T23:16:16.331+0000] {processor.py:840} INFO - DAG(s) 'tutorial_dag' retrieved from /home/airflow/.local/lib/python3.9/site-packages/airflow/example_dags/tutorial_dag.py
[2025-12-11T23:16:16.379+0000] {logging_mixin.py:188} INFO - [2025-12-11T23:16:16.378+0000] {dag.py:3096} INFO - Sync 1 DAGs
[2025-12-11T23:16:16.400+0000] {logging_mixin.py:188} INFO - [2025-12-11T23:16:16.400+0000] {dag.py:3954} INFO - Setting next_dagrun for tutorial_dag to None, run_after=None
[2025-12-11T23:16:16.613+0000] {processor.py:183} INFO - Processing /home/airflow/.local/lib/python3.9/site-packages/airflow/example_dags/tutorial_dag.py took 0.348 seconds
[2025-12-11T23:16:46.738+0000] {processor.py:161} INFO - Started process (PID=3327) to work on /home/airflow/.local/lib/python3.9/site-packages/airflow/example_dags/tutorial_dag.py
[2025-12-11T23:16:47.070+0000] {processor.py:830} INFO - Processing file /home/airflow/.local/lib/python3.9/site-packages/airflow/example_dags/tutorial_dag.py for tasks to queue
[2025-12-11T23:16:47.074+0000] {logging_mixin.py:188} INFO - [2025-12-11T23:16:47.073+0000] {dagbag.py:545} INFO - Filling up the DagBag from /home/airflow/.local/lib/python3.9/site-packages/airflow/example_dags/tutorial_dag.py
[2025-12-11T23:16:47.092+0000] {processor.py:840} INFO - DAG(s) 'tutorial_dag' retrieved from /home/airflow/.local/lib/python3.9/site-packages/airflow/example_dags/tutorial_dag.py
[2025-12-11T23:16:47.150+0000] {logging_mixin.py:188} INFO - [2025-12-11T23:16:47.150+0000] {dag.py:3096} INFO - Sync 1 DAGs
[2025-12-11T23:16:47.174+0000] {logging_mixin.py:188} INFO - [2025-12-11T23:16:47.174+0000] {dag.py:3954} INFO - Setting next_dagrun for tutorial_dag to None, run_after=None
[2025-12-11T23:16:47.695+0000] {processor.py:183} INFO - Processing /home/airflow/.local/lib/python3.9/site-packages/airflow/example_dags/tutorial_dag.py took 0.979 seconds
[2025-12-11T23:17:18.361+0000] {processor.py:161} INFO - Started process (PID=3394) to work on /home/airflow/.local/lib/python3.9/site-packages/airflow/example_dags/tutorial_dag.py
[2025-12-11T23:17:18.364+0000] {processor.py:830} INFO - Processing file /home/airflow/.local/lib/python3.9/site-packages/airflow/example_dags/tutorial_dag.py for tasks to queue
[2025-12-11T23:17:18.369+0000] {logging_mixin.py:188} INFO - [2025-12-11T23:17:18.368+0000] {dagbag.py:545} INFO - Filling up the DagBag from /home/airflow/.local/lib/python3.9/site-packages/airflow/example_dags/tutorial_dag.py
[2025-12-11T23:17:18.382+0000] {processor.py:840} INFO - DAG(s) 'tutorial_dag' retrieved from /home/airflow/.local/lib/python3.9/site-packages/airflow/example_dags/tutorial_dag.py
[2025-12-11T23:17:18.439+0000] {logging_mixin.py:188} INFO - [2025-12-11T23:17:18.439+0000] {dag.py:3096} INFO - Sync 1 DAGs
[2025-12-11T23:17:18.476+0000] {logging_mixin.py:188} INFO - [2025-12-11T23:17:18.475+0000] {dag.py:3954} INFO - Setting next_dagrun for tutorial_dag to None, run_after=None
[2025-12-11T23:17:18.526+0000] {processor.py:183} INFO - Processing /home/airflow/.local/lib/python3.9/site-packages/airflow/example_dags/tutorial_dag.py took 0.186 seconds
[2025-12-11T23:17:48.590+0000] {processor.py:161} INFO - Started process (PID=3461) to work on /home/airflow/.local/lib/python3.9/site-packages/airflow/example_dags/tutorial_dag.py
[2025-12-11T23:17:48.592+0000] {processor.py:830} INFO - Processing file /home/airflow/.local/lib/python3.9/site-packages/airflow/example_dags/tutorial_dag.py for tasks to queue
[2025-12-11T23:17:48.594+0000] {logging_mixin.py:188} INFO - [2025-12-11T23:17:48.594+0000] {dagbag.py:545} INFO - Filling up the DagBag from /home/airflow/.local/lib/python3.9/site-packages/airflow/example_dags/tutorial_dag.py
[2025-12-11T23:17:48.605+0000] {processor.py:840} INFO - DAG(s) 'tutorial_dag' retrieved from /home/airflow/.local/lib/python3.9/site-packages/airflow/example_dags/tutorial_dag.py
[2025-12-11T23:17:48.649+0000] {logging_mixin.py:188} INFO - [2025-12-11T23:17:48.648+0000] {dag.py:3096} INFO - Sync 1 DAGs
[2025-12-11T23:17:48.672+0000] {logging_mixin.py:188} INFO - [2025-12-11T23:17:48.672+0000] {dag.py:3954} INFO - Setting next_dagrun for tutorial_dag to None, run_after=None
[2025-12-11T23:17:48.718+0000] {processor.py:183} INFO - Processing /home/airflow/.local/lib/python3.9/site-packages/airflow/example_dags/tutorial_dag.py took 0.138 seconds
[2025-12-11T23:18:19.294+0000] {processor.py:161} INFO - Started process (PID=3528) to work on /home/airflow/.local/lib/python3.9/site-packages/airflow/example_dags/tutorial_dag.py
[2025-12-11T23:18:19.317+0000] {processor.py:830} INFO - Processing file /home/airflow/.local/lib/python3.9/site-packages/airflow/example_dags/tutorial_dag.py for tasks to queue
[2025-12-11T23:18:19.320+0000] {logging_mixin.py:188} INFO - [2025-12-11T23:18:19.320+0000] {dagbag.py:545} INFO - Filling up the DagBag from /home/airflow/.local/lib/python3.9/site-packages/airflow/example_dags/tutorial_dag.py
[2025-12-11T23:18:19.336+0000] {processor.py:840} INFO - DAG(s) 'tutorial_dag' retrieved from /home/airflow/.local/lib/python3.9/site-packages/airflow/example_dags/tutorial_dag.py
[2025-12-11T23:18:19.415+0000] {logging_mixin.py:188} INFO - [2025-12-11T23:18:19.415+0000] {dag.py:3096} INFO - Sync 1 DAGs
[2025-12-11T23:18:19.451+0000] {logging_mixin.py:188} INFO - [2025-12-11T23:18:19.450+0000] {dag.py:3954} INFO - Setting next_dagrun for tutorial_dag to None, run_after=None
[2025-12-11T23:18:19.550+0000] {processor.py:183} INFO - Processing /home/airflow/.local/lib/python3.9/site-packages/airflow/example_dags/tutorial_dag.py took 0.276 seconds
[2025-12-11T23:18:49.678+0000] {processor.py:161} INFO - Started process (PID=3595) to work on /home/airflow/.local/lib/python3.9/site-packages/airflow/example_dags/tutorial_dag.py
[2025-12-11T23:18:49.685+0000] {processor.py:830} INFO - Processing file /home/airflow/.local/lib/python3.9/site-packages/airflow/example_dags/tutorial_dag.py for tasks to queue
[2025-12-11T23:18:49.692+0000] {logging_mixin.py:188} INFO - [2025-12-11T23:18:49.691+0000] {dagbag.py:545} INFO - Filling up the DagBag from /home/airflow/.local/lib/python3.9/site-packages/airflow/example_dags/tutorial_dag.py
[2025-12-11T23:18:49.701+0000] {processor.py:840} INFO - DAG(s) 'tutorial_dag' retrieved from /home/airflow/.local/lib/python3.9/site-packages/airflow/example_dags/tutorial_dag.py
[2025-12-11T23:18:49.773+0000] {logging_mixin.py:188} INFO - [2025-12-11T23:18:49.772+0000] {dag.py:3096} INFO - Sync 1 DAGs
[2025-12-11T23:18:49.817+0000] {logging_mixin.py:188} INFO - [2025-12-11T23:18:49.816+0000] {dag.py:3954} INFO - Setting next_dagrun for tutorial_dag to None, run_after=None
[2025-12-11T23:18:49.914+0000] {processor.py:183} INFO - Processing /home/airflow/.local/lib/python3.9/site-packages/airflow/example_dags/tutorial_dag.py took 0.256 seconds
[2025-12-11T23:19:20.192+0000] {processor.py:161} INFO - Started process (PID=3662) to work on /home/airflow/.local/lib/python3.9/site-packages/airflow/example_dags/tutorial_dag.py
[2025-12-11T23:19:20.200+0000] {processor.py:830} INFO - Processing file /home/airflow/.local/lib/python3.9/site-packages/airflow/example_dags/tutorial_dag.py for tasks to queue
[2025-12-11T23:19:20.203+0000] {logging_mixin.py:188} INFO - [2025-12-11T23:19:20.202+0000] {dagbag.py:545} INFO - Filling up the DagBag from /home/airflow/.local/lib/python3.9/site-packages/airflow/example_dags/tutorial_dag.py
[2025-12-11T23:19:20.212+0000] {processor.py:840} INFO - DAG(s) 'tutorial_dag' retrieved from /home/airflow/.local/lib/python3.9/site-packages/airflow/example_dags/tutorial_dag.py
[2025-12-11T23:19:20.247+0000] {logging_mixin.py:188} INFO - [2025-12-11T23:19:20.247+0000] {dag.py:3096} INFO - Sync 1 DAGs
[2025-12-11T23:19:20.267+0000] {logging_mixin.py:188} INFO - [2025-12-11T23:19:20.267+0000] {dag.py:3954} INFO - Setting next_dagrun for tutorial_dag to None, run_after=None
[2025-12-11T23:19:20.295+0000] {processor.py:183} INFO - Processing /home/airflow/.local/lib/python3.9/site-packages/airflow/example_dags/tutorial_dag.py took 0.115 seconds
[2025-12-11T23:19:50.440+0000] {processor.py:161} INFO - Started process (PID=3729) to work on /home/airflow/.local/lib/python3.9/site-packages/airflow/example_dags/tutorial_dag.py
[2025-12-11T23:19:50.451+0000] {processor.py:830} INFO - Processing file /home/airflow/.local/lib/python3.9/site-packages/airflow/example_dags/tutorial_dag.py for tasks to queue
[2025-12-11T23:19:50.456+0000] {logging_mixin.py:188} INFO - [2025-12-11T23:19:50.456+0000] {dagbag.py:545} INFO - Filling up the DagBag from /home/airflow/.local/lib/python3.9/site-packages/airflow/example_dags/tutorial_dag.py
[2025-12-11T23:19:50.476+0000] {processor.py:840} INFO - DAG(s) 'tutorial_dag' retrieved from /home/airflow/.local/lib/python3.9/site-packages/airflow/example_dags/tutorial_dag.py
[2025-12-11T23:19:50.554+0000] {logging_mixin.py:188} INFO - [2025-12-11T23:19:50.553+0000] {dag.py:3096} INFO - Sync 1 DAGs
[2025-12-11T23:19:50.594+0000] {logging_mixin.py:188} INFO - [2025-12-11T23:19:50.593+0000] {dag.py:3954} INFO - Setting next_dagrun for tutorial_dag to None, run_after=None
[2025-12-11T23:19:50.672+0000] {processor.py:183} INFO - Processing /home/airflow/.local/lib/python3.9/site-packages/airflow/example_dags/tutorial_dag.py took 0.255 seconds
[2025-12-11T23:20:20.803+0000] {processor.py:161} INFO - Started process (PID=3796) to work on /home/airflow/.local/lib/python3.9/site-packages/airflow/example_dags/tutorial_dag.py
[2025-12-11T23:20:20.809+0000] {processor.py:830} INFO - Processing file /home/airflow/.local/lib/python3.9/site-packages/airflow/example_dags/tutorial_dag.py for tasks to queue
[2025-12-11T23:20:20.812+0000] {logging_mixin.py:188} INFO - [2025-12-11T23:20:20.812+0000] {dagbag.py:545} INFO - Filling up the DagBag from /home/airflow/.local/lib/python3.9/site-packages/airflow/example_dags/tutorial_dag.py
[2025-12-11T23:20:20.822+0000] {processor.py:840} INFO - DAG(s) 'tutorial_dag' retrieved from /home/airflow/.local/lib/python3.9/site-packages/airflow/example_dags/tutorial_dag.py
[2025-12-11T23:20:20.870+0000] {logging_mixin.py:188} INFO - [2025-12-11T23:20:20.869+0000] {dag.py:3096} INFO - Sync 1 DAGs
[2025-12-11T23:20:20.891+0000] {logging_mixin.py:188} INFO - [2025-12-11T23:20:20.890+0000] {dag.py:3954} INFO - Setting next_dagrun for tutorial_dag to None, run_after=None
[2025-12-11T23:20:20.919+0000] {processor.py:183} INFO - Processing /home/airflow/.local/lib/python3.9/site-packages/airflow/example_dags/tutorial_dag.py took 0.126 seconds
[2025-12-11T23:20:51.026+0000] {processor.py:161} INFO - Started process (PID=3863) to work on /home/airflow/.local/lib/python3.9/site-packages/airflow/example_dags/tutorial_dag.py
[2025-12-11T23:20:51.104+0000] {processor.py:830} INFO - Processing file /home/airflow/.local/lib/python3.9/site-packages/airflow/example_dags/tutorial_dag.py for tasks to queue
[2025-12-11T23:20:51.108+0000] {logging_mixin.py:188} INFO - [2025-12-11T23:20:51.107+0000] {dagbag.py:545} INFO - Filling up the DagBag from /home/airflow/.local/lib/python3.9/site-packages/airflow/example_dags/tutorial_dag.py
[2025-12-11T23:20:51.120+0000] {processor.py:840} INFO - DAG(s) 'tutorial_dag' retrieved from /home/airflow/.local/lib/python3.9/site-packages/airflow/example_dags/tutorial_dag.py
[2025-12-11T23:20:51.158+0000] {logging_mixin.py:188} INFO - [2025-12-11T23:20:51.158+0000] {dag.py:3096} INFO - Sync 1 DAGs
[2025-12-11T23:20:51.181+0000] {logging_mixin.py:188} INFO - [2025-12-11T23:20:51.180+0000] {dag.py:3954} INFO - Setting next_dagrun for tutorial_dag to None, run_after=None
[2025-12-11T23:20:51.243+0000] {processor.py:183} INFO - Processing /home/airflow/.local/lib/python3.9/site-packages/airflow/example_dags/tutorial_dag.py took 0.229 seconds
[2025-12-11T23:21:21.464+0000] {processor.py:161} INFO - Started process (PID=3930) to work on /home/airflow/.local/lib/python3.9/site-packages/airflow/example_dags/tutorial_dag.py
[2025-12-11T23:21:21.466+0000] {processor.py:830} INFO - Processing file /home/airflow/.local/lib/python3.9/site-packages/airflow/example_dags/tutorial_dag.py for tasks to queue
[2025-12-11T23:21:21.469+0000] {logging_mixin.py:188} INFO - [2025-12-11T23:21:21.468+0000] {dagbag.py:545} INFO - Filling up the DagBag from /home/airflow/.local/lib/python3.9/site-packages/airflow/example_dags/tutorial_dag.py
[2025-12-11T23:21:21.477+0000] {processor.py:840} INFO - DAG(s) 'tutorial_dag' retrieved from /home/airflow/.local/lib/python3.9/site-packages/airflow/example_dags/tutorial_dag.py
[2025-12-11T23:21:21.517+0000] {logging_mixin.py:188} INFO - [2025-12-11T23:21:21.517+0000] {dag.py:3096} INFO - Sync 1 DAGs
[2025-12-11T23:21:21.540+0000] {logging_mixin.py:188} INFO - [2025-12-11T23:21:21.539+0000] {dag.py:3954} INFO - Setting next_dagrun for tutorial_dag to None, run_after=None
[2025-12-11T23:21:21.572+0000] {processor.py:183} INFO - Processing /home/airflow/.local/lib/python3.9/site-packages/airflow/example_dags/tutorial_dag.py took 0.118 seconds
[2025-12-11T23:21:51.660+0000] {processor.py:161} INFO - Started process (PID=4004) to work on /home/airflow/.local/lib/python3.9/site-packages/airflow/example_dags/tutorial_dag.py
[2025-12-11T23:21:51.670+0000] {processor.py:830} INFO - Processing file /home/airflow/.local/lib/python3.9/site-packages/airflow/example_dags/tutorial_dag.py for tasks to queue
[2025-12-11T23:21:51.673+0000] {logging_mixin.py:188} INFO - [2025-12-11T23:21:51.672+0000] {dagbag.py:545} INFO - Filling up the DagBag from /home/airflow/.local/lib/python3.9/site-packages/airflow/example_dags/tutorial_dag.py
[2025-12-11T23:21:51.681+0000] {processor.py:840} INFO - DAG(s) 'tutorial_dag' retrieved from /home/airflow/.local/lib/python3.9/site-packages/airflow/example_dags/tutorial_dag.py
[2025-12-11T23:21:51.737+0000] {logging_mixin.py:188} INFO - [2025-12-11T23:21:51.736+0000] {dag.py:3096} INFO - Sync 1 DAGs
[2025-12-11T23:21:51.772+0000] {logging_mixin.py:188} INFO - [2025-12-11T23:21:51.771+0000] {dag.py:3954} INFO - Setting next_dagrun for tutorial_dag to None, run_after=None
[2025-12-11T23:21:51.813+0000] {processor.py:183} INFO - Processing /home/airflow/.local/lib/python3.9/site-packages/airflow/example_dags/tutorial_dag.py took 0.163 seconds
[2025-12-11T23:22:22.171+0000] {processor.py:161} INFO - Started process (PID=4071) to work on /home/airflow/.local/lib/python3.9/site-packages/airflow/example_dags/tutorial_dag.py
[2025-12-11T23:22:22.217+0000] {processor.py:830} INFO - Processing file /home/airflow/.local/lib/python3.9/site-packages/airflow/example_dags/tutorial_dag.py for tasks to queue
[2025-12-11T23:22:22.220+0000] {logging_mixin.py:188} INFO - [2025-12-11T23:22:22.219+0000] {dagbag.py:545} INFO - Filling up the DagBag from /home/airflow/.local/lib/python3.9/site-packages/airflow/example_dags/tutorial_dag.py
[2025-12-11T23:22:22.231+0000] {processor.py:840} INFO - DAG(s) 'tutorial_dag' retrieved from /home/airflow/.local/lib/python3.9/site-packages/airflow/example_dags/tutorial_dag.py
[2025-12-11T23:22:22.294+0000] {logging_mixin.py:188} INFO - [2025-12-11T23:22:22.293+0000] {dag.py:3096} INFO - Sync 1 DAGs
[2025-12-11T23:22:22.340+0000] {logging_mixin.py:188} INFO - [2025-12-11T23:22:22.339+0000] {dag.py:3954} INFO - Setting next_dagrun for tutorial_dag to None, run_after=None
[2025-12-11T23:22:22.437+0000] {processor.py:183} INFO - Processing /home/airflow/.local/lib/python3.9/site-packages/airflow/example_dags/tutorial_dag.py took 0.280 seconds
[2025-12-11T23:22:52.875+0000] {processor.py:161} INFO - Started process (PID=4138) to work on /home/airflow/.local/lib/python3.9/site-packages/airflow/example_dags/tutorial_dag.py
[2025-12-11T23:22:52.876+0000] {processor.py:830} INFO - Processing file /home/airflow/.local/lib/python3.9/site-packages/airflow/example_dags/tutorial_dag.py for tasks to queue
[2025-12-11T23:22:52.879+0000] {logging_mixin.py:188} INFO - [2025-12-11T23:22:52.879+0000] {dagbag.py:545} INFO - Filling up the DagBag from /home/airflow/.local/lib/python3.9/site-packages/airflow/example_dags/tutorial_dag.py
[2025-12-11T23:22:52.894+0000] {processor.py:840} INFO - DAG(s) 'tutorial_dag' retrieved from /home/airflow/.local/lib/python3.9/site-packages/airflow/example_dags/tutorial_dag.py
[2025-12-11T23:22:52.957+0000] {logging_mixin.py:188} INFO - [2025-12-11T23:22:52.957+0000] {dag.py:3096} INFO - Sync 1 DAGs
[2025-12-11T23:22:52.993+0000] {logging_mixin.py:188} INFO - [2025-12-11T23:22:52.992+0000] {dag.py:3954} INFO - Setting next_dagrun for tutorial_dag to None, run_after=None
[2025-12-11T23:22:53.049+0000] {processor.py:183} INFO - Processing /home/airflow/.local/lib/python3.9/site-packages/airflow/example_dags/tutorial_dag.py took 0.195 seconds
[2025-12-11T23:23:23.893+0000] {processor.py:161} INFO - Started process (PID=4198) to work on /home/airflow/.local/lib/python3.9/site-packages/airflow/example_dags/tutorial_dag.py
[2025-12-11T23:23:23.973+0000] {processor.py:830} INFO - Processing file /home/airflow/.local/lib/python3.9/site-packages/airflow/example_dags/tutorial_dag.py for tasks to queue
[2025-12-11T23:23:23.976+0000] {logging_mixin.py:188} INFO - [2025-12-11T23:23:23.976+0000] {dagbag.py:545} INFO - Filling up the DagBag from /home/airflow/.local/lib/python3.9/site-packages/airflow/example_dags/tutorial_dag.py
[2025-12-11T23:23:23.991+0000] {processor.py:840} INFO - DAG(s) 'tutorial_dag' retrieved from /home/airflow/.local/lib/python3.9/site-packages/airflow/example_dags/tutorial_dag.py
[2025-12-11T23:23:24.046+0000] {logging_mixin.py:188} INFO - [2025-12-11T23:23:24.045+0000] {dag.py:3096} INFO - Sync 1 DAGs
[2025-12-11T23:23:24.068+0000] {logging_mixin.py:188} INFO - [2025-12-11T23:23:24.068+0000] {dag.py:3954} INFO - Setting next_dagrun for tutorial_dag to None, run_after=None
[2025-12-11T23:23:24.103+0000] {processor.py:183} INFO - Processing /home/airflow/.local/lib/python3.9/site-packages/airflow/example_dags/tutorial_dag.py took 0.223 seconds
[2025-12-11T23:23:54.275+0000] {processor.py:161} INFO - Started process (PID=4265) to work on /home/airflow/.local/lib/python3.9/site-packages/airflow/example_dags/tutorial_dag.py
[2025-12-11T23:23:54.277+0000] {processor.py:830} INFO - Processing file /home/airflow/.local/lib/python3.9/site-packages/airflow/example_dags/tutorial_dag.py for tasks to queue
[2025-12-11T23:23:54.281+0000] {logging_mixin.py:188} INFO - [2025-12-11T23:23:54.280+0000] {dagbag.py:545} INFO - Filling up the DagBag from /home/airflow/.local/lib/python3.9/site-packages/airflow/example_dags/tutorial_dag.py
[2025-12-11T23:23:54.292+0000] {processor.py:840} INFO - DAG(s) 'tutorial_dag' retrieved from /home/airflow/.local/lib/python3.9/site-packages/airflow/example_dags/tutorial_dag.py
[2025-12-11T23:23:54.347+0000] {logging_mixin.py:188} INFO - [2025-12-11T23:23:54.346+0000] {dag.py:3096} INFO - Sync 1 DAGs
[2025-12-11T23:23:54.378+0000] {logging_mixin.py:188} INFO - [2025-12-11T23:23:54.377+0000] {dag.py:3954} INFO - Setting next_dagrun for tutorial_dag to None, run_after=None
[2025-12-11T23:23:54.433+0000] {processor.py:183} INFO - Processing /home/airflow/.local/lib/python3.9/site-packages/airflow/example_dags/tutorial_dag.py took 0.171 seconds
[2025-12-11T23:24:25.073+0000] {processor.py:161} INFO - Started process (PID=4331) to work on /home/airflow/.local/lib/python3.9/site-packages/airflow/example_dags/tutorial_dag.py
[2025-12-11T23:24:25.132+0000] {processor.py:830} INFO - Processing file /home/airflow/.local/lib/python3.9/site-packages/airflow/example_dags/tutorial_dag.py for tasks to queue
[2025-12-11T23:24:25.135+0000] {logging_mixin.py:188} INFO - [2025-12-11T23:24:25.135+0000] {dagbag.py:545} INFO - Filling up the DagBag from /home/airflow/.local/lib/python3.9/site-packages/airflow/example_dags/tutorial_dag.py
[2025-12-11T23:24:25.144+0000] {processor.py:840} INFO - DAG(s) 'tutorial_dag' retrieved from /home/airflow/.local/lib/python3.9/site-packages/airflow/example_dags/tutorial_dag.py
[2025-12-11T23:24:25.182+0000] {logging_mixin.py:188} INFO - [2025-12-11T23:24:25.181+0000] {dag.py:3096} INFO - Sync 1 DAGs
[2025-12-11T23:24:25.203+0000] {logging_mixin.py:188} INFO - [2025-12-11T23:24:25.203+0000] {dag.py:3954} INFO - Setting next_dagrun for tutorial_dag to None, run_after=None
[2025-12-11T23:24:25.233+0000] {processor.py:183} INFO - Processing /home/airflow/.local/lib/python3.9/site-packages/airflow/example_dags/tutorial_dag.py took 0.173 seconds
[2025-12-11T23:24:55.896+0000] {processor.py:161} INFO - Started process (PID=4398) to work on /home/airflow/.local/lib/python3.9/site-packages/airflow/example_dags/tutorial_dag.py
[2025-12-11T23:24:55.899+0000] {processor.py:830} INFO - Processing file /home/airflow/.local/lib/python3.9/site-packages/airflow/example_dags/tutorial_dag.py for tasks to queue
[2025-12-11T23:24:55.903+0000] {logging_mixin.py:188} INFO - [2025-12-11T23:24:55.901+0000] {dagbag.py:545} INFO - Filling up the DagBag from /home/airflow/.local/lib/python3.9/site-packages/airflow/example_dags/tutorial_dag.py
[2025-12-11T23:24:55.914+0000] {processor.py:840} INFO - DAG(s) 'tutorial_dag' retrieved from /home/airflow/.local/lib/python3.9/site-packages/airflow/example_dags/tutorial_dag.py
[2025-12-11T23:24:55.961+0000] {logging_mixin.py:188} INFO - [2025-12-11T23:24:55.961+0000] {dag.py:3096} INFO - Sync 1 DAGs
[2025-12-11T23:24:55.995+0000] {logging_mixin.py:188} INFO - [2025-12-11T23:24:55.994+0000] {dag.py:3954} INFO - Setting next_dagrun for tutorial_dag to None, run_after=None
[2025-12-11T23:24:56.531+0000] {processor.py:183} INFO - Processing /home/airflow/.local/lib/python3.9/site-packages/airflow/example_dags/tutorial_dag.py took 0.651 seconds
[2025-12-11T23:25:27.382+0000] {processor.py:161} INFO - Started process (PID=4465) to work on /home/airflow/.local/lib/python3.9/site-packages/airflow/example_dags/tutorial_dag.py
[2025-12-11T23:25:27.384+0000] {processor.py:830} INFO - Processing file /home/airflow/.local/lib/python3.9/site-packages/airflow/example_dags/tutorial_dag.py for tasks to queue
[2025-12-11T23:25:27.388+0000] {logging_mixin.py:188} INFO - [2025-12-11T23:25:27.387+0000] {dagbag.py:545} INFO - Filling up the DagBag from /home/airflow/.local/lib/python3.9/site-packages/airflow/example_dags/tutorial_dag.py
[2025-12-11T23:25:27.399+0000] {processor.py:840} INFO - DAG(s) 'tutorial_dag' retrieved from /home/airflow/.local/lib/python3.9/site-packages/airflow/example_dags/tutorial_dag.py
[2025-12-11T23:25:27.437+0000] {logging_mixin.py:188} INFO - [2025-12-11T23:25:27.436+0000] {dag.py:3096} INFO - Sync 1 DAGs
[2025-12-11T23:25:27.458+0000] {logging_mixin.py:188} INFO - [2025-12-11T23:25:27.457+0000] {dag.py:3954} INFO - Setting next_dagrun for tutorial_dag to None, run_after=None
[2025-12-11T23:25:27.488+0000] {processor.py:183} INFO - Processing /home/airflow/.local/lib/python3.9/site-packages/airflow/example_dags/tutorial_dag.py took 0.118 seconds
[2025-12-11T23:25:58.419+0000] {processor.py:161} INFO - Started process (PID=4538) to work on /home/airflow/.local/lib/python3.9/site-packages/airflow/example_dags/tutorial_dag.py
[2025-12-11T23:25:58.420+0000] {processor.py:830} INFO - Processing file /home/airflow/.local/lib/python3.9/site-packages/airflow/example_dags/tutorial_dag.py for tasks to queue
[2025-12-11T23:25:58.432+0000] {logging_mixin.py:188} INFO - [2025-12-11T23:25:58.432+0000] {dagbag.py:545} INFO - Filling up the DagBag from /home/airflow/.local/lib/python3.9/site-packages/airflow/example_dags/tutorial_dag.py
[2025-12-11T23:25:58.450+0000] {processor.py:840} INFO - DAG(s) 'tutorial_dag' retrieved from /home/airflow/.local/lib/python3.9/site-packages/airflow/example_dags/tutorial_dag.py
[2025-12-11T23:25:58.514+0000] {logging_mixin.py:188} INFO - [2025-12-11T23:25:58.513+0000] {dag.py:3096} INFO - Sync 1 DAGs
[2025-12-11T23:25:58.534+0000] {logging_mixin.py:188} INFO - [2025-12-11T23:25:58.534+0000] {dag.py:3954} INFO - Setting next_dagrun for tutorial_dag to None, run_after=None
[2025-12-11T23:25:58.562+0000] {processor.py:183} INFO - Processing /home/airflow/.local/lib/python3.9/site-packages/airflow/example_dags/tutorial_dag.py took 0.160 seconds
[2025-12-11T23:26:28.751+0000] {processor.py:161} INFO - Started process (PID=4610) to work on /home/airflow/.local/lib/python3.9/site-packages/airflow/example_dags/tutorial_dag.py
[2025-12-11T23:26:28.753+0000] {processor.py:830} INFO - Processing file /home/airflow/.local/lib/python3.9/site-packages/airflow/example_dags/tutorial_dag.py for tasks to queue
[2025-12-11T23:26:28.756+0000] {logging_mixin.py:188} INFO - [2025-12-11T23:26:28.755+0000] {dagbag.py:545} INFO - Filling up the DagBag from /home/airflow/.local/lib/python3.9/site-packages/airflow/example_dags/tutorial_dag.py
[2025-12-11T23:26:28.774+0000] {processor.py:840} INFO - DAG(s) 'tutorial_dag' retrieved from /home/airflow/.local/lib/python3.9/site-packages/airflow/example_dags/tutorial_dag.py
[2025-12-11T23:26:28.876+0000] {logging_mixin.py:188} INFO - [2025-12-11T23:26:28.875+0000] {dag.py:3096} INFO - Sync 1 DAGs
[2025-12-11T23:26:28.938+0000] {logging_mixin.py:188} INFO - [2025-12-11T23:26:28.938+0000] {dag.py:3954} INFO - Setting next_dagrun for tutorial_dag to None, run_after=None
[2025-12-11T23:26:29.019+0000] {processor.py:183} INFO - Processing /home/airflow/.local/lib/python3.9/site-packages/airflow/example_dags/tutorial_dag.py took 0.305 seconds
[2025-12-11T23:26:59.360+0000] {processor.py:161} INFO - Started process (PID=4677) to work on /home/airflow/.local/lib/python3.9/site-packages/airflow/example_dags/tutorial_dag.py
[2025-12-11T23:26:59.362+0000] {processor.py:830} INFO - Processing file /home/airflow/.local/lib/python3.9/site-packages/airflow/example_dags/tutorial_dag.py for tasks to queue
[2025-12-11T23:26:59.369+0000] {logging_mixin.py:188} INFO - [2025-12-11T23:26:59.365+0000] {dagbag.py:545} INFO - Filling up the DagBag from /home/airflow/.local/lib/python3.9/site-packages/airflow/example_dags/tutorial_dag.py
[2025-12-11T23:26:59.382+0000] {processor.py:840} INFO - DAG(s) 'tutorial_dag' retrieved from /home/airflow/.local/lib/python3.9/site-packages/airflow/example_dags/tutorial_dag.py
[2025-12-11T23:26:59.442+0000] {logging_mixin.py:188} INFO - [2025-12-11T23:26:59.441+0000] {dag.py:3096} INFO - Sync 1 DAGs
[2025-12-11T23:26:59.492+0000] {logging_mixin.py:188} INFO - [2025-12-11T23:26:59.492+0000] {dag.py:3954} INFO - Setting next_dagrun for tutorial_dag to None, run_after=None
[2025-12-11T23:26:59.541+0000] {processor.py:183} INFO - Processing /home/airflow/.local/lib/python3.9/site-packages/airflow/example_dags/tutorial_dag.py took 0.199 seconds
[2025-12-11T23:27:30.318+0000] {processor.py:161} INFO - Started process (PID=4744) to work on /home/airflow/.local/lib/python3.9/site-packages/airflow/example_dags/tutorial_dag.py
[2025-12-11T23:27:30.320+0000] {processor.py:830} INFO - Processing file /home/airflow/.local/lib/python3.9/site-packages/airflow/example_dags/tutorial_dag.py for tasks to queue
[2025-12-11T23:27:30.323+0000] {logging_mixin.py:188} INFO - [2025-12-11T23:27:30.322+0000] {dagbag.py:545} INFO - Filling up the DagBag from /home/airflow/.local/lib/python3.9/site-packages/airflow/example_dags/tutorial_dag.py
[2025-12-11T23:27:30.334+0000] {processor.py:840} INFO - DAG(s) 'tutorial_dag' retrieved from /home/airflow/.local/lib/python3.9/site-packages/airflow/example_dags/tutorial_dag.py
[2025-12-11T23:27:30.372+0000] {logging_mixin.py:188} INFO - [2025-12-11T23:27:30.371+0000] {dag.py:3096} INFO - Sync 1 DAGs
[2025-12-11T23:27:30.392+0000] {logging_mixin.py:188} INFO - [2025-12-11T23:27:30.392+0000] {dag.py:3954} INFO - Setting next_dagrun for tutorial_dag to None, run_after=None
[2025-12-11T23:27:30.421+0000] {processor.py:183} INFO - Processing /home/airflow/.local/lib/python3.9/site-packages/airflow/example_dags/tutorial_dag.py took 0.115 seconds
[2025-12-11T23:28:00.606+0000] {processor.py:161} INFO - Started process (PID=4811) to work on /home/airflow/.local/lib/python3.9/site-packages/airflow/example_dags/tutorial_dag.py
[2025-12-11T23:28:00.611+0000] {processor.py:830} INFO - Processing file /home/airflow/.local/lib/python3.9/site-packages/airflow/example_dags/tutorial_dag.py for tasks to queue
[2025-12-11T23:28:00.615+0000] {logging_mixin.py:188} INFO - [2025-12-11T23:28:00.614+0000] {dagbag.py:545} INFO - Filling up the DagBag from /home/airflow/.local/lib/python3.9/site-packages/airflow/example_dags/tutorial_dag.py
[2025-12-11T23:28:00.627+0000] {processor.py:840} INFO - DAG(s) 'tutorial_dag' retrieved from /home/airflow/.local/lib/python3.9/site-packages/airflow/example_dags/tutorial_dag.py
[2025-12-11T23:28:00.676+0000] {logging_mixin.py:188} INFO - [2025-12-11T23:28:00.675+0000] {dag.py:3096} INFO - Sync 1 DAGs
[2025-12-11T23:28:00.699+0000] {logging_mixin.py:188} INFO - [2025-12-11T23:28:00.699+0000] {dag.py:3954} INFO - Setting next_dagrun for tutorial_dag to None, run_after=None
[2025-12-11T23:28:00.734+0000] {processor.py:183} INFO - Processing /home/airflow/.local/lib/python3.9/site-packages/airflow/example_dags/tutorial_dag.py took 0.142 seconds
[2025-12-11T23:28:30.876+0000] {processor.py:161} INFO - Started process (PID=4877) to work on /home/airflow/.local/lib/python3.9/site-packages/airflow/example_dags/tutorial_dag.py
[2025-12-11T23:28:30.878+0000] {processor.py:830} INFO - Processing file /home/airflow/.local/lib/python3.9/site-packages/airflow/example_dags/tutorial_dag.py for tasks to queue
[2025-12-11T23:28:30.882+0000] {logging_mixin.py:188} INFO - [2025-12-11T23:28:30.881+0000] {dagbag.py:545} INFO - Filling up the DagBag from /home/airflow/.local/lib/python3.9/site-packages/airflow/example_dags/tutorial_dag.py
[2025-12-11T23:28:30.895+0000] {processor.py:840} INFO - DAG(s) 'tutorial_dag' retrieved from /home/airflow/.local/lib/python3.9/site-packages/airflow/example_dags/tutorial_dag.py
[2025-12-11T23:28:30.947+0000] {logging_mixin.py:188} INFO - [2025-12-11T23:28:30.946+0000] {dag.py:3096} INFO - Sync 1 DAGs
[2025-12-11T23:28:30.972+0000] {logging_mixin.py:188} INFO - [2025-12-11T23:28:30.972+0000] {dag.py:3954} INFO - Setting next_dagrun for tutorial_dag to None, run_after=None
[2025-12-11T23:28:31.000+0000] {processor.py:183} INFO - Processing /home/airflow/.local/lib/python3.9/site-packages/airflow/example_dags/tutorial_dag.py took 0.142 seconds
[2025-12-11T23:29:01.665+0000] {processor.py:161} INFO - Started process (PID=4944) to work on /home/airflow/.local/lib/python3.9/site-packages/airflow/example_dags/tutorial_dag.py
[2025-12-11T23:29:01.667+0000] {processor.py:830} INFO - Processing file /home/airflow/.local/lib/python3.9/site-packages/airflow/example_dags/tutorial_dag.py for tasks to queue
[2025-12-11T23:29:01.669+0000] {logging_mixin.py:188} INFO - [2025-12-11T23:29:01.669+0000] {dagbag.py:545} INFO - Filling up the DagBag from /home/airflow/.local/lib/python3.9/site-packages/airflow/example_dags/tutorial_dag.py
[2025-12-11T23:29:01.679+0000] {processor.py:840} INFO - DAG(s) 'tutorial_dag' retrieved from /home/airflow/.local/lib/python3.9/site-packages/airflow/example_dags/tutorial_dag.py
[2025-12-11T23:29:01.718+0000] {logging_mixin.py:188} INFO - [2025-12-11T23:29:01.718+0000] {dag.py:3096} INFO - Sync 1 DAGs
[2025-12-11T23:29:01.743+0000] {logging_mixin.py:188} INFO - [2025-12-11T23:29:01.742+0000] {dag.py:3954} INFO - Setting next_dagrun for tutorial_dag to None, run_after=None
[2025-12-11T23:29:01.776+0000] {processor.py:183} INFO - Processing /home/airflow/.local/lib/python3.9/site-packages/airflow/example_dags/tutorial_dag.py took 0.121 seconds
[2025-12-11T23:29:31.939+0000] {processor.py:161} INFO - Started process (PID=5011) to work on /home/airflow/.local/lib/python3.9/site-packages/airflow/example_dags/tutorial_dag.py
[2025-12-11T23:29:31.941+0000] {processor.py:830} INFO - Processing file /home/airflow/.local/lib/python3.9/site-packages/airflow/example_dags/tutorial_dag.py for tasks to queue
[2025-12-11T23:29:31.944+0000] {logging_mixin.py:188} INFO - [2025-12-11T23:29:31.943+0000] {dagbag.py:545} INFO - Filling up the DagBag from /home/airflow/.local/lib/python3.9/site-packages/airflow/example_dags/tutorial_dag.py
[2025-12-11T23:29:31.954+0000] {processor.py:840} INFO - DAG(s) 'tutorial_dag' retrieved from /home/airflow/.local/lib/python3.9/site-packages/airflow/example_dags/tutorial_dag.py
[2025-12-11T23:29:31.992+0000] {logging_mixin.py:188} INFO - [2025-12-11T23:29:31.992+0000] {dag.py:3096} INFO - Sync 1 DAGs
[2025-12-11T23:29:32.015+0000] {logging_mixin.py:188} INFO - [2025-12-11T23:29:32.014+0000] {dag.py:3954} INFO - Setting next_dagrun for tutorial_dag to None, run_after=None
[2025-12-11T23:29:32.048+0000] {processor.py:183} INFO - Processing /home/airflow/.local/lib/python3.9/site-packages/airflow/example_dags/tutorial_dag.py took 0.121 seconds
[2025-12-11T23:30:02.114+0000] {processor.py:161} INFO - Started process (PID=5078) to work on /home/airflow/.local/lib/python3.9/site-packages/airflow/example_dags/tutorial_dag.py
[2025-12-11T23:30:02.115+0000] {processor.py:830} INFO - Processing file /home/airflow/.local/lib/python3.9/site-packages/airflow/example_dags/tutorial_dag.py for tasks to queue
[2025-12-11T23:30:02.119+0000] {logging_mixin.py:188} INFO - [2025-12-11T23:30:02.118+0000] {dagbag.py:545} INFO - Filling up the DagBag from /home/airflow/.local/lib/python3.9/site-packages/airflow/example_dags/tutorial_dag.py
[2025-12-11T23:30:02.131+0000] {processor.py:840} INFO - DAG(s) 'tutorial_dag' retrieved from /home/airflow/.local/lib/python3.9/site-packages/airflow/example_dags/tutorial_dag.py
[2025-12-11T23:30:02.186+0000] {logging_mixin.py:188} INFO - [2025-12-11T23:30:02.186+0000] {dag.py:3096} INFO - Sync 1 DAGs
[2025-12-11T23:30:02.216+0000] {logging_mixin.py:188} INFO - [2025-12-11T23:30:02.216+0000] {dag.py:3954} INFO - Setting next_dagrun for tutorial_dag to None, run_after=None
[2025-12-11T23:30:02.264+0000] {processor.py:183} INFO - Processing /home/airflow/.local/lib/python3.9/site-packages/airflow/example_dags/tutorial_dag.py took 0.165 seconds
[2025-12-11T23:30:33.123+0000] {processor.py:161} INFO - Started process (PID=5145) to work on /home/airflow/.local/lib/python3.9/site-packages/airflow/example_dags/tutorial_dag.py
[2025-12-11T23:30:33.125+0000] {processor.py:830} INFO - Processing file /home/airflow/.local/lib/python3.9/site-packages/airflow/example_dags/tutorial_dag.py for tasks to queue
[2025-12-11T23:30:33.128+0000] {logging_mixin.py:188} INFO - [2025-12-11T23:30:33.127+0000] {dagbag.py:545} INFO - Filling up the DagBag from /home/airflow/.local/lib/python3.9/site-packages/airflow/example_dags/tutorial_dag.py
[2025-12-11T23:30:33.138+0000] {processor.py:840} INFO - DAG(s) 'tutorial_dag' retrieved from /home/airflow/.local/lib/python3.9/site-packages/airflow/example_dags/tutorial_dag.py
[2025-12-11T23:30:33.179+0000] {logging_mixin.py:188} INFO - [2025-12-11T23:30:33.178+0000] {dag.py:3096} INFO - Sync 1 DAGs
[2025-12-11T23:30:33.203+0000] {logging_mixin.py:188} INFO - [2025-12-11T23:30:33.203+0000] {dag.py:3954} INFO - Setting next_dagrun for tutorial_dag to None, run_after=None
[2025-12-11T23:30:33.254+0000] {processor.py:183} INFO - Processing /home/airflow/.local/lib/python3.9/site-packages/airflow/example_dags/tutorial_dag.py took 0.142 seconds
[2025-12-11T23:31:03.347+0000] {processor.py:161} INFO - Started process (PID=5212) to work on /home/airflow/.local/lib/python3.9/site-packages/airflow/example_dags/tutorial_dag.py
[2025-12-11T23:31:03.349+0000] {processor.py:830} INFO - Processing file /home/airflow/.local/lib/python3.9/site-packages/airflow/example_dags/tutorial_dag.py for tasks to queue
[2025-12-11T23:31:03.352+0000] {logging_mixin.py:188} INFO - [2025-12-11T23:31:03.351+0000] {dagbag.py:545} INFO - Filling up the DagBag from /home/airflow/.local/lib/python3.9/site-packages/airflow/example_dags/tutorial_dag.py
[2025-12-11T23:31:03.362+0000] {processor.py:840} INFO - DAG(s) 'tutorial_dag' retrieved from /home/airflow/.local/lib/python3.9/site-packages/airflow/example_dags/tutorial_dag.py
[2025-12-11T23:31:03.402+0000] {logging_mixin.py:188} INFO - [2025-12-11T23:31:03.402+0000] {dag.py:3096} INFO - Sync 1 DAGs
[2025-12-11T23:31:03.425+0000] {logging_mixin.py:188} INFO - [2025-12-11T23:31:03.424+0000] {dag.py:3954} INFO - Setting next_dagrun for tutorial_dag to None, run_after=None
[2025-12-11T23:31:03.459+0000] {processor.py:183} INFO - Processing /home/airflow/.local/lib/python3.9/site-packages/airflow/example_dags/tutorial_dag.py took 0.124 seconds
[2025-12-11T23:31:34.014+0000] {processor.py:161} INFO - Started process (PID=5279) to work on /home/airflow/.local/lib/python3.9/site-packages/airflow/example_dags/tutorial_dag.py
[2025-12-11T23:31:34.016+0000] {processor.py:830} INFO - Processing file /home/airflow/.local/lib/python3.9/site-packages/airflow/example_dags/tutorial_dag.py for tasks to queue
[2025-12-11T23:31:34.019+0000] {logging_mixin.py:188} INFO - [2025-12-11T23:31:34.019+0000] {dagbag.py:545} INFO - Filling up the DagBag from /home/airflow/.local/lib/python3.9/site-packages/airflow/example_dags/tutorial_dag.py
[2025-12-11T23:31:34.037+0000] {processor.py:840} INFO - DAG(s) 'tutorial_dag' retrieved from /home/airflow/.local/lib/python3.9/site-packages/airflow/example_dags/tutorial_dag.py
[2025-12-11T23:31:34.094+0000] {logging_mixin.py:188} INFO - [2025-12-11T23:31:34.094+0000] {dag.py:3096} INFO - Sync 1 DAGs
[2025-12-11T23:31:34.119+0000] {logging_mixin.py:188} INFO - [2025-12-11T23:31:34.118+0000] {dag.py:3954} INFO - Setting next_dagrun for tutorial_dag to None, run_after=None
[2025-12-11T23:31:34.148+0000] {processor.py:183} INFO - Processing /home/airflow/.local/lib/python3.9/site-packages/airflow/example_dags/tutorial_dag.py took 0.155 seconds
[2025-12-11T23:32:04.822+0000] {processor.py:161} INFO - Started process (PID=5345) to work on /home/airflow/.local/lib/python3.9/site-packages/airflow/example_dags/tutorial_dag.py
[2025-12-11T23:32:04.823+0000] {processor.py:830} INFO - Processing file /home/airflow/.local/lib/python3.9/site-packages/airflow/example_dags/tutorial_dag.py for tasks to queue
[2025-12-11T23:32:04.826+0000] {logging_mixin.py:188} INFO - [2025-12-11T23:32:04.825+0000] {dagbag.py:545} INFO - Filling up the DagBag from /home/airflow/.local/lib/python3.9/site-packages/airflow/example_dags/tutorial_dag.py
[2025-12-11T23:32:04.834+0000] {processor.py:840} INFO - DAG(s) 'tutorial_dag' retrieved from /home/airflow/.local/lib/python3.9/site-packages/airflow/example_dags/tutorial_dag.py
[2025-12-11T23:32:04.885+0000] {logging_mixin.py:188} INFO - [2025-12-11T23:32:04.885+0000] {dag.py:3096} INFO - Sync 1 DAGs
[2025-12-11T23:32:04.911+0000] {logging_mixin.py:188} INFO - [2025-12-11T23:32:04.910+0000] {dag.py:3954} INFO - Setting next_dagrun for tutorial_dag to None, run_after=None
[2025-12-11T23:32:04.939+0000] {processor.py:183} INFO - Processing /home/airflow/.local/lib/python3.9/site-packages/airflow/example_dags/tutorial_dag.py took 0.127 seconds
[2025-12-11T23:32:35.193+0000] {processor.py:161} INFO - Started process (PID=5411) to work on /home/airflow/.local/lib/python3.9/site-packages/airflow/example_dags/tutorial_dag.py
[2025-12-11T23:32:35.199+0000] {processor.py:830} INFO - Processing file /home/airflow/.local/lib/python3.9/site-packages/airflow/example_dags/tutorial_dag.py for tasks to queue
[2025-12-11T23:32:35.205+0000] {logging_mixin.py:188} INFO - [2025-12-11T23:32:35.201+0000] {dagbag.py:545} INFO - Filling up the DagBag from /home/airflow/.local/lib/python3.9/site-packages/airflow/example_dags/tutorial_dag.py
[2025-12-11T23:32:35.217+0000] {processor.py:840} INFO - DAG(s) 'tutorial_dag' retrieved from /home/airflow/.local/lib/python3.9/site-packages/airflow/example_dags/tutorial_dag.py
[2025-12-11T23:32:35.269+0000] {logging_mixin.py:188} INFO - [2025-12-11T23:32:35.268+0000] {dag.py:3096} INFO - Sync 1 DAGs
[2025-12-11T23:32:35.299+0000] {logging_mixin.py:188} INFO - [2025-12-11T23:32:35.298+0000] {dag.py:3954} INFO - Setting next_dagrun for tutorial_dag to None, run_after=None
[2025-12-11T23:32:35.339+0000] {processor.py:183} INFO - Processing /home/airflow/.local/lib/python3.9/site-packages/airflow/example_dags/tutorial_dag.py took 0.160 seconds
[2025-12-11T23:33:05.535+0000] {processor.py:161} INFO - Started process (PID=5483) to work on /home/airflow/.local/lib/python3.9/site-packages/airflow/example_dags/tutorial_dag.py
[2025-12-11T23:33:05.536+0000] {processor.py:830} INFO - Processing file /home/airflow/.local/lib/python3.9/site-packages/airflow/example_dags/tutorial_dag.py for tasks to queue
[2025-12-11T23:33:05.539+0000] {logging_mixin.py:188} INFO - [2025-12-11T23:33:05.539+0000] {dagbag.py:545} INFO - Filling up the DagBag from /home/airflow/.local/lib/python3.9/site-packages/airflow/example_dags/tutorial_dag.py
[2025-12-11T23:33:05.554+0000] {processor.py:840} INFO - DAG(s) 'tutorial_dag' retrieved from /home/airflow/.local/lib/python3.9/site-packages/airflow/example_dags/tutorial_dag.py
[2025-12-11T23:33:05.636+0000] {logging_mixin.py:188} INFO - [2025-12-11T23:33:05.636+0000] {dag.py:3096} INFO - Sync 1 DAGs
[2025-12-11T23:33:05.684+0000] {logging_mixin.py:188} INFO - [2025-12-11T23:33:05.684+0000] {dag.py:3954} INFO - Setting next_dagrun for tutorial_dag to None, run_after=None
[2025-12-11T23:33:05.814+0000] {processor.py:183} INFO - Processing /home/airflow/.local/lib/python3.9/site-packages/airflow/example_dags/tutorial_dag.py took 0.299 seconds
[2025-12-11T23:33:36.710+0000] {processor.py:161} INFO - Started process (PID=5549) to work on /home/airflow/.local/lib/python3.9/site-packages/airflow/example_dags/tutorial_dag.py
[2025-12-11T23:33:36.712+0000] {processor.py:830} INFO - Processing file /home/airflow/.local/lib/python3.9/site-packages/airflow/example_dags/tutorial_dag.py for tasks to queue
[2025-12-11T23:33:36.716+0000] {logging_mixin.py:188} INFO - [2025-12-11T23:33:36.715+0000] {dagbag.py:545} INFO - Filling up the DagBag from /home/airflow/.local/lib/python3.9/site-packages/airflow/example_dags/tutorial_dag.py
[2025-12-11T23:33:36.737+0000] {processor.py:840} INFO - DAG(s) 'tutorial_dag' retrieved from /home/airflow/.local/lib/python3.9/site-packages/airflow/example_dags/tutorial_dag.py
[2025-12-11T23:33:36.872+0000] {logging_mixin.py:188} INFO - [2025-12-11T23:33:36.871+0000] {dag.py:3096} INFO - Sync 1 DAGs
[2025-12-11T23:33:36.938+0000] {logging_mixin.py:188} INFO - [2025-12-11T23:33:36.937+0000] {dag.py:3954} INFO - Setting next_dagrun for tutorial_dag to None, run_after=None
[2025-12-11T23:33:37.051+0000] {processor.py:183} INFO - Processing /home/airflow/.local/lib/python3.9/site-packages/airflow/example_dags/tutorial_dag.py took 0.361 seconds
[2025-12-11T23:34:07.279+0000] {processor.py:161} INFO - Started process (PID=5616) to work on /home/airflow/.local/lib/python3.9/site-packages/airflow/example_dags/tutorial_dag.py
[2025-12-11T23:34:07.289+0000] {processor.py:830} INFO - Processing file /home/airflow/.local/lib/python3.9/site-packages/airflow/example_dags/tutorial_dag.py for tasks to queue
[2025-12-11T23:34:07.292+0000] {logging_mixin.py:188} INFO - [2025-12-11T23:34:07.292+0000] {dagbag.py:545} INFO - Filling up the DagBag from /home/airflow/.local/lib/python3.9/site-packages/airflow/example_dags/tutorial_dag.py
[2025-12-11T23:34:07.312+0000] {processor.py:840} INFO - DAG(s) 'tutorial_dag' retrieved from /home/airflow/.local/lib/python3.9/site-packages/airflow/example_dags/tutorial_dag.py
[2025-12-11T23:34:07.376+0000] {logging_mixin.py:188} INFO - [2025-12-11T23:34:07.376+0000] {dag.py:3096} INFO - Sync 1 DAGs
[2025-12-11T23:34:07.414+0000] {logging_mixin.py:188} INFO - [2025-12-11T23:34:07.414+0000] {dag.py:3954} INFO - Setting next_dagrun for tutorial_dag to None, run_after=None
[2025-12-11T23:34:07.473+0000] {processor.py:183} INFO - Processing /home/airflow/.local/lib/python3.9/site-packages/airflow/example_dags/tutorial_dag.py took 0.215 seconds
[2025-12-11T23:34:38.175+0000] {processor.py:161} INFO - Started process (PID=5683) to work on /home/airflow/.local/lib/python3.9/site-packages/airflow/example_dags/tutorial_dag.py
[2025-12-11T23:34:38.191+0000] {processor.py:830} INFO - Processing file /home/airflow/.local/lib/python3.9/site-packages/airflow/example_dags/tutorial_dag.py for tasks to queue
[2025-12-11T23:34:38.194+0000] {logging_mixin.py:188} INFO - [2025-12-11T23:34:38.193+0000] {dagbag.py:545} INFO - Filling up the DagBag from /home/airflow/.local/lib/python3.9/site-packages/airflow/example_dags/tutorial_dag.py
[2025-12-11T23:34:38.217+0000] {processor.py:840} INFO - DAG(s) 'tutorial_dag' retrieved from /home/airflow/.local/lib/python3.9/site-packages/airflow/example_dags/tutorial_dag.py
[2025-12-11T23:34:38.312+0000] {logging_mixin.py:188} INFO - [2025-12-11T23:34:38.311+0000] {dag.py:3096} INFO - Sync 1 DAGs
[2025-12-11T23:34:38.373+0000] {logging_mixin.py:188} INFO - [2025-12-11T23:34:38.372+0000] {dag.py:3954} INFO - Setting next_dagrun for tutorial_dag to None, run_after=None
[2025-12-11T23:34:38.480+0000] {processor.py:183} INFO - Processing /home/airflow/.local/lib/python3.9/site-packages/airflow/example_dags/tutorial_dag.py took 0.327 seconds
[2025-12-11T23:35:09.490+0000] {processor.py:161} INFO - Started process (PID=5750) to work on /home/airflow/.local/lib/python3.9/site-packages/airflow/example_dags/tutorial_dag.py
[2025-12-11T23:35:09.542+0000] {processor.py:830} INFO - Processing file /home/airflow/.local/lib/python3.9/site-packages/airflow/example_dags/tutorial_dag.py for tasks to queue
[2025-12-11T23:35:09.551+0000] {logging_mixin.py:188} INFO - [2025-12-11T23:35:09.551+0000] {dagbag.py:545} INFO - Filling up the DagBag from /home/airflow/.local/lib/python3.9/site-packages/airflow/example_dags/tutorial_dag.py
[2025-12-11T23:35:09.576+0000] {processor.py:840} INFO - DAG(s) 'tutorial_dag' retrieved from /home/airflow/.local/lib/python3.9/site-packages/airflow/example_dags/tutorial_dag.py
[2025-12-11T23:35:09.674+0000] {logging_mixin.py:188} INFO - [2025-12-11T23:35:09.673+0000] {dag.py:3096} INFO - Sync 1 DAGs
[2025-12-11T23:35:09.732+0000] {logging_mixin.py:188} INFO - [2025-12-11T23:35:09.731+0000] {dag.py:3954} INFO - Setting next_dagrun for tutorial_dag to None, run_after=None
[2025-12-11T23:35:09.892+0000] {processor.py:183} INFO - Processing /home/airflow/.local/lib/python3.9/site-packages/airflow/example_dags/tutorial_dag.py took 0.422 seconds
[2025-12-11T23:35:40.081+0000] {processor.py:161} INFO - Started process (PID=5816) to work on /home/airflow/.local/lib/python3.9/site-packages/airflow/example_dags/tutorial_dag.py
[2025-12-11T23:35:40.083+0000] {processor.py:830} INFO - Processing file /home/airflow/.local/lib/python3.9/site-packages/airflow/example_dags/tutorial_dag.py for tasks to queue
[2025-12-11T23:35:40.091+0000] {logging_mixin.py:188} INFO - [2025-12-11T23:35:40.091+0000] {dagbag.py:545} INFO - Filling up the DagBag from /home/airflow/.local/lib/python3.9/site-packages/airflow/example_dags/tutorial_dag.py
[2025-12-11T23:35:40.111+0000] {processor.py:840} INFO - DAG(s) 'tutorial_dag' retrieved from /home/airflow/.local/lib/python3.9/site-packages/airflow/example_dags/tutorial_dag.py
[2025-12-11T23:35:40.173+0000] {logging_mixin.py:188} INFO - [2025-12-11T23:35:40.173+0000] {dag.py:3096} INFO - Sync 1 DAGs
[2025-12-11T23:35:40.203+0000] {logging_mixin.py:188} INFO - [2025-12-11T23:35:40.202+0000] {dag.py:3954} INFO - Setting next_dagrun for tutorial_dag to None, run_after=None
[2025-12-11T23:35:40.297+0000] {processor.py:183} INFO - Processing /home/airflow/.local/lib/python3.9/site-packages/airflow/example_dags/tutorial_dag.py took 0.236 seconds
[2025-12-11T23:36:10.460+0000] {processor.py:161} INFO - Started process (PID=5883) to work on /home/airflow/.local/lib/python3.9/site-packages/airflow/example_dags/tutorial_dag.py
[2025-12-11T23:36:10.461+0000] {processor.py:830} INFO - Processing file /home/airflow/.local/lib/python3.9/site-packages/airflow/example_dags/tutorial_dag.py for tasks to queue
[2025-12-11T23:36:10.472+0000] {logging_mixin.py:188} INFO - [2025-12-11T23:36:10.471+0000] {dagbag.py:545} INFO - Filling up the DagBag from /home/airflow/.local/lib/python3.9/site-packages/airflow/example_dags/tutorial_dag.py
[2025-12-11T23:36:10.481+0000] {processor.py:840} INFO - DAG(s) 'tutorial_dag' retrieved from /home/airflow/.local/lib/python3.9/site-packages/airflow/example_dags/tutorial_dag.py
[2025-12-11T23:36:10.550+0000] {logging_mixin.py:188} INFO - [2025-12-11T23:36:10.550+0000] {dag.py:3096} INFO - Sync 1 DAGs
[2025-12-11T23:36:10.579+0000] {logging_mixin.py:188} INFO - [2025-12-11T23:36:10.579+0000] {dag.py:3954} INFO - Setting next_dagrun for tutorial_dag to None, run_after=None
[2025-12-11T23:36:10.621+0000] {processor.py:183} INFO - Processing /home/airflow/.local/lib/python3.9/site-packages/airflow/example_dags/tutorial_dag.py took 0.172 seconds
[2025-12-11T23:36:40.991+0000] {processor.py:161} INFO - Started process (PID=5951) to work on /home/airflow/.local/lib/python3.9/site-packages/airflow/example_dags/tutorial_dag.py
[2025-12-11T23:36:40.993+0000] {processor.py:830} INFO - Processing file /home/airflow/.local/lib/python3.9/site-packages/airflow/example_dags/tutorial_dag.py for tasks to queue
[2025-12-11T23:36:40.997+0000] {logging_mixin.py:188} INFO - [2025-12-11T23:36:40.996+0000] {dagbag.py:545} INFO - Filling up the DagBag from /home/airflow/.local/lib/python3.9/site-packages/airflow/example_dags/tutorial_dag.py
[2025-12-11T23:36:41.018+0000] {processor.py:840} INFO - DAG(s) 'tutorial_dag' retrieved from /home/airflow/.local/lib/python3.9/site-packages/airflow/example_dags/tutorial_dag.py
[2025-12-11T23:36:41.136+0000] {logging_mixin.py:188} INFO - [2025-12-11T23:36:41.136+0000] {dag.py:3096} INFO - Sync 1 DAGs
[2025-12-11T23:36:41.201+0000] {logging_mixin.py:188} INFO - [2025-12-11T23:36:41.200+0000] {dag.py:3954} INFO - Setting next_dagrun for tutorial_dag to None, run_after=None
[2025-12-11T23:36:41.258+0000] {processor.py:183} INFO - Processing /home/airflow/.local/lib/python3.9/site-packages/airflow/example_dags/tutorial_dag.py took 0.307 seconds
[2025-12-11T23:37:11.600+0000] {processor.py:161} INFO - Started process (PID=6018) to work on /home/airflow/.local/lib/python3.9/site-packages/airflow/example_dags/tutorial_dag.py
[2025-12-11T23:37:11.609+0000] {processor.py:830} INFO - Processing file /home/airflow/.local/lib/python3.9/site-packages/airflow/example_dags/tutorial_dag.py for tasks to queue
[2025-12-11T23:37:11.612+0000] {logging_mixin.py:188} INFO - [2025-12-11T23:37:11.612+0000] {dagbag.py:545} INFO - Filling up the DagBag from /home/airflow/.local/lib/python3.9/site-packages/airflow/example_dags/tutorial_dag.py
[2025-12-11T23:37:11.630+0000] {processor.py:840} INFO - DAG(s) 'tutorial_dag' retrieved from /home/airflow/.local/lib/python3.9/site-packages/airflow/example_dags/tutorial_dag.py
[2025-12-11T23:37:11.710+0000] {logging_mixin.py:188} INFO - [2025-12-11T23:37:11.710+0000] {dag.py:3096} INFO - Sync 1 DAGs
[2025-12-11T23:37:11.758+0000] {logging_mixin.py:188} INFO - [2025-12-11T23:37:11.758+0000] {dag.py:3954} INFO - Setting next_dagrun for tutorial_dag to None, run_after=None
[2025-12-11T23:37:11.815+0000] {processor.py:183} INFO - Processing /home/airflow/.local/lib/python3.9/site-packages/airflow/example_dags/tutorial_dag.py took 0.226 seconds
[2025-12-11T23:37:42.234+0000] {processor.py:161} INFO - Started process (PID=6084) to work on /home/airflow/.local/lib/python3.9/site-packages/airflow/example_dags/tutorial_dag.py
[2025-12-11T23:37:42.236+0000] {processor.py:830} INFO - Processing file /home/airflow/.local/lib/python3.9/site-packages/airflow/example_dags/tutorial_dag.py for tasks to queue
[2025-12-11T23:37:42.251+0000] {logging_mixin.py:188} INFO - [2025-12-11T23:37:42.251+0000] {dagbag.py:545} INFO - Filling up the DagBag from /home/airflow/.local/lib/python3.9/site-packages/airflow/example_dags/tutorial_dag.py
[2025-12-11T23:37:42.273+0000] {processor.py:840} INFO - DAG(s) 'tutorial_dag' retrieved from /home/airflow/.local/lib/python3.9/site-packages/airflow/example_dags/tutorial_dag.py
[2025-12-11T23:37:42.350+0000] {logging_mixin.py:188} INFO - [2025-12-11T23:37:42.350+0000] {dag.py:3096} INFO - Sync 1 DAGs
[2025-12-11T23:37:42.378+0000] {logging_mixin.py:188} INFO - [2025-12-11T23:37:42.378+0000] {dag.py:3954} INFO - Setting next_dagrun for tutorial_dag to None, run_after=None
[2025-12-11T23:37:42.452+0000] {processor.py:183} INFO - Processing /home/airflow/.local/lib/python3.9/site-packages/airflow/example_dags/tutorial_dag.py took 0.240 seconds
[2025-12-11T23:38:12.754+0000] {processor.py:161} INFO - Started process (PID=6150) to work on /home/airflow/.local/lib/python3.9/site-packages/airflow/example_dags/tutorial_dag.py
[2025-12-11T23:38:12.758+0000] {processor.py:830} INFO - Processing file /home/airflow/.local/lib/python3.9/site-packages/airflow/example_dags/tutorial_dag.py for tasks to queue
[2025-12-11T23:38:12.774+0000] {logging_mixin.py:188} INFO - [2025-12-11T23:38:12.773+0000] {dagbag.py:545} INFO - Filling up the DagBag from /home/airflow/.local/lib/python3.9/site-packages/airflow/example_dags/tutorial_dag.py
[2025-12-11T23:38:12.798+0000] {processor.py:840} INFO - DAG(s) 'tutorial_dag' retrieved from /home/airflow/.local/lib/python3.9/site-packages/airflow/example_dags/tutorial_dag.py
[2025-12-11T23:38:12.900+0000] {logging_mixin.py:188} INFO - [2025-12-11T23:38:12.899+0000] {dag.py:3096} INFO - Sync 1 DAGs
[2025-12-11T23:38:12.993+0000] {logging_mixin.py:188} INFO - [2025-12-11T23:38:12.992+0000] {dag.py:3954} INFO - Setting next_dagrun for tutorial_dag to None, run_after=None
[2025-12-11T23:38:13.109+0000] {processor.py:183} INFO - Processing /home/airflow/.local/lib/python3.9/site-packages/airflow/example_dags/tutorial_dag.py took 0.379 seconds
[2025-12-11T23:38:44.459+0000] {processor.py:161} INFO - Started process (PID=6217) to work on /home/airflow/.local/lib/python3.9/site-packages/airflow/example_dags/tutorial_dag.py
[2025-12-11T23:38:44.504+0000] {processor.py:830} INFO - Processing file /home/airflow/.local/lib/python3.9/site-packages/airflow/example_dags/tutorial_dag.py for tasks to queue
[2025-12-11T23:38:44.512+0000] {logging_mixin.py:188} INFO - [2025-12-11T23:38:44.512+0000] {dagbag.py:545} INFO - Filling up the DagBag from /home/airflow/.local/lib/python3.9/site-packages/airflow/example_dags/tutorial_dag.py
[2025-12-11T23:38:44.531+0000] {processor.py:840} INFO - DAG(s) 'tutorial_dag' retrieved from /home/airflow/.local/lib/python3.9/site-packages/airflow/example_dags/tutorial_dag.py
[2025-12-11T23:38:44.630+0000] {logging_mixin.py:188} INFO - [2025-12-11T23:38:44.630+0000] {dag.py:3096} INFO - Sync 1 DAGs
[2025-12-11T23:38:44.675+0000] {logging_mixin.py:188} INFO - [2025-12-11T23:38:44.675+0000] {dag.py:3954} INFO - Setting next_dagrun for tutorial_dag to None, run_after=None
[2025-12-11T23:38:44.937+0000] {processor.py:183} INFO - Processing /home/airflow/.local/lib/python3.9/site-packages/airflow/example_dags/tutorial_dag.py took 0.499 seconds
[2025-12-11T23:39:15.451+0000] {processor.py:161} INFO - Started process (PID=6284) to work on /home/airflow/.local/lib/python3.9/site-packages/airflow/example_dags/tutorial_dag.py
[2025-12-11T23:39:15.464+0000] {processor.py:830} INFO - Processing file /home/airflow/.local/lib/python3.9/site-packages/airflow/example_dags/tutorial_dag.py for tasks to queue
[2025-12-11T23:39:15.471+0000] {logging_mixin.py:188} INFO - [2025-12-11T23:39:15.471+0000] {dagbag.py:545} INFO - Filling up the DagBag from /home/airflow/.local/lib/python3.9/site-packages/airflow/example_dags/tutorial_dag.py
[2025-12-11T23:39:15.482+0000] {processor.py:840} INFO - DAG(s) 'tutorial_dag' retrieved from /home/airflow/.local/lib/python3.9/site-packages/airflow/example_dags/tutorial_dag.py
[2025-12-11T23:39:15.550+0000] {logging_mixin.py:188} INFO - [2025-12-11T23:39:15.550+0000] {dag.py:3096} INFO - Sync 1 DAGs
[2025-12-11T23:39:15.592+0000] {logging_mixin.py:188} INFO - [2025-12-11T23:39:15.591+0000] {dag.py:3954} INFO - Setting next_dagrun for tutorial_dag to None, run_after=None
[2025-12-11T23:39:15.830+0000] {processor.py:183} INFO - Processing /home/airflow/.local/lib/python3.9/site-packages/airflow/example_dags/tutorial_dag.py took 0.399 seconds
[2025-12-11T23:39:46.551+0000] {processor.py:161} INFO - Started process (PID=6351) to work on /home/airflow/.local/lib/python3.9/site-packages/airflow/example_dags/tutorial_dag.py
[2025-12-11T23:39:46.557+0000] {processor.py:830} INFO - Processing file /home/airflow/.local/lib/python3.9/site-packages/airflow/example_dags/tutorial_dag.py for tasks to queue
[2025-12-11T23:39:46.560+0000] {logging_mixin.py:188} INFO - [2025-12-11T23:39:46.560+0000] {dagbag.py:545} INFO - Filling up the DagBag from /home/airflow/.local/lib/python3.9/site-packages/airflow/example_dags/tutorial_dag.py
[2025-12-11T23:39:46.572+0000] {processor.py:840} INFO - DAG(s) 'tutorial_dag' retrieved from /home/airflow/.local/lib/python3.9/site-packages/airflow/example_dags/tutorial_dag.py
[2025-12-11T23:39:46.629+0000] {logging_mixin.py:188} INFO - [2025-12-11T23:39:46.629+0000] {dag.py:3096} INFO - Sync 1 DAGs
[2025-12-11T23:39:46.655+0000] {logging_mixin.py:188} INFO - [2025-12-11T23:39:46.654+0000] {dag.py:3954} INFO - Setting next_dagrun for tutorial_dag to None, run_after=None
[2025-12-11T23:39:46.698+0000] {processor.py:183} INFO - Processing /home/airflow/.local/lib/python3.9/site-packages/airflow/example_dags/tutorial_dag.py took 0.160 seconds
[2025-12-11T23:40:16.838+0000] {processor.py:161} INFO - Started process (PID=6418) to work on /home/airflow/.local/lib/python3.9/site-packages/airflow/example_dags/tutorial_dag.py
[2025-12-11T23:40:16.852+0000] {processor.py:830} INFO - Processing file /home/airflow/.local/lib/python3.9/site-packages/airflow/example_dags/tutorial_dag.py for tasks to queue
[2025-12-11T23:40:16.855+0000] {logging_mixin.py:188} INFO - [2025-12-11T23:40:16.855+0000] {dagbag.py:545} INFO - Filling up the DagBag from /home/airflow/.local/lib/python3.9/site-packages/airflow/example_dags/tutorial_dag.py
[2025-12-11T23:40:16.871+0000] {processor.py:840} INFO - DAG(s) 'tutorial_dag' retrieved from /home/airflow/.local/lib/python3.9/site-packages/airflow/example_dags/tutorial_dag.py
[2025-12-11T23:40:16.934+0000] {logging_mixin.py:188} INFO - [2025-12-11T23:40:16.933+0000] {dag.py:3096} INFO - Sync 1 DAGs
[2025-12-11T23:40:16.962+0000] {logging_mixin.py:188} INFO - [2025-12-11T23:40:16.962+0000] {dag.py:3954} INFO - Setting next_dagrun for tutorial_dag to None, run_after=None
[2025-12-11T23:40:17.224+0000] {processor.py:183} INFO - Processing /home/airflow/.local/lib/python3.9/site-packages/airflow/example_dags/tutorial_dag.py took 0.405 seconds
[2025-12-11T23:40:47.335+0000] {processor.py:161} INFO - Started process (PID=6483) to work on /home/airflow/.local/lib/python3.9/site-packages/airflow/example_dags/tutorial_dag.py
[2025-12-11T23:40:47.342+0000] {processor.py:830} INFO - Processing file /home/airflow/.local/lib/python3.9/site-packages/airflow/example_dags/tutorial_dag.py for tasks to queue
[2025-12-11T23:40:47.345+0000] {logging_mixin.py:188} INFO - [2025-12-11T23:40:47.345+0000] {dagbag.py:545} INFO - Filling up the DagBag from /home/airflow/.local/lib/python3.9/site-packages/airflow/example_dags/tutorial_dag.py
[2025-12-11T23:40:47.357+0000] {processor.py:840} INFO - DAG(s) 'tutorial_dag' retrieved from /home/airflow/.local/lib/python3.9/site-packages/airflow/example_dags/tutorial_dag.py
[2025-12-11T23:40:47.397+0000] {logging_mixin.py:188} INFO - [2025-12-11T23:40:47.397+0000] {dag.py:3096} INFO - Sync 1 DAGs
[2025-12-11T23:40:47.419+0000] {logging_mixin.py:188} INFO - [2025-12-11T23:40:47.418+0000] {dag.py:3954} INFO - Setting next_dagrun for tutorial_dag to None, run_after=None
[2025-12-11T23:40:47.446+0000] {processor.py:183} INFO - Processing /home/airflow/.local/lib/python3.9/site-packages/airflow/example_dags/tutorial_dag.py took 0.128 seconds
[2025-12-11T23:41:17.744+0000] {processor.py:161} INFO - Started process (PID=6550) to work on /home/airflow/.local/lib/python3.9/site-packages/airflow/example_dags/tutorial_dag.py
[2025-12-11T23:41:17.751+0000] {processor.py:830} INFO - Processing file /home/airflow/.local/lib/python3.9/site-packages/airflow/example_dags/tutorial_dag.py for tasks to queue
[2025-12-11T23:41:17.754+0000] {logging_mixin.py:188} INFO - [2025-12-11T23:41:17.753+0000] {dagbag.py:545} INFO - Filling up the DagBag from /home/airflow/.local/lib/python3.9/site-packages/airflow/example_dags/tutorial_dag.py
[2025-12-11T23:41:17.762+0000] {processor.py:840} INFO - DAG(s) 'tutorial_dag' retrieved from /home/airflow/.local/lib/python3.9/site-packages/airflow/example_dags/tutorial_dag.py
[2025-12-11T23:41:17.796+0000] {logging_mixin.py:188} INFO - [2025-12-11T23:41:17.796+0000] {dag.py:3096} INFO - Sync 1 DAGs
[2025-12-11T23:41:17.817+0000] {logging_mixin.py:188} INFO - [2025-12-11T23:41:17.817+0000] {dag.py:3954} INFO - Setting next_dagrun for tutorial_dag to None, run_after=None
[2025-12-11T23:41:17.846+0000] {processor.py:183} INFO - Processing /home/airflow/.local/lib/python3.9/site-packages/airflow/example_dags/tutorial_dag.py took 0.110 seconds
[2025-12-11T23:41:48.036+0000] {processor.py:161} INFO - Started process (PID=6617) to work on /home/airflow/.local/lib/python3.9/site-packages/airflow/example_dags/tutorial_dag.py
[2025-12-11T23:41:48.037+0000] {processor.py:830} INFO - Processing file /home/airflow/.local/lib/python3.9/site-packages/airflow/example_dags/tutorial_dag.py for tasks to queue
[2025-12-11T23:41:48.040+0000] {logging_mixin.py:188} INFO - [2025-12-11T23:41:48.040+0000] {dagbag.py:545} INFO - Filling up the DagBag from /home/airflow/.local/lib/python3.9/site-packages/airflow/example_dags/tutorial_dag.py
[2025-12-11T23:41:48.053+0000] {processor.py:840} INFO - DAG(s) 'tutorial_dag' retrieved from /home/airflow/.local/lib/python3.9/site-packages/airflow/example_dags/tutorial_dag.py
[2025-12-11T23:41:48.097+0000] {logging_mixin.py:188} INFO - [2025-12-11T23:41:48.096+0000] {dag.py:3096} INFO - Sync 1 DAGs
[2025-12-11T23:41:48.124+0000] {logging_mixin.py:188} INFO - [2025-12-11T23:41:48.124+0000] {dag.py:3954} INFO - Setting next_dagrun for tutorial_dag to None, run_after=None
[2025-12-11T23:41:48.161+0000] {processor.py:183} INFO - Processing /home/airflow/.local/lib/python3.9/site-packages/airflow/example_dags/tutorial_dag.py took 0.137 seconds
[2025-12-11T23:42:18.295+0000] {processor.py:161} INFO - Started process (PID=6684) to work on /home/airflow/.local/lib/python3.9/site-packages/airflow/example_dags/tutorial_dag.py
[2025-12-11T23:42:18.305+0000] {processor.py:830} INFO - Processing file /home/airflow/.local/lib/python3.9/site-packages/airflow/example_dags/tutorial_dag.py for tasks to queue
[2025-12-11T23:42:18.307+0000] {logging_mixin.py:188} INFO - [2025-12-11T23:42:18.307+0000] {dagbag.py:545} INFO - Filling up the DagBag from /home/airflow/.local/lib/python3.9/site-packages/airflow/example_dags/tutorial_dag.py
[2025-12-11T23:42:18.317+0000] {processor.py:840} INFO - DAG(s) 'tutorial_dag' retrieved from /home/airflow/.local/lib/python3.9/site-packages/airflow/example_dags/tutorial_dag.py
[2025-12-11T23:42:18.377+0000] {logging_mixin.py:188} INFO - [2025-12-11T23:42:18.376+0000] {dag.py:3096} INFO - Sync 1 DAGs
[2025-12-11T23:42:18.404+0000] {logging_mixin.py:188} INFO - [2025-12-11T23:42:18.403+0000] {dag.py:3954} INFO - Setting next_dagrun for tutorial_dag to None, run_after=None
[2025-12-11T23:42:18.442+0000] {processor.py:183} INFO - Processing /home/airflow/.local/lib/python3.9/site-packages/airflow/example_dags/tutorial_dag.py took 0.157 seconds
