[2025-12-11T22:52:13.210+0000] {processor.py:161} INFO - Started process (PID=116) to work on /home/airflow/.local/lib/python3.9/site-packages/airflow/example_dags/tutorial.py
[2025-12-11T22:52:13.212+0000] {processor.py:830} INFO - Processing file /home/airflow/.local/lib/python3.9/site-packages/airflow/example_dags/tutorial.py for tasks to queue
[2025-12-11T22:52:13.215+0000] {logging_mixin.py:188} INFO - [2025-12-11T22:52:13.214+0000] {dagbag.py:545} INFO - Filling up the DagBag from /home/airflow/.local/lib/python3.9/site-packages/airflow/example_dags/tutorial.py
[2025-12-11T22:52:13.290+0000] {processor.py:840} INFO - DAG(s) 'tutorial' retrieved from /home/airflow/.local/lib/python3.9/site-packages/airflow/example_dags/tutorial.py
[2025-12-11T22:52:14.094+0000] {logging_mixin.py:188} INFO - [2025-12-11T22:52:14.094+0000] {dag.py:3096} INFO - Sync 1 DAGs
[2025-12-11T22:52:14.270+0000] {logging_mixin.py:188} INFO - [2025-12-11T22:52:14.269+0000] {dag.py:3954} INFO - Setting next_dagrun for tutorial to 2025-12-10 00:00:00+00:00, run_after=2025-12-11 00:00:00+00:00
[2025-12-11T22:52:14.512+0000] {processor.py:183} INFO - Processing /home/airflow/.local/lib/python3.9/site-packages/airflow/example_dags/tutorial.py took 1.361 seconds
[2025-12-11T22:52:52.755+0000] {processor.py:161} INFO - Started process (PID=182) to work on /home/airflow/.local/lib/python3.9/site-packages/airflow/example_dags/tutorial.py
[2025-12-11T22:52:52.778+0000] {processor.py:830} INFO - Processing file /home/airflow/.local/lib/python3.9/site-packages/airflow/example_dags/tutorial.py for tasks to queue
[2025-12-11T22:52:52.794+0000] {logging_mixin.py:188} INFO - [2025-12-11T22:52:52.793+0000] {dagbag.py:545} INFO - Filling up the DagBag from /home/airflow/.local/lib/python3.9/site-packages/airflow/example_dags/tutorial.py
[2025-12-11T22:52:52.835+0000] {processor.py:840} INFO - DAG(s) 'tutorial' retrieved from /home/airflow/.local/lib/python3.9/site-packages/airflow/example_dags/tutorial.py
[2025-12-11T22:52:53.115+0000] {logging_mixin.py:188} INFO - [2025-12-11T22:52:53.114+0000] {dag.py:3096} INFO - Sync 1 DAGs
[2025-12-11T22:52:53.314+0000] {logging_mixin.py:188} INFO - [2025-12-11T22:52:53.313+0000] {dag.py:3954} INFO - Setting next_dagrun for tutorial to 2025-12-10 00:00:00+00:00, run_after=2025-12-11 00:00:00+00:00
[2025-12-11T22:52:53.613+0000] {processor.py:183} INFO - Processing /home/airflow/.local/lib/python3.9/site-packages/airflow/example_dags/tutorial.py took 0.901 seconds
[2025-12-11T22:53:24.144+0000] {processor.py:161} INFO - Started process (PID=241) to work on /home/airflow/.local/lib/python3.9/site-packages/airflow/example_dags/tutorial.py
[2025-12-11T22:53:24.187+0000] {processor.py:830} INFO - Processing file /home/airflow/.local/lib/python3.9/site-packages/airflow/example_dags/tutorial.py for tasks to queue
[2025-12-11T22:53:24.191+0000] {logging_mixin.py:188} INFO - [2025-12-11T22:53:24.190+0000] {dagbag.py:545} INFO - Filling up the DagBag from /home/airflow/.local/lib/python3.9/site-packages/airflow/example_dags/tutorial.py
[2025-12-11T22:53:24.203+0000] {processor.py:840} INFO - DAG(s) 'tutorial' retrieved from /home/airflow/.local/lib/python3.9/site-packages/airflow/example_dags/tutorial.py
[2025-12-11T22:53:24.254+0000] {logging_mixin.py:188} INFO - [2025-12-11T22:53:24.254+0000] {dag.py:3096} INFO - Sync 1 DAGs
[2025-12-11T22:53:24.357+0000] {logging_mixin.py:188} INFO - [2025-12-11T22:53:24.356+0000] {dag.py:3954} INFO - Setting next_dagrun for tutorial to 2025-12-10 00:00:00+00:00, run_after=2025-12-11 00:00:00+00:00
[2025-12-11T22:53:24.414+0000] {processor.py:183} INFO - Processing /home/airflow/.local/lib/python3.9/site-packages/airflow/example_dags/tutorial.py took 0.280 seconds
[2025-12-11T22:53:56.573+0000] {processor.py:161} INFO - Started process (PID=307) to work on /home/airflow/.local/lib/python3.9/site-packages/airflow/example_dags/tutorial.py
[2025-12-11T22:53:56.589+0000] {processor.py:830} INFO - Processing file /home/airflow/.local/lib/python3.9/site-packages/airflow/example_dags/tutorial.py for tasks to queue
[2025-12-11T22:53:56.593+0000] {logging_mixin.py:188} INFO - [2025-12-11T22:53:56.592+0000] {dagbag.py:545} INFO - Filling up the DagBag from /home/airflow/.local/lib/python3.9/site-packages/airflow/example_dags/tutorial.py
[2025-12-11T22:53:56.615+0000] {processor.py:840} INFO - DAG(s) 'tutorial' retrieved from /home/airflow/.local/lib/python3.9/site-packages/airflow/example_dags/tutorial.py
[2025-12-11T22:53:57.009+0000] {logging_mixin.py:188} INFO - [2025-12-11T22:53:57.009+0000] {dag.py:3096} INFO - Sync 1 DAGs
[2025-12-11T22:53:57.075+0000] {logging_mixin.py:188} INFO - [2025-12-11T22:53:57.074+0000] {dag.py:3954} INFO - Setting next_dagrun for tutorial to 2025-12-10 00:00:00+00:00, run_after=2025-12-11 00:00:00+00:00
[2025-12-11T22:53:57.134+0000] {processor.py:183} INFO - Processing /home/airflow/.local/lib/python3.9/site-packages/airflow/example_dags/tutorial.py took 0.582 seconds
[2025-12-11T22:54:27.692+0000] {processor.py:161} INFO - Started process (PID=373) to work on /home/airflow/.local/lib/python3.9/site-packages/airflow/example_dags/tutorial.py
[2025-12-11T22:54:27.694+0000] {processor.py:830} INFO - Processing file /home/airflow/.local/lib/python3.9/site-packages/airflow/example_dags/tutorial.py for tasks to queue
[2025-12-11T22:54:27.713+0000] {logging_mixin.py:188} INFO - [2025-12-11T22:54:27.712+0000] {dagbag.py:545} INFO - Filling up the DagBag from /home/airflow/.local/lib/python3.9/site-packages/airflow/example_dags/tutorial.py
[2025-12-11T22:54:27.753+0000] {processor.py:840} INFO - DAG(s) 'tutorial' retrieved from /home/airflow/.local/lib/python3.9/site-packages/airflow/example_dags/tutorial.py
[2025-12-11T22:54:27.970+0000] {logging_mixin.py:188} INFO - [2025-12-11T22:54:27.954+0000] {dag.py:3096} INFO - Sync 1 DAGs
[2025-12-11T22:54:28.135+0000] {logging_mixin.py:188} INFO - [2025-12-11T22:54:28.134+0000] {dag.py:3954} INFO - Setting next_dagrun for tutorial to 2025-12-10 00:00:00+00:00, run_after=2025-12-11 00:00:00+00:00
[2025-12-11T22:54:28.239+0000] {processor.py:183} INFO - Processing /home/airflow/.local/lib/python3.9/site-packages/airflow/example_dags/tutorial.py took 0.609 seconds
[2025-12-11T22:54:58.823+0000] {processor.py:161} INFO - Started process (PID=432) to work on /home/airflow/.local/lib/python3.9/site-packages/airflow/example_dags/tutorial.py
[2025-12-11T22:54:58.825+0000] {processor.py:830} INFO - Processing file /home/airflow/.local/lib/python3.9/site-packages/airflow/example_dags/tutorial.py for tasks to queue
[2025-12-11T22:54:58.832+0000] {logging_mixin.py:188} INFO - [2025-12-11T22:54:58.831+0000] {dagbag.py:545} INFO - Filling up the DagBag from /home/airflow/.local/lib/python3.9/site-packages/airflow/example_dags/tutorial.py
[2025-12-11T22:54:58.844+0000] {processor.py:840} INFO - DAG(s) 'tutorial' retrieved from /home/airflow/.local/lib/python3.9/site-packages/airflow/example_dags/tutorial.py
[2025-12-11T22:54:58.929+0000] {logging_mixin.py:188} INFO - [2025-12-11T22:54:58.925+0000] {dag.py:3096} INFO - Sync 1 DAGs
[2025-12-11T22:54:58.994+0000] {logging_mixin.py:188} INFO - [2025-12-11T22:54:58.993+0000] {dag.py:3954} INFO - Setting next_dagrun for tutorial to 2025-12-10 00:00:00+00:00, run_after=2025-12-11 00:00:00+00:00
[2025-12-11T22:54:59.060+0000] {processor.py:183} INFO - Processing /home/airflow/.local/lib/python3.9/site-packages/airflow/example_dags/tutorial.py took 0.249 seconds
[2025-12-11T22:55:29.388+0000] {processor.py:161} INFO - Started process (PID=498) to work on /home/airflow/.local/lib/python3.9/site-packages/airflow/example_dags/tutorial.py
[2025-12-11T22:55:29.389+0000] {processor.py:830} INFO - Processing file /home/airflow/.local/lib/python3.9/site-packages/airflow/example_dags/tutorial.py for tasks to queue
[2025-12-11T22:55:29.392+0000] {logging_mixin.py:188} INFO - [2025-12-11T22:55:29.391+0000] {dagbag.py:545} INFO - Filling up the DagBag from /home/airflow/.local/lib/python3.9/site-packages/airflow/example_dags/tutorial.py
[2025-12-11T22:55:29.401+0000] {processor.py:840} INFO - DAG(s) 'tutorial' retrieved from /home/airflow/.local/lib/python3.9/site-packages/airflow/example_dags/tutorial.py
[2025-12-11T22:55:29.447+0000] {logging_mixin.py:188} INFO - [2025-12-11T22:55:29.447+0000] {dag.py:3096} INFO - Sync 1 DAGs
[2025-12-11T22:55:29.492+0000] {logging_mixin.py:188} INFO - [2025-12-11T22:55:29.492+0000] {dag.py:3954} INFO - Setting next_dagrun for tutorial to 2025-12-10 00:00:00+00:00, run_after=2025-12-11 00:00:00+00:00
[2025-12-11T22:55:29.525+0000] {processor.py:183} INFO - Processing /home/airflow/.local/lib/python3.9/site-packages/airflow/example_dags/tutorial.py took 0.148 seconds
[2025-12-11T22:55:59.764+0000] {processor.py:161} INFO - Started process (PID=564) to work on /home/airflow/.local/lib/python3.9/site-packages/airflow/example_dags/tutorial.py
[2025-12-11T22:55:59.765+0000] {processor.py:830} INFO - Processing file /home/airflow/.local/lib/python3.9/site-packages/airflow/example_dags/tutorial.py for tasks to queue
[2025-12-11T22:55:59.770+0000] {logging_mixin.py:188} INFO - [2025-12-11T22:55:59.770+0000] {dagbag.py:545} INFO - Filling up the DagBag from /home/airflow/.local/lib/python3.9/site-packages/airflow/example_dags/tutorial.py
[2025-12-11T22:55:59.780+0000] {processor.py:840} INFO - DAG(s) 'tutorial' retrieved from /home/airflow/.local/lib/python3.9/site-packages/airflow/example_dags/tutorial.py
[2025-12-11T22:55:59.824+0000] {logging_mixin.py:188} INFO - [2025-12-11T22:55:59.823+0000] {dag.py:3096} INFO - Sync 1 DAGs
[2025-12-11T22:55:59.862+0000] {logging_mixin.py:188} INFO - [2025-12-11T22:55:59.862+0000] {dag.py:3954} INFO - Setting next_dagrun for tutorial to 2025-12-10 00:00:00+00:00, run_after=2025-12-11 00:00:00+00:00
[2025-12-11T22:55:59.893+0000] {processor.py:183} INFO - Processing /home/airflow/.local/lib/python3.9/site-packages/airflow/example_dags/tutorial.py took 0.140 seconds
[2025-12-11T22:56:30.096+0000] {processor.py:161} INFO - Started process (PID=630) to work on /home/airflow/.local/lib/python3.9/site-packages/airflow/example_dags/tutorial.py
[2025-12-11T22:56:30.098+0000] {processor.py:830} INFO - Processing file /home/airflow/.local/lib/python3.9/site-packages/airflow/example_dags/tutorial.py for tasks to queue
[2025-12-11T22:56:30.102+0000] {logging_mixin.py:188} INFO - [2025-12-11T22:56:30.102+0000] {dagbag.py:545} INFO - Filling up the DagBag from /home/airflow/.local/lib/python3.9/site-packages/airflow/example_dags/tutorial.py
[2025-12-11T22:56:30.115+0000] {processor.py:840} INFO - DAG(s) 'tutorial' retrieved from /home/airflow/.local/lib/python3.9/site-packages/airflow/example_dags/tutorial.py
[2025-12-11T22:56:30.161+0000] {logging_mixin.py:188} INFO - [2025-12-11T22:56:30.161+0000] {dag.py:3096} INFO - Sync 1 DAGs
[2025-12-11T22:56:30.210+0000] {logging_mixin.py:188} INFO - [2025-12-11T22:56:30.210+0000] {dag.py:3954} INFO - Setting next_dagrun for tutorial to 2025-12-10 00:00:00+00:00, run_after=2025-12-11 00:00:00+00:00
[2025-12-11T22:56:30.251+0000] {processor.py:183} INFO - Processing /home/airflow/.local/lib/python3.9/site-packages/airflow/example_dags/tutorial.py took 0.171 seconds
[2025-12-11T22:57:00.595+0000] {processor.py:161} INFO - Started process (PID=696) to work on /home/airflow/.local/lib/python3.9/site-packages/airflow/example_dags/tutorial.py
[2025-12-11T22:57:00.604+0000] {processor.py:830} INFO - Processing file /home/airflow/.local/lib/python3.9/site-packages/airflow/example_dags/tutorial.py for tasks to queue
[2025-12-11T22:57:00.612+0000] {logging_mixin.py:188} INFO - [2025-12-11T22:57:00.611+0000] {dagbag.py:545} INFO - Filling up the DagBag from /home/airflow/.local/lib/python3.9/site-packages/airflow/example_dags/tutorial.py
[2025-12-11T22:57:00.631+0000] {processor.py:840} INFO - DAG(s) 'tutorial' retrieved from /home/airflow/.local/lib/python3.9/site-packages/airflow/example_dags/tutorial.py
[2025-12-11T22:57:00.692+0000] {logging_mixin.py:188} INFO - [2025-12-11T22:57:00.692+0000] {dag.py:3096} INFO - Sync 1 DAGs
[2025-12-11T22:57:00.759+0000] {logging_mixin.py:188} INFO - [2025-12-11T22:57:00.758+0000] {dag.py:3954} INFO - Setting next_dagrun for tutorial to 2025-12-10 00:00:00+00:00, run_after=2025-12-11 00:00:00+00:00
[2025-12-11T22:57:00.811+0000] {processor.py:183} INFO - Processing /home/airflow/.local/lib/python3.9/site-packages/airflow/example_dags/tutorial.py took 0.236 seconds
[2025-12-11T22:57:31.211+0000] {processor.py:161} INFO - Started process (PID=762) to work on /home/airflow/.local/lib/python3.9/site-packages/airflow/example_dags/tutorial.py
[2025-12-11T22:57:31.213+0000] {processor.py:830} INFO - Processing file /home/airflow/.local/lib/python3.9/site-packages/airflow/example_dags/tutorial.py for tasks to queue
[2025-12-11T22:57:31.215+0000] {logging_mixin.py:188} INFO - [2025-12-11T22:57:31.215+0000] {dagbag.py:545} INFO - Filling up the DagBag from /home/airflow/.local/lib/python3.9/site-packages/airflow/example_dags/tutorial.py
[2025-12-11T22:57:31.223+0000] {processor.py:840} INFO - DAG(s) 'tutorial' retrieved from /home/airflow/.local/lib/python3.9/site-packages/airflow/example_dags/tutorial.py
[2025-12-11T22:57:31.289+0000] {logging_mixin.py:188} INFO - [2025-12-11T22:57:31.281+0000] {dag.py:3096} INFO - Sync 1 DAGs
[2025-12-11T22:57:31.354+0000] {logging_mixin.py:188} INFO - [2025-12-11T22:57:31.354+0000] {dag.py:3954} INFO - Setting next_dagrun for tutorial to 2025-12-10 00:00:00+00:00, run_after=2025-12-11 00:00:00+00:00
[2025-12-11T22:57:31.409+0000] {processor.py:183} INFO - Processing /home/airflow/.local/lib/python3.9/site-packages/airflow/example_dags/tutorial.py took 0.215 seconds
[2025-12-11T22:58:02.256+0000] {processor.py:161} INFO - Started process (PID=835) to work on /home/airflow/.local/lib/python3.9/site-packages/airflow/example_dags/tutorial.py
[2025-12-11T22:58:02.257+0000] {processor.py:830} INFO - Processing file /home/airflow/.local/lib/python3.9/site-packages/airflow/example_dags/tutorial.py for tasks to queue
[2025-12-11T22:58:02.271+0000] {logging_mixin.py:188} INFO - [2025-12-11T22:58:02.270+0000] {dagbag.py:545} INFO - Filling up the DagBag from /home/airflow/.local/lib/python3.9/site-packages/airflow/example_dags/tutorial.py
[2025-12-11T22:58:02.280+0000] {processor.py:840} INFO - DAG(s) 'tutorial' retrieved from /home/airflow/.local/lib/python3.9/site-packages/airflow/example_dags/tutorial.py
[2025-12-11T22:58:02.360+0000] {logging_mixin.py:188} INFO - [2025-12-11T22:58:02.359+0000] {dag.py:3096} INFO - Sync 1 DAGs
[2025-12-11T22:58:02.438+0000] {logging_mixin.py:188} INFO - [2025-12-11T22:58:02.438+0000] {dag.py:3954} INFO - Setting next_dagrun for tutorial to 2025-12-10 00:00:00+00:00, run_after=2025-12-11 00:00:00+00:00
[2025-12-11T22:58:02.513+0000] {processor.py:183} INFO - Processing /home/airflow/.local/lib/python3.9/site-packages/airflow/example_dags/tutorial.py took 0.276 seconds
[2025-12-11T22:58:33.170+0000] {processor.py:161} INFO - Started process (PID=901) to work on /home/airflow/.local/lib/python3.9/site-packages/airflow/example_dags/tutorial.py
[2025-12-11T22:58:33.172+0000] {processor.py:830} INFO - Processing file /home/airflow/.local/lib/python3.9/site-packages/airflow/example_dags/tutorial.py for tasks to queue
[2025-12-11T22:58:33.175+0000] {logging_mixin.py:188} INFO - [2025-12-11T22:58:33.174+0000] {dagbag.py:545} INFO - Filling up the DagBag from /home/airflow/.local/lib/python3.9/site-packages/airflow/example_dags/tutorial.py
[2025-12-11T22:58:33.189+0000] {processor.py:840} INFO - DAG(s) 'tutorial' retrieved from /home/airflow/.local/lib/python3.9/site-packages/airflow/example_dags/tutorial.py
[2025-12-11T22:58:33.243+0000] {logging_mixin.py:188} INFO - [2025-12-11T22:58:33.243+0000] {dag.py:3096} INFO - Sync 1 DAGs
[2025-12-11T22:58:33.315+0000] {logging_mixin.py:188} INFO - [2025-12-11T22:58:33.314+0000] {dag.py:3954} INFO - Setting next_dagrun for tutorial to 2025-12-10 00:00:00+00:00, run_after=2025-12-11 00:00:00+00:00
[2025-12-11T22:58:33.362+0000] {processor.py:183} INFO - Processing /home/airflow/.local/lib/python3.9/site-packages/airflow/example_dags/tutorial.py took 0.211 seconds
[2025-12-11T22:59:04.055+0000] {processor.py:161} INFO - Started process (PID=967) to work on /home/airflow/.local/lib/python3.9/site-packages/airflow/example_dags/tutorial.py
[2025-12-11T22:59:04.057+0000] {processor.py:830} INFO - Processing file /home/airflow/.local/lib/python3.9/site-packages/airflow/example_dags/tutorial.py for tasks to queue
[2025-12-11T22:59:04.060+0000] {logging_mixin.py:188} INFO - [2025-12-11T22:59:04.059+0000] {dagbag.py:545} INFO - Filling up the DagBag from /home/airflow/.local/lib/python3.9/site-packages/airflow/example_dags/tutorial.py
[2025-12-11T22:59:04.075+0000] {processor.py:840} INFO - DAG(s) 'tutorial' retrieved from /home/airflow/.local/lib/python3.9/site-packages/airflow/example_dags/tutorial.py
[2025-12-11T22:59:04.156+0000] {logging_mixin.py:188} INFO - [2025-12-11T22:59:04.156+0000] {dag.py:3096} INFO - Sync 1 DAGs
[2025-12-11T22:59:04.218+0000] {logging_mixin.py:188} INFO - [2025-12-11T22:59:04.218+0000] {dag.py:3954} INFO - Setting next_dagrun for tutorial to 2025-12-10 00:00:00+00:00, run_after=2025-12-11 00:00:00+00:00
[2025-12-11T22:59:04.251+0000] {processor.py:183} INFO - Processing /home/airflow/.local/lib/python3.9/site-packages/airflow/example_dags/tutorial.py took 0.215 seconds
[2025-12-11T22:59:34.397+0000] {processor.py:161} INFO - Started process (PID=1033) to work on /home/airflow/.local/lib/python3.9/site-packages/airflow/example_dags/tutorial.py
[2025-12-11T22:59:34.398+0000] {processor.py:830} INFO - Processing file /home/airflow/.local/lib/python3.9/site-packages/airflow/example_dags/tutorial.py for tasks to queue
[2025-12-11T22:59:34.410+0000] {logging_mixin.py:188} INFO - [2025-12-11T22:59:34.410+0000] {dagbag.py:545} INFO - Filling up the DagBag from /home/airflow/.local/lib/python3.9/site-packages/airflow/example_dags/tutorial.py
[2025-12-11T22:59:34.419+0000] {processor.py:840} INFO - DAG(s) 'tutorial' retrieved from /home/airflow/.local/lib/python3.9/site-packages/airflow/example_dags/tutorial.py
[2025-12-11T22:59:34.499+0000] {logging_mixin.py:188} INFO - [2025-12-11T22:59:34.498+0000] {dag.py:3096} INFO - Sync 1 DAGs
[2025-12-11T22:59:34.569+0000] {logging_mixin.py:188} INFO - [2025-12-11T22:59:34.560+0000] {dag.py:3954} INFO - Setting next_dagrun for tutorial to 2025-12-10 00:00:00+00:00, run_after=2025-12-11 00:00:00+00:00
[2025-12-11T22:59:34.631+0000] {processor.py:183} INFO - Processing /home/airflow/.local/lib/python3.9/site-packages/airflow/example_dags/tutorial.py took 0.252 seconds
[2025-12-11T23:00:05.513+0000] {processor.py:161} INFO - Started process (PID=1098) to work on /home/airflow/.local/lib/python3.9/site-packages/airflow/example_dags/tutorial.py
[2025-12-11T23:00:05.515+0000] {processor.py:830} INFO - Processing file /home/airflow/.local/lib/python3.9/site-packages/airflow/example_dags/tutorial.py for tasks to queue
[2025-12-11T23:00:05.533+0000] {logging_mixin.py:188} INFO - [2025-12-11T23:00:05.532+0000] {dagbag.py:545} INFO - Filling up the DagBag from /home/airflow/.local/lib/python3.9/site-packages/airflow/example_dags/tutorial.py
[2025-12-11T23:00:05.561+0000] {processor.py:840} INFO - DAG(s) 'tutorial' retrieved from /home/airflow/.local/lib/python3.9/site-packages/airflow/example_dags/tutorial.py
[2025-12-11T23:00:05.677+0000] {logging_mixin.py:188} INFO - [2025-12-11T23:00:05.677+0000] {dag.py:3096} INFO - Sync 1 DAGs
[2025-12-11T23:00:05.794+0000] {logging_mixin.py:188} INFO - [2025-12-11T23:00:05.794+0000] {dag.py:3954} INFO - Setting next_dagrun for tutorial to 2025-12-10 00:00:00+00:00, run_after=2025-12-11 00:00:00+00:00
[2025-12-11T23:00:05.875+0000] {processor.py:183} INFO - Processing /home/airflow/.local/lib/python3.9/site-packages/airflow/example_dags/tutorial.py took 0.386 seconds
[2025-12-11T23:00:36.133+0000] {processor.py:161} INFO - Started process (PID=1162) to work on /home/airflow/.local/lib/python3.9/site-packages/airflow/example_dags/tutorial.py
[2025-12-11T23:00:36.135+0000] {processor.py:830} INFO - Processing file /home/airflow/.local/lib/python3.9/site-packages/airflow/example_dags/tutorial.py for tasks to queue
[2025-12-11T23:00:36.138+0000] {logging_mixin.py:188} INFO - [2025-12-11T23:00:36.137+0000] {dagbag.py:545} INFO - Filling up the DagBag from /home/airflow/.local/lib/python3.9/site-packages/airflow/example_dags/tutorial.py
[2025-12-11T23:00:36.153+0000] {processor.py:840} INFO - DAG(s) 'tutorial' retrieved from /home/airflow/.local/lib/python3.9/site-packages/airflow/example_dags/tutorial.py
[2025-12-11T23:00:36.213+0000] {logging_mixin.py:188} INFO - [2025-12-11T23:00:36.212+0000] {dag.py:3096} INFO - Sync 1 DAGs
[2025-12-11T23:00:36.270+0000] {logging_mixin.py:188} INFO - [2025-12-11T23:00:36.269+0000] {dag.py:3954} INFO - Setting next_dagrun for tutorial to 2025-12-10 00:00:00+00:00, run_after=2025-12-11 00:00:00+00:00
[2025-12-11T23:00:36.312+0000] {processor.py:183} INFO - Processing /home/airflow/.local/lib/python3.9/site-packages/airflow/example_dags/tutorial.py took 0.199 seconds
[2025-12-11T23:01:06.418+0000] {processor.py:161} INFO - Started process (PID=1228) to work on /home/airflow/.local/lib/python3.9/site-packages/airflow/example_dags/tutorial.py
[2025-12-11T23:01:06.425+0000] {processor.py:830} INFO - Processing file /home/airflow/.local/lib/python3.9/site-packages/airflow/example_dags/tutorial.py for tasks to queue
[2025-12-11T23:01:06.432+0000] {logging_mixin.py:188} INFO - [2025-12-11T23:01:06.431+0000] {dagbag.py:545} INFO - Filling up the DagBag from /home/airflow/.local/lib/python3.9/site-packages/airflow/example_dags/tutorial.py
[2025-12-11T23:01:06.452+0000] {processor.py:840} INFO - DAG(s) 'tutorial' retrieved from /home/airflow/.local/lib/python3.9/site-packages/airflow/example_dags/tutorial.py
[2025-12-11T23:01:06.554+0000] {logging_mixin.py:188} INFO - [2025-12-11T23:01:06.554+0000] {dag.py:3096} INFO - Sync 1 DAGs
[2025-12-11T23:01:06.676+0000] {logging_mixin.py:188} INFO - [2025-12-11T23:01:06.675+0000] {dag.py:3954} INFO - Setting next_dagrun for tutorial to 2025-12-10 00:00:00+00:00, run_after=2025-12-11 00:00:00+00:00
[2025-12-11T23:01:06.751+0000] {processor.py:183} INFO - Processing /home/airflow/.local/lib/python3.9/site-packages/airflow/example_dags/tutorial.py took 0.352 seconds
[2025-12-11T23:01:37.035+0000] {processor.py:161} INFO - Started process (PID=1294) to work on /home/airflow/.local/lib/python3.9/site-packages/airflow/example_dags/tutorial.py
[2025-12-11T23:01:37.127+0000] {processor.py:830} INFO - Processing file /home/airflow/.local/lib/python3.9/site-packages/airflow/example_dags/tutorial.py for tasks to queue
[2025-12-11T23:01:37.131+0000] {logging_mixin.py:188} INFO - [2025-12-11T23:01:37.130+0000] {dagbag.py:545} INFO - Filling up the DagBag from /home/airflow/.local/lib/python3.9/site-packages/airflow/example_dags/tutorial.py
[2025-12-11T23:01:37.142+0000] {processor.py:840} INFO - DAG(s) 'tutorial' retrieved from /home/airflow/.local/lib/python3.9/site-packages/airflow/example_dags/tutorial.py
[2025-12-11T23:01:37.185+0000] {logging_mixin.py:188} INFO - [2025-12-11T23:01:37.184+0000] {dag.py:3096} INFO - Sync 1 DAGs
[2025-12-11T23:01:37.272+0000] {logging_mixin.py:188} INFO - [2025-12-11T23:01:37.271+0000] {dag.py:3954} INFO - Setting next_dagrun for tutorial to 2025-12-10 00:00:00+00:00, run_after=2025-12-11 00:00:00+00:00
[2025-12-11T23:01:37.313+0000] {processor.py:183} INFO - Processing /home/airflow/.local/lib/python3.9/site-packages/airflow/example_dags/tutorial.py took 0.292 seconds
[2025-12-11T23:02:07.701+0000] {processor.py:161} INFO - Started process (PID=1361) to work on /home/airflow/.local/lib/python3.9/site-packages/airflow/example_dags/tutorial.py
[2025-12-11T23:02:07.707+0000] {processor.py:830} INFO - Processing file /home/airflow/.local/lib/python3.9/site-packages/airflow/example_dags/tutorial.py for tasks to queue
[2025-12-11T23:02:07.711+0000] {logging_mixin.py:188} INFO - [2025-12-11T23:02:07.710+0000] {dagbag.py:545} INFO - Filling up the DagBag from /home/airflow/.local/lib/python3.9/site-packages/airflow/example_dags/tutorial.py
[2025-12-11T23:02:07.725+0000] {processor.py:840} INFO - DAG(s) 'tutorial' retrieved from /home/airflow/.local/lib/python3.9/site-packages/airflow/example_dags/tutorial.py
[2025-12-11T23:02:07.777+0000] {logging_mixin.py:188} INFO - [2025-12-11T23:02:07.776+0000] {dag.py:3096} INFO - Sync 1 DAGs
[2025-12-11T23:02:07.830+0000] {logging_mixin.py:188} INFO - [2025-12-11T23:02:07.829+0000] {dag.py:3954} INFO - Setting next_dagrun for tutorial to 2025-12-10 00:00:00+00:00, run_after=2025-12-11 00:00:00+00:00
[2025-12-11T23:02:07.869+0000] {processor.py:183} INFO - Processing /home/airflow/.local/lib/python3.9/site-packages/airflow/example_dags/tutorial.py took 0.189 seconds
[2025-12-11T23:02:38.162+0000] {processor.py:161} INFO - Started process (PID=1428) to work on /home/airflow/.local/lib/python3.9/site-packages/airflow/example_dags/tutorial.py
[2025-12-11T23:02:38.163+0000] {processor.py:830} INFO - Processing file /home/airflow/.local/lib/python3.9/site-packages/airflow/example_dags/tutorial.py for tasks to queue
[2025-12-11T23:02:38.166+0000] {logging_mixin.py:188} INFO - [2025-12-11T23:02:38.166+0000] {dagbag.py:545} INFO - Filling up the DagBag from /home/airflow/.local/lib/python3.9/site-packages/airflow/example_dags/tutorial.py
[2025-12-11T23:02:38.177+0000] {processor.py:840} INFO - DAG(s) 'tutorial' retrieved from /home/airflow/.local/lib/python3.9/site-packages/airflow/example_dags/tutorial.py
[2025-12-11T23:02:38.223+0000] {logging_mixin.py:188} INFO - [2025-12-11T23:02:38.222+0000] {dag.py:3096} INFO - Sync 1 DAGs
[2025-12-11T23:02:38.274+0000] {logging_mixin.py:188} INFO - [2025-12-11T23:02:38.273+0000] {dag.py:3954} INFO - Setting next_dagrun for tutorial to 2025-12-10 00:00:00+00:00, run_after=2025-12-11 00:00:00+00:00
[2025-12-11T23:02:38.314+0000] {processor.py:183} INFO - Processing /home/airflow/.local/lib/python3.9/site-packages/airflow/example_dags/tutorial.py took 0.163 seconds
[2025-12-11T23:03:08.601+0000] {processor.py:161} INFO - Started process (PID=1497) to work on /home/airflow/.local/lib/python3.9/site-packages/airflow/example_dags/tutorial.py
[2025-12-11T23:03:08.609+0000] {processor.py:830} INFO - Processing file /home/airflow/.local/lib/python3.9/site-packages/airflow/example_dags/tutorial.py for tasks to queue
[2025-12-11T23:03:08.611+0000] {logging_mixin.py:188} INFO - [2025-12-11T23:03:08.611+0000] {dagbag.py:545} INFO - Filling up the DagBag from /home/airflow/.local/lib/python3.9/site-packages/airflow/example_dags/tutorial.py
[2025-12-11T23:03:08.621+0000] {processor.py:840} INFO - DAG(s) 'tutorial' retrieved from /home/airflow/.local/lib/python3.9/site-packages/airflow/example_dags/tutorial.py
[2025-12-11T23:03:08.656+0000] {logging_mixin.py:188} INFO - [2025-12-11T23:03:08.656+0000] {dag.py:3096} INFO - Sync 1 DAGs
[2025-12-11T23:03:08.693+0000] {logging_mixin.py:188} INFO - [2025-12-11T23:03:08.692+0000] {dag.py:3954} INFO - Setting next_dagrun for tutorial to 2025-12-10 00:00:00+00:00, run_after=2025-12-11 00:00:00+00:00
[2025-12-11T23:03:08.721+0000] {processor.py:183} INFO - Processing /home/airflow/.local/lib/python3.9/site-packages/airflow/example_dags/tutorial.py took 0.130 seconds
[2025-12-11T23:03:38.969+0000] {processor.py:161} INFO - Started process (PID=1566) to work on /home/airflow/.local/lib/python3.9/site-packages/airflow/example_dags/tutorial.py
[2025-12-11T23:03:38.971+0000] {processor.py:830} INFO - Processing file /home/airflow/.local/lib/python3.9/site-packages/airflow/example_dags/tutorial.py for tasks to queue
[2025-12-11T23:03:38.974+0000] {logging_mixin.py:188} INFO - [2025-12-11T23:03:38.973+0000] {dagbag.py:545} INFO - Filling up the DagBag from /home/airflow/.local/lib/python3.9/site-packages/airflow/example_dags/tutorial.py
[2025-12-11T23:03:38.984+0000] {processor.py:840} INFO - DAG(s) 'tutorial' retrieved from /home/airflow/.local/lib/python3.9/site-packages/airflow/example_dags/tutorial.py
[2025-12-11T23:03:39.031+0000] {logging_mixin.py:188} INFO - [2025-12-11T23:03:39.031+0000] {dag.py:3096} INFO - Sync 1 DAGs
[2025-12-11T23:03:39.073+0000] {logging_mixin.py:188} INFO - [2025-12-11T23:03:39.072+0000] {dag.py:3954} INFO - Setting next_dagrun for tutorial to 2025-12-10 00:00:00+00:00, run_after=2025-12-11 00:00:00+00:00
[2025-12-11T23:03:39.105+0000] {processor.py:183} INFO - Processing /home/airflow/.local/lib/python3.9/site-packages/airflow/example_dags/tutorial.py took 0.148 seconds
[2025-12-11T23:04:09.583+0000] {processor.py:161} INFO - Started process (PID=1638) to work on /home/airflow/.local/lib/python3.9/site-packages/airflow/example_dags/tutorial.py
[2025-12-11T23:04:09.584+0000] {processor.py:830} INFO - Processing file /home/airflow/.local/lib/python3.9/site-packages/airflow/example_dags/tutorial.py for tasks to queue
[2025-12-11T23:04:09.587+0000] {logging_mixin.py:188} INFO - [2025-12-11T23:04:09.587+0000] {dagbag.py:545} INFO - Filling up the DagBag from /home/airflow/.local/lib/python3.9/site-packages/airflow/example_dags/tutorial.py
[2025-12-11T23:04:09.596+0000] {processor.py:840} INFO - DAG(s) 'tutorial' retrieved from /home/airflow/.local/lib/python3.9/site-packages/airflow/example_dags/tutorial.py
[2025-12-11T23:04:09.638+0000] {logging_mixin.py:188} INFO - [2025-12-11T23:04:09.637+0000] {dag.py:3096} INFO - Sync 1 DAGs
[2025-12-11T23:04:09.682+0000] {logging_mixin.py:188} INFO - [2025-12-11T23:04:09.681+0000] {dag.py:3954} INFO - Setting next_dagrun for tutorial to 2025-12-10 00:00:00+00:00, run_after=2025-12-11 00:00:00+00:00
[2025-12-11T23:04:09.711+0000] {processor.py:183} INFO - Processing /home/airflow/.local/lib/python3.9/site-packages/airflow/example_dags/tutorial.py took 0.138 seconds
[2025-12-11T23:04:40.323+0000] {processor.py:161} INFO - Started process (PID=1708) to work on /home/airflow/.local/lib/python3.9/site-packages/airflow/example_dags/tutorial.py
[2025-12-11T23:04:40.324+0000] {processor.py:830} INFO - Processing file /home/airflow/.local/lib/python3.9/site-packages/airflow/example_dags/tutorial.py for tasks to queue
[2025-12-11T23:04:40.327+0000] {logging_mixin.py:188} INFO - [2025-12-11T23:04:40.327+0000] {dagbag.py:545} INFO - Filling up the DagBag from /home/airflow/.local/lib/python3.9/site-packages/airflow/example_dags/tutorial.py
[2025-12-11T23:04:40.337+0000] {processor.py:840} INFO - DAG(s) 'tutorial' retrieved from /home/airflow/.local/lib/python3.9/site-packages/airflow/example_dags/tutorial.py
[2025-12-11T23:04:40.383+0000] {logging_mixin.py:188} INFO - [2025-12-11T23:04:40.383+0000] {dag.py:3096} INFO - Sync 1 DAGs
[2025-12-11T23:04:40.434+0000] {logging_mixin.py:188} INFO - [2025-12-11T23:04:40.434+0000] {dag.py:3954} INFO - Setting next_dagrun for tutorial to 2025-12-10 00:00:00+00:00, run_after=2025-12-11 00:00:00+00:00
[2025-12-11T23:04:40.477+0000] {processor.py:183} INFO - Processing /home/airflow/.local/lib/python3.9/site-packages/airflow/example_dags/tutorial.py took 0.165 seconds
[2025-12-11T23:05:10.859+0000] {processor.py:161} INFO - Started process (PID=1780) to work on /home/airflow/.local/lib/python3.9/site-packages/airflow/example_dags/tutorial.py
[2025-12-11T23:05:10.861+0000] {processor.py:830} INFO - Processing file /home/airflow/.local/lib/python3.9/site-packages/airflow/example_dags/tutorial.py for tasks to queue
[2025-12-11T23:05:10.863+0000] {logging_mixin.py:188} INFO - [2025-12-11T23:05:10.863+0000] {dagbag.py:545} INFO - Filling up the DagBag from /home/airflow/.local/lib/python3.9/site-packages/airflow/example_dags/tutorial.py
[2025-12-11T23:05:10.873+0000] {processor.py:840} INFO - DAG(s) 'tutorial' retrieved from /home/airflow/.local/lib/python3.9/site-packages/airflow/example_dags/tutorial.py
[2025-12-11T23:05:10.912+0000] {logging_mixin.py:188} INFO - [2025-12-11T23:05:10.912+0000] {dag.py:3096} INFO - Sync 1 DAGs
[2025-12-11T23:05:10.950+0000] {logging_mixin.py:188} INFO - [2025-12-11T23:05:10.949+0000] {dag.py:3954} INFO - Setting next_dagrun for tutorial to 2025-12-10 00:00:00+00:00, run_after=2025-12-11 00:00:00+00:00
[2025-12-11T23:05:10.982+0000] {processor.py:183} INFO - Processing /home/airflow/.local/lib/python3.9/site-packages/airflow/example_dags/tutorial.py took 0.134 seconds
[2025-12-11T23:05:41.194+0000] {processor.py:161} INFO - Started process (PID=1851) to work on /home/airflow/.local/lib/python3.9/site-packages/airflow/example_dags/tutorial.py
[2025-12-11T23:05:41.196+0000] {processor.py:830} INFO - Processing file /home/airflow/.local/lib/python3.9/site-packages/airflow/example_dags/tutorial.py for tasks to queue
[2025-12-11T23:05:41.198+0000] {logging_mixin.py:188} INFO - [2025-12-11T23:05:41.198+0000] {dagbag.py:545} INFO - Filling up the DagBag from /home/airflow/.local/lib/python3.9/site-packages/airflow/example_dags/tutorial.py
[2025-12-11T23:05:41.208+0000] {processor.py:840} INFO - DAG(s) 'tutorial' retrieved from /home/airflow/.local/lib/python3.9/site-packages/airflow/example_dags/tutorial.py
[2025-12-11T23:05:41.245+0000] {logging_mixin.py:188} INFO - [2025-12-11T23:05:41.245+0000] {dag.py:3096} INFO - Sync 1 DAGs
[2025-12-11T23:05:41.284+0000] {logging_mixin.py:188} INFO - [2025-12-11T23:05:41.284+0000] {dag.py:3954} INFO - Setting next_dagrun for tutorial to 2025-12-10 00:00:00+00:00, run_after=2025-12-11 00:00:00+00:00
[2025-12-11T23:05:41.314+0000] {processor.py:183} INFO - Processing /home/airflow/.local/lib/python3.9/site-packages/airflow/example_dags/tutorial.py took 0.132 seconds
[2025-12-11T23:06:11.428+0000] {processor.py:161} INFO - Started process (PID=1920) to work on /home/airflow/.local/lib/python3.9/site-packages/airflow/example_dags/tutorial.py
[2025-12-11T23:06:11.461+0000] {processor.py:830} INFO - Processing file /home/airflow/.local/lib/python3.9/site-packages/airflow/example_dags/tutorial.py for tasks to queue
[2025-12-11T23:06:11.464+0000] {logging_mixin.py:188} INFO - [2025-12-11T23:06:11.464+0000] {dagbag.py:545} INFO - Filling up the DagBag from /home/airflow/.local/lib/python3.9/site-packages/airflow/example_dags/tutorial.py
[2025-12-11T23:06:11.474+0000] {processor.py:840} INFO - DAG(s) 'tutorial' retrieved from /home/airflow/.local/lib/python3.9/site-packages/airflow/example_dags/tutorial.py
[2025-12-11T23:06:11.519+0000] {logging_mixin.py:188} INFO - [2025-12-11T23:06:11.518+0000] {dag.py:3096} INFO - Sync 1 DAGs
[2025-12-11T23:06:11.560+0000] {logging_mixin.py:188} INFO - [2025-12-11T23:06:11.559+0000] {dag.py:3954} INFO - Setting next_dagrun for tutorial to 2025-12-10 00:00:00+00:00, run_after=2025-12-11 00:00:00+00:00
[2025-12-11T23:06:11.949+0000] {processor.py:183} INFO - Processing /home/airflow/.local/lib/python3.9/site-packages/airflow/example_dags/tutorial.py took 0.530 seconds
[2025-12-11T23:06:42.579+0000] {processor.py:161} INFO - Started process (PID=1988) to work on /home/airflow/.local/lib/python3.9/site-packages/airflow/example_dags/tutorial.py
[2025-12-11T23:06:42.580+0000] {processor.py:830} INFO - Processing file /home/airflow/.local/lib/python3.9/site-packages/airflow/example_dags/tutorial.py for tasks to queue
[2025-12-11T23:06:42.591+0000] {logging_mixin.py:188} INFO - [2025-12-11T23:06:42.590+0000] {dagbag.py:545} INFO - Filling up the DagBag from /home/airflow/.local/lib/python3.9/site-packages/airflow/example_dags/tutorial.py
[2025-12-11T23:06:42.610+0000] {processor.py:840} INFO - DAG(s) 'tutorial' retrieved from /home/airflow/.local/lib/python3.9/site-packages/airflow/example_dags/tutorial.py
[2025-12-11T23:06:42.673+0000] {logging_mixin.py:188} INFO - [2025-12-11T23:06:42.672+0000] {dag.py:3096} INFO - Sync 1 DAGs
[2025-12-11T23:06:42.721+0000] {logging_mixin.py:188} INFO - [2025-12-11T23:06:42.720+0000] {dag.py:3954} INFO - Setting next_dagrun for tutorial to 2025-12-10 00:00:00+00:00, run_after=2025-12-11 00:00:00+00:00
[2025-12-11T23:06:42.770+0000] {processor.py:183} INFO - Processing /home/airflow/.local/lib/python3.9/site-packages/airflow/example_dags/tutorial.py took 0.207 seconds
[2025-12-11T23:07:12.973+0000] {processor.py:161} INFO - Started process (PID=2061) to work on /home/airflow/.local/lib/python3.9/site-packages/airflow/example_dags/tutorial.py
[2025-12-11T23:07:12.975+0000] {processor.py:830} INFO - Processing file /home/airflow/.local/lib/python3.9/site-packages/airflow/example_dags/tutorial.py for tasks to queue
[2025-12-11T23:07:12.977+0000] {logging_mixin.py:188} INFO - [2025-12-11T23:07:12.977+0000] {dagbag.py:545} INFO - Filling up the DagBag from /home/airflow/.local/lib/python3.9/site-packages/airflow/example_dags/tutorial.py
[2025-12-11T23:07:12.987+0000] {processor.py:840} INFO - DAG(s) 'tutorial' retrieved from /home/airflow/.local/lib/python3.9/site-packages/airflow/example_dags/tutorial.py
[2025-12-11T23:07:13.026+0000] {logging_mixin.py:188} INFO - [2025-12-11T23:07:13.026+0000] {dag.py:3096} INFO - Sync 1 DAGs
[2025-12-11T23:07:13.077+0000] {logging_mixin.py:188} INFO - [2025-12-11T23:07:13.076+0000] {dag.py:3954} INFO - Setting next_dagrun for tutorial to 2025-12-10 00:00:00+00:00, run_after=2025-12-11 00:00:00+00:00
[2025-12-11T23:07:13.109+0000] {processor.py:183} INFO - Processing /home/airflow/.local/lib/python3.9/site-packages/airflow/example_dags/tutorial.py took 0.147 seconds
[2025-12-11T23:07:43.352+0000] {processor.py:161} INFO - Started process (PID=2132) to work on /home/airflow/.local/lib/python3.9/site-packages/airflow/example_dags/tutorial.py
[2025-12-11T23:07:43.471+0000] {processor.py:830} INFO - Processing file /home/airflow/.local/lib/python3.9/site-packages/airflow/example_dags/tutorial.py for tasks to queue
[2025-12-11T23:07:43.474+0000] {logging_mixin.py:188} INFO - [2025-12-11T23:07:43.474+0000] {dagbag.py:545} INFO - Filling up the DagBag from /home/airflow/.local/lib/python3.9/site-packages/airflow/example_dags/tutorial.py
[2025-12-11T23:07:43.484+0000] {processor.py:840} INFO - DAG(s) 'tutorial' retrieved from /home/airflow/.local/lib/python3.9/site-packages/airflow/example_dags/tutorial.py
[2025-12-11T23:07:43.524+0000] {logging_mixin.py:188} INFO - [2025-12-11T23:07:43.524+0000] {dag.py:3096} INFO - Sync 1 DAGs
[2025-12-11T23:07:43.575+0000] {logging_mixin.py:188} INFO - [2025-12-11T23:07:43.574+0000] {dag.py:3954} INFO - Setting next_dagrun for tutorial to 2025-12-10 00:00:00+00:00, run_after=2025-12-11 00:00:00+00:00
[2025-12-11T23:07:43.715+0000] {processor.py:183} INFO - Processing /home/airflow/.local/lib/python3.9/site-packages/airflow/example_dags/tutorial.py took 0.376 seconds
[2025-12-11T23:08:14.712+0000] {processor.py:161} INFO - Started process (PID=2211) to work on /home/airflow/.local/lib/python3.9/site-packages/airflow/example_dags/tutorial.py
[2025-12-11T23:08:14.718+0000] {processor.py:830} INFO - Processing file /home/airflow/.local/lib/python3.9/site-packages/airflow/example_dags/tutorial.py for tasks to queue
[2025-12-11T23:08:14.726+0000] {logging_mixin.py:188} INFO - [2025-12-11T23:08:14.725+0000] {dagbag.py:545} INFO - Filling up the DagBag from /home/airflow/.local/lib/python3.9/site-packages/airflow/example_dags/tutorial.py
[2025-12-11T23:08:14.743+0000] {processor.py:840} INFO - DAG(s) 'tutorial' retrieved from /home/airflow/.local/lib/python3.9/site-packages/airflow/example_dags/tutorial.py
[2025-12-11T23:08:14.812+0000] {logging_mixin.py:188} INFO - [2025-12-11T23:08:14.812+0000] {dag.py:3096} INFO - Sync 1 DAGs
[2025-12-11T23:08:14.879+0000] {logging_mixin.py:188} INFO - [2025-12-11T23:08:14.879+0000] {dag.py:3954} INFO - Setting next_dagrun for tutorial to 2025-12-10 00:00:00+00:00, run_after=2025-12-11 00:00:00+00:00
[2025-12-11T23:08:15.113+0000] {processor.py:183} INFO - Processing /home/airflow/.local/lib/python3.9/site-packages/airflow/example_dags/tutorial.py took 0.434 seconds
[2025-12-11T23:08:45.331+0000] {processor.py:161} INFO - Started process (PID=2279) to work on /home/airflow/.local/lib/python3.9/site-packages/airflow/example_dags/tutorial.py
[2025-12-11T23:08:45.389+0000] {processor.py:830} INFO - Processing file /home/airflow/.local/lib/python3.9/site-packages/airflow/example_dags/tutorial.py for tasks to queue
[2025-12-11T23:08:45.392+0000] {logging_mixin.py:188} INFO - [2025-12-11T23:08:45.392+0000] {dagbag.py:545} INFO - Filling up the DagBag from /home/airflow/.local/lib/python3.9/site-packages/airflow/example_dags/tutorial.py
[2025-12-11T23:08:45.413+0000] {processor.py:840} INFO - DAG(s) 'tutorial' retrieved from /home/airflow/.local/lib/python3.9/site-packages/airflow/example_dags/tutorial.py
[2025-12-11T23:08:45.537+0000] {logging_mixin.py:188} INFO - [2025-12-11T23:08:45.536+0000] {dag.py:3096} INFO - Sync 1 DAGs
[2025-12-11T23:08:45.669+0000] {logging_mixin.py:188} INFO - [2025-12-11T23:08:45.657+0000] {dag.py:3954} INFO - Setting next_dagrun for tutorial to 2025-12-10 00:00:00+00:00, run_after=2025-12-11 00:00:00+00:00
[2025-12-11T23:08:45.819+0000] {processor.py:183} INFO - Processing /home/airflow/.local/lib/python3.9/site-packages/airflow/example_dags/tutorial.py took 0.504 seconds
[2025-12-11T23:09:16.271+0000] {processor.py:161} INFO - Started process (PID=2352) to work on /home/airflow/.local/lib/python3.9/site-packages/airflow/example_dags/tutorial.py
[2025-12-11T23:09:16.279+0000] {processor.py:830} INFO - Processing file /home/airflow/.local/lib/python3.9/site-packages/airflow/example_dags/tutorial.py for tasks to queue
[2025-12-11T23:09:16.291+0000] {logging_mixin.py:188} INFO - [2025-12-11T23:09:16.291+0000] {dagbag.py:545} INFO - Filling up the DagBag from /home/airflow/.local/lib/python3.9/site-packages/airflow/example_dags/tutorial.py
[2025-12-11T23:09:16.301+0000] {processor.py:840} INFO - DAG(s) 'tutorial' retrieved from /home/airflow/.local/lib/python3.9/site-packages/airflow/example_dags/tutorial.py
[2025-12-11T23:09:16.722+0000] {logging_mixin.py:188} INFO - [2025-12-11T23:09:16.721+0000] {dag.py:3096} INFO - Sync 1 DAGs
[2025-12-11T23:09:16.755+0000] {logging_mixin.py:188} INFO - [2025-12-11T23:09:16.755+0000] {dag.py:3954} INFO - Setting next_dagrun for tutorial to 2025-12-10 00:00:00+00:00, run_after=2025-12-11 00:00:00+00:00
[2025-12-11T23:09:16.781+0000] {processor.py:183} INFO - Processing /home/airflow/.local/lib/python3.9/site-packages/airflow/example_dags/tutorial.py took 0.546 seconds
[2025-12-11T23:09:46.895+0000] {processor.py:161} INFO - Started process (PID=2421) to work on /home/airflow/.local/lib/python3.9/site-packages/airflow/example_dags/tutorial.py
[2025-12-11T23:09:46.896+0000] {processor.py:830} INFO - Processing file /home/airflow/.local/lib/python3.9/site-packages/airflow/example_dags/tutorial.py for tasks to queue
[2025-12-11T23:09:46.900+0000] {logging_mixin.py:188} INFO - [2025-12-11T23:09:46.899+0000] {dagbag.py:545} INFO - Filling up the DagBag from /home/airflow/.local/lib/python3.9/site-packages/airflow/example_dags/tutorial.py
[2025-12-11T23:09:46.916+0000] {processor.py:840} INFO - DAG(s) 'tutorial' retrieved from /home/airflow/.local/lib/python3.9/site-packages/airflow/example_dags/tutorial.py
[2025-12-11T23:09:46.973+0000] {logging_mixin.py:188} INFO - [2025-12-11T23:09:46.972+0000] {dag.py:3096} INFO - Sync 1 DAGs
[2025-12-11T23:09:47.022+0000] {logging_mixin.py:188} INFO - [2025-12-11T23:09:47.021+0000] {dag.py:3954} INFO - Setting next_dagrun for tutorial to 2025-12-10 00:00:00+00:00, run_after=2025-12-11 00:00:00+00:00
[2025-12-11T23:09:47.071+0000] {processor.py:183} INFO - Processing /home/airflow/.local/lib/python3.9/site-packages/airflow/example_dags/tutorial.py took 0.196 seconds
[2025-12-11T23:10:18.029+0000] {processor.py:161} INFO - Started process (PID=2483) to work on /home/airflow/.local/lib/python3.9/site-packages/airflow/example_dags/tutorial.py
[2025-12-11T23:10:18.216+0000] {processor.py:830} INFO - Processing file /home/airflow/.local/lib/python3.9/site-packages/airflow/example_dags/tutorial.py for tasks to queue
[2025-12-11T23:10:18.222+0000] {logging_mixin.py:188} INFO - [2025-12-11T23:10:18.221+0000] {dagbag.py:545} INFO - Filling up the DagBag from /home/airflow/.local/lib/python3.9/site-packages/airflow/example_dags/tutorial.py
[2025-12-11T23:10:18.255+0000] {processor.py:840} INFO - DAG(s) 'tutorial' retrieved from /home/airflow/.local/lib/python3.9/site-packages/airflow/example_dags/tutorial.py
[2025-12-11T23:10:18.374+0000] {logging_mixin.py:188} INFO - [2025-12-11T23:10:18.373+0000] {dag.py:3096} INFO - Sync 1 DAGs
[2025-12-11T23:10:18.492+0000] {logging_mixin.py:188} INFO - [2025-12-11T23:10:18.491+0000] {dag.py:3954} INFO - Setting next_dagrun for tutorial to 2025-12-10 00:00:00+00:00, run_after=2025-12-11 00:00:00+00:00
[2025-12-11T23:10:18.698+0000] {processor.py:183} INFO - Processing /home/airflow/.local/lib/python3.9/site-packages/airflow/example_dags/tutorial.py took 0.723 seconds
[2025-12-11T23:10:49.798+0000] {processor.py:161} INFO - Started process (PID=2561) to work on /home/airflow/.local/lib/python3.9/site-packages/airflow/example_dags/tutorial.py
[2025-12-11T23:10:49.815+0000] {processor.py:830} INFO - Processing file /home/airflow/.local/lib/python3.9/site-packages/airflow/example_dags/tutorial.py for tasks to queue
[2025-12-11T23:10:49.817+0000] {logging_mixin.py:188} INFO - [2025-12-11T23:10:49.817+0000] {dagbag.py:545} INFO - Filling up the DagBag from /home/airflow/.local/lib/python3.9/site-packages/airflow/example_dags/tutorial.py
[2025-12-11T23:10:49.829+0000] {processor.py:840} INFO - DAG(s) 'tutorial' retrieved from /home/airflow/.local/lib/python3.9/site-packages/airflow/example_dags/tutorial.py
[2025-12-11T23:10:49.895+0000] {logging_mixin.py:188} INFO - [2025-12-11T23:10:49.894+0000] {dag.py:3096} INFO - Sync 1 DAGs
[2025-12-11T23:10:49.978+0000] {logging_mixin.py:188} INFO - [2025-12-11T23:10:49.978+0000] {dag.py:3954} INFO - Setting next_dagrun for tutorial to 2025-12-10 00:00:00+00:00, run_after=2025-12-11 00:00:00+00:00
[2025-12-11T23:10:50.036+0000] {processor.py:183} INFO - Processing /home/airflow/.local/lib/python3.9/site-packages/airflow/example_dags/tutorial.py took 0.262 seconds
[2025-12-11T23:11:20.897+0000] {processor.py:161} INFO - Started process (PID=2628) to work on /home/airflow/.local/lib/python3.9/site-packages/airflow/example_dags/tutorial.py
[2025-12-11T23:11:21.196+0000] {processor.py:830} INFO - Processing file /home/airflow/.local/lib/python3.9/site-packages/airflow/example_dags/tutorial.py for tasks to queue
[2025-12-11T23:11:21.199+0000] {logging_mixin.py:188} INFO - [2025-12-11T23:11:21.199+0000] {dagbag.py:545} INFO - Filling up the DagBag from /home/airflow/.local/lib/python3.9/site-packages/airflow/example_dags/tutorial.py
[2025-12-11T23:11:21.215+0000] {processor.py:840} INFO - DAG(s) 'tutorial' retrieved from /home/airflow/.local/lib/python3.9/site-packages/airflow/example_dags/tutorial.py
[2025-12-11T23:11:21.272+0000] {logging_mixin.py:188} INFO - [2025-12-11T23:11:21.272+0000] {dag.py:3096} INFO - Sync 1 DAGs
[2025-12-11T23:11:21.350+0000] {logging_mixin.py:188} INFO - [2025-12-11T23:11:21.349+0000] {dag.py:3954} INFO - Setting next_dagrun for tutorial to 2025-12-10 00:00:00+00:00, run_after=2025-12-11 00:00:00+00:00
[2025-12-11T23:11:21.517+0000] {processor.py:183} INFO - Processing /home/airflow/.local/lib/python3.9/site-packages/airflow/example_dags/tutorial.py took 0.642 seconds
[2025-12-11T23:11:52.054+0000] {processor.py:161} INFO - Started process (PID=2695) to work on /home/airflow/.local/lib/python3.9/site-packages/airflow/example_dags/tutorial.py
[2025-12-11T23:11:52.079+0000] {processor.py:830} INFO - Processing file /home/airflow/.local/lib/python3.9/site-packages/airflow/example_dags/tutorial.py for tasks to queue
[2025-12-11T23:11:52.082+0000] {logging_mixin.py:188} INFO - [2025-12-11T23:11:52.082+0000] {dagbag.py:545} INFO - Filling up the DagBag from /home/airflow/.local/lib/python3.9/site-packages/airflow/example_dags/tutorial.py
[2025-12-11T23:11:52.091+0000] {processor.py:840} INFO - DAG(s) 'tutorial' retrieved from /home/airflow/.local/lib/python3.9/site-packages/airflow/example_dags/tutorial.py
[2025-12-11T23:11:52.152+0000] {logging_mixin.py:188} INFO - [2025-12-11T23:11:52.151+0000] {dag.py:3096} INFO - Sync 1 DAGs
[2025-12-11T23:11:52.237+0000] {logging_mixin.py:188} INFO - [2025-12-11T23:11:52.236+0000] {dag.py:3954} INFO - Setting next_dagrun for tutorial to 2025-12-10 00:00:00+00:00, run_after=2025-12-11 00:00:00+00:00
[2025-12-11T23:11:52.314+0000] {processor.py:183} INFO - Processing /home/airflow/.local/lib/python3.9/site-packages/airflow/example_dags/tutorial.py took 0.279 seconds
[2025-12-11T23:12:22.751+0000] {processor.py:161} INFO - Started process (PID=2762) to work on /home/airflow/.local/lib/python3.9/site-packages/airflow/example_dags/tutorial.py
[2025-12-11T23:12:23.271+0000] {processor.py:830} INFO - Processing file /home/airflow/.local/lib/python3.9/site-packages/airflow/example_dags/tutorial.py for tasks to queue
[2025-12-11T23:12:23.277+0000] {logging_mixin.py:188} INFO - [2025-12-11T23:12:23.276+0000] {dagbag.py:545} INFO - Filling up the DagBag from /home/airflow/.local/lib/python3.9/site-packages/airflow/example_dags/tutorial.py
[2025-12-11T23:12:23.289+0000] {processor.py:840} INFO - DAG(s) 'tutorial' retrieved from /home/airflow/.local/lib/python3.9/site-packages/airflow/example_dags/tutorial.py
[2025-12-11T23:12:23.330+0000] {logging_mixin.py:188} INFO - [2025-12-11T23:12:23.329+0000] {dag.py:3096} INFO - Sync 1 DAGs
[2025-12-11T23:12:23.367+0000] {logging_mixin.py:188} INFO - [2025-12-11T23:12:23.367+0000] {dag.py:3954} INFO - Setting next_dagrun for tutorial to 2025-12-10 00:00:00+00:00, run_after=2025-12-11 00:00:00+00:00
[2025-12-11T23:12:24.011+0000] {processor.py:183} INFO - Processing /home/airflow/.local/lib/python3.9/site-packages/airflow/example_dags/tutorial.py took 1.275 seconds
[2025-12-11T23:12:54.783+0000] {processor.py:161} INFO - Started process (PID=2829) to work on /home/airflow/.local/lib/python3.9/site-packages/airflow/example_dags/tutorial.py
[2025-12-11T23:12:54.916+0000] {processor.py:830} INFO - Processing file /home/airflow/.local/lib/python3.9/site-packages/airflow/example_dags/tutorial.py for tasks to queue
[2025-12-11T23:12:54.919+0000] {logging_mixin.py:188} INFO - [2025-12-11T23:12:54.919+0000] {dagbag.py:545} INFO - Filling up the DagBag from /home/airflow/.local/lib/python3.9/site-packages/airflow/example_dags/tutorial.py
[2025-12-11T23:12:54.929+0000] {processor.py:840} INFO - DAG(s) 'tutorial' retrieved from /home/airflow/.local/lib/python3.9/site-packages/airflow/example_dags/tutorial.py
[2025-12-11T23:12:54.965+0000] {logging_mixin.py:188} INFO - [2025-12-11T23:12:54.964+0000] {dag.py:3096} INFO - Sync 1 DAGs
[2025-12-11T23:12:55.001+0000] {logging_mixin.py:188} INFO - [2025-12-11T23:12:55.001+0000] {dag.py:3954} INFO - Setting next_dagrun for tutorial to 2025-12-10 00:00:00+00:00, run_after=2025-12-11 00:00:00+00:00
[2025-12-11T23:12:55.111+0000] {processor.py:183} INFO - Processing /home/airflow/.local/lib/python3.9/site-packages/airflow/example_dags/tutorial.py took 0.339 seconds
[2025-12-11T23:13:25.385+0000] {processor.py:161} INFO - Started process (PID=2896) to work on /home/airflow/.local/lib/python3.9/site-packages/airflow/example_dags/tutorial.py
[2025-12-11T23:13:25.388+0000] {processor.py:830} INFO - Processing file /home/airflow/.local/lib/python3.9/site-packages/airflow/example_dags/tutorial.py for tasks to queue
[2025-12-11T23:13:25.393+0000] {logging_mixin.py:188} INFO - [2025-12-11T23:13:25.392+0000] {dagbag.py:545} INFO - Filling up the DagBag from /home/airflow/.local/lib/python3.9/site-packages/airflow/example_dags/tutorial.py
[2025-12-11T23:13:25.402+0000] {processor.py:840} INFO - DAG(s) 'tutorial' retrieved from /home/airflow/.local/lib/python3.9/site-packages/airflow/example_dags/tutorial.py
[2025-12-11T23:13:25.442+0000] {logging_mixin.py:188} INFO - [2025-12-11T23:13:25.441+0000] {dag.py:3096} INFO - Sync 1 DAGs
[2025-12-11T23:13:25.480+0000] {logging_mixin.py:188} INFO - [2025-12-11T23:13:25.479+0000] {dag.py:3954} INFO - Setting next_dagrun for tutorial to 2025-12-10 00:00:00+00:00, run_after=2025-12-11 00:00:00+00:00
[2025-12-11T23:13:25.511+0000] {processor.py:183} INFO - Processing /home/airflow/.local/lib/python3.9/site-packages/airflow/example_dags/tutorial.py took 0.136 seconds
[2025-12-11T23:13:57.985+0000] {processor.py:161} INFO - Started process (PID=2963) to work on /home/airflow/.local/lib/python3.9/site-packages/airflow/example_dags/tutorial.py
[2025-12-11T23:13:58.038+0000] {processor.py:830} INFO - Processing file /home/airflow/.local/lib/python3.9/site-packages/airflow/example_dags/tutorial.py for tasks to queue
[2025-12-11T23:13:58.041+0000] {logging_mixin.py:188} INFO - [2025-12-11T23:13:58.041+0000] {dagbag.py:545} INFO - Filling up the DagBag from /home/airflow/.local/lib/python3.9/site-packages/airflow/example_dags/tutorial.py
[2025-12-11T23:13:58.051+0000] {processor.py:840} INFO - DAG(s) 'tutorial' retrieved from /home/airflow/.local/lib/python3.9/site-packages/airflow/example_dags/tutorial.py
[2025-12-11T23:13:58.088+0000] {logging_mixin.py:188} INFO - [2025-12-11T23:13:58.088+0000] {dag.py:3096} INFO - Sync 1 DAGs
[2025-12-11T23:13:58.123+0000] {logging_mixin.py:188} INFO - [2025-12-11T23:13:58.122+0000] {dag.py:3954} INFO - Setting next_dagrun for tutorial to 2025-12-10 00:00:00+00:00, run_after=2025-12-11 00:00:00+00:00
[2025-12-11T23:13:58.745+0000] {processor.py:183} INFO - Processing /home/airflow/.local/lib/python3.9/site-packages/airflow/example_dags/tutorial.py took 0.771 seconds
[2025-12-11T23:14:29.279+0000] {processor.py:161} INFO - Started process (PID=3030) to work on /home/airflow/.local/lib/python3.9/site-packages/airflow/example_dags/tutorial.py
[2025-12-11T23:14:29.281+0000] {processor.py:830} INFO - Processing file /home/airflow/.local/lib/python3.9/site-packages/airflow/example_dags/tutorial.py for tasks to queue
[2025-12-11T23:14:29.284+0000] {logging_mixin.py:188} INFO - [2025-12-11T23:14:29.283+0000] {dagbag.py:545} INFO - Filling up the DagBag from /home/airflow/.local/lib/python3.9/site-packages/airflow/example_dags/tutorial.py
[2025-12-11T23:14:29.298+0000] {processor.py:840} INFO - DAG(s) 'tutorial' retrieved from /home/airflow/.local/lib/python3.9/site-packages/airflow/example_dags/tutorial.py
[2025-12-11T23:14:29.344+0000] {logging_mixin.py:188} INFO - [2025-12-11T23:14:29.343+0000] {dag.py:3096} INFO - Sync 1 DAGs
[2025-12-11T23:14:29.395+0000] {logging_mixin.py:188} INFO - [2025-12-11T23:14:29.394+0000] {dag.py:3954} INFO - Setting next_dagrun for tutorial to 2025-12-10 00:00:00+00:00, run_after=2025-12-11 00:00:00+00:00
[2025-12-11T23:14:29.425+0000] {processor.py:183} INFO - Processing /home/airflow/.local/lib/python3.9/site-packages/airflow/example_dags/tutorial.py took 0.155 seconds
[2025-12-11T23:14:59.674+0000] {processor.py:161} INFO - Started process (PID=3097) to work on /home/airflow/.local/lib/python3.9/site-packages/airflow/example_dags/tutorial.py
[2025-12-11T23:14:59.675+0000] {processor.py:830} INFO - Processing file /home/airflow/.local/lib/python3.9/site-packages/airflow/example_dags/tutorial.py for tasks to queue
[2025-12-11T23:14:59.678+0000] {logging_mixin.py:188} INFO - [2025-12-11T23:14:59.677+0000] {dagbag.py:545} INFO - Filling up the DagBag from /home/airflow/.local/lib/python3.9/site-packages/airflow/example_dags/tutorial.py
[2025-12-11T23:14:59.686+0000] {processor.py:840} INFO - DAG(s) 'tutorial' retrieved from /home/airflow/.local/lib/python3.9/site-packages/airflow/example_dags/tutorial.py
[2025-12-11T23:14:59.722+0000] {logging_mixin.py:188} INFO - [2025-12-11T23:14:59.722+0000] {dag.py:3096} INFO - Sync 1 DAGs
[2025-12-11T23:14:59.759+0000] {logging_mixin.py:188} INFO - [2025-12-11T23:14:59.759+0000] {dag.py:3954} INFO - Setting next_dagrun for tutorial to 2025-12-10 00:00:00+00:00, run_after=2025-12-11 00:00:00+00:00
[2025-12-11T23:14:59.786+0000] {processor.py:183} INFO - Processing /home/airflow/.local/lib/python3.9/site-packages/airflow/example_dags/tutorial.py took 0.121 seconds
[2025-12-11T23:15:30.764+0000] {processor.py:161} INFO - Started process (PID=3164) to work on /home/airflow/.local/lib/python3.9/site-packages/airflow/example_dags/tutorial.py
[2025-12-11T23:15:30.766+0000] {processor.py:830} INFO - Processing file /home/airflow/.local/lib/python3.9/site-packages/airflow/example_dags/tutorial.py for tasks to queue
[2025-12-11T23:15:30.770+0000] {logging_mixin.py:188} INFO - [2025-12-11T23:15:30.769+0000] {dagbag.py:545} INFO - Filling up the DagBag from /home/airflow/.local/lib/python3.9/site-packages/airflow/example_dags/tutorial.py
[2025-12-11T23:15:30.781+0000] {processor.py:840} INFO - DAG(s) 'tutorial' retrieved from /home/airflow/.local/lib/python3.9/site-packages/airflow/example_dags/tutorial.py
[2025-12-11T23:15:30.831+0000] {logging_mixin.py:188} INFO - [2025-12-11T23:15:30.831+0000] {dag.py:3096} INFO - Sync 1 DAGs
[2025-12-11T23:15:30.885+0000] {logging_mixin.py:188} INFO - [2025-12-11T23:15:30.884+0000] {dag.py:3954} INFO - Setting next_dagrun for tutorial to 2025-12-10 00:00:00+00:00, run_after=2025-12-11 00:00:00+00:00
[2025-12-11T23:15:31.221+0000] {processor.py:183} INFO - Processing /home/airflow/.local/lib/python3.9/site-packages/airflow/example_dags/tutorial.py took 0.482 seconds
[2025-12-11T23:16:01.622+0000] {processor.py:161} INFO - Started process (PID=3231) to work on /home/airflow/.local/lib/python3.9/site-packages/airflow/example_dags/tutorial.py
[2025-12-11T23:16:01.623+0000] {processor.py:830} INFO - Processing file /home/airflow/.local/lib/python3.9/site-packages/airflow/example_dags/tutorial.py for tasks to queue
[2025-12-11T23:16:01.626+0000] {logging_mixin.py:188} INFO - [2025-12-11T23:16:01.625+0000] {dagbag.py:545} INFO - Filling up the DagBag from /home/airflow/.local/lib/python3.9/site-packages/airflow/example_dags/tutorial.py
[2025-12-11T23:16:01.635+0000] {processor.py:840} INFO - DAG(s) 'tutorial' retrieved from /home/airflow/.local/lib/python3.9/site-packages/airflow/example_dags/tutorial.py
[2025-12-11T23:16:01.677+0000] {logging_mixin.py:188} INFO - [2025-12-11T23:16:01.676+0000] {dag.py:3096} INFO - Sync 1 DAGs
[2025-12-11T23:16:01.723+0000] {logging_mixin.py:188} INFO - [2025-12-11T23:16:01.723+0000] {dag.py:3954} INFO - Setting next_dagrun for tutorial to 2025-12-10 00:00:00+00:00, run_after=2025-12-11 00:00:00+00:00
[2025-12-11T23:16:01.756+0000] {processor.py:183} INFO - Processing /home/airflow/.local/lib/python3.9/site-packages/airflow/example_dags/tutorial.py took 0.146 seconds
[2025-12-11T23:16:32.049+0000] {processor.py:161} INFO - Started process (PID=3298) to work on /home/airflow/.local/lib/python3.9/site-packages/airflow/example_dags/tutorial.py
[2025-12-11T23:16:32.059+0000] {processor.py:830} INFO - Processing file /home/airflow/.local/lib/python3.9/site-packages/airflow/example_dags/tutorial.py for tasks to queue
[2025-12-11T23:16:32.062+0000] {logging_mixin.py:188} INFO - [2025-12-11T23:16:32.062+0000] {dagbag.py:545} INFO - Filling up the DagBag from /home/airflow/.local/lib/python3.9/site-packages/airflow/example_dags/tutorial.py
[2025-12-11T23:16:32.072+0000] {processor.py:840} INFO - DAG(s) 'tutorial' retrieved from /home/airflow/.local/lib/python3.9/site-packages/airflow/example_dags/tutorial.py
[2025-12-11T23:16:32.113+0000] {logging_mixin.py:188} INFO - [2025-12-11T23:16:32.112+0000] {dag.py:3096} INFO - Sync 1 DAGs
[2025-12-11T23:16:32.153+0000] {logging_mixin.py:188} INFO - [2025-12-11T23:16:32.152+0000] {dag.py:3954} INFO - Setting next_dagrun for tutorial to 2025-12-10 00:00:00+00:00, run_after=2025-12-11 00:00:00+00:00
[2025-12-11T23:16:32.182+0000] {processor.py:183} INFO - Processing /home/airflow/.local/lib/python3.9/site-packages/airflow/example_dags/tutorial.py took 0.145 seconds
[2025-12-11T23:17:02.914+0000] {processor.py:161} INFO - Started process (PID=3365) to work on /home/airflow/.local/lib/python3.9/site-packages/airflow/example_dags/tutorial.py
[2025-12-11T23:17:02.916+0000] {processor.py:830} INFO - Processing file /home/airflow/.local/lib/python3.9/site-packages/airflow/example_dags/tutorial.py for tasks to queue
[2025-12-11T23:17:02.919+0000] {logging_mixin.py:188} INFO - [2025-12-11T23:17:02.918+0000] {dagbag.py:545} INFO - Filling up the DagBag from /home/airflow/.local/lib/python3.9/site-packages/airflow/example_dags/tutorial.py
[2025-12-11T23:17:02.930+0000] {processor.py:840} INFO - DAG(s) 'tutorial' retrieved from /home/airflow/.local/lib/python3.9/site-packages/airflow/example_dags/tutorial.py
[2025-12-11T23:17:02.971+0000] {logging_mixin.py:188} INFO - [2025-12-11T23:17:02.970+0000] {dag.py:3096} INFO - Sync 1 DAGs
[2025-12-11T23:17:03.017+0000] {logging_mixin.py:188} INFO - [2025-12-11T23:17:03.016+0000] {dag.py:3954} INFO - Setting next_dagrun for tutorial to 2025-12-10 00:00:00+00:00, run_after=2025-12-11 00:00:00+00:00
[2025-12-11T23:17:03.053+0000] {processor.py:183} INFO - Processing /home/airflow/.local/lib/python3.9/site-packages/airflow/example_dags/tutorial.py took 0.152 seconds
[2025-12-11T23:17:33.355+0000] {processor.py:161} INFO - Started process (PID=3432) to work on /home/airflow/.local/lib/python3.9/site-packages/airflow/example_dags/tutorial.py
[2025-12-11T23:17:33.357+0000] {processor.py:830} INFO - Processing file /home/airflow/.local/lib/python3.9/site-packages/airflow/example_dags/tutorial.py for tasks to queue
[2025-12-11T23:17:33.360+0000] {logging_mixin.py:188} INFO - [2025-12-11T23:17:33.359+0000] {dagbag.py:545} INFO - Filling up the DagBag from /home/airflow/.local/lib/python3.9/site-packages/airflow/example_dags/tutorial.py
[2025-12-11T23:17:33.370+0000] {processor.py:840} INFO - DAG(s) 'tutorial' retrieved from /home/airflow/.local/lib/python3.9/site-packages/airflow/example_dags/tutorial.py
[2025-12-11T23:17:33.417+0000] {logging_mixin.py:188} INFO - [2025-12-11T23:17:33.417+0000] {dag.py:3096} INFO - Sync 1 DAGs
[2025-12-11T23:17:33.455+0000] {logging_mixin.py:188} INFO - [2025-12-11T23:17:33.455+0000] {dag.py:3954} INFO - Setting next_dagrun for tutorial to 2025-12-10 00:00:00+00:00, run_after=2025-12-11 00:00:00+00:00
[2025-12-11T23:17:33.486+0000] {processor.py:183} INFO - Processing /home/airflow/.local/lib/python3.9/site-packages/airflow/example_dags/tutorial.py took 0.142 seconds
[2025-12-11T23:18:03.890+0000] {processor.py:161} INFO - Started process (PID=3499) to work on /home/airflow/.local/lib/python3.9/site-packages/airflow/example_dags/tutorial.py
[2025-12-11T23:18:03.892+0000] {processor.py:830} INFO - Processing file /home/airflow/.local/lib/python3.9/site-packages/airflow/example_dags/tutorial.py for tasks to queue
[2025-12-11T23:18:03.894+0000] {logging_mixin.py:188} INFO - [2025-12-11T23:18:03.894+0000] {dagbag.py:545} INFO - Filling up the DagBag from /home/airflow/.local/lib/python3.9/site-packages/airflow/example_dags/tutorial.py
[2025-12-11T23:18:03.903+0000] {processor.py:840} INFO - DAG(s) 'tutorial' retrieved from /home/airflow/.local/lib/python3.9/site-packages/airflow/example_dags/tutorial.py
[2025-12-11T23:18:03.942+0000] {logging_mixin.py:188} INFO - [2025-12-11T23:18:03.942+0000] {dag.py:3096} INFO - Sync 1 DAGs
[2025-12-11T23:18:03.989+0000] {logging_mixin.py:188} INFO - [2025-12-11T23:18:03.988+0000] {dag.py:3954} INFO - Setting next_dagrun for tutorial to 2025-12-10 00:00:00+00:00, run_after=2025-12-11 00:00:00+00:00
[2025-12-11T23:18:04.018+0000] {processor.py:183} INFO - Processing /home/airflow/.local/lib/python3.9/site-packages/airflow/example_dags/tutorial.py took 0.138 seconds
[2025-12-11T23:18:34.378+0000] {processor.py:161} INFO - Started process (PID=3566) to work on /home/airflow/.local/lib/python3.9/site-packages/airflow/example_dags/tutorial.py
[2025-12-11T23:18:34.389+0000] {processor.py:830} INFO - Processing file /home/airflow/.local/lib/python3.9/site-packages/airflow/example_dags/tutorial.py for tasks to queue
[2025-12-11T23:18:34.392+0000] {logging_mixin.py:188} INFO - [2025-12-11T23:18:34.392+0000] {dagbag.py:545} INFO - Filling up the DagBag from /home/airflow/.local/lib/python3.9/site-packages/airflow/example_dags/tutorial.py
[2025-12-11T23:18:34.410+0000] {processor.py:840} INFO - DAG(s) 'tutorial' retrieved from /home/airflow/.local/lib/python3.9/site-packages/airflow/example_dags/tutorial.py
[2025-12-11T23:18:34.500+0000] {logging_mixin.py:188} INFO - [2025-12-11T23:18:34.499+0000] {dag.py:3096} INFO - Sync 1 DAGs
[2025-12-11T23:18:34.573+0000] {logging_mixin.py:188} INFO - [2025-12-11T23:18:34.573+0000] {dag.py:3954} INFO - Setting next_dagrun for tutorial to 2025-12-10 00:00:00+00:00, run_after=2025-12-11 00:00:00+00:00
[2025-12-11T23:18:34.618+0000] {processor.py:183} INFO - Processing /home/airflow/.local/lib/python3.9/site-packages/airflow/example_dags/tutorial.py took 0.265 seconds
[2025-12-11T23:19:04.878+0000] {processor.py:161} INFO - Started process (PID=3633) to work on /home/airflow/.local/lib/python3.9/site-packages/airflow/example_dags/tutorial.py
[2025-12-11T23:19:04.880+0000] {processor.py:830} INFO - Processing file /home/airflow/.local/lib/python3.9/site-packages/airflow/example_dags/tutorial.py for tasks to queue
[2025-12-11T23:19:04.891+0000] {logging_mixin.py:188} INFO - [2025-12-11T23:19:04.891+0000] {dagbag.py:545} INFO - Filling up the DagBag from /home/airflow/.local/lib/python3.9/site-packages/airflow/example_dags/tutorial.py
[2025-12-11T23:19:04.912+0000] {processor.py:840} INFO - DAG(s) 'tutorial' retrieved from /home/airflow/.local/lib/python3.9/site-packages/airflow/example_dags/tutorial.py
[2025-12-11T23:19:04.972+0000] {logging_mixin.py:188} INFO - [2025-12-11T23:19:04.971+0000] {dag.py:3096} INFO - Sync 1 DAGs
[2025-12-11T23:19:05.013+0000] {logging_mixin.py:188} INFO - [2025-12-11T23:19:05.012+0000] {dag.py:3954} INFO - Setting next_dagrun for tutorial to 2025-12-10 00:00:00+00:00, run_after=2025-12-11 00:00:00+00:00
[2025-12-11T23:19:05.045+0000] {processor.py:183} INFO - Processing /home/airflow/.local/lib/python3.9/site-packages/airflow/example_dags/tutorial.py took 0.188 seconds
[2025-12-11T23:19:35.553+0000] {processor.py:161} INFO - Started process (PID=3700) to work on /home/airflow/.local/lib/python3.9/site-packages/airflow/example_dags/tutorial.py
[2025-12-11T23:19:35.636+0000] {processor.py:830} INFO - Processing file /home/airflow/.local/lib/python3.9/site-packages/airflow/example_dags/tutorial.py for tasks to queue
[2025-12-11T23:19:35.650+0000] {logging_mixin.py:188} INFO - [2025-12-11T23:19:35.643+0000] {dagbag.py:545} INFO - Filling up the DagBag from /home/airflow/.local/lib/python3.9/site-packages/airflow/example_dags/tutorial.py
[2025-12-11T23:19:35.680+0000] {processor.py:840} INFO - DAG(s) 'tutorial' retrieved from /home/airflow/.local/lib/python3.9/site-packages/airflow/example_dags/tutorial.py
[2025-12-11T23:19:35.759+0000] {logging_mixin.py:188} INFO - [2025-12-11T23:19:35.758+0000] {dag.py:3096} INFO - Sync 1 DAGs
[2025-12-11T23:19:35.812+0000] {logging_mixin.py:188} INFO - [2025-12-11T23:19:35.811+0000] {dag.py:3954} INFO - Setting next_dagrun for tutorial to 2025-12-10 00:00:00+00:00, run_after=2025-12-11 00:00:00+00:00
[2025-12-11T23:19:35.960+0000] {processor.py:183} INFO - Processing /home/airflow/.local/lib/python3.9/site-packages/airflow/example_dags/tutorial.py took 0.429 seconds
[2025-12-11T23:20:06.341+0000] {processor.py:161} INFO - Started process (PID=3767) to work on /home/airflow/.local/lib/python3.9/site-packages/airflow/example_dags/tutorial.py
[2025-12-11T23:20:06.347+0000] {processor.py:830} INFO - Processing file /home/airflow/.local/lib/python3.9/site-packages/airflow/example_dags/tutorial.py for tasks to queue
[2025-12-11T23:20:06.352+0000] {logging_mixin.py:188} INFO - [2025-12-11T23:20:06.351+0000] {dagbag.py:545} INFO - Filling up the DagBag from /home/airflow/.local/lib/python3.9/site-packages/airflow/example_dags/tutorial.py
[2025-12-11T23:20:06.371+0000] {processor.py:840} INFO - DAG(s) 'tutorial' retrieved from /home/airflow/.local/lib/python3.9/site-packages/airflow/example_dags/tutorial.py
[2025-12-11T23:20:06.449+0000] {logging_mixin.py:188} INFO - [2025-12-11T23:20:06.441+0000] {dag.py:3096} INFO - Sync 1 DAGs
[2025-12-11T23:20:06.536+0000] {logging_mixin.py:188} INFO - [2025-12-11T23:20:06.536+0000] {dag.py:3954} INFO - Setting next_dagrun for tutorial to 2025-12-10 00:00:00+00:00, run_after=2025-12-11 00:00:00+00:00
[2025-12-11T23:20:06.591+0000] {processor.py:183} INFO - Processing /home/airflow/.local/lib/python3.9/site-packages/airflow/example_dags/tutorial.py took 0.261 seconds
[2025-12-11T23:20:36.857+0000] {processor.py:161} INFO - Started process (PID=3834) to work on /home/airflow/.local/lib/python3.9/site-packages/airflow/example_dags/tutorial.py
[2025-12-11T23:20:36.863+0000] {processor.py:830} INFO - Processing file /home/airflow/.local/lib/python3.9/site-packages/airflow/example_dags/tutorial.py for tasks to queue
[2025-12-11T23:20:36.871+0000] {logging_mixin.py:188} INFO - [2025-12-11T23:20:36.871+0000] {dagbag.py:545} INFO - Filling up the DagBag from /home/airflow/.local/lib/python3.9/site-packages/airflow/example_dags/tutorial.py
[2025-12-11T23:20:36.881+0000] {processor.py:840} INFO - DAG(s) 'tutorial' retrieved from /home/airflow/.local/lib/python3.9/site-packages/airflow/example_dags/tutorial.py
[2025-12-11T23:20:36.933+0000] {logging_mixin.py:188} INFO - [2025-12-11T23:20:36.933+0000] {dag.py:3096} INFO - Sync 1 DAGs
[2025-12-11T23:20:36.984+0000] {logging_mixin.py:188} INFO - [2025-12-11T23:20:36.983+0000] {dag.py:3954} INFO - Setting next_dagrun for tutorial to 2025-12-10 00:00:00+00:00, run_after=2025-12-11 00:00:00+00:00
[2025-12-11T23:20:37.033+0000] {processor.py:183} INFO - Processing /home/airflow/.local/lib/python3.9/site-packages/airflow/example_dags/tutorial.py took 0.187 seconds
[2025-12-11T23:21:07.277+0000] {processor.py:161} INFO - Started process (PID=3901) to work on /home/airflow/.local/lib/python3.9/site-packages/airflow/example_dags/tutorial.py
[2025-12-11T23:21:07.287+0000] {processor.py:830} INFO - Processing file /home/airflow/.local/lib/python3.9/site-packages/airflow/example_dags/tutorial.py for tasks to queue
[2025-12-11T23:21:07.292+0000] {logging_mixin.py:188} INFO - [2025-12-11T23:21:07.290+0000] {dagbag.py:545} INFO - Filling up the DagBag from /home/airflow/.local/lib/python3.9/site-packages/airflow/example_dags/tutorial.py
[2025-12-11T23:21:07.304+0000] {processor.py:840} INFO - DAG(s) 'tutorial' retrieved from /home/airflow/.local/lib/python3.9/site-packages/airflow/example_dags/tutorial.py
[2025-12-11T23:21:07.357+0000] {logging_mixin.py:188} INFO - [2025-12-11T23:21:07.357+0000] {dag.py:3096} INFO - Sync 1 DAGs
[2025-12-11T23:21:07.430+0000] {logging_mixin.py:188} INFO - [2025-12-11T23:21:07.429+0000] {dag.py:3954} INFO - Setting next_dagrun for tutorial to 2025-12-10 00:00:00+00:00, run_after=2025-12-11 00:00:00+00:00
[2025-12-11T23:21:07.516+0000] {processor.py:183} INFO - Processing /home/airflow/.local/lib/python3.9/site-packages/airflow/example_dags/tutorial.py took 0.256 seconds
[2025-12-11T23:21:38.052+0000] {processor.py:161} INFO - Started process (PID=3975) to work on /home/airflow/.local/lib/python3.9/site-packages/airflow/example_dags/tutorial.py
[2025-12-11T23:21:38.054+0000] {processor.py:830} INFO - Processing file /home/airflow/.local/lib/python3.9/site-packages/airflow/example_dags/tutorial.py for tasks to queue
[2025-12-11T23:21:38.057+0000] {logging_mixin.py:188} INFO - [2025-12-11T23:21:38.056+0000] {dagbag.py:545} INFO - Filling up the DagBag from /home/airflow/.local/lib/python3.9/site-packages/airflow/example_dags/tutorial.py
[2025-12-11T23:21:38.078+0000] {processor.py:840} INFO - DAG(s) 'tutorial' retrieved from /home/airflow/.local/lib/python3.9/site-packages/airflow/example_dags/tutorial.py
[2025-12-11T23:21:38.178+0000] {logging_mixin.py:188} INFO - [2025-12-11T23:21:38.177+0000] {dag.py:3096} INFO - Sync 1 DAGs
[2025-12-11T23:21:38.255+0000] {logging_mixin.py:188} INFO - [2025-12-11T23:21:38.255+0000] {dag.py:3954} INFO - Setting next_dagrun for tutorial to 2025-12-10 00:00:00+00:00, run_after=2025-12-11 00:00:00+00:00
[2025-12-11T23:21:38.313+0000] {processor.py:183} INFO - Processing /home/airflow/.local/lib/python3.9/site-packages/airflow/example_dags/tutorial.py took 0.283 seconds
[2025-12-11T23:22:08.821+0000] {processor.py:161} INFO - Started process (PID=4042) to work on /home/airflow/.local/lib/python3.9/site-packages/airflow/example_dags/tutorial.py
[2025-12-11T23:22:08.850+0000] {processor.py:830} INFO - Processing file /home/airflow/.local/lib/python3.9/site-packages/airflow/example_dags/tutorial.py for tasks to queue
[2025-12-11T23:22:08.853+0000] {logging_mixin.py:188} INFO - [2025-12-11T23:22:08.853+0000] {dagbag.py:545} INFO - Filling up the DagBag from /home/airflow/.local/lib/python3.9/site-packages/airflow/example_dags/tutorial.py
[2025-12-11T23:22:08.873+0000] {processor.py:840} INFO - DAG(s) 'tutorial' retrieved from /home/airflow/.local/lib/python3.9/site-packages/airflow/example_dags/tutorial.py
[2025-12-11T23:22:08.978+0000] {logging_mixin.py:188} INFO - [2025-12-11T23:22:08.977+0000] {dag.py:3096} INFO - Sync 1 DAGs
[2025-12-11T23:22:09.092+0000] {logging_mixin.py:188} INFO - [2025-12-11T23:22:09.092+0000] {dag.py:3954} INFO - Setting next_dagrun for tutorial to 2025-12-10 00:00:00+00:00, run_after=2025-12-11 00:00:00+00:00
[2025-12-11T23:22:09.351+0000] {processor.py:183} INFO - Processing /home/airflow/.local/lib/python3.9/site-packages/airflow/example_dags/tutorial.py took 0.552 seconds
[2025-12-11T23:22:39.634+0000] {processor.py:161} INFO - Started process (PID=4109) to work on /home/airflow/.local/lib/python3.9/site-packages/airflow/example_dags/tutorial.py
[2025-12-11T23:22:39.637+0000] {processor.py:830} INFO - Processing file /home/airflow/.local/lib/python3.9/site-packages/airflow/example_dags/tutorial.py for tasks to queue
[2025-12-11T23:22:39.639+0000] {logging_mixin.py:188} INFO - [2025-12-11T23:22:39.639+0000] {dagbag.py:545} INFO - Filling up the DagBag from /home/airflow/.local/lib/python3.9/site-packages/airflow/example_dags/tutorial.py
[2025-12-11T23:22:39.656+0000] {processor.py:840} INFO - DAG(s) 'tutorial' retrieved from /home/airflow/.local/lib/python3.9/site-packages/airflow/example_dags/tutorial.py
[2025-12-11T23:22:39.716+0000] {logging_mixin.py:188} INFO - [2025-12-11T23:22:39.716+0000] {dag.py:3096} INFO - Sync 1 DAGs
[2025-12-11T23:22:39.775+0000] {logging_mixin.py:188} INFO - [2025-12-11T23:22:39.774+0000] {dag.py:3954} INFO - Setting next_dagrun for tutorial to 2025-12-10 00:00:00+00:00, run_after=2025-12-11 00:00:00+00:00
[2025-12-11T23:22:39.814+0000] {processor.py:183} INFO - Processing /home/airflow/.local/lib/python3.9/site-packages/airflow/example_dags/tutorial.py took 0.205 seconds
[2025-12-11T23:23:10.769+0000] {processor.py:161} INFO - Started process (PID=4176) to work on /home/airflow/.local/lib/python3.9/site-packages/airflow/example_dags/tutorial.py
[2025-12-11T23:23:10.866+0000] {processor.py:830} INFO - Processing file /home/airflow/.local/lib/python3.9/site-packages/airflow/example_dags/tutorial.py for tasks to queue
[2025-12-11T23:23:10.872+0000] {logging_mixin.py:188} INFO - [2025-12-11T23:23:10.871+0000] {dagbag.py:545} INFO - Filling up the DagBag from /home/airflow/.local/lib/python3.9/site-packages/airflow/example_dags/tutorial.py
[2025-12-11T23:23:10.895+0000] {processor.py:840} INFO - DAG(s) 'tutorial' retrieved from /home/airflow/.local/lib/python3.9/site-packages/airflow/example_dags/tutorial.py
[2025-12-11T23:23:10.993+0000] {logging_mixin.py:188} INFO - [2025-12-11T23:23:10.993+0000] {dag.py:3096} INFO - Sync 1 DAGs
[2025-12-11T23:23:11.090+0000] {logging_mixin.py:188} INFO - [2025-12-11T23:23:11.089+0000] {dag.py:3954} INFO - Setting next_dagrun for tutorial to 2025-12-10 00:00:00+00:00, run_after=2025-12-11 00:00:00+00:00
[2025-12-11T23:23:11.193+0000] {processor.py:183} INFO - Processing /home/airflow/.local/lib/python3.9/site-packages/airflow/example_dags/tutorial.py took 0.441 seconds
[2025-12-11T23:23:41.674+0000] {processor.py:161} INFO - Started process (PID=4243) to work on /home/airflow/.local/lib/python3.9/site-packages/airflow/example_dags/tutorial.py
[2025-12-11T23:23:41.678+0000] {processor.py:830} INFO - Processing file /home/airflow/.local/lib/python3.9/site-packages/airflow/example_dags/tutorial.py for tasks to queue
[2025-12-11T23:23:41.681+0000] {logging_mixin.py:188} INFO - [2025-12-11T23:23:41.681+0000] {dagbag.py:545} INFO - Filling up the DagBag from /home/airflow/.local/lib/python3.9/site-packages/airflow/example_dags/tutorial.py
[2025-12-11T23:23:41.711+0000] {processor.py:840} INFO - DAG(s) 'tutorial' retrieved from /home/airflow/.local/lib/python3.9/site-packages/airflow/example_dags/tutorial.py
[2025-12-11T23:23:41.810+0000] {logging_mixin.py:188} INFO - [2025-12-11T23:23:41.809+0000] {dag.py:3096} INFO - Sync 1 DAGs
[2025-12-11T23:23:41.895+0000] {logging_mixin.py:188} INFO - [2025-12-11T23:23:41.894+0000] {dag.py:3954} INFO - Setting next_dagrun for tutorial to 2025-12-10 00:00:00+00:00, run_after=2025-12-11 00:00:00+00:00
[2025-12-11T23:23:41.964+0000] {processor.py:183} INFO - Processing /home/airflow/.local/lib/python3.9/site-packages/airflow/example_dags/tutorial.py took 0.313 seconds
[2025-12-11T23:24:13.136+0000] {processor.py:161} INFO - Started process (PID=4309) to work on /home/airflow/.local/lib/python3.9/site-packages/airflow/example_dags/tutorial.py
[2025-12-11T23:24:13.138+0000] {processor.py:830} INFO - Processing file /home/airflow/.local/lib/python3.9/site-packages/airflow/example_dags/tutorial.py for tasks to queue
[2025-12-11T23:24:13.141+0000] {logging_mixin.py:188} INFO - [2025-12-11T23:24:13.140+0000] {dagbag.py:545} INFO - Filling up the DagBag from /home/airflow/.local/lib/python3.9/site-packages/airflow/example_dags/tutorial.py
[2025-12-11T23:24:13.158+0000] {processor.py:840} INFO - DAG(s) 'tutorial' retrieved from /home/airflow/.local/lib/python3.9/site-packages/airflow/example_dags/tutorial.py
[2025-12-11T23:24:13.236+0000] {logging_mixin.py:188} INFO - [2025-12-11T23:24:13.235+0000] {dag.py:3096} INFO - Sync 1 DAGs
[2025-12-11T23:24:13.320+0000] {logging_mixin.py:188} INFO - [2025-12-11T23:24:13.319+0000] {dag.py:3954} INFO - Setting next_dagrun for tutorial to 2025-12-10 00:00:00+00:00, run_after=2025-12-11 00:00:00+00:00
[2025-12-11T23:24:13.395+0000] {processor.py:183} INFO - Processing /home/airflow/.local/lib/python3.9/site-packages/airflow/example_dags/tutorial.py took 0.280 seconds
[2025-12-11T23:24:44.373+0000] {processor.py:161} INFO - Started process (PID=4376) to work on /home/airflow/.local/lib/python3.9/site-packages/airflow/example_dags/tutorial.py
[2025-12-11T23:24:44.386+0000] {processor.py:830} INFO - Processing file /home/airflow/.local/lib/python3.9/site-packages/airflow/example_dags/tutorial.py for tasks to queue
[2025-12-11T23:24:44.392+0000] {logging_mixin.py:188} INFO - [2025-12-11T23:24:44.392+0000] {dagbag.py:545} INFO - Filling up the DagBag from /home/airflow/.local/lib/python3.9/site-packages/airflow/example_dags/tutorial.py
[2025-12-11T23:24:44.416+0000] {processor.py:840} INFO - DAG(s) 'tutorial' retrieved from /home/airflow/.local/lib/python3.9/site-packages/airflow/example_dags/tutorial.py
[2025-12-11T23:24:44.510+0000] {logging_mixin.py:188} INFO - [2025-12-11T23:24:44.510+0000] {dag.py:3096} INFO - Sync 1 DAGs
[2025-12-11T23:24:44.590+0000] {logging_mixin.py:188} INFO - [2025-12-11T23:24:44.590+0000] {dag.py:3954} INFO - Setting next_dagrun for tutorial to 2025-12-10 00:00:00+00:00, run_after=2025-12-11 00:00:00+00:00
[2025-12-11T23:24:44.652+0000] {processor.py:183} INFO - Processing /home/airflow/.local/lib/python3.9/site-packages/airflow/example_dags/tutorial.py took 0.302 seconds
[2025-12-11T23:25:15.113+0000] {processor.py:161} INFO - Started process (PID=4441) to work on /home/airflow/.local/lib/python3.9/site-packages/airflow/example_dags/tutorial.py
[2025-12-11T23:25:15.115+0000] {processor.py:830} INFO - Processing file /home/airflow/.local/lib/python3.9/site-packages/airflow/example_dags/tutorial.py for tasks to queue
[2025-12-11T23:25:15.118+0000] {logging_mixin.py:188} INFO - [2025-12-11T23:25:15.117+0000] {dagbag.py:545} INFO - Filling up the DagBag from /home/airflow/.local/lib/python3.9/site-packages/airflow/example_dags/tutorial.py
[2025-12-11T23:25:15.136+0000] {processor.py:840} INFO - DAG(s) 'tutorial' retrieved from /home/airflow/.local/lib/python3.9/site-packages/airflow/example_dags/tutorial.py
[2025-12-11T23:25:15.217+0000] {logging_mixin.py:188} INFO - [2025-12-11T23:25:15.217+0000] {dag.py:3096} INFO - Sync 1 DAGs
[2025-12-11T23:25:15.350+0000] {logging_mixin.py:188} INFO - [2025-12-11T23:25:15.349+0000] {dag.py:3954} INFO - Setting next_dagrun for tutorial to 2025-12-10 00:00:00+00:00, run_after=2025-12-11 00:00:00+00:00
[2025-12-11T23:25:15.434+0000] {processor.py:183} INFO - Processing /home/airflow/.local/lib/python3.9/site-packages/airflow/example_dags/tutorial.py took 0.340 seconds
[2025-12-11T23:25:46.076+0000] {processor.py:161} INFO - Started process (PID=4508) to work on /home/airflow/.local/lib/python3.9/site-packages/airflow/example_dags/tutorial.py
[2025-12-11T23:25:46.078+0000] {processor.py:830} INFO - Processing file /home/airflow/.local/lib/python3.9/site-packages/airflow/example_dags/tutorial.py for tasks to queue
[2025-12-11T23:25:46.080+0000] {logging_mixin.py:188} INFO - [2025-12-11T23:25:46.080+0000] {dagbag.py:545} INFO - Filling up the DagBag from /home/airflow/.local/lib/python3.9/site-packages/airflow/example_dags/tutorial.py
[2025-12-11T23:25:46.098+0000] {processor.py:840} INFO - DAG(s) 'tutorial' retrieved from /home/airflow/.local/lib/python3.9/site-packages/airflow/example_dags/tutorial.py
[2025-12-11T23:25:46.160+0000] {logging_mixin.py:188} INFO - [2025-12-11T23:25:46.160+0000] {dag.py:3096} INFO - Sync 1 DAGs
[2025-12-11T23:25:46.196+0000] {logging_mixin.py:188} INFO - [2025-12-11T23:25:46.196+0000] {dag.py:3954} INFO - Setting next_dagrun for tutorial to 2025-12-10 00:00:00+00:00, run_after=2025-12-11 00:00:00+00:00
[2025-12-11T23:25:46.221+0000] {processor.py:183} INFO - Processing /home/airflow/.local/lib/python3.9/site-packages/airflow/example_dags/tutorial.py took 0.166 seconds
[2025-12-11T23:26:16.394+0000] {processor.py:161} INFO - Started process (PID=4574) to work on /home/airflow/.local/lib/python3.9/site-packages/airflow/example_dags/tutorial.py
[2025-12-11T23:26:16.492+0000] {processor.py:830} INFO - Processing file /home/airflow/.local/lib/python3.9/site-packages/airflow/example_dags/tutorial.py for tasks to queue
[2025-12-11T23:26:16.496+0000] {logging_mixin.py:188} INFO - [2025-12-11T23:26:16.495+0000] {dagbag.py:545} INFO - Filling up the DagBag from /home/airflow/.local/lib/python3.9/site-packages/airflow/example_dags/tutorial.py
[2025-12-11T23:26:16.518+0000] {processor.py:840} INFO - DAG(s) 'tutorial' retrieved from /home/airflow/.local/lib/python3.9/site-packages/airflow/example_dags/tutorial.py
[2025-12-11T23:26:16.581+0000] {logging_mixin.py:188} INFO - [2025-12-11T23:26:16.581+0000] {dag.py:3096} INFO - Sync 1 DAGs
[2025-12-11T23:26:16.631+0000] {logging_mixin.py:188} INFO - [2025-12-11T23:26:16.630+0000] {dag.py:3954} INFO - Setting next_dagrun for tutorial to 2025-12-10 00:00:00+00:00, run_after=2025-12-11 00:00:00+00:00
[2025-12-11T23:26:16.873+0000] {processor.py:183} INFO - Processing /home/airflow/.local/lib/python3.9/site-packages/airflow/example_dags/tutorial.py took 0.520 seconds
[2025-12-11T23:26:47.683+0000] {processor.py:161} INFO - Started process (PID=4646) to work on /home/airflow/.local/lib/python3.9/site-packages/airflow/example_dags/tutorial.py
[2025-12-11T23:26:47.686+0000] {processor.py:830} INFO - Processing file /home/airflow/.local/lib/python3.9/site-packages/airflow/example_dags/tutorial.py for tasks to queue
[2025-12-11T23:26:47.692+0000] {logging_mixin.py:188} INFO - [2025-12-11T23:26:47.692+0000] {dagbag.py:545} INFO - Filling up the DagBag from /home/airflow/.local/lib/python3.9/site-packages/airflow/example_dags/tutorial.py
[2025-12-11T23:26:47.705+0000] {processor.py:840} INFO - DAG(s) 'tutorial' retrieved from /home/airflow/.local/lib/python3.9/site-packages/airflow/example_dags/tutorial.py
[2025-12-11T23:26:47.801+0000] {logging_mixin.py:188} INFO - [2025-12-11T23:26:47.800+0000] {dag.py:3096} INFO - Sync 1 DAGs
[2025-12-11T23:26:47.870+0000] {logging_mixin.py:188} INFO - [2025-12-11T23:26:47.869+0000] {dag.py:3954} INFO - Setting next_dagrun for tutorial to 2025-12-10 00:00:00+00:00, run_after=2025-12-11 00:00:00+00:00
[2025-12-11T23:26:47.935+0000] {processor.py:183} INFO - Processing /home/airflow/.local/lib/python3.9/site-packages/airflow/example_dags/tutorial.py took 0.274 seconds
[2025-12-11T23:27:18.427+0000] {processor.py:161} INFO - Started process (PID=4713) to work on /home/airflow/.local/lib/python3.9/site-packages/airflow/example_dags/tutorial.py
[2025-12-11T23:27:18.471+0000] {processor.py:830} INFO - Processing file /home/airflow/.local/lib/python3.9/site-packages/airflow/example_dags/tutorial.py for tasks to queue
[2025-12-11T23:27:18.474+0000] {logging_mixin.py:188} INFO - [2025-12-11T23:27:18.474+0000] {dagbag.py:545} INFO - Filling up the DagBag from /home/airflow/.local/lib/python3.9/site-packages/airflow/example_dags/tutorial.py
[2025-12-11T23:27:18.485+0000] {processor.py:840} INFO - DAG(s) 'tutorial' retrieved from /home/airflow/.local/lib/python3.9/site-packages/airflow/example_dags/tutorial.py
[2025-12-11T23:27:18.522+0000] {logging_mixin.py:188} INFO - [2025-12-11T23:27:18.522+0000] {dag.py:3096} INFO - Sync 1 DAGs
[2025-12-11T23:27:18.560+0000] {logging_mixin.py:188} INFO - [2025-12-11T23:27:18.559+0000] {dag.py:3954} INFO - Setting next_dagrun for tutorial to 2025-12-10 00:00:00+00:00, run_after=2025-12-11 00:00:00+00:00
[2025-12-11T23:27:18.612+0000] {processor.py:183} INFO - Processing /home/airflow/.local/lib/python3.9/site-packages/airflow/example_dags/tutorial.py took 0.197 seconds
[2025-12-11T23:27:49.072+0000] {processor.py:161} INFO - Started process (PID=4780) to work on /home/airflow/.local/lib/python3.9/site-packages/airflow/example_dags/tutorial.py
[2025-12-11T23:27:49.074+0000] {processor.py:830} INFO - Processing file /home/airflow/.local/lib/python3.9/site-packages/airflow/example_dags/tutorial.py for tasks to queue
[2025-12-11T23:27:49.076+0000] {logging_mixin.py:188} INFO - [2025-12-11T23:27:49.076+0000] {dagbag.py:545} INFO - Filling up the DagBag from /home/airflow/.local/lib/python3.9/site-packages/airflow/example_dags/tutorial.py
[2025-12-11T23:27:49.085+0000] {processor.py:840} INFO - DAG(s) 'tutorial' retrieved from /home/airflow/.local/lib/python3.9/site-packages/airflow/example_dags/tutorial.py
[2025-12-11T23:27:49.131+0000] {logging_mixin.py:188} INFO - [2025-12-11T23:27:49.130+0000] {dag.py:3096} INFO - Sync 1 DAGs
[2025-12-11T23:27:49.178+0000] {logging_mixin.py:188} INFO - [2025-12-11T23:27:49.178+0000] {dag.py:3954} INFO - Setting next_dagrun for tutorial to 2025-12-10 00:00:00+00:00, run_after=2025-12-11 00:00:00+00:00
[2025-12-11T23:27:49.228+0000] {processor.py:183} INFO - Processing /home/airflow/.local/lib/python3.9/site-packages/airflow/example_dags/tutorial.py took 0.169 seconds
[2025-12-11T23:28:20.039+0000] {processor.py:161} INFO - Started process (PID=4846) to work on /home/airflow/.local/lib/python3.9/site-packages/airflow/example_dags/tutorial.py
[2025-12-11T23:28:20.041+0000] {processor.py:830} INFO - Processing file /home/airflow/.local/lib/python3.9/site-packages/airflow/example_dags/tutorial.py for tasks to queue
[2025-12-11T23:28:20.051+0000] {logging_mixin.py:188} INFO - [2025-12-11T23:28:20.050+0000] {dagbag.py:545} INFO - Filling up the DagBag from /home/airflow/.local/lib/python3.9/site-packages/airflow/example_dags/tutorial.py
[2025-12-11T23:28:20.060+0000] {processor.py:840} INFO - DAG(s) 'tutorial' retrieved from /home/airflow/.local/lib/python3.9/site-packages/airflow/example_dags/tutorial.py
[2025-12-11T23:28:20.135+0000] {logging_mixin.py:188} INFO - [2025-12-11T23:28:20.134+0000] {dag.py:3096} INFO - Sync 1 DAGs
[2025-12-11T23:28:20.196+0000] {logging_mixin.py:188} INFO - [2025-12-11T23:28:20.196+0000] {dag.py:3954} INFO - Setting next_dagrun for tutorial to 2025-12-10 00:00:00+00:00, run_after=2025-12-11 00:00:00+00:00
[2025-12-11T23:28:20.255+0000] {processor.py:183} INFO - Processing /home/airflow/.local/lib/python3.9/site-packages/airflow/example_dags/tutorial.py took 0.228 seconds
[2025-12-11T23:28:51.009+0000] {processor.py:161} INFO - Started process (PID=4913) to work on /home/airflow/.local/lib/python3.9/site-packages/airflow/example_dags/tutorial.py
[2025-12-11T23:28:51.026+0000] {processor.py:830} INFO - Processing file /home/airflow/.local/lib/python3.9/site-packages/airflow/example_dags/tutorial.py for tasks to queue
[2025-12-11T23:28:51.033+0000] {logging_mixin.py:188} INFO - [2025-12-11T23:28:51.032+0000] {dagbag.py:545} INFO - Filling up the DagBag from /home/airflow/.local/lib/python3.9/site-packages/airflow/example_dags/tutorial.py
[2025-12-11T23:28:51.051+0000] {processor.py:840} INFO - DAG(s) 'tutorial' retrieved from /home/airflow/.local/lib/python3.9/site-packages/airflow/example_dags/tutorial.py
[2025-12-11T23:28:51.154+0000] {logging_mixin.py:188} INFO - [2025-12-11T23:28:51.154+0000] {dag.py:3096} INFO - Sync 1 DAGs
[2025-12-11T23:28:51.290+0000] {logging_mixin.py:188} INFO - [2025-12-11T23:28:51.290+0000] {dag.py:3954} INFO - Setting next_dagrun for tutorial to 2025-12-10 00:00:00+00:00, run_after=2025-12-11 00:00:00+00:00
[2025-12-11T23:28:51.518+0000] {processor.py:183} INFO - Processing /home/airflow/.local/lib/python3.9/site-packages/airflow/example_dags/tutorial.py took 0.537 seconds
[2025-12-11T23:29:22.179+0000] {processor.py:161} INFO - Started process (PID=4980) to work on /home/airflow/.local/lib/python3.9/site-packages/airflow/example_dags/tutorial.py
[2025-12-11T23:29:22.180+0000] {processor.py:830} INFO - Processing file /home/airflow/.local/lib/python3.9/site-packages/airflow/example_dags/tutorial.py for tasks to queue
[2025-12-11T23:29:22.183+0000] {logging_mixin.py:188} INFO - [2025-12-11T23:29:22.182+0000] {dagbag.py:545} INFO - Filling up the DagBag from /home/airflow/.local/lib/python3.9/site-packages/airflow/example_dags/tutorial.py
[2025-12-11T23:29:22.195+0000] {processor.py:840} INFO - DAG(s) 'tutorial' retrieved from /home/airflow/.local/lib/python3.9/site-packages/airflow/example_dags/tutorial.py
[2025-12-11T23:29:22.235+0000] {logging_mixin.py:188} INFO - [2025-12-11T23:29:22.235+0000] {dag.py:3096} INFO - Sync 1 DAGs
[2025-12-11T23:29:22.275+0000] {logging_mixin.py:188} INFO - [2025-12-11T23:29:22.275+0000] {dag.py:3954} INFO - Setting next_dagrun for tutorial to 2025-12-10 00:00:00+00:00, run_after=2025-12-11 00:00:00+00:00
[2025-12-11T23:29:22.303+0000] {processor.py:183} INFO - Processing /home/airflow/.local/lib/python3.9/site-packages/airflow/example_dags/tutorial.py took 0.138 seconds
[2025-12-11T23:29:52.433+0000] {processor.py:161} INFO - Started process (PID=5047) to work on /home/airflow/.local/lib/python3.9/site-packages/airflow/example_dags/tutorial.py
[2025-12-11T23:29:52.435+0000] {processor.py:830} INFO - Processing file /home/airflow/.local/lib/python3.9/site-packages/airflow/example_dags/tutorial.py for tasks to queue
[2025-12-11T23:29:52.437+0000] {logging_mixin.py:188} INFO - [2025-12-11T23:29:52.437+0000] {dagbag.py:545} INFO - Filling up the DagBag from /home/airflow/.local/lib/python3.9/site-packages/airflow/example_dags/tutorial.py
[2025-12-11T23:29:52.445+0000] {processor.py:840} INFO - DAG(s) 'tutorial' retrieved from /home/airflow/.local/lib/python3.9/site-packages/airflow/example_dags/tutorial.py
[2025-12-11T23:29:52.481+0000] {logging_mixin.py:188} INFO - [2025-12-11T23:29:52.481+0000] {dag.py:3096} INFO - Sync 1 DAGs
[2025-12-11T23:29:52.524+0000] {logging_mixin.py:188} INFO - [2025-12-11T23:29:52.524+0000] {dag.py:3954} INFO - Setting next_dagrun for tutorial to 2025-12-10 00:00:00+00:00, run_after=2025-12-11 00:00:00+00:00
[2025-12-11T23:29:52.553+0000] {processor.py:183} INFO - Processing /home/airflow/.local/lib/python3.9/site-packages/airflow/example_dags/tutorial.py took 0.130 seconds
[2025-12-11T23:30:23.111+0000] {processor.py:161} INFO - Started process (PID=5121) to work on /home/airflow/.local/lib/python3.9/site-packages/airflow/example_dags/tutorial.py
[2025-12-11T23:30:23.114+0000] {processor.py:830} INFO - Processing file /home/airflow/.local/lib/python3.9/site-packages/airflow/example_dags/tutorial.py for tasks to queue
[2025-12-11T23:30:23.117+0000] {logging_mixin.py:188} INFO - [2025-12-11T23:30:23.117+0000] {dagbag.py:545} INFO - Filling up the DagBag from /home/airflow/.local/lib/python3.9/site-packages/airflow/example_dags/tutorial.py
[2025-12-11T23:30:23.136+0000] {processor.py:840} INFO - DAG(s) 'tutorial' retrieved from /home/airflow/.local/lib/python3.9/site-packages/airflow/example_dags/tutorial.py
[2025-12-11T23:30:23.197+0000] {logging_mixin.py:188} INFO - [2025-12-11T23:30:23.197+0000] {dag.py:3096} INFO - Sync 1 DAGs
[2025-12-11T23:30:23.258+0000] {logging_mixin.py:188} INFO - [2025-12-11T23:30:23.257+0000] {dag.py:3954} INFO - Setting next_dagrun for tutorial to 2025-12-10 00:00:00+00:00, run_after=2025-12-11 00:00:00+00:00
[2025-12-11T23:30:23.299+0000] {processor.py:183} INFO - Processing /home/airflow/.local/lib/python3.9/site-packages/airflow/example_dags/tutorial.py took 0.224 seconds
[2025-12-11T23:30:53.579+0000] {processor.py:161} INFO - Started process (PID=5188) to work on /home/airflow/.local/lib/python3.9/site-packages/airflow/example_dags/tutorial.py
[2025-12-11T23:30:53.618+0000] {processor.py:830} INFO - Processing file /home/airflow/.local/lib/python3.9/site-packages/airflow/example_dags/tutorial.py for tasks to queue
[2025-12-11T23:30:53.621+0000] {logging_mixin.py:188} INFO - [2025-12-11T23:30:53.620+0000] {dagbag.py:545} INFO - Filling up the DagBag from /home/airflow/.local/lib/python3.9/site-packages/airflow/example_dags/tutorial.py
[2025-12-11T23:30:53.643+0000] {processor.py:840} INFO - DAG(s) 'tutorial' retrieved from /home/airflow/.local/lib/python3.9/site-packages/airflow/example_dags/tutorial.py
[2025-12-11T23:30:53.698+0000] {logging_mixin.py:188} INFO - [2025-12-11T23:30:53.697+0000] {dag.py:3096} INFO - Sync 1 DAGs
[2025-12-11T23:30:53.754+0000] {logging_mixin.py:188} INFO - [2025-12-11T23:30:53.754+0000] {dag.py:3954} INFO - Setting next_dagrun for tutorial to 2025-12-10 00:00:00+00:00, run_after=2025-12-11 00:00:00+00:00
[2025-12-11T23:30:53.796+0000] {processor.py:183} INFO - Processing /home/airflow/.local/lib/python3.9/site-packages/airflow/example_dags/tutorial.py took 0.230 seconds
[2025-12-11T23:31:24.644+0000] {processor.py:161} INFO - Started process (PID=5255) to work on /home/airflow/.local/lib/python3.9/site-packages/airflow/example_dags/tutorial.py
[2025-12-11T23:31:24.650+0000] {processor.py:830} INFO - Processing file /home/airflow/.local/lib/python3.9/site-packages/airflow/example_dags/tutorial.py for tasks to queue
[2025-12-11T23:31:24.654+0000] {logging_mixin.py:188} INFO - [2025-12-11T23:31:24.654+0000] {dagbag.py:545} INFO - Filling up the DagBag from /home/airflow/.local/lib/python3.9/site-packages/airflow/example_dags/tutorial.py
[2025-12-11T23:31:24.671+0000] {processor.py:840} INFO - DAG(s) 'tutorial' retrieved from /home/airflow/.local/lib/python3.9/site-packages/airflow/example_dags/tutorial.py
[2025-12-11T23:31:24.732+0000] {logging_mixin.py:188} INFO - [2025-12-11T23:31:24.731+0000] {dag.py:3096} INFO - Sync 1 DAGs
[2025-12-11T23:31:24.780+0000] {logging_mixin.py:188} INFO - [2025-12-11T23:31:24.780+0000] {dag.py:3954} INFO - Setting next_dagrun for tutorial to 2025-12-10 00:00:00+00:00, run_after=2025-12-11 00:00:00+00:00
[2025-12-11T23:31:24.855+0000] {processor.py:183} INFO - Processing /home/airflow/.local/lib/python3.9/site-packages/airflow/example_dags/tutorial.py took 0.232 seconds
[2025-12-11T23:31:55.085+0000] {processor.py:161} INFO - Started process (PID=5322) to work on /home/airflow/.local/lib/python3.9/site-packages/airflow/example_dags/tutorial.py
[2025-12-11T23:31:55.091+0000] {processor.py:830} INFO - Processing file /home/airflow/.local/lib/python3.9/site-packages/airflow/example_dags/tutorial.py for tasks to queue
[2025-12-11T23:31:55.094+0000] {logging_mixin.py:188} INFO - [2025-12-11T23:31:55.093+0000] {dagbag.py:545} INFO - Filling up the DagBag from /home/airflow/.local/lib/python3.9/site-packages/airflow/example_dags/tutorial.py
[2025-12-11T23:31:55.105+0000] {processor.py:840} INFO - DAG(s) 'tutorial' retrieved from /home/airflow/.local/lib/python3.9/site-packages/airflow/example_dags/tutorial.py
[2025-12-11T23:31:55.144+0000] {logging_mixin.py:188} INFO - [2025-12-11T23:31:55.144+0000] {dag.py:3096} INFO - Sync 1 DAGs
[2025-12-11T23:31:55.183+0000] {logging_mixin.py:188} INFO - [2025-12-11T23:31:55.182+0000] {dag.py:3954} INFO - Setting next_dagrun for tutorial to 2025-12-10 00:00:00+00:00, run_after=2025-12-11 00:00:00+00:00
[2025-12-11T23:31:55.211+0000] {processor.py:183} INFO - Processing /home/airflow/.local/lib/python3.9/site-packages/airflow/example_dags/tutorial.py took 0.139 seconds
[2025-12-11T23:32:25.372+0000] {processor.py:161} INFO - Started process (PID=5389) to work on /home/airflow/.local/lib/python3.9/site-packages/airflow/example_dags/tutorial.py
[2025-12-11T23:32:25.374+0000] {processor.py:830} INFO - Processing file /home/airflow/.local/lib/python3.9/site-packages/airflow/example_dags/tutorial.py for tasks to queue
[2025-12-11T23:32:25.377+0000] {logging_mixin.py:188} INFO - [2025-12-11T23:32:25.376+0000] {dagbag.py:545} INFO - Filling up the DagBag from /home/airflow/.local/lib/python3.9/site-packages/airflow/example_dags/tutorial.py
[2025-12-11T23:32:25.410+0000] {processor.py:840} INFO - DAG(s) 'tutorial' retrieved from /home/airflow/.local/lib/python3.9/site-packages/airflow/example_dags/tutorial.py
[2025-12-11T23:32:25.496+0000] {logging_mixin.py:188} INFO - [2025-12-11T23:32:25.495+0000] {dag.py:3096} INFO - Sync 1 DAGs
[2025-12-11T23:32:25.545+0000] {logging_mixin.py:188} INFO - [2025-12-11T23:32:25.544+0000] {dag.py:3954} INFO - Setting next_dagrun for tutorial to 2025-12-10 00:00:00+00:00, run_after=2025-12-11 00:00:00+00:00
[2025-12-11T23:32:25.577+0000] {processor.py:183} INFO - Processing /home/airflow/.local/lib/python3.9/site-packages/airflow/example_dags/tutorial.py took 0.224 seconds
[2025-12-11T23:32:56.019+0000] {processor.py:161} INFO - Started process (PID=5456) to work on /home/airflow/.local/lib/python3.9/site-packages/airflow/example_dags/tutorial.py
[2025-12-11T23:32:56.030+0000] {processor.py:830} INFO - Processing file /home/airflow/.local/lib/python3.9/site-packages/airflow/example_dags/tutorial.py for tasks to queue
[2025-12-11T23:32:56.033+0000] {logging_mixin.py:188} INFO - [2025-12-11T23:32:56.033+0000] {dagbag.py:545} INFO - Filling up the DagBag from /home/airflow/.local/lib/python3.9/site-packages/airflow/example_dags/tutorial.py
[2025-12-11T23:32:56.057+0000] {processor.py:840} INFO - DAG(s) 'tutorial' retrieved from /home/airflow/.local/lib/python3.9/site-packages/airflow/example_dags/tutorial.py
[2025-12-11T23:32:56.155+0000] {logging_mixin.py:188} INFO - [2025-12-11T23:32:56.154+0000] {dag.py:3096} INFO - Sync 1 DAGs
[2025-12-11T23:32:56.241+0000] {logging_mixin.py:188} INFO - [2025-12-11T23:32:56.240+0000] {dag.py:3954} INFO - Setting next_dagrun for tutorial to 2025-12-10 00:00:00+00:00, run_after=2025-12-11 00:00:00+00:00
[2025-12-11T23:32:56.312+0000] {processor.py:183} INFO - Processing /home/airflow/.local/lib/python3.9/site-packages/airflow/example_dags/tutorial.py took 0.305 seconds
[2025-12-11T23:33:26.563+0000] {processor.py:161} INFO - Started process (PID=5523) to work on /home/airflow/.local/lib/python3.9/site-packages/airflow/example_dags/tutorial.py
[2025-12-11T23:33:26.565+0000] {processor.py:830} INFO - Processing file /home/airflow/.local/lib/python3.9/site-packages/airflow/example_dags/tutorial.py for tasks to queue
[2025-12-11T23:33:26.568+0000] {logging_mixin.py:188} INFO - [2025-12-11T23:33:26.567+0000] {dagbag.py:545} INFO - Filling up the DagBag from /home/airflow/.local/lib/python3.9/site-packages/airflow/example_dags/tutorial.py
[2025-12-11T23:33:26.578+0000] {processor.py:840} INFO - DAG(s) 'tutorial' retrieved from /home/airflow/.local/lib/python3.9/site-packages/airflow/example_dags/tutorial.py
[2025-12-11T23:33:26.620+0000] {logging_mixin.py:188} INFO - [2025-12-11T23:33:26.619+0000] {dag.py:3096} INFO - Sync 1 DAGs
[2025-12-11T23:33:26.662+0000] {logging_mixin.py:188} INFO - [2025-12-11T23:33:26.661+0000] {dag.py:3954} INFO - Setting next_dagrun for tutorial to 2025-12-10 00:00:00+00:00, run_after=2025-12-11 00:00:00+00:00
[2025-12-11T23:33:26.687+0000] {processor.py:183} INFO - Processing /home/airflow/.local/lib/python3.9/site-packages/airflow/example_dags/tutorial.py took 0.137 seconds
[2025-12-11T23:33:57.251+0000] {processor.py:161} INFO - Started process (PID=5590) to work on /home/airflow/.local/lib/python3.9/site-packages/airflow/example_dags/tutorial.py
[2025-12-11T23:33:57.253+0000] {processor.py:830} INFO - Processing file /home/airflow/.local/lib/python3.9/site-packages/airflow/example_dags/tutorial.py for tasks to queue
[2025-12-11T23:33:57.257+0000] {logging_mixin.py:188} INFO - [2025-12-11T23:33:57.256+0000] {dagbag.py:545} INFO - Filling up the DagBag from /home/airflow/.local/lib/python3.9/site-packages/airflow/example_dags/tutorial.py
[2025-12-11T23:33:57.268+0000] {processor.py:840} INFO - DAG(s) 'tutorial' retrieved from /home/airflow/.local/lib/python3.9/site-packages/airflow/example_dags/tutorial.py
[2025-12-11T23:33:57.309+0000] {logging_mixin.py:188} INFO - [2025-12-11T23:33:57.309+0000] {dag.py:3096} INFO - Sync 1 DAGs
[2025-12-11T23:33:57.354+0000] {logging_mixin.py:188} INFO - [2025-12-11T23:33:57.354+0000] {dag.py:3954} INFO - Setting next_dagrun for tutorial to 2025-12-10 00:00:00+00:00, run_after=2025-12-11 00:00:00+00:00
[2025-12-11T23:33:57.393+0000] {processor.py:183} INFO - Processing /home/airflow/.local/lib/python3.9/site-packages/airflow/example_dags/tutorial.py took 0.156 seconds
[2025-12-11T23:34:27.540+0000] {processor.py:161} INFO - Started process (PID=5657) to work on /home/airflow/.local/lib/python3.9/site-packages/airflow/example_dags/tutorial.py
[2025-12-11T23:34:27.549+0000] {processor.py:830} INFO - Processing file /home/airflow/.local/lib/python3.9/site-packages/airflow/example_dags/tutorial.py for tasks to queue
[2025-12-11T23:34:27.552+0000] {logging_mixin.py:188} INFO - [2025-12-11T23:34:27.551+0000] {dagbag.py:545} INFO - Filling up the DagBag from /home/airflow/.local/lib/python3.9/site-packages/airflow/example_dags/tutorial.py
[2025-12-11T23:34:27.561+0000] {processor.py:840} INFO - DAG(s) 'tutorial' retrieved from /home/airflow/.local/lib/python3.9/site-packages/airflow/example_dags/tutorial.py
[2025-12-11T23:34:27.596+0000] {logging_mixin.py:188} INFO - [2025-12-11T23:34:27.596+0000] {dag.py:3096} INFO - Sync 1 DAGs
[2025-12-11T23:34:27.635+0000] {logging_mixin.py:188} INFO - [2025-12-11T23:34:27.635+0000] {dag.py:3954} INFO - Setting next_dagrun for tutorial to 2025-12-10 00:00:00+00:00, run_after=2025-12-11 00:00:00+00:00
[2025-12-11T23:34:27.662+0000] {processor.py:183} INFO - Processing /home/airflow/.local/lib/python3.9/site-packages/airflow/example_dags/tutorial.py took 0.132 seconds
[2025-12-11T23:34:57.935+0000] {processor.py:161} INFO - Started process (PID=5724) to work on /home/airflow/.local/lib/python3.9/site-packages/airflow/example_dags/tutorial.py
[2025-12-11T23:34:57.936+0000] {processor.py:830} INFO - Processing file /home/airflow/.local/lib/python3.9/site-packages/airflow/example_dags/tutorial.py for tasks to queue
[2025-12-11T23:34:57.939+0000] {logging_mixin.py:188} INFO - [2025-12-11T23:34:57.939+0000] {dagbag.py:545} INFO - Filling up the DagBag from /home/airflow/.local/lib/python3.9/site-packages/airflow/example_dags/tutorial.py
[2025-12-11T23:34:57.949+0000] {processor.py:840} INFO - DAG(s) 'tutorial' retrieved from /home/airflow/.local/lib/python3.9/site-packages/airflow/example_dags/tutorial.py
[2025-12-11T23:34:57.983+0000] {logging_mixin.py:188} INFO - [2025-12-11T23:34:57.983+0000] {dag.py:3096} INFO - Sync 1 DAGs
[2025-12-11T23:34:58.019+0000] {logging_mixin.py:188} INFO - [2025-12-11T23:34:58.019+0000] {dag.py:3954} INFO - Setting next_dagrun for tutorial to 2025-12-10 00:00:00+00:00, run_after=2025-12-11 00:00:00+00:00
[2025-12-11T23:34:58.049+0000] {processor.py:183} INFO - Processing /home/airflow/.local/lib/python3.9/site-packages/airflow/example_dags/tutorial.py took 0.127 seconds
[2025-12-11T23:35:28.216+0000] {processor.py:161} INFO - Started process (PID=5790) to work on /home/airflow/.local/lib/python3.9/site-packages/airflow/example_dags/tutorial.py
[2025-12-11T23:35:28.218+0000] {processor.py:830} INFO - Processing file /home/airflow/.local/lib/python3.9/site-packages/airflow/example_dags/tutorial.py for tasks to queue
[2025-12-11T23:35:28.221+0000] {logging_mixin.py:188} INFO - [2025-12-11T23:35:28.220+0000] {dagbag.py:545} INFO - Filling up the DagBag from /home/airflow/.local/lib/python3.9/site-packages/airflow/example_dags/tutorial.py
[2025-12-11T23:35:28.230+0000] {processor.py:840} INFO - DAG(s) 'tutorial' retrieved from /home/airflow/.local/lib/python3.9/site-packages/airflow/example_dags/tutorial.py
[2025-12-11T23:35:28.270+0000] {logging_mixin.py:188} INFO - [2025-12-11T23:35:28.269+0000] {dag.py:3096} INFO - Sync 1 DAGs
[2025-12-11T23:35:28.306+0000] {logging_mixin.py:188} INFO - [2025-12-11T23:35:28.305+0000] {dag.py:3954} INFO - Setting next_dagrun for tutorial to 2025-12-10 00:00:00+00:00, run_after=2025-12-11 00:00:00+00:00
[2025-12-11T23:35:28.569+0000] {processor.py:183} INFO - Processing /home/airflow/.local/lib/python3.9/site-packages/airflow/example_dags/tutorial.py took 0.364 seconds
[2025-12-11T23:35:58.826+0000] {processor.py:161} INFO - Started process (PID=5857) to work on /home/airflow/.local/lib/python3.9/site-packages/airflow/example_dags/tutorial.py
[2025-12-11T23:35:58.827+0000] {processor.py:830} INFO - Processing file /home/airflow/.local/lib/python3.9/site-packages/airflow/example_dags/tutorial.py for tasks to queue
[2025-12-11T23:35:58.831+0000] {logging_mixin.py:188} INFO - [2025-12-11T23:35:58.830+0000] {dagbag.py:545} INFO - Filling up the DagBag from /home/airflow/.local/lib/python3.9/site-packages/airflow/example_dags/tutorial.py
[2025-12-11T23:35:58.839+0000] {processor.py:840} INFO - DAG(s) 'tutorial' retrieved from /home/airflow/.local/lib/python3.9/site-packages/airflow/example_dags/tutorial.py
[2025-12-11T23:35:58.877+0000] {logging_mixin.py:188} INFO - [2025-12-11T23:35:58.877+0000] {dag.py:3096} INFO - Sync 1 DAGs
[2025-12-11T23:35:58.913+0000] {logging_mixin.py:188} INFO - [2025-12-11T23:35:58.913+0000] {dag.py:3954} INFO - Setting next_dagrun for tutorial to 2025-12-10 00:00:00+00:00, run_after=2025-12-11 00:00:00+00:00
[2025-12-11T23:35:58.940+0000] {processor.py:183} INFO - Processing /home/airflow/.local/lib/python3.9/site-packages/airflow/example_dags/tutorial.py took 0.124 seconds
[2025-12-11T23:36:29.669+0000] {processor.py:161} INFO - Started process (PID=5924) to work on /home/airflow/.local/lib/python3.9/site-packages/airflow/example_dags/tutorial.py
[2025-12-11T23:36:29.689+0000] {processor.py:830} INFO - Processing file /home/airflow/.local/lib/python3.9/site-packages/airflow/example_dags/tutorial.py for tasks to queue
[2025-12-11T23:36:29.693+0000] {logging_mixin.py:188} INFO - [2025-12-11T23:36:29.692+0000] {dagbag.py:545} INFO - Filling up the DagBag from /home/airflow/.local/lib/python3.9/site-packages/airflow/example_dags/tutorial.py
[2025-12-11T23:36:29.706+0000] {processor.py:840} INFO - DAG(s) 'tutorial' retrieved from /home/airflow/.local/lib/python3.9/site-packages/airflow/example_dags/tutorial.py
[2025-12-11T23:36:29.758+0000] {logging_mixin.py:188} INFO - [2025-12-11T23:36:29.757+0000] {dag.py:3096} INFO - Sync 1 DAGs
[2025-12-11T23:36:29.815+0000] {logging_mixin.py:188} INFO - [2025-12-11T23:36:29.814+0000] {dag.py:3954} INFO - Setting next_dagrun for tutorial to 2025-12-10 00:00:00+00:00, run_after=2025-12-11 00:00:00+00:00
[2025-12-11T23:36:29.865+0000] {processor.py:183} INFO - Processing /home/airflow/.local/lib/python3.9/site-packages/airflow/example_dags/tutorial.py took 0.207 seconds
[2025-12-11T23:37:00.286+0000] {processor.py:161} INFO - Started process (PID=5992) to work on /home/airflow/.local/lib/python3.9/site-packages/airflow/example_dags/tutorial.py
[2025-12-11T23:37:00.289+0000] {processor.py:830} INFO - Processing file /home/airflow/.local/lib/python3.9/site-packages/airflow/example_dags/tutorial.py for tasks to queue
[2025-12-11T23:37:00.292+0000] {logging_mixin.py:188} INFO - [2025-12-11T23:37:00.292+0000] {dagbag.py:545} INFO - Filling up the DagBag from /home/airflow/.local/lib/python3.9/site-packages/airflow/example_dags/tutorial.py
[2025-12-11T23:37:00.301+0000] {processor.py:840} INFO - DAG(s) 'tutorial' retrieved from /home/airflow/.local/lib/python3.9/site-packages/airflow/example_dags/tutorial.py
[2025-12-11T23:37:00.343+0000] {logging_mixin.py:188} INFO - [2025-12-11T23:37:00.342+0000] {dag.py:3096} INFO - Sync 1 DAGs
[2025-12-11T23:37:00.382+0000] {logging_mixin.py:188} INFO - [2025-12-11T23:37:00.382+0000] {dag.py:3954} INFO - Setting next_dagrun for tutorial to 2025-12-10 00:00:00+00:00, run_after=2025-12-11 00:00:00+00:00
[2025-12-11T23:37:00.410+0000] {processor.py:183} INFO - Processing /home/airflow/.local/lib/python3.9/site-packages/airflow/example_dags/tutorial.py took 0.134 seconds
[2025-12-11T23:37:30.758+0000] {processor.py:161} INFO - Started process (PID=6059) to work on /home/airflow/.local/lib/python3.9/site-packages/airflow/example_dags/tutorial.py
[2025-12-11T23:37:30.760+0000] {processor.py:830} INFO - Processing file /home/airflow/.local/lib/python3.9/site-packages/airflow/example_dags/tutorial.py for tasks to queue
[2025-12-11T23:37:30.763+0000] {logging_mixin.py:188} INFO - [2025-12-11T23:37:30.762+0000] {dagbag.py:545} INFO - Filling up the DagBag from /home/airflow/.local/lib/python3.9/site-packages/airflow/example_dags/tutorial.py
[2025-12-11T23:37:30.774+0000] {processor.py:840} INFO - DAG(s) 'tutorial' retrieved from /home/airflow/.local/lib/python3.9/site-packages/airflow/example_dags/tutorial.py
[2025-12-11T23:37:30.812+0000] {logging_mixin.py:188} INFO - [2025-12-11T23:37:30.811+0000] {dag.py:3096} INFO - Sync 1 DAGs
[2025-12-11T23:37:30.851+0000] {logging_mixin.py:188} INFO - [2025-12-11T23:37:30.850+0000] {dag.py:3954} INFO - Setting next_dagrun for tutorial to 2025-12-10 00:00:00+00:00, run_after=2025-12-11 00:00:00+00:00
[2025-12-11T23:37:30.880+0000] {processor.py:183} INFO - Processing /home/airflow/.local/lib/python3.9/site-packages/airflow/example_dags/tutorial.py took 0.133 seconds
[2025-12-11T23:38:01.166+0000] {processor.py:161} INFO - Started process (PID=6126) to work on /home/airflow/.local/lib/python3.9/site-packages/airflow/example_dags/tutorial.py
[2025-12-11T23:38:01.169+0000] {processor.py:830} INFO - Processing file /home/airflow/.local/lib/python3.9/site-packages/airflow/example_dags/tutorial.py for tasks to queue
[2025-12-11T23:38:01.172+0000] {logging_mixin.py:188} INFO - [2025-12-11T23:38:01.171+0000] {dagbag.py:545} INFO - Filling up the DagBag from /home/airflow/.local/lib/python3.9/site-packages/airflow/example_dags/tutorial.py
[2025-12-11T23:38:01.182+0000] {processor.py:840} INFO - DAG(s) 'tutorial' retrieved from /home/airflow/.local/lib/python3.9/site-packages/airflow/example_dags/tutorial.py
[2025-12-11T23:38:01.218+0000] {logging_mixin.py:188} INFO - [2025-12-11T23:38:01.218+0000] {dag.py:3096} INFO - Sync 1 DAGs
[2025-12-11T23:38:01.266+0000] {logging_mixin.py:188} INFO - [2025-12-11T23:38:01.266+0000] {dag.py:3954} INFO - Setting next_dagrun for tutorial to 2025-12-10 00:00:00+00:00, run_after=2025-12-11 00:00:00+00:00
[2025-12-11T23:38:01.294+0000] {processor.py:183} INFO - Processing /home/airflow/.local/lib/python3.9/site-packages/airflow/example_dags/tutorial.py took 0.138 seconds
[2025-12-11T23:38:31.772+0000] {processor.py:161} INFO - Started process (PID=6193) to work on /home/airflow/.local/lib/python3.9/site-packages/airflow/example_dags/tutorial.py
[2025-12-11T23:38:31.773+0000] {processor.py:830} INFO - Processing file /home/airflow/.local/lib/python3.9/site-packages/airflow/example_dags/tutorial.py for tasks to queue
[2025-12-11T23:38:31.776+0000] {logging_mixin.py:188} INFO - [2025-12-11T23:38:31.775+0000] {dagbag.py:545} INFO - Filling up the DagBag from /home/airflow/.local/lib/python3.9/site-packages/airflow/example_dags/tutorial.py
[2025-12-11T23:38:31.785+0000] {processor.py:840} INFO - DAG(s) 'tutorial' retrieved from /home/airflow/.local/lib/python3.9/site-packages/airflow/example_dags/tutorial.py
[2025-12-11T23:38:31.821+0000] {logging_mixin.py:188} INFO - [2025-12-11T23:38:31.821+0000] {dag.py:3096} INFO - Sync 1 DAGs
[2025-12-11T23:38:31.859+0000] {logging_mixin.py:188} INFO - [2025-12-11T23:38:31.859+0000] {dag.py:3954} INFO - Setting next_dagrun for tutorial to 2025-12-10 00:00:00+00:00, run_after=2025-12-11 00:00:00+00:00
[2025-12-11T23:38:31.890+0000] {processor.py:183} INFO - Processing /home/airflow/.local/lib/python3.9/site-packages/airflow/example_dags/tutorial.py took 0.133 seconds
[2025-12-11T23:39:02.818+0000] {processor.py:161} INFO - Started process (PID=6260) to work on /home/airflow/.local/lib/python3.9/site-packages/airflow/example_dags/tutorial.py
[2025-12-11T23:39:02.820+0000] {processor.py:830} INFO - Processing file /home/airflow/.local/lib/python3.9/site-packages/airflow/example_dags/tutorial.py for tasks to queue
[2025-12-11T23:39:02.823+0000] {logging_mixin.py:188} INFO - [2025-12-11T23:39:02.822+0000] {dagbag.py:545} INFO - Filling up the DagBag from /home/airflow/.local/lib/python3.9/site-packages/airflow/example_dags/tutorial.py
[2025-12-11T23:39:02.835+0000] {processor.py:840} INFO - DAG(s) 'tutorial' retrieved from /home/airflow/.local/lib/python3.9/site-packages/airflow/example_dags/tutorial.py
[2025-12-11T23:39:02.874+0000] {logging_mixin.py:188} INFO - [2025-12-11T23:39:02.873+0000] {dag.py:3096} INFO - Sync 1 DAGs
[2025-12-11T23:39:02.914+0000] {logging_mixin.py:188} INFO - [2025-12-11T23:39:02.913+0000] {dag.py:3954} INFO - Setting next_dagrun for tutorial to 2025-12-10 00:00:00+00:00, run_after=2025-12-11 00:00:00+00:00
[2025-12-11T23:39:02.953+0000] {processor.py:183} INFO - Processing /home/airflow/.local/lib/python3.9/site-packages/airflow/example_dags/tutorial.py took 0.147 seconds
[2025-12-11T23:39:33.511+0000] {processor.py:161} INFO - Started process (PID=6327) to work on /home/airflow/.local/lib/python3.9/site-packages/airflow/example_dags/tutorial.py
[2025-12-11T23:39:33.513+0000] {processor.py:830} INFO - Processing file /home/airflow/.local/lib/python3.9/site-packages/airflow/example_dags/tutorial.py for tasks to queue
[2025-12-11T23:39:33.517+0000] {logging_mixin.py:188} INFO - [2025-12-11T23:39:33.516+0000] {dagbag.py:545} INFO - Filling up the DagBag from /home/airflow/.local/lib/python3.9/site-packages/airflow/example_dags/tutorial.py
[2025-12-11T23:39:33.532+0000] {processor.py:840} INFO - DAG(s) 'tutorial' retrieved from /home/airflow/.local/lib/python3.9/site-packages/airflow/example_dags/tutorial.py
[2025-12-11T23:39:33.586+0000] {logging_mixin.py:188} INFO - [2025-12-11T23:39:33.586+0000] {dag.py:3096} INFO - Sync 1 DAGs
[2025-12-11T23:39:33.627+0000] {logging_mixin.py:188} INFO - [2025-12-11T23:39:33.626+0000] {dag.py:3954} INFO - Setting next_dagrun for tutorial to 2025-12-10 00:00:00+00:00, run_after=2025-12-11 00:00:00+00:00
[2025-12-11T23:39:33.656+0000] {processor.py:183} INFO - Processing /home/airflow/.local/lib/python3.9/site-packages/airflow/example_dags/tutorial.py took 0.165 seconds
[2025-12-11T23:40:04.556+0000] {processor.py:161} INFO - Started process (PID=6394) to work on /home/airflow/.local/lib/python3.9/site-packages/airflow/example_dags/tutorial.py
[2025-12-11T23:40:04.558+0000] {processor.py:830} INFO - Processing file /home/airflow/.local/lib/python3.9/site-packages/airflow/example_dags/tutorial.py for tasks to queue
[2025-12-11T23:40:04.561+0000] {logging_mixin.py:188} INFO - [2025-12-11T23:40:04.560+0000] {dagbag.py:545} INFO - Filling up the DagBag from /home/airflow/.local/lib/python3.9/site-packages/airflow/example_dags/tutorial.py
[2025-12-11T23:40:04.570+0000] {processor.py:840} INFO - DAG(s) 'tutorial' retrieved from /home/airflow/.local/lib/python3.9/site-packages/airflow/example_dags/tutorial.py
[2025-12-11T23:40:04.610+0000] {logging_mixin.py:188} INFO - [2025-12-11T23:40:04.610+0000] {dag.py:3096} INFO - Sync 1 DAGs
[2025-12-11T23:40:04.651+0000] {logging_mixin.py:188} INFO - [2025-12-11T23:40:04.651+0000] {dag.py:3954} INFO - Setting next_dagrun for tutorial to 2025-12-10 00:00:00+00:00, run_after=2025-12-11 00:00:00+00:00
[2025-12-11T23:40:04.681+0000] {processor.py:183} INFO - Processing /home/airflow/.local/lib/python3.9/site-packages/airflow/example_dags/tutorial.py took 0.137 seconds
[2025-12-11T23:40:35.970+0000] {processor.py:161} INFO - Started process (PID=6461) to work on /home/airflow/.local/lib/python3.9/site-packages/airflow/example_dags/tutorial.py
[2025-12-11T23:40:36.067+0000] {processor.py:830} INFO - Processing file /home/airflow/.local/lib/python3.9/site-packages/airflow/example_dags/tutorial.py for tasks to queue
[2025-12-11T23:40:36.071+0000] {logging_mixin.py:188} INFO - [2025-12-11T23:40:36.070+0000] {dagbag.py:545} INFO - Filling up the DagBag from /home/airflow/.local/lib/python3.9/site-packages/airflow/example_dags/tutorial.py
[2025-12-11T23:40:36.084+0000] {processor.py:840} INFO - DAG(s) 'tutorial' retrieved from /home/airflow/.local/lib/python3.9/site-packages/airflow/example_dags/tutorial.py
[2025-12-11T23:40:36.127+0000] {logging_mixin.py:188} INFO - [2025-12-11T23:40:36.126+0000] {dag.py:3096} INFO - Sync 1 DAGs
[2025-12-11T23:40:36.167+0000] {logging_mixin.py:188} INFO - [2025-12-11T23:40:36.167+0000] {dag.py:3954} INFO - Setting next_dagrun for tutorial to 2025-12-10 00:00:00+00:00, run_after=2025-12-11 00:00:00+00:00
[2025-12-11T23:40:36.315+0000] {processor.py:183} INFO - Processing /home/airflow/.local/lib/python3.9/site-packages/airflow/example_dags/tutorial.py took 0.355 seconds
[2025-12-11T23:41:07.102+0000] {processor.py:161} INFO - Started process (PID=6528) to work on /home/airflow/.local/lib/python3.9/site-packages/airflow/example_dags/tutorial.py
[2025-12-11T23:41:07.104+0000] {processor.py:830} INFO - Processing file /home/airflow/.local/lib/python3.9/site-packages/airflow/example_dags/tutorial.py for tasks to queue
[2025-12-11T23:41:07.106+0000] {logging_mixin.py:188} INFO - [2025-12-11T23:41:07.106+0000] {dagbag.py:545} INFO - Filling up the DagBag from /home/airflow/.local/lib/python3.9/site-packages/airflow/example_dags/tutorial.py
[2025-12-11T23:41:07.116+0000] {processor.py:840} INFO - DAG(s) 'tutorial' retrieved from /home/airflow/.local/lib/python3.9/site-packages/airflow/example_dags/tutorial.py
[2025-12-11T23:41:07.154+0000] {logging_mixin.py:188} INFO - [2025-12-11T23:41:07.153+0000] {dag.py:3096} INFO - Sync 1 DAGs
[2025-12-11T23:41:07.199+0000] {logging_mixin.py:188} INFO - [2025-12-11T23:41:07.198+0000] {dag.py:3954} INFO - Setting next_dagrun for tutorial to 2025-12-10 00:00:00+00:00, run_after=2025-12-11 00:00:00+00:00
[2025-12-11T23:41:07.227+0000] {processor.py:183} INFO - Processing /home/airflow/.local/lib/python3.9/site-packages/airflow/example_dags/tutorial.py took 0.136 seconds
[2025-12-11T23:41:38.115+0000] {processor.py:161} INFO - Started process (PID=6596) to work on /home/airflow/.local/lib/python3.9/site-packages/airflow/example_dags/tutorial.py
[2025-12-11T23:41:38.116+0000] {processor.py:830} INFO - Processing file /home/airflow/.local/lib/python3.9/site-packages/airflow/example_dags/tutorial.py for tasks to queue
[2025-12-11T23:41:38.119+0000] {logging_mixin.py:188} INFO - [2025-12-11T23:41:38.119+0000] {dagbag.py:545} INFO - Filling up the DagBag from /home/airflow/.local/lib/python3.9/site-packages/airflow/example_dags/tutorial.py
[2025-12-11T23:41:38.135+0000] {processor.py:840} INFO - DAG(s) 'tutorial' retrieved from /home/airflow/.local/lib/python3.9/site-packages/airflow/example_dags/tutorial.py
[2025-12-11T23:41:38.198+0000] {logging_mixin.py:188} INFO - [2025-12-11T23:41:38.197+0000] {dag.py:3096} INFO - Sync 1 DAGs
[2025-12-11T23:41:38.260+0000] {logging_mixin.py:188} INFO - [2025-12-11T23:41:38.260+0000] {dag.py:3954} INFO - Setting next_dagrun for tutorial to 2025-12-10 00:00:00+00:00, run_after=2025-12-11 00:00:00+00:00
[2025-12-11T23:41:38.296+0000] {processor.py:183} INFO - Processing /home/airflow/.local/lib/python3.9/site-packages/airflow/example_dags/tutorial.py took 0.197 seconds
[2025-12-11T23:42:08.792+0000] {processor.py:161} INFO - Started process (PID=6663) to work on /home/airflow/.local/lib/python3.9/site-packages/airflow/example_dags/tutorial.py
[2025-12-11T23:42:08.794+0000] {processor.py:830} INFO - Processing file /home/airflow/.local/lib/python3.9/site-packages/airflow/example_dags/tutorial.py for tasks to queue
[2025-12-11T23:42:08.797+0000] {logging_mixin.py:188} INFO - [2025-12-11T23:42:08.796+0000] {dagbag.py:545} INFO - Filling up the DagBag from /home/airflow/.local/lib/python3.9/site-packages/airflow/example_dags/tutorial.py
[2025-12-11T23:42:08.815+0000] {processor.py:840} INFO - DAG(s) 'tutorial' retrieved from /home/airflow/.local/lib/python3.9/site-packages/airflow/example_dags/tutorial.py
[2025-12-11T23:42:08.877+0000] {logging_mixin.py:188} INFO - [2025-12-11T23:42:08.877+0000] {dag.py:3096} INFO - Sync 1 DAGs
[2025-12-11T23:42:08.950+0000] {logging_mixin.py:188} INFO - [2025-12-11T23:42:08.949+0000] {dag.py:3954} INFO - Setting next_dagrun for tutorial to 2025-12-10 00:00:00+00:00, run_after=2025-12-11 00:00:00+00:00
[2025-12-11T23:42:09.030+0000] {processor.py:183} INFO - Processing /home/airflow/.local/lib/python3.9/site-packages/airflow/example_dags/tutorial.py took 0.253 seconds
