[2025-12-11T04:19:07.285+0000] {processor.py:161} INFO - Started process (PID=141) to work on /home/airflow/.local/lib/python3.9/site-packages/airflow/example_dags/example_branch_datetime_operator.py
[2025-12-11T04:19:07.287+0000] {processor.py:830} INFO - Processing file /home/airflow/.local/lib/python3.9/site-packages/airflow/example_dags/example_branch_datetime_operator.py for tasks to queue
[2025-12-11T04:19:07.291+0000] {logging_mixin.py:188} INFO - [2025-12-11T04:19:07.290+0000] {dagbag.py:545} INFO - Filling up the DagBag from /home/airflow/.local/lib/python3.9/site-packages/airflow/example_dags/example_branch_datetime_operator.py
[2025-12-11T04:19:07.357+0000] {processor.py:840} INFO - DAG(s) 'example_branch_datetime_operator', 'example_branch_datetime_operator_2', 'example_branch_datetime_operator_3' retrieved from /home/airflow/.local/lib/python3.9/site-packages/airflow/example_dags/example_branch_datetime_operator.py
[2025-12-11T04:19:08.081+0000] {logging_mixin.py:188} INFO - [2025-12-11T04:19:08.080+0000] {dag.py:3096} INFO - Sync 3 DAGs
[2025-12-11T04:19:08.299+0000] {logging_mixin.py:188} INFO - [2025-12-11T04:19:08.299+0000] {dag.py:3954} INFO - Setting next_dagrun for example_branch_datetime_operator to 2025-12-10 00:00:00+00:00, run_after=2025-12-11 00:00:00+00:00
[2025-12-11T04:19:08.339+0000] {logging_mixin.py:188} INFO - [2025-12-11T04:19:08.339+0000] {dag.py:3954} INFO - Setting next_dagrun for example_branch_datetime_operator_2 to 2025-12-10 00:00:00+00:00, run_after=2025-12-11 00:00:00+00:00
[2025-12-11T04:19:08.358+0000] {logging_mixin.py:188} INFO - [2025-12-11T04:19:08.357+0000] {dag.py:3954} INFO - Setting next_dagrun for example_branch_datetime_operator_3 to 2025-12-10 00:00:00+00:00, run_after=2025-12-11 00:00:00+00:00
[2025-12-11T04:19:08.500+0000] {processor.py:183} INFO - Processing /home/airflow/.local/lib/python3.9/site-packages/airflow/example_dags/example_branch_datetime_operator.py took 1.240 seconds
[2025-12-11T04:19:38.868+0000] {processor.py:161} INFO - Started process (PID=200) to work on /home/airflow/.local/lib/python3.9/site-packages/airflow/example_dags/example_branch_datetime_operator.py
[2025-12-11T04:19:38.880+0000] {processor.py:830} INFO - Processing file /home/airflow/.local/lib/python3.9/site-packages/airflow/example_dags/example_branch_datetime_operator.py for tasks to queue
[2025-12-11T04:19:38.883+0000] {logging_mixin.py:188} INFO - [2025-12-11T04:19:38.883+0000] {dagbag.py:545} INFO - Filling up the DagBag from /home/airflow/.local/lib/python3.9/site-packages/airflow/example_dags/example_branch_datetime_operator.py
[2025-12-11T04:19:38.904+0000] {processor.py:840} INFO - DAG(s) 'example_branch_datetime_operator_3', 'example_branch_datetime_operator_2', 'example_branch_datetime_operator' retrieved from /home/airflow/.local/lib/python3.9/site-packages/airflow/example_dags/example_branch_datetime_operator.py
[2025-12-11T04:19:38.967+0000] {logging_mixin.py:188} INFO - [2025-12-11T04:19:38.966+0000] {dag.py:3096} INFO - Sync 3 DAGs
[2025-12-11T04:19:39.046+0000] {logging_mixin.py:188} INFO - [2025-12-11T04:19:39.046+0000] {dag.py:3954} INFO - Setting next_dagrun for example_branch_datetime_operator to 2025-12-10 00:00:00+00:00, run_after=2025-12-11 00:00:00+00:00
[2025-12-11T04:19:39.064+0000] {logging_mixin.py:188} INFO - [2025-12-11T04:19:39.064+0000] {dag.py:3954} INFO - Setting next_dagrun for example_branch_datetime_operator_2 to 2025-12-10 00:00:00+00:00, run_after=2025-12-11 00:00:00+00:00
[2025-12-11T04:19:39.078+0000] {logging_mixin.py:188} INFO - [2025-12-11T04:19:39.078+0000] {dag.py:3954} INFO - Setting next_dagrun for example_branch_datetime_operator_3 to 2025-12-10 00:00:00+00:00, run_after=2025-12-11 00:00:00+00:00
[2025-12-11T04:19:39.107+0000] {processor.py:183} INFO - Processing /home/airflow/.local/lib/python3.9/site-packages/airflow/example_dags/example_branch_datetime_operator.py took 0.250 seconds
[2025-12-11T04:20:09.861+0000] {processor.py:161} INFO - Started process (PID=266) to work on /home/airflow/.local/lib/python3.9/site-packages/airflow/example_dags/example_branch_datetime_operator.py
[2025-12-11T04:20:09.862+0000] {processor.py:830} INFO - Processing file /home/airflow/.local/lib/python3.9/site-packages/airflow/example_dags/example_branch_datetime_operator.py for tasks to queue
[2025-12-11T04:20:09.865+0000] {logging_mixin.py:188} INFO - [2025-12-11T04:20:09.865+0000] {dagbag.py:545} INFO - Filling up the DagBag from /home/airflow/.local/lib/python3.9/site-packages/airflow/example_dags/example_branch_datetime_operator.py
[2025-12-11T04:20:09.884+0000] {processor.py:840} INFO - DAG(s) 'example_branch_datetime_operator_3', 'example_branch_datetime_operator_2', 'example_branch_datetime_operator' retrieved from /home/airflow/.local/lib/python3.9/site-packages/airflow/example_dags/example_branch_datetime_operator.py
[2025-12-11T04:20:09.945+0000] {logging_mixin.py:188} INFO - [2025-12-11T04:20:09.945+0000] {dag.py:3096} INFO - Sync 3 DAGs
[2025-12-11T04:20:09.982+0000] {logging_mixin.py:188} INFO - [2025-12-11T04:20:09.982+0000] {dag.py:3954} INFO - Setting next_dagrun for example_branch_datetime_operator to 2025-12-10 00:00:00+00:00, run_after=2025-12-11 00:00:00+00:00
[2025-12-11T04:20:09.988+0000] {logging_mixin.py:188} INFO - [2025-12-11T04:20:09.988+0000] {dag.py:3954} INFO - Setting next_dagrun for example_branch_datetime_operator_2 to 2025-12-10 00:00:00+00:00, run_after=2025-12-11 00:00:00+00:00
[2025-12-11T04:20:09.991+0000] {logging_mixin.py:188} INFO - [2025-12-11T04:20:09.991+0000] {dag.py:3954} INFO - Setting next_dagrun for example_branch_datetime_operator_3 to 2025-12-10 00:00:00+00:00, run_after=2025-12-11 00:00:00+00:00
[2025-12-11T04:20:10.014+0000] {processor.py:183} INFO - Processing /home/airflow/.local/lib/python3.9/site-packages/airflow/example_dags/example_branch_datetime_operator.py took 0.164 seconds
[2025-12-11T04:20:40.882+0000] {processor.py:161} INFO - Started process (PID=332) to work on /home/airflow/.local/lib/python3.9/site-packages/airflow/example_dags/example_branch_datetime_operator.py
[2025-12-11T04:20:40.883+0000] {processor.py:830} INFO - Processing file /home/airflow/.local/lib/python3.9/site-packages/airflow/example_dags/example_branch_datetime_operator.py for tasks to queue
[2025-12-11T04:20:40.898+0000] {logging_mixin.py:188} INFO - [2025-12-11T04:20:40.897+0000] {dagbag.py:545} INFO - Filling up the DagBag from /home/airflow/.local/lib/python3.9/site-packages/airflow/example_dags/example_branch_datetime_operator.py
[2025-12-11T04:20:40.917+0000] {processor.py:840} INFO - DAG(s) 'example_branch_datetime_operator_2', 'example_branch_datetime_operator', 'example_branch_datetime_operator_3' retrieved from /home/airflow/.local/lib/python3.9/site-packages/airflow/example_dags/example_branch_datetime_operator.py
[2025-12-11T04:20:40.991+0000] {logging_mixin.py:188} INFO - [2025-12-11T04:20:40.990+0000] {dag.py:3096} INFO - Sync 3 DAGs
[2025-12-11T04:20:41.036+0000] {logging_mixin.py:188} INFO - [2025-12-11T04:20:41.036+0000] {dag.py:3954} INFO - Setting next_dagrun for example_branch_datetime_operator to 2025-12-10 00:00:00+00:00, run_after=2025-12-11 00:00:00+00:00
[2025-12-11T04:20:41.044+0000] {logging_mixin.py:188} INFO - [2025-12-11T04:20:41.043+0000] {dag.py:3954} INFO - Setting next_dagrun for example_branch_datetime_operator_2 to 2025-12-10 00:00:00+00:00, run_after=2025-12-11 00:00:00+00:00
[2025-12-11T04:20:41.047+0000] {logging_mixin.py:188} INFO - [2025-12-11T04:20:41.047+0000] {dag.py:3954} INFO - Setting next_dagrun for example_branch_datetime_operator_3 to 2025-12-10 00:00:00+00:00, run_after=2025-12-11 00:00:00+00:00
[2025-12-11T04:20:41.073+0000] {processor.py:183} INFO - Processing /home/airflow/.local/lib/python3.9/site-packages/airflow/example_dags/example_branch_datetime_operator.py took 0.211 seconds
[2025-12-11T04:21:11.360+0000] {processor.py:161} INFO - Started process (PID=398) to work on /home/airflow/.local/lib/python3.9/site-packages/airflow/example_dags/example_branch_datetime_operator.py
[2025-12-11T04:21:11.368+0000] {processor.py:830} INFO - Processing file /home/airflow/.local/lib/python3.9/site-packages/airflow/example_dags/example_branch_datetime_operator.py for tasks to queue
[2025-12-11T04:21:11.371+0000] {logging_mixin.py:188} INFO - [2025-12-11T04:21:11.370+0000] {dagbag.py:545} INFO - Filling up the DagBag from /home/airflow/.local/lib/python3.9/site-packages/airflow/example_dags/example_branch_datetime_operator.py
[2025-12-11T04:21:11.399+0000] {processor.py:840} INFO - DAG(s) 'example_branch_datetime_operator_3', 'example_branch_datetime_operator_2', 'example_branch_datetime_operator' retrieved from /home/airflow/.local/lib/python3.9/site-packages/airflow/example_dags/example_branch_datetime_operator.py
[2025-12-11T04:21:11.506+0000] {logging_mixin.py:188} INFO - [2025-12-11T04:21:11.506+0000] {dag.py:3096} INFO - Sync 3 DAGs
[2025-12-11T04:21:11.565+0000] {logging_mixin.py:188} INFO - [2025-12-11T04:21:11.565+0000] {dag.py:3954} INFO - Setting next_dagrun for example_branch_datetime_operator to 2025-12-10 00:00:00+00:00, run_after=2025-12-11 00:00:00+00:00
[2025-12-11T04:21:11.571+0000] {logging_mixin.py:188} INFO - [2025-12-11T04:21:11.571+0000] {dag.py:3954} INFO - Setting next_dagrun for example_branch_datetime_operator_2 to 2025-12-10 00:00:00+00:00, run_after=2025-12-11 00:00:00+00:00
[2025-12-11T04:21:11.574+0000] {logging_mixin.py:188} INFO - [2025-12-11T04:21:11.574+0000] {dag.py:3954} INFO - Setting next_dagrun for example_branch_datetime_operator_3 to 2025-12-10 00:00:00+00:00, run_after=2025-12-11 00:00:00+00:00
[2025-12-11T04:21:12.017+0000] {processor.py:183} INFO - Processing /home/airflow/.local/lib/python3.9/site-packages/airflow/example_dags/example_branch_datetime_operator.py took 0.673 seconds
[2025-12-11T04:21:42.804+0000] {processor.py:161} INFO - Started process (PID=463) to work on /home/airflow/.local/lib/python3.9/site-packages/airflow/example_dags/example_branch_datetime_operator.py
[2025-12-11T04:21:42.807+0000] {processor.py:830} INFO - Processing file /home/airflow/.local/lib/python3.9/site-packages/airflow/example_dags/example_branch_datetime_operator.py for tasks to queue
[2025-12-11T04:21:42.820+0000] {logging_mixin.py:188} INFO - [2025-12-11T04:21:42.819+0000] {dagbag.py:545} INFO - Filling up the DagBag from /home/airflow/.local/lib/python3.9/site-packages/airflow/example_dags/example_branch_datetime_operator.py
[2025-12-11T04:21:42.841+0000] {processor.py:840} INFO - DAG(s) 'example_branch_datetime_operator_2', 'example_branch_datetime_operator', 'example_branch_datetime_operator_3' retrieved from /home/airflow/.local/lib/python3.9/site-packages/airflow/example_dags/example_branch_datetime_operator.py
[2025-12-11T04:21:42.915+0000] {logging_mixin.py:188} INFO - [2025-12-11T04:21:42.914+0000] {dag.py:3096} INFO - Sync 3 DAGs
[2025-12-11T04:21:42.976+0000] {logging_mixin.py:188} INFO - [2025-12-11T04:21:42.975+0000] {dag.py:3954} INFO - Setting next_dagrun for example_branch_datetime_operator to 2025-12-10 00:00:00+00:00, run_after=2025-12-11 00:00:00+00:00
[2025-12-11T04:21:42.984+0000] {logging_mixin.py:188} INFO - [2025-12-11T04:21:42.984+0000] {dag.py:3954} INFO - Setting next_dagrun for example_branch_datetime_operator_2 to 2025-12-10 00:00:00+00:00, run_after=2025-12-11 00:00:00+00:00
[2025-12-11T04:21:42.989+0000] {logging_mixin.py:188} INFO - [2025-12-11T04:21:42.988+0000] {dag.py:3954} INFO - Setting next_dagrun for example_branch_datetime_operator_3 to 2025-12-10 00:00:00+00:00, run_after=2025-12-11 00:00:00+00:00
[2025-12-11T04:21:43.020+0000] {processor.py:183} INFO - Processing /home/airflow/.local/lib/python3.9/site-packages/airflow/example_dags/example_branch_datetime_operator.py took 0.229 seconds
[2025-12-11T04:22:13.142+0000] {processor.py:161} INFO - Started process (PID=529) to work on /home/airflow/.local/lib/python3.9/site-packages/airflow/example_dags/example_branch_datetime_operator.py
[2025-12-11T04:22:13.171+0000] {processor.py:830} INFO - Processing file /home/airflow/.local/lib/python3.9/site-packages/airflow/example_dags/example_branch_datetime_operator.py for tasks to queue
[2025-12-11T04:22:13.174+0000] {logging_mixin.py:188} INFO - [2025-12-11T04:22:13.174+0000] {dagbag.py:545} INFO - Filling up the DagBag from /home/airflow/.local/lib/python3.9/site-packages/airflow/example_dags/example_branch_datetime_operator.py
[2025-12-11T04:22:13.192+0000] {processor.py:840} INFO - DAG(s) 'example_branch_datetime_operator_2', 'example_branch_datetime_operator', 'example_branch_datetime_operator_3' retrieved from /home/airflow/.local/lib/python3.9/site-packages/airflow/example_dags/example_branch_datetime_operator.py
[2025-12-11T04:22:13.242+0000] {logging_mixin.py:188} INFO - [2025-12-11T04:22:13.242+0000] {dag.py:3096} INFO - Sync 3 DAGs
[2025-12-11T04:22:13.278+0000] {logging_mixin.py:188} INFO - [2025-12-11T04:22:13.278+0000] {dag.py:3954} INFO - Setting next_dagrun for example_branch_datetime_operator to 2025-12-10 00:00:00+00:00, run_after=2025-12-11 00:00:00+00:00
[2025-12-11T04:22:13.285+0000] {logging_mixin.py:188} INFO - [2025-12-11T04:22:13.285+0000] {dag.py:3954} INFO - Setting next_dagrun for example_branch_datetime_operator_2 to 2025-12-10 00:00:00+00:00, run_after=2025-12-11 00:00:00+00:00
[2025-12-11T04:22:13.288+0000] {logging_mixin.py:188} INFO - [2025-12-11T04:22:13.288+0000] {dag.py:3954} INFO - Setting next_dagrun for example_branch_datetime_operator_3 to 2025-12-10 00:00:00+00:00, run_after=2025-12-11 00:00:00+00:00
[2025-12-11T04:22:13.420+0000] {processor.py:183} INFO - Processing /home/airflow/.local/lib/python3.9/site-packages/airflow/example_dags/example_branch_datetime_operator.py took 0.287 seconds
[2025-12-11T04:22:43.900+0000] {processor.py:161} INFO - Started process (PID=595) to work on /home/airflow/.local/lib/python3.9/site-packages/airflow/example_dags/example_branch_datetime_operator.py
[2025-12-11T04:22:43.902+0000] {processor.py:830} INFO - Processing file /home/airflow/.local/lib/python3.9/site-packages/airflow/example_dags/example_branch_datetime_operator.py for tasks to queue
[2025-12-11T04:22:43.905+0000] {logging_mixin.py:188} INFO - [2025-12-11T04:22:43.904+0000] {dagbag.py:545} INFO - Filling up the DagBag from /home/airflow/.local/lib/python3.9/site-packages/airflow/example_dags/example_branch_datetime_operator.py
[2025-12-11T04:22:43.939+0000] {processor.py:840} INFO - DAG(s) 'example_branch_datetime_operator_3', 'example_branch_datetime_operator', 'example_branch_datetime_operator_2' retrieved from /home/airflow/.local/lib/python3.9/site-packages/airflow/example_dags/example_branch_datetime_operator.py
[2025-12-11T04:22:44.000+0000] {logging_mixin.py:188} INFO - [2025-12-11T04:22:44.000+0000] {dag.py:3096} INFO - Sync 3 DAGs
[2025-12-11T04:22:44.099+0000] {logging_mixin.py:188} INFO - [2025-12-11T04:22:44.098+0000] {dag.py:3954} INFO - Setting next_dagrun for example_branch_datetime_operator to 2025-12-10 00:00:00+00:00, run_after=2025-12-11 00:00:00+00:00
[2025-12-11T04:22:44.120+0000] {logging_mixin.py:188} INFO - [2025-12-11T04:22:44.120+0000] {dag.py:3954} INFO - Setting next_dagrun for example_branch_datetime_operator_2 to 2025-12-10 00:00:00+00:00, run_after=2025-12-11 00:00:00+00:00
[2025-12-11T04:22:44.138+0000] {logging_mixin.py:188} INFO - [2025-12-11T04:22:44.137+0000] {dag.py:3954} INFO - Setting next_dagrun for example_branch_datetime_operator_3 to 2025-12-10 00:00:00+00:00, run_after=2025-12-11 00:00:00+00:00
[2025-12-11T04:22:44.176+0000] {processor.py:183} INFO - Processing /home/airflow/.local/lib/python3.9/site-packages/airflow/example_dags/example_branch_datetime_operator.py took 0.291 seconds
[2025-12-11T04:23:14.677+0000] {processor.py:161} INFO - Started process (PID=661) to work on /home/airflow/.local/lib/python3.9/site-packages/airflow/example_dags/example_branch_datetime_operator.py
[2025-12-11T04:23:14.687+0000] {processor.py:830} INFO - Processing file /home/airflow/.local/lib/python3.9/site-packages/airflow/example_dags/example_branch_datetime_operator.py for tasks to queue
[2025-12-11T04:23:14.691+0000] {logging_mixin.py:188} INFO - [2025-12-11T04:23:14.691+0000] {dagbag.py:545} INFO - Filling up the DagBag from /home/airflow/.local/lib/python3.9/site-packages/airflow/example_dags/example_branch_datetime_operator.py
[2025-12-11T04:23:14.725+0000] {processor.py:840} INFO - DAG(s) 'example_branch_datetime_operator_3', 'example_branch_datetime_operator', 'example_branch_datetime_operator_2' retrieved from /home/airflow/.local/lib/python3.9/site-packages/airflow/example_dags/example_branch_datetime_operator.py
[2025-12-11T04:23:14.821+0000] {logging_mixin.py:188} INFO - [2025-12-11T04:23:14.820+0000] {dag.py:3096} INFO - Sync 3 DAGs
[2025-12-11T04:23:14.884+0000] {logging_mixin.py:188} INFO - [2025-12-11T04:23:14.884+0000] {dag.py:3954} INFO - Setting next_dagrun for example_branch_datetime_operator to 2025-12-10 00:00:00+00:00, run_after=2025-12-11 00:00:00+00:00
[2025-12-11T04:23:14.902+0000] {logging_mixin.py:188} INFO - [2025-12-11T04:23:14.901+0000] {dag.py:3954} INFO - Setting next_dagrun for example_branch_datetime_operator_2 to 2025-12-10 00:00:00+00:00, run_after=2025-12-11 00:00:00+00:00
[2025-12-11T04:23:14.905+0000] {logging_mixin.py:188} INFO - [2025-12-11T04:23:14.905+0000] {dag.py:3954} INFO - Setting next_dagrun for example_branch_datetime_operator_3 to 2025-12-10 00:00:00+00:00, run_after=2025-12-11 00:00:00+00:00
[2025-12-11T04:23:15.183+0000] {processor.py:183} INFO - Processing /home/airflow/.local/lib/python3.9/site-packages/airflow/example_dags/example_branch_datetime_operator.py took 0.521 seconds
[2025-12-11T04:23:46.103+0000] {processor.py:161} INFO - Started process (PID=727) to work on /home/airflow/.local/lib/python3.9/site-packages/airflow/example_dags/example_branch_datetime_operator.py
[2025-12-11T04:23:46.105+0000] {processor.py:830} INFO - Processing file /home/airflow/.local/lib/python3.9/site-packages/airflow/example_dags/example_branch_datetime_operator.py for tasks to queue
[2025-12-11T04:23:46.108+0000] {logging_mixin.py:188} INFO - [2025-12-11T04:23:46.108+0000] {dagbag.py:545} INFO - Filling up the DagBag from /home/airflow/.local/lib/python3.9/site-packages/airflow/example_dags/example_branch_datetime_operator.py
[2025-12-11T04:23:46.138+0000] {processor.py:840} INFO - DAG(s) 'example_branch_datetime_operator_3', 'example_branch_datetime_operator', 'example_branch_datetime_operator_2' retrieved from /home/airflow/.local/lib/python3.9/site-packages/airflow/example_dags/example_branch_datetime_operator.py
[2025-12-11T04:23:46.258+0000] {logging_mixin.py:188} INFO - [2025-12-11T04:23:46.257+0000] {dag.py:3096} INFO - Sync 3 DAGs
[2025-12-11T04:23:46.381+0000] {logging_mixin.py:188} INFO - [2025-12-11T04:23:46.381+0000] {dag.py:3954} INFO - Setting next_dagrun for example_branch_datetime_operator to 2025-12-10 00:00:00+00:00, run_after=2025-12-11 00:00:00+00:00
[2025-12-11T04:23:46.398+0000] {logging_mixin.py:188} INFO - [2025-12-11T04:23:46.398+0000] {dag.py:3954} INFO - Setting next_dagrun for example_branch_datetime_operator_2 to 2025-12-10 00:00:00+00:00, run_after=2025-12-11 00:00:00+00:00
[2025-12-11T04:23:46.403+0000] {logging_mixin.py:188} INFO - [2025-12-11T04:23:46.402+0000] {dag.py:3954} INFO - Setting next_dagrun for example_branch_datetime_operator_3 to 2025-12-10 00:00:00+00:00, run_after=2025-12-11 00:00:00+00:00
[2025-12-11T04:23:46.446+0000] {processor.py:183} INFO - Processing /home/airflow/.local/lib/python3.9/site-packages/airflow/example_dags/example_branch_datetime_operator.py took 0.358 seconds
[2025-12-11T04:24:17.269+0000] {processor.py:161} INFO - Started process (PID=793) to work on /home/airflow/.local/lib/python3.9/site-packages/airflow/example_dags/example_branch_datetime_operator.py
[2025-12-11T04:24:17.271+0000] {processor.py:830} INFO - Processing file /home/airflow/.local/lib/python3.9/site-packages/airflow/example_dags/example_branch_datetime_operator.py for tasks to queue
[2025-12-11T04:24:17.277+0000] {logging_mixin.py:188} INFO - [2025-12-11T04:24:17.277+0000] {dagbag.py:545} INFO - Filling up the DagBag from /home/airflow/.local/lib/python3.9/site-packages/airflow/example_dags/example_branch_datetime_operator.py
[2025-12-11T04:24:17.291+0000] {processor.py:840} INFO - DAG(s) 'example_branch_datetime_operator_3', 'example_branch_datetime_operator', 'example_branch_datetime_operator_2' retrieved from /home/airflow/.local/lib/python3.9/site-packages/airflow/example_dags/example_branch_datetime_operator.py
[2025-12-11T04:24:17.362+0000] {logging_mixin.py:188} INFO - [2025-12-11T04:24:17.362+0000] {dag.py:3096} INFO - Sync 3 DAGs
[2025-12-11T04:24:17.431+0000] {logging_mixin.py:188} INFO - [2025-12-11T04:24:17.427+0000] {dag.py:3954} INFO - Setting next_dagrun for example_branch_datetime_operator to 2025-12-10 00:00:00+00:00, run_after=2025-12-11 00:00:00+00:00
[2025-12-11T04:24:17.445+0000] {logging_mixin.py:188} INFO - [2025-12-11T04:24:17.444+0000] {dag.py:3954} INFO - Setting next_dagrun for example_branch_datetime_operator_2 to 2025-12-10 00:00:00+00:00, run_after=2025-12-11 00:00:00+00:00
[2025-12-11T04:24:17.450+0000] {logging_mixin.py:188} INFO - [2025-12-11T04:24:17.449+0000] {dag.py:3954} INFO - Setting next_dagrun for example_branch_datetime_operator_3 to 2025-12-10 00:00:00+00:00, run_after=2025-12-11 00:00:00+00:00
[2025-12-11T04:24:17.528+0000] {processor.py:183} INFO - Processing /home/airflow/.local/lib/python3.9/site-packages/airflow/example_dags/example_branch_datetime_operator.py took 0.270 seconds
[2025-12-11T04:24:47.720+0000] {processor.py:161} INFO - Started process (PID=866) to work on /home/airflow/.local/lib/python3.9/site-packages/airflow/example_dags/example_branch_datetime_operator.py
[2025-12-11T04:24:47.766+0000] {processor.py:830} INFO - Processing file /home/airflow/.local/lib/python3.9/site-packages/airflow/example_dags/example_branch_datetime_operator.py for tasks to queue
[2025-12-11T04:24:47.769+0000] {logging_mixin.py:188} INFO - [2025-12-11T04:24:47.769+0000] {dagbag.py:545} INFO - Filling up the DagBag from /home/airflow/.local/lib/python3.9/site-packages/airflow/example_dags/example_branch_datetime_operator.py
[2025-12-11T04:24:47.817+0000] {processor.py:840} INFO - DAG(s) 'example_branch_datetime_operator', 'example_branch_datetime_operator_2', 'example_branch_datetime_operator_3' retrieved from /home/airflow/.local/lib/python3.9/site-packages/airflow/example_dags/example_branch_datetime_operator.py
[2025-12-11T04:24:47.917+0000] {logging_mixin.py:188} INFO - [2025-12-11T04:24:47.917+0000] {dag.py:3096} INFO - Sync 3 DAGs
[2025-12-11T04:24:48.004+0000] {logging_mixin.py:188} INFO - [2025-12-11T04:24:48.003+0000] {dag.py:3954} INFO - Setting next_dagrun for example_branch_datetime_operator to 2025-12-10 00:00:00+00:00, run_after=2025-12-11 00:00:00+00:00
[2025-12-11T04:24:48.025+0000] {logging_mixin.py:188} INFO - [2025-12-11T04:24:48.025+0000] {dag.py:3954} INFO - Setting next_dagrun for example_branch_datetime_operator_2 to 2025-12-10 00:00:00+00:00, run_after=2025-12-11 00:00:00+00:00
[2025-12-11T04:24:48.039+0000] {logging_mixin.py:188} INFO - [2025-12-11T04:24:48.038+0000] {dag.py:3954} INFO - Setting next_dagrun for example_branch_datetime_operator_3 to 2025-12-10 00:00:00+00:00, run_after=2025-12-11 00:00:00+00:00
[2025-12-11T04:24:48.125+0000] {processor.py:183} INFO - Processing /home/airflow/.local/lib/python3.9/site-packages/airflow/example_dags/example_branch_datetime_operator.py took 0.423 seconds
[2025-12-11T04:25:18.208+0000] {processor.py:161} INFO - Started process (PID=931) to work on /home/airflow/.local/lib/python3.9/site-packages/airflow/example_dags/example_branch_datetime_operator.py
[2025-12-11T04:25:18.238+0000] {processor.py:830} INFO - Processing file /home/airflow/.local/lib/python3.9/site-packages/airflow/example_dags/example_branch_datetime_operator.py for tasks to queue
[2025-12-11T04:25:18.242+0000] {logging_mixin.py:188} INFO - [2025-12-11T04:25:18.241+0000] {dagbag.py:545} INFO - Filling up the DagBag from /home/airflow/.local/lib/python3.9/site-packages/airflow/example_dags/example_branch_datetime_operator.py
[2025-12-11T04:25:18.268+0000] {processor.py:840} INFO - DAG(s) 'example_branch_datetime_operator', 'example_branch_datetime_operator_2', 'example_branch_datetime_operator_3' retrieved from /home/airflow/.local/lib/python3.9/site-packages/airflow/example_dags/example_branch_datetime_operator.py
[2025-12-11T04:25:18.388+0000] {logging_mixin.py:188} INFO - [2025-12-11T04:25:18.388+0000] {dag.py:3096} INFO - Sync 3 DAGs
[2025-12-11T04:25:18.468+0000] {logging_mixin.py:188} INFO - [2025-12-11T04:25:18.468+0000] {dag.py:3954} INFO - Setting next_dagrun for example_branch_datetime_operator to 2025-12-10 00:00:00+00:00, run_after=2025-12-11 00:00:00+00:00
[2025-12-11T04:25:18.485+0000] {logging_mixin.py:188} INFO - [2025-12-11T04:25:18.485+0000] {dag.py:3954} INFO - Setting next_dagrun for example_branch_datetime_operator_2 to 2025-12-10 00:00:00+00:00, run_after=2025-12-11 00:00:00+00:00
[2025-12-11T04:25:18.490+0000] {logging_mixin.py:188} INFO - [2025-12-11T04:25:18.490+0000] {dag.py:3954} INFO - Setting next_dagrun for example_branch_datetime_operator_3 to 2025-12-10 00:00:00+00:00, run_after=2025-12-11 00:00:00+00:00
[2025-12-11T04:25:18.867+0000] {processor.py:183} INFO - Processing /home/airflow/.local/lib/python3.9/site-packages/airflow/example_dags/example_branch_datetime_operator.py took 0.669 seconds
[2025-12-11T04:25:49.109+0000] {processor.py:161} INFO - Started process (PID=997) to work on /home/airflow/.local/lib/python3.9/site-packages/airflow/example_dags/example_branch_datetime_operator.py
[2025-12-11T04:25:49.130+0000] {processor.py:830} INFO - Processing file /home/airflow/.local/lib/python3.9/site-packages/airflow/example_dags/example_branch_datetime_operator.py for tasks to queue
[2025-12-11T04:25:49.133+0000] {logging_mixin.py:188} INFO - [2025-12-11T04:25:49.132+0000] {dagbag.py:545} INFO - Filling up the DagBag from /home/airflow/.local/lib/python3.9/site-packages/airflow/example_dags/example_branch_datetime_operator.py
[2025-12-11T04:25:49.147+0000] {processor.py:840} INFO - DAG(s) 'example_branch_datetime_operator_3', 'example_branch_datetime_operator', 'example_branch_datetime_operator_2' retrieved from /home/airflow/.local/lib/python3.9/site-packages/airflow/example_dags/example_branch_datetime_operator.py
[2025-12-11T04:25:49.199+0000] {logging_mixin.py:188} INFO - [2025-12-11T04:25:49.199+0000] {dag.py:3096} INFO - Sync 3 DAGs
[2025-12-11T04:25:49.239+0000] {logging_mixin.py:188} INFO - [2025-12-11T04:25:49.239+0000] {dag.py:3954} INFO - Setting next_dagrun for example_branch_datetime_operator to 2025-12-10 00:00:00+00:00, run_after=2025-12-11 00:00:00+00:00
[2025-12-11T04:25:49.246+0000] {logging_mixin.py:188} INFO - [2025-12-11T04:25:49.245+0000] {dag.py:3954} INFO - Setting next_dagrun for example_branch_datetime_operator_2 to 2025-12-10 00:00:00+00:00, run_after=2025-12-11 00:00:00+00:00
[2025-12-11T04:25:49.249+0000] {logging_mixin.py:188} INFO - [2025-12-11T04:25:49.248+0000] {dag.py:3954} INFO - Setting next_dagrun for example_branch_datetime_operator_3 to 2025-12-10 00:00:00+00:00, run_after=2025-12-11 00:00:00+00:00
[2025-12-11T04:25:49.473+0000] {processor.py:183} INFO - Processing /home/airflow/.local/lib/python3.9/site-packages/airflow/example_dags/example_branch_datetime_operator.py took 0.373 seconds
[2025-12-11T04:26:19.818+0000] {processor.py:161} INFO - Started process (PID=1063) to work on /home/airflow/.local/lib/python3.9/site-packages/airflow/example_dags/example_branch_datetime_operator.py
[2025-12-11T04:26:19.824+0000] {processor.py:830} INFO - Processing file /home/airflow/.local/lib/python3.9/site-packages/airflow/example_dags/example_branch_datetime_operator.py for tasks to queue
[2025-12-11T04:26:19.837+0000] {logging_mixin.py:188} INFO - [2025-12-11T04:26:19.837+0000] {dagbag.py:545} INFO - Filling up the DagBag from /home/airflow/.local/lib/python3.9/site-packages/airflow/example_dags/example_branch_datetime_operator.py
[2025-12-11T04:26:19.877+0000] {processor.py:840} INFO - DAG(s) 'example_branch_datetime_operator_3', 'example_branch_datetime_operator', 'example_branch_datetime_operator_2' retrieved from /home/airflow/.local/lib/python3.9/site-packages/airflow/example_dags/example_branch_datetime_operator.py
[2025-12-11T04:26:19.985+0000] {logging_mixin.py:188} INFO - [2025-12-11T04:26:19.985+0000] {dag.py:3096} INFO - Sync 3 DAGs
[2025-12-11T04:26:20.079+0000] {logging_mixin.py:188} INFO - [2025-12-11T04:26:20.078+0000] {dag.py:3954} INFO - Setting next_dagrun for example_branch_datetime_operator to 2025-12-10 00:00:00+00:00, run_after=2025-12-11 00:00:00+00:00
[2025-12-11T04:26:20.086+0000] {logging_mixin.py:188} INFO - [2025-12-11T04:26:20.086+0000] {dag.py:3954} INFO - Setting next_dagrun for example_branch_datetime_operator_2 to 2025-12-10 00:00:00+00:00, run_after=2025-12-11 00:00:00+00:00
[2025-12-11T04:26:20.097+0000] {logging_mixin.py:188} INFO - [2025-12-11T04:26:20.097+0000] {dag.py:3954} INFO - Setting next_dagrun for example_branch_datetime_operator_3 to 2025-12-10 00:00:00+00:00, run_after=2025-12-11 00:00:00+00:00
[2025-12-11T04:26:20.161+0000] {processor.py:183} INFO - Processing /home/airflow/.local/lib/python3.9/site-packages/airflow/example_dags/example_branch_datetime_operator.py took 0.377 seconds
[2025-12-11T04:26:50.521+0000] {processor.py:161} INFO - Started process (PID=1129) to work on /home/airflow/.local/lib/python3.9/site-packages/airflow/example_dags/example_branch_datetime_operator.py
[2025-12-11T04:26:50.557+0000] {processor.py:830} INFO - Processing file /home/airflow/.local/lib/python3.9/site-packages/airflow/example_dags/example_branch_datetime_operator.py for tasks to queue
[2025-12-11T04:26:50.560+0000] {logging_mixin.py:188} INFO - [2025-12-11T04:26:50.560+0000] {dagbag.py:545} INFO - Filling up the DagBag from /home/airflow/.local/lib/python3.9/site-packages/airflow/example_dags/example_branch_datetime_operator.py
[2025-12-11T04:26:50.584+0000] {processor.py:840} INFO - DAG(s) 'example_branch_datetime_operator_3', 'example_branch_datetime_operator_2', 'example_branch_datetime_operator' retrieved from /home/airflow/.local/lib/python3.9/site-packages/airflow/example_dags/example_branch_datetime_operator.py
[2025-12-11T04:26:50.670+0000] {logging_mixin.py:188} INFO - [2025-12-11T04:26:50.669+0000] {dag.py:3096} INFO - Sync 3 DAGs
[2025-12-11T04:26:50.766+0000] {logging_mixin.py:188} INFO - [2025-12-11T04:26:50.765+0000] {dag.py:3954} INFO - Setting next_dagrun for example_branch_datetime_operator to 2025-12-10 00:00:00+00:00, run_after=2025-12-11 00:00:00+00:00
[2025-12-11T04:26:50.786+0000] {logging_mixin.py:188} INFO - [2025-12-11T04:26:50.785+0000] {dag.py:3954} INFO - Setting next_dagrun for example_branch_datetime_operator_2 to 2025-12-10 00:00:00+00:00, run_after=2025-12-11 00:00:00+00:00
[2025-12-11T04:26:50.791+0000] {logging_mixin.py:188} INFO - [2025-12-11T04:26:50.791+0000] {dag.py:3954} INFO - Setting next_dagrun for example_branch_datetime_operator_3 to 2025-12-10 00:00:00+00:00, run_after=2025-12-11 00:00:00+00:00
[2025-12-11T04:26:50.837+0000] {processor.py:183} INFO - Processing /home/airflow/.local/lib/python3.9/site-packages/airflow/example_dags/example_branch_datetime_operator.py took 0.334 seconds
[2025-12-11T04:27:21.203+0000] {processor.py:161} INFO - Started process (PID=1195) to work on /home/airflow/.local/lib/python3.9/site-packages/airflow/example_dags/example_branch_datetime_operator.py
[2025-12-11T04:27:21.205+0000] {processor.py:830} INFO - Processing file /home/airflow/.local/lib/python3.9/site-packages/airflow/example_dags/example_branch_datetime_operator.py for tasks to queue
[2025-12-11T04:27:21.208+0000] {logging_mixin.py:188} INFO - [2025-12-11T04:27:21.207+0000] {dagbag.py:545} INFO - Filling up the DagBag from /home/airflow/.local/lib/python3.9/site-packages/airflow/example_dags/example_branch_datetime_operator.py
[2025-12-11T04:27:21.231+0000] {processor.py:840} INFO - DAG(s) 'example_branch_datetime_operator_2', 'example_branch_datetime_operator_3', 'example_branch_datetime_operator' retrieved from /home/airflow/.local/lib/python3.9/site-packages/airflow/example_dags/example_branch_datetime_operator.py
[2025-12-11T04:27:21.283+0000] {logging_mixin.py:188} INFO - [2025-12-11T04:27:21.282+0000] {dag.py:3096} INFO - Sync 3 DAGs
[2025-12-11T04:27:21.320+0000] {logging_mixin.py:188} INFO - [2025-12-11T04:27:21.320+0000] {dag.py:3954} INFO - Setting next_dagrun for example_branch_datetime_operator to 2025-12-10 00:00:00+00:00, run_after=2025-12-11 00:00:00+00:00
[2025-12-11T04:27:21.327+0000] {logging_mixin.py:188} INFO - [2025-12-11T04:27:21.326+0000] {dag.py:3954} INFO - Setting next_dagrun for example_branch_datetime_operator_2 to 2025-12-10 00:00:00+00:00, run_after=2025-12-11 00:00:00+00:00
[2025-12-11T04:27:21.329+0000] {logging_mixin.py:188} INFO - [2025-12-11T04:27:21.329+0000] {dag.py:3954} INFO - Setting next_dagrun for example_branch_datetime_operator_3 to 2025-12-10 00:00:00+00:00, run_after=2025-12-11 00:00:00+00:00
[2025-12-11T04:27:21.352+0000] {processor.py:183} INFO - Processing /home/airflow/.local/lib/python3.9/site-packages/airflow/example_dags/example_branch_datetime_operator.py took 0.168 seconds
[2025-12-11T04:27:51.900+0000] {processor.py:161} INFO - Started process (PID=1261) to work on /home/airflow/.local/lib/python3.9/site-packages/airflow/example_dags/example_branch_datetime_operator.py
[2025-12-11T04:27:51.902+0000] {processor.py:830} INFO - Processing file /home/airflow/.local/lib/python3.9/site-packages/airflow/example_dags/example_branch_datetime_operator.py for tasks to queue
[2025-12-11T04:27:51.905+0000] {logging_mixin.py:188} INFO - [2025-12-11T04:27:51.904+0000] {dagbag.py:545} INFO - Filling up the DagBag from /home/airflow/.local/lib/python3.9/site-packages/airflow/example_dags/example_branch_datetime_operator.py
[2025-12-11T04:27:51.923+0000] {processor.py:840} INFO - DAG(s) 'example_branch_datetime_operator', 'example_branch_datetime_operator_3', 'example_branch_datetime_operator_2' retrieved from /home/airflow/.local/lib/python3.9/site-packages/airflow/example_dags/example_branch_datetime_operator.py
[2025-12-11T04:27:51.974+0000] {logging_mixin.py:188} INFO - [2025-12-11T04:27:51.974+0000] {dag.py:3096} INFO - Sync 3 DAGs
[2025-12-11T04:27:52.016+0000] {logging_mixin.py:188} INFO - [2025-12-11T04:27:52.015+0000] {dag.py:3954} INFO - Setting next_dagrun for example_branch_datetime_operator to 2025-12-10 00:00:00+00:00, run_after=2025-12-11 00:00:00+00:00
[2025-12-11T04:27:52.023+0000] {logging_mixin.py:188} INFO - [2025-12-11T04:27:52.023+0000] {dag.py:3954} INFO - Setting next_dagrun for example_branch_datetime_operator_2 to 2025-12-10 00:00:00+00:00, run_after=2025-12-11 00:00:00+00:00
[2025-12-11T04:27:52.026+0000] {logging_mixin.py:188} INFO - [2025-12-11T04:27:52.026+0000] {dag.py:3954} INFO - Setting next_dagrun for example_branch_datetime_operator_3 to 2025-12-10 00:00:00+00:00, run_after=2025-12-11 00:00:00+00:00
[2025-12-11T04:27:52.051+0000] {processor.py:183} INFO - Processing /home/airflow/.local/lib/python3.9/site-packages/airflow/example_dags/example_branch_datetime_operator.py took 0.167 seconds
[2025-12-11T04:28:22.219+0000] {processor.py:161} INFO - Started process (PID=1327) to work on /home/airflow/.local/lib/python3.9/site-packages/airflow/example_dags/example_branch_datetime_operator.py
[2025-12-11T04:28:22.224+0000] {processor.py:830} INFO - Processing file /home/airflow/.local/lib/python3.9/site-packages/airflow/example_dags/example_branch_datetime_operator.py for tasks to queue
[2025-12-11T04:28:22.243+0000] {logging_mixin.py:188} INFO - [2025-12-11T04:28:22.243+0000] {dagbag.py:545} INFO - Filling up the DagBag from /home/airflow/.local/lib/python3.9/site-packages/airflow/example_dags/example_branch_datetime_operator.py
[2025-12-11T04:28:22.286+0000] {processor.py:840} INFO - DAG(s) 'example_branch_datetime_operator', 'example_branch_datetime_operator_2', 'example_branch_datetime_operator_3' retrieved from /home/airflow/.local/lib/python3.9/site-packages/airflow/example_dags/example_branch_datetime_operator.py
[2025-12-11T04:28:22.421+0000] {logging_mixin.py:188} INFO - [2025-12-11T04:28:22.420+0000] {dag.py:3096} INFO - Sync 3 DAGs
[2025-12-11T04:28:22.489+0000] {logging_mixin.py:188} INFO - [2025-12-11T04:28:22.489+0000] {dag.py:3954} INFO - Setting next_dagrun for example_branch_datetime_operator to 2025-12-10 00:00:00+00:00, run_after=2025-12-11 00:00:00+00:00
[2025-12-11T04:28:22.502+0000] {logging_mixin.py:188} INFO - [2025-12-11T04:28:22.502+0000] {dag.py:3954} INFO - Setting next_dagrun for example_branch_datetime_operator_2 to 2025-12-10 00:00:00+00:00, run_after=2025-12-11 00:00:00+00:00
[2025-12-11T04:28:22.505+0000] {logging_mixin.py:188} INFO - [2025-12-11T04:28:22.505+0000] {dag.py:3954} INFO - Setting next_dagrun for example_branch_datetime_operator_3 to 2025-12-10 00:00:00+00:00, run_after=2025-12-11 00:00:00+00:00
[2025-12-11T04:28:22.701+0000] {processor.py:183} INFO - Processing /home/airflow/.local/lib/python3.9/site-packages/airflow/example_dags/example_branch_datetime_operator.py took 0.517 seconds
[2025-12-11T04:28:53.448+0000] {processor.py:161} INFO - Started process (PID=1393) to work on /home/airflow/.local/lib/python3.9/site-packages/airflow/example_dags/example_branch_datetime_operator.py
[2025-12-11T04:28:53.450+0000] {processor.py:830} INFO - Processing file /home/airflow/.local/lib/python3.9/site-packages/airflow/example_dags/example_branch_datetime_operator.py for tasks to queue
[2025-12-11T04:28:53.457+0000] {logging_mixin.py:188} INFO - [2025-12-11T04:28:53.452+0000] {dagbag.py:545} INFO - Filling up the DagBag from /home/airflow/.local/lib/python3.9/site-packages/airflow/example_dags/example_branch_datetime_operator.py
[2025-12-11T04:28:53.481+0000] {processor.py:840} INFO - DAG(s) 'example_branch_datetime_operator_2', 'example_branch_datetime_operator_3', 'example_branch_datetime_operator' retrieved from /home/airflow/.local/lib/python3.9/site-packages/airflow/example_dags/example_branch_datetime_operator.py
[2025-12-11T04:28:53.563+0000] {logging_mixin.py:188} INFO - [2025-12-11T04:28:53.562+0000] {dag.py:3096} INFO - Sync 3 DAGs
[2025-12-11T04:28:53.627+0000] {logging_mixin.py:188} INFO - [2025-12-11T04:28:53.626+0000] {dag.py:3954} INFO - Setting next_dagrun for example_branch_datetime_operator to 2025-12-10 00:00:00+00:00, run_after=2025-12-11 00:00:00+00:00
[2025-12-11T04:28:53.641+0000] {logging_mixin.py:188} INFO - [2025-12-11T04:28:53.641+0000] {dag.py:3954} INFO - Setting next_dagrun for example_branch_datetime_operator_2 to 2025-12-10 00:00:00+00:00, run_after=2025-12-11 00:00:00+00:00
[2025-12-11T04:28:53.645+0000] {logging_mixin.py:188} INFO - [2025-12-11T04:28:53.645+0000] {dag.py:3954} INFO - Setting next_dagrun for example_branch_datetime_operator_3 to 2025-12-10 00:00:00+00:00, run_after=2025-12-11 00:00:00+00:00
[2025-12-11T04:28:53.687+0000] {processor.py:183} INFO - Processing /home/airflow/.local/lib/python3.9/site-packages/airflow/example_dags/example_branch_datetime_operator.py took 0.249 seconds
[2025-12-11T04:29:24.480+0000] {processor.py:161} INFO - Started process (PID=1459) to work on /home/airflow/.local/lib/python3.9/site-packages/airflow/example_dags/example_branch_datetime_operator.py
[2025-12-11T04:29:24.481+0000] {processor.py:830} INFO - Processing file /home/airflow/.local/lib/python3.9/site-packages/airflow/example_dags/example_branch_datetime_operator.py for tasks to queue
[2025-12-11T04:29:24.484+0000] {logging_mixin.py:188} INFO - [2025-12-11T04:29:24.483+0000] {dagbag.py:545} INFO - Filling up the DagBag from /home/airflow/.local/lib/python3.9/site-packages/airflow/example_dags/example_branch_datetime_operator.py
[2025-12-11T04:29:24.506+0000] {processor.py:840} INFO - DAG(s) 'example_branch_datetime_operator_2', 'example_branch_datetime_operator', 'example_branch_datetime_operator_3' retrieved from /home/airflow/.local/lib/python3.9/site-packages/airflow/example_dags/example_branch_datetime_operator.py
[2025-12-11T04:29:24.579+0000] {logging_mixin.py:188} INFO - [2025-12-11T04:29:24.579+0000] {dag.py:3096} INFO - Sync 3 DAGs
[2025-12-11T04:29:24.630+0000] {logging_mixin.py:188} INFO - [2025-12-11T04:29:24.629+0000] {dag.py:3954} INFO - Setting next_dagrun for example_branch_datetime_operator to 2025-12-10 00:00:00+00:00, run_after=2025-12-11 00:00:00+00:00
[2025-12-11T04:29:24.642+0000] {logging_mixin.py:188} INFO - [2025-12-11T04:29:24.642+0000] {dag.py:3954} INFO - Setting next_dagrun for example_branch_datetime_operator_2 to 2025-12-10 00:00:00+00:00, run_after=2025-12-11 00:00:00+00:00
[2025-12-11T04:29:24.645+0000] {logging_mixin.py:188} INFO - [2025-12-11T04:29:24.645+0000] {dag.py:3954} INFO - Setting next_dagrun for example_branch_datetime_operator_3 to 2025-12-10 00:00:00+00:00, run_after=2025-12-11 00:00:00+00:00
[2025-12-11T04:29:24.683+0000] {processor.py:183} INFO - Processing /home/airflow/.local/lib/python3.9/site-packages/airflow/example_dags/example_branch_datetime_operator.py took 0.222 seconds
[2025-12-11T04:29:55.383+0000] {processor.py:161} INFO - Started process (PID=1525) to work on /home/airflow/.local/lib/python3.9/site-packages/airflow/example_dags/example_branch_datetime_operator.py
[2025-12-11T04:29:55.385+0000] {processor.py:830} INFO - Processing file /home/airflow/.local/lib/python3.9/site-packages/airflow/example_dags/example_branch_datetime_operator.py for tasks to queue
[2025-12-11T04:29:55.388+0000] {logging_mixin.py:188} INFO - [2025-12-11T04:29:55.388+0000] {dagbag.py:545} INFO - Filling up the DagBag from /home/airflow/.local/lib/python3.9/site-packages/airflow/example_dags/example_branch_datetime_operator.py
[2025-12-11T04:29:55.408+0000] {processor.py:840} INFO - DAG(s) 'example_branch_datetime_operator_3', 'example_branch_datetime_operator_2', 'example_branch_datetime_operator' retrieved from /home/airflow/.local/lib/python3.9/site-packages/airflow/example_dags/example_branch_datetime_operator.py
[2025-12-11T04:29:55.501+0000] {logging_mixin.py:188} INFO - [2025-12-11T04:29:55.501+0000] {dag.py:3096} INFO - Sync 3 DAGs
[2025-12-11T04:29:55.553+0000] {logging_mixin.py:188} INFO - [2025-12-11T04:29:55.553+0000] {dag.py:3954} INFO - Setting next_dagrun for example_branch_datetime_operator to 2025-12-10 00:00:00+00:00, run_after=2025-12-11 00:00:00+00:00
[2025-12-11T04:29:55.560+0000] {logging_mixin.py:188} INFO - [2025-12-11T04:29:55.560+0000] {dag.py:3954} INFO - Setting next_dagrun for example_branch_datetime_operator_2 to 2025-12-10 00:00:00+00:00, run_after=2025-12-11 00:00:00+00:00
[2025-12-11T04:29:55.563+0000] {logging_mixin.py:188} INFO - [2025-12-11T04:29:55.563+0000] {dag.py:3954} INFO - Setting next_dagrun for example_branch_datetime_operator_3 to 2025-12-10 00:00:00+00:00, run_after=2025-12-11 00:00:00+00:00
[2025-12-11T04:29:55.587+0000] {processor.py:183} INFO - Processing /home/airflow/.local/lib/python3.9/site-packages/airflow/example_dags/example_branch_datetime_operator.py took 0.231 seconds
[2025-12-11T04:30:25.763+0000] {processor.py:161} INFO - Started process (PID=1591) to work on /home/airflow/.local/lib/python3.9/site-packages/airflow/example_dags/example_branch_datetime_operator.py
[2025-12-11T04:30:25.765+0000] {processor.py:830} INFO - Processing file /home/airflow/.local/lib/python3.9/site-packages/airflow/example_dags/example_branch_datetime_operator.py for tasks to queue
[2025-12-11T04:30:25.768+0000] {logging_mixin.py:188} INFO - [2025-12-11T04:30:25.767+0000] {dagbag.py:545} INFO - Filling up the DagBag from /home/airflow/.local/lib/python3.9/site-packages/airflow/example_dags/example_branch_datetime_operator.py
[2025-12-11T04:30:25.802+0000] {processor.py:840} INFO - DAG(s) 'example_branch_datetime_operator_2', 'example_branch_datetime_operator_3', 'example_branch_datetime_operator' retrieved from /home/airflow/.local/lib/python3.9/site-packages/airflow/example_dags/example_branch_datetime_operator.py
[2025-12-11T04:30:25.921+0000] {logging_mixin.py:188} INFO - [2025-12-11T04:30:25.921+0000] {dag.py:3096} INFO - Sync 3 DAGs
[2025-12-11T04:30:25.998+0000] {logging_mixin.py:188} INFO - [2025-12-11T04:30:25.998+0000] {dag.py:3954} INFO - Setting next_dagrun for example_branch_datetime_operator to 2025-12-10 00:00:00+00:00, run_after=2025-12-11 00:00:00+00:00
[2025-12-11T04:30:26.006+0000] {logging_mixin.py:188} INFO - [2025-12-11T04:30:26.005+0000] {dag.py:3954} INFO - Setting next_dagrun for example_branch_datetime_operator_2 to 2025-12-10 00:00:00+00:00, run_after=2025-12-11 00:00:00+00:00
[2025-12-11T04:30:26.020+0000] {logging_mixin.py:188} INFO - [2025-12-11T04:30:26.019+0000] {dag.py:3954} INFO - Setting next_dagrun for example_branch_datetime_operator_3 to 2025-12-10 00:00:00+00:00, run_after=2025-12-11 00:00:00+00:00
[2025-12-11T04:30:26.061+0000] {processor.py:183} INFO - Processing /home/airflow/.local/lib/python3.9/site-packages/airflow/example_dags/example_branch_datetime_operator.py took 0.323 seconds
[2025-12-11T04:30:56.197+0000] {processor.py:161} INFO - Started process (PID=1656) to work on /home/airflow/.local/lib/python3.9/site-packages/airflow/example_dags/example_branch_datetime_operator.py
[2025-12-11T04:30:56.229+0000] {processor.py:830} INFO - Processing file /home/airflow/.local/lib/python3.9/site-packages/airflow/example_dags/example_branch_datetime_operator.py for tasks to queue
[2025-12-11T04:30:56.232+0000] {logging_mixin.py:188} INFO - [2025-12-11T04:30:56.232+0000] {dagbag.py:545} INFO - Filling up the DagBag from /home/airflow/.local/lib/python3.9/site-packages/airflow/example_dags/example_branch_datetime_operator.py
[2025-12-11T04:30:56.257+0000] {processor.py:840} INFO - DAG(s) 'example_branch_datetime_operator', 'example_branch_datetime_operator_3', 'example_branch_datetime_operator_2' retrieved from /home/airflow/.local/lib/python3.9/site-packages/airflow/example_dags/example_branch_datetime_operator.py
[2025-12-11T04:30:56.326+0000] {logging_mixin.py:188} INFO - [2025-12-11T04:30:56.326+0000] {dag.py:3096} INFO - Sync 3 DAGs
[2025-12-11T04:30:56.367+0000] {logging_mixin.py:188} INFO - [2025-12-11T04:30:56.366+0000] {dag.py:3954} INFO - Setting next_dagrun for example_branch_datetime_operator to 2025-12-10 00:00:00+00:00, run_after=2025-12-11 00:00:00+00:00
[2025-12-11T04:30:56.373+0000] {logging_mixin.py:188} INFO - [2025-12-11T04:30:56.373+0000] {dag.py:3954} INFO - Setting next_dagrun for example_branch_datetime_operator_2 to 2025-12-10 00:00:00+00:00, run_after=2025-12-11 00:00:00+00:00
[2025-12-11T04:30:56.377+0000] {logging_mixin.py:188} INFO - [2025-12-11T04:30:56.376+0000] {dag.py:3954} INFO - Setting next_dagrun for example_branch_datetime_operator_3 to 2025-12-10 00:00:00+00:00, run_after=2025-12-11 00:00:00+00:00
[2025-12-11T04:30:56.750+0000] {processor.py:183} INFO - Processing /home/airflow/.local/lib/python3.9/site-packages/airflow/example_dags/example_branch_datetime_operator.py took 0.572 seconds
[2025-12-11T04:31:26.995+0000] {processor.py:161} INFO - Started process (PID=1722) to work on /home/airflow/.local/lib/python3.9/site-packages/airflow/example_dags/example_branch_datetime_operator.py
[2025-12-11T04:31:26.997+0000] {processor.py:830} INFO - Processing file /home/airflow/.local/lib/python3.9/site-packages/airflow/example_dags/example_branch_datetime_operator.py for tasks to queue
[2025-12-11T04:31:27.000+0000] {logging_mixin.py:188} INFO - [2025-12-11T04:31:26.999+0000] {dagbag.py:545} INFO - Filling up the DagBag from /home/airflow/.local/lib/python3.9/site-packages/airflow/example_dags/example_branch_datetime_operator.py
[2025-12-11T04:31:27.020+0000] {processor.py:840} INFO - DAG(s) 'example_branch_datetime_operator_2', 'example_branch_datetime_operator', 'example_branch_datetime_operator_3' retrieved from /home/airflow/.local/lib/python3.9/site-packages/airflow/example_dags/example_branch_datetime_operator.py
[2025-12-11T04:31:27.077+0000] {logging_mixin.py:188} INFO - [2025-12-11T04:31:27.076+0000] {dag.py:3096} INFO - Sync 3 DAGs
[2025-12-11T04:31:27.128+0000] {logging_mixin.py:188} INFO - [2025-12-11T04:31:27.127+0000] {dag.py:3954} INFO - Setting next_dagrun for example_branch_datetime_operator to 2025-12-10 00:00:00+00:00, run_after=2025-12-11 00:00:00+00:00
[2025-12-11T04:31:27.137+0000] {logging_mixin.py:188} INFO - [2025-12-11T04:31:27.137+0000] {dag.py:3954} INFO - Setting next_dagrun for example_branch_datetime_operator_2 to 2025-12-10 00:00:00+00:00, run_after=2025-12-11 00:00:00+00:00
[2025-12-11T04:31:27.142+0000] {logging_mixin.py:188} INFO - [2025-12-11T04:31:27.141+0000] {dag.py:3954} INFO - Setting next_dagrun for example_branch_datetime_operator_3 to 2025-12-10 00:00:00+00:00, run_after=2025-12-11 00:00:00+00:00
[2025-12-11T04:31:27.171+0000] {processor.py:183} INFO - Processing /home/airflow/.local/lib/python3.9/site-packages/airflow/example_dags/example_branch_datetime_operator.py took 0.186 seconds
[2025-12-11T04:31:57.567+0000] {processor.py:161} INFO - Started process (PID=1788) to work on /home/airflow/.local/lib/python3.9/site-packages/airflow/example_dags/example_branch_datetime_operator.py
[2025-12-11T04:31:57.574+0000] {processor.py:830} INFO - Processing file /home/airflow/.local/lib/python3.9/site-packages/airflow/example_dags/example_branch_datetime_operator.py for tasks to queue
[2025-12-11T04:31:57.577+0000] {logging_mixin.py:188} INFO - [2025-12-11T04:31:57.576+0000] {dagbag.py:545} INFO - Filling up the DagBag from /home/airflow/.local/lib/python3.9/site-packages/airflow/example_dags/example_branch_datetime_operator.py
[2025-12-11T04:31:57.590+0000] {processor.py:840} INFO - DAG(s) 'example_branch_datetime_operator_3', 'example_branch_datetime_operator', 'example_branch_datetime_operator_2' retrieved from /home/airflow/.local/lib/python3.9/site-packages/airflow/example_dags/example_branch_datetime_operator.py
[2025-12-11T04:31:57.641+0000] {logging_mixin.py:188} INFO - [2025-12-11T04:31:57.641+0000] {dag.py:3096} INFO - Sync 3 DAGs
[2025-12-11T04:31:57.688+0000] {logging_mixin.py:188} INFO - [2025-12-11T04:31:57.687+0000] {dag.py:3954} INFO - Setting next_dagrun for example_branch_datetime_operator to 2025-12-10 00:00:00+00:00, run_after=2025-12-11 00:00:00+00:00
[2025-12-11T04:31:57.697+0000] {logging_mixin.py:188} INFO - [2025-12-11T04:31:57.697+0000] {dag.py:3954} INFO - Setting next_dagrun for example_branch_datetime_operator_2 to 2025-12-10 00:00:00+00:00, run_after=2025-12-11 00:00:00+00:00
[2025-12-11T04:31:57.701+0000] {logging_mixin.py:188} INFO - [2025-12-11T04:31:57.701+0000] {dag.py:3954} INFO - Setting next_dagrun for example_branch_datetime_operator_3 to 2025-12-10 00:00:00+00:00, run_after=2025-12-11 00:00:00+00:00
[2025-12-11T04:31:57.734+0000] {processor.py:183} INFO - Processing /home/airflow/.local/lib/python3.9/site-packages/airflow/example_dags/example_branch_datetime_operator.py took 0.177 seconds
[2025-12-11T04:32:27.864+0000] {processor.py:161} INFO - Started process (PID=1854) to work on /home/airflow/.local/lib/python3.9/site-packages/airflow/example_dags/example_branch_datetime_operator.py
[2025-12-11T04:32:27.866+0000] {processor.py:830} INFO - Processing file /home/airflow/.local/lib/python3.9/site-packages/airflow/example_dags/example_branch_datetime_operator.py for tasks to queue
[2025-12-11T04:32:27.868+0000] {logging_mixin.py:188} INFO - [2025-12-11T04:32:27.868+0000] {dagbag.py:545} INFO - Filling up the DagBag from /home/airflow/.local/lib/python3.9/site-packages/airflow/example_dags/example_branch_datetime_operator.py
[2025-12-11T04:32:27.882+0000] {processor.py:840} INFO - DAG(s) 'example_branch_datetime_operator_2', 'example_branch_datetime_operator_3', 'example_branch_datetime_operator' retrieved from /home/airflow/.local/lib/python3.9/site-packages/airflow/example_dags/example_branch_datetime_operator.py
[2025-12-11T04:32:27.929+0000] {logging_mixin.py:188} INFO - [2025-12-11T04:32:27.929+0000] {dag.py:3096} INFO - Sync 3 DAGs
[2025-12-11T04:32:27.983+0000] {logging_mixin.py:188} INFO - [2025-12-11T04:32:27.983+0000] {dag.py:3954} INFO - Setting next_dagrun for example_branch_datetime_operator to 2025-12-10 00:00:00+00:00, run_after=2025-12-11 00:00:00+00:00
[2025-12-11T04:32:27.999+0000] {logging_mixin.py:188} INFO - [2025-12-11T04:32:27.999+0000] {dag.py:3954} INFO - Setting next_dagrun for example_branch_datetime_operator_2 to 2025-12-10 00:00:00+00:00, run_after=2025-12-11 00:00:00+00:00
[2025-12-11T04:32:28.003+0000] {logging_mixin.py:188} INFO - [2025-12-11T04:32:28.002+0000] {dag.py:3954} INFO - Setting next_dagrun for example_branch_datetime_operator_3 to 2025-12-10 00:00:00+00:00, run_after=2025-12-11 00:00:00+00:00
[2025-12-11T04:32:28.060+0000] {processor.py:183} INFO - Processing /home/airflow/.local/lib/python3.9/site-packages/airflow/example_dags/example_branch_datetime_operator.py took 0.205 seconds
[2025-12-11T04:32:58.334+0000] {processor.py:161} INFO - Started process (PID=1920) to work on /home/airflow/.local/lib/python3.9/site-packages/airflow/example_dags/example_branch_datetime_operator.py
[2025-12-11T04:32:58.469+0000] {processor.py:830} INFO - Processing file /home/airflow/.local/lib/python3.9/site-packages/airflow/example_dags/example_branch_datetime_operator.py for tasks to queue
[2025-12-11T04:32:58.472+0000] {logging_mixin.py:188} INFO - [2025-12-11T04:32:58.471+0000] {dagbag.py:545} INFO - Filling up the DagBag from /home/airflow/.local/lib/python3.9/site-packages/airflow/example_dags/example_branch_datetime_operator.py
[2025-12-11T04:32:58.486+0000] {processor.py:840} INFO - DAG(s) 'example_branch_datetime_operator', 'example_branch_datetime_operator_3', 'example_branch_datetime_operator_2' retrieved from /home/airflow/.local/lib/python3.9/site-packages/airflow/example_dags/example_branch_datetime_operator.py
[2025-12-11T04:32:58.529+0000] {logging_mixin.py:188} INFO - [2025-12-11T04:32:58.528+0000] {dag.py:3096} INFO - Sync 3 DAGs
[2025-12-11T04:32:58.568+0000] {logging_mixin.py:188} INFO - [2025-12-11T04:32:58.567+0000] {dag.py:3954} INFO - Setting next_dagrun for example_branch_datetime_operator to 2025-12-10 00:00:00+00:00, run_after=2025-12-11 00:00:00+00:00
[2025-12-11T04:32:58.580+0000] {logging_mixin.py:188} INFO - [2025-12-11T04:32:58.579+0000] {dag.py:3954} INFO - Setting next_dagrun for example_branch_datetime_operator_2 to 2025-12-10 00:00:00+00:00, run_after=2025-12-11 00:00:00+00:00
[2025-12-11T04:32:58.584+0000] {logging_mixin.py:188} INFO - [2025-12-11T04:32:58.584+0000] {dag.py:3954} INFO - Setting next_dagrun for example_branch_datetime_operator_3 to 2025-12-10 00:00:00+00:00, run_after=2025-12-11 00:00:00+00:00
[2025-12-11T04:32:58.692+0000] {processor.py:183} INFO - Processing /home/airflow/.local/lib/python3.9/site-packages/airflow/example_dags/example_branch_datetime_operator.py took 0.369 seconds
[2025-12-11T04:33:28.886+0000] {processor.py:161} INFO - Started process (PID=1986) to work on /home/airflow/.local/lib/python3.9/site-packages/airflow/example_dags/example_branch_datetime_operator.py
[2025-12-11T04:33:28.888+0000] {processor.py:830} INFO - Processing file /home/airflow/.local/lib/python3.9/site-packages/airflow/example_dags/example_branch_datetime_operator.py for tasks to queue
[2025-12-11T04:33:28.898+0000] {logging_mixin.py:188} INFO - [2025-12-11T04:33:28.898+0000] {dagbag.py:545} INFO - Filling up the DagBag from /home/airflow/.local/lib/python3.9/site-packages/airflow/example_dags/example_branch_datetime_operator.py
[2025-12-11T04:33:28.922+0000] {processor.py:840} INFO - DAG(s) 'example_branch_datetime_operator_2', 'example_branch_datetime_operator', 'example_branch_datetime_operator_3' retrieved from /home/airflow/.local/lib/python3.9/site-packages/airflow/example_dags/example_branch_datetime_operator.py
[2025-12-11T04:33:28.988+0000] {logging_mixin.py:188} INFO - [2025-12-11T04:33:28.987+0000] {dag.py:3096} INFO - Sync 3 DAGs
[2025-12-11T04:33:29.078+0000] {logging_mixin.py:188} INFO - [2025-12-11T04:33:29.077+0000] {dag.py:3954} INFO - Setting next_dagrun for example_branch_datetime_operator to 2025-12-10 00:00:00+00:00, run_after=2025-12-11 00:00:00+00:00
[2025-12-11T04:33:29.086+0000] {logging_mixin.py:188} INFO - [2025-12-11T04:33:29.085+0000] {dag.py:3954} INFO - Setting next_dagrun for example_branch_datetime_operator_2 to 2025-12-10 00:00:00+00:00, run_after=2025-12-11 00:00:00+00:00
[2025-12-11T04:33:29.097+0000] {logging_mixin.py:188} INFO - [2025-12-11T04:33:29.089+0000] {dag.py:3954} INFO - Setting next_dagrun for example_branch_datetime_operator_3 to 2025-12-10 00:00:00+00:00, run_after=2025-12-11 00:00:00+00:00
[2025-12-11T04:33:29.142+0000] {processor.py:183} INFO - Processing /home/airflow/.local/lib/python3.9/site-packages/airflow/example_dags/example_branch_datetime_operator.py took 0.273 seconds
[2025-12-11T04:33:59.662+0000] {processor.py:161} INFO - Started process (PID=2054) to work on /home/airflow/.local/lib/python3.9/site-packages/airflow/example_dags/example_branch_datetime_operator.py
[2025-12-11T04:33:59.664+0000] {processor.py:830} INFO - Processing file /home/airflow/.local/lib/python3.9/site-packages/airflow/example_dags/example_branch_datetime_operator.py for tasks to queue
[2025-12-11T04:33:59.666+0000] {logging_mixin.py:188} INFO - [2025-12-11T04:33:59.666+0000] {dagbag.py:545} INFO - Filling up the DagBag from /home/airflow/.local/lib/python3.9/site-packages/airflow/example_dags/example_branch_datetime_operator.py
[2025-12-11T04:33:59.687+0000] {processor.py:840} INFO - DAG(s) 'example_branch_datetime_operator', 'example_branch_datetime_operator_3', 'example_branch_datetime_operator_2' retrieved from /home/airflow/.local/lib/python3.9/site-packages/airflow/example_dags/example_branch_datetime_operator.py
[2025-12-11T04:33:59.759+0000] {logging_mixin.py:188} INFO - [2025-12-11T04:33:59.759+0000] {dag.py:3096} INFO - Sync 3 DAGs
[2025-12-11T04:33:59.808+0000] {logging_mixin.py:188} INFO - [2025-12-11T04:33:59.808+0000] {dag.py:3954} INFO - Setting next_dagrun for example_branch_datetime_operator to 2025-12-10 00:00:00+00:00, run_after=2025-12-11 00:00:00+00:00
[2025-12-11T04:33:59.822+0000] {logging_mixin.py:188} INFO - [2025-12-11T04:33:59.822+0000] {dag.py:3954} INFO - Setting next_dagrun for example_branch_datetime_operator_2 to 2025-12-10 00:00:00+00:00, run_after=2025-12-11 00:00:00+00:00
[2025-12-11T04:33:59.825+0000] {logging_mixin.py:188} INFO - [2025-12-11T04:33:59.825+0000] {dag.py:3954} INFO - Setting next_dagrun for example_branch_datetime_operator_3 to 2025-12-10 00:00:00+00:00, run_after=2025-12-11 00:00:00+00:00
[2025-12-11T04:33:59.863+0000] {processor.py:183} INFO - Processing /home/airflow/.local/lib/python3.9/site-packages/airflow/example_dags/example_branch_datetime_operator.py took 0.219 seconds
[2025-12-11T04:34:30.062+0000] {processor.py:161} INFO - Started process (PID=2121) to work on /home/airflow/.local/lib/python3.9/site-packages/airflow/example_dags/example_branch_datetime_operator.py
[2025-12-11T04:34:30.070+0000] {processor.py:830} INFO - Processing file /home/airflow/.local/lib/python3.9/site-packages/airflow/example_dags/example_branch_datetime_operator.py for tasks to queue
[2025-12-11T04:34:30.079+0000] {logging_mixin.py:188} INFO - [2025-12-11T04:34:30.079+0000] {dagbag.py:545} INFO - Filling up the DagBag from /home/airflow/.local/lib/python3.9/site-packages/airflow/example_dags/example_branch_datetime_operator.py
[2025-12-11T04:34:30.106+0000] {processor.py:840} INFO - DAG(s) 'example_branch_datetime_operator', 'example_branch_datetime_operator_3', 'example_branch_datetime_operator_2' retrieved from /home/airflow/.local/lib/python3.9/site-packages/airflow/example_dags/example_branch_datetime_operator.py
[2025-12-11T04:34:30.184+0000] {logging_mixin.py:188} INFO - [2025-12-11T04:34:30.183+0000] {dag.py:3096} INFO - Sync 3 DAGs
[2025-12-11T04:34:30.249+0000] {logging_mixin.py:188} INFO - [2025-12-11T04:34:30.248+0000] {dag.py:3954} INFO - Setting next_dagrun for example_branch_datetime_operator to 2025-12-10 00:00:00+00:00, run_after=2025-12-11 00:00:00+00:00
[2025-12-11T04:34:30.262+0000] {logging_mixin.py:188} INFO - [2025-12-11T04:34:30.262+0000] {dag.py:3954} INFO - Setting next_dagrun for example_branch_datetime_operator_2 to 2025-12-10 00:00:00+00:00, run_after=2025-12-11 00:00:00+00:00
[2025-12-11T04:34:30.265+0000] {logging_mixin.py:188} INFO - [2025-12-11T04:34:30.265+0000] {dag.py:3954} INFO - Setting next_dagrun for example_branch_datetime_operator_3 to 2025-12-10 00:00:00+00:00, run_after=2025-12-11 00:00:00+00:00
[2025-12-11T04:34:30.319+0000] {processor.py:183} INFO - Processing /home/airflow/.local/lib/python3.9/site-packages/airflow/example_dags/example_branch_datetime_operator.py took 0.278 seconds
[2025-12-11T04:35:00.428+0000] {processor.py:161} INFO - Started process (PID=2186) to work on /home/airflow/.local/lib/python3.9/site-packages/airflow/example_dags/example_branch_datetime_operator.py
[2025-12-11T04:35:00.429+0000] {processor.py:830} INFO - Processing file /home/airflow/.local/lib/python3.9/site-packages/airflow/example_dags/example_branch_datetime_operator.py for tasks to queue
[2025-12-11T04:35:00.433+0000] {logging_mixin.py:188} INFO - [2025-12-11T04:35:00.432+0000] {dagbag.py:545} INFO - Filling up the DagBag from /home/airflow/.local/lib/python3.9/site-packages/airflow/example_dags/example_branch_datetime_operator.py
[2025-12-11T04:35:00.450+0000] {processor.py:840} INFO - DAG(s) 'example_branch_datetime_operator', 'example_branch_datetime_operator_2', 'example_branch_datetime_operator_3' retrieved from /home/airflow/.local/lib/python3.9/site-packages/airflow/example_dags/example_branch_datetime_operator.py
[2025-12-11T04:35:00.501+0000] {logging_mixin.py:188} INFO - [2025-12-11T04:35:00.500+0000] {dag.py:3096} INFO - Sync 3 DAGs
[2025-12-11T04:35:00.544+0000] {logging_mixin.py:188} INFO - [2025-12-11T04:35:00.543+0000] {dag.py:3954} INFO - Setting next_dagrun for example_branch_datetime_operator to 2025-12-10 00:00:00+00:00, run_after=2025-12-11 00:00:00+00:00
[2025-12-11T04:35:00.552+0000] {logging_mixin.py:188} INFO - [2025-12-11T04:35:00.552+0000] {dag.py:3954} INFO - Setting next_dagrun for example_branch_datetime_operator_2 to 2025-12-10 00:00:00+00:00, run_after=2025-12-11 00:00:00+00:00
[2025-12-11T04:35:00.556+0000] {logging_mixin.py:188} INFO - [2025-12-11T04:35:00.556+0000] {dag.py:3954} INFO - Setting next_dagrun for example_branch_datetime_operator_3 to 2025-12-10 00:00:00+00:00, run_after=2025-12-11 00:00:00+00:00
[2025-12-11T04:35:00.582+0000] {processor.py:183} INFO - Processing /home/airflow/.local/lib/python3.9/site-packages/airflow/example_dags/example_branch_datetime_operator.py took 0.168 seconds
[2025-12-11T04:35:31.228+0000] {processor.py:161} INFO - Started process (PID=2254) to work on /home/airflow/.local/lib/python3.9/site-packages/airflow/example_dags/example_branch_datetime_operator.py
[2025-12-11T04:35:31.230+0000] {processor.py:830} INFO - Processing file /home/airflow/.local/lib/python3.9/site-packages/airflow/example_dags/example_branch_datetime_operator.py for tasks to queue
[2025-12-11T04:35:31.237+0000] {logging_mixin.py:188} INFO - [2025-12-11T04:35:31.233+0000] {dagbag.py:545} INFO - Filling up the DagBag from /home/airflow/.local/lib/python3.9/site-packages/airflow/example_dags/example_branch_datetime_operator.py
[2025-12-11T04:35:31.252+0000] {processor.py:840} INFO - DAG(s) 'example_branch_datetime_operator_3', 'example_branch_datetime_operator', 'example_branch_datetime_operator_2' retrieved from /home/airflow/.local/lib/python3.9/site-packages/airflow/example_dags/example_branch_datetime_operator.py
[2025-12-11T04:35:31.300+0000] {logging_mixin.py:188} INFO - [2025-12-11T04:35:31.299+0000] {dag.py:3096} INFO - Sync 3 DAGs
[2025-12-11T04:35:31.379+0000] {logging_mixin.py:188} INFO - [2025-12-11T04:35:31.379+0000] {dag.py:3954} INFO - Setting next_dagrun for example_branch_datetime_operator to 2025-12-10 00:00:00+00:00, run_after=2025-12-11 00:00:00+00:00
[2025-12-11T04:35:31.399+0000] {logging_mixin.py:188} INFO - [2025-12-11T04:35:31.398+0000] {dag.py:3954} INFO - Setting next_dagrun for example_branch_datetime_operator_2 to 2025-12-10 00:00:00+00:00, run_after=2025-12-11 00:00:00+00:00
[2025-12-11T04:35:31.405+0000] {logging_mixin.py:188} INFO - [2025-12-11T04:35:31.404+0000] {dag.py:3954} INFO - Setting next_dagrun for example_branch_datetime_operator_3 to 2025-12-10 00:00:00+00:00, run_after=2025-12-11 00:00:00+00:00
[2025-12-11T04:35:31.483+0000] {processor.py:183} INFO - Processing /home/airflow/.local/lib/python3.9/site-packages/airflow/example_dags/example_branch_datetime_operator.py took 0.264 seconds
[2025-12-11T04:36:02.043+0000] {processor.py:161} INFO - Started process (PID=2321) to work on /home/airflow/.local/lib/python3.9/site-packages/airflow/example_dags/example_branch_datetime_operator.py
[2025-12-11T04:36:02.045+0000] {processor.py:830} INFO - Processing file /home/airflow/.local/lib/python3.9/site-packages/airflow/example_dags/example_branch_datetime_operator.py for tasks to queue
[2025-12-11T04:36:02.047+0000] {logging_mixin.py:188} INFO - [2025-12-11T04:36:02.047+0000] {dagbag.py:545} INFO - Filling up the DagBag from /home/airflow/.local/lib/python3.9/site-packages/airflow/example_dags/example_branch_datetime_operator.py
[2025-12-11T04:36:02.063+0000] {processor.py:840} INFO - DAG(s) 'example_branch_datetime_operator', 'example_branch_datetime_operator_2', 'example_branch_datetime_operator_3' retrieved from /home/airflow/.local/lib/python3.9/site-packages/airflow/example_dags/example_branch_datetime_operator.py
[2025-12-11T04:36:02.121+0000] {logging_mixin.py:188} INFO - [2025-12-11T04:36:02.120+0000] {dag.py:3096} INFO - Sync 3 DAGs
[2025-12-11T04:36:02.161+0000] {logging_mixin.py:188} INFO - [2025-12-11T04:36:02.160+0000] {dag.py:3954} INFO - Setting next_dagrun for example_branch_datetime_operator to 2025-12-10 00:00:00+00:00, run_after=2025-12-11 00:00:00+00:00
[2025-12-11T04:36:02.169+0000] {logging_mixin.py:188} INFO - [2025-12-11T04:36:02.168+0000] {dag.py:3954} INFO - Setting next_dagrun for example_branch_datetime_operator_2 to 2025-12-10 00:00:00+00:00, run_after=2025-12-11 00:00:00+00:00
[2025-12-11T04:36:02.173+0000] {logging_mixin.py:188} INFO - [2025-12-11T04:36:02.172+0000] {dag.py:3954} INFO - Setting next_dagrun for example_branch_datetime_operator_3 to 2025-12-10 00:00:00+00:00, run_after=2025-12-11 00:00:00+00:00
[2025-12-11T04:36:02.203+0000] {processor.py:183} INFO - Processing /home/airflow/.local/lib/python3.9/site-packages/airflow/example_dags/example_branch_datetime_operator.py took 0.172 seconds
[2025-12-11T04:36:32.495+0000] {processor.py:161} INFO - Started process (PID=2388) to work on /home/airflow/.local/lib/python3.9/site-packages/airflow/example_dags/example_branch_datetime_operator.py
[2025-12-11T04:36:32.496+0000] {processor.py:830} INFO - Processing file /home/airflow/.local/lib/python3.9/site-packages/airflow/example_dags/example_branch_datetime_operator.py for tasks to queue
[2025-12-11T04:36:32.499+0000] {logging_mixin.py:188} INFO - [2025-12-11T04:36:32.499+0000] {dagbag.py:545} INFO - Filling up the DagBag from /home/airflow/.local/lib/python3.9/site-packages/airflow/example_dags/example_branch_datetime_operator.py
[2025-12-11T04:36:32.514+0000] {processor.py:840} INFO - DAG(s) 'example_branch_datetime_operator', 'example_branch_datetime_operator_2', 'example_branch_datetime_operator_3' retrieved from /home/airflow/.local/lib/python3.9/site-packages/airflow/example_dags/example_branch_datetime_operator.py
[2025-12-11T04:36:32.563+0000] {logging_mixin.py:188} INFO - [2025-12-11T04:36:32.562+0000] {dag.py:3096} INFO - Sync 3 DAGs
[2025-12-11T04:36:32.616+0000] {logging_mixin.py:188} INFO - [2025-12-11T04:36:32.616+0000] {dag.py:3954} INFO - Setting next_dagrun for example_branch_datetime_operator to 2025-12-10 00:00:00+00:00, run_after=2025-12-11 00:00:00+00:00
[2025-12-11T04:36:32.623+0000] {logging_mixin.py:188} INFO - [2025-12-11T04:36:32.623+0000] {dag.py:3954} INFO - Setting next_dagrun for example_branch_datetime_operator_2 to 2025-12-10 00:00:00+00:00, run_after=2025-12-11 00:00:00+00:00
[2025-12-11T04:36:32.626+0000] {logging_mixin.py:188} INFO - [2025-12-11T04:36:32.626+0000] {dag.py:3954} INFO - Setting next_dagrun for example_branch_datetime_operator_3 to 2025-12-10 00:00:00+00:00, run_after=2025-12-11 00:00:00+00:00
[2025-12-11T04:36:32.650+0000] {processor.py:183} INFO - Processing /home/airflow/.local/lib/python3.9/site-packages/airflow/example_dags/example_branch_datetime_operator.py took 0.166 seconds
[2025-12-11T04:37:03.246+0000] {processor.py:161} INFO - Started process (PID=2455) to work on /home/airflow/.local/lib/python3.9/site-packages/airflow/example_dags/example_branch_datetime_operator.py
[2025-12-11T04:37:03.249+0000] {processor.py:830} INFO - Processing file /home/airflow/.local/lib/python3.9/site-packages/airflow/example_dags/example_branch_datetime_operator.py for tasks to queue
[2025-12-11T04:37:03.252+0000] {logging_mixin.py:188} INFO - [2025-12-11T04:37:03.251+0000] {dagbag.py:545} INFO - Filling up the DagBag from /home/airflow/.local/lib/python3.9/site-packages/airflow/example_dags/example_branch_datetime_operator.py
[2025-12-11T04:37:03.272+0000] {processor.py:840} INFO - DAG(s) 'example_branch_datetime_operator_2', 'example_branch_datetime_operator', 'example_branch_datetime_operator_3' retrieved from /home/airflow/.local/lib/python3.9/site-packages/airflow/example_dags/example_branch_datetime_operator.py
[2025-12-11T04:37:03.328+0000] {logging_mixin.py:188} INFO - [2025-12-11T04:37:03.327+0000] {dag.py:3096} INFO - Sync 3 DAGs
[2025-12-11T04:37:03.377+0000] {logging_mixin.py:188} INFO - [2025-12-11T04:37:03.376+0000] {dag.py:3954} INFO - Setting next_dagrun for example_branch_datetime_operator to 2025-12-10 00:00:00+00:00, run_after=2025-12-11 00:00:00+00:00
[2025-12-11T04:37:03.387+0000] {logging_mixin.py:188} INFO - [2025-12-11T04:37:03.386+0000] {dag.py:3954} INFO - Setting next_dagrun for example_branch_datetime_operator_2 to 2025-12-10 00:00:00+00:00, run_after=2025-12-11 00:00:00+00:00
[2025-12-11T04:37:03.391+0000] {logging_mixin.py:188} INFO - [2025-12-11T04:37:03.391+0000] {dag.py:3954} INFO - Setting next_dagrun for example_branch_datetime_operator_3 to 2025-12-10 00:00:00+00:00, run_after=2025-12-11 00:00:00+00:00
[2025-12-11T04:37:03.523+0000] {processor.py:183} INFO - Processing /home/airflow/.local/lib/python3.9/site-packages/airflow/example_dags/example_branch_datetime_operator.py took 0.290 seconds
[2025-12-11T04:37:33.627+0000] {processor.py:161} INFO - Started process (PID=2522) to work on /home/airflow/.local/lib/python3.9/site-packages/airflow/example_dags/example_branch_datetime_operator.py
[2025-12-11T04:37:33.636+0000] {processor.py:830} INFO - Processing file /home/airflow/.local/lib/python3.9/site-packages/airflow/example_dags/example_branch_datetime_operator.py for tasks to queue
[2025-12-11T04:37:33.639+0000] {logging_mixin.py:188} INFO - [2025-12-11T04:37:33.639+0000] {dagbag.py:545} INFO - Filling up the DagBag from /home/airflow/.local/lib/python3.9/site-packages/airflow/example_dags/example_branch_datetime_operator.py
[2025-12-11T04:37:33.653+0000] {processor.py:840} INFO - DAG(s) 'example_branch_datetime_operator', 'example_branch_datetime_operator_3', 'example_branch_datetime_operator_2' retrieved from /home/airflow/.local/lib/python3.9/site-packages/airflow/example_dags/example_branch_datetime_operator.py
[2025-12-11T04:37:33.720+0000] {logging_mixin.py:188} INFO - [2025-12-11T04:37:33.719+0000] {dag.py:3096} INFO - Sync 3 DAGs
[2025-12-11T04:37:33.799+0000] {logging_mixin.py:188} INFO - [2025-12-11T04:37:33.798+0000] {dag.py:3954} INFO - Setting next_dagrun for example_branch_datetime_operator to 2025-12-10 00:00:00+00:00, run_after=2025-12-11 00:00:00+00:00
[2025-12-11T04:37:33.809+0000] {logging_mixin.py:188} INFO - [2025-12-11T04:37:33.809+0000] {dag.py:3954} INFO - Setting next_dagrun for example_branch_datetime_operator_2 to 2025-12-10 00:00:00+00:00, run_after=2025-12-11 00:00:00+00:00
[2025-12-11T04:37:33.820+0000] {logging_mixin.py:188} INFO - [2025-12-11T04:37:33.820+0000] {dag.py:3954} INFO - Setting next_dagrun for example_branch_datetime_operator_3 to 2025-12-10 00:00:00+00:00, run_after=2025-12-11 00:00:00+00:00
[2025-12-11T04:37:33.857+0000] {processor.py:183} INFO - Processing /home/airflow/.local/lib/python3.9/site-packages/airflow/example_dags/example_branch_datetime_operator.py took 0.240 seconds
[2025-12-11T04:38:03.997+0000] {processor.py:161} INFO - Started process (PID=2589) to work on /home/airflow/.local/lib/python3.9/site-packages/airflow/example_dags/example_branch_datetime_operator.py
[2025-12-11T04:38:04.104+0000] {processor.py:830} INFO - Processing file /home/airflow/.local/lib/python3.9/site-packages/airflow/example_dags/example_branch_datetime_operator.py for tasks to queue
[2025-12-11T04:38:04.107+0000] {logging_mixin.py:188} INFO - [2025-12-11T04:38:04.106+0000] {dagbag.py:545} INFO - Filling up the DagBag from /home/airflow/.local/lib/python3.9/site-packages/airflow/example_dags/example_branch_datetime_operator.py
[2025-12-11T04:38:04.123+0000] {processor.py:840} INFO - DAG(s) 'example_branch_datetime_operator_3', 'example_branch_datetime_operator', 'example_branch_datetime_operator_2' retrieved from /home/airflow/.local/lib/python3.9/site-packages/airflow/example_dags/example_branch_datetime_operator.py
[2025-12-11T04:38:04.201+0000] {logging_mixin.py:188} INFO - [2025-12-11T04:38:04.201+0000] {dag.py:3096} INFO - Sync 3 DAGs
[2025-12-11T04:38:04.239+0000] {logging_mixin.py:188} INFO - [2025-12-11T04:38:04.239+0000] {dag.py:3954} INFO - Setting next_dagrun for example_branch_datetime_operator to 2025-12-10 00:00:00+00:00, run_after=2025-12-11 00:00:00+00:00
[2025-12-11T04:38:04.245+0000] {logging_mixin.py:188} INFO - [2025-12-11T04:38:04.245+0000] {dag.py:3954} INFO - Setting next_dagrun for example_branch_datetime_operator_2 to 2025-12-10 00:00:00+00:00, run_after=2025-12-11 00:00:00+00:00
[2025-12-11T04:38:04.248+0000] {logging_mixin.py:188} INFO - [2025-12-11T04:38:04.248+0000] {dag.py:3954} INFO - Setting next_dagrun for example_branch_datetime_operator_3 to 2025-12-10 00:00:00+00:00, run_after=2025-12-11 00:00:00+00:00
[2025-12-11T04:38:04.340+0000] {processor.py:183} INFO - Processing /home/airflow/.local/lib/python3.9/site-packages/airflow/example_dags/example_branch_datetime_operator.py took 0.352 seconds
[2025-12-11T04:38:35.082+0000] {processor.py:161} INFO - Started process (PID=2656) to work on /home/airflow/.local/lib/python3.9/site-packages/airflow/example_dags/example_branch_datetime_operator.py
[2025-12-11T04:38:35.088+0000] {processor.py:830} INFO - Processing file /home/airflow/.local/lib/python3.9/site-packages/airflow/example_dags/example_branch_datetime_operator.py for tasks to queue
[2025-12-11T04:38:35.091+0000] {logging_mixin.py:188} INFO - [2025-12-11T04:38:35.091+0000] {dagbag.py:545} INFO - Filling up the DagBag from /home/airflow/.local/lib/python3.9/site-packages/airflow/example_dags/example_branch_datetime_operator.py
[2025-12-11T04:38:35.108+0000] {processor.py:840} INFO - DAG(s) 'example_branch_datetime_operator_3', 'example_branch_datetime_operator', 'example_branch_datetime_operator_2' retrieved from /home/airflow/.local/lib/python3.9/site-packages/airflow/example_dags/example_branch_datetime_operator.py
[2025-12-11T04:38:35.157+0000] {logging_mixin.py:188} INFO - [2025-12-11T04:38:35.157+0000] {dag.py:3096} INFO - Sync 3 DAGs
[2025-12-11T04:38:35.203+0000] {logging_mixin.py:188} INFO - [2025-12-11T04:38:35.202+0000] {dag.py:3954} INFO - Setting next_dagrun for example_branch_datetime_operator to 2025-12-10 00:00:00+00:00, run_after=2025-12-11 00:00:00+00:00
[2025-12-11T04:38:35.210+0000] {logging_mixin.py:188} INFO - [2025-12-11T04:38:35.210+0000] {dag.py:3954} INFO - Setting next_dagrun for example_branch_datetime_operator_2 to 2025-12-10 00:00:00+00:00, run_after=2025-12-11 00:00:00+00:00
[2025-12-11T04:38:35.214+0000] {logging_mixin.py:188} INFO - [2025-12-11T04:38:35.213+0000] {dag.py:3954} INFO - Setting next_dagrun for example_branch_datetime_operator_3 to 2025-12-10 00:00:00+00:00, run_after=2025-12-11 00:00:00+00:00
[2025-12-11T04:38:35.241+0000] {processor.py:183} INFO - Processing /home/airflow/.local/lib/python3.9/site-packages/airflow/example_dags/example_branch_datetime_operator.py took 0.171 seconds
[2025-12-11T04:39:05.980+0000] {processor.py:161} INFO - Started process (PID=2723) to work on /home/airflow/.local/lib/python3.9/site-packages/airflow/example_dags/example_branch_datetime_operator.py
[2025-12-11T04:39:05.982+0000] {processor.py:830} INFO - Processing file /home/airflow/.local/lib/python3.9/site-packages/airflow/example_dags/example_branch_datetime_operator.py for tasks to queue
[2025-12-11T04:39:05.985+0000] {logging_mixin.py:188} INFO - [2025-12-11T04:39:05.984+0000] {dagbag.py:545} INFO - Filling up the DagBag from /home/airflow/.local/lib/python3.9/site-packages/airflow/example_dags/example_branch_datetime_operator.py
[2025-12-11T04:39:05.998+0000] {processor.py:840} INFO - DAG(s) 'example_branch_datetime_operator_2', 'example_branch_datetime_operator_3', 'example_branch_datetime_operator' retrieved from /home/airflow/.local/lib/python3.9/site-packages/airflow/example_dags/example_branch_datetime_operator.py
[2025-12-11T04:39:06.048+0000] {logging_mixin.py:188} INFO - [2025-12-11T04:39:06.047+0000] {dag.py:3096} INFO - Sync 3 DAGs
[2025-12-11T04:39:06.088+0000] {logging_mixin.py:188} INFO - [2025-12-11T04:39:06.088+0000] {dag.py:3954} INFO - Setting next_dagrun for example_branch_datetime_operator to 2025-12-10 00:00:00+00:00, run_after=2025-12-11 00:00:00+00:00
[2025-12-11T04:39:06.095+0000] {logging_mixin.py:188} INFO - [2025-12-11T04:39:06.095+0000] {dag.py:3954} INFO - Setting next_dagrun for example_branch_datetime_operator_2 to 2025-12-10 00:00:00+00:00, run_after=2025-12-11 00:00:00+00:00
[2025-12-11T04:39:06.098+0000] {logging_mixin.py:188} INFO - [2025-12-11T04:39:06.098+0000] {dag.py:3954} INFO - Setting next_dagrun for example_branch_datetime_operator_3 to 2025-12-10 00:00:00+00:00, run_after=2025-12-11 00:00:00+00:00
[2025-12-11T04:39:06.122+0000] {processor.py:183} INFO - Processing /home/airflow/.local/lib/python3.9/site-packages/airflow/example_dags/example_branch_datetime_operator.py took 0.151 seconds
[2025-12-11T04:39:36.951+0000] {processor.py:161} INFO - Started process (PID=2789) to work on /home/airflow/.local/lib/python3.9/site-packages/airflow/example_dags/example_branch_datetime_operator.py
[2025-12-11T04:39:36.958+0000] {processor.py:830} INFO - Processing file /home/airflow/.local/lib/python3.9/site-packages/airflow/example_dags/example_branch_datetime_operator.py for tasks to queue
[2025-12-11T04:39:36.960+0000] {logging_mixin.py:188} INFO - [2025-12-11T04:39:36.960+0000] {dagbag.py:545} INFO - Filling up the DagBag from /home/airflow/.local/lib/python3.9/site-packages/airflow/example_dags/example_branch_datetime_operator.py
[2025-12-11T04:39:36.976+0000] {processor.py:840} INFO - DAG(s) 'example_branch_datetime_operator_3', 'example_branch_datetime_operator_2', 'example_branch_datetime_operator' retrieved from /home/airflow/.local/lib/python3.9/site-packages/airflow/example_dags/example_branch_datetime_operator.py
[2025-12-11T04:39:37.027+0000] {logging_mixin.py:188} INFO - [2025-12-11T04:39:37.026+0000] {dag.py:3096} INFO - Sync 3 DAGs
[2025-12-11T04:39:37.069+0000] {logging_mixin.py:188} INFO - [2025-12-11T04:39:37.068+0000] {dag.py:3954} INFO - Setting next_dagrun for example_branch_datetime_operator to 2025-12-10 00:00:00+00:00, run_after=2025-12-11 00:00:00+00:00
[2025-12-11T04:39:37.347+0000] {logging_mixin.py:188} INFO - [2025-12-11T04:39:37.347+0000] {dag.py:3954} INFO - Setting next_dagrun for example_branch_datetime_operator_2 to 2025-12-10 00:00:00+00:00, run_after=2025-12-11 00:00:00+00:00
[2025-12-11T04:39:37.351+0000] {logging_mixin.py:188} INFO - [2025-12-11T04:39:37.350+0000] {dag.py:3954} INFO - Setting next_dagrun for example_branch_datetime_operator_3 to 2025-12-10 00:00:00+00:00, run_after=2025-12-11 00:00:00+00:00
[2025-12-11T04:39:37.375+0000] {processor.py:183} INFO - Processing /home/airflow/.local/lib/python3.9/site-packages/airflow/example_dags/example_branch_datetime_operator.py took 0.433 seconds
[2025-12-11T04:40:08.225+0000] {processor.py:161} INFO - Started process (PID=2856) to work on /home/airflow/.local/lib/python3.9/site-packages/airflow/example_dags/example_branch_datetime_operator.py
[2025-12-11T04:40:08.227+0000] {processor.py:830} INFO - Processing file /home/airflow/.local/lib/python3.9/site-packages/airflow/example_dags/example_branch_datetime_operator.py for tasks to queue
[2025-12-11T04:40:08.230+0000] {logging_mixin.py:188} INFO - [2025-12-11T04:40:08.230+0000] {dagbag.py:545} INFO - Filling up the DagBag from /home/airflow/.local/lib/python3.9/site-packages/airflow/example_dags/example_branch_datetime_operator.py
[2025-12-11T04:40:08.249+0000] {processor.py:840} INFO - DAG(s) 'example_branch_datetime_operator_3', 'example_branch_datetime_operator_2', 'example_branch_datetime_operator' retrieved from /home/airflow/.local/lib/python3.9/site-packages/airflow/example_dags/example_branch_datetime_operator.py
[2025-12-11T04:40:08.297+0000] {logging_mixin.py:188} INFO - [2025-12-11T04:40:08.296+0000] {dag.py:3096} INFO - Sync 3 DAGs
[2025-12-11T04:40:08.348+0000] {logging_mixin.py:188} INFO - [2025-12-11T04:40:08.347+0000] {dag.py:3954} INFO - Setting next_dagrun for example_branch_datetime_operator to 2025-12-10 00:00:00+00:00, run_after=2025-12-11 00:00:00+00:00
[2025-12-11T04:40:08.701+0000] {logging_mixin.py:188} INFO - [2025-12-11T04:40:08.701+0000] {dag.py:3954} INFO - Setting next_dagrun for example_branch_datetime_operator_2 to 2025-12-10 00:00:00+00:00, run_after=2025-12-11 00:00:00+00:00
[2025-12-11T04:40:08.706+0000] {logging_mixin.py:188} INFO - [2025-12-11T04:40:08.706+0000] {dag.py:3954} INFO - Setting next_dagrun for example_branch_datetime_operator_3 to 2025-12-10 00:00:00+00:00, run_after=2025-12-11 00:00:00+00:00
[2025-12-11T04:40:08.750+0000] {processor.py:183} INFO - Processing /home/airflow/.local/lib/python3.9/site-packages/airflow/example_dags/example_branch_datetime_operator.py took 0.538 seconds
[2025-12-11T04:40:39.153+0000] {processor.py:161} INFO - Started process (PID=2923) to work on /home/airflow/.local/lib/python3.9/site-packages/airflow/example_dags/example_branch_datetime_operator.py
[2025-12-11T04:40:39.155+0000] {processor.py:830} INFO - Processing file /home/airflow/.local/lib/python3.9/site-packages/airflow/example_dags/example_branch_datetime_operator.py for tasks to queue
[2025-12-11T04:40:39.157+0000] {logging_mixin.py:188} INFO - [2025-12-11T04:40:39.157+0000] {dagbag.py:545} INFO - Filling up the DagBag from /home/airflow/.local/lib/python3.9/site-packages/airflow/example_dags/example_branch_datetime_operator.py
[2025-12-11T04:40:39.173+0000] {processor.py:840} INFO - DAG(s) 'example_branch_datetime_operator_3', 'example_branch_datetime_operator_2', 'example_branch_datetime_operator' retrieved from /home/airflow/.local/lib/python3.9/site-packages/airflow/example_dags/example_branch_datetime_operator.py
[2025-12-11T04:40:39.218+0000] {logging_mixin.py:188} INFO - [2025-12-11T04:40:39.217+0000] {dag.py:3096} INFO - Sync 3 DAGs
[2025-12-11T04:40:39.254+0000] {logging_mixin.py:188} INFO - [2025-12-11T04:40:39.254+0000] {dag.py:3954} INFO - Setting next_dagrun for example_branch_datetime_operator to 2025-12-10 00:00:00+00:00, run_after=2025-12-11 00:00:00+00:00
[2025-12-11T04:40:39.500+0000] {logging_mixin.py:188} INFO - [2025-12-11T04:40:39.499+0000] {dag.py:3954} INFO - Setting next_dagrun for example_branch_datetime_operator_2 to 2025-12-10 00:00:00+00:00, run_after=2025-12-11 00:00:00+00:00
[2025-12-11T04:40:39.503+0000] {logging_mixin.py:188} INFO - [2025-12-11T04:40:39.503+0000] {dag.py:3954} INFO - Setting next_dagrun for example_branch_datetime_operator_3 to 2025-12-10 00:00:00+00:00, run_after=2025-12-11 00:00:00+00:00
[2025-12-11T04:40:39.525+0000] {processor.py:183} INFO - Processing /home/airflow/.local/lib/python3.9/site-packages/airflow/example_dags/example_branch_datetime_operator.py took 0.383 seconds
[2025-12-11T04:41:10.486+0000] {processor.py:161} INFO - Started process (PID=2990) to work on /home/airflow/.local/lib/python3.9/site-packages/airflow/example_dags/example_branch_datetime_operator.py
[2025-12-11T04:41:10.779+0000] {processor.py:830} INFO - Processing file /home/airflow/.local/lib/python3.9/site-packages/airflow/example_dags/example_branch_datetime_operator.py for tasks to queue
[2025-12-11T04:41:10.783+0000] {logging_mixin.py:188} INFO - [2025-12-11T04:41:10.782+0000] {dagbag.py:545} INFO - Filling up the DagBag from /home/airflow/.local/lib/python3.9/site-packages/airflow/example_dags/example_branch_datetime_operator.py
[2025-12-11T04:41:10.802+0000] {processor.py:840} INFO - DAG(s) 'example_branch_datetime_operator', 'example_branch_datetime_operator_3', 'example_branch_datetime_operator_2' retrieved from /home/airflow/.local/lib/python3.9/site-packages/airflow/example_dags/example_branch_datetime_operator.py
[2025-12-11T04:41:10.864+0000] {logging_mixin.py:188} INFO - [2025-12-11T04:41:10.863+0000] {dag.py:3096} INFO - Sync 3 DAGs
[2025-12-11T04:41:10.902+0000] {logging_mixin.py:188} INFO - [2025-12-11T04:41:10.902+0000] {dag.py:3954} INFO - Setting next_dagrun for example_branch_datetime_operator to 2025-12-10 00:00:00+00:00, run_after=2025-12-11 00:00:00+00:00
[2025-12-11T04:41:10.911+0000] {logging_mixin.py:188} INFO - [2025-12-11T04:41:10.911+0000] {dag.py:3954} INFO - Setting next_dagrun for example_branch_datetime_operator_2 to 2025-12-10 00:00:00+00:00, run_after=2025-12-11 00:00:00+00:00
[2025-12-11T04:41:10.915+0000] {logging_mixin.py:188} INFO - [2025-12-11T04:41:10.915+0000] {dag.py:3954} INFO - Setting next_dagrun for example_branch_datetime_operator_3 to 2025-12-10 00:00:00+00:00, run_after=2025-12-11 00:00:00+00:00
[2025-12-11T04:41:11.040+0000] {processor.py:183} INFO - Processing /home/airflow/.local/lib/python3.9/site-packages/airflow/example_dags/example_branch_datetime_operator.py took 0.564 seconds
[2025-12-11T04:41:41.131+0000] {processor.py:161} INFO - Started process (PID=3057) to work on /home/airflow/.local/lib/python3.9/site-packages/airflow/example_dags/example_branch_datetime_operator.py
[2025-12-11T04:41:41.141+0000] {processor.py:830} INFO - Processing file /home/airflow/.local/lib/python3.9/site-packages/airflow/example_dags/example_branch_datetime_operator.py for tasks to queue
[2025-12-11T04:41:41.143+0000] {logging_mixin.py:188} INFO - [2025-12-11T04:41:41.143+0000] {dagbag.py:545} INFO - Filling up the DagBag from /home/airflow/.local/lib/python3.9/site-packages/airflow/example_dags/example_branch_datetime_operator.py
[2025-12-11T04:41:41.158+0000] {processor.py:840} INFO - DAG(s) 'example_branch_datetime_operator_3', 'example_branch_datetime_operator', 'example_branch_datetime_operator_2' retrieved from /home/airflow/.local/lib/python3.9/site-packages/airflow/example_dags/example_branch_datetime_operator.py
[2025-12-11T04:41:41.204+0000] {logging_mixin.py:188} INFO - [2025-12-11T04:41:41.204+0000] {dag.py:3096} INFO - Sync 3 DAGs
[2025-12-11T04:41:41.245+0000] {logging_mixin.py:188} INFO - [2025-12-11T04:41:41.244+0000] {dag.py:3954} INFO - Setting next_dagrun for example_branch_datetime_operator to 2025-12-10 00:00:00+00:00, run_after=2025-12-11 00:00:00+00:00
[2025-12-11T04:41:41.251+0000] {logging_mixin.py:188} INFO - [2025-12-11T04:41:41.251+0000] {dag.py:3954} INFO - Setting next_dagrun for example_branch_datetime_operator_2 to 2025-12-10 00:00:00+00:00, run_after=2025-12-11 00:00:00+00:00
[2025-12-11T04:41:41.255+0000] {logging_mixin.py:188} INFO - [2025-12-11T04:41:41.255+0000] {dag.py:3954} INFO - Setting next_dagrun for example_branch_datetime_operator_3 to 2025-12-10 00:00:00+00:00, run_after=2025-12-11 00:00:00+00:00
[2025-12-11T04:41:41.279+0000] {processor.py:183} INFO - Processing /home/airflow/.local/lib/python3.9/site-packages/airflow/example_dags/example_branch_datetime_operator.py took 0.159 seconds
[2025-12-11T04:42:12.146+0000] {processor.py:161} INFO - Started process (PID=3125) to work on /home/airflow/.local/lib/python3.9/site-packages/airflow/example_dags/example_branch_datetime_operator.py
[2025-12-11T04:42:12.151+0000] {processor.py:830} INFO - Processing file /home/airflow/.local/lib/python3.9/site-packages/airflow/example_dags/example_branch_datetime_operator.py for tasks to queue
[2025-12-11T04:42:12.154+0000] {logging_mixin.py:188} INFO - [2025-12-11T04:42:12.153+0000] {dagbag.py:545} INFO - Filling up the DagBag from /home/airflow/.local/lib/python3.9/site-packages/airflow/example_dags/example_branch_datetime_operator.py
[2025-12-11T04:42:12.174+0000] {processor.py:840} INFO - DAG(s) 'example_branch_datetime_operator_3', 'example_branch_datetime_operator_2', 'example_branch_datetime_operator' retrieved from /home/airflow/.local/lib/python3.9/site-packages/airflow/example_dags/example_branch_datetime_operator.py
[2025-12-11T04:42:12.225+0000] {logging_mixin.py:188} INFO - [2025-12-11T04:42:12.225+0000] {dag.py:3096} INFO - Sync 3 DAGs
[2025-12-11T04:42:12.264+0000] {logging_mixin.py:188} INFO - [2025-12-11T04:42:12.263+0000] {dag.py:3954} INFO - Setting next_dagrun for example_branch_datetime_operator to 2025-12-10 00:00:00+00:00, run_after=2025-12-11 00:00:00+00:00
[2025-12-11T04:42:12.271+0000] {logging_mixin.py:188} INFO - [2025-12-11T04:42:12.270+0000] {dag.py:3954} INFO - Setting next_dagrun for example_branch_datetime_operator_2 to 2025-12-10 00:00:00+00:00, run_after=2025-12-11 00:00:00+00:00
[2025-12-11T04:42:12.273+0000] {logging_mixin.py:188} INFO - [2025-12-11T04:42:12.273+0000] {dag.py:3954} INFO - Setting next_dagrun for example_branch_datetime_operator_3 to 2025-12-10 00:00:00+00:00, run_after=2025-12-11 00:00:00+00:00
[2025-12-11T04:42:12.301+0000] {processor.py:183} INFO - Processing /home/airflow/.local/lib/python3.9/site-packages/airflow/example_dags/example_branch_datetime_operator.py took 0.166 seconds
[2025-12-11T04:42:42.729+0000] {processor.py:161} INFO - Started process (PID=3192) to work on /home/airflow/.local/lib/python3.9/site-packages/airflow/example_dags/example_branch_datetime_operator.py
[2025-12-11T04:42:42.738+0000] {processor.py:830} INFO - Processing file /home/airflow/.local/lib/python3.9/site-packages/airflow/example_dags/example_branch_datetime_operator.py for tasks to queue
[2025-12-11T04:42:42.741+0000] {logging_mixin.py:188} INFO - [2025-12-11T04:42:42.741+0000] {dagbag.py:545} INFO - Filling up the DagBag from /home/airflow/.local/lib/python3.9/site-packages/airflow/example_dags/example_branch_datetime_operator.py
[2025-12-11T04:42:42.766+0000] {processor.py:840} INFO - DAG(s) 'example_branch_datetime_operator_2', 'example_branch_datetime_operator', 'example_branch_datetime_operator_3' retrieved from /home/airflow/.local/lib/python3.9/site-packages/airflow/example_dags/example_branch_datetime_operator.py
[2025-12-11T04:42:42.847+0000] {logging_mixin.py:188} INFO - [2025-12-11T04:42:42.846+0000] {dag.py:3096} INFO - Sync 3 DAGs
[2025-12-11T04:42:42.929+0000] {logging_mixin.py:188} INFO - [2025-12-11T04:42:42.929+0000] {dag.py:3954} INFO - Setting next_dagrun for example_branch_datetime_operator to 2025-12-10 00:00:00+00:00, run_after=2025-12-11 00:00:00+00:00
[2025-12-11T04:42:42.944+0000] {logging_mixin.py:188} INFO - [2025-12-11T04:42:42.943+0000] {dag.py:3954} INFO - Setting next_dagrun for example_branch_datetime_operator_2 to 2025-12-10 00:00:00+00:00, run_after=2025-12-11 00:00:00+00:00
[2025-12-11T04:42:42.948+0000] {logging_mixin.py:188} INFO - [2025-12-11T04:42:42.948+0000] {dag.py:3954} INFO - Setting next_dagrun for example_branch_datetime_operator_3 to 2025-12-10 00:00:00+00:00, run_after=2025-12-11 00:00:00+00:00
[2025-12-11T04:42:42.997+0000] {processor.py:183} INFO - Processing /home/airflow/.local/lib/python3.9/site-packages/airflow/example_dags/example_branch_datetime_operator.py took 0.280 seconds
[2025-12-11T04:43:13.833+0000] {processor.py:161} INFO - Started process (PID=3259) to work on /home/airflow/.local/lib/python3.9/site-packages/airflow/example_dags/example_branch_datetime_operator.py
[2025-12-11T04:43:13.835+0000] {processor.py:830} INFO - Processing file /home/airflow/.local/lib/python3.9/site-packages/airflow/example_dags/example_branch_datetime_operator.py for tasks to queue
[2025-12-11T04:43:13.839+0000] {logging_mixin.py:188} INFO - [2025-12-11T04:43:13.838+0000] {dagbag.py:545} INFO - Filling up the DagBag from /home/airflow/.local/lib/python3.9/site-packages/airflow/example_dags/example_branch_datetime_operator.py
[2025-12-11T04:43:13.855+0000] {processor.py:840} INFO - DAG(s) 'example_branch_datetime_operator_3', 'example_branch_datetime_operator', 'example_branch_datetime_operator_2' retrieved from /home/airflow/.local/lib/python3.9/site-packages/airflow/example_dags/example_branch_datetime_operator.py
[2025-12-11T04:43:13.902+0000] {logging_mixin.py:188} INFO - [2025-12-11T04:43:13.902+0000] {dag.py:3096} INFO - Sync 3 DAGs
[2025-12-11T04:43:13.941+0000] {logging_mixin.py:188} INFO - [2025-12-11T04:43:13.941+0000] {dag.py:3954} INFO - Setting next_dagrun for example_branch_datetime_operator to 2025-12-10 00:00:00+00:00, run_after=2025-12-11 00:00:00+00:00
[2025-12-11T04:43:13.948+0000] {logging_mixin.py:188} INFO - [2025-12-11T04:43:13.947+0000] {dag.py:3954} INFO - Setting next_dagrun for example_branch_datetime_operator_2 to 2025-12-10 00:00:00+00:00, run_after=2025-12-11 00:00:00+00:00
[2025-12-11T04:43:13.950+0000] {logging_mixin.py:188} INFO - [2025-12-11T04:43:13.950+0000] {dag.py:3954} INFO - Setting next_dagrun for example_branch_datetime_operator_3 to 2025-12-10 00:00:00+00:00, run_after=2025-12-11 00:00:00+00:00
[2025-12-11T04:43:13.971+0000] {processor.py:183} INFO - Processing /home/airflow/.local/lib/python3.9/site-packages/airflow/example_dags/example_branch_datetime_operator.py took 0.150 seconds
[2025-12-11T04:43:44.541+0000] {processor.py:161} INFO - Started process (PID=3326) to work on /home/airflow/.local/lib/python3.9/site-packages/airflow/example_dags/example_branch_datetime_operator.py
[2025-12-11T04:43:44.545+0000] {processor.py:830} INFO - Processing file /home/airflow/.local/lib/python3.9/site-packages/airflow/example_dags/example_branch_datetime_operator.py for tasks to queue
[2025-12-11T04:43:44.549+0000] {logging_mixin.py:188} INFO - [2025-12-11T04:43:44.548+0000] {dagbag.py:545} INFO - Filling up the DagBag from /home/airflow/.local/lib/python3.9/site-packages/airflow/example_dags/example_branch_datetime_operator.py
[2025-12-11T04:43:44.586+0000] {processor.py:840} INFO - DAG(s) 'example_branch_datetime_operator_3', 'example_branch_datetime_operator', 'example_branch_datetime_operator_2' retrieved from /home/airflow/.local/lib/python3.9/site-packages/airflow/example_dags/example_branch_datetime_operator.py
[2025-12-11T04:43:44.656+0000] {logging_mixin.py:188} INFO - [2025-12-11T04:43:44.655+0000] {dag.py:3096} INFO - Sync 3 DAGs
[2025-12-11T04:43:44.712+0000] {logging_mixin.py:188} INFO - [2025-12-11T04:43:44.712+0000] {dag.py:3954} INFO - Setting next_dagrun for example_branch_datetime_operator to 2025-12-10 00:00:00+00:00, run_after=2025-12-11 00:00:00+00:00
[2025-12-11T04:43:44.721+0000] {logging_mixin.py:188} INFO - [2025-12-11T04:43:44.721+0000] {dag.py:3954} INFO - Setting next_dagrun for example_branch_datetime_operator_2 to 2025-12-10 00:00:00+00:00, run_after=2025-12-11 00:00:00+00:00
[2025-12-11T04:43:44.725+0000] {logging_mixin.py:188} INFO - [2025-12-11T04:43:44.725+0000] {dag.py:3954} INFO - Setting next_dagrun for example_branch_datetime_operator_3 to 2025-12-10 00:00:00+00:00, run_after=2025-12-11 00:00:00+00:00
[2025-12-11T04:43:44.808+0000] {processor.py:183} INFO - Processing /home/airflow/.local/lib/python3.9/site-packages/airflow/example_dags/example_branch_datetime_operator.py took 0.281 seconds
[2025-12-11T04:44:15.320+0000] {processor.py:161} INFO - Started process (PID=3393) to work on /home/airflow/.local/lib/python3.9/site-packages/airflow/example_dags/example_branch_datetime_operator.py
[2025-12-11T04:44:15.323+0000] {processor.py:830} INFO - Processing file /home/airflow/.local/lib/python3.9/site-packages/airflow/example_dags/example_branch_datetime_operator.py for tasks to queue
[2025-12-11T04:44:15.327+0000] {logging_mixin.py:188} INFO - [2025-12-11T04:44:15.326+0000] {dagbag.py:545} INFO - Filling up the DagBag from /home/airflow/.local/lib/python3.9/site-packages/airflow/example_dags/example_branch_datetime_operator.py
[2025-12-11T04:44:15.348+0000] {processor.py:840} INFO - DAG(s) 'example_branch_datetime_operator', 'example_branch_datetime_operator_2', 'example_branch_datetime_operator_3' retrieved from /home/airflow/.local/lib/python3.9/site-packages/airflow/example_dags/example_branch_datetime_operator.py
[2025-12-11T04:44:15.419+0000] {logging_mixin.py:188} INFO - [2025-12-11T04:44:15.418+0000] {dag.py:3096} INFO - Sync 3 DAGs
[2025-12-11T04:44:15.463+0000] {logging_mixin.py:188} INFO - [2025-12-11T04:44:15.462+0000] {dag.py:3954} INFO - Setting next_dagrun for example_branch_datetime_operator to 2025-12-10 00:00:00+00:00, run_after=2025-12-11 00:00:00+00:00
[2025-12-11T04:44:15.470+0000] {logging_mixin.py:188} INFO - [2025-12-11T04:44:15.470+0000] {dag.py:3954} INFO - Setting next_dagrun for example_branch_datetime_operator_2 to 2025-12-10 00:00:00+00:00, run_after=2025-12-11 00:00:00+00:00
[2025-12-11T04:44:15.474+0000] {logging_mixin.py:188} INFO - [2025-12-11T04:44:15.474+0000] {dag.py:3954} INFO - Setting next_dagrun for example_branch_datetime_operator_3 to 2025-12-10 00:00:00+00:00, run_after=2025-12-11 00:00:00+00:00
[2025-12-11T04:44:15.502+0000] {processor.py:183} INFO - Processing /home/airflow/.local/lib/python3.9/site-packages/airflow/example_dags/example_branch_datetime_operator.py took 0.196 seconds
[2025-12-11T04:44:45.751+0000] {processor.py:161} INFO - Started process (PID=3460) to work on /home/airflow/.local/lib/python3.9/site-packages/airflow/example_dags/example_branch_datetime_operator.py
[2025-12-11T04:44:45.755+0000] {processor.py:830} INFO - Processing file /home/airflow/.local/lib/python3.9/site-packages/airflow/example_dags/example_branch_datetime_operator.py for tasks to queue
[2025-12-11T04:44:45.760+0000] {logging_mixin.py:188} INFO - [2025-12-11T04:44:45.759+0000] {dagbag.py:545} INFO - Filling up the DagBag from /home/airflow/.local/lib/python3.9/site-packages/airflow/example_dags/example_branch_datetime_operator.py
[2025-12-11T04:44:45.786+0000] {processor.py:840} INFO - DAG(s) 'example_branch_datetime_operator', 'example_branch_datetime_operator_2', 'example_branch_datetime_operator_3' retrieved from /home/airflow/.local/lib/python3.9/site-packages/airflow/example_dags/example_branch_datetime_operator.py
[2025-12-11T04:44:45.901+0000] {logging_mixin.py:188} INFO - [2025-12-11T04:44:45.900+0000] {dag.py:3096} INFO - Sync 3 DAGs
[2025-12-11T04:44:46.021+0000] {logging_mixin.py:188} INFO - [2025-12-11T04:44:46.020+0000] {dag.py:3954} INFO - Setting next_dagrun for example_branch_datetime_operator to 2025-12-10 00:00:00+00:00, run_after=2025-12-11 00:00:00+00:00
[2025-12-11T04:44:46.047+0000] {logging_mixin.py:188} INFO - [2025-12-11T04:44:46.046+0000] {dag.py:3954} INFO - Setting next_dagrun for example_branch_datetime_operator_2 to 2025-12-10 00:00:00+00:00, run_after=2025-12-11 00:00:00+00:00
[2025-12-11T04:44:46.058+0000] {logging_mixin.py:188} INFO - [2025-12-11T04:44:46.058+0000] {dag.py:3954} INFO - Setting next_dagrun for example_branch_datetime_operator_3 to 2025-12-10 00:00:00+00:00, run_after=2025-12-11 00:00:00+00:00
[2025-12-11T04:44:46.119+0000] {processor.py:183} INFO - Processing /home/airflow/.local/lib/python3.9/site-packages/airflow/example_dags/example_branch_datetime_operator.py took 0.381 seconds
[2025-12-11T04:45:17.281+0000] {processor.py:161} INFO - Started process (PID=3529) to work on /home/airflow/.local/lib/python3.9/site-packages/airflow/example_dags/example_branch_datetime_operator.py
[2025-12-11T04:45:17.283+0000] {processor.py:830} INFO - Processing file /home/airflow/.local/lib/python3.9/site-packages/airflow/example_dags/example_branch_datetime_operator.py for tasks to queue
[2025-12-11T04:45:17.287+0000] {logging_mixin.py:188} INFO - [2025-12-11T04:45:17.286+0000] {dagbag.py:545} INFO - Filling up the DagBag from /home/airflow/.local/lib/python3.9/site-packages/airflow/example_dags/example_branch_datetime_operator.py
[2025-12-11T04:45:17.323+0000] {processor.py:840} INFO - DAG(s) 'example_branch_datetime_operator', 'example_branch_datetime_operator_3', 'example_branch_datetime_operator_2' retrieved from /home/airflow/.local/lib/python3.9/site-packages/airflow/example_dags/example_branch_datetime_operator.py
[2025-12-11T04:45:17.406+0000] {logging_mixin.py:188} INFO - [2025-12-11T04:45:17.406+0000] {dag.py:3096} INFO - Sync 3 DAGs
[2025-12-11T04:45:17.464+0000] {logging_mixin.py:188} INFO - [2025-12-11T04:45:17.464+0000] {dag.py:3954} INFO - Setting next_dagrun for example_branch_datetime_operator to 2025-12-10 00:00:00+00:00, run_after=2025-12-11 00:00:00+00:00
[2025-12-11T04:45:17.480+0000] {logging_mixin.py:188} INFO - [2025-12-11T04:45:17.479+0000] {dag.py:3954} INFO - Setting next_dagrun for example_branch_datetime_operator_2 to 2025-12-10 00:00:00+00:00, run_after=2025-12-11 00:00:00+00:00
[2025-12-11T04:45:17.484+0000] {logging_mixin.py:188} INFO - [2025-12-11T04:45:17.483+0000] {dag.py:3954} INFO - Setting next_dagrun for example_branch_datetime_operator_3 to 2025-12-10 00:00:00+00:00, run_after=2025-12-11 00:00:00+00:00
[2025-12-11T04:45:17.529+0000] {processor.py:183} INFO - Processing /home/airflow/.local/lib/python3.9/site-packages/airflow/example_dags/example_branch_datetime_operator.py took 0.263 seconds
[2025-12-11T04:45:48.123+0000] {processor.py:161} INFO - Started process (PID=3598) to work on /home/airflow/.local/lib/python3.9/site-packages/airflow/example_dags/example_branch_datetime_operator.py
[2025-12-11T04:45:48.132+0000] {processor.py:830} INFO - Processing file /home/airflow/.local/lib/python3.9/site-packages/airflow/example_dags/example_branch_datetime_operator.py for tasks to queue
[2025-12-11T04:45:48.139+0000] {logging_mixin.py:188} INFO - [2025-12-11T04:45:48.138+0000] {dagbag.py:545} INFO - Filling up the DagBag from /home/airflow/.local/lib/python3.9/site-packages/airflow/example_dags/example_branch_datetime_operator.py
[2025-12-11T04:45:48.163+0000] {processor.py:840} INFO - DAG(s) 'example_branch_datetime_operator_2', 'example_branch_datetime_operator', 'example_branch_datetime_operator_3' retrieved from /home/airflow/.local/lib/python3.9/site-packages/airflow/example_dags/example_branch_datetime_operator.py
[2025-12-11T04:45:48.246+0000] {logging_mixin.py:188} INFO - [2025-12-11T04:45:48.245+0000] {dag.py:3096} INFO - Sync 3 DAGs
[2025-12-11T04:45:48.301+0000] {logging_mixin.py:188} INFO - [2025-12-11T04:45:48.301+0000] {dag.py:3954} INFO - Setting next_dagrun for example_branch_datetime_operator to 2025-12-10 00:00:00+00:00, run_after=2025-12-11 00:00:00+00:00
[2025-12-11T04:45:48.308+0000] {logging_mixin.py:188} INFO - [2025-12-11T04:45:48.307+0000] {dag.py:3954} INFO - Setting next_dagrun for example_branch_datetime_operator_2 to 2025-12-10 00:00:00+00:00, run_after=2025-12-11 00:00:00+00:00
[2025-12-11T04:45:48.317+0000] {logging_mixin.py:188} INFO - [2025-12-11T04:45:48.317+0000] {dag.py:3954} INFO - Setting next_dagrun for example_branch_datetime_operator_3 to 2025-12-10 00:00:00+00:00, run_after=2025-12-11 00:00:00+00:00
[2025-12-11T04:45:48.347+0000] {processor.py:183} INFO - Processing /home/airflow/.local/lib/python3.9/site-packages/airflow/example_dags/example_branch_datetime_operator.py took 0.243 seconds
[2025-12-11T04:46:18.967+0000] {processor.py:161} INFO - Started process (PID=3672) to work on /home/airflow/.local/lib/python3.9/site-packages/airflow/example_dags/example_branch_datetime_operator.py
[2025-12-11T04:46:18.997+0000] {processor.py:830} INFO - Processing file /home/airflow/.local/lib/python3.9/site-packages/airflow/example_dags/example_branch_datetime_operator.py for tasks to queue
[2025-12-11T04:46:19.001+0000] {logging_mixin.py:188} INFO - [2025-12-11T04:46:19.001+0000] {dagbag.py:545} INFO - Filling up the DagBag from /home/airflow/.local/lib/python3.9/site-packages/airflow/example_dags/example_branch_datetime_operator.py
[2025-12-11T04:46:19.028+0000] {processor.py:840} INFO - DAG(s) 'example_branch_datetime_operator_3', 'example_branch_datetime_operator_2', 'example_branch_datetime_operator' retrieved from /home/airflow/.local/lib/python3.9/site-packages/airflow/example_dags/example_branch_datetime_operator.py
[2025-12-11T04:46:19.091+0000] {logging_mixin.py:188} INFO - [2025-12-11T04:46:19.091+0000] {dag.py:3096} INFO - Sync 3 DAGs
[2025-12-11T04:46:19.147+0000] {logging_mixin.py:188} INFO - [2025-12-11T04:46:19.146+0000] {dag.py:3954} INFO - Setting next_dagrun for example_branch_datetime_operator to 2025-12-10 00:00:00+00:00, run_after=2025-12-11 00:00:00+00:00
[2025-12-11T04:46:19.157+0000] {logging_mixin.py:188} INFO - [2025-12-11T04:46:19.156+0000] {dag.py:3954} INFO - Setting next_dagrun for example_branch_datetime_operator_2 to 2025-12-10 00:00:00+00:00, run_after=2025-12-11 00:00:00+00:00
[2025-12-11T04:46:19.162+0000] {logging_mixin.py:188} INFO - [2025-12-11T04:46:19.162+0000] {dag.py:3954} INFO - Setting next_dagrun for example_branch_datetime_operator_3 to 2025-12-10 00:00:00+00:00, run_after=2025-12-11 00:00:00+00:00
[2025-12-11T04:46:19.248+0000] {processor.py:183} INFO - Processing /home/airflow/.local/lib/python3.9/site-packages/airflow/example_dags/example_branch_datetime_operator.py took 0.291 seconds
[2025-12-11T04:46:49.426+0000] {processor.py:161} INFO - Started process (PID=3739) to work on /home/airflow/.local/lib/python3.9/site-packages/airflow/example_dags/example_branch_datetime_operator.py
[2025-12-11T04:46:49.428+0000] {processor.py:830} INFO - Processing file /home/airflow/.local/lib/python3.9/site-packages/airflow/example_dags/example_branch_datetime_operator.py for tasks to queue
[2025-12-11T04:46:49.430+0000] {logging_mixin.py:188} INFO - [2025-12-11T04:46:49.430+0000] {dagbag.py:545} INFO - Filling up the DagBag from /home/airflow/.local/lib/python3.9/site-packages/airflow/example_dags/example_branch_datetime_operator.py
[2025-12-11T04:46:49.448+0000] {processor.py:840} INFO - DAG(s) 'example_branch_datetime_operator', 'example_branch_datetime_operator_3', 'example_branch_datetime_operator_2' retrieved from /home/airflow/.local/lib/python3.9/site-packages/airflow/example_dags/example_branch_datetime_operator.py
[2025-12-11T04:46:49.499+0000] {logging_mixin.py:188} INFO - [2025-12-11T04:46:49.499+0000] {dag.py:3096} INFO - Sync 3 DAGs
[2025-12-11T04:46:49.538+0000] {logging_mixin.py:188} INFO - [2025-12-11T04:46:49.538+0000] {dag.py:3954} INFO - Setting next_dagrun for example_branch_datetime_operator to 2025-12-10 00:00:00+00:00, run_after=2025-12-11 00:00:00+00:00
[2025-12-11T04:46:49.544+0000] {logging_mixin.py:188} INFO - [2025-12-11T04:46:49.544+0000] {dag.py:3954} INFO - Setting next_dagrun for example_branch_datetime_operator_2 to 2025-12-10 00:00:00+00:00, run_after=2025-12-11 00:00:00+00:00
[2025-12-11T04:46:49.548+0000] {logging_mixin.py:188} INFO - [2025-12-11T04:46:49.547+0000] {dag.py:3954} INFO - Setting next_dagrun for example_branch_datetime_operator_3 to 2025-12-10 00:00:00+00:00, run_after=2025-12-11 00:00:00+00:00
[2025-12-11T04:46:49.574+0000] {processor.py:183} INFO - Processing /home/airflow/.local/lib/python3.9/site-packages/airflow/example_dags/example_branch_datetime_operator.py took 0.158 seconds
[2025-12-11T04:47:20.110+0000] {processor.py:161} INFO - Started process (PID=3806) to work on /home/airflow/.local/lib/python3.9/site-packages/airflow/example_dags/example_branch_datetime_operator.py
[2025-12-11T04:47:20.118+0000] {processor.py:830} INFO - Processing file /home/airflow/.local/lib/python3.9/site-packages/airflow/example_dags/example_branch_datetime_operator.py for tasks to queue
[2025-12-11T04:47:20.121+0000] {logging_mixin.py:188} INFO - [2025-12-11T04:47:20.121+0000] {dagbag.py:545} INFO - Filling up the DagBag from /home/airflow/.local/lib/python3.9/site-packages/airflow/example_dags/example_branch_datetime_operator.py
[2025-12-11T04:47:20.147+0000] {processor.py:840} INFO - DAG(s) 'example_branch_datetime_operator', 'example_branch_datetime_operator_3', 'example_branch_datetime_operator_2' retrieved from /home/airflow/.local/lib/python3.9/site-packages/airflow/example_dags/example_branch_datetime_operator.py
[2025-12-11T04:47:20.241+0000] {logging_mixin.py:188} INFO - [2025-12-11T04:47:20.241+0000] {dag.py:3096} INFO - Sync 3 DAGs
[2025-12-11T04:47:20.319+0000] {logging_mixin.py:188} INFO - [2025-12-11T04:47:20.318+0000] {dag.py:3954} INFO - Setting next_dagrun for example_branch_datetime_operator to 2025-12-10 00:00:00+00:00, run_after=2025-12-11 00:00:00+00:00
[2025-12-11T04:47:20.329+0000] {logging_mixin.py:188} INFO - [2025-12-11T04:47:20.328+0000] {dag.py:3954} INFO - Setting next_dagrun for example_branch_datetime_operator_2 to 2025-12-10 00:00:00+00:00, run_after=2025-12-11 00:00:00+00:00
[2025-12-11T04:47:20.342+0000] {logging_mixin.py:188} INFO - [2025-12-11T04:47:20.341+0000] {dag.py:3954} INFO - Setting next_dagrun for example_branch_datetime_operator_3 to 2025-12-10 00:00:00+00:00, run_after=2025-12-11 00:00:00+00:00
[2025-12-11T04:47:20.441+0000] {processor.py:183} INFO - Processing /home/airflow/.local/lib/python3.9/site-packages/airflow/example_dags/example_branch_datetime_operator.py took 0.344 seconds
[2025-12-11T04:47:50.778+0000] {processor.py:161} INFO - Started process (PID=3873) to work on /home/airflow/.local/lib/python3.9/site-packages/airflow/example_dags/example_branch_datetime_operator.py
[2025-12-11T04:47:50.779+0000] {processor.py:830} INFO - Processing file /home/airflow/.local/lib/python3.9/site-packages/airflow/example_dags/example_branch_datetime_operator.py for tasks to queue
[2025-12-11T04:47:50.782+0000] {logging_mixin.py:188} INFO - [2025-12-11T04:47:50.781+0000] {dagbag.py:545} INFO - Filling up the DagBag from /home/airflow/.local/lib/python3.9/site-packages/airflow/example_dags/example_branch_datetime_operator.py
[2025-12-11T04:47:50.797+0000] {processor.py:840} INFO - DAG(s) 'example_branch_datetime_operator_2', 'example_branch_datetime_operator', 'example_branch_datetime_operator_3' retrieved from /home/airflow/.local/lib/python3.9/site-packages/airflow/example_dags/example_branch_datetime_operator.py
[2025-12-11T04:47:50.840+0000] {logging_mixin.py:188} INFO - [2025-12-11T04:47:50.840+0000] {dag.py:3096} INFO - Sync 3 DAGs
[2025-12-11T04:47:50.882+0000] {logging_mixin.py:188} INFO - [2025-12-11T04:47:50.881+0000] {dag.py:3954} INFO - Setting next_dagrun for example_branch_datetime_operator to 2025-12-10 00:00:00+00:00, run_after=2025-12-11 00:00:00+00:00
[2025-12-11T04:47:50.888+0000] {logging_mixin.py:188} INFO - [2025-12-11T04:47:50.887+0000] {dag.py:3954} INFO - Setting next_dagrun for example_branch_datetime_operator_2 to 2025-12-10 00:00:00+00:00, run_after=2025-12-11 00:00:00+00:00
[2025-12-11T04:47:50.891+0000] {logging_mixin.py:188} INFO - [2025-12-11T04:47:50.891+0000] {dag.py:3954} INFO - Setting next_dagrun for example_branch_datetime_operator_3 to 2025-12-10 00:00:00+00:00, run_after=2025-12-11 00:00:00+00:00
[2025-12-11T04:47:50.917+0000] {processor.py:183} INFO - Processing /home/airflow/.local/lib/python3.9/site-packages/airflow/example_dags/example_branch_datetime_operator.py took 0.150 seconds
[2025-12-11T04:48:21.987+0000] {processor.py:161} INFO - Started process (PID=3940) to work on /home/airflow/.local/lib/python3.9/site-packages/airflow/example_dags/example_branch_datetime_operator.py
[2025-12-11T04:48:21.997+0000] {processor.py:830} INFO - Processing file /home/airflow/.local/lib/python3.9/site-packages/airflow/example_dags/example_branch_datetime_operator.py for tasks to queue
[2025-12-11T04:48:22.000+0000] {logging_mixin.py:188} INFO - [2025-12-11T04:48:21.999+0000] {dagbag.py:545} INFO - Filling up the DagBag from /home/airflow/.local/lib/python3.9/site-packages/airflow/example_dags/example_branch_datetime_operator.py
[2025-12-11T04:48:22.021+0000] {processor.py:840} INFO - DAG(s) 'example_branch_datetime_operator_2', 'example_branch_datetime_operator_3', 'example_branch_datetime_operator' retrieved from /home/airflow/.local/lib/python3.9/site-packages/airflow/example_dags/example_branch_datetime_operator.py
[2025-12-11T04:48:22.111+0000] {logging_mixin.py:188} INFO - [2025-12-11T04:48:22.111+0000] {dag.py:3096} INFO - Sync 3 DAGs
[2025-12-11T04:48:22.191+0000] {logging_mixin.py:188} INFO - [2025-12-11T04:48:22.190+0000] {dag.py:3954} INFO - Setting next_dagrun for example_branch_datetime_operator to 2025-12-10 00:00:00+00:00, run_after=2025-12-11 00:00:00+00:00
[2025-12-11T04:48:22.207+0000] {logging_mixin.py:188} INFO - [2025-12-11T04:48:22.206+0000] {dag.py:3954} INFO - Setting next_dagrun for example_branch_datetime_operator_2 to 2025-12-10 00:00:00+00:00, run_after=2025-12-11 00:00:00+00:00
[2025-12-11T04:48:22.219+0000] {logging_mixin.py:188} INFO - [2025-12-11T04:48:22.218+0000] {dag.py:3954} INFO - Setting next_dagrun for example_branch_datetime_operator_3 to 2025-12-10 00:00:00+00:00, run_after=2025-12-11 00:00:00+00:00
[2025-12-11T04:48:22.284+0000] {processor.py:183} INFO - Processing /home/airflow/.local/lib/python3.9/site-packages/airflow/example_dags/example_branch_datetime_operator.py took 0.307 seconds
[2025-12-11T04:48:53.652+0000] {processor.py:161} INFO - Started process (PID=4009) to work on /home/airflow/.local/lib/python3.9/site-packages/airflow/example_dags/example_branch_datetime_operator.py
[2025-12-11T04:48:53.670+0000] {processor.py:830} INFO - Processing file /home/airflow/.local/lib/python3.9/site-packages/airflow/example_dags/example_branch_datetime_operator.py for tasks to queue
[2025-12-11T04:48:53.677+0000] {logging_mixin.py:188} INFO - [2025-12-11T04:48:53.677+0000] {dagbag.py:545} INFO - Filling up the DagBag from /home/airflow/.local/lib/python3.9/site-packages/airflow/example_dags/example_branch_datetime_operator.py
[2025-12-11T04:48:53.710+0000] {processor.py:840} INFO - DAG(s) 'example_branch_datetime_operator_3', 'example_branch_datetime_operator_2', 'example_branch_datetime_operator' retrieved from /home/airflow/.local/lib/python3.9/site-packages/airflow/example_dags/example_branch_datetime_operator.py
[2025-12-11T04:48:53.812+0000] {logging_mixin.py:188} INFO - [2025-12-11T04:48:53.812+0000] {dag.py:3096} INFO - Sync 3 DAGs
[2025-12-11T04:48:53.874+0000] {logging_mixin.py:188} INFO - [2025-12-11T04:48:53.873+0000] {dag.py:3954} INFO - Setting next_dagrun for example_branch_datetime_operator to 2025-12-10 00:00:00+00:00, run_after=2025-12-11 00:00:00+00:00
[2025-12-11T04:48:53.883+0000] {logging_mixin.py:188} INFO - [2025-12-11T04:48:53.882+0000] {dag.py:3954} INFO - Setting next_dagrun for example_branch_datetime_operator_2 to 2025-12-10 00:00:00+00:00, run_after=2025-12-11 00:00:00+00:00
[2025-12-11T04:48:53.886+0000] {logging_mixin.py:188} INFO - [2025-12-11T04:48:53.886+0000] {dag.py:3954} INFO - Setting next_dagrun for example_branch_datetime_operator_3 to 2025-12-10 00:00:00+00:00, run_after=2025-12-11 00:00:00+00:00
[2025-12-11T04:48:54.080+0000] {processor.py:183} INFO - Processing /home/airflow/.local/lib/python3.9/site-packages/airflow/example_dags/example_branch_datetime_operator.py took 0.441 seconds
[2025-12-11T04:49:24.878+0000] {processor.py:161} INFO - Started process (PID=4076) to work on /home/airflow/.local/lib/python3.9/site-packages/airflow/example_dags/example_branch_datetime_operator.py
[2025-12-11T04:49:24.879+0000] {processor.py:830} INFO - Processing file /home/airflow/.local/lib/python3.9/site-packages/airflow/example_dags/example_branch_datetime_operator.py for tasks to queue
[2025-12-11T04:49:24.882+0000] {logging_mixin.py:188} INFO - [2025-12-11T04:49:24.882+0000] {dagbag.py:545} INFO - Filling up the DagBag from /home/airflow/.local/lib/python3.9/site-packages/airflow/example_dags/example_branch_datetime_operator.py
[2025-12-11T04:49:24.897+0000] {processor.py:840} INFO - DAG(s) 'example_branch_datetime_operator_3', 'example_branch_datetime_operator', 'example_branch_datetime_operator_2' retrieved from /home/airflow/.local/lib/python3.9/site-packages/airflow/example_dags/example_branch_datetime_operator.py
[2025-12-11T04:49:24.986+0000] {logging_mixin.py:188} INFO - [2025-12-11T04:49:24.985+0000] {dag.py:3096} INFO - Sync 3 DAGs
[2025-12-11T04:49:25.061+0000] {logging_mixin.py:188} INFO - [2025-12-11T04:49:25.061+0000] {dag.py:3954} INFO - Setting next_dagrun for example_branch_datetime_operator to 2025-12-10 00:00:00+00:00, run_after=2025-12-11 00:00:00+00:00
[2025-12-11T04:49:25.071+0000] {logging_mixin.py:188} INFO - [2025-12-11T04:49:25.071+0000] {dag.py:3954} INFO - Setting next_dagrun for example_branch_datetime_operator_2 to 2025-12-10 00:00:00+00:00, run_after=2025-12-11 00:00:00+00:00
[2025-12-11T04:49:25.076+0000] {logging_mixin.py:188} INFO - [2025-12-11T04:49:25.075+0000] {dag.py:3954} INFO - Setting next_dagrun for example_branch_datetime_operator_3 to 2025-12-10 00:00:00+00:00, run_after=2025-12-11 00:00:00+00:00
[2025-12-11T04:49:25.109+0000] {processor.py:183} INFO - Processing /home/airflow/.local/lib/python3.9/site-packages/airflow/example_dags/example_branch_datetime_operator.py took 0.241 seconds
[2025-12-11T04:49:55.197+0000] {processor.py:161} INFO - Started process (PID=4142) to work on /home/airflow/.local/lib/python3.9/site-packages/airflow/example_dags/example_branch_datetime_operator.py
[2025-12-11T04:49:55.198+0000] {processor.py:830} INFO - Processing file /home/airflow/.local/lib/python3.9/site-packages/airflow/example_dags/example_branch_datetime_operator.py for tasks to queue
[2025-12-11T04:49:55.201+0000] {logging_mixin.py:188} INFO - [2025-12-11T04:49:55.201+0000] {dagbag.py:545} INFO - Filling up the DagBag from /home/airflow/.local/lib/python3.9/site-packages/airflow/example_dags/example_branch_datetime_operator.py
[2025-12-11T04:49:55.217+0000] {processor.py:840} INFO - DAG(s) 'example_branch_datetime_operator', 'example_branch_datetime_operator_2', 'example_branch_datetime_operator_3' retrieved from /home/airflow/.local/lib/python3.9/site-packages/airflow/example_dags/example_branch_datetime_operator.py
[2025-12-11T04:49:55.263+0000] {logging_mixin.py:188} INFO - [2025-12-11T04:49:55.262+0000] {dag.py:3096} INFO - Sync 3 DAGs
[2025-12-11T04:49:55.310+0000] {logging_mixin.py:188} INFO - [2025-12-11T04:49:55.309+0000] {dag.py:3954} INFO - Setting next_dagrun for example_branch_datetime_operator to 2025-12-10 00:00:00+00:00, run_after=2025-12-11 00:00:00+00:00
[2025-12-11T04:49:55.317+0000] {logging_mixin.py:188} INFO - [2025-12-11T04:49:55.316+0000] {dag.py:3954} INFO - Setting next_dagrun for example_branch_datetime_operator_2 to 2025-12-10 00:00:00+00:00, run_after=2025-12-11 00:00:00+00:00
[2025-12-11T04:49:55.319+0000] {logging_mixin.py:188} INFO - [2025-12-11T04:49:55.319+0000] {dag.py:3954} INFO - Setting next_dagrun for example_branch_datetime_operator_3 to 2025-12-10 00:00:00+00:00, run_after=2025-12-11 00:00:00+00:00
[2025-12-11T04:49:55.341+0000] {processor.py:183} INFO - Processing /home/airflow/.local/lib/python3.9/site-packages/airflow/example_dags/example_branch_datetime_operator.py took 0.155 seconds
[2025-12-11T04:50:26.054+0000] {processor.py:161} INFO - Started process (PID=4208) to work on /home/airflow/.local/lib/python3.9/site-packages/airflow/example_dags/example_branch_datetime_operator.py
[2025-12-11T04:50:26.055+0000] {processor.py:830} INFO - Processing file /home/airflow/.local/lib/python3.9/site-packages/airflow/example_dags/example_branch_datetime_operator.py for tasks to queue
[2025-12-11T04:50:26.058+0000] {logging_mixin.py:188} INFO - [2025-12-11T04:50:26.058+0000] {dagbag.py:545} INFO - Filling up the DagBag from /home/airflow/.local/lib/python3.9/site-packages/airflow/example_dags/example_branch_datetime_operator.py
[2025-12-11T04:50:26.074+0000] {processor.py:840} INFO - DAG(s) 'example_branch_datetime_operator_3', 'example_branch_datetime_operator_2', 'example_branch_datetime_operator' retrieved from /home/airflow/.local/lib/python3.9/site-packages/airflow/example_dags/example_branch_datetime_operator.py
[2025-12-11T04:50:26.125+0000] {logging_mixin.py:188} INFO - [2025-12-11T04:50:26.125+0000] {dag.py:3096} INFO - Sync 3 DAGs
[2025-12-11T04:50:26.169+0000] {logging_mixin.py:188} INFO - [2025-12-11T04:50:26.169+0000] {dag.py:3954} INFO - Setting next_dagrun for example_branch_datetime_operator to 2025-12-10 00:00:00+00:00, run_after=2025-12-11 00:00:00+00:00
[2025-12-11T04:50:26.177+0000] {logging_mixin.py:188} INFO - [2025-12-11T04:50:26.177+0000] {dag.py:3954} INFO - Setting next_dagrun for example_branch_datetime_operator_2 to 2025-12-10 00:00:00+00:00, run_after=2025-12-11 00:00:00+00:00
[2025-12-11T04:50:26.180+0000] {logging_mixin.py:188} INFO - [2025-12-11T04:50:26.180+0000] {dag.py:3954} INFO - Setting next_dagrun for example_branch_datetime_operator_3 to 2025-12-10 00:00:00+00:00, run_after=2025-12-11 00:00:00+00:00
[2025-12-11T04:50:26.205+0000] {processor.py:183} INFO - Processing /home/airflow/.local/lib/python3.9/site-packages/airflow/example_dags/example_branch_datetime_operator.py took 0.161 seconds
[2025-12-11T04:50:56.352+0000] {processor.py:161} INFO - Started process (PID=4282) to work on /home/airflow/.local/lib/python3.9/site-packages/airflow/example_dags/example_branch_datetime_operator.py
[2025-12-11T04:50:56.358+0000] {processor.py:830} INFO - Processing file /home/airflow/.local/lib/python3.9/site-packages/airflow/example_dags/example_branch_datetime_operator.py for tasks to queue
[2025-12-11T04:50:56.360+0000] {logging_mixin.py:188} INFO - [2025-12-11T04:50:56.360+0000] {dagbag.py:545} INFO - Filling up the DagBag from /home/airflow/.local/lib/python3.9/site-packages/airflow/example_dags/example_branch_datetime_operator.py
[2025-12-11T04:50:56.381+0000] {processor.py:840} INFO - DAG(s) 'example_branch_datetime_operator_2', 'example_branch_datetime_operator', 'example_branch_datetime_operator_3' retrieved from /home/airflow/.local/lib/python3.9/site-packages/airflow/example_dags/example_branch_datetime_operator.py
[2025-12-11T04:50:56.461+0000] {logging_mixin.py:188} INFO - [2025-12-11T04:50:56.461+0000] {dag.py:3096} INFO - Sync 3 DAGs
[2025-12-11T04:50:56.523+0000] {logging_mixin.py:188} INFO - [2025-12-11T04:50:56.522+0000] {dag.py:3954} INFO - Setting next_dagrun for example_branch_datetime_operator to 2025-12-10 00:00:00+00:00, run_after=2025-12-11 00:00:00+00:00
[2025-12-11T04:50:56.529+0000] {logging_mixin.py:188} INFO - [2025-12-11T04:50:56.529+0000] {dag.py:3954} INFO - Setting next_dagrun for example_branch_datetime_operator_2 to 2025-12-10 00:00:00+00:00, run_after=2025-12-11 00:00:00+00:00
[2025-12-11T04:50:56.537+0000] {logging_mixin.py:188} INFO - [2025-12-11T04:50:56.537+0000] {dag.py:3954} INFO - Setting next_dagrun for example_branch_datetime_operator_3 to 2025-12-10 00:00:00+00:00, run_after=2025-12-11 00:00:00+00:00
[2025-12-11T04:50:56.567+0000] {processor.py:183} INFO - Processing /home/airflow/.local/lib/python3.9/site-packages/airflow/example_dags/example_branch_datetime_operator.py took 0.225 seconds
[2025-12-11T04:51:27.505+0000] {processor.py:161} INFO - Started process (PID=4349) to work on /home/airflow/.local/lib/python3.9/site-packages/airflow/example_dags/example_branch_datetime_operator.py
[2025-12-11T04:51:27.521+0000] {processor.py:830} INFO - Processing file /home/airflow/.local/lib/python3.9/site-packages/airflow/example_dags/example_branch_datetime_operator.py for tasks to queue
[2025-12-11T04:51:27.525+0000] {logging_mixin.py:188} INFO - [2025-12-11T04:51:27.525+0000] {dagbag.py:545} INFO - Filling up the DagBag from /home/airflow/.local/lib/python3.9/site-packages/airflow/example_dags/example_branch_datetime_operator.py
[2025-12-11T04:51:27.598+0000] {processor.py:840} INFO - DAG(s) 'example_branch_datetime_operator_2', 'example_branch_datetime_operator_3', 'example_branch_datetime_operator' retrieved from /home/airflow/.local/lib/python3.9/site-packages/airflow/example_dags/example_branch_datetime_operator.py
[2025-12-11T04:51:27.798+0000] {logging_mixin.py:188} INFO - [2025-12-11T04:51:27.798+0000] {dag.py:3096} INFO - Sync 3 DAGs
[2025-12-11T04:51:27.909+0000] {logging_mixin.py:188} INFO - [2025-12-11T04:51:27.908+0000] {dag.py:3954} INFO - Setting next_dagrun for example_branch_datetime_operator to 2025-12-10 00:00:00+00:00, run_after=2025-12-11 00:00:00+00:00
[2025-12-11T04:51:27.925+0000] {logging_mixin.py:188} INFO - [2025-12-11T04:51:27.925+0000] {dag.py:3954} INFO - Setting next_dagrun for example_branch_datetime_operator_2 to 2025-12-10 00:00:00+00:00, run_after=2025-12-11 00:00:00+00:00
[2025-12-11T04:51:27.939+0000] {logging_mixin.py:188} INFO - [2025-12-11T04:51:27.938+0000] {dag.py:3954} INFO - Setting next_dagrun for example_branch_datetime_operator_3 to 2025-12-10 00:00:00+00:00, run_after=2025-12-11 00:00:00+00:00
[2025-12-11T04:51:28.024+0000] {processor.py:183} INFO - Processing /home/airflow/.local/lib/python3.9/site-packages/airflow/example_dags/example_branch_datetime_operator.py took 0.552 seconds
[2025-12-11T04:51:58.786+0000] {processor.py:161} INFO - Started process (PID=4416) to work on /home/airflow/.local/lib/python3.9/site-packages/airflow/example_dags/example_branch_datetime_operator.py
[2025-12-11T04:51:58.799+0000] {processor.py:830} INFO - Processing file /home/airflow/.local/lib/python3.9/site-packages/airflow/example_dags/example_branch_datetime_operator.py for tasks to queue
[2025-12-11T04:51:58.802+0000] {logging_mixin.py:188} INFO - [2025-12-11T04:51:58.801+0000] {dagbag.py:545} INFO - Filling up the DagBag from /home/airflow/.local/lib/python3.9/site-packages/airflow/example_dags/example_branch_datetime_operator.py
[2025-12-11T04:51:58.839+0000] {processor.py:840} INFO - DAG(s) 'example_branch_datetime_operator_3', 'example_branch_datetime_operator', 'example_branch_datetime_operator_2' retrieved from /home/airflow/.local/lib/python3.9/site-packages/airflow/example_dags/example_branch_datetime_operator.py
[2025-12-11T04:51:58.941+0000] {logging_mixin.py:188} INFO - [2025-12-11T04:51:58.940+0000] {dag.py:3096} INFO - Sync 3 DAGs
[2025-12-11T04:51:59.024+0000] {logging_mixin.py:188} INFO - [2025-12-11T04:51:59.024+0000] {dag.py:3954} INFO - Setting next_dagrun for example_branch_datetime_operator to 2025-12-10 00:00:00+00:00, run_after=2025-12-11 00:00:00+00:00
[2025-12-11T04:51:59.042+0000] {logging_mixin.py:188} INFO - [2025-12-11T04:51:59.041+0000] {dag.py:3954} INFO - Setting next_dagrun for example_branch_datetime_operator_2 to 2025-12-10 00:00:00+00:00, run_after=2025-12-11 00:00:00+00:00
[2025-12-11T04:51:59.045+0000] {logging_mixin.py:188} INFO - [2025-12-11T04:51:59.045+0000] {dag.py:3954} INFO - Setting next_dagrun for example_branch_datetime_operator_3 to 2025-12-10 00:00:00+00:00, run_after=2025-12-11 00:00:00+00:00
[2025-12-11T04:51:59.121+0000] {processor.py:183} INFO - Processing /home/airflow/.local/lib/python3.9/site-packages/airflow/example_dags/example_branch_datetime_operator.py took 0.356 seconds
[2025-12-11T04:52:29.305+0000] {processor.py:161} INFO - Started process (PID=4483) to work on /home/airflow/.local/lib/python3.9/site-packages/airflow/example_dags/example_branch_datetime_operator.py
[2025-12-11T04:52:29.380+0000] {processor.py:830} INFO - Processing file /home/airflow/.local/lib/python3.9/site-packages/airflow/example_dags/example_branch_datetime_operator.py for tasks to queue
[2025-12-11T04:52:29.399+0000] {logging_mixin.py:188} INFO - [2025-12-11T04:52:29.398+0000] {dagbag.py:545} INFO - Filling up the DagBag from /home/airflow/.local/lib/python3.9/site-packages/airflow/example_dags/example_branch_datetime_operator.py
[2025-12-11T04:52:29.438+0000] {processor.py:840} INFO - DAG(s) 'example_branch_datetime_operator_2', 'example_branch_datetime_operator', 'example_branch_datetime_operator_3' retrieved from /home/airflow/.local/lib/python3.9/site-packages/airflow/example_dags/example_branch_datetime_operator.py
[2025-12-11T04:52:29.585+0000] {logging_mixin.py:188} INFO - [2025-12-11T04:52:29.584+0000] {dag.py:3096} INFO - Sync 3 DAGs
[2025-12-11T04:52:29.703+0000] {logging_mixin.py:188} INFO - [2025-12-11T04:52:29.702+0000] {dag.py:3954} INFO - Setting next_dagrun for example_branch_datetime_operator to 2025-12-10 00:00:00+00:00, run_after=2025-12-11 00:00:00+00:00
[2025-12-11T04:52:29.723+0000] {logging_mixin.py:188} INFO - [2025-12-11T04:52:29.722+0000] {dag.py:3954} INFO - Setting next_dagrun for example_branch_datetime_operator_2 to 2025-12-10 00:00:00+00:00, run_after=2025-12-11 00:00:00+00:00
[2025-12-11T04:52:29.726+0000] {logging_mixin.py:188} INFO - [2025-12-11T04:52:29.726+0000] {dag.py:3954} INFO - Setting next_dagrun for example_branch_datetime_operator_3 to 2025-12-10 00:00:00+00:00, run_after=2025-12-11 00:00:00+00:00
[2025-12-11T04:52:29.968+0000] {processor.py:183} INFO - Processing /home/airflow/.local/lib/python3.9/site-packages/airflow/example_dags/example_branch_datetime_operator.py took 0.703 seconds
[2025-12-11T04:53:00.127+0000] {processor.py:161} INFO - Started process (PID=4550) to work on /home/airflow/.local/lib/python3.9/site-packages/airflow/example_dags/example_branch_datetime_operator.py
[2025-12-11T04:53:00.146+0000] {processor.py:830} INFO - Processing file /home/airflow/.local/lib/python3.9/site-packages/airflow/example_dags/example_branch_datetime_operator.py for tasks to queue
[2025-12-11T04:53:00.159+0000] {logging_mixin.py:188} INFO - [2025-12-11T04:53:00.158+0000] {dagbag.py:545} INFO - Filling up the DagBag from /home/airflow/.local/lib/python3.9/site-packages/airflow/example_dags/example_branch_datetime_operator.py
[2025-12-11T04:53:00.197+0000] {processor.py:840} INFO - DAG(s) 'example_branch_datetime_operator_2', 'example_branch_datetime_operator_3', 'example_branch_datetime_operator' retrieved from /home/airflow/.local/lib/python3.9/site-packages/airflow/example_dags/example_branch_datetime_operator.py
[2025-12-11T04:53:00.325+0000] {logging_mixin.py:188} INFO - [2025-12-11T04:53:00.325+0000] {dag.py:3096} INFO - Sync 3 DAGs
[2025-12-11T04:53:00.480+0000] {logging_mixin.py:188} INFO - [2025-12-11T04:53:00.479+0000] {dag.py:3954} INFO - Setting next_dagrun for example_branch_datetime_operator to 2025-12-10 00:00:00+00:00, run_after=2025-12-11 00:00:00+00:00
[2025-12-11T04:53:00.503+0000] {logging_mixin.py:188} INFO - [2025-12-11T04:53:00.503+0000] {dag.py:3954} INFO - Setting next_dagrun for example_branch_datetime_operator_2 to 2025-12-10 00:00:00+00:00, run_after=2025-12-11 00:00:00+00:00
[2025-12-11T04:53:00.529+0000] {logging_mixin.py:188} INFO - [2025-12-11T04:53:00.527+0000] {dag.py:3954} INFO - Setting next_dagrun for example_branch_datetime_operator_3 to 2025-12-10 00:00:00+00:00, run_after=2025-12-11 00:00:00+00:00
[2025-12-11T04:53:00.601+0000] {processor.py:183} INFO - Processing /home/airflow/.local/lib/python3.9/site-packages/airflow/example_dags/example_branch_datetime_operator.py took 0.484 seconds
