[2025-12-11T04:18:42.042+0000] {processor.py:161} INFO - Started process (PID=98) to work on /home/airflow/.local/lib/python3.9/site-packages/airflow/example_dags/example_datasets.py
[2025-12-11T04:18:42.044+0000] {processor.py:830} INFO - Processing file /home/airflow/.local/lib/python3.9/site-packages/airflow/example_dags/example_datasets.py for tasks to queue
[2025-12-11T04:18:42.058+0000] {logging_mixin.py:188} INFO - [2025-12-11T04:18:42.058+0000] {dagbag.py:545} INFO - Filling up the DagBag from /home/airflow/.local/lib/python3.9/site-packages/airflow/example_dags/example_datasets.py
[2025-12-11T04:18:42.180+0000] {processor.py:840} INFO - DAG(s) 'dataset_consumes_1_and_2', 'dataset_consumes_unknown_never_scheduled', 'conditional_dataset_and_time_based_timetable', 'consume_1_and_2_with_dataset_expressions', 'consume_1_or_2_with_dataset_expressions', 'consume_1_or_both_2_and_3_with_dataset_expressions', 'dataset_consumes_1_never_scheduled', 'dataset_produces_2', 'dataset_produces_1', 'dataset_consumes_1' retrieved from /home/airflow/.local/lib/python3.9/site-packages/airflow/example_dags/example_datasets.py
[2025-12-11T04:18:43.144+0000] {logging_mixin.py:188} INFO - [2025-12-11T04:18:43.143+0000] {dag.py:3096} INFO - Sync 10 DAGs
[2025-12-11T04:18:43.283+0000] {logging_mixin.py:188} INFO - [2025-12-11T04:18:43.283+0000] {dag.py:3954} INFO - Setting next_dagrun for conditional_dataset_and_time_based_timetable to 2025-12-10 01:00:00+00:00, run_after=2025-12-10 01:00:00+00:00
[2025-12-11T04:18:43.288+0000] {logging_mixin.py:188} INFO - [2025-12-11T04:18:43.287+0000] {dag.py:3954} INFO - Setting next_dagrun for consume_1_and_2_with_dataset_expressions to None, run_after=None
[2025-12-11T04:18:43.298+0000] {logging_mixin.py:188} INFO - [2025-12-11T04:18:43.298+0000] {dag.py:3954} INFO - Setting next_dagrun for consume_1_or_2_with_dataset_expressions to None, run_after=None
[2025-12-11T04:18:43.300+0000] {logging_mixin.py:188} INFO - [2025-12-11T04:18:43.299+0000] {dag.py:3954} INFO - Setting next_dagrun for consume_1_or_both_2_and_3_with_dataset_expressions to None, run_after=None
[2025-12-11T04:18:43.301+0000] {logging_mixin.py:188} INFO - [2025-12-11T04:18:43.301+0000] {dag.py:3954} INFO - Setting next_dagrun for dataset_consumes_1 to None, run_after=None
[2025-12-11T04:18:43.303+0000] {logging_mixin.py:188} INFO - [2025-12-11T04:18:43.303+0000] {dag.py:3954} INFO - Setting next_dagrun for dataset_consumes_1_and_2 to None, run_after=None
[2025-12-11T04:18:43.318+0000] {logging_mixin.py:188} INFO - [2025-12-11T04:18:43.317+0000] {dag.py:3954} INFO - Setting next_dagrun for dataset_consumes_1_never_scheduled to None, run_after=None
[2025-12-11T04:18:43.320+0000] {logging_mixin.py:188} INFO - [2025-12-11T04:18:43.320+0000] {dag.py:3954} INFO - Setting next_dagrun for dataset_consumes_unknown_never_scheduled to None, run_after=None
[2025-12-11T04:18:43.339+0000] {logging_mixin.py:188} INFO - [2025-12-11T04:18:43.338+0000] {dag.py:3954} INFO - Setting next_dagrun for dataset_produces_1 to 2025-12-10 00:00:00+00:00, run_after=2025-12-11 00:00:00+00:00
[2025-12-11T04:18:43.343+0000] {logging_mixin.py:188} INFO - [2025-12-11T04:18:43.342+0000] {dag.py:3954} INFO - Setting next_dagrun for dataset_produces_2 to None, run_after=None
[2025-12-11T04:18:44.487+0000] {processor.py:183} INFO - Processing /home/airflow/.local/lib/python3.9/site-packages/airflow/example_dags/example_datasets.py took 2.484 seconds
[2025-12-11T04:19:18.152+0000] {processor.py:161} INFO - Started process (PID=164) to work on /home/airflow/.local/lib/python3.9/site-packages/airflow/example_dags/example_datasets.py
[2025-12-11T04:19:18.329+0000] {processor.py:830} INFO - Processing file /home/airflow/.local/lib/python3.9/site-packages/airflow/example_dags/example_datasets.py for tasks to queue
[2025-12-11T04:19:18.334+0000] {logging_mixin.py:188} INFO - [2025-12-11T04:19:18.333+0000] {dagbag.py:545} INFO - Filling up the DagBag from /home/airflow/.local/lib/python3.9/site-packages/airflow/example_dags/example_datasets.py
[2025-12-11T04:19:18.355+0000] {processor.py:840} INFO - DAG(s) 'conditional_dataset_and_time_based_timetable', 'dataset_produces_1', 'dataset_produces_2', 'dataset_consumes_unknown_never_scheduled', 'consume_1_or_2_with_dataset_expressions', 'dataset_consumes_1_and_2', 'dataset_consumes_1_never_scheduled', 'dataset_consumes_1', 'consume_1_and_2_with_dataset_expressions', 'consume_1_or_both_2_and_3_with_dataset_expressions' retrieved from /home/airflow/.local/lib/python3.9/site-packages/airflow/example_dags/example_datasets.py
[2025-12-11T04:19:18.479+0000] {logging_mixin.py:188} INFO - [2025-12-11T04:19:18.478+0000] {dag.py:3096} INFO - Sync 10 DAGs
[2025-12-11T04:19:18.572+0000] {logging_mixin.py:188} INFO - [2025-12-11T04:19:18.572+0000] {dag.py:3954} INFO - Setting next_dagrun for conditional_dataset_and_time_based_timetable to 2025-12-10 01:00:00+00:00, run_after=2025-12-10 01:00:00+00:00
[2025-12-11T04:19:18.585+0000] {logging_mixin.py:188} INFO - [2025-12-11T04:19:18.585+0000] {dag.py:3954} INFO - Setting next_dagrun for consume_1_and_2_with_dataset_expressions to None, run_after=None
[2025-12-11T04:19:18.630+0000] {logging_mixin.py:188} INFO - [2025-12-11T04:19:18.629+0000] {dag.py:3954} INFO - Setting next_dagrun for consume_1_or_2_with_dataset_expressions to None, run_after=None
[2025-12-11T04:19:18.632+0000] {logging_mixin.py:188} INFO - [2025-12-11T04:19:18.632+0000] {dag.py:3954} INFO - Setting next_dagrun for consume_1_or_both_2_and_3_with_dataset_expressions to None, run_after=None
[2025-12-11T04:19:18.653+0000] {logging_mixin.py:188} INFO - [2025-12-11T04:19:18.652+0000] {dag.py:3954} INFO - Setting next_dagrun for dataset_consumes_1 to None, run_after=None
[2025-12-11T04:19:18.655+0000] {logging_mixin.py:188} INFO - [2025-12-11T04:19:18.654+0000] {dag.py:3954} INFO - Setting next_dagrun for dataset_consumes_1_and_2 to None, run_after=None
[2025-12-11T04:19:18.656+0000] {logging_mixin.py:188} INFO - [2025-12-11T04:19:18.656+0000] {dag.py:3954} INFO - Setting next_dagrun for dataset_consumes_1_never_scheduled to None, run_after=None
[2025-12-11T04:19:18.658+0000] {logging_mixin.py:188} INFO - [2025-12-11T04:19:18.658+0000] {dag.py:3954} INFO - Setting next_dagrun for dataset_consumes_unknown_never_scheduled to None, run_after=None
[2025-12-11T04:19:18.661+0000] {logging_mixin.py:188} INFO - [2025-12-11T04:19:18.661+0000] {dag.py:3954} INFO - Setting next_dagrun for dataset_produces_1 to 2025-12-10 00:00:00+00:00, run_after=2025-12-11 00:00:00+00:00
[2025-12-11T04:19:18.665+0000] {logging_mixin.py:188} INFO - [2025-12-11T04:19:18.664+0000] {dag.py:3954} INFO - Setting next_dagrun for dataset_produces_2 to None, run_after=None
[2025-12-11T04:19:18.944+0000] {processor.py:183} INFO - Processing /home/airflow/.local/lib/python3.9/site-packages/airflow/example_dags/example_datasets.py took 0.805 seconds
[2025-12-11T04:19:49.120+0000] {processor.py:161} INFO - Started process (PID=228) to work on /home/airflow/.local/lib/python3.9/site-packages/airflow/example_dags/example_datasets.py
[2025-12-11T04:19:49.147+0000] {processor.py:830} INFO - Processing file /home/airflow/.local/lib/python3.9/site-packages/airflow/example_dags/example_datasets.py for tasks to queue
[2025-12-11T04:19:49.160+0000] {logging_mixin.py:188} INFO - [2025-12-11T04:19:49.159+0000] {dagbag.py:545} INFO - Filling up the DagBag from /home/airflow/.local/lib/python3.9/site-packages/airflow/example_dags/example_datasets.py
[2025-12-11T04:19:49.222+0000] {processor.py:840} INFO - DAG(s) 'consume_1_or_2_with_dataset_expressions', 'dataset_consumes_1', 'dataset_produces_1', 'conditional_dataset_and_time_based_timetable', 'dataset_consumes_1_never_scheduled', 'dataset_produces_2', 'dataset_consumes_unknown_never_scheduled', 'consume_1_or_both_2_and_3_with_dataset_expressions', 'dataset_consumes_1_and_2', 'consume_1_and_2_with_dataset_expressions' retrieved from /home/airflow/.local/lib/python3.9/site-packages/airflow/example_dags/example_datasets.py
[2025-12-11T04:19:49.421+0000] {logging_mixin.py:188} INFO - [2025-12-11T04:19:49.421+0000] {dag.py:3096} INFO - Sync 10 DAGs
[2025-12-11T04:19:49.559+0000] {logging_mixin.py:188} INFO - [2025-12-11T04:19:49.558+0000] {dag.py:3954} INFO - Setting next_dagrun for conditional_dataset_and_time_based_timetable to 2025-12-10 01:00:00+00:00, run_after=2025-12-10 01:00:00+00:00
[2025-12-11T04:19:49.578+0000] {logging_mixin.py:188} INFO - [2025-12-11T04:19:49.578+0000] {dag.py:3954} INFO - Setting next_dagrun for consume_1_and_2_with_dataset_expressions to None, run_after=None
[2025-12-11T04:19:49.580+0000] {logging_mixin.py:188} INFO - [2025-12-11T04:19:49.580+0000] {dag.py:3954} INFO - Setting next_dagrun for consume_1_or_2_with_dataset_expressions to None, run_after=None
[2025-12-11T04:19:49.582+0000] {logging_mixin.py:188} INFO - [2025-12-11T04:19:49.582+0000] {dag.py:3954} INFO - Setting next_dagrun for consume_1_or_both_2_and_3_with_dataset_expressions to None, run_after=None
[2025-12-11T04:19:49.583+0000] {logging_mixin.py:188} INFO - [2025-12-11T04:19:49.583+0000] {dag.py:3954} INFO - Setting next_dagrun for dataset_consumes_1 to None, run_after=None
[2025-12-11T04:19:49.597+0000] {logging_mixin.py:188} INFO - [2025-12-11T04:19:49.597+0000] {dag.py:3954} INFO - Setting next_dagrun for dataset_consumes_1_and_2 to None, run_after=None
[2025-12-11T04:19:49.599+0000] {logging_mixin.py:188} INFO - [2025-12-11T04:19:49.599+0000] {dag.py:3954} INFO - Setting next_dagrun for dataset_consumes_1_never_scheduled to None, run_after=None
[2025-12-11T04:19:49.600+0000] {logging_mixin.py:188} INFO - [2025-12-11T04:19:49.600+0000] {dag.py:3954} INFO - Setting next_dagrun for dataset_consumes_unknown_never_scheduled to None, run_after=None
[2025-12-11T04:19:49.603+0000] {logging_mixin.py:188} INFO - [2025-12-11T04:19:49.603+0000] {dag.py:3954} INFO - Setting next_dagrun for dataset_produces_1 to 2025-12-10 00:00:00+00:00, run_after=2025-12-11 00:00:00+00:00
[2025-12-11T04:19:49.604+0000] {logging_mixin.py:188} INFO - [2025-12-11T04:19:49.604+0000] {dag.py:3954} INFO - Setting next_dagrun for dataset_produces_2 to None, run_after=None
[2025-12-11T04:19:49.824+0000] {processor.py:183} INFO - Processing /home/airflow/.local/lib/python3.9/site-packages/airflow/example_dags/example_datasets.py took 0.744 seconds
[2025-12-11T04:20:20.261+0000] {processor.py:161} INFO - Started process (PID=294) to work on /home/airflow/.local/lib/python3.9/site-packages/airflow/example_dags/example_datasets.py
[2025-12-11T04:20:20.270+0000] {processor.py:830} INFO - Processing file /home/airflow/.local/lib/python3.9/site-packages/airflow/example_dags/example_datasets.py for tasks to queue
[2025-12-11T04:20:20.280+0000] {logging_mixin.py:188} INFO - [2025-12-11T04:20:20.279+0000] {dagbag.py:545} INFO - Filling up the DagBag from /home/airflow/.local/lib/python3.9/site-packages/airflow/example_dags/example_datasets.py
[2025-12-11T04:20:20.359+0000] {processor.py:840} INFO - DAG(s) 'dataset_consumes_1', 'dataset_consumes_1_and_2', 'consume_1_or_2_with_dataset_expressions', 'dataset_consumes_unknown_never_scheduled', 'dataset_produces_1', 'consume_1_and_2_with_dataset_expressions', 'conditional_dataset_and_time_based_timetable', 'dataset_consumes_1_never_scheduled', 'consume_1_or_both_2_and_3_with_dataset_expressions', 'dataset_produces_2' retrieved from /home/airflow/.local/lib/python3.9/site-packages/airflow/example_dags/example_datasets.py
[2025-12-11T04:20:20.563+0000] {logging_mixin.py:188} INFO - [2025-12-11T04:20:20.562+0000] {dag.py:3096} INFO - Sync 10 DAGs
[2025-12-11T04:20:20.660+0000] {logging_mixin.py:188} INFO - [2025-12-11T04:20:20.660+0000] {dag.py:3954} INFO - Setting next_dagrun for conditional_dataset_and_time_based_timetable to 2025-12-10 01:00:00+00:00, run_after=2025-12-10 01:00:00+00:00
[2025-12-11T04:20:20.666+0000] {logging_mixin.py:188} INFO - [2025-12-11T04:20:20.666+0000] {dag.py:3954} INFO - Setting next_dagrun for consume_1_and_2_with_dataset_expressions to None, run_after=None
[2025-12-11T04:20:20.679+0000] {logging_mixin.py:188} INFO - [2025-12-11T04:20:20.679+0000] {dag.py:3954} INFO - Setting next_dagrun for consume_1_or_2_with_dataset_expressions to None, run_after=None
[2025-12-11T04:20:20.681+0000] {logging_mixin.py:188} INFO - [2025-12-11T04:20:20.680+0000] {dag.py:3954} INFO - Setting next_dagrun for consume_1_or_both_2_and_3_with_dataset_expressions to None, run_after=None
[2025-12-11T04:20:20.682+0000] {logging_mixin.py:188} INFO - [2025-12-11T04:20:20.682+0000] {dag.py:3954} INFO - Setting next_dagrun for dataset_consumes_1 to None, run_after=None
[2025-12-11T04:20:20.684+0000] {logging_mixin.py:188} INFO - [2025-12-11T04:20:20.683+0000] {dag.py:3954} INFO - Setting next_dagrun for dataset_consumes_1_and_2 to None, run_after=None
[2025-12-11T04:20:20.698+0000] {logging_mixin.py:188} INFO - [2025-12-11T04:20:20.697+0000] {dag.py:3954} INFO - Setting next_dagrun for dataset_consumes_1_never_scheduled to None, run_after=None
[2025-12-11T04:20:20.700+0000] {logging_mixin.py:188} INFO - [2025-12-11T04:20:20.699+0000] {dag.py:3954} INFO - Setting next_dagrun for dataset_consumes_unknown_never_scheduled to None, run_after=None
[2025-12-11T04:20:20.703+0000] {logging_mixin.py:188} INFO - [2025-12-11T04:20:20.703+0000] {dag.py:3954} INFO - Setting next_dagrun for dataset_produces_1 to 2025-12-10 00:00:00+00:00, run_after=2025-12-11 00:00:00+00:00
[2025-12-11T04:20:20.704+0000] {logging_mixin.py:188} INFO - [2025-12-11T04:20:20.704+0000] {dag.py:3954} INFO - Setting next_dagrun for dataset_produces_2 to None, run_after=None
[2025-12-11T04:20:20.877+0000] {processor.py:183} INFO - Processing /home/airflow/.local/lib/python3.9/site-packages/airflow/example_dags/example_datasets.py took 0.640 seconds
[2025-12-11T04:20:51.698+0000] {processor.py:161} INFO - Started process (PID=360) to work on /home/airflow/.local/lib/python3.9/site-packages/airflow/example_dags/example_datasets.py
[2025-12-11T04:20:51.747+0000] {processor.py:830} INFO - Processing file /home/airflow/.local/lib/python3.9/site-packages/airflow/example_dags/example_datasets.py for tasks to queue
[2025-12-11T04:20:51.750+0000] {logging_mixin.py:188} INFO - [2025-12-11T04:20:51.750+0000] {dagbag.py:545} INFO - Filling up the DagBag from /home/airflow/.local/lib/python3.9/site-packages/airflow/example_dags/example_datasets.py
[2025-12-11T04:20:51.789+0000] {processor.py:840} INFO - DAG(s) 'dataset_consumes_1_never_scheduled', 'dataset_consumes_1_and_2', 'dataset_consumes_1', 'dataset_produces_1', 'consume_1_and_2_with_dataset_expressions', 'dataset_consumes_unknown_never_scheduled', 'consume_1_or_both_2_and_3_with_dataset_expressions', 'dataset_produces_2', 'conditional_dataset_and_time_based_timetable', 'consume_1_or_2_with_dataset_expressions' retrieved from /home/airflow/.local/lib/python3.9/site-packages/airflow/example_dags/example_datasets.py
[2025-12-11T04:20:52.003+0000] {logging_mixin.py:188} INFO - [2025-12-11T04:20:52.003+0000] {dag.py:3096} INFO - Sync 10 DAGs
[2025-12-11T04:20:52.139+0000] {logging_mixin.py:188} INFO - [2025-12-11T04:20:52.138+0000] {dag.py:3954} INFO - Setting next_dagrun for conditional_dataset_and_time_based_timetable to 2025-12-10 01:00:00+00:00, run_after=2025-12-10 01:00:00+00:00
[2025-12-11T04:20:52.161+0000] {logging_mixin.py:188} INFO - [2025-12-11T04:20:52.160+0000] {dag.py:3954} INFO - Setting next_dagrun for consume_1_and_2_with_dataset_expressions to None, run_after=None
[2025-12-11T04:20:52.163+0000] {logging_mixin.py:188} INFO - [2025-12-11T04:20:52.163+0000] {dag.py:3954} INFO - Setting next_dagrun for consume_1_or_2_with_dataset_expressions to None, run_after=None
[2025-12-11T04:20:52.179+0000] {logging_mixin.py:188} INFO - [2025-12-11T04:20:52.178+0000] {dag.py:3954} INFO - Setting next_dagrun for consume_1_or_both_2_and_3_with_dataset_expressions to None, run_after=None
[2025-12-11T04:20:52.181+0000] {logging_mixin.py:188} INFO - [2025-12-11T04:20:52.180+0000] {dag.py:3954} INFO - Setting next_dagrun for dataset_consumes_1 to None, run_after=None
[2025-12-11T04:20:52.182+0000] {logging_mixin.py:188} INFO - [2025-12-11T04:20:52.182+0000] {dag.py:3954} INFO - Setting next_dagrun for dataset_consumes_1_and_2 to None, run_after=None
[2025-12-11T04:20:52.198+0000] {logging_mixin.py:188} INFO - [2025-12-11T04:20:52.197+0000] {dag.py:3954} INFO - Setting next_dagrun for dataset_consumes_1_never_scheduled to None, run_after=None
[2025-12-11T04:20:52.200+0000] {logging_mixin.py:188} INFO - [2025-12-11T04:20:52.200+0000] {dag.py:3954} INFO - Setting next_dagrun for dataset_consumes_unknown_never_scheduled to None, run_after=None
[2025-12-11T04:20:52.217+0000] {logging_mixin.py:188} INFO - [2025-12-11T04:20:52.217+0000] {dag.py:3954} INFO - Setting next_dagrun for dataset_produces_1 to 2025-12-10 00:00:00+00:00, run_after=2025-12-11 00:00:00+00:00
[2025-12-11T04:20:52.220+0000] {logging_mixin.py:188} INFO - [2025-12-11T04:20:52.220+0000] {dag.py:3954} INFO - Setting next_dagrun for dataset_produces_2 to None, run_after=None
[2025-12-11T04:20:52.360+0000] {processor.py:183} INFO - Processing /home/airflow/.local/lib/python3.9/site-packages/airflow/example_dags/example_datasets.py took 0.716 seconds
[2025-12-11T04:21:23.102+0000] {processor.py:161} INFO - Started process (PID=425) to work on /home/airflow/.local/lib/python3.9/site-packages/airflow/example_dags/example_datasets.py
[2025-12-11T04:21:23.104+0000] {processor.py:830} INFO - Processing file /home/airflow/.local/lib/python3.9/site-packages/airflow/example_dags/example_datasets.py for tasks to queue
[2025-12-11T04:21:23.124+0000] {logging_mixin.py:188} INFO - [2025-12-11T04:21:23.124+0000] {dagbag.py:545} INFO - Filling up the DagBag from /home/airflow/.local/lib/python3.9/site-packages/airflow/example_dags/example_datasets.py
[2025-12-11T04:21:23.218+0000] {processor.py:840} INFO - DAG(s) 'dataset_produces_1', 'dataset_consumes_1_and_2', 'consume_1_or_2_with_dataset_expressions', 'conditional_dataset_and_time_based_timetable', 'consume_1_and_2_with_dataset_expressions', 'dataset_consumes_1_never_scheduled', 'dataset_consumes_unknown_never_scheduled', 'consume_1_or_both_2_and_3_with_dataset_expressions', 'dataset_consumes_1', 'dataset_produces_2' retrieved from /home/airflow/.local/lib/python3.9/site-packages/airflow/example_dags/example_datasets.py
[2025-12-11T04:21:23.460+0000] {logging_mixin.py:188} INFO - [2025-12-11T04:21:23.460+0000] {dag.py:3096} INFO - Sync 10 DAGs
[2025-12-11T04:21:23.564+0000] {logging_mixin.py:188} INFO - [2025-12-11T04:21:23.563+0000] {dag.py:3954} INFO - Setting next_dagrun for conditional_dataset_and_time_based_timetable to 2025-12-10 01:00:00+00:00, run_after=2025-12-10 01:00:00+00:00
[2025-12-11T04:21:23.581+0000] {logging_mixin.py:188} INFO - [2025-12-11T04:21:23.580+0000] {dag.py:3954} INFO - Setting next_dagrun for consume_1_and_2_with_dataset_expressions to None, run_after=None
[2025-12-11T04:21:23.583+0000] {logging_mixin.py:188} INFO - [2025-12-11T04:21:23.583+0000] {dag.py:3954} INFO - Setting next_dagrun for consume_1_or_2_with_dataset_expressions to None, run_after=None
[2025-12-11T04:21:23.598+0000] {logging_mixin.py:188} INFO - [2025-12-11T04:21:23.598+0000] {dag.py:3954} INFO - Setting next_dagrun for consume_1_or_both_2_and_3_with_dataset_expressions to None, run_after=None
[2025-12-11T04:21:23.600+0000] {logging_mixin.py:188} INFO - [2025-12-11T04:21:23.600+0000] {dag.py:3954} INFO - Setting next_dagrun for dataset_consumes_1 to None, run_after=None
[2025-12-11T04:21:23.601+0000] {logging_mixin.py:188} INFO - [2025-12-11T04:21:23.601+0000] {dag.py:3954} INFO - Setting next_dagrun for dataset_consumes_1_and_2 to None, run_after=None
[2025-12-11T04:21:23.603+0000] {logging_mixin.py:188} INFO - [2025-12-11T04:21:23.603+0000] {dag.py:3954} INFO - Setting next_dagrun for dataset_consumes_1_never_scheduled to None, run_after=None
[2025-12-11T04:21:23.617+0000] {logging_mixin.py:188} INFO - [2025-12-11T04:21:23.617+0000] {dag.py:3954} INFO - Setting next_dagrun for dataset_consumes_unknown_never_scheduled to None, run_after=None
[2025-12-11T04:21:23.621+0000] {logging_mixin.py:188} INFO - [2025-12-11T04:21:23.621+0000] {dag.py:3954} INFO - Setting next_dagrun for dataset_produces_1 to 2025-12-10 00:00:00+00:00, run_after=2025-12-11 00:00:00+00:00
[2025-12-11T04:21:23.637+0000] {logging_mixin.py:188} INFO - [2025-12-11T04:21:23.623+0000] {dag.py:3954} INFO - Setting next_dagrun for dataset_produces_2 to None, run_after=None
[2025-12-11T04:21:23.803+0000] {processor.py:183} INFO - Processing /home/airflow/.local/lib/python3.9/site-packages/airflow/example_dags/example_datasets.py took 0.741 seconds
[2025-12-11T04:21:54.021+0000] {processor.py:161} INFO - Started process (PID=492) to work on /home/airflow/.local/lib/python3.9/site-packages/airflow/example_dags/example_datasets.py
[2025-12-11T04:21:54.043+0000] {processor.py:830} INFO - Processing file /home/airflow/.local/lib/python3.9/site-packages/airflow/example_dags/example_datasets.py for tasks to queue
[2025-12-11T04:21:54.046+0000] {logging_mixin.py:188} INFO - [2025-12-11T04:21:54.046+0000] {dagbag.py:545} INFO - Filling up the DagBag from /home/airflow/.local/lib/python3.9/site-packages/airflow/example_dags/example_datasets.py
[2025-12-11T04:21:54.078+0000] {processor.py:840} INFO - DAG(s) 'consume_1_or_2_with_dataset_expressions', 'dataset_consumes_1_never_scheduled', 'consume_1_and_2_with_dataset_expressions', 'dataset_produces_2', 'dataset_consumes_unknown_never_scheduled', 'dataset_consumes_1', 'conditional_dataset_and_time_based_timetable', 'dataset_consumes_1_and_2', 'consume_1_or_both_2_and_3_with_dataset_expressions', 'dataset_produces_1' retrieved from /home/airflow/.local/lib/python3.9/site-packages/airflow/example_dags/example_datasets.py
[2025-12-11T04:21:54.186+0000] {logging_mixin.py:188} INFO - [2025-12-11T04:21:54.185+0000] {dag.py:3096} INFO - Sync 10 DAGs
[2025-12-11T04:21:54.238+0000] {logging_mixin.py:188} INFO - [2025-12-11T04:21:54.237+0000] {dag.py:3954} INFO - Setting next_dagrun for conditional_dataset_and_time_based_timetable to 2025-12-10 01:00:00+00:00, run_after=2025-12-10 01:00:00+00:00
[2025-12-11T04:21:54.244+0000] {logging_mixin.py:188} INFO - [2025-12-11T04:21:54.244+0000] {dag.py:3954} INFO - Setting next_dagrun for consume_1_and_2_with_dataset_expressions to None, run_after=None
[2025-12-11T04:21:54.246+0000] {logging_mixin.py:188} INFO - [2025-12-11T04:21:54.246+0000] {dag.py:3954} INFO - Setting next_dagrun for consume_1_or_2_with_dataset_expressions to None, run_after=None
[2025-12-11T04:21:54.247+0000] {logging_mixin.py:188} INFO - [2025-12-11T04:21:54.247+0000] {dag.py:3954} INFO - Setting next_dagrun for consume_1_or_both_2_and_3_with_dataset_expressions to None, run_after=None
[2025-12-11T04:21:54.257+0000] {logging_mixin.py:188} INFO - [2025-12-11T04:21:54.257+0000] {dag.py:3954} INFO - Setting next_dagrun for dataset_consumes_1 to None, run_after=None
[2025-12-11T04:21:54.259+0000] {logging_mixin.py:188} INFO - [2025-12-11T04:21:54.258+0000] {dag.py:3954} INFO - Setting next_dagrun for dataset_consumes_1_and_2 to None, run_after=None
[2025-12-11T04:21:54.260+0000] {logging_mixin.py:188} INFO - [2025-12-11T04:21:54.260+0000] {dag.py:3954} INFO - Setting next_dagrun for dataset_consumes_1_never_scheduled to None, run_after=None
[2025-12-11T04:21:54.261+0000] {logging_mixin.py:188} INFO - [2025-12-11T04:21:54.261+0000] {dag.py:3954} INFO - Setting next_dagrun for dataset_consumes_unknown_never_scheduled to None, run_after=None
[2025-12-11T04:21:54.264+0000] {logging_mixin.py:188} INFO - [2025-12-11T04:21:54.264+0000] {dag.py:3954} INFO - Setting next_dagrun for dataset_produces_1 to 2025-12-10 00:00:00+00:00, run_after=2025-12-11 00:00:00+00:00
[2025-12-11T04:21:54.265+0000] {logging_mixin.py:188} INFO - [2025-12-11T04:21:54.265+0000] {dag.py:3954} INFO - Setting next_dagrun for dataset_produces_2 to None, run_after=None
[2025-12-11T04:21:54.442+0000] {processor.py:183} INFO - Processing /home/airflow/.local/lib/python3.9/site-packages/airflow/example_dags/example_datasets.py took 0.458 seconds
[2025-12-11T04:22:24.579+0000] {processor.py:161} INFO - Started process (PID=557) to work on /home/airflow/.local/lib/python3.9/site-packages/airflow/example_dags/example_datasets.py
[2025-12-11T04:22:24.581+0000] {processor.py:830} INFO - Processing file /home/airflow/.local/lib/python3.9/site-packages/airflow/example_dags/example_datasets.py for tasks to queue
[2025-12-11T04:22:24.584+0000] {logging_mixin.py:188} INFO - [2025-12-11T04:22:24.583+0000] {dagbag.py:545} INFO - Filling up the DagBag from /home/airflow/.local/lib/python3.9/site-packages/airflow/example_dags/example_datasets.py
[2025-12-11T04:22:24.622+0000] {processor.py:840} INFO - DAG(s) 'dataset_produces_2', 'consume_1_and_2_with_dataset_expressions', 'conditional_dataset_and_time_based_timetable', 'dataset_consumes_1_never_scheduled', 'dataset_consumes_1', 'consume_1_or_both_2_and_3_with_dataset_expressions', 'dataset_produces_1', 'dataset_consumes_1_and_2', 'dataset_consumes_unknown_never_scheduled', 'consume_1_or_2_with_dataset_expressions' retrieved from /home/airflow/.local/lib/python3.9/site-packages/airflow/example_dags/example_datasets.py
[2025-12-11T04:22:24.747+0000] {logging_mixin.py:188} INFO - [2025-12-11T04:22:24.747+0000] {dag.py:3096} INFO - Sync 10 DAGs
[2025-12-11T04:22:24.818+0000] {logging_mixin.py:188} INFO - [2025-12-11T04:22:24.817+0000] {dag.py:3954} INFO - Setting next_dagrun for conditional_dataset_and_time_based_timetable to 2025-12-10 01:00:00+00:00, run_after=2025-12-10 01:00:00+00:00
[2025-12-11T04:22:24.825+0000] {logging_mixin.py:188} INFO - [2025-12-11T04:22:24.824+0000] {dag.py:3954} INFO - Setting next_dagrun for consume_1_and_2_with_dataset_expressions to None, run_after=None
[2025-12-11T04:22:24.839+0000] {logging_mixin.py:188} INFO - [2025-12-11T04:22:24.839+0000] {dag.py:3954} INFO - Setting next_dagrun for consume_1_or_2_with_dataset_expressions to None, run_after=None
[2025-12-11T04:22:24.841+0000] {logging_mixin.py:188} INFO - [2025-12-11T04:22:24.840+0000] {dag.py:3954} INFO - Setting next_dagrun for consume_1_or_both_2_and_3_with_dataset_expressions to None, run_after=None
[2025-12-11T04:22:24.843+0000] {logging_mixin.py:188} INFO - [2025-12-11T04:22:24.842+0000] {dag.py:3954} INFO - Setting next_dagrun for dataset_consumes_1 to None, run_after=None
[2025-12-11T04:22:24.859+0000] {logging_mixin.py:188} INFO - [2025-12-11T04:22:24.859+0000] {dag.py:3954} INFO - Setting next_dagrun for dataset_consumes_1_and_2 to None, run_after=None
[2025-12-11T04:22:24.861+0000] {logging_mixin.py:188} INFO - [2025-12-11T04:22:24.861+0000] {dag.py:3954} INFO - Setting next_dagrun for dataset_consumes_1_never_scheduled to None, run_after=None
[2025-12-11T04:22:24.863+0000] {logging_mixin.py:188} INFO - [2025-12-11T04:22:24.863+0000] {dag.py:3954} INFO - Setting next_dagrun for dataset_consumes_unknown_never_scheduled to None, run_after=None
[2025-12-11T04:22:24.881+0000] {logging_mixin.py:188} INFO - [2025-12-11T04:22:24.881+0000] {dag.py:3954} INFO - Setting next_dagrun for dataset_produces_1 to 2025-12-10 00:00:00+00:00, run_after=2025-12-11 00:00:00+00:00
[2025-12-11T04:22:24.883+0000] {logging_mixin.py:188} INFO - [2025-12-11T04:22:24.883+0000] {dag.py:3954} INFO - Setting next_dagrun for dataset_produces_2 to None, run_after=None
[2025-12-11T04:22:24.965+0000] {processor.py:183} INFO - Processing /home/airflow/.local/lib/python3.9/site-packages/airflow/example_dags/example_datasets.py took 0.404 seconds
[2025-12-11T04:22:55.340+0000] {processor.py:161} INFO - Started process (PID=623) to work on /home/airflow/.local/lib/python3.9/site-packages/airflow/example_dags/example_datasets.py
[2025-12-11T04:22:55.341+0000] {processor.py:830} INFO - Processing file /home/airflow/.local/lib/python3.9/site-packages/airflow/example_dags/example_datasets.py for tasks to queue
[2025-12-11T04:22:55.344+0000] {logging_mixin.py:188} INFO - [2025-12-11T04:22:55.344+0000] {dagbag.py:545} INFO - Filling up the DagBag from /home/airflow/.local/lib/python3.9/site-packages/airflow/example_dags/example_datasets.py
[2025-12-11T04:22:55.367+0000] {processor.py:840} INFO - DAG(s) 'conditional_dataset_and_time_based_timetable', 'dataset_produces_1', 'consume_1_or_both_2_and_3_with_dataset_expressions', 'consume_1_and_2_with_dataset_expressions', 'dataset_produces_2', 'consume_1_or_2_with_dataset_expressions', 'dataset_consumes_1_and_2', 'dataset_consumes_1', 'dataset_consumes_unknown_never_scheduled', 'dataset_consumes_1_never_scheduled' retrieved from /home/airflow/.local/lib/python3.9/site-packages/airflow/example_dags/example_datasets.py
[2025-12-11T04:22:55.482+0000] {logging_mixin.py:188} INFO - [2025-12-11T04:22:55.481+0000] {dag.py:3096} INFO - Sync 10 DAGs
[2025-12-11T04:22:55.548+0000] {logging_mixin.py:188} INFO - [2025-12-11T04:22:55.548+0000] {dag.py:3954} INFO - Setting next_dagrun for conditional_dataset_and_time_based_timetable to 2025-12-10 01:00:00+00:00, run_after=2025-12-10 01:00:00+00:00
[2025-12-11T04:22:55.561+0000] {logging_mixin.py:188} INFO - [2025-12-11T04:22:55.560+0000] {dag.py:3954} INFO - Setting next_dagrun for consume_1_and_2_with_dataset_expressions to None, run_after=None
[2025-12-11T04:22:55.564+0000] {logging_mixin.py:188} INFO - [2025-12-11T04:22:55.563+0000] {dag.py:3954} INFO - Setting next_dagrun for consume_1_or_2_with_dataset_expressions to None, run_after=None
[2025-12-11T04:22:55.565+0000] {logging_mixin.py:188} INFO - [2025-12-11T04:22:55.565+0000] {dag.py:3954} INFO - Setting next_dagrun for consume_1_or_both_2_and_3_with_dataset_expressions to None, run_after=None
[2025-12-11T04:22:55.567+0000] {logging_mixin.py:188} INFO - [2025-12-11T04:22:55.567+0000] {dag.py:3954} INFO - Setting next_dagrun for dataset_consumes_1 to None, run_after=None
[2025-12-11T04:22:55.569+0000] {logging_mixin.py:188} INFO - [2025-12-11T04:22:55.568+0000] {dag.py:3954} INFO - Setting next_dagrun for dataset_consumes_1_and_2 to None, run_after=None
[2025-12-11T04:22:55.578+0000] {logging_mixin.py:188} INFO - [2025-12-11T04:22:55.577+0000] {dag.py:3954} INFO - Setting next_dagrun for dataset_consumes_1_never_scheduled to None, run_after=None
[2025-12-11T04:22:55.580+0000] {logging_mixin.py:188} INFO - [2025-12-11T04:22:55.580+0000] {dag.py:3954} INFO - Setting next_dagrun for dataset_consumes_unknown_never_scheduled to None, run_after=None
[2025-12-11T04:22:55.584+0000] {logging_mixin.py:188} INFO - [2025-12-11T04:22:55.583+0000] {dag.py:3954} INFO - Setting next_dagrun for dataset_produces_1 to 2025-12-10 00:00:00+00:00, run_after=2025-12-11 00:00:00+00:00
[2025-12-11T04:22:55.585+0000] {logging_mixin.py:188} INFO - [2025-12-11T04:22:55.585+0000] {dag.py:3954} INFO - Setting next_dagrun for dataset_produces_2 to None, run_after=None
[2025-12-11T04:22:55.688+0000] {processor.py:183} INFO - Processing /home/airflow/.local/lib/python3.9/site-packages/airflow/example_dags/example_datasets.py took 0.363 seconds
[2025-12-11T04:23:25.768+0000] {processor.py:161} INFO - Started process (PID=689) to work on /home/airflow/.local/lib/python3.9/site-packages/airflow/example_dags/example_datasets.py
[2025-12-11T04:23:25.805+0000] {processor.py:830} INFO - Processing file /home/airflow/.local/lib/python3.9/site-packages/airflow/example_dags/example_datasets.py for tasks to queue
[2025-12-11T04:23:25.808+0000] {logging_mixin.py:188} INFO - [2025-12-11T04:23:25.807+0000] {dagbag.py:545} INFO - Filling up the DagBag from /home/airflow/.local/lib/python3.9/site-packages/airflow/example_dags/example_datasets.py
[2025-12-11T04:23:25.829+0000] {processor.py:840} INFO - DAG(s) 'consume_1_and_2_with_dataset_expressions', 'consume_1_or_2_with_dataset_expressions', 'dataset_consumes_unknown_never_scheduled', 'conditional_dataset_and_time_based_timetable', 'dataset_produces_1', 'dataset_consumes_1', 'dataset_produces_2', 'consume_1_or_both_2_and_3_with_dataset_expressions', 'dataset_consumes_1_never_scheduled', 'dataset_consumes_1_and_2' retrieved from /home/airflow/.local/lib/python3.9/site-packages/airflow/example_dags/example_datasets.py
[2025-12-11T04:23:25.949+0000] {logging_mixin.py:188} INFO - [2025-12-11T04:23:25.948+0000] {dag.py:3096} INFO - Sync 10 DAGs
[2025-12-11T04:23:25.999+0000] {logging_mixin.py:188} INFO - [2025-12-11T04:23:25.999+0000] {dag.py:3954} INFO - Setting next_dagrun for conditional_dataset_and_time_based_timetable to 2025-12-10 01:00:00+00:00, run_after=2025-12-10 01:00:00+00:00
[2025-12-11T04:23:26.004+0000] {logging_mixin.py:188} INFO - [2025-12-11T04:23:26.004+0000] {dag.py:3954} INFO - Setting next_dagrun for consume_1_and_2_with_dataset_expressions to None, run_after=None
[2025-12-11T04:23:26.006+0000] {logging_mixin.py:188} INFO - [2025-12-11T04:23:26.006+0000] {dag.py:3954} INFO - Setting next_dagrun for consume_1_or_2_with_dataset_expressions to None, run_after=None
[2025-12-11T04:23:26.007+0000] {logging_mixin.py:188} INFO - [2025-12-11T04:23:26.007+0000] {dag.py:3954} INFO - Setting next_dagrun for consume_1_or_both_2_and_3_with_dataset_expressions to None, run_after=None
[2025-12-11T04:23:26.009+0000] {logging_mixin.py:188} INFO - [2025-12-11T04:23:26.009+0000] {dag.py:3954} INFO - Setting next_dagrun for dataset_consumes_1 to None, run_after=None
[2025-12-11T04:23:26.010+0000] {logging_mixin.py:188} INFO - [2025-12-11T04:23:26.010+0000] {dag.py:3954} INFO - Setting next_dagrun for dataset_consumes_1_and_2 to None, run_after=None
[2025-12-11T04:23:26.012+0000] {logging_mixin.py:188} INFO - [2025-12-11T04:23:26.011+0000] {dag.py:3954} INFO - Setting next_dagrun for dataset_consumes_1_never_scheduled to None, run_after=None
[2025-12-11T04:23:26.013+0000] {logging_mixin.py:188} INFO - [2025-12-11T04:23:26.013+0000] {dag.py:3954} INFO - Setting next_dagrun for dataset_consumes_unknown_never_scheduled to None, run_after=None
[2025-12-11T04:23:26.016+0000] {logging_mixin.py:188} INFO - [2025-12-11T04:23:26.016+0000] {dag.py:3954} INFO - Setting next_dagrun for dataset_produces_1 to 2025-12-10 00:00:00+00:00, run_after=2025-12-11 00:00:00+00:00
[2025-12-11T04:23:26.018+0000] {logging_mixin.py:188} INFO - [2025-12-11T04:23:26.017+0000] {dag.py:3954} INFO - Setting next_dagrun for dataset_produces_2 to None, run_after=None
[2025-12-11T04:23:26.092+0000] {processor.py:183} INFO - Processing /home/airflow/.local/lib/python3.9/site-packages/airflow/example_dags/example_datasets.py took 0.335 seconds
[2025-12-11T04:23:56.420+0000] {processor.py:161} INFO - Started process (PID=755) to work on /home/airflow/.local/lib/python3.9/site-packages/airflow/example_dags/example_datasets.py
[2025-12-11T04:23:56.422+0000] {processor.py:830} INFO - Processing file /home/airflow/.local/lib/python3.9/site-packages/airflow/example_dags/example_datasets.py for tasks to queue
[2025-12-11T04:23:56.439+0000] {logging_mixin.py:188} INFO - [2025-12-11T04:23:56.438+0000] {dagbag.py:545} INFO - Filling up the DagBag from /home/airflow/.local/lib/python3.9/site-packages/airflow/example_dags/example_datasets.py
[2025-12-11T04:23:56.479+0000] {processor.py:840} INFO - DAG(s) 'dataset_produces_2', 'dataset_consumes_1_and_2', 'dataset_consumes_1', 'consume_1_or_2_with_dataset_expressions', 'dataset_consumes_1_never_scheduled', 'conditional_dataset_and_time_based_timetable', 'dataset_consumes_unknown_never_scheduled', 'dataset_produces_1', 'consume_1_or_both_2_and_3_with_dataset_expressions', 'consume_1_and_2_with_dataset_expressions' retrieved from /home/airflow/.local/lib/python3.9/site-packages/airflow/example_dags/example_datasets.py
[2025-12-11T04:23:56.623+0000] {logging_mixin.py:188} INFO - [2025-12-11T04:23:56.623+0000] {dag.py:3096} INFO - Sync 10 DAGs
[2025-12-11T04:23:56.684+0000] {logging_mixin.py:188} INFO - [2025-12-11T04:23:56.683+0000] {dag.py:3954} INFO - Setting next_dagrun for conditional_dataset_and_time_based_timetable to 2025-12-10 01:00:00+00:00, run_after=2025-12-10 01:00:00+00:00
[2025-12-11T04:23:56.689+0000] {logging_mixin.py:188} INFO - [2025-12-11T04:23:56.689+0000] {dag.py:3954} INFO - Setting next_dagrun for consume_1_and_2_with_dataset_expressions to None, run_after=None
[2025-12-11T04:23:56.698+0000] {logging_mixin.py:188} INFO - [2025-12-11T04:23:56.697+0000] {dag.py:3954} INFO - Setting next_dagrun for consume_1_or_2_with_dataset_expressions to None, run_after=None
[2025-12-11T04:23:56.699+0000] {logging_mixin.py:188} INFO - [2025-12-11T04:23:56.699+0000] {dag.py:3954} INFO - Setting next_dagrun for consume_1_or_both_2_and_3_with_dataset_expressions to None, run_after=None
[2025-12-11T04:23:56.701+0000] {logging_mixin.py:188} INFO - [2025-12-11T04:23:56.701+0000] {dag.py:3954} INFO - Setting next_dagrun for dataset_consumes_1 to None, run_after=None
[2025-12-11T04:23:56.702+0000] {logging_mixin.py:188} INFO - [2025-12-11T04:23:56.702+0000] {dag.py:3954} INFO - Setting next_dagrun for dataset_consumes_1_and_2 to None, run_after=None
[2025-12-11T04:23:56.704+0000] {logging_mixin.py:188} INFO - [2025-12-11T04:23:56.704+0000] {dag.py:3954} INFO - Setting next_dagrun for dataset_consumes_1_never_scheduled to None, run_after=None
[2025-12-11T04:23:56.707+0000] {logging_mixin.py:188} INFO - [2025-12-11T04:23:56.707+0000] {dag.py:3954} INFO - Setting next_dagrun for dataset_consumes_unknown_never_scheduled to None, run_after=None
[2025-12-11T04:23:56.718+0000] {logging_mixin.py:188} INFO - [2025-12-11T04:23:56.717+0000] {dag.py:3954} INFO - Setting next_dagrun for dataset_produces_1 to 2025-12-10 00:00:00+00:00, run_after=2025-12-11 00:00:00+00:00
[2025-12-11T04:23:56.719+0000] {logging_mixin.py:188} INFO - [2025-12-11T04:23:56.719+0000] {dag.py:3954} INFO - Setting next_dagrun for dataset_produces_2 to None, run_after=None
[2025-12-11T04:23:56.822+0000] {processor.py:183} INFO - Processing /home/airflow/.local/lib/python3.9/site-packages/airflow/example_dags/example_datasets.py took 0.420 seconds
[2025-12-11T04:24:27.003+0000] {processor.py:161} INFO - Started process (PID=821) to work on /home/airflow/.local/lib/python3.9/site-packages/airflow/example_dags/example_datasets.py
[2025-12-11T04:24:27.005+0000] {processor.py:830} INFO - Processing file /home/airflow/.local/lib/python3.9/site-packages/airflow/example_dags/example_datasets.py for tasks to queue
[2025-12-11T04:24:27.008+0000] {logging_mixin.py:188} INFO - [2025-12-11T04:24:27.008+0000] {dagbag.py:545} INFO - Filling up the DagBag from /home/airflow/.local/lib/python3.9/site-packages/airflow/example_dags/example_datasets.py
[2025-12-11T04:24:27.060+0000] {processor.py:840} INFO - DAG(s) 'dataset_consumes_1', 'consume_1_and_2_with_dataset_expressions', 'consume_1_or_both_2_and_3_with_dataset_expressions', 'dataset_consumes_unknown_never_scheduled', 'dataset_consumes_1_and_2', 'dataset_consumes_1_never_scheduled', 'consume_1_or_2_with_dataset_expressions', 'dataset_produces_2', 'dataset_produces_1', 'conditional_dataset_and_time_based_timetable' retrieved from /home/airflow/.local/lib/python3.9/site-packages/airflow/example_dags/example_datasets.py
[2025-12-11T04:24:27.211+0000] {logging_mixin.py:188} INFO - [2025-12-11T04:24:27.210+0000] {dag.py:3096} INFO - Sync 10 DAGs
[2025-12-11T04:24:27.284+0000] {logging_mixin.py:188} INFO - [2025-12-11T04:24:27.283+0000] {dag.py:3954} INFO - Setting next_dagrun for conditional_dataset_and_time_based_timetable to 2025-12-10 01:00:00+00:00, run_after=2025-12-10 01:00:00+00:00
[2025-12-11T04:24:27.289+0000] {logging_mixin.py:188} INFO - [2025-12-11T04:24:27.289+0000] {dag.py:3954} INFO - Setting next_dagrun for consume_1_and_2_with_dataset_expressions to None, run_after=None
[2025-12-11T04:24:27.300+0000] {logging_mixin.py:188} INFO - [2025-12-11T04:24:27.299+0000] {dag.py:3954} INFO - Setting next_dagrun for consume_1_or_2_with_dataset_expressions to None, run_after=None
[2025-12-11T04:24:27.302+0000] {logging_mixin.py:188} INFO - [2025-12-11T04:24:27.302+0000] {dag.py:3954} INFO - Setting next_dagrun for consume_1_or_both_2_and_3_with_dataset_expressions to None, run_after=None
[2025-12-11T04:24:27.304+0000] {logging_mixin.py:188} INFO - [2025-12-11T04:24:27.303+0000] {dag.py:3954} INFO - Setting next_dagrun for dataset_consumes_1 to None, run_after=None
[2025-12-11T04:24:27.305+0000] {logging_mixin.py:188} INFO - [2025-12-11T04:24:27.305+0000] {dag.py:3954} INFO - Setting next_dagrun for dataset_consumes_1_and_2 to None, run_after=None
[2025-12-11T04:24:27.306+0000] {logging_mixin.py:188} INFO - [2025-12-11T04:24:27.306+0000] {dag.py:3954} INFO - Setting next_dagrun for dataset_consumes_1_never_scheduled to None, run_after=None
[2025-12-11T04:24:27.318+0000] {logging_mixin.py:188} INFO - [2025-12-11T04:24:27.317+0000] {dag.py:3954} INFO - Setting next_dagrun for dataset_consumes_unknown_never_scheduled to None, run_after=None
[2025-12-11T04:24:27.321+0000] {logging_mixin.py:188} INFO - [2025-12-11T04:24:27.320+0000] {dag.py:3954} INFO - Setting next_dagrun for dataset_produces_1 to 2025-12-10 00:00:00+00:00, run_after=2025-12-11 00:00:00+00:00
[2025-12-11T04:24:27.322+0000] {logging_mixin.py:188} INFO - [2025-12-11T04:24:27.322+0000] {dag.py:3954} INFO - Setting next_dagrun for dataset_produces_2 to None, run_after=None
[2025-12-11T04:24:27.387+0000] {processor.py:183} INFO - Processing /home/airflow/.local/lib/python3.9/site-packages/airflow/example_dags/example_datasets.py took 0.406 seconds
[2025-12-11T04:24:57.838+0000] {processor.py:161} INFO - Started process (PID=887) to work on /home/airflow/.local/lib/python3.9/site-packages/airflow/example_dags/example_datasets.py
[2025-12-11T04:24:57.882+0000] {processor.py:830} INFO - Processing file /home/airflow/.local/lib/python3.9/site-packages/airflow/example_dags/example_datasets.py for tasks to queue
[2025-12-11T04:24:57.887+0000] {logging_mixin.py:188} INFO - [2025-12-11T04:24:57.886+0000] {dagbag.py:545} INFO - Filling up the DagBag from /home/airflow/.local/lib/python3.9/site-packages/airflow/example_dags/example_datasets.py
[2025-12-11T04:24:57.939+0000] {processor.py:840} INFO - DAG(s) 'conditional_dataset_and_time_based_timetable', 'dataset_produces_1', 'dataset_consumes_1_never_scheduled', 'consume_1_or_both_2_and_3_with_dataset_expressions', 'dataset_consumes_1_and_2', 'dataset_consumes_1', 'dataset_consumes_unknown_never_scheduled', 'dataset_produces_2', 'consume_1_and_2_with_dataset_expressions', 'consume_1_or_2_with_dataset_expressions' retrieved from /home/airflow/.local/lib/python3.9/site-packages/airflow/example_dags/example_datasets.py
[2025-12-11T04:24:58.089+0000] {logging_mixin.py:188} INFO - [2025-12-11T04:24:58.089+0000] {dag.py:3096} INFO - Sync 10 DAGs
[2025-12-11T04:24:58.137+0000] {logging_mixin.py:188} INFO - [2025-12-11T04:24:58.136+0000] {dag.py:3954} INFO - Setting next_dagrun for conditional_dataset_and_time_based_timetable to 2025-12-10 01:00:00+00:00, run_after=2025-12-10 01:00:00+00:00
[2025-12-11T04:24:58.142+0000] {logging_mixin.py:188} INFO - [2025-12-11T04:24:58.142+0000] {dag.py:3954} INFO - Setting next_dagrun for consume_1_and_2_with_dataset_expressions to None, run_after=None
[2025-12-11T04:24:58.143+0000] {logging_mixin.py:188} INFO - [2025-12-11T04:24:58.143+0000] {dag.py:3954} INFO - Setting next_dagrun for consume_1_or_2_with_dataset_expressions to None, run_after=None
[2025-12-11T04:24:58.145+0000] {logging_mixin.py:188} INFO - [2025-12-11T04:24:58.145+0000] {dag.py:3954} INFO - Setting next_dagrun for consume_1_or_both_2_and_3_with_dataset_expressions to None, run_after=None
[2025-12-11T04:24:58.146+0000] {logging_mixin.py:188} INFO - [2025-12-11T04:24:58.146+0000] {dag.py:3954} INFO - Setting next_dagrun for dataset_consumes_1 to None, run_after=None
[2025-12-11T04:24:58.147+0000] {logging_mixin.py:188} INFO - [2025-12-11T04:24:58.147+0000] {dag.py:3954} INFO - Setting next_dagrun for dataset_consumes_1_and_2 to None, run_after=None
[2025-12-11T04:24:58.148+0000] {logging_mixin.py:188} INFO - [2025-12-11T04:24:58.148+0000] {dag.py:3954} INFO - Setting next_dagrun for dataset_consumes_1_never_scheduled to None, run_after=None
[2025-12-11T04:24:58.150+0000] {logging_mixin.py:188} INFO - [2025-12-11T04:24:58.149+0000] {dag.py:3954} INFO - Setting next_dagrun for dataset_consumes_unknown_never_scheduled to None, run_after=None
[2025-12-11T04:24:58.152+0000] {logging_mixin.py:188} INFO - [2025-12-11T04:24:58.152+0000] {dag.py:3954} INFO - Setting next_dagrun for dataset_produces_1 to 2025-12-10 00:00:00+00:00, run_after=2025-12-11 00:00:00+00:00
[2025-12-11T04:24:58.154+0000] {logging_mixin.py:188} INFO - [2025-12-11T04:24:58.153+0000] {dag.py:3954} INFO - Setting next_dagrun for dataset_produces_2 to None, run_after=None
[2025-12-11T04:24:58.249+0000] {processor.py:183} INFO - Processing /home/airflow/.local/lib/python3.9/site-packages/airflow/example_dags/example_datasets.py took 0.425 seconds
[2025-12-11T04:25:28.435+0000] {processor.py:161} INFO - Started process (PID=952) to work on /home/airflow/.local/lib/python3.9/site-packages/airflow/example_dags/example_datasets.py
[2025-12-11T04:25:28.467+0000] {processor.py:830} INFO - Processing file /home/airflow/.local/lib/python3.9/site-packages/airflow/example_dags/example_datasets.py for tasks to queue
[2025-12-11T04:25:28.470+0000] {logging_mixin.py:188} INFO - [2025-12-11T04:25:28.470+0000] {dagbag.py:545} INFO - Filling up the DagBag from /home/airflow/.local/lib/python3.9/site-packages/airflow/example_dags/example_datasets.py
[2025-12-11T04:25:28.492+0000] {processor.py:840} INFO - DAG(s) 'consume_1_or_2_with_dataset_expressions', 'consume_1_or_both_2_and_3_with_dataset_expressions', 'dataset_consumes_1_never_scheduled', 'conditional_dataset_and_time_based_timetable', 'dataset_produces_2', 'dataset_consumes_1', 'consume_1_and_2_with_dataset_expressions', 'dataset_consumes_1_and_2', 'dataset_consumes_unknown_never_scheduled', 'dataset_produces_1' retrieved from /home/airflow/.local/lib/python3.9/site-packages/airflow/example_dags/example_datasets.py
[2025-12-11T04:25:28.580+0000] {logging_mixin.py:188} INFO - [2025-12-11T04:25:28.580+0000] {dag.py:3096} INFO - Sync 10 DAGs
[2025-12-11T04:25:28.630+0000] {logging_mixin.py:188} INFO - [2025-12-11T04:25:28.630+0000] {dag.py:3954} INFO - Setting next_dagrun for conditional_dataset_and_time_based_timetable to 2025-12-10 01:00:00+00:00, run_after=2025-12-10 01:00:00+00:00
[2025-12-11T04:25:28.636+0000] {logging_mixin.py:188} INFO - [2025-12-11T04:25:28.636+0000] {dag.py:3954} INFO - Setting next_dagrun for consume_1_and_2_with_dataset_expressions to None, run_after=None
[2025-12-11T04:25:28.638+0000] {logging_mixin.py:188} INFO - [2025-12-11T04:25:28.638+0000] {dag.py:3954} INFO - Setting next_dagrun for consume_1_or_2_with_dataset_expressions to None, run_after=None
[2025-12-11T04:25:28.640+0000] {logging_mixin.py:188} INFO - [2025-12-11T04:25:28.640+0000] {dag.py:3954} INFO - Setting next_dagrun for consume_1_or_both_2_and_3_with_dataset_expressions to None, run_after=None
[2025-12-11T04:25:28.642+0000] {logging_mixin.py:188} INFO - [2025-12-11T04:25:28.642+0000] {dag.py:3954} INFO - Setting next_dagrun for dataset_consumes_1 to None, run_after=None
[2025-12-11T04:25:28.644+0000] {logging_mixin.py:188} INFO - [2025-12-11T04:25:28.643+0000] {dag.py:3954} INFO - Setting next_dagrun for dataset_consumes_1_and_2 to None, run_after=None
[2025-12-11T04:25:28.645+0000] {logging_mixin.py:188} INFO - [2025-12-11T04:25:28.645+0000] {dag.py:3954} INFO - Setting next_dagrun for dataset_consumes_1_never_scheduled to None, run_after=None
[2025-12-11T04:25:28.647+0000] {logging_mixin.py:188} INFO - [2025-12-11T04:25:28.647+0000] {dag.py:3954} INFO - Setting next_dagrun for dataset_consumes_unknown_never_scheduled to None, run_after=None
[2025-12-11T04:25:28.651+0000] {logging_mixin.py:188} INFO - [2025-12-11T04:25:28.651+0000] {dag.py:3954} INFO - Setting next_dagrun for dataset_produces_1 to 2025-12-10 00:00:00+00:00, run_after=2025-12-11 00:00:00+00:00
[2025-12-11T04:25:28.652+0000] {logging_mixin.py:188} INFO - [2025-12-11T04:25:28.652+0000] {dag.py:3954} INFO - Setting next_dagrun for dataset_produces_2 to None, run_after=None
[2025-12-11T04:25:28.713+0000] {processor.py:183} INFO - Processing /home/airflow/.local/lib/python3.9/site-packages/airflow/example_dags/example_datasets.py took 0.288 seconds
[2025-12-11T04:25:58.849+0000] {processor.py:161} INFO - Started process (PID=1019) to work on /home/airflow/.local/lib/python3.9/site-packages/airflow/example_dags/example_datasets.py
[2025-12-11T04:25:58.858+0000] {processor.py:830} INFO - Processing file /home/airflow/.local/lib/python3.9/site-packages/airflow/example_dags/example_datasets.py for tasks to queue
[2025-12-11T04:25:58.866+0000] {logging_mixin.py:188} INFO - [2025-12-11T04:25:58.866+0000] {dagbag.py:545} INFO - Filling up the DagBag from /home/airflow/.local/lib/python3.9/site-packages/airflow/example_dags/example_datasets.py
[2025-12-11T04:25:58.887+0000] {processor.py:840} INFO - DAG(s) 'dataset_consumes_1_and_2', 'consume_1_or_2_with_dataset_expressions', 'consume_1_or_both_2_and_3_with_dataset_expressions', 'consume_1_and_2_with_dataset_expressions', 'dataset_consumes_unknown_never_scheduled', 'dataset_produces_2', 'dataset_consumes_1_never_scheduled', 'dataset_consumes_1', 'conditional_dataset_and_time_based_timetable', 'dataset_produces_1' retrieved from /home/airflow/.local/lib/python3.9/site-packages/airflow/example_dags/example_datasets.py
[2025-12-11T04:25:58.958+0000] {logging_mixin.py:188} INFO - [2025-12-11T04:25:58.958+0000] {dag.py:3096} INFO - Sync 10 DAGs
[2025-12-11T04:25:59.001+0000] {logging_mixin.py:188} INFO - [2025-12-11T04:25:59.001+0000] {dag.py:3954} INFO - Setting next_dagrun for conditional_dataset_and_time_based_timetable to 2025-12-10 01:00:00+00:00, run_after=2025-12-10 01:00:00+00:00
[2025-12-11T04:25:59.007+0000] {logging_mixin.py:188} INFO - [2025-12-11T04:25:59.007+0000] {dag.py:3954} INFO - Setting next_dagrun for consume_1_and_2_with_dataset_expressions to None, run_after=None
[2025-12-11T04:25:59.009+0000] {logging_mixin.py:188} INFO - [2025-12-11T04:25:59.009+0000] {dag.py:3954} INFO - Setting next_dagrun for consume_1_or_2_with_dataset_expressions to None, run_after=None
[2025-12-11T04:25:59.011+0000] {logging_mixin.py:188} INFO - [2025-12-11T04:25:59.011+0000] {dag.py:3954} INFO - Setting next_dagrun for consume_1_or_both_2_and_3_with_dataset_expressions to None, run_after=None
[2025-12-11T04:25:59.012+0000] {logging_mixin.py:188} INFO - [2025-12-11T04:25:59.012+0000] {dag.py:3954} INFO - Setting next_dagrun for dataset_consumes_1 to None, run_after=None
[2025-12-11T04:25:59.013+0000] {logging_mixin.py:188} INFO - [2025-12-11T04:25:59.013+0000] {dag.py:3954} INFO - Setting next_dagrun for dataset_consumes_1_and_2 to None, run_after=None
[2025-12-11T04:25:59.015+0000] {logging_mixin.py:188} INFO - [2025-12-11T04:25:59.014+0000] {dag.py:3954} INFO - Setting next_dagrun for dataset_consumes_1_never_scheduled to None, run_after=None
[2025-12-11T04:25:59.016+0000] {logging_mixin.py:188} INFO - [2025-12-11T04:25:59.016+0000] {dag.py:3954} INFO - Setting next_dagrun for dataset_consumes_unknown_never_scheduled to None, run_after=None
[2025-12-11T04:25:59.019+0000] {logging_mixin.py:188} INFO - [2025-12-11T04:25:59.019+0000] {dag.py:3954} INFO - Setting next_dagrun for dataset_produces_1 to 2025-12-10 00:00:00+00:00, run_after=2025-12-11 00:00:00+00:00
[2025-12-11T04:25:59.020+0000] {logging_mixin.py:188} INFO - [2025-12-11T04:25:59.020+0000] {dag.py:3954} INFO - Setting next_dagrun for dataset_produces_2 to None, run_after=None
[2025-12-11T04:25:59.074+0000] {processor.py:183} INFO - Processing /home/airflow/.local/lib/python3.9/site-packages/airflow/example_dags/example_datasets.py took 0.235 seconds
[2025-12-11T04:26:29.328+0000] {processor.py:161} INFO - Started process (PID=1084) to work on /home/airflow/.local/lib/python3.9/site-packages/airflow/example_dags/example_datasets.py
[2025-12-11T04:26:29.387+0000] {processor.py:830} INFO - Processing file /home/airflow/.local/lib/python3.9/site-packages/airflow/example_dags/example_datasets.py for tasks to queue
[2025-12-11T04:26:29.390+0000] {logging_mixin.py:188} INFO - [2025-12-11T04:26:29.390+0000] {dagbag.py:545} INFO - Filling up the DagBag from /home/airflow/.local/lib/python3.9/site-packages/airflow/example_dags/example_datasets.py
[2025-12-11T04:26:29.412+0000] {processor.py:840} INFO - DAG(s) 'dataset_consumes_1', 'consume_1_or_2_with_dataset_expressions', 'dataset_produces_1', 'consume_1_and_2_with_dataset_expressions', 'consume_1_or_both_2_and_3_with_dataset_expressions', 'dataset_consumes_1_never_scheduled', 'dataset_consumes_unknown_never_scheduled', 'conditional_dataset_and_time_based_timetable', 'dataset_consumes_1_and_2', 'dataset_produces_2' retrieved from /home/airflow/.local/lib/python3.9/site-packages/airflow/example_dags/example_datasets.py
[2025-12-11T04:26:29.488+0000] {logging_mixin.py:188} INFO - [2025-12-11T04:26:29.487+0000] {dag.py:3096} INFO - Sync 10 DAGs
[2025-12-11T04:26:29.538+0000] {logging_mixin.py:188} INFO - [2025-12-11T04:26:29.538+0000] {dag.py:3954} INFO - Setting next_dagrun for conditional_dataset_and_time_based_timetable to 2025-12-10 01:00:00+00:00, run_after=2025-12-10 01:00:00+00:00
[2025-12-11T04:26:29.545+0000] {logging_mixin.py:188} INFO - [2025-12-11T04:26:29.545+0000] {dag.py:3954} INFO - Setting next_dagrun for consume_1_and_2_with_dataset_expressions to None, run_after=None
[2025-12-11T04:26:29.548+0000] {logging_mixin.py:188} INFO - [2025-12-11T04:26:29.547+0000] {dag.py:3954} INFO - Setting next_dagrun for consume_1_or_2_with_dataset_expressions to None, run_after=None
[2025-12-11T04:26:29.549+0000] {logging_mixin.py:188} INFO - [2025-12-11T04:26:29.549+0000] {dag.py:3954} INFO - Setting next_dagrun for consume_1_or_both_2_and_3_with_dataset_expressions to None, run_after=None
[2025-12-11T04:26:29.551+0000] {logging_mixin.py:188} INFO - [2025-12-11T04:26:29.551+0000] {dag.py:3954} INFO - Setting next_dagrun for dataset_consumes_1 to None, run_after=None
[2025-12-11T04:26:29.553+0000] {logging_mixin.py:188} INFO - [2025-12-11T04:26:29.552+0000] {dag.py:3954} INFO - Setting next_dagrun for dataset_consumes_1_and_2 to None, run_after=None
[2025-12-11T04:26:29.554+0000] {logging_mixin.py:188} INFO - [2025-12-11T04:26:29.554+0000] {dag.py:3954} INFO - Setting next_dagrun for dataset_consumes_1_never_scheduled to None, run_after=None
[2025-12-11T04:26:29.556+0000] {logging_mixin.py:188} INFO - [2025-12-11T04:26:29.556+0000] {dag.py:3954} INFO - Setting next_dagrun for dataset_consumes_unknown_never_scheduled to None, run_after=None
[2025-12-11T04:26:29.560+0000] {logging_mixin.py:188} INFO - [2025-12-11T04:26:29.560+0000] {dag.py:3954} INFO - Setting next_dagrun for dataset_produces_1 to 2025-12-10 00:00:00+00:00, run_after=2025-12-11 00:00:00+00:00
[2025-12-11T04:26:29.561+0000] {logging_mixin.py:188} INFO - [2025-12-11T04:26:29.561+0000] {dag.py:3954} INFO - Setting next_dagrun for dataset_produces_2 to None, run_after=None
[2025-12-11T04:26:29.618+0000] {processor.py:183} INFO - Processing /home/airflow/.local/lib/python3.9/site-packages/airflow/example_dags/example_datasets.py took 0.304 seconds
[2025-12-11T04:27:00.493+0000] {processor.py:161} INFO - Started process (PID=1157) to work on /home/airflow/.local/lib/python3.9/site-packages/airflow/example_dags/example_datasets.py
[2025-12-11T04:27:00.544+0000] {processor.py:830} INFO - Processing file /home/airflow/.local/lib/python3.9/site-packages/airflow/example_dags/example_datasets.py for tasks to queue
[2025-12-11T04:27:00.548+0000] {logging_mixin.py:188} INFO - [2025-12-11T04:27:00.547+0000] {dagbag.py:545} INFO - Filling up the DagBag from /home/airflow/.local/lib/python3.9/site-packages/airflow/example_dags/example_datasets.py
[2025-12-11T04:27:00.575+0000] {processor.py:840} INFO - DAG(s) 'dataset_consumes_1_and_2', 'dataset_consumes_1_never_scheduled', 'dataset_produces_1', 'dataset_produces_2', 'consume_1_or_2_with_dataset_expressions', 'consume_1_and_2_with_dataset_expressions', 'dataset_consumes_unknown_never_scheduled', 'conditional_dataset_and_time_based_timetable', 'consume_1_or_both_2_and_3_with_dataset_expressions', 'dataset_consumes_1' retrieved from /home/airflow/.local/lib/python3.9/site-packages/airflow/example_dags/example_datasets.py
[2025-12-11T04:27:00.643+0000] {logging_mixin.py:188} INFO - [2025-12-11T04:27:00.643+0000] {dag.py:3096} INFO - Sync 10 DAGs
[2025-12-11T04:27:00.685+0000] {logging_mixin.py:188} INFO - [2025-12-11T04:27:00.685+0000] {dag.py:3954} INFO - Setting next_dagrun for conditional_dataset_and_time_based_timetable to 2025-12-10 01:00:00+00:00, run_after=2025-12-10 01:00:00+00:00
[2025-12-11T04:27:00.700+0000] {logging_mixin.py:188} INFO - [2025-12-11T04:27:00.699+0000] {dag.py:3954} INFO - Setting next_dagrun for consume_1_and_2_with_dataset_expressions to None, run_after=None
[2025-12-11T04:27:00.702+0000] {logging_mixin.py:188} INFO - [2025-12-11T04:27:00.702+0000] {dag.py:3954} INFO - Setting next_dagrun for consume_1_or_2_with_dataset_expressions to None, run_after=None
[2025-12-11T04:27:00.704+0000] {logging_mixin.py:188} INFO - [2025-12-11T04:27:00.704+0000] {dag.py:3954} INFO - Setting next_dagrun for consume_1_or_both_2_and_3_with_dataset_expressions to None, run_after=None
[2025-12-11T04:27:00.719+0000] {logging_mixin.py:188} INFO - [2025-12-11T04:27:00.718+0000] {dag.py:3954} INFO - Setting next_dagrun for dataset_consumes_1 to None, run_after=None
[2025-12-11T04:27:00.721+0000] {logging_mixin.py:188} INFO - [2025-12-11T04:27:00.721+0000] {dag.py:3954} INFO - Setting next_dagrun for dataset_consumes_1_and_2 to None, run_after=None
[2025-12-11T04:27:00.723+0000] {logging_mixin.py:188} INFO - [2025-12-11T04:27:00.723+0000] {dag.py:3954} INFO - Setting next_dagrun for dataset_consumes_1_never_scheduled to None, run_after=None
[2025-12-11T04:27:00.726+0000] {logging_mixin.py:188} INFO - [2025-12-11T04:27:00.726+0000] {dag.py:3954} INFO - Setting next_dagrun for dataset_consumes_unknown_never_scheduled to None, run_after=None
[2025-12-11T04:27:00.729+0000] {logging_mixin.py:188} INFO - [2025-12-11T04:27:00.729+0000] {dag.py:3954} INFO - Setting next_dagrun for dataset_produces_1 to 2025-12-10 00:00:00+00:00, run_after=2025-12-11 00:00:00+00:00
[2025-12-11T04:27:00.730+0000] {logging_mixin.py:188} INFO - [2025-12-11T04:27:00.730+0000] {dag.py:3954} INFO - Setting next_dagrun for dataset_produces_2 to None, run_after=None
[2025-12-11T04:27:01.061+0000] {processor.py:183} INFO - Processing /home/airflow/.local/lib/python3.9/site-packages/airflow/example_dags/example_datasets.py took 0.581 seconds
[2025-12-11T04:27:31.802+0000] {processor.py:161} INFO - Started process (PID=1223) to work on /home/airflow/.local/lib/python3.9/site-packages/airflow/example_dags/example_datasets.py
[2025-12-11T04:27:31.809+0000] {processor.py:830} INFO - Processing file /home/airflow/.local/lib/python3.9/site-packages/airflow/example_dags/example_datasets.py for tasks to queue
[2025-12-11T04:27:31.819+0000] {logging_mixin.py:188} INFO - [2025-12-11T04:27:31.819+0000] {dagbag.py:545} INFO - Filling up the DagBag from /home/airflow/.local/lib/python3.9/site-packages/airflow/example_dags/example_datasets.py
[2025-12-11T04:27:31.859+0000] {processor.py:840} INFO - DAG(s) 'dataset_consumes_1', 'consume_1_or_both_2_and_3_with_dataset_expressions', 'dataset_consumes_1_and_2', 'consume_1_and_2_with_dataset_expressions', 'consume_1_or_2_with_dataset_expressions', 'dataset_produces_2', 'dataset_consumes_unknown_never_scheduled', 'conditional_dataset_and_time_based_timetable', 'dataset_consumes_1_never_scheduled', 'dataset_produces_1' retrieved from /home/airflow/.local/lib/python3.9/site-packages/airflow/example_dags/example_datasets.py
[2025-12-11T04:27:32.082+0000] {logging_mixin.py:188} INFO - [2025-12-11T04:27:32.081+0000] {dag.py:3096} INFO - Sync 10 DAGs
[2025-12-11T04:27:32.226+0000] {logging_mixin.py:188} INFO - [2025-12-11T04:27:32.225+0000] {dag.py:3954} INFO - Setting next_dagrun for conditional_dataset_and_time_based_timetable to 2025-12-10 01:00:00+00:00, run_after=2025-12-10 01:00:00+00:00
[2025-12-11T04:27:32.243+0000] {logging_mixin.py:188} INFO - [2025-12-11T04:27:32.242+0000] {dag.py:3954} INFO - Setting next_dagrun for consume_1_and_2_with_dataset_expressions to None, run_after=None
[2025-12-11T04:27:32.259+0000] {logging_mixin.py:188} INFO - [2025-12-11T04:27:32.259+0000] {dag.py:3954} INFO - Setting next_dagrun for consume_1_or_2_with_dataset_expressions to None, run_after=None
[2025-12-11T04:27:32.261+0000] {logging_mixin.py:188} INFO - [2025-12-11T04:27:32.261+0000] {dag.py:3954} INFO - Setting next_dagrun for consume_1_or_both_2_and_3_with_dataset_expressions to None, run_after=None
[2025-12-11T04:27:32.262+0000] {logging_mixin.py:188} INFO - [2025-12-11T04:27:32.262+0000] {dag.py:3954} INFO - Setting next_dagrun for dataset_consumes_1 to None, run_after=None
[2025-12-11T04:27:32.264+0000] {logging_mixin.py:188} INFO - [2025-12-11T04:27:32.264+0000] {dag.py:3954} INFO - Setting next_dagrun for dataset_consumes_1_and_2 to None, run_after=None
[2025-12-11T04:27:32.265+0000] {logging_mixin.py:188} INFO - [2025-12-11T04:27:32.265+0000] {dag.py:3954} INFO - Setting next_dagrun for dataset_consumes_1_never_scheduled to None, run_after=None
[2025-12-11T04:27:32.279+0000] {logging_mixin.py:188} INFO - [2025-12-11T04:27:32.279+0000] {dag.py:3954} INFO - Setting next_dagrun for dataset_consumes_unknown_never_scheduled to None, run_after=None
[2025-12-11T04:27:32.282+0000] {logging_mixin.py:188} INFO - [2025-12-11T04:27:32.282+0000] {dag.py:3954} INFO - Setting next_dagrun for dataset_produces_1 to 2025-12-10 00:00:00+00:00, run_after=2025-12-11 00:00:00+00:00
[2025-12-11T04:27:32.284+0000] {logging_mixin.py:188} INFO - [2025-12-11T04:27:32.283+0000] {dag.py:3954} INFO - Setting next_dagrun for dataset_produces_2 to None, run_after=None
[2025-12-11T04:27:32.423+0000] {processor.py:183} INFO - Processing /home/airflow/.local/lib/python3.9/site-packages/airflow/example_dags/example_datasets.py took 0.646 seconds
[2025-12-11T04:28:03.321+0000] {processor.py:161} INFO - Started process (PID=1289) to work on /home/airflow/.local/lib/python3.9/site-packages/airflow/example_dags/example_datasets.py
[2025-12-11T04:28:03.322+0000] {processor.py:830} INFO - Processing file /home/airflow/.local/lib/python3.9/site-packages/airflow/example_dags/example_datasets.py for tasks to queue
[2025-12-11T04:28:03.339+0000] {logging_mixin.py:188} INFO - [2025-12-11T04:28:03.339+0000] {dagbag.py:545} INFO - Filling up the DagBag from /home/airflow/.local/lib/python3.9/site-packages/airflow/example_dags/example_datasets.py
[2025-12-11T04:28:03.397+0000] {processor.py:840} INFO - DAG(s) 'dataset_produces_2', 'consume_1_or_2_with_dataset_expressions', 'dataset_consumes_1_never_scheduled', 'dataset_consumes_unknown_never_scheduled', 'dataset_consumes_1', 'dataset_consumes_1_and_2', 'conditional_dataset_and_time_based_timetable', 'consume_1_and_2_with_dataset_expressions', 'consume_1_or_both_2_and_3_with_dataset_expressions', 'dataset_produces_1' retrieved from /home/airflow/.local/lib/python3.9/site-packages/airflow/example_dags/example_datasets.py
[2025-12-11T04:28:03.564+0000] {logging_mixin.py:188} INFO - [2025-12-11T04:28:03.564+0000] {dag.py:3096} INFO - Sync 10 DAGs
[2025-12-11T04:28:03.638+0000] {logging_mixin.py:188} INFO - [2025-12-11T04:28:03.637+0000] {dag.py:3954} INFO - Setting next_dagrun for conditional_dataset_and_time_based_timetable to 2025-12-10 01:00:00+00:00, run_after=2025-12-10 01:00:00+00:00
[2025-12-11T04:28:03.643+0000] {logging_mixin.py:188} INFO - [2025-12-11T04:28:03.643+0000] {dag.py:3954} INFO - Setting next_dagrun for consume_1_and_2_with_dataset_expressions to None, run_after=None
[2025-12-11T04:28:03.658+0000] {logging_mixin.py:188} INFO - [2025-12-11T04:28:03.658+0000] {dag.py:3954} INFO - Setting next_dagrun for consume_1_or_2_with_dataset_expressions to None, run_after=None
[2025-12-11T04:28:03.660+0000] {logging_mixin.py:188} INFO - [2025-12-11T04:28:03.659+0000] {dag.py:3954} INFO - Setting next_dagrun for consume_1_or_both_2_and_3_with_dataset_expressions to None, run_after=None
[2025-12-11T04:28:03.661+0000] {logging_mixin.py:188} INFO - [2025-12-11T04:28:03.661+0000] {dag.py:3954} INFO - Setting next_dagrun for dataset_consumes_1 to None, run_after=None
[2025-12-11T04:28:03.662+0000] {logging_mixin.py:188} INFO - [2025-12-11T04:28:03.662+0000] {dag.py:3954} INFO - Setting next_dagrun for dataset_consumes_1_and_2 to None, run_after=None
[2025-12-11T04:28:03.664+0000] {logging_mixin.py:188} INFO - [2025-12-11T04:28:03.663+0000] {dag.py:3954} INFO - Setting next_dagrun for dataset_consumes_1_never_scheduled to None, run_after=None
[2025-12-11T04:28:03.679+0000] {logging_mixin.py:188} INFO - [2025-12-11T04:28:03.679+0000] {dag.py:3954} INFO - Setting next_dagrun for dataset_consumes_unknown_never_scheduled to None, run_after=None
[2025-12-11T04:28:03.683+0000] {logging_mixin.py:188} INFO - [2025-12-11T04:28:03.683+0000] {dag.py:3954} INFO - Setting next_dagrun for dataset_produces_1 to 2025-12-10 00:00:00+00:00, run_after=2025-12-11 00:00:00+00:00
[2025-12-11T04:28:03.685+0000] {logging_mixin.py:188} INFO - [2025-12-11T04:28:03.685+0000] {dag.py:3954} INFO - Setting next_dagrun for dataset_produces_2 to None, run_after=None
[2025-12-11T04:28:03.821+0000] {processor.py:183} INFO - Processing /home/airflow/.local/lib/python3.9/site-packages/airflow/example_dags/example_datasets.py took 0.539 seconds
[2025-12-11T04:28:33.959+0000] {processor.py:161} INFO - Started process (PID=1355) to work on /home/airflow/.local/lib/python3.9/site-packages/airflow/example_dags/example_datasets.py
[2025-12-11T04:28:33.968+0000] {processor.py:830} INFO - Processing file /home/airflow/.local/lib/python3.9/site-packages/airflow/example_dags/example_datasets.py for tasks to queue
[2025-12-11T04:28:33.980+0000] {logging_mixin.py:188} INFO - [2025-12-11T04:28:33.979+0000] {dagbag.py:545} INFO - Filling up the DagBag from /home/airflow/.local/lib/python3.9/site-packages/airflow/example_dags/example_datasets.py
[2025-12-11T04:28:34.023+0000] {processor.py:840} INFO - DAG(s) 'dataset_consumes_1_and_2', 'dataset_produces_1', 'consume_1_or_2_with_dataset_expressions', 'conditional_dataset_and_time_based_timetable', 'consume_1_and_2_with_dataset_expressions', 'dataset_consumes_unknown_never_scheduled', 'consume_1_or_both_2_and_3_with_dataset_expressions', 'dataset_consumes_1_never_scheduled', 'dataset_produces_2', 'dataset_consumes_1' retrieved from /home/airflow/.local/lib/python3.9/site-packages/airflow/example_dags/example_datasets.py
[2025-12-11T04:28:34.245+0000] {logging_mixin.py:188} INFO - [2025-12-11T04:28:34.245+0000] {dag.py:3096} INFO - Sync 10 DAGs
[2025-12-11T04:28:34.380+0000] {logging_mixin.py:188} INFO - [2025-12-11T04:28:34.379+0000] {dag.py:3954} INFO - Setting next_dagrun for conditional_dataset_and_time_based_timetable to 2025-12-10 01:00:00+00:00, run_after=2025-12-10 01:00:00+00:00
[2025-12-11T04:28:34.397+0000] {logging_mixin.py:188} INFO - [2025-12-11T04:28:34.386+0000] {dag.py:3954} INFO - Setting next_dagrun for consume_1_and_2_with_dataset_expressions to None, run_after=None
[2025-12-11T04:28:34.400+0000] {logging_mixin.py:188} INFO - [2025-12-11T04:28:34.400+0000] {dag.py:3954} INFO - Setting next_dagrun for consume_1_or_2_with_dataset_expressions to None, run_after=None
[2025-12-11T04:28:34.402+0000] {logging_mixin.py:188} INFO - [2025-12-11T04:28:34.402+0000] {dag.py:3954} INFO - Setting next_dagrun for consume_1_or_both_2_and_3_with_dataset_expressions to None, run_after=None
[2025-12-11T04:28:34.404+0000] {logging_mixin.py:188} INFO - [2025-12-11T04:28:34.404+0000] {dag.py:3954} INFO - Setting next_dagrun for dataset_consumes_1 to None, run_after=None
[2025-12-11T04:28:34.420+0000] {logging_mixin.py:188} INFO - [2025-12-11T04:28:34.419+0000] {dag.py:3954} INFO - Setting next_dagrun for dataset_consumes_1_and_2 to None, run_after=None
[2025-12-11T04:28:34.422+0000] {logging_mixin.py:188} INFO - [2025-12-11T04:28:34.422+0000] {dag.py:3954} INFO - Setting next_dagrun for dataset_consumes_1_never_scheduled to None, run_after=None
[2025-12-11T04:28:34.439+0000] {logging_mixin.py:188} INFO - [2025-12-11T04:28:34.438+0000] {dag.py:3954} INFO - Setting next_dagrun for dataset_consumes_unknown_never_scheduled to None, run_after=None
[2025-12-11T04:28:34.444+0000] {logging_mixin.py:188} INFO - [2025-12-11T04:28:34.443+0000] {dag.py:3954} INFO - Setting next_dagrun for dataset_produces_1 to 2025-12-10 00:00:00+00:00, run_after=2025-12-11 00:00:00+00:00
[2025-12-11T04:28:34.445+0000] {logging_mixin.py:188} INFO - [2025-12-11T04:28:34.445+0000] {dag.py:3954} INFO - Setting next_dagrun for dataset_produces_2 to None, run_after=None
[2025-12-11T04:28:34.802+0000] {processor.py:183} INFO - Processing /home/airflow/.local/lib/python3.9/site-packages/airflow/example_dags/example_datasets.py took 0.865 seconds
[2025-12-11T04:29:04.921+0000] {processor.py:161} INFO - Started process (PID=1422) to work on /home/airflow/.local/lib/python3.9/site-packages/airflow/example_dags/example_datasets.py
[2025-12-11T04:29:04.923+0000] {processor.py:830} INFO - Processing file /home/airflow/.local/lib/python3.9/site-packages/airflow/example_dags/example_datasets.py for tasks to queue
[2025-12-11T04:29:04.926+0000] {logging_mixin.py:188} INFO - [2025-12-11T04:29:04.926+0000] {dagbag.py:545} INFO - Filling up the DagBag from /home/airflow/.local/lib/python3.9/site-packages/airflow/example_dags/example_datasets.py
[2025-12-11T04:29:04.966+0000] {processor.py:840} INFO - DAG(s) 'dataset_produces_2', 'dataset_consumes_1_and_2', 'consume_1_or_2_with_dataset_expressions', 'dataset_consumes_1_never_scheduled', 'conditional_dataset_and_time_based_timetable', 'consume_1_or_both_2_and_3_with_dataset_expressions', 'consume_1_and_2_with_dataset_expressions', 'dataset_consumes_unknown_never_scheduled', 'dataset_produces_1', 'dataset_consumes_1' retrieved from /home/airflow/.local/lib/python3.9/site-packages/airflow/example_dags/example_datasets.py
[2025-12-11T04:29:05.178+0000] {logging_mixin.py:188} INFO - [2025-12-11T04:29:05.178+0000] {dag.py:3096} INFO - Sync 10 DAGs
[2025-12-11T04:29:05.338+0000] {logging_mixin.py:188} INFO - [2025-12-11T04:29:05.337+0000] {dag.py:3954} INFO - Setting next_dagrun for conditional_dataset_and_time_based_timetable to 2025-12-10 01:00:00+00:00, run_after=2025-12-10 01:00:00+00:00
[2025-12-11T04:29:05.359+0000] {logging_mixin.py:188} INFO - [2025-12-11T04:29:05.358+0000] {dag.py:3954} INFO - Setting next_dagrun for consume_1_and_2_with_dataset_expressions to None, run_after=None
[2025-12-11T04:29:05.361+0000] {logging_mixin.py:188} INFO - [2025-12-11T04:29:05.361+0000] {dag.py:3954} INFO - Setting next_dagrun for consume_1_or_2_with_dataset_expressions to None, run_after=None
[2025-12-11T04:29:05.363+0000] {logging_mixin.py:188} INFO - [2025-12-11T04:29:05.363+0000] {dag.py:3954} INFO - Setting next_dagrun for consume_1_or_both_2_and_3_with_dataset_expressions to None, run_after=None
[2025-12-11T04:29:05.365+0000] {logging_mixin.py:188} INFO - [2025-12-11T04:29:05.364+0000] {dag.py:3954} INFO - Setting next_dagrun for dataset_consumes_1 to None, run_after=None
[2025-12-11T04:29:05.378+0000] {logging_mixin.py:188} INFO - [2025-12-11T04:29:05.377+0000] {dag.py:3954} INFO - Setting next_dagrun for dataset_consumes_1_and_2 to None, run_after=None
[2025-12-11T04:29:05.380+0000] {logging_mixin.py:188} INFO - [2025-12-11T04:29:05.380+0000] {dag.py:3954} INFO - Setting next_dagrun for dataset_consumes_1_never_scheduled to None, run_after=None
[2025-12-11T04:29:05.382+0000] {logging_mixin.py:188} INFO - [2025-12-11T04:29:05.382+0000] {dag.py:3954} INFO - Setting next_dagrun for dataset_consumes_unknown_never_scheduled to None, run_after=None
[2025-12-11T04:29:05.398+0000] {logging_mixin.py:188} INFO - [2025-12-11T04:29:05.398+0000] {dag.py:3954} INFO - Setting next_dagrun for dataset_produces_1 to 2025-12-10 00:00:00+00:00, run_after=2025-12-11 00:00:00+00:00
[2025-12-11T04:29:05.401+0000] {logging_mixin.py:188} INFO - [2025-12-11T04:29:05.401+0000] {dag.py:3954} INFO - Setting next_dagrun for dataset_produces_2 to None, run_after=None
[2025-12-11T04:29:05.564+0000] {processor.py:183} INFO - Processing /home/airflow/.local/lib/python3.9/site-packages/airflow/example_dags/example_datasets.py took 0.662 seconds
[2025-12-11T04:29:35.681+0000] {processor.py:161} INFO - Started process (PID=1487) to work on /home/airflow/.local/lib/python3.9/site-packages/airflow/example_dags/example_datasets.py
[2025-12-11T04:29:35.682+0000] {processor.py:830} INFO - Processing file /home/airflow/.local/lib/python3.9/site-packages/airflow/example_dags/example_datasets.py for tasks to queue
[2025-12-11T04:29:35.700+0000] {logging_mixin.py:188} INFO - [2025-12-11T04:29:35.699+0000] {dagbag.py:545} INFO - Filling up the DagBag from /home/airflow/.local/lib/python3.9/site-packages/airflow/example_dags/example_datasets.py
[2025-12-11T04:29:35.745+0000] {processor.py:840} INFO - DAG(s) 'consume_1_or_both_2_and_3_with_dataset_expressions', 'dataset_consumes_1_never_scheduled', 'consume_1_and_2_with_dataset_expressions', 'dataset_consumes_1_and_2', 'dataset_consumes_1', 'consume_1_or_2_with_dataset_expressions', 'dataset_consumes_unknown_never_scheduled', 'conditional_dataset_and_time_based_timetable', 'dataset_produces_1', 'dataset_produces_2' retrieved from /home/airflow/.local/lib/python3.9/site-packages/airflow/example_dags/example_datasets.py
[2025-12-11T04:29:35.944+0000] {logging_mixin.py:188} INFO - [2025-12-11T04:29:35.943+0000] {dag.py:3096} INFO - Sync 10 DAGs
[2025-12-11T04:29:36.057+0000] {logging_mixin.py:188} INFO - [2025-12-11T04:29:36.046+0000] {dag.py:3954} INFO - Setting next_dagrun for conditional_dataset_and_time_based_timetable to 2025-12-10 01:00:00+00:00, run_after=2025-12-10 01:00:00+00:00
[2025-12-11T04:29:36.077+0000] {logging_mixin.py:188} INFO - [2025-12-11T04:29:36.077+0000] {dag.py:3954} INFO - Setting next_dagrun for consume_1_and_2_with_dataset_expressions to None, run_after=None
[2025-12-11T04:29:36.081+0000] {logging_mixin.py:188} INFO - [2025-12-11T04:29:36.081+0000] {dag.py:3954} INFO - Setting next_dagrun for consume_1_or_2_with_dataset_expressions to None, run_after=None
[2025-12-11T04:29:36.083+0000] {logging_mixin.py:188} INFO - [2025-12-11T04:29:36.083+0000] {dag.py:3954} INFO - Setting next_dagrun for consume_1_or_both_2_and_3_with_dataset_expressions to None, run_after=None
[2025-12-11T04:29:36.086+0000] {logging_mixin.py:188} INFO - [2025-12-11T04:29:36.086+0000] {dag.py:3954} INFO - Setting next_dagrun for dataset_consumes_1 to None, run_after=None
[2025-12-11T04:29:36.097+0000] {logging_mixin.py:188} INFO - [2025-12-11T04:29:36.097+0000] {dag.py:3954} INFO - Setting next_dagrun for dataset_consumes_1_and_2 to None, run_after=None
[2025-12-11T04:29:36.099+0000] {logging_mixin.py:188} INFO - [2025-12-11T04:29:36.099+0000] {dag.py:3954} INFO - Setting next_dagrun for dataset_consumes_1_never_scheduled to None, run_after=None
[2025-12-11T04:29:36.101+0000] {logging_mixin.py:188} INFO - [2025-12-11T04:29:36.100+0000] {dag.py:3954} INFO - Setting next_dagrun for dataset_consumes_unknown_never_scheduled to None, run_after=None
[2025-12-11T04:29:36.104+0000] {logging_mixin.py:188} INFO - [2025-12-11T04:29:36.103+0000] {dag.py:3954} INFO - Setting next_dagrun for dataset_produces_1 to 2025-12-10 00:00:00+00:00, run_after=2025-12-11 00:00:00+00:00
[2025-12-11T04:29:36.105+0000] {logging_mixin.py:188} INFO - [2025-12-11T04:29:36.105+0000] {dag.py:3954} INFO - Setting next_dagrun for dataset_produces_2 to None, run_after=None
[2025-12-11T04:29:36.301+0000] {processor.py:183} INFO - Processing /home/airflow/.local/lib/python3.9/site-packages/airflow/example_dags/example_datasets.py took 0.639 seconds
[2025-12-11T04:30:06.621+0000] {processor.py:161} INFO - Started process (PID=1554) to work on /home/airflow/.local/lib/python3.9/site-packages/airflow/example_dags/example_datasets.py
[2025-12-11T04:30:06.629+0000] {processor.py:830} INFO - Processing file /home/airflow/.local/lib/python3.9/site-packages/airflow/example_dags/example_datasets.py for tasks to queue
[2025-12-11T04:30:06.644+0000] {logging_mixin.py:188} INFO - [2025-12-11T04:30:06.643+0000] {dagbag.py:545} INFO - Filling up the DagBag from /home/airflow/.local/lib/python3.9/site-packages/airflow/example_dags/example_datasets.py
[2025-12-11T04:30:06.702+0000] {processor.py:840} INFO - DAG(s) 'consume_1_and_2_with_dataset_expressions', 'conditional_dataset_and_time_based_timetable', 'dataset_consumes_1', 'dataset_consumes_1_and_2', 'dataset_produces_2', 'dataset_produces_1', 'dataset_consumes_1_never_scheduled', 'consume_1_or_both_2_and_3_with_dataset_expressions', 'consume_1_or_2_with_dataset_expressions', 'dataset_consumes_unknown_never_scheduled' retrieved from /home/airflow/.local/lib/python3.9/site-packages/airflow/example_dags/example_datasets.py
[2025-12-11T04:30:06.884+0000] {logging_mixin.py:188} INFO - [2025-12-11T04:30:06.884+0000] {dag.py:3096} INFO - Sync 10 DAGs
[2025-12-11T04:30:06.971+0000] {logging_mixin.py:188} INFO - [2025-12-11T04:30:06.971+0000] {dag.py:3954} INFO - Setting next_dagrun for conditional_dataset_and_time_based_timetable to 2025-12-10 01:00:00+00:00, run_after=2025-12-10 01:00:00+00:00
[2025-12-11T04:30:07.101+0000] {logging_mixin.py:188} INFO - [2025-12-11T04:30:07.100+0000] {dag.py:3954} INFO - Setting next_dagrun for consume_1_and_2_with_dataset_expressions to None, run_after=None
[2025-12-11T04:30:07.119+0000] {logging_mixin.py:188} INFO - [2025-12-11T04:30:07.118+0000] {dag.py:3954} INFO - Setting next_dagrun for consume_1_or_2_with_dataset_expressions to None, run_after=None
[2025-12-11T04:30:07.122+0000] {logging_mixin.py:188} INFO - [2025-12-11T04:30:07.122+0000] {dag.py:3954} INFO - Setting next_dagrun for consume_1_or_both_2_and_3_with_dataset_expressions to None, run_after=None
[2025-12-11T04:30:07.137+0000] {logging_mixin.py:188} INFO - [2025-12-11T04:30:07.137+0000] {dag.py:3954} INFO - Setting next_dagrun for dataset_consumes_1 to None, run_after=None
[2025-12-11T04:30:07.140+0000] {logging_mixin.py:188} INFO - [2025-12-11T04:30:07.140+0000] {dag.py:3954} INFO - Setting next_dagrun for dataset_consumes_1_and_2 to None, run_after=None
[2025-12-11T04:30:07.144+0000] {logging_mixin.py:188} INFO - [2025-12-11T04:30:07.144+0000] {dag.py:3954} INFO - Setting next_dagrun for dataset_consumes_1_never_scheduled to None, run_after=None
[2025-12-11T04:30:07.158+0000] {logging_mixin.py:188} INFO - [2025-12-11T04:30:07.158+0000] {dag.py:3954} INFO - Setting next_dagrun for dataset_consumes_unknown_never_scheduled to None, run_after=None
[2025-12-11T04:30:07.178+0000] {logging_mixin.py:188} INFO - [2025-12-11T04:30:07.177+0000] {dag.py:3954} INFO - Setting next_dagrun for dataset_produces_1 to 2025-12-10 00:00:00+00:00, run_after=2025-12-11 00:00:00+00:00
[2025-12-11T04:30:07.180+0000] {logging_mixin.py:188} INFO - [2025-12-11T04:30:07.180+0000] {dag.py:3954} INFO - Setting next_dagrun for dataset_produces_2 to None, run_after=None
[2025-12-11T04:30:07.601+0000] {processor.py:183} INFO - Processing /home/airflow/.local/lib/python3.9/site-packages/airflow/example_dags/example_datasets.py took 1.017 seconds
[2025-12-11T04:30:38.060+0000] {processor.py:161} INFO - Started process (PID=1620) to work on /home/airflow/.local/lib/python3.9/site-packages/airflow/example_dags/example_datasets.py
[2025-12-11T04:30:38.141+0000] {processor.py:830} INFO - Processing file /home/airflow/.local/lib/python3.9/site-packages/airflow/example_dags/example_datasets.py for tasks to queue
[2025-12-11T04:30:38.147+0000] {logging_mixin.py:188} INFO - [2025-12-11T04:30:38.146+0000] {dagbag.py:545} INFO - Filling up the DagBag from /home/airflow/.local/lib/python3.9/site-packages/airflow/example_dags/example_datasets.py
[2025-12-11T04:30:38.257+0000] {processor.py:840} INFO - DAG(s) 'dataset_consumes_1_never_scheduled', 'consume_1_and_2_with_dataset_expressions', 'dataset_consumes_1', 'conditional_dataset_and_time_based_timetable', 'dataset_consumes_1_and_2', 'dataset_produces_2', 'dataset_produces_1', 'consume_1_or_2_with_dataset_expressions', 'dataset_consumes_unknown_never_scheduled', 'consume_1_or_both_2_and_3_with_dataset_expressions' retrieved from /home/airflow/.local/lib/python3.9/site-packages/airflow/example_dags/example_datasets.py
[2025-12-11T04:30:38.481+0000] {logging_mixin.py:188} INFO - [2025-12-11T04:30:38.481+0000] {dag.py:3096} INFO - Sync 10 DAGs
[2025-12-11T04:30:38.721+0000] {logging_mixin.py:188} INFO - [2025-12-11T04:30:38.720+0000] {dag.py:3954} INFO - Setting next_dagrun for conditional_dataset_and_time_based_timetable to 2025-12-10 01:00:00+00:00, run_after=2025-12-10 01:00:00+00:00
[2025-12-11T04:30:38.737+0000] {logging_mixin.py:188} INFO - [2025-12-11T04:30:38.737+0000] {dag.py:3954} INFO - Setting next_dagrun for consume_1_and_2_with_dataset_expressions to None, run_after=None
[2025-12-11T04:30:38.740+0000] {logging_mixin.py:188} INFO - [2025-12-11T04:30:38.740+0000] {dag.py:3954} INFO - Setting next_dagrun for consume_1_or_2_with_dataset_expressions to None, run_after=None
[2025-12-11T04:30:38.742+0000] {logging_mixin.py:188} INFO - [2025-12-11T04:30:38.742+0000] {dag.py:3954} INFO - Setting next_dagrun for consume_1_or_both_2_and_3_with_dataset_expressions to None, run_after=None
[2025-12-11T04:30:38.744+0000] {logging_mixin.py:188} INFO - [2025-12-11T04:30:38.744+0000] {dag.py:3954} INFO - Setting next_dagrun for dataset_consumes_1 to None, run_after=None
[2025-12-11T04:30:38.745+0000] {logging_mixin.py:188} INFO - [2025-12-11T04:30:38.745+0000] {dag.py:3954} INFO - Setting next_dagrun for dataset_consumes_1_and_2 to None, run_after=None
[2025-12-11T04:30:38.761+0000] {logging_mixin.py:188} INFO - [2025-12-11T04:30:38.761+0000] {dag.py:3954} INFO - Setting next_dagrun for dataset_consumes_1_never_scheduled to None, run_after=None
[2025-12-11T04:30:38.764+0000] {logging_mixin.py:188} INFO - [2025-12-11T04:30:38.764+0000] {dag.py:3954} INFO - Setting next_dagrun for dataset_consumes_unknown_never_scheduled to None, run_after=None
[2025-12-11T04:30:38.777+0000] {logging_mixin.py:188} INFO - [2025-12-11T04:30:38.777+0000] {dag.py:3954} INFO - Setting next_dagrun for dataset_produces_1 to 2025-12-10 00:00:00+00:00, run_after=2025-12-11 00:00:00+00:00
[2025-12-11T04:30:38.781+0000] {logging_mixin.py:188} INFO - [2025-12-11T04:30:38.781+0000] {dag.py:3954} INFO - Setting next_dagrun for dataset_produces_2 to None, run_after=None
[2025-12-11T04:30:39.061+0000] {processor.py:183} INFO - Processing /home/airflow/.local/lib/python3.9/site-packages/airflow/example_dags/example_datasets.py took 1.017 seconds
[2025-12-11T04:31:09.502+0000] {processor.py:161} INFO - Started process (PID=1686) to work on /home/airflow/.local/lib/python3.9/site-packages/airflow/example_dags/example_datasets.py
[2025-12-11T04:31:09.504+0000] {processor.py:830} INFO - Processing file /home/airflow/.local/lib/python3.9/site-packages/airflow/example_dags/example_datasets.py for tasks to queue
[2025-12-11T04:31:09.507+0000] {logging_mixin.py:188} INFO - [2025-12-11T04:31:09.507+0000] {dagbag.py:545} INFO - Filling up the DagBag from /home/airflow/.local/lib/python3.9/site-packages/airflow/example_dags/example_datasets.py
[2025-12-11T04:31:09.546+0000] {processor.py:840} INFO - DAG(s) 'dataset_produces_1', 'consume_1_and_2_with_dataset_expressions', 'dataset_consumes_1_and_2', 'dataset_consumes_1', 'consume_1_or_2_with_dataset_expressions', 'conditional_dataset_and_time_based_timetable', 'dataset_consumes_unknown_never_scheduled', 'dataset_consumes_1_never_scheduled', 'consume_1_or_both_2_and_3_with_dataset_expressions', 'dataset_produces_2' retrieved from /home/airflow/.local/lib/python3.9/site-packages/airflow/example_dags/example_datasets.py
[2025-12-11T04:31:09.663+0000] {logging_mixin.py:188} INFO - [2025-12-11T04:31:09.662+0000] {dag.py:3096} INFO - Sync 10 DAGs
[2025-12-11T04:31:09.738+0000] {logging_mixin.py:188} INFO - [2025-12-11T04:31:09.738+0000] {dag.py:3954} INFO - Setting next_dagrun for conditional_dataset_and_time_based_timetable to 2025-12-10 01:00:00+00:00, run_after=2025-12-10 01:00:00+00:00
[2025-12-11T04:31:09.743+0000] {logging_mixin.py:188} INFO - [2025-12-11T04:31:09.743+0000] {dag.py:3954} INFO - Setting next_dagrun for consume_1_and_2_with_dataset_expressions to None, run_after=None
[2025-12-11T04:31:09.745+0000] {logging_mixin.py:188} INFO - [2025-12-11T04:31:09.745+0000] {dag.py:3954} INFO - Setting next_dagrun for consume_1_or_2_with_dataset_expressions to None, run_after=None
[2025-12-11T04:31:09.746+0000] {logging_mixin.py:188} INFO - [2025-12-11T04:31:09.746+0000] {dag.py:3954} INFO - Setting next_dagrun for consume_1_or_both_2_and_3_with_dataset_expressions to None, run_after=None
[2025-12-11T04:31:09.748+0000] {logging_mixin.py:188} INFO - [2025-12-11T04:31:09.748+0000] {dag.py:3954} INFO - Setting next_dagrun for dataset_consumes_1 to None, run_after=None
[2025-12-11T04:31:09.749+0000] {logging_mixin.py:188} INFO - [2025-12-11T04:31:09.749+0000] {dag.py:3954} INFO - Setting next_dagrun for dataset_consumes_1_and_2 to None, run_after=None
[2025-12-11T04:31:09.757+0000] {logging_mixin.py:188} INFO - [2025-12-11T04:31:09.757+0000] {dag.py:3954} INFO - Setting next_dagrun for dataset_consumes_1_never_scheduled to None, run_after=None
[2025-12-11T04:31:09.759+0000] {logging_mixin.py:188} INFO - [2025-12-11T04:31:09.758+0000] {dag.py:3954} INFO - Setting next_dagrun for dataset_consumes_unknown_never_scheduled to None, run_after=None
[2025-12-11T04:31:09.761+0000] {logging_mixin.py:188} INFO - [2025-12-11T04:31:09.761+0000] {dag.py:3954} INFO - Setting next_dagrun for dataset_produces_1 to 2025-12-10 00:00:00+00:00, run_after=2025-12-11 00:00:00+00:00
[2025-12-11T04:31:09.763+0000] {logging_mixin.py:188} INFO - [2025-12-11T04:31:09.762+0000] {dag.py:3954} INFO - Setting next_dagrun for dataset_produces_2 to None, run_after=None
[2025-12-11T04:31:09.842+0000] {processor.py:183} INFO - Processing /home/airflow/.local/lib/python3.9/site-packages/airflow/example_dags/example_datasets.py took 0.354 seconds
[2025-12-11T04:31:39.909+0000] {processor.py:161} INFO - Started process (PID=1752) to work on /home/airflow/.local/lib/python3.9/site-packages/airflow/example_dags/example_datasets.py
[2025-12-11T04:31:39.911+0000] {processor.py:830} INFO - Processing file /home/airflow/.local/lib/python3.9/site-packages/airflow/example_dags/example_datasets.py for tasks to queue
[2025-12-11T04:31:39.918+0000] {logging_mixin.py:188} INFO - [2025-12-11T04:31:39.918+0000] {dagbag.py:545} INFO - Filling up the DagBag from /home/airflow/.local/lib/python3.9/site-packages/airflow/example_dags/example_datasets.py
[2025-12-11T04:31:39.947+0000] {processor.py:840} INFO - DAG(s) 'dataset_produces_1', 'consume_1_and_2_with_dataset_expressions', 'dataset_consumes_1_never_scheduled', 'conditional_dataset_and_time_based_timetable', 'consume_1_or_2_with_dataset_expressions', 'consume_1_or_both_2_and_3_with_dataset_expressions', 'dataset_consumes_unknown_never_scheduled', 'dataset_consumes_1_and_2', 'dataset_produces_2', 'dataset_consumes_1' retrieved from /home/airflow/.local/lib/python3.9/site-packages/airflow/example_dags/example_datasets.py
[2025-12-11T04:31:40.102+0000] {logging_mixin.py:188} INFO - [2025-12-11T04:31:40.102+0000] {dag.py:3096} INFO - Sync 10 DAGs
[2025-12-11T04:31:40.181+0000] {logging_mixin.py:188} INFO - [2025-12-11T04:31:40.180+0000] {dag.py:3954} INFO - Setting next_dagrun for conditional_dataset_and_time_based_timetable to 2025-12-10 01:00:00+00:00, run_after=2025-12-10 01:00:00+00:00
[2025-12-11T04:31:40.187+0000] {logging_mixin.py:188} INFO - [2025-12-11T04:31:40.187+0000] {dag.py:3954} INFO - Setting next_dagrun for consume_1_and_2_with_dataset_expressions to None, run_after=None
[2025-12-11T04:31:40.190+0000] {logging_mixin.py:188} INFO - [2025-12-11T04:31:40.189+0000] {dag.py:3954} INFO - Setting next_dagrun for consume_1_or_2_with_dataset_expressions to None, run_after=None
[2025-12-11T04:31:40.199+0000] {logging_mixin.py:188} INFO - [2025-12-11T04:31:40.199+0000] {dag.py:3954} INFO - Setting next_dagrun for consume_1_or_both_2_and_3_with_dataset_expressions to None, run_after=None
[2025-12-11T04:31:40.201+0000] {logging_mixin.py:188} INFO - [2025-12-11T04:31:40.201+0000] {dag.py:3954} INFO - Setting next_dagrun for dataset_consumes_1 to None, run_after=None
[2025-12-11T04:31:40.202+0000] {logging_mixin.py:188} INFO - [2025-12-11T04:31:40.202+0000] {dag.py:3954} INFO - Setting next_dagrun for dataset_consumes_1_and_2 to None, run_after=None
[2025-12-11T04:31:40.204+0000] {logging_mixin.py:188} INFO - [2025-12-11T04:31:40.204+0000] {dag.py:3954} INFO - Setting next_dagrun for dataset_consumes_1_never_scheduled to None, run_after=None
[2025-12-11T04:31:40.205+0000] {logging_mixin.py:188} INFO - [2025-12-11T04:31:40.205+0000] {dag.py:3954} INFO - Setting next_dagrun for dataset_consumes_unknown_never_scheduled to None, run_after=None
[2025-12-11T04:31:40.208+0000] {logging_mixin.py:188} INFO - [2025-12-11T04:31:40.208+0000] {dag.py:3954} INFO - Setting next_dagrun for dataset_produces_1 to 2025-12-10 00:00:00+00:00, run_after=2025-12-11 00:00:00+00:00
[2025-12-11T04:31:40.209+0000] {logging_mixin.py:188} INFO - [2025-12-11T04:31:40.209+0000] {dag.py:3954} INFO - Setting next_dagrun for dataset_produces_2 to None, run_after=None
[2025-12-11T04:31:40.306+0000] {processor.py:183} INFO - Processing /home/airflow/.local/lib/python3.9/site-packages/airflow/example_dags/example_datasets.py took 0.406 seconds
[2025-12-11T04:32:10.403+0000] {processor.py:161} INFO - Started process (PID=1818) to work on /home/airflow/.local/lib/python3.9/site-packages/airflow/example_dags/example_datasets.py
[2025-12-11T04:32:10.404+0000] {processor.py:830} INFO - Processing file /home/airflow/.local/lib/python3.9/site-packages/airflow/example_dags/example_datasets.py for tasks to queue
[2025-12-11T04:32:10.407+0000] {logging_mixin.py:188} INFO - [2025-12-11T04:32:10.406+0000] {dagbag.py:545} INFO - Filling up the DagBag from /home/airflow/.local/lib/python3.9/site-packages/airflow/example_dags/example_datasets.py
[2025-12-11T04:32:10.442+0000] {processor.py:840} INFO - DAG(s) 'dataset_consumes_1_never_scheduled', 'consume_1_or_2_with_dataset_expressions', 'consume_1_and_2_with_dataset_expressions', 'dataset_consumes_1', 'consume_1_or_both_2_and_3_with_dataset_expressions', 'conditional_dataset_and_time_based_timetable', 'dataset_consumes_unknown_never_scheduled', 'dataset_produces_2', 'dataset_consumes_1_and_2', 'dataset_produces_1' retrieved from /home/airflow/.local/lib/python3.9/site-packages/airflow/example_dags/example_datasets.py
[2025-12-11T04:32:10.563+0000] {logging_mixin.py:188} INFO - [2025-12-11T04:32:10.563+0000] {dag.py:3096} INFO - Sync 10 DAGs
[2025-12-11T04:32:10.643+0000] {logging_mixin.py:188} INFO - [2025-12-11T04:32:10.642+0000] {dag.py:3954} INFO - Setting next_dagrun for conditional_dataset_and_time_based_timetable to 2025-12-10 01:00:00+00:00, run_after=2025-12-10 01:00:00+00:00
[2025-12-11T04:32:10.648+0000] {logging_mixin.py:188} INFO - [2025-12-11T04:32:10.648+0000] {dag.py:3954} INFO - Setting next_dagrun for consume_1_and_2_with_dataset_expressions to None, run_after=None
[2025-12-11T04:32:10.657+0000] {logging_mixin.py:188} INFO - [2025-12-11T04:32:10.657+0000] {dag.py:3954} INFO - Setting next_dagrun for consume_1_or_2_with_dataset_expressions to None, run_after=None
[2025-12-11T04:32:10.659+0000] {logging_mixin.py:188} INFO - [2025-12-11T04:32:10.659+0000] {dag.py:3954} INFO - Setting next_dagrun for consume_1_or_both_2_and_3_with_dataset_expressions to None, run_after=None
[2025-12-11T04:32:10.660+0000] {logging_mixin.py:188} INFO - [2025-12-11T04:32:10.660+0000] {dag.py:3954} INFO - Setting next_dagrun for dataset_consumes_1 to None, run_after=None
[2025-12-11T04:32:10.661+0000] {logging_mixin.py:188} INFO - [2025-12-11T04:32:10.661+0000] {dag.py:3954} INFO - Setting next_dagrun for dataset_consumes_1_and_2 to None, run_after=None
[2025-12-11T04:32:10.663+0000] {logging_mixin.py:188} INFO - [2025-12-11T04:32:10.662+0000] {dag.py:3954} INFO - Setting next_dagrun for dataset_consumes_1_never_scheduled to None, run_after=None
[2025-12-11T04:32:10.664+0000] {logging_mixin.py:188} INFO - [2025-12-11T04:32:10.664+0000] {dag.py:3954} INFO - Setting next_dagrun for dataset_consumes_unknown_never_scheduled to None, run_after=None
[2025-12-11T04:32:10.667+0000] {logging_mixin.py:188} INFO - [2025-12-11T04:32:10.666+0000] {dag.py:3954} INFO - Setting next_dagrun for dataset_produces_1 to 2025-12-10 00:00:00+00:00, run_after=2025-12-11 00:00:00+00:00
[2025-12-11T04:32:10.668+0000] {logging_mixin.py:188} INFO - [2025-12-11T04:32:10.668+0000] {dag.py:3954} INFO - Setting next_dagrun for dataset_produces_2 to None, run_after=None
[2025-12-11T04:32:10.757+0000] {processor.py:183} INFO - Processing /home/airflow/.local/lib/python3.9/site-packages/airflow/example_dags/example_datasets.py took 0.366 seconds
[2025-12-11T04:32:41.227+0000] {processor.py:161} INFO - Started process (PID=1884) to work on /home/airflow/.local/lib/python3.9/site-packages/airflow/example_dags/example_datasets.py
[2025-12-11T04:32:41.229+0000] {processor.py:830} INFO - Processing file /home/airflow/.local/lib/python3.9/site-packages/airflow/example_dags/example_datasets.py for tasks to queue
[2025-12-11T04:32:41.239+0000] {logging_mixin.py:188} INFO - [2025-12-11T04:32:41.239+0000] {dagbag.py:545} INFO - Filling up the DagBag from /home/airflow/.local/lib/python3.9/site-packages/airflow/example_dags/example_datasets.py
[2025-12-11T04:32:41.281+0000] {processor.py:840} INFO - DAG(s) 'dataset_consumes_1_and_2', 'dataset_consumes_1_never_scheduled', 'dataset_consumes_unknown_never_scheduled', 'dataset_produces_2', 'consume_1_or_2_with_dataset_expressions', 'consume_1_and_2_with_dataset_expressions', 'conditional_dataset_and_time_based_timetable', 'consume_1_or_both_2_and_3_with_dataset_expressions', 'dataset_consumes_1', 'dataset_produces_1' retrieved from /home/airflow/.local/lib/python3.9/site-packages/airflow/example_dags/example_datasets.py
[2025-12-11T04:32:41.421+0000] {logging_mixin.py:188} INFO - [2025-12-11T04:32:41.420+0000] {dag.py:3096} INFO - Sync 10 DAGs
[2025-12-11T04:32:41.482+0000] {logging_mixin.py:188} INFO - [2025-12-11T04:32:41.481+0000] {dag.py:3954} INFO - Setting next_dagrun for conditional_dataset_and_time_based_timetable to 2025-12-10 01:00:00+00:00, run_after=2025-12-10 01:00:00+00:00
[2025-12-11T04:32:41.488+0000] {logging_mixin.py:188} INFO - [2025-12-11T04:32:41.487+0000] {dag.py:3954} INFO - Setting next_dagrun for consume_1_and_2_with_dataset_expressions to None, run_after=None
[2025-12-11T04:32:41.490+0000] {logging_mixin.py:188} INFO - [2025-12-11T04:32:41.490+0000] {dag.py:3954} INFO - Setting next_dagrun for consume_1_or_2_with_dataset_expressions to None, run_after=None
[2025-12-11T04:32:41.497+0000] {logging_mixin.py:188} INFO - [2025-12-11T04:32:41.497+0000] {dag.py:3954} INFO - Setting next_dagrun for consume_1_or_both_2_and_3_with_dataset_expressions to None, run_after=None
[2025-12-11T04:32:41.499+0000] {logging_mixin.py:188} INFO - [2025-12-11T04:32:41.499+0000] {dag.py:3954} INFO - Setting next_dagrun for dataset_consumes_1 to None, run_after=None
[2025-12-11T04:32:41.501+0000] {logging_mixin.py:188} INFO - [2025-12-11T04:32:41.501+0000] {dag.py:3954} INFO - Setting next_dagrun for dataset_consumes_1_and_2 to None, run_after=None
[2025-12-11T04:32:41.503+0000] {logging_mixin.py:188} INFO - [2025-12-11T04:32:41.502+0000] {dag.py:3954} INFO - Setting next_dagrun for dataset_consumes_1_never_scheduled to None, run_after=None
[2025-12-11T04:32:41.504+0000] {logging_mixin.py:188} INFO - [2025-12-11T04:32:41.504+0000] {dag.py:3954} INFO - Setting next_dagrun for dataset_consumes_unknown_never_scheduled to None, run_after=None
[2025-12-11T04:32:41.523+0000] {logging_mixin.py:188} INFO - [2025-12-11T04:32:41.523+0000] {dag.py:3954} INFO - Setting next_dagrun for dataset_produces_1 to 2025-12-10 00:00:00+00:00, run_after=2025-12-11 00:00:00+00:00
[2025-12-11T04:32:41.528+0000] {logging_mixin.py:188} INFO - [2025-12-11T04:32:41.527+0000] {dag.py:3954} INFO - Setting next_dagrun for dataset_produces_2 to None, run_after=None
[2025-12-11T04:32:41.598+0000] {processor.py:183} INFO - Processing /home/airflow/.local/lib/python3.9/site-packages/airflow/example_dags/example_datasets.py took 0.388 seconds
[2025-12-11T04:33:11.882+0000] {processor.py:161} INFO - Started process (PID=1950) to work on /home/airflow/.local/lib/python3.9/site-packages/airflow/example_dags/example_datasets.py
[2025-12-11T04:33:11.884+0000] {processor.py:830} INFO - Processing file /home/airflow/.local/lib/python3.9/site-packages/airflow/example_dags/example_datasets.py for tasks to queue
[2025-12-11T04:33:11.887+0000] {logging_mixin.py:188} INFO - [2025-12-11T04:33:11.886+0000] {dagbag.py:545} INFO - Filling up the DagBag from /home/airflow/.local/lib/python3.9/site-packages/airflow/example_dags/example_datasets.py
[2025-12-11T04:33:11.907+0000] {processor.py:840} INFO - DAG(s) 'dataset_consumes_1_and_2', 'consume_1_or_2_with_dataset_expressions', 'dataset_consumes_1_never_scheduled', 'dataset_produces_1', 'consume_1_or_both_2_and_3_with_dataset_expressions', 'consume_1_and_2_with_dataset_expressions', 'dataset_consumes_unknown_never_scheduled', 'dataset_consumes_1', 'dataset_produces_2', 'conditional_dataset_and_time_based_timetable' retrieved from /home/airflow/.local/lib/python3.9/site-packages/airflow/example_dags/example_datasets.py
[2025-12-11T04:33:11.992+0000] {logging_mixin.py:188} INFO - [2025-12-11T04:33:11.992+0000] {dag.py:3096} INFO - Sync 10 DAGs
[2025-12-11T04:33:12.041+0000] {logging_mixin.py:188} INFO - [2025-12-11T04:33:12.040+0000] {dag.py:3954} INFO - Setting next_dagrun for conditional_dataset_and_time_based_timetable to 2025-12-10 01:00:00+00:00, run_after=2025-12-10 01:00:00+00:00
[2025-12-11T04:33:12.048+0000] {logging_mixin.py:188} INFO - [2025-12-11T04:33:12.047+0000] {dag.py:3954} INFO - Setting next_dagrun for consume_1_and_2_with_dataset_expressions to None, run_after=None
[2025-12-11T04:33:12.050+0000] {logging_mixin.py:188} INFO - [2025-12-11T04:33:12.050+0000] {dag.py:3954} INFO - Setting next_dagrun for consume_1_or_2_with_dataset_expressions to None, run_after=None
[2025-12-11T04:33:12.052+0000] {logging_mixin.py:188} INFO - [2025-12-11T04:33:12.052+0000] {dag.py:3954} INFO - Setting next_dagrun for consume_1_or_both_2_and_3_with_dataset_expressions to None, run_after=None
[2025-12-11T04:33:12.054+0000] {logging_mixin.py:188} INFO - [2025-12-11T04:33:12.054+0000] {dag.py:3954} INFO - Setting next_dagrun for dataset_consumes_1 to None, run_after=None
[2025-12-11T04:33:12.056+0000] {logging_mixin.py:188} INFO - [2025-12-11T04:33:12.056+0000] {dag.py:3954} INFO - Setting next_dagrun for dataset_consumes_1_and_2 to None, run_after=None
[2025-12-11T04:33:12.058+0000] {logging_mixin.py:188} INFO - [2025-12-11T04:33:12.058+0000] {dag.py:3954} INFO - Setting next_dagrun for dataset_consumes_1_never_scheduled to None, run_after=None
[2025-12-11T04:33:12.060+0000] {logging_mixin.py:188} INFO - [2025-12-11T04:33:12.060+0000] {dag.py:3954} INFO - Setting next_dagrun for dataset_consumes_unknown_never_scheduled to None, run_after=None
[2025-12-11T04:33:12.065+0000] {logging_mixin.py:188} INFO - [2025-12-11T04:33:12.064+0000] {dag.py:3954} INFO - Setting next_dagrun for dataset_produces_1 to 2025-12-10 00:00:00+00:00, run_after=2025-12-11 00:00:00+00:00
[2025-12-11T04:33:12.067+0000] {logging_mixin.py:188} INFO - [2025-12-11T04:33:12.066+0000] {dag.py:3954} INFO - Setting next_dagrun for dataset_produces_2 to None, run_after=None
[2025-12-11T04:33:12.147+0000] {processor.py:183} INFO - Processing /home/airflow/.local/lib/python3.9/site-packages/airflow/example_dags/example_datasets.py took 0.276 seconds
[2025-12-11T04:33:42.583+0000] {processor.py:161} INFO - Started process (PID=2017) to work on /home/airflow/.local/lib/python3.9/site-packages/airflow/example_dags/example_datasets.py
[2025-12-11T04:33:42.591+0000] {processor.py:830} INFO - Processing file /home/airflow/.local/lib/python3.9/site-packages/airflow/example_dags/example_datasets.py for tasks to queue
[2025-12-11T04:33:42.600+0000] {logging_mixin.py:188} INFO - [2025-12-11T04:33:42.599+0000] {dagbag.py:545} INFO - Filling up the DagBag from /home/airflow/.local/lib/python3.9/site-packages/airflow/example_dags/example_datasets.py
[2025-12-11T04:33:42.665+0000] {processor.py:840} INFO - DAG(s) 'dataset_consumes_unknown_never_scheduled', 'consume_1_or_both_2_and_3_with_dataset_expressions', 'consume_1_or_2_with_dataset_expressions', 'dataset_consumes_1_and_2', 'dataset_produces_1', 'dataset_consumes_1_never_scheduled', 'conditional_dataset_and_time_based_timetable', 'dataset_produces_2', 'dataset_consumes_1', 'consume_1_and_2_with_dataset_expressions' retrieved from /home/airflow/.local/lib/python3.9/site-packages/airflow/example_dags/example_datasets.py
[2025-12-11T04:33:42.962+0000] {logging_mixin.py:188} INFO - [2025-12-11T04:33:42.961+0000] {dag.py:3096} INFO - Sync 10 DAGs
[2025-12-11T04:33:43.064+0000] {logging_mixin.py:188} INFO - [2025-12-11T04:33:43.064+0000] {dag.py:3954} INFO - Setting next_dagrun for conditional_dataset_and_time_based_timetable to 2025-12-10 01:00:00+00:00, run_after=2025-12-10 01:00:00+00:00
[2025-12-11T04:33:43.080+0000] {logging_mixin.py:188} INFO - [2025-12-11T04:33:43.080+0000] {dag.py:3954} INFO - Setting next_dagrun for consume_1_and_2_with_dataset_expressions to None, run_after=None
[2025-12-11T04:33:43.082+0000] {logging_mixin.py:188} INFO - [2025-12-11T04:33:43.082+0000] {dag.py:3954} INFO - Setting next_dagrun for consume_1_or_2_with_dataset_expressions to None, run_after=None
[2025-12-11T04:33:43.083+0000] {logging_mixin.py:188} INFO - [2025-12-11T04:33:43.083+0000] {dag.py:3954} INFO - Setting next_dagrun for consume_1_or_both_2_and_3_with_dataset_expressions to None, run_after=None
[2025-12-11T04:33:43.099+0000] {logging_mixin.py:188} INFO - [2025-12-11T04:33:43.099+0000] {dag.py:3954} INFO - Setting next_dagrun for dataset_consumes_1 to None, run_after=None
[2025-12-11T04:33:43.101+0000] {logging_mixin.py:188} INFO - [2025-12-11T04:33:43.101+0000] {dag.py:3954} INFO - Setting next_dagrun for dataset_consumes_1_and_2 to None, run_after=None
[2025-12-11T04:33:43.103+0000] {logging_mixin.py:188} INFO - [2025-12-11T04:33:43.103+0000] {dag.py:3954} INFO - Setting next_dagrun for dataset_consumes_1_never_scheduled to None, run_after=None
[2025-12-11T04:33:43.105+0000] {logging_mixin.py:188} INFO - [2025-12-11T04:33:43.104+0000] {dag.py:3954} INFO - Setting next_dagrun for dataset_consumes_unknown_never_scheduled to None, run_after=None
[2025-12-11T04:33:43.108+0000] {logging_mixin.py:188} INFO - [2025-12-11T04:33:43.108+0000] {dag.py:3954} INFO - Setting next_dagrun for dataset_produces_1 to 2025-12-10 00:00:00+00:00, run_after=2025-12-11 00:00:00+00:00
[2025-12-11T04:33:43.118+0000] {logging_mixin.py:188} INFO - [2025-12-11T04:33:43.117+0000] {dag.py:3954} INFO - Setting next_dagrun for dataset_produces_2 to None, run_after=None
[2025-12-11T04:33:43.324+0000] {processor.py:183} INFO - Processing /home/airflow/.local/lib/python3.9/site-packages/airflow/example_dags/example_datasets.py took 0.777 seconds
[2025-12-11T04:34:13.609+0000] {processor.py:161} INFO - Started process (PID=2086) to work on /home/airflow/.local/lib/python3.9/site-packages/airflow/example_dags/example_datasets.py
[2025-12-11T04:34:13.640+0000] {processor.py:830} INFO - Processing file /home/airflow/.local/lib/python3.9/site-packages/airflow/example_dags/example_datasets.py for tasks to queue
[2025-12-11T04:34:13.643+0000] {logging_mixin.py:188} INFO - [2025-12-11T04:34:13.642+0000] {dagbag.py:545} INFO - Filling up the DagBag from /home/airflow/.local/lib/python3.9/site-packages/airflow/example_dags/example_datasets.py
[2025-12-11T04:34:13.663+0000] {processor.py:840} INFO - DAG(s) 'dataset_produces_2', 'dataset_produces_1', 'consume_1_or_both_2_and_3_with_dataset_expressions', 'consume_1_or_2_with_dataset_expressions', 'dataset_consumes_1_and_2', 'dataset_consumes_unknown_never_scheduled', 'consume_1_and_2_with_dataset_expressions', 'conditional_dataset_and_time_based_timetable', 'dataset_consumes_1_never_scheduled', 'dataset_consumes_1' retrieved from /home/airflow/.local/lib/python3.9/site-packages/airflow/example_dags/example_datasets.py
[2025-12-11T04:34:13.731+0000] {logging_mixin.py:188} INFO - [2025-12-11T04:34:13.731+0000] {dag.py:3096} INFO - Sync 10 DAGs
[2025-12-11T04:34:13.787+0000] {logging_mixin.py:188} INFO - [2025-12-11T04:34:13.787+0000] {dag.py:3954} INFO - Setting next_dagrun for conditional_dataset_and_time_based_timetable to 2025-12-10 01:00:00+00:00, run_after=2025-12-10 01:00:00+00:00
[2025-12-11T04:34:13.792+0000] {logging_mixin.py:188} INFO - [2025-12-11T04:34:13.792+0000] {dag.py:3954} INFO - Setting next_dagrun for consume_1_and_2_with_dataset_expressions to None, run_after=None
[2025-12-11T04:34:13.794+0000] {logging_mixin.py:188} INFO - [2025-12-11T04:34:13.794+0000] {dag.py:3954} INFO - Setting next_dagrun for consume_1_or_2_with_dataset_expressions to None, run_after=None
[2025-12-11T04:34:13.795+0000] {logging_mixin.py:188} INFO - [2025-12-11T04:34:13.795+0000] {dag.py:3954} INFO - Setting next_dagrun for consume_1_or_both_2_and_3_with_dataset_expressions to None, run_after=None
[2025-12-11T04:34:13.797+0000] {logging_mixin.py:188} INFO - [2025-12-11T04:34:13.797+0000] {dag.py:3954} INFO - Setting next_dagrun for dataset_consumes_1 to None, run_after=None
[2025-12-11T04:34:13.798+0000] {logging_mixin.py:188} INFO - [2025-12-11T04:34:13.798+0000] {dag.py:3954} INFO - Setting next_dagrun for dataset_consumes_1_and_2 to None, run_after=None
[2025-12-11T04:34:13.800+0000] {logging_mixin.py:188} INFO - [2025-12-11T04:34:13.799+0000] {dag.py:3954} INFO - Setting next_dagrun for dataset_consumes_1_never_scheduled to None, run_after=None
[2025-12-11T04:34:13.801+0000] {logging_mixin.py:188} INFO - [2025-12-11T04:34:13.801+0000] {dag.py:3954} INFO - Setting next_dagrun for dataset_consumes_unknown_never_scheduled to None, run_after=None
[2025-12-11T04:34:13.804+0000] {logging_mixin.py:188} INFO - [2025-12-11T04:34:13.803+0000] {dag.py:3954} INFO - Setting next_dagrun for dataset_produces_1 to 2025-12-10 00:00:00+00:00, run_after=2025-12-11 00:00:00+00:00
[2025-12-11T04:34:13.805+0000] {logging_mixin.py:188} INFO - [2025-12-11T04:34:13.805+0000] {dag.py:3954} INFO - Setting next_dagrun for dataset_produces_2 to None, run_after=None
[2025-12-11T04:34:14.057+0000] {processor.py:183} INFO - Processing /home/airflow/.local/lib/python3.9/site-packages/airflow/example_dags/example_datasets.py took 0.458 seconds
[2025-12-11T04:34:44.426+0000] {processor.py:161} INFO - Started process (PID=2152) to work on /home/airflow/.local/lib/python3.9/site-packages/airflow/example_dags/example_datasets.py
[2025-12-11T04:34:44.427+0000] {processor.py:830} INFO - Processing file /home/airflow/.local/lib/python3.9/site-packages/airflow/example_dags/example_datasets.py for tasks to queue
[2025-12-11T04:34:44.439+0000] {logging_mixin.py:188} INFO - [2025-12-11T04:34:44.438+0000] {dagbag.py:545} INFO - Filling up the DagBag from /home/airflow/.local/lib/python3.9/site-packages/airflow/example_dags/example_datasets.py
[2025-12-11T04:34:44.483+0000] {processor.py:840} INFO - DAG(s) 'dataset_produces_2', 'consume_1_or_2_with_dataset_expressions', 'dataset_consumes_unknown_never_scheduled', 'dataset_consumes_1_and_2', 'conditional_dataset_and_time_based_timetable', 'consume_1_and_2_with_dataset_expressions', 'consume_1_or_both_2_and_3_with_dataset_expressions', 'dataset_consumes_1', 'dataset_consumes_1_never_scheduled', 'dataset_produces_1' retrieved from /home/airflow/.local/lib/python3.9/site-packages/airflow/example_dags/example_datasets.py
[2025-12-11T04:34:44.636+0000] {logging_mixin.py:188} INFO - [2025-12-11T04:34:44.635+0000] {dag.py:3096} INFO - Sync 10 DAGs
[2025-12-11T04:34:44.719+0000] {logging_mixin.py:188} INFO - [2025-12-11T04:34:44.718+0000] {dag.py:3954} INFO - Setting next_dagrun for conditional_dataset_and_time_based_timetable to 2025-12-10 01:00:00+00:00, run_after=2025-12-10 01:00:00+00:00
[2025-12-11T04:34:44.726+0000] {logging_mixin.py:188} INFO - [2025-12-11T04:34:44.725+0000] {dag.py:3954} INFO - Setting next_dagrun for consume_1_and_2_with_dataset_expressions to None, run_after=None
[2025-12-11T04:34:44.727+0000] {logging_mixin.py:188} INFO - [2025-12-11T04:34:44.727+0000] {dag.py:3954} INFO - Setting next_dagrun for consume_1_or_2_with_dataset_expressions to None, run_after=None
[2025-12-11T04:34:44.740+0000] {logging_mixin.py:188} INFO - [2025-12-11T04:34:44.739+0000] {dag.py:3954} INFO - Setting next_dagrun for consume_1_or_both_2_and_3_with_dataset_expressions to None, run_after=None
[2025-12-11T04:34:44.743+0000] {logging_mixin.py:188} INFO - [2025-12-11T04:34:44.743+0000] {dag.py:3954} INFO - Setting next_dagrun for dataset_consumes_1 to None, run_after=None
[2025-12-11T04:34:44.745+0000] {logging_mixin.py:188} INFO - [2025-12-11T04:34:44.745+0000] {dag.py:3954} INFO - Setting next_dagrun for dataset_consumes_1_and_2 to None, run_after=None
[2025-12-11T04:34:44.747+0000] {logging_mixin.py:188} INFO - [2025-12-11T04:34:44.747+0000] {dag.py:3954} INFO - Setting next_dagrun for dataset_consumes_1_never_scheduled to None, run_after=None
[2025-12-11T04:34:44.749+0000] {logging_mixin.py:188} INFO - [2025-12-11T04:34:44.749+0000] {dag.py:3954} INFO - Setting next_dagrun for dataset_consumes_unknown_never_scheduled to None, run_after=None
[2025-12-11T04:34:44.761+0000] {logging_mixin.py:188} INFO - [2025-12-11T04:34:44.760+0000] {dag.py:3954} INFO - Setting next_dagrun for dataset_produces_1 to 2025-12-10 00:00:00+00:00, run_after=2025-12-11 00:00:00+00:00
[2025-12-11T04:34:44.764+0000] {logging_mixin.py:188} INFO - [2025-12-11T04:34:44.763+0000] {dag.py:3954} INFO - Setting next_dagrun for dataset_produces_2 to None, run_after=None
[2025-12-11T04:34:44.857+0000] {processor.py:183} INFO - Processing /home/airflow/.local/lib/python3.9/site-packages/airflow/example_dags/example_datasets.py took 0.451 seconds
[2025-12-11T04:35:15.704+0000] {processor.py:161} INFO - Started process (PID=2219) to work on /home/airflow/.local/lib/python3.9/site-packages/airflow/example_dags/example_datasets.py
[2025-12-11T04:35:15.705+0000] {processor.py:830} INFO - Processing file /home/airflow/.local/lib/python3.9/site-packages/airflow/example_dags/example_datasets.py for tasks to queue
[2025-12-11T04:35:15.708+0000] {logging_mixin.py:188} INFO - [2025-12-11T04:35:15.708+0000] {dagbag.py:545} INFO - Filling up the DagBag from /home/airflow/.local/lib/python3.9/site-packages/airflow/example_dags/example_datasets.py
[2025-12-11T04:35:15.730+0000] {processor.py:840} INFO - DAG(s) 'consume_1_or_both_2_and_3_with_dataset_expressions', 'dataset_produces_2', 'dataset_consumes_1_and_2', 'dataset_consumes_unknown_never_scheduled', 'consume_1_or_2_with_dataset_expressions', 'dataset_consumes_1_never_scheduled', 'conditional_dataset_and_time_based_timetable', 'consume_1_and_2_with_dataset_expressions', 'dataset_produces_1', 'dataset_consumes_1' retrieved from /home/airflow/.local/lib/python3.9/site-packages/airflow/example_dags/example_datasets.py
[2025-12-11T04:35:15.808+0000] {logging_mixin.py:188} INFO - [2025-12-11T04:35:15.808+0000] {dag.py:3096} INFO - Sync 10 DAGs
[2025-12-11T04:35:15.898+0000] {logging_mixin.py:188} INFO - [2025-12-11T04:35:15.897+0000] {dag.py:3954} INFO - Setting next_dagrun for conditional_dataset_and_time_based_timetable to 2025-12-10 01:00:00+00:00, run_after=2025-12-10 01:00:00+00:00
[2025-12-11T04:35:15.904+0000] {logging_mixin.py:188} INFO - [2025-12-11T04:35:15.904+0000] {dag.py:3954} INFO - Setting next_dagrun for consume_1_and_2_with_dataset_expressions to None, run_after=None
[2025-12-11T04:35:15.906+0000] {logging_mixin.py:188} INFO - [2025-12-11T04:35:15.906+0000] {dag.py:3954} INFO - Setting next_dagrun for consume_1_or_2_with_dataset_expressions to None, run_after=None
[2025-12-11T04:35:15.908+0000] {logging_mixin.py:188} INFO - [2025-12-11T04:35:15.908+0000] {dag.py:3954} INFO - Setting next_dagrun for consume_1_or_both_2_and_3_with_dataset_expressions to None, run_after=None
[2025-12-11T04:35:15.910+0000] {logging_mixin.py:188} INFO - [2025-12-11T04:35:15.909+0000] {dag.py:3954} INFO - Setting next_dagrun for dataset_consumes_1 to None, run_after=None
[2025-12-11T04:35:15.918+0000] {logging_mixin.py:188} INFO - [2025-12-11T04:35:15.918+0000] {dag.py:3954} INFO - Setting next_dagrun for dataset_consumes_1_and_2 to None, run_after=None
[2025-12-11T04:35:15.919+0000] {logging_mixin.py:188} INFO - [2025-12-11T04:35:15.919+0000] {dag.py:3954} INFO - Setting next_dagrun for dataset_consumes_1_never_scheduled to None, run_after=None
[2025-12-11T04:35:15.921+0000] {logging_mixin.py:188} INFO - [2025-12-11T04:35:15.921+0000] {dag.py:3954} INFO - Setting next_dagrun for dataset_consumes_unknown_never_scheduled to None, run_after=None
[2025-12-11T04:35:15.924+0000] {logging_mixin.py:188} INFO - [2025-12-11T04:35:15.924+0000] {dag.py:3954} INFO - Setting next_dagrun for dataset_produces_1 to 2025-12-10 00:00:00+00:00, run_after=2025-12-11 00:00:00+00:00
[2025-12-11T04:35:15.926+0000] {logging_mixin.py:188} INFO - [2025-12-11T04:35:15.926+0000] {dag.py:3954} INFO - Setting next_dagrun for dataset_produces_2 to None, run_after=None
[2025-12-11T04:35:16.000+0000] {processor.py:183} INFO - Processing /home/airflow/.local/lib/python3.9/site-packages/airflow/example_dags/example_datasets.py took 0.306 seconds
[2025-12-11T04:35:46.644+0000] {processor.py:161} INFO - Started process (PID=2294) to work on /home/airflow/.local/lib/python3.9/site-packages/airflow/example_dags/example_datasets.py
[2025-12-11T04:35:46.646+0000] {processor.py:830} INFO - Processing file /home/airflow/.local/lib/python3.9/site-packages/airflow/example_dags/example_datasets.py for tasks to queue
[2025-12-11T04:35:46.649+0000] {logging_mixin.py:188} INFO - [2025-12-11T04:35:46.648+0000] {dagbag.py:545} INFO - Filling up the DagBag from /home/airflow/.local/lib/python3.9/site-packages/airflow/example_dags/example_datasets.py
[2025-12-11T04:35:46.699+0000] {processor.py:840} INFO - DAG(s) 'dataset_consumes_1', 'conditional_dataset_and_time_based_timetable', 'consume_1_or_2_with_dataset_expressions', 'dataset_produces_2', 'dataset_consumes_1_never_scheduled', 'consume_1_and_2_with_dataset_expressions', 'consume_1_or_both_2_and_3_with_dataset_expressions', 'dataset_consumes_1_and_2', 'dataset_consumes_unknown_never_scheduled', 'dataset_produces_1' retrieved from /home/airflow/.local/lib/python3.9/site-packages/airflow/example_dags/example_datasets.py
[2025-12-11T04:35:46.843+0000] {logging_mixin.py:188} INFO - [2025-12-11T04:35:46.843+0000] {dag.py:3096} INFO - Sync 10 DAGs
[2025-12-11T04:35:46.961+0000] {logging_mixin.py:188} INFO - [2025-12-11T04:35:46.960+0000] {dag.py:3954} INFO - Setting next_dagrun for conditional_dataset_and_time_based_timetable to 2025-12-10 01:00:00+00:00, run_after=2025-12-10 01:00:00+00:00
[2025-12-11T04:35:46.974+0000] {logging_mixin.py:188} INFO - [2025-12-11T04:35:46.972+0000] {dag.py:3954} INFO - Setting next_dagrun for consume_1_and_2_with_dataset_expressions to None, run_after=None
[2025-12-11T04:35:47.009+0000] {logging_mixin.py:188} INFO - [2025-12-11T04:35:47.009+0000] {dag.py:3954} INFO - Setting next_dagrun for consume_1_or_2_with_dataset_expressions to None, run_after=None
[2025-12-11T04:35:47.017+0000] {logging_mixin.py:188} INFO - [2025-12-11T04:35:47.017+0000] {dag.py:3954} INFO - Setting next_dagrun for consume_1_or_both_2_and_3_with_dataset_expressions to None, run_after=None
[2025-12-11T04:35:47.021+0000] {logging_mixin.py:188} INFO - [2025-12-11T04:35:47.021+0000] {dag.py:3954} INFO - Setting next_dagrun for dataset_consumes_1 to None, run_after=None
[2025-12-11T04:35:47.024+0000] {logging_mixin.py:188} INFO - [2025-12-11T04:35:47.024+0000] {dag.py:3954} INFO - Setting next_dagrun for dataset_consumes_1_and_2 to None, run_after=None
[2025-12-11T04:35:47.027+0000] {logging_mixin.py:188} INFO - [2025-12-11T04:35:47.026+0000] {dag.py:3954} INFO - Setting next_dagrun for dataset_consumes_1_never_scheduled to None, run_after=None
[2025-12-11T04:35:47.040+0000] {logging_mixin.py:188} INFO - [2025-12-11T04:35:47.040+0000] {dag.py:3954} INFO - Setting next_dagrun for dataset_consumes_unknown_never_scheduled to None, run_after=None
[2025-12-11T04:35:47.045+0000] {logging_mixin.py:188} INFO - [2025-12-11T04:35:47.044+0000] {dag.py:3954} INFO - Setting next_dagrun for dataset_produces_1 to 2025-12-10 00:00:00+00:00, run_after=2025-12-11 00:00:00+00:00
[2025-12-11T04:35:47.048+0000] {logging_mixin.py:188} INFO - [2025-12-11T04:35:47.048+0000] {dag.py:3954} INFO - Setting next_dagrun for dataset_produces_2 to None, run_after=None
[2025-12-11T04:35:47.211+0000] {processor.py:183} INFO - Processing /home/airflow/.local/lib/python3.9/site-packages/airflow/example_dags/example_datasets.py took 0.587 seconds
[2025-12-11T04:36:17.991+0000] {processor.py:161} INFO - Started process (PID=2354) to work on /home/airflow/.local/lib/python3.9/site-packages/airflow/example_dags/example_datasets.py
[2025-12-11T04:36:18.144+0000] {processor.py:830} INFO - Processing file /home/airflow/.local/lib/python3.9/site-packages/airflow/example_dags/example_datasets.py for tasks to queue
[2025-12-11T04:36:18.147+0000] {logging_mixin.py:188} INFO - [2025-12-11T04:36:18.147+0000] {dagbag.py:545} INFO - Filling up the DagBag from /home/airflow/.local/lib/python3.9/site-packages/airflow/example_dags/example_datasets.py
[2025-12-11T04:36:18.167+0000] {processor.py:840} INFO - DAG(s) 'dataset_consumes_1_and_2', 'consume_1_and_2_with_dataset_expressions', 'conditional_dataset_and_time_based_timetable', 'dataset_consumes_unknown_never_scheduled', 'dataset_consumes_1', 'dataset_consumes_1_never_scheduled', 'consume_1_or_both_2_and_3_with_dataset_expressions', 'consume_1_or_2_with_dataset_expressions', 'dataset_produces_2', 'dataset_produces_1' retrieved from /home/airflow/.local/lib/python3.9/site-packages/airflow/example_dags/example_datasets.py
[2025-12-11T04:36:18.247+0000] {logging_mixin.py:188} INFO - [2025-12-11T04:36:18.247+0000] {dag.py:3096} INFO - Sync 10 DAGs
[2025-12-11T04:36:18.298+0000] {logging_mixin.py:188} INFO - [2025-12-11T04:36:18.298+0000] {dag.py:3954} INFO - Setting next_dagrun for conditional_dataset_and_time_based_timetable to 2025-12-10 01:00:00+00:00, run_after=2025-12-10 01:00:00+00:00
[2025-12-11T04:36:18.305+0000] {logging_mixin.py:188} INFO - [2025-12-11T04:36:18.304+0000] {dag.py:3954} INFO - Setting next_dagrun for consume_1_and_2_with_dataset_expressions to None, run_after=None
[2025-12-11T04:36:18.306+0000] {logging_mixin.py:188} INFO - [2025-12-11T04:36:18.306+0000] {dag.py:3954} INFO - Setting next_dagrun for consume_1_or_2_with_dataset_expressions to None, run_after=None
[2025-12-11T04:36:18.318+0000] {logging_mixin.py:188} INFO - [2025-12-11T04:36:18.318+0000] {dag.py:3954} INFO - Setting next_dagrun for consume_1_or_both_2_and_3_with_dataset_expressions to None, run_after=None
[2025-12-11T04:36:18.319+0000] {logging_mixin.py:188} INFO - [2025-12-11T04:36:18.319+0000] {dag.py:3954} INFO - Setting next_dagrun for dataset_consumes_1 to None, run_after=None
[2025-12-11T04:36:18.321+0000] {logging_mixin.py:188} INFO - [2025-12-11T04:36:18.321+0000] {dag.py:3954} INFO - Setting next_dagrun for dataset_consumes_1_and_2 to None, run_after=None
[2025-12-11T04:36:18.322+0000] {logging_mixin.py:188} INFO - [2025-12-11T04:36:18.322+0000] {dag.py:3954} INFO - Setting next_dagrun for dataset_consumes_1_never_scheduled to None, run_after=None
[2025-12-11T04:36:18.324+0000] {logging_mixin.py:188} INFO - [2025-12-11T04:36:18.324+0000] {dag.py:3954} INFO - Setting next_dagrun for dataset_consumes_unknown_never_scheduled to None, run_after=None
[2025-12-11T04:36:18.328+0000] {logging_mixin.py:188} INFO - [2025-12-11T04:36:18.327+0000] {dag.py:3954} INFO - Setting next_dagrun for dataset_produces_1 to 2025-12-10 00:00:00+00:00, run_after=2025-12-11 00:00:00+00:00
[2025-12-11T04:36:18.329+0000] {logging_mixin.py:188} INFO - [2025-12-11T04:36:18.329+0000] {dag.py:3954} INFO - Setting next_dagrun for dataset_produces_2 to None, run_after=None
[2025-12-11T04:36:18.386+0000] {processor.py:183} INFO - Processing /home/airflow/.local/lib/python3.9/site-packages/airflow/example_dags/example_datasets.py took 0.407 seconds
[2025-12-11T04:36:48.734+0000] {processor.py:161} INFO - Started process (PID=2421) to work on /home/airflow/.local/lib/python3.9/site-packages/airflow/example_dags/example_datasets.py
[2025-12-11T04:36:48.738+0000] {processor.py:830} INFO - Processing file /home/airflow/.local/lib/python3.9/site-packages/airflow/example_dags/example_datasets.py for tasks to queue
[2025-12-11T04:36:48.740+0000] {logging_mixin.py:188} INFO - [2025-12-11T04:36:48.740+0000] {dagbag.py:545} INFO - Filling up the DagBag from /home/airflow/.local/lib/python3.9/site-packages/airflow/example_dags/example_datasets.py
[2025-12-11T04:36:48.761+0000] {processor.py:840} INFO - DAG(s) 'dataset_consumes_unknown_never_scheduled', 'dataset_produces_1', 'consume_1_and_2_with_dataset_expressions', 'dataset_consumes_1_never_scheduled', 'conditional_dataset_and_time_based_timetable', 'dataset_consumes_1', 'dataset_produces_2', 'dataset_consumes_1_and_2', 'consume_1_or_both_2_and_3_with_dataset_expressions', 'consume_1_or_2_with_dataset_expressions' retrieved from /home/airflow/.local/lib/python3.9/site-packages/airflow/example_dags/example_datasets.py
[2025-12-11T04:36:48.881+0000] {logging_mixin.py:188} INFO - [2025-12-11T04:36:48.881+0000] {dag.py:3096} INFO - Sync 10 DAGs
[2025-12-11T04:36:48.927+0000] {logging_mixin.py:188} INFO - [2025-12-11T04:36:48.927+0000] {dag.py:3954} INFO - Setting next_dagrun for conditional_dataset_and_time_based_timetable to 2025-12-10 01:00:00+00:00, run_after=2025-12-10 01:00:00+00:00
[2025-12-11T04:36:48.933+0000] {logging_mixin.py:188} INFO - [2025-12-11T04:36:48.933+0000] {dag.py:3954} INFO - Setting next_dagrun for consume_1_and_2_with_dataset_expressions to None, run_after=None
[2025-12-11T04:36:48.935+0000] {logging_mixin.py:188} INFO - [2025-12-11T04:36:48.935+0000] {dag.py:3954} INFO - Setting next_dagrun for consume_1_or_2_with_dataset_expressions to None, run_after=None
[2025-12-11T04:36:48.936+0000] {logging_mixin.py:188} INFO - [2025-12-11T04:36:48.936+0000] {dag.py:3954} INFO - Setting next_dagrun for consume_1_or_both_2_and_3_with_dataset_expressions to None, run_after=None
[2025-12-11T04:36:48.938+0000] {logging_mixin.py:188} INFO - [2025-12-11T04:36:48.938+0000] {dag.py:3954} INFO - Setting next_dagrun for dataset_consumes_1 to None, run_after=None
[2025-12-11T04:36:48.940+0000] {logging_mixin.py:188} INFO - [2025-12-11T04:36:48.939+0000] {dag.py:3954} INFO - Setting next_dagrun for dataset_consumes_1_and_2 to None, run_after=None
[2025-12-11T04:36:48.941+0000] {logging_mixin.py:188} INFO - [2025-12-11T04:36:48.941+0000] {dag.py:3954} INFO - Setting next_dagrun for dataset_consumes_1_never_scheduled to None, run_after=None
[2025-12-11T04:36:48.943+0000] {logging_mixin.py:188} INFO - [2025-12-11T04:36:48.942+0000] {dag.py:3954} INFO - Setting next_dagrun for dataset_consumes_unknown_never_scheduled to None, run_after=None
[2025-12-11T04:36:48.945+0000] {logging_mixin.py:188} INFO - [2025-12-11T04:36:48.945+0000] {dag.py:3954} INFO - Setting next_dagrun for dataset_produces_1 to 2025-12-10 00:00:00+00:00, run_after=2025-12-11 00:00:00+00:00
[2025-12-11T04:36:48.947+0000] {logging_mixin.py:188} INFO - [2025-12-11T04:36:48.947+0000] {dag.py:3954} INFO - Setting next_dagrun for dataset_produces_2 to None, run_after=None
[2025-12-11T04:36:49.001+0000] {processor.py:183} INFO - Processing /home/airflow/.local/lib/python3.9/site-packages/airflow/example_dags/example_datasets.py took 0.276 seconds
[2025-12-11T04:37:19.311+0000] {processor.py:161} INFO - Started process (PID=2487) to work on /home/airflow/.local/lib/python3.9/site-packages/airflow/example_dags/example_datasets.py
[2025-12-11T04:37:19.314+0000] {processor.py:830} INFO - Processing file /home/airflow/.local/lib/python3.9/site-packages/airflow/example_dags/example_datasets.py for tasks to queue
[2025-12-11T04:37:19.318+0000] {logging_mixin.py:188} INFO - [2025-12-11T04:37:19.317+0000] {dagbag.py:545} INFO - Filling up the DagBag from /home/airflow/.local/lib/python3.9/site-packages/airflow/example_dags/example_datasets.py
[2025-12-11T04:37:19.342+0000] {processor.py:840} INFO - DAG(s) 'dataset_produces_1', 'consume_1_and_2_with_dataset_expressions', 'consume_1_or_2_with_dataset_expressions', 'dataset_produces_2', 'dataset_consumes_1_and_2', 'dataset_consumes_1', 'conditional_dataset_and_time_based_timetable', 'dataset_consumes_unknown_never_scheduled', 'dataset_consumes_1_never_scheduled', 'consume_1_or_both_2_and_3_with_dataset_expressions' retrieved from /home/airflow/.local/lib/python3.9/site-packages/airflow/example_dags/example_datasets.py
[2025-12-11T04:37:19.464+0000] {logging_mixin.py:188} INFO - [2025-12-11T04:37:19.464+0000] {dag.py:3096} INFO - Sync 10 DAGs
[2025-12-11T04:37:19.539+0000] {logging_mixin.py:188} INFO - [2025-12-11T04:37:19.538+0000] {dag.py:3954} INFO - Setting next_dagrun for conditional_dataset_and_time_based_timetable to 2025-12-10 01:00:00+00:00, run_after=2025-12-10 01:00:00+00:00
[2025-12-11T04:37:19.544+0000] {logging_mixin.py:188} INFO - [2025-12-11T04:37:19.544+0000] {dag.py:3954} INFO - Setting next_dagrun for consume_1_and_2_with_dataset_expressions to None, run_after=None
[2025-12-11T04:37:19.546+0000] {logging_mixin.py:188} INFO - [2025-12-11T04:37:19.546+0000] {dag.py:3954} INFO - Setting next_dagrun for consume_1_or_2_with_dataset_expressions to None, run_after=None
[2025-12-11T04:37:19.557+0000] {logging_mixin.py:188} INFO - [2025-12-11T04:37:19.557+0000] {dag.py:3954} INFO - Setting next_dagrun for consume_1_or_both_2_and_3_with_dataset_expressions to None, run_after=None
[2025-12-11T04:37:19.559+0000] {logging_mixin.py:188} INFO - [2025-12-11T04:37:19.559+0000] {dag.py:3954} INFO - Setting next_dagrun for dataset_consumes_1 to None, run_after=None
[2025-12-11T04:37:19.560+0000] {logging_mixin.py:188} INFO - [2025-12-11T04:37:19.560+0000] {dag.py:3954} INFO - Setting next_dagrun for dataset_consumes_1_and_2 to None, run_after=None
[2025-12-11T04:37:19.562+0000] {logging_mixin.py:188} INFO - [2025-12-11T04:37:19.562+0000] {dag.py:3954} INFO - Setting next_dagrun for dataset_consumes_1_never_scheduled to None, run_after=None
[2025-12-11T04:37:19.563+0000] {logging_mixin.py:188} INFO - [2025-12-11T04:37:19.563+0000] {dag.py:3954} INFO - Setting next_dagrun for dataset_consumes_unknown_never_scheduled to None, run_after=None
[2025-12-11T04:37:19.566+0000] {logging_mixin.py:188} INFO - [2025-12-11T04:37:19.566+0000] {dag.py:3954} INFO - Setting next_dagrun for dataset_produces_1 to 2025-12-10 00:00:00+00:00, run_after=2025-12-11 00:00:00+00:00
[2025-12-11T04:37:19.577+0000] {logging_mixin.py:188} INFO - [2025-12-11T04:37:19.577+0000] {dag.py:3954} INFO - Setting next_dagrun for dataset_produces_2 to None, run_after=None
[2025-12-11T04:37:19.657+0000] {processor.py:183} INFO - Processing /home/airflow/.local/lib/python3.9/site-packages/airflow/example_dags/example_datasets.py took 0.355 seconds
[2025-12-11T04:37:50.433+0000] {processor.py:161} INFO - Started process (PID=2554) to work on /home/airflow/.local/lib/python3.9/site-packages/airflow/example_dags/example_datasets.py
[2025-12-11T04:37:50.437+0000] {processor.py:830} INFO - Processing file /home/airflow/.local/lib/python3.9/site-packages/airflow/example_dags/example_datasets.py for tasks to queue
[2025-12-11T04:37:50.440+0000] {logging_mixin.py:188} INFO - [2025-12-11T04:37:50.439+0000] {dagbag.py:545} INFO - Filling up the DagBag from /home/airflow/.local/lib/python3.9/site-packages/airflow/example_dags/example_datasets.py
[2025-12-11T04:37:50.467+0000] {processor.py:840} INFO - DAG(s) 'dataset_produces_1', 'dataset_consumes_1', 'dataset_produces_2', 'conditional_dataset_and_time_based_timetable', 'dataset_consumes_1_and_2', 'consume_1_or_2_with_dataset_expressions', 'dataset_consumes_1_never_scheduled', 'dataset_consumes_unknown_never_scheduled', 'consume_1_or_both_2_and_3_with_dataset_expressions', 'consume_1_and_2_with_dataset_expressions' retrieved from /home/airflow/.local/lib/python3.9/site-packages/airflow/example_dags/example_datasets.py
[2025-12-11T04:37:50.550+0000] {logging_mixin.py:188} INFO - [2025-12-11T04:37:50.549+0000] {dag.py:3096} INFO - Sync 10 DAGs
[2025-12-11T04:37:50.599+0000] {logging_mixin.py:188} INFO - [2025-12-11T04:37:50.599+0000] {dag.py:3954} INFO - Setting next_dagrun for conditional_dataset_and_time_based_timetable to 2025-12-10 01:00:00+00:00, run_after=2025-12-10 01:00:00+00:00
[2025-12-11T04:37:50.606+0000] {logging_mixin.py:188} INFO - [2025-12-11T04:37:50.606+0000] {dag.py:3954} INFO - Setting next_dagrun for consume_1_and_2_with_dataset_expressions to None, run_after=None
[2025-12-11T04:37:50.608+0000] {logging_mixin.py:188} INFO - [2025-12-11T04:37:50.608+0000] {dag.py:3954} INFO - Setting next_dagrun for consume_1_or_2_with_dataset_expressions to None, run_after=None
[2025-12-11T04:37:50.610+0000] {logging_mixin.py:188} INFO - [2025-12-11T04:37:50.609+0000] {dag.py:3954} INFO - Setting next_dagrun for consume_1_or_both_2_and_3_with_dataset_expressions to None, run_after=None
[2025-12-11T04:37:50.611+0000] {logging_mixin.py:188} INFO - [2025-12-11T04:37:50.611+0000] {dag.py:3954} INFO - Setting next_dagrun for dataset_consumes_1 to None, run_after=None
[2025-12-11T04:37:50.613+0000] {logging_mixin.py:188} INFO - [2025-12-11T04:37:50.612+0000] {dag.py:3954} INFO - Setting next_dagrun for dataset_consumes_1_and_2 to None, run_after=None
[2025-12-11T04:37:50.614+0000] {logging_mixin.py:188} INFO - [2025-12-11T04:37:50.614+0000] {dag.py:3954} INFO - Setting next_dagrun for dataset_consumes_1_never_scheduled to None, run_after=None
[2025-12-11T04:37:50.618+0000] {logging_mixin.py:188} INFO - [2025-12-11T04:37:50.617+0000] {dag.py:3954} INFO - Setting next_dagrun for dataset_consumes_unknown_never_scheduled to None, run_after=None
[2025-12-11T04:37:51.049+0000] {logging_mixin.py:188} INFO - [2025-12-11T04:37:51.048+0000] {dag.py:3954} INFO - Setting next_dagrun for dataset_produces_1 to 2025-12-10 00:00:00+00:00, run_after=2025-12-11 00:00:00+00:00
[2025-12-11T04:37:51.052+0000] {logging_mixin.py:188} INFO - [2025-12-11T04:37:51.051+0000] {dag.py:3954} INFO - Setting next_dagrun for dataset_produces_2 to None, run_after=None
[2025-12-11T04:37:51.105+0000] {processor.py:183} INFO - Processing /home/airflow/.local/lib/python3.9/site-packages/airflow/example_dags/example_datasets.py took 0.682 seconds
[2025-12-11T04:38:21.377+0000] {processor.py:161} INFO - Started process (PID=2621) to work on /home/airflow/.local/lib/python3.9/site-packages/airflow/example_dags/example_datasets.py
[2025-12-11T04:38:21.401+0000] {processor.py:830} INFO - Processing file /home/airflow/.local/lib/python3.9/site-packages/airflow/example_dags/example_datasets.py for tasks to queue
[2025-12-11T04:38:21.404+0000] {logging_mixin.py:188} INFO - [2025-12-11T04:38:21.404+0000] {dagbag.py:545} INFO - Filling up the DagBag from /home/airflow/.local/lib/python3.9/site-packages/airflow/example_dags/example_datasets.py
[2025-12-11T04:38:21.431+0000] {processor.py:840} INFO - DAG(s) 'dataset_produces_1', 'dataset_produces_2', 'dataset_consumes_unknown_never_scheduled', 'dataset_consumes_1_and_2', 'consume_1_and_2_with_dataset_expressions', 'conditional_dataset_and_time_based_timetable', 'dataset_consumes_1', 'consume_1_or_2_with_dataset_expressions', 'consume_1_or_both_2_and_3_with_dataset_expressions', 'dataset_consumes_1_never_scheduled' retrieved from /home/airflow/.local/lib/python3.9/site-packages/airflow/example_dags/example_datasets.py
[2025-12-11T04:38:21.512+0000] {logging_mixin.py:188} INFO - [2025-12-11T04:38:21.511+0000] {dag.py:3096} INFO - Sync 10 DAGs
[2025-12-11T04:38:21.562+0000] {logging_mixin.py:188} INFO - [2025-12-11T04:38:21.562+0000] {dag.py:3954} INFO - Setting next_dagrun for conditional_dataset_and_time_based_timetable to 2025-12-10 01:00:00+00:00, run_after=2025-12-10 01:00:00+00:00
[2025-12-11T04:38:21.570+0000] {logging_mixin.py:188} INFO - [2025-12-11T04:38:21.569+0000] {dag.py:3954} INFO - Setting next_dagrun for consume_1_and_2_with_dataset_expressions to None, run_after=None
[2025-12-11T04:38:21.572+0000] {logging_mixin.py:188} INFO - [2025-12-11T04:38:21.572+0000] {dag.py:3954} INFO - Setting next_dagrun for consume_1_or_2_with_dataset_expressions to None, run_after=None
[2025-12-11T04:38:21.574+0000] {logging_mixin.py:188} INFO - [2025-12-11T04:38:21.574+0000] {dag.py:3954} INFO - Setting next_dagrun for consume_1_or_both_2_and_3_with_dataset_expressions to None, run_after=None
[2025-12-11T04:38:21.575+0000] {logging_mixin.py:188} INFO - [2025-12-11T04:38:21.575+0000] {dag.py:3954} INFO - Setting next_dagrun for dataset_consumes_1 to None, run_after=None
[2025-12-11T04:38:21.578+0000] {logging_mixin.py:188} INFO - [2025-12-11T04:38:21.577+0000] {dag.py:3954} INFO - Setting next_dagrun for dataset_consumes_1_and_2 to None, run_after=None
[2025-12-11T04:38:21.579+0000] {logging_mixin.py:188} INFO - [2025-12-11T04:38:21.579+0000] {dag.py:3954} INFO - Setting next_dagrun for dataset_consumes_1_never_scheduled to None, run_after=None
[2025-12-11T04:38:21.583+0000] {logging_mixin.py:188} INFO - [2025-12-11T04:38:21.582+0000] {dag.py:3954} INFO - Setting next_dagrun for dataset_consumes_unknown_never_scheduled to None, run_after=None
[2025-12-11T04:38:21.586+0000] {logging_mixin.py:188} INFO - [2025-12-11T04:38:21.585+0000] {dag.py:3954} INFO - Setting next_dagrun for dataset_produces_1 to 2025-12-10 00:00:00+00:00, run_after=2025-12-11 00:00:00+00:00
[2025-12-11T04:38:21.587+0000] {logging_mixin.py:188} INFO - [2025-12-11T04:38:21.587+0000] {dag.py:3954} INFO - Setting next_dagrun for dataset_produces_2 to None, run_after=None
[2025-12-11T04:38:21.884+0000] {processor.py:183} INFO - Processing /home/airflow/.local/lib/python3.9/site-packages/airflow/example_dags/example_datasets.py took 0.516 seconds
[2025-12-11T04:38:52.241+0000] {processor.py:161} INFO - Started process (PID=2688) to work on /home/airflow/.local/lib/python3.9/site-packages/airflow/example_dags/example_datasets.py
[2025-12-11T04:38:52.243+0000] {processor.py:830} INFO - Processing file /home/airflow/.local/lib/python3.9/site-packages/airflow/example_dags/example_datasets.py for tasks to queue
[2025-12-11T04:38:52.246+0000] {logging_mixin.py:188} INFO - [2025-12-11T04:38:52.245+0000] {dagbag.py:545} INFO - Filling up the DagBag from /home/airflow/.local/lib/python3.9/site-packages/airflow/example_dags/example_datasets.py
[2025-12-11T04:38:52.268+0000] {processor.py:840} INFO - DAG(s) 'consume_1_or_both_2_and_3_with_dataset_expressions', 'dataset_consumes_1', 'dataset_produces_1', 'dataset_consumes_unknown_never_scheduled', 'dataset_consumes_1_never_scheduled', 'consume_1_or_2_with_dataset_expressions', 'dataset_consumes_1_and_2', 'dataset_produces_2', 'conditional_dataset_and_time_based_timetable', 'consume_1_and_2_with_dataset_expressions' retrieved from /home/airflow/.local/lib/python3.9/site-packages/airflow/example_dags/example_datasets.py
[2025-12-11T04:38:52.339+0000] {logging_mixin.py:188} INFO - [2025-12-11T04:38:52.339+0000] {dag.py:3096} INFO - Sync 10 DAGs
[2025-12-11T04:38:52.377+0000] {logging_mixin.py:188} INFO - [2025-12-11T04:38:52.377+0000] {dag.py:3954} INFO - Setting next_dagrun for conditional_dataset_and_time_based_timetable to 2025-12-10 01:00:00+00:00, run_after=2025-12-10 01:00:00+00:00
[2025-12-11T04:38:52.382+0000] {logging_mixin.py:188} INFO - [2025-12-11T04:38:52.382+0000] {dag.py:3954} INFO - Setting next_dagrun for consume_1_and_2_with_dataset_expressions to None, run_after=None
[2025-12-11T04:38:52.384+0000] {logging_mixin.py:188} INFO - [2025-12-11T04:38:52.384+0000] {dag.py:3954} INFO - Setting next_dagrun for consume_1_or_2_with_dataset_expressions to None, run_after=None
[2025-12-11T04:38:52.385+0000] {logging_mixin.py:188} INFO - [2025-12-11T04:38:52.385+0000] {dag.py:3954} INFO - Setting next_dagrun for consume_1_or_both_2_and_3_with_dataset_expressions to None, run_after=None
[2025-12-11T04:38:52.387+0000] {logging_mixin.py:188} INFO - [2025-12-11T04:38:52.387+0000] {dag.py:3954} INFO - Setting next_dagrun for dataset_consumes_1 to None, run_after=None
[2025-12-11T04:38:52.388+0000] {logging_mixin.py:188} INFO - [2025-12-11T04:38:52.388+0000] {dag.py:3954} INFO - Setting next_dagrun for dataset_consumes_1_and_2 to None, run_after=None
[2025-12-11T04:38:52.389+0000] {logging_mixin.py:188} INFO - [2025-12-11T04:38:52.389+0000] {dag.py:3954} INFO - Setting next_dagrun for dataset_consumes_1_never_scheduled to None, run_after=None
[2025-12-11T04:38:52.392+0000] {logging_mixin.py:188} INFO - [2025-12-11T04:38:52.392+0000] {dag.py:3954} INFO - Setting next_dagrun for dataset_consumes_unknown_never_scheduled to None, run_after=None
[2025-12-11T04:38:52.397+0000] {logging_mixin.py:188} INFO - [2025-12-11T04:38:52.397+0000] {dag.py:3954} INFO - Setting next_dagrun for dataset_produces_1 to 2025-12-10 00:00:00+00:00, run_after=2025-12-11 00:00:00+00:00
[2025-12-11T04:38:52.399+0000] {logging_mixin.py:188} INFO - [2025-12-11T04:38:52.398+0000] {dag.py:3954} INFO - Setting next_dagrun for dataset_produces_2 to None, run_after=None
[2025-12-11T04:38:52.676+0000] {processor.py:183} INFO - Processing /home/airflow/.local/lib/python3.9/site-packages/airflow/example_dags/example_datasets.py took 0.445 seconds
[2025-12-11T04:39:23.244+0000] {processor.py:161} INFO - Started process (PID=2755) to work on /home/airflow/.local/lib/python3.9/site-packages/airflow/example_dags/example_datasets.py
[2025-12-11T04:39:23.321+0000] {processor.py:830} INFO - Processing file /home/airflow/.local/lib/python3.9/site-packages/airflow/example_dags/example_datasets.py for tasks to queue
[2025-12-11T04:39:23.325+0000] {logging_mixin.py:188} INFO - [2025-12-11T04:39:23.324+0000] {dagbag.py:545} INFO - Filling up the DagBag from /home/airflow/.local/lib/python3.9/site-packages/airflow/example_dags/example_datasets.py
[2025-12-11T04:39:23.363+0000] {processor.py:840} INFO - DAG(s) 'dataset_consumes_1', 'dataset_produces_2', 'dataset_consumes_unknown_never_scheduled', 'consume_1_and_2_with_dataset_expressions', 'dataset_consumes_1_and_2', 'dataset_produces_1', 'consume_1_or_2_with_dataset_expressions', 'consume_1_or_both_2_and_3_with_dataset_expressions', 'dataset_consumes_1_never_scheduled', 'conditional_dataset_and_time_based_timetable' retrieved from /home/airflow/.local/lib/python3.9/site-packages/airflow/example_dags/example_datasets.py
[2025-12-11T04:39:23.602+0000] {logging_mixin.py:188} INFO - [2025-12-11T04:39:23.601+0000] {dag.py:3096} INFO - Sync 10 DAGs
[2025-12-11T04:39:23.719+0000] {logging_mixin.py:188} INFO - [2025-12-11T04:39:23.719+0000] {dag.py:3954} INFO - Setting next_dagrun for conditional_dataset_and_time_based_timetable to 2025-12-10 01:00:00+00:00, run_after=2025-12-10 01:00:00+00:00
[2025-12-11T04:39:23.740+0000] {logging_mixin.py:188} INFO - [2025-12-11T04:39:23.740+0000] {dag.py:3954} INFO - Setting next_dagrun for consume_1_and_2_with_dataset_expressions to None, run_after=None
[2025-12-11T04:39:23.743+0000] {logging_mixin.py:188} INFO - [2025-12-11T04:39:23.743+0000] {dag.py:3954} INFO - Setting next_dagrun for consume_1_or_2_with_dataset_expressions to None, run_after=None
[2025-12-11T04:39:23.758+0000] {logging_mixin.py:188} INFO - [2025-12-11T04:39:23.758+0000] {dag.py:3954} INFO - Setting next_dagrun for consume_1_or_both_2_and_3_with_dataset_expressions to None, run_after=None
[2025-12-11T04:39:23.761+0000] {logging_mixin.py:188} INFO - [2025-12-11T04:39:23.761+0000] {dag.py:3954} INFO - Setting next_dagrun for dataset_consumes_1 to None, run_after=None
[2025-12-11T04:39:23.763+0000] {logging_mixin.py:188} INFO - [2025-12-11T04:39:23.763+0000] {dag.py:3954} INFO - Setting next_dagrun for dataset_consumes_1_and_2 to None, run_after=None
[2025-12-11T04:39:23.765+0000] {logging_mixin.py:188} INFO - [2025-12-11T04:39:23.765+0000] {dag.py:3954} INFO - Setting next_dagrun for dataset_consumes_1_never_scheduled to None, run_after=None
[2025-12-11T04:39:23.778+0000] {logging_mixin.py:188} INFO - [2025-12-11T04:39:23.777+0000] {dag.py:3954} INFO - Setting next_dagrun for dataset_consumes_unknown_never_scheduled to None, run_after=None
[2025-12-11T04:39:23.782+0000] {logging_mixin.py:188} INFO - [2025-12-11T04:39:23.782+0000] {dag.py:3954} INFO - Setting next_dagrun for dataset_produces_1 to 2025-12-10 00:00:00+00:00, run_after=2025-12-11 00:00:00+00:00
[2025-12-11T04:39:23.784+0000] {logging_mixin.py:188} INFO - [2025-12-11T04:39:23.784+0000] {dag.py:3954} INFO - Setting next_dagrun for dataset_produces_2 to None, run_after=None
[2025-12-11T04:39:24.706+0000] {processor.py:183} INFO - Processing /home/airflow/.local/lib/python3.9/site-packages/airflow/example_dags/example_datasets.py took 1.486 seconds
[2025-12-11T04:39:55.271+0000] {processor.py:161} INFO - Started process (PID=2823) to work on /home/airflow/.local/lib/python3.9/site-packages/airflow/example_dags/example_datasets.py
[2025-12-11T04:39:55.273+0000] {processor.py:830} INFO - Processing file /home/airflow/.local/lib/python3.9/site-packages/airflow/example_dags/example_datasets.py for tasks to queue
[2025-12-11T04:39:55.277+0000] {logging_mixin.py:188} INFO - [2025-12-11T04:39:55.276+0000] {dagbag.py:545} INFO - Filling up the DagBag from /home/airflow/.local/lib/python3.9/site-packages/airflow/example_dags/example_datasets.py
[2025-12-11T04:39:55.297+0000] {processor.py:840} INFO - DAG(s) 'consume_1_or_both_2_and_3_with_dataset_expressions', 'dataset_consumes_unknown_never_scheduled', 'conditional_dataset_and_time_based_timetable', 'dataset_produces_1', 'consume_1_or_2_with_dataset_expressions', 'consume_1_and_2_with_dataset_expressions', 'dataset_consumes_1_never_scheduled', 'dataset_consumes_1', 'dataset_produces_2', 'dataset_consumes_1_and_2' retrieved from /home/airflow/.local/lib/python3.9/site-packages/airflow/example_dags/example_datasets.py
[2025-12-11T04:39:55.379+0000] {logging_mixin.py:188} INFO - [2025-12-11T04:39:55.378+0000] {dag.py:3096} INFO - Sync 10 DAGs
[2025-12-11T04:39:55.426+0000] {logging_mixin.py:188} INFO - [2025-12-11T04:39:55.425+0000] {dag.py:3954} INFO - Setting next_dagrun for conditional_dataset_and_time_based_timetable to 2025-12-10 01:00:00+00:00, run_after=2025-12-10 01:00:00+00:00
[2025-12-11T04:39:55.433+0000] {logging_mixin.py:188} INFO - [2025-12-11T04:39:55.432+0000] {dag.py:3954} INFO - Setting next_dagrun for consume_1_and_2_with_dataset_expressions to None, run_after=None
[2025-12-11T04:39:55.435+0000] {logging_mixin.py:188} INFO - [2025-12-11T04:39:55.435+0000] {dag.py:3954} INFO - Setting next_dagrun for consume_1_or_2_with_dataset_expressions to None, run_after=None
[2025-12-11T04:39:55.437+0000] {logging_mixin.py:188} INFO - [2025-12-11T04:39:55.437+0000] {dag.py:3954} INFO - Setting next_dagrun for consume_1_or_both_2_and_3_with_dataset_expressions to None, run_after=None
[2025-12-11T04:39:55.439+0000] {logging_mixin.py:188} INFO - [2025-12-11T04:39:55.439+0000] {dag.py:3954} INFO - Setting next_dagrun for dataset_consumes_1 to None, run_after=None
[2025-12-11T04:39:55.440+0000] {logging_mixin.py:188} INFO - [2025-12-11T04:39:55.440+0000] {dag.py:3954} INFO - Setting next_dagrun for dataset_consumes_1_and_2 to None, run_after=None
[2025-12-11T04:39:55.442+0000] {logging_mixin.py:188} INFO - [2025-12-11T04:39:55.442+0000] {dag.py:3954} INFO - Setting next_dagrun for dataset_consumes_1_never_scheduled to None, run_after=None
[2025-12-11T04:39:55.444+0000] {logging_mixin.py:188} INFO - [2025-12-11T04:39:55.444+0000] {dag.py:3954} INFO - Setting next_dagrun for dataset_consumes_unknown_never_scheduled to None, run_after=None
[2025-12-11T04:39:55.448+0000] {logging_mixin.py:188} INFO - [2025-12-11T04:39:55.447+0000] {dag.py:3954} INFO - Setting next_dagrun for dataset_produces_1 to 2025-12-10 00:00:00+00:00, run_after=2025-12-11 00:00:00+00:00
[2025-12-11T04:39:55.449+0000] {logging_mixin.py:188} INFO - [2025-12-11T04:39:55.449+0000] {dag.py:3954} INFO - Setting next_dagrun for dataset_produces_2 to None, run_after=None
[2025-12-11T04:39:55.508+0000] {processor.py:183} INFO - Processing /home/airflow/.local/lib/python3.9/site-packages/airflow/example_dags/example_datasets.py took 0.247 seconds
[2025-12-11T04:40:26.381+0000] {processor.py:161} INFO - Started process (PID=2890) to work on /home/airflow/.local/lib/python3.9/site-packages/airflow/example_dags/example_datasets.py
[2025-12-11T04:40:26.382+0000] {processor.py:830} INFO - Processing file /home/airflow/.local/lib/python3.9/site-packages/airflow/example_dags/example_datasets.py for tasks to queue
[2025-12-11T04:40:26.385+0000] {logging_mixin.py:188} INFO - [2025-12-11T04:40:26.385+0000] {dagbag.py:545} INFO - Filling up the DagBag from /home/airflow/.local/lib/python3.9/site-packages/airflow/example_dags/example_datasets.py
[2025-12-11T04:40:26.408+0000] {processor.py:840} INFO - DAG(s) 'dataset_consumes_1_and_2', 'dataset_consumes_unknown_never_scheduled', 'consume_1_or_2_with_dataset_expressions', 'consume_1_and_2_with_dataset_expressions', 'conditional_dataset_and_time_based_timetable', 'consume_1_or_both_2_and_3_with_dataset_expressions', 'dataset_produces_2', 'dataset_consumes_1_never_scheduled', 'dataset_consumes_1', 'dataset_produces_1' retrieved from /home/airflow/.local/lib/python3.9/site-packages/airflow/example_dags/example_datasets.py
[2025-12-11T04:40:26.479+0000] {logging_mixin.py:188} INFO - [2025-12-11T04:40:26.478+0000] {dag.py:3096} INFO - Sync 10 DAGs
[2025-12-11T04:40:26.518+0000] {logging_mixin.py:188} INFO - [2025-12-11T04:40:26.517+0000] {dag.py:3954} INFO - Setting next_dagrun for conditional_dataset_and_time_based_timetable to 2025-12-10 01:00:00+00:00, run_after=2025-12-10 01:00:00+00:00
[2025-12-11T04:40:26.524+0000] {logging_mixin.py:188} INFO - [2025-12-11T04:40:26.523+0000] {dag.py:3954} INFO - Setting next_dagrun for consume_1_and_2_with_dataset_expressions to None, run_after=None
[2025-12-11T04:40:26.525+0000] {logging_mixin.py:188} INFO - [2025-12-11T04:40:26.525+0000] {dag.py:3954} INFO - Setting next_dagrun for consume_1_or_2_with_dataset_expressions to None, run_after=None
[2025-12-11T04:40:26.527+0000] {logging_mixin.py:188} INFO - [2025-12-11T04:40:26.527+0000] {dag.py:3954} INFO - Setting next_dagrun for consume_1_or_both_2_and_3_with_dataset_expressions to None, run_after=None
[2025-12-11T04:40:26.528+0000] {logging_mixin.py:188} INFO - [2025-12-11T04:40:26.528+0000] {dag.py:3954} INFO - Setting next_dagrun for dataset_consumes_1 to None, run_after=None
[2025-12-11T04:40:26.529+0000] {logging_mixin.py:188} INFO - [2025-12-11T04:40:26.529+0000] {dag.py:3954} INFO - Setting next_dagrun for dataset_consumes_1_and_2 to None, run_after=None
[2025-12-11T04:40:26.531+0000] {logging_mixin.py:188} INFO - [2025-12-11T04:40:26.531+0000] {dag.py:3954} INFO - Setting next_dagrun for dataset_consumes_1_never_scheduled to None, run_after=None
[2025-12-11T04:40:26.532+0000] {logging_mixin.py:188} INFO - [2025-12-11T04:40:26.532+0000] {dag.py:3954} INFO - Setting next_dagrun for dataset_consumes_unknown_never_scheduled to None, run_after=None
[2025-12-11T04:40:26.535+0000] {logging_mixin.py:188} INFO - [2025-12-11T04:40:26.535+0000] {dag.py:3954} INFO - Setting next_dagrun for dataset_produces_1 to 2025-12-10 00:00:00+00:00, run_after=2025-12-11 00:00:00+00:00
[2025-12-11T04:40:26.537+0000] {logging_mixin.py:188} INFO - [2025-12-11T04:40:26.537+0000] {dag.py:3954} INFO - Setting next_dagrun for dataset_produces_2 to None, run_after=None
[2025-12-11T04:40:26.590+0000] {processor.py:183} INFO - Processing /home/airflow/.local/lib/python3.9/site-packages/airflow/example_dags/example_datasets.py took 0.220 seconds
[2025-12-11T04:40:57.003+0000] {processor.py:161} INFO - Started process (PID=2957) to work on /home/airflow/.local/lib/python3.9/site-packages/airflow/example_dags/example_datasets.py
[2025-12-11T04:40:57.005+0000] {processor.py:830} INFO - Processing file /home/airflow/.local/lib/python3.9/site-packages/airflow/example_dags/example_datasets.py for tasks to queue
[2025-12-11T04:40:57.008+0000] {logging_mixin.py:188} INFO - [2025-12-11T04:40:57.007+0000] {dagbag.py:545} INFO - Filling up the DagBag from /home/airflow/.local/lib/python3.9/site-packages/airflow/example_dags/example_datasets.py
[2025-12-11T04:40:57.058+0000] {processor.py:840} INFO - DAG(s) 'dataset_produces_2', 'consume_1_or_both_2_and_3_with_dataset_expressions', 'dataset_consumes_1_and_2', 'dataset_consumes_1_never_scheduled', 'consume_1_or_2_with_dataset_expressions', 'dataset_consumes_unknown_never_scheduled', 'dataset_produces_1', 'consume_1_and_2_with_dataset_expressions', 'dataset_consumes_1', 'conditional_dataset_and_time_based_timetable' retrieved from /home/airflow/.local/lib/python3.9/site-packages/airflow/example_dags/example_datasets.py
[2025-12-11T04:40:57.171+0000] {logging_mixin.py:188} INFO - [2025-12-11T04:40:57.170+0000] {dag.py:3096} INFO - Sync 10 DAGs
[2025-12-11T04:40:57.217+0000] {logging_mixin.py:188} INFO - [2025-12-11T04:40:57.217+0000] {dag.py:3954} INFO - Setting next_dagrun for conditional_dataset_and_time_based_timetable to 2025-12-10 01:00:00+00:00, run_after=2025-12-10 01:00:00+00:00
[2025-12-11T04:40:57.224+0000] {logging_mixin.py:188} INFO - [2025-12-11T04:40:57.224+0000] {dag.py:3954} INFO - Setting next_dagrun for consume_1_and_2_with_dataset_expressions to None, run_after=None
[2025-12-11T04:40:57.226+0000] {logging_mixin.py:188} INFO - [2025-12-11T04:40:57.226+0000] {dag.py:3954} INFO - Setting next_dagrun for consume_1_or_2_with_dataset_expressions to None, run_after=None
[2025-12-11T04:40:57.228+0000] {logging_mixin.py:188} INFO - [2025-12-11T04:40:57.228+0000] {dag.py:3954} INFO - Setting next_dagrun for consume_1_or_both_2_and_3_with_dataset_expressions to None, run_after=None
[2025-12-11T04:40:57.229+0000] {logging_mixin.py:188} INFO - [2025-12-11T04:40:57.229+0000] {dag.py:3954} INFO - Setting next_dagrun for dataset_consumes_1 to None, run_after=None
[2025-12-11T04:40:57.231+0000] {logging_mixin.py:188} INFO - [2025-12-11T04:40:57.230+0000] {dag.py:3954} INFO - Setting next_dagrun for dataset_consumes_1_and_2 to None, run_after=None
[2025-12-11T04:40:57.232+0000] {logging_mixin.py:188} INFO - [2025-12-11T04:40:57.232+0000] {dag.py:3954} INFO - Setting next_dagrun for dataset_consumes_1_never_scheduled to None, run_after=None
[2025-12-11T04:40:57.234+0000] {logging_mixin.py:188} INFO - [2025-12-11T04:40:57.233+0000] {dag.py:3954} INFO - Setting next_dagrun for dataset_consumes_unknown_never_scheduled to None, run_after=None
[2025-12-11T04:40:57.238+0000] {logging_mixin.py:188} INFO - [2025-12-11T04:40:57.237+0000] {dag.py:3954} INFO - Setting next_dagrun for dataset_produces_1 to 2025-12-10 00:00:00+00:00, run_after=2025-12-11 00:00:00+00:00
[2025-12-11T04:40:57.239+0000] {logging_mixin.py:188} INFO - [2025-12-11T04:40:57.239+0000] {dag.py:3954} INFO - Setting next_dagrun for dataset_produces_2 to None, run_after=None
[2025-12-11T04:40:57.334+0000] {processor.py:183} INFO - Processing /home/airflow/.local/lib/python3.9/site-packages/airflow/example_dags/example_datasets.py took 0.341 seconds
[2025-12-11T04:41:27.897+0000] {processor.py:161} INFO - Started process (PID=3024) to work on /home/airflow/.local/lib/python3.9/site-packages/airflow/example_dags/example_datasets.py
[2025-12-11T04:41:27.904+0000] {processor.py:830} INFO - Processing file /home/airflow/.local/lib/python3.9/site-packages/airflow/example_dags/example_datasets.py for tasks to queue
[2025-12-11T04:41:27.907+0000] {logging_mixin.py:188} INFO - [2025-12-11T04:41:27.907+0000] {dagbag.py:545} INFO - Filling up the DagBag from /home/airflow/.local/lib/python3.9/site-packages/airflow/example_dags/example_datasets.py
[2025-12-11T04:41:27.934+0000] {processor.py:840} INFO - DAG(s) 'dataset_produces_1', 'consume_1_or_2_with_dataset_expressions', 'consume_1_and_2_with_dataset_expressions', 'dataset_consumes_1_never_scheduled', 'conditional_dataset_and_time_based_timetable', 'dataset_consumes_1', 'dataset_consumes_unknown_never_scheduled', 'dataset_consumes_1_and_2', 'dataset_produces_2', 'consume_1_or_both_2_and_3_with_dataset_expressions' retrieved from /home/airflow/.local/lib/python3.9/site-packages/airflow/example_dags/example_datasets.py
[2025-12-11T04:41:28.027+0000] {logging_mixin.py:188} INFO - [2025-12-11T04:41:28.027+0000] {dag.py:3096} INFO - Sync 10 DAGs
[2025-12-11T04:41:28.085+0000] {logging_mixin.py:188} INFO - [2025-12-11T04:41:28.084+0000] {dag.py:3954} INFO - Setting next_dagrun for conditional_dataset_and_time_based_timetable to 2025-12-10 01:00:00+00:00, run_after=2025-12-10 01:00:00+00:00
[2025-12-11T04:41:28.092+0000] {logging_mixin.py:188} INFO - [2025-12-11T04:41:28.092+0000] {dag.py:3954} INFO - Setting next_dagrun for consume_1_and_2_with_dataset_expressions to None, run_after=None
[2025-12-11T04:41:28.094+0000] {logging_mixin.py:188} INFO - [2025-12-11T04:41:28.094+0000] {dag.py:3954} INFO - Setting next_dagrun for consume_1_or_2_with_dataset_expressions to None, run_after=None
[2025-12-11T04:41:28.096+0000] {logging_mixin.py:188} INFO - [2025-12-11T04:41:28.096+0000] {dag.py:3954} INFO - Setting next_dagrun for consume_1_or_both_2_and_3_with_dataset_expressions to None, run_after=None
[2025-12-11T04:41:28.098+0000] {logging_mixin.py:188} INFO - [2025-12-11T04:41:28.098+0000] {dag.py:3954} INFO - Setting next_dagrun for dataset_consumes_1 to None, run_after=None
[2025-12-11T04:41:28.100+0000] {logging_mixin.py:188} INFO - [2025-12-11T04:41:28.100+0000] {dag.py:3954} INFO - Setting next_dagrun for dataset_consumes_1_and_2 to None, run_after=None
[2025-12-11T04:41:28.102+0000] {logging_mixin.py:188} INFO - [2025-12-11T04:41:28.101+0000] {dag.py:3954} INFO - Setting next_dagrun for dataset_consumes_1_never_scheduled to None, run_after=None
[2025-12-11T04:41:28.103+0000] {logging_mixin.py:188} INFO - [2025-12-11T04:41:28.103+0000] {dag.py:3954} INFO - Setting next_dagrun for dataset_consumes_unknown_never_scheduled to None, run_after=None
[2025-12-11T04:41:28.107+0000] {logging_mixin.py:188} INFO - [2025-12-11T04:41:28.107+0000] {dag.py:3954} INFO - Setting next_dagrun for dataset_produces_1 to 2025-12-10 00:00:00+00:00, run_after=2025-12-11 00:00:00+00:00
[2025-12-11T04:41:28.109+0000] {logging_mixin.py:188} INFO - [2025-12-11T04:41:28.108+0000] {dag.py:3954} INFO - Setting next_dagrun for dataset_produces_2 to None, run_after=None
[2025-12-11T04:41:28.529+0000] {processor.py:183} INFO - Processing /home/airflow/.local/lib/python3.9/site-packages/airflow/example_dags/example_datasets.py took 0.642 seconds
[2025-12-11T04:41:58.645+0000] {processor.py:161} INFO - Started process (PID=3092) to work on /home/airflow/.local/lib/python3.9/site-packages/airflow/example_dags/example_datasets.py
[2025-12-11T04:41:58.653+0000] {processor.py:830} INFO - Processing file /home/airflow/.local/lib/python3.9/site-packages/airflow/example_dags/example_datasets.py for tasks to queue
[2025-12-11T04:41:58.656+0000] {logging_mixin.py:188} INFO - [2025-12-11T04:41:58.656+0000] {dagbag.py:545} INFO - Filling up the DagBag from /home/airflow/.local/lib/python3.9/site-packages/airflow/example_dags/example_datasets.py
[2025-12-11T04:41:58.675+0000] {processor.py:840} INFO - DAG(s) 'dataset_consumes_1_never_scheduled', 'consume_1_or_both_2_and_3_with_dataset_expressions', 'dataset_consumes_1', 'dataset_consumes_unknown_never_scheduled', 'dataset_produces_1', 'dataset_consumes_1_and_2', 'conditional_dataset_and_time_based_timetable', 'dataset_produces_2', 'consume_1_or_2_with_dataset_expressions', 'consume_1_and_2_with_dataset_expressions' retrieved from /home/airflow/.local/lib/python3.9/site-packages/airflow/example_dags/example_datasets.py
[2025-12-11T04:41:58.991+0000] {logging_mixin.py:188} INFO - [2025-12-11T04:41:58.991+0000] {dag.py:3096} INFO - Sync 10 DAGs
[2025-12-11T04:41:59.028+0000] {logging_mixin.py:188} INFO - [2025-12-11T04:41:59.027+0000] {dag.py:3954} INFO - Setting next_dagrun for conditional_dataset_and_time_based_timetable to 2025-12-10 01:00:00+00:00, run_after=2025-12-10 01:00:00+00:00
[2025-12-11T04:41:59.033+0000] {logging_mixin.py:188} INFO - [2025-12-11T04:41:59.033+0000] {dag.py:3954} INFO - Setting next_dagrun for consume_1_and_2_with_dataset_expressions to None, run_after=None
[2025-12-11T04:41:59.035+0000] {logging_mixin.py:188} INFO - [2025-12-11T04:41:59.034+0000] {dag.py:3954} INFO - Setting next_dagrun for consume_1_or_2_with_dataset_expressions to None, run_after=None
[2025-12-11T04:41:59.036+0000] {logging_mixin.py:188} INFO - [2025-12-11T04:41:59.036+0000] {dag.py:3954} INFO - Setting next_dagrun for consume_1_or_both_2_and_3_with_dataset_expressions to None, run_after=None
[2025-12-11T04:41:59.038+0000] {logging_mixin.py:188} INFO - [2025-12-11T04:41:59.037+0000] {dag.py:3954} INFO - Setting next_dagrun for dataset_consumes_1 to None, run_after=None
[2025-12-11T04:41:59.039+0000] {logging_mixin.py:188} INFO - [2025-12-11T04:41:59.039+0000] {dag.py:3954} INFO - Setting next_dagrun for dataset_consumes_1_and_2 to None, run_after=None
[2025-12-11T04:41:59.041+0000] {logging_mixin.py:188} INFO - [2025-12-11T04:41:59.040+0000] {dag.py:3954} INFO - Setting next_dagrun for dataset_consumes_1_never_scheduled to None, run_after=None
[2025-12-11T04:41:59.042+0000] {logging_mixin.py:188} INFO - [2025-12-11T04:41:59.042+0000] {dag.py:3954} INFO - Setting next_dagrun for dataset_consumes_unknown_never_scheduled to None, run_after=None
[2025-12-11T04:41:59.045+0000] {logging_mixin.py:188} INFO - [2025-12-11T04:41:59.044+0000] {dag.py:3954} INFO - Setting next_dagrun for dataset_produces_1 to 2025-12-10 00:00:00+00:00, run_after=2025-12-11 00:00:00+00:00
[2025-12-11T04:41:59.046+0000] {logging_mixin.py:188} INFO - [2025-12-11T04:41:59.046+0000] {dag.py:3954} INFO - Setting next_dagrun for dataset_produces_2 to None, run_after=None
[2025-12-11T04:41:59.230+0000] {processor.py:183} INFO - Processing /home/airflow/.local/lib/python3.9/site-packages/airflow/example_dags/example_datasets.py took 0.595 seconds
[2025-12-11T04:42:29.421+0000] {processor.py:161} INFO - Started process (PID=3159) to work on /home/airflow/.local/lib/python3.9/site-packages/airflow/example_dags/example_datasets.py
[2025-12-11T04:42:29.423+0000] {processor.py:830} INFO - Processing file /home/airflow/.local/lib/python3.9/site-packages/airflow/example_dags/example_datasets.py for tasks to queue
[2025-12-11T04:42:29.426+0000] {logging_mixin.py:188} INFO - [2025-12-11T04:42:29.425+0000] {dagbag.py:545} INFO - Filling up the DagBag from /home/airflow/.local/lib/python3.9/site-packages/airflow/example_dags/example_datasets.py
[2025-12-11T04:42:29.465+0000] {processor.py:840} INFO - DAG(s) 'dataset_consumes_1_and_2', 'consume_1_or_2_with_dataset_expressions', 'dataset_produces_1', 'consume_1_and_2_with_dataset_expressions', 'dataset_consumes_1_never_scheduled', 'dataset_consumes_unknown_never_scheduled', 'conditional_dataset_and_time_based_timetable', 'dataset_produces_2', 'consume_1_or_both_2_and_3_with_dataset_expressions', 'dataset_consumes_1' retrieved from /home/airflow/.local/lib/python3.9/site-packages/airflow/example_dags/example_datasets.py
[2025-12-11T04:42:29.583+0000] {logging_mixin.py:188} INFO - [2025-12-11T04:42:29.583+0000] {dag.py:3096} INFO - Sync 10 DAGs
[2025-12-11T04:42:29.764+0000] {logging_mixin.py:188} INFO - [2025-12-11T04:42:29.763+0000] {dag.py:3954} INFO - Setting next_dagrun for conditional_dataset_and_time_based_timetable to 2025-12-10 01:00:00+00:00, run_after=2025-12-10 01:00:00+00:00
[2025-12-11T04:42:29.779+0000] {logging_mixin.py:188} INFO - [2025-12-11T04:42:29.778+0000] {dag.py:3954} INFO - Setting next_dagrun for consume_1_and_2_with_dataset_expressions to None, run_after=None
[2025-12-11T04:42:29.780+0000] {logging_mixin.py:188} INFO - [2025-12-11T04:42:29.780+0000] {dag.py:3954} INFO - Setting next_dagrun for consume_1_or_2_with_dataset_expressions to None, run_after=None
[2025-12-11T04:42:29.782+0000] {logging_mixin.py:188} INFO - [2025-12-11T04:42:29.782+0000] {dag.py:3954} INFO - Setting next_dagrun for consume_1_or_both_2_and_3_with_dataset_expressions to None, run_after=None
[2025-12-11T04:42:29.783+0000] {logging_mixin.py:188} INFO - [2025-12-11T04:42:29.783+0000] {dag.py:3954} INFO - Setting next_dagrun for dataset_consumes_1 to None, run_after=None
[2025-12-11T04:42:29.784+0000] {logging_mixin.py:188} INFO - [2025-12-11T04:42:29.784+0000] {dag.py:3954} INFO - Setting next_dagrun for dataset_consumes_1_and_2 to None, run_after=None
[2025-12-11T04:42:29.786+0000] {logging_mixin.py:188} INFO - [2025-12-11T04:42:29.786+0000] {dag.py:3954} INFO - Setting next_dagrun for dataset_consumes_1_never_scheduled to None, run_after=None
[2025-12-11T04:42:29.787+0000] {logging_mixin.py:188} INFO - [2025-12-11T04:42:29.787+0000] {dag.py:3954} INFO - Setting next_dagrun for dataset_consumes_unknown_never_scheduled to None, run_after=None
[2025-12-11T04:42:29.790+0000] {logging_mixin.py:188} INFO - [2025-12-11T04:42:29.790+0000] {dag.py:3954} INFO - Setting next_dagrun for dataset_produces_1 to 2025-12-10 00:00:00+00:00, run_after=2025-12-11 00:00:00+00:00
[2025-12-11T04:42:29.791+0000] {logging_mixin.py:188} INFO - [2025-12-11T04:42:29.791+0000] {dag.py:3954} INFO - Setting next_dagrun for dataset_produces_2 to None, run_after=None
[2025-12-11T04:42:29.839+0000] {processor.py:183} INFO - Processing /home/airflow/.local/lib/python3.9/site-packages/airflow/example_dags/example_datasets.py took 0.429 seconds
[2025-12-11T04:42:59.901+0000] {processor.py:161} INFO - Started process (PID=3226) to work on /home/airflow/.local/lib/python3.9/site-packages/airflow/example_dags/example_datasets.py
[2025-12-11T04:42:59.903+0000] {processor.py:830} INFO - Processing file /home/airflow/.local/lib/python3.9/site-packages/airflow/example_dags/example_datasets.py for tasks to queue
[2025-12-11T04:42:59.905+0000] {logging_mixin.py:188} INFO - [2025-12-11T04:42:59.905+0000] {dagbag.py:545} INFO - Filling up the DagBag from /home/airflow/.local/lib/python3.9/site-packages/airflow/example_dags/example_datasets.py
[2025-12-11T04:42:59.925+0000] {processor.py:840} INFO - DAG(s) 'dataset_consumes_1', 'consume_1_or_both_2_and_3_with_dataset_expressions', 'dataset_consumes_1_and_2', 'consume_1_and_2_with_dataset_expressions', 'dataset_produces_1', 'dataset_consumes_1_never_scheduled', 'dataset_consumes_unknown_never_scheduled', 'consume_1_or_2_with_dataset_expressions', 'conditional_dataset_and_time_based_timetable', 'dataset_produces_2' retrieved from /home/airflow/.local/lib/python3.9/site-packages/airflow/example_dags/example_datasets.py
[2025-12-11T04:43:00.046+0000] {logging_mixin.py:188} INFO - [2025-12-11T04:43:00.046+0000] {dag.py:3096} INFO - Sync 10 DAGs
[2025-12-11T04:43:00.092+0000] {logging_mixin.py:188} INFO - [2025-12-11T04:43:00.091+0000] {dag.py:3954} INFO - Setting next_dagrun for conditional_dataset_and_time_based_timetable to 2025-12-10 01:00:00+00:00, run_after=2025-12-10 01:00:00+00:00
[2025-12-11T04:43:00.097+0000] {logging_mixin.py:188} INFO - [2025-12-11T04:43:00.097+0000] {dag.py:3954} INFO - Setting next_dagrun for consume_1_and_2_with_dataset_expressions to None, run_after=None
[2025-12-11T04:43:00.099+0000] {logging_mixin.py:188} INFO - [2025-12-11T04:43:00.099+0000] {dag.py:3954} INFO - Setting next_dagrun for consume_1_or_2_with_dataset_expressions to None, run_after=None
[2025-12-11T04:43:00.100+0000] {logging_mixin.py:188} INFO - [2025-12-11T04:43:00.100+0000] {dag.py:3954} INFO - Setting next_dagrun for consume_1_or_both_2_and_3_with_dataset_expressions to None, run_after=None
[2025-12-11T04:43:00.102+0000] {logging_mixin.py:188} INFO - [2025-12-11T04:43:00.101+0000] {dag.py:3954} INFO - Setting next_dagrun for dataset_consumes_1 to None, run_after=None
[2025-12-11T04:43:00.103+0000] {logging_mixin.py:188} INFO - [2025-12-11T04:43:00.103+0000] {dag.py:3954} INFO - Setting next_dagrun for dataset_consumes_1_and_2 to None, run_after=None
[2025-12-11T04:43:00.104+0000] {logging_mixin.py:188} INFO - [2025-12-11T04:43:00.104+0000] {dag.py:3954} INFO - Setting next_dagrun for dataset_consumes_1_never_scheduled to None, run_after=None
[2025-12-11T04:43:00.106+0000] {logging_mixin.py:188} INFO - [2025-12-11T04:43:00.106+0000] {dag.py:3954} INFO - Setting next_dagrun for dataset_consumes_unknown_never_scheduled to None, run_after=None
[2025-12-11T04:43:00.109+0000] {logging_mixin.py:188} INFO - [2025-12-11T04:43:00.109+0000] {dag.py:3954} INFO - Setting next_dagrun for dataset_produces_1 to 2025-12-10 00:00:00+00:00, run_after=2025-12-11 00:00:00+00:00
[2025-12-11T04:43:00.111+0000] {logging_mixin.py:188} INFO - [2025-12-11T04:43:00.111+0000] {dag.py:3954} INFO - Setting next_dagrun for dataset_produces_2 to None, run_after=None
[2025-12-11T04:43:00.160+0000] {processor.py:183} INFO - Processing /home/airflow/.local/lib/python3.9/site-packages/airflow/example_dags/example_datasets.py took 0.269 seconds
[2025-12-11T04:43:30.243+0000] {processor.py:161} INFO - Started process (PID=3293) to work on /home/airflow/.local/lib/python3.9/site-packages/airflow/example_dags/example_datasets.py
[2025-12-11T04:43:30.248+0000] {processor.py:830} INFO - Processing file /home/airflow/.local/lib/python3.9/site-packages/airflow/example_dags/example_datasets.py for tasks to queue
[2025-12-11T04:43:30.252+0000] {logging_mixin.py:188} INFO - [2025-12-11T04:43:30.251+0000] {dagbag.py:545} INFO - Filling up the DagBag from /home/airflow/.local/lib/python3.9/site-packages/airflow/example_dags/example_datasets.py
[2025-12-11T04:43:30.280+0000] {processor.py:840} INFO - DAG(s) 'dataset_consumes_1', 'dataset_consumes_1_never_scheduled', 'dataset_produces_1', 'consume_1_or_both_2_and_3_with_dataset_expressions', 'conditional_dataset_and_time_based_timetable', 'dataset_produces_2', 'dataset_consumes_1_and_2', 'consume_1_or_2_with_dataset_expressions', 'dataset_consumes_unknown_never_scheduled', 'consume_1_and_2_with_dataset_expressions' retrieved from /home/airflow/.local/lib/python3.9/site-packages/airflow/example_dags/example_datasets.py
[2025-12-11T04:43:30.394+0000] {logging_mixin.py:188} INFO - [2025-12-11T04:43:30.394+0000] {dag.py:3096} INFO - Sync 10 DAGs
[2025-12-11T04:43:30.455+0000] {logging_mixin.py:188} INFO - [2025-12-11T04:43:30.455+0000] {dag.py:3954} INFO - Setting next_dagrun for conditional_dataset_and_time_based_timetable to 2025-12-10 01:00:00+00:00, run_after=2025-12-10 01:00:00+00:00
[2025-12-11T04:43:30.463+0000] {logging_mixin.py:188} INFO - [2025-12-11T04:43:30.463+0000] {dag.py:3954} INFO - Setting next_dagrun for consume_1_and_2_with_dataset_expressions to None, run_after=None
[2025-12-11T04:43:30.466+0000] {logging_mixin.py:188} INFO - [2025-12-11T04:43:30.465+0000] {dag.py:3954} INFO - Setting next_dagrun for consume_1_or_2_with_dataset_expressions to None, run_after=None
[2025-12-11T04:43:30.468+0000] {logging_mixin.py:188} INFO - [2025-12-11T04:43:30.468+0000] {dag.py:3954} INFO - Setting next_dagrun for consume_1_or_both_2_and_3_with_dataset_expressions to None, run_after=None
[2025-12-11T04:43:30.470+0000] {logging_mixin.py:188} INFO - [2025-12-11T04:43:30.470+0000] {dag.py:3954} INFO - Setting next_dagrun for dataset_consumes_1 to None, run_after=None
[2025-12-11T04:43:30.472+0000] {logging_mixin.py:188} INFO - [2025-12-11T04:43:30.472+0000] {dag.py:3954} INFO - Setting next_dagrun for dataset_consumes_1_and_2 to None, run_after=None
[2025-12-11T04:43:30.474+0000] {logging_mixin.py:188} INFO - [2025-12-11T04:43:30.473+0000] {dag.py:3954} INFO - Setting next_dagrun for dataset_consumes_1_never_scheduled to None, run_after=None
[2025-12-11T04:43:30.476+0000] {logging_mixin.py:188} INFO - [2025-12-11T04:43:30.475+0000] {dag.py:3954} INFO - Setting next_dagrun for dataset_consumes_unknown_never_scheduled to None, run_after=None
[2025-12-11T04:43:30.480+0000] {logging_mixin.py:188} INFO - [2025-12-11T04:43:30.480+0000] {dag.py:3954} INFO - Setting next_dagrun for dataset_produces_1 to 2025-12-10 00:00:00+00:00, run_after=2025-12-11 00:00:00+00:00
[2025-12-11T04:43:30.482+0000] {logging_mixin.py:188} INFO - [2025-12-11T04:43:30.482+0000] {dag.py:3954} INFO - Setting next_dagrun for dataset_produces_2 to None, run_after=None
[2025-12-11T04:43:30.551+0000] {processor.py:183} INFO - Processing /home/airflow/.local/lib/python3.9/site-packages/airflow/example_dags/example_datasets.py took 0.322 seconds
[2025-12-11T04:44:00.911+0000] {processor.py:161} INFO - Started process (PID=3361) to work on /home/airflow/.local/lib/python3.9/site-packages/airflow/example_dags/example_datasets.py
[2025-12-11T04:44:01.035+0000] {processor.py:830} INFO - Processing file /home/airflow/.local/lib/python3.9/site-packages/airflow/example_dags/example_datasets.py for tasks to queue
[2025-12-11T04:44:01.070+0000] {logging_mixin.py:188} INFO - [2025-12-11T04:44:01.069+0000] {dagbag.py:545} INFO - Filling up the DagBag from /home/airflow/.local/lib/python3.9/site-packages/airflow/example_dags/example_datasets.py
[2025-12-11T04:44:01.093+0000] {processor.py:840} INFO - DAG(s) 'dataset_produces_2', 'consume_1_or_both_2_and_3_with_dataset_expressions', 'dataset_produces_1', 'dataset_consumes_1_and_2', 'consume_1_or_2_with_dataset_expressions', 'dataset_consumes_1_never_scheduled', 'dataset_consumes_1', 'dataset_consumes_unknown_never_scheduled', 'consume_1_and_2_with_dataset_expressions', 'conditional_dataset_and_time_based_timetable' retrieved from /home/airflow/.local/lib/python3.9/site-packages/airflow/example_dags/example_datasets.py
[2025-12-11T04:44:01.213+0000] {logging_mixin.py:188} INFO - [2025-12-11T04:44:01.213+0000] {dag.py:3096} INFO - Sync 10 DAGs
[2025-12-11T04:44:01.263+0000] {logging_mixin.py:188} INFO - [2025-12-11T04:44:01.263+0000] {dag.py:3954} INFO - Setting next_dagrun for conditional_dataset_and_time_based_timetable to 2025-12-10 01:00:00+00:00, run_after=2025-12-10 01:00:00+00:00
[2025-12-11T04:44:01.268+0000] {logging_mixin.py:188} INFO - [2025-12-11T04:44:01.268+0000] {dag.py:3954} INFO - Setting next_dagrun for consume_1_and_2_with_dataset_expressions to None, run_after=None
[2025-12-11T04:44:01.270+0000] {logging_mixin.py:188} INFO - [2025-12-11T04:44:01.270+0000] {dag.py:3954} INFO - Setting next_dagrun for consume_1_or_2_with_dataset_expressions to None, run_after=None
[2025-12-11T04:44:01.271+0000] {logging_mixin.py:188} INFO - [2025-12-11T04:44:01.271+0000] {dag.py:3954} INFO - Setting next_dagrun for consume_1_or_both_2_and_3_with_dataset_expressions to None, run_after=None
[2025-12-11T04:44:01.272+0000] {logging_mixin.py:188} INFO - [2025-12-11T04:44:01.272+0000] {dag.py:3954} INFO - Setting next_dagrun for dataset_consumes_1 to None, run_after=None
[2025-12-11T04:44:01.274+0000] {logging_mixin.py:188} INFO - [2025-12-11T04:44:01.274+0000] {dag.py:3954} INFO - Setting next_dagrun for dataset_consumes_1_and_2 to None, run_after=None
[2025-12-11T04:44:01.275+0000] {logging_mixin.py:188} INFO - [2025-12-11T04:44:01.275+0000] {dag.py:3954} INFO - Setting next_dagrun for dataset_consumes_1_never_scheduled to None, run_after=None
[2025-12-11T04:44:01.276+0000] {logging_mixin.py:188} INFO - [2025-12-11T04:44:01.276+0000] {dag.py:3954} INFO - Setting next_dagrun for dataset_consumes_unknown_never_scheduled to None, run_after=None
[2025-12-11T04:44:01.279+0000] {logging_mixin.py:188} INFO - [2025-12-11T04:44:01.279+0000] {dag.py:3954} INFO - Setting next_dagrun for dataset_produces_1 to 2025-12-10 00:00:00+00:00, run_after=2025-12-11 00:00:00+00:00
[2025-12-11T04:44:01.280+0000] {logging_mixin.py:188} INFO - [2025-12-11T04:44:01.280+0000] {dag.py:3954} INFO - Setting next_dagrun for dataset_produces_2 to None, run_after=None
[2025-12-11T04:44:01.415+0000] {processor.py:183} INFO - Processing /home/airflow/.local/lib/python3.9/site-packages/airflow/example_dags/example_datasets.py took 0.516 seconds
[2025-12-11T04:44:31.641+0000] {processor.py:161} INFO - Started process (PID=3429) to work on /home/airflow/.local/lib/python3.9/site-packages/airflow/example_dags/example_datasets.py
[2025-12-11T04:44:31.719+0000] {processor.py:830} INFO - Processing file /home/airflow/.local/lib/python3.9/site-packages/airflow/example_dags/example_datasets.py for tasks to queue
[2025-12-11T04:44:31.722+0000] {logging_mixin.py:188} INFO - [2025-12-11T04:44:31.721+0000] {dagbag.py:545} INFO - Filling up the DagBag from /home/airflow/.local/lib/python3.9/site-packages/airflow/example_dags/example_datasets.py
[2025-12-11T04:44:31.745+0000] {processor.py:840} INFO - DAG(s) 'dataset_consumes_unknown_never_scheduled', 'dataset_consumes_1_never_scheduled', 'consume_1_or_both_2_and_3_with_dataset_expressions', 'dataset_consumes_1', 'conditional_dataset_and_time_based_timetable', 'consume_1_or_2_with_dataset_expressions', 'dataset_produces_2', 'dataset_consumes_1_and_2', 'consume_1_and_2_with_dataset_expressions', 'dataset_produces_1' retrieved from /home/airflow/.local/lib/python3.9/site-packages/airflow/example_dags/example_datasets.py
[2025-12-11T04:44:31.859+0000] {logging_mixin.py:188} INFO - [2025-12-11T04:44:31.858+0000] {dag.py:3096} INFO - Sync 10 DAGs
[2025-12-11T04:44:31.909+0000] {logging_mixin.py:188} INFO - [2025-12-11T04:44:31.908+0000] {dag.py:3954} INFO - Setting next_dagrun for conditional_dataset_and_time_based_timetable to 2025-12-10 01:00:00+00:00, run_after=2025-12-10 01:00:00+00:00
[2025-12-11T04:44:31.915+0000] {logging_mixin.py:188} INFO - [2025-12-11T04:44:31.914+0000] {dag.py:3954} INFO - Setting next_dagrun for consume_1_and_2_with_dataset_expressions to None, run_after=None
[2025-12-11T04:44:31.917+0000] {logging_mixin.py:188} INFO - [2025-12-11T04:44:31.917+0000] {dag.py:3954} INFO - Setting next_dagrun for consume_1_or_2_with_dataset_expressions to None, run_after=None
[2025-12-11T04:44:31.919+0000] {logging_mixin.py:188} INFO - [2025-12-11T04:44:31.919+0000] {dag.py:3954} INFO - Setting next_dagrun for consume_1_or_both_2_and_3_with_dataset_expressions to None, run_after=None
[2025-12-11T04:44:31.921+0000] {logging_mixin.py:188} INFO - [2025-12-11T04:44:31.921+0000] {dag.py:3954} INFO - Setting next_dagrun for dataset_consumes_1 to None, run_after=None
[2025-12-11T04:44:31.923+0000] {logging_mixin.py:188} INFO - [2025-12-11T04:44:31.922+0000] {dag.py:3954} INFO - Setting next_dagrun for dataset_consumes_1_and_2 to None, run_after=None
[2025-12-11T04:44:31.924+0000] {logging_mixin.py:188} INFO - [2025-12-11T04:44:31.924+0000] {dag.py:3954} INFO - Setting next_dagrun for dataset_consumes_1_never_scheduled to None, run_after=None
[2025-12-11T04:44:31.926+0000] {logging_mixin.py:188} INFO - [2025-12-11T04:44:31.926+0000] {dag.py:3954} INFO - Setting next_dagrun for dataset_consumes_unknown_never_scheduled to None, run_after=None
[2025-12-11T04:44:31.930+0000] {logging_mixin.py:188} INFO - [2025-12-11T04:44:31.930+0000] {dag.py:3954} INFO - Setting next_dagrun for dataset_produces_1 to 2025-12-10 00:00:00+00:00, run_after=2025-12-11 00:00:00+00:00
[2025-12-11T04:44:31.932+0000] {logging_mixin.py:188} INFO - [2025-12-11T04:44:31.932+0000] {dag.py:3954} INFO - Setting next_dagrun for dataset_produces_2 to None, run_after=None
[2025-12-11T04:44:31.985+0000] {processor.py:183} INFO - Processing /home/airflow/.local/lib/python3.9/site-packages/airflow/example_dags/example_datasets.py took 0.363 seconds
[2025-12-11T04:45:02.180+0000] {processor.py:161} INFO - Started process (PID=3497) to work on /home/airflow/.local/lib/python3.9/site-packages/airflow/example_dags/example_datasets.py
[2025-12-11T04:45:02.181+0000] {processor.py:830} INFO - Processing file /home/airflow/.local/lib/python3.9/site-packages/airflow/example_dags/example_datasets.py for tasks to queue
[2025-12-11T04:45:02.184+0000] {logging_mixin.py:188} INFO - [2025-12-11T04:45:02.183+0000] {dagbag.py:545} INFO - Filling up the DagBag from /home/airflow/.local/lib/python3.9/site-packages/airflow/example_dags/example_datasets.py
[2025-12-11T04:45:02.207+0000] {processor.py:840} INFO - DAG(s) 'dataset_produces_1', 'consume_1_and_2_with_dataset_expressions', 'conditional_dataset_and_time_based_timetable', 'dataset_produces_2', 'dataset_consumes_unknown_never_scheduled', 'dataset_consumes_1_never_scheduled', 'dataset_consumes_1_and_2', 'consume_1_or_both_2_and_3_with_dataset_expressions', 'consume_1_or_2_with_dataset_expressions', 'dataset_consumes_1' retrieved from /home/airflow/.local/lib/python3.9/site-packages/airflow/example_dags/example_datasets.py
[2025-12-11T04:45:02.308+0000] {logging_mixin.py:188} INFO - [2025-12-11T04:45:02.308+0000] {dag.py:3096} INFO - Sync 10 DAGs
[2025-12-11T04:45:02.376+0000] {logging_mixin.py:188} INFO - [2025-12-11T04:45:02.375+0000] {dag.py:3954} INFO - Setting next_dagrun for conditional_dataset_and_time_based_timetable to 2025-12-10 01:00:00+00:00, run_after=2025-12-10 01:00:00+00:00
[2025-12-11T04:45:02.383+0000] {logging_mixin.py:188} INFO - [2025-12-11T04:45:02.382+0000] {dag.py:3954} INFO - Setting next_dagrun for consume_1_and_2_with_dataset_expressions to None, run_after=None
[2025-12-11T04:45:02.385+0000] {logging_mixin.py:188} INFO - [2025-12-11T04:45:02.385+0000] {dag.py:3954} INFO - Setting next_dagrun for consume_1_or_2_with_dataset_expressions to None, run_after=None
[2025-12-11T04:45:02.387+0000] {logging_mixin.py:188} INFO - [2025-12-11T04:45:02.387+0000] {dag.py:3954} INFO - Setting next_dagrun for consume_1_or_both_2_and_3_with_dataset_expressions to None, run_after=None
[2025-12-11T04:45:02.389+0000] {logging_mixin.py:188} INFO - [2025-12-11T04:45:02.389+0000] {dag.py:3954} INFO - Setting next_dagrun for dataset_consumes_1 to None, run_after=None
[2025-12-11T04:45:02.392+0000] {logging_mixin.py:188} INFO - [2025-12-11T04:45:02.392+0000] {dag.py:3954} INFO - Setting next_dagrun for dataset_consumes_1_and_2 to None, run_after=None
[2025-12-11T04:45:02.394+0000] {logging_mixin.py:188} INFO - [2025-12-11T04:45:02.394+0000] {dag.py:3954} INFO - Setting next_dagrun for dataset_consumes_1_never_scheduled to None, run_after=None
[2025-12-11T04:45:02.397+0000] {logging_mixin.py:188} INFO - [2025-12-11T04:45:02.396+0000] {dag.py:3954} INFO - Setting next_dagrun for dataset_consumes_unknown_never_scheduled to None, run_after=None
[2025-12-11T04:45:02.402+0000] {logging_mixin.py:188} INFO - [2025-12-11T04:45:02.401+0000] {dag.py:3954} INFO - Setting next_dagrun for dataset_produces_1 to 2025-12-10 00:00:00+00:00, run_after=2025-12-11 00:00:00+00:00
[2025-12-11T04:45:02.405+0000] {logging_mixin.py:188} INFO - [2025-12-11T04:45:02.405+0000] {dag.py:3954} INFO - Setting next_dagrun for dataset_produces_2 to None, run_after=None
[2025-12-11T04:45:02.462+0000] {processor.py:183} INFO - Processing /home/airflow/.local/lib/python3.9/site-packages/airflow/example_dags/example_datasets.py took 0.300 seconds
[2025-12-11T04:45:32.529+0000] {processor.py:161} INFO - Started process (PID=3564) to work on /home/airflow/.local/lib/python3.9/site-packages/airflow/example_dags/example_datasets.py
[2025-12-11T04:45:32.531+0000] {processor.py:830} INFO - Processing file /home/airflow/.local/lib/python3.9/site-packages/airflow/example_dags/example_datasets.py for tasks to queue
[2025-12-11T04:45:32.538+0000] {logging_mixin.py:188} INFO - [2025-12-11T04:45:32.537+0000] {dagbag.py:545} INFO - Filling up the DagBag from /home/airflow/.local/lib/python3.9/site-packages/airflow/example_dags/example_datasets.py
[2025-12-11T04:45:32.561+0000] {processor.py:840} INFO - DAG(s) 'dataset_consumes_1', 'consume_1_or_2_with_dataset_expressions', 'conditional_dataset_and_time_based_timetable', 'consume_1_and_2_with_dataset_expressions', 'dataset_consumes_1_and_2', 'dataset_produces_1', 'dataset_produces_2', 'dataset_consumes_unknown_never_scheduled', 'dataset_consumes_1_never_scheduled', 'consume_1_or_both_2_and_3_with_dataset_expressions' retrieved from /home/airflow/.local/lib/python3.9/site-packages/airflow/example_dags/example_datasets.py
[2025-12-11T04:45:32.623+0000] {logging_mixin.py:188} INFO - [2025-12-11T04:45:32.623+0000] {dag.py:3096} INFO - Sync 10 DAGs
[2025-12-11T04:45:32.659+0000] {logging_mixin.py:188} INFO - [2025-12-11T04:45:32.659+0000] {dag.py:3954} INFO - Setting next_dagrun for conditional_dataset_and_time_based_timetable to 2025-12-10 01:00:00+00:00, run_after=2025-12-10 01:00:00+00:00
[2025-12-11T04:45:32.664+0000] {logging_mixin.py:188} INFO - [2025-12-11T04:45:32.664+0000] {dag.py:3954} INFO - Setting next_dagrun for consume_1_and_2_with_dataset_expressions to None, run_after=None
[2025-12-11T04:45:32.666+0000] {logging_mixin.py:188} INFO - [2025-12-11T04:45:32.665+0000] {dag.py:3954} INFO - Setting next_dagrun for consume_1_or_2_with_dataset_expressions to None, run_after=None
[2025-12-11T04:45:32.667+0000] {logging_mixin.py:188} INFO - [2025-12-11T04:45:32.667+0000] {dag.py:3954} INFO - Setting next_dagrun for consume_1_or_both_2_and_3_with_dataset_expressions to None, run_after=None
[2025-12-11T04:45:32.668+0000] {logging_mixin.py:188} INFO - [2025-12-11T04:45:32.668+0000] {dag.py:3954} INFO - Setting next_dagrun for dataset_consumes_1 to None, run_after=None
[2025-12-11T04:45:32.670+0000] {logging_mixin.py:188} INFO - [2025-12-11T04:45:32.669+0000] {dag.py:3954} INFO - Setting next_dagrun for dataset_consumes_1_and_2 to None, run_after=None
[2025-12-11T04:45:32.671+0000] {logging_mixin.py:188} INFO - [2025-12-11T04:45:32.671+0000] {dag.py:3954} INFO - Setting next_dagrun for dataset_consumes_1_never_scheduled to None, run_after=None
[2025-12-11T04:45:32.672+0000] {logging_mixin.py:188} INFO - [2025-12-11T04:45:32.672+0000] {dag.py:3954} INFO - Setting next_dagrun for dataset_consumes_unknown_never_scheduled to None, run_after=None
[2025-12-11T04:45:32.675+0000] {logging_mixin.py:188} INFO - [2025-12-11T04:45:32.675+0000] {dag.py:3954} INFO - Setting next_dagrun for dataset_produces_1 to 2025-12-10 00:00:00+00:00, run_after=2025-12-11 00:00:00+00:00
[2025-12-11T04:45:32.676+0000] {logging_mixin.py:188} INFO - [2025-12-11T04:45:32.676+0000] {dag.py:3954} INFO - Setting next_dagrun for dataset_produces_2 to None, run_after=None
[2025-12-11T04:45:32.720+0000] {processor.py:183} INFO - Processing /home/airflow/.local/lib/python3.9/site-packages/airflow/example_dags/example_datasets.py took 0.202 seconds
[2025-12-11T04:46:03.106+0000] {processor.py:161} INFO - Started process (PID=3637) to work on /home/airflow/.local/lib/python3.9/site-packages/airflow/example_dags/example_datasets.py
[2025-12-11T04:46:03.132+0000] {processor.py:830} INFO - Processing file /home/airflow/.local/lib/python3.9/site-packages/airflow/example_dags/example_datasets.py for tasks to queue
[2025-12-11T04:46:03.136+0000] {logging_mixin.py:188} INFO - [2025-12-11T04:46:03.135+0000] {dagbag.py:545} INFO - Filling up the DagBag from /home/airflow/.local/lib/python3.9/site-packages/airflow/example_dags/example_datasets.py
[2025-12-11T04:46:03.167+0000] {processor.py:840} INFO - DAG(s) 'dataset_consumes_unknown_never_scheduled', 'conditional_dataset_and_time_based_timetable', 'dataset_produces_1', 'consume_1_and_2_with_dataset_expressions', 'dataset_consumes_1_and_2', 'dataset_consumes_1', 'dataset_produces_2', 'consume_1_or_both_2_and_3_with_dataset_expressions', 'dataset_consumes_1_never_scheduled', 'consume_1_or_2_with_dataset_expressions' retrieved from /home/airflow/.local/lib/python3.9/site-packages/airflow/example_dags/example_datasets.py
[2025-12-11T04:46:03.339+0000] {logging_mixin.py:188} INFO - [2025-12-11T04:46:03.338+0000] {dag.py:3096} INFO - Sync 10 DAGs
[2025-12-11T04:46:03.391+0000] {logging_mixin.py:188} INFO - [2025-12-11T04:46:03.390+0000] {dag.py:3954} INFO - Setting next_dagrun for conditional_dataset_and_time_based_timetable to 2025-12-10 01:00:00+00:00, run_after=2025-12-10 01:00:00+00:00
[2025-12-11T04:46:03.402+0000] {logging_mixin.py:188} INFO - [2025-12-11T04:46:03.402+0000] {dag.py:3954} INFO - Setting next_dagrun for consume_1_and_2_with_dataset_expressions to None, run_after=None
[2025-12-11T04:46:03.404+0000] {logging_mixin.py:188} INFO - [2025-12-11T04:46:03.404+0000] {dag.py:3954} INFO - Setting next_dagrun for consume_1_or_2_with_dataset_expressions to None, run_after=None
[2025-12-11T04:46:03.406+0000] {logging_mixin.py:188} INFO - [2025-12-11T04:46:03.405+0000] {dag.py:3954} INFO - Setting next_dagrun for consume_1_or_both_2_and_3_with_dataset_expressions to None, run_after=None
[2025-12-11T04:46:03.408+0000] {logging_mixin.py:188} INFO - [2025-12-11T04:46:03.407+0000] {dag.py:3954} INFO - Setting next_dagrun for dataset_consumes_1 to None, run_after=None
[2025-12-11T04:46:03.409+0000] {logging_mixin.py:188} INFO - [2025-12-11T04:46:03.409+0000] {dag.py:3954} INFO - Setting next_dagrun for dataset_consumes_1_and_2 to None, run_after=None
[2025-12-11T04:46:03.411+0000] {logging_mixin.py:188} INFO - [2025-12-11T04:46:03.411+0000] {dag.py:3954} INFO - Setting next_dagrun for dataset_consumes_1_never_scheduled to None, run_after=None
[2025-12-11T04:46:03.412+0000] {logging_mixin.py:188} INFO - [2025-12-11T04:46:03.412+0000] {dag.py:3954} INFO - Setting next_dagrun for dataset_consumes_unknown_never_scheduled to None, run_after=None
[2025-12-11T04:46:03.415+0000] {logging_mixin.py:188} INFO - [2025-12-11T04:46:03.415+0000] {dag.py:3954} INFO - Setting next_dagrun for dataset_produces_1 to 2025-12-10 00:00:00+00:00, run_after=2025-12-11 00:00:00+00:00
[2025-12-11T04:46:03.417+0000] {logging_mixin.py:188} INFO - [2025-12-11T04:46:03.416+0000] {dag.py:3954} INFO - Setting next_dagrun for dataset_produces_2 to None, run_after=None
[2025-12-11T04:46:03.627+0000] {processor.py:183} INFO - Processing /home/airflow/.local/lib/python3.9/site-packages/airflow/example_dags/example_datasets.py took 0.540 seconds
[2025-12-11T04:46:33.744+0000] {processor.py:161} INFO - Started process (PID=3705) to work on /home/airflow/.local/lib/python3.9/site-packages/airflow/example_dags/example_datasets.py
[2025-12-11T04:46:33.745+0000] {processor.py:830} INFO - Processing file /home/airflow/.local/lib/python3.9/site-packages/airflow/example_dags/example_datasets.py for tasks to queue
[2025-12-11T04:46:33.748+0000] {logging_mixin.py:188} INFO - [2025-12-11T04:46:33.748+0000] {dagbag.py:545} INFO - Filling up the DagBag from /home/airflow/.local/lib/python3.9/site-packages/airflow/example_dags/example_datasets.py
[2025-12-11T04:46:33.788+0000] {processor.py:840} INFO - DAG(s) 'consume_1_and_2_with_dataset_expressions', 'dataset_consumes_1_never_scheduled', 'dataset_consumes_unknown_never_scheduled', 'dataset_consumes_1_and_2', 'consume_1_or_both_2_and_3_with_dataset_expressions', 'conditional_dataset_and_time_based_timetable', 'consume_1_or_2_with_dataset_expressions', 'dataset_produces_1', 'dataset_produces_2', 'dataset_consumes_1' retrieved from /home/airflow/.local/lib/python3.9/site-packages/airflow/example_dags/example_datasets.py
[2025-12-11T04:46:33.910+0000] {logging_mixin.py:188} INFO - [2025-12-11T04:46:33.910+0000] {dag.py:3096} INFO - Sync 10 DAGs
[2025-12-11T04:46:34.009+0000] {logging_mixin.py:188} INFO - [2025-12-11T04:46:34.008+0000] {dag.py:3954} INFO - Setting next_dagrun for conditional_dataset_and_time_based_timetable to 2025-12-10 01:00:00+00:00, run_after=2025-12-10 01:00:00+00:00
[2025-12-11T04:46:34.021+0000] {logging_mixin.py:188} INFO - [2025-12-11T04:46:34.020+0000] {dag.py:3954} INFO - Setting next_dagrun for consume_1_and_2_with_dataset_expressions to None, run_after=None
[2025-12-11T04:46:34.024+0000] {logging_mixin.py:188} INFO - [2025-12-11T04:46:34.023+0000] {dag.py:3954} INFO - Setting next_dagrun for consume_1_or_2_with_dataset_expressions to None, run_after=None
[2025-12-11T04:46:34.026+0000] {logging_mixin.py:188} INFO - [2025-12-11T04:46:34.026+0000] {dag.py:3954} INFO - Setting next_dagrun for consume_1_or_both_2_and_3_with_dataset_expressions to None, run_after=None
[2025-12-11T04:46:34.028+0000] {logging_mixin.py:188} INFO - [2025-12-11T04:46:34.028+0000] {dag.py:3954} INFO - Setting next_dagrun for dataset_consumes_1 to None, run_after=None
[2025-12-11T04:46:34.030+0000] {logging_mixin.py:188} INFO - [2025-12-11T04:46:34.030+0000] {dag.py:3954} INFO - Setting next_dagrun for dataset_consumes_1_and_2 to None, run_after=None
[2025-12-11T04:46:34.032+0000] {logging_mixin.py:188} INFO - [2025-12-11T04:46:34.032+0000] {dag.py:3954} INFO - Setting next_dagrun for dataset_consumes_1_never_scheduled to None, run_after=None
[2025-12-11T04:46:34.034+0000] {logging_mixin.py:188} INFO - [2025-12-11T04:46:34.034+0000] {dag.py:3954} INFO - Setting next_dagrun for dataset_consumes_unknown_never_scheduled to None, run_after=None
[2025-12-11T04:46:34.038+0000] {logging_mixin.py:188} INFO - [2025-12-11T04:46:34.038+0000] {dag.py:3954} INFO - Setting next_dagrun for dataset_produces_1 to 2025-12-10 00:00:00+00:00, run_after=2025-12-11 00:00:00+00:00
[2025-12-11T04:46:34.040+0000] {logging_mixin.py:188} INFO - [2025-12-11T04:46:34.040+0000] {dag.py:3954} INFO - Setting next_dagrun for dataset_produces_2 to None, run_after=None
[2025-12-11T04:46:34.106+0000] {processor.py:183} INFO - Processing /home/airflow/.local/lib/python3.9/site-packages/airflow/example_dags/example_datasets.py took 0.383 seconds
[2025-12-11T04:47:04.242+0000] {processor.py:161} INFO - Started process (PID=3771) to work on /home/airflow/.local/lib/python3.9/site-packages/airflow/example_dags/example_datasets.py
[2025-12-11T04:47:04.252+0000] {processor.py:830} INFO - Processing file /home/airflow/.local/lib/python3.9/site-packages/airflow/example_dags/example_datasets.py for tasks to queue
[2025-12-11T04:47:04.259+0000] {logging_mixin.py:188} INFO - [2025-12-11T04:47:04.258+0000] {dagbag.py:545} INFO - Filling up the DagBag from /home/airflow/.local/lib/python3.9/site-packages/airflow/example_dags/example_datasets.py
[2025-12-11T04:47:04.299+0000] {processor.py:840} INFO - DAG(s) 'conditional_dataset_and_time_based_timetable', 'consume_1_or_2_with_dataset_expressions', 'dataset_consumes_unknown_never_scheduled', 'dataset_consumes_1_and_2', 'consume_1_and_2_with_dataset_expressions', 'dataset_produces_1', 'dataset_consumes_1_never_scheduled', 'consume_1_or_both_2_and_3_with_dataset_expressions', 'dataset_produces_2', 'dataset_consumes_1' retrieved from /home/airflow/.local/lib/python3.9/site-packages/airflow/example_dags/example_datasets.py
[2025-12-11T04:47:04.462+0000] {logging_mixin.py:188} INFO - [2025-12-11T04:47:04.462+0000] {dag.py:3096} INFO - Sync 10 DAGs
[2025-12-11T04:47:04.545+0000] {logging_mixin.py:188} INFO - [2025-12-11T04:47:04.544+0000] {dag.py:3954} INFO - Setting next_dagrun for conditional_dataset_and_time_based_timetable to 2025-12-10 01:00:00+00:00, run_after=2025-12-10 01:00:00+00:00
[2025-12-11T04:47:04.561+0000] {logging_mixin.py:188} INFO - [2025-12-11T04:47:04.560+0000] {dag.py:3954} INFO - Setting next_dagrun for consume_1_and_2_with_dataset_expressions to None, run_after=None
[2025-12-11T04:47:04.563+0000] {logging_mixin.py:188} INFO - [2025-12-11T04:47:04.562+0000] {dag.py:3954} INFO - Setting next_dagrun for consume_1_or_2_with_dataset_expressions to None, run_after=None
[2025-12-11T04:47:04.564+0000] {logging_mixin.py:188} INFO - [2025-12-11T04:47:04.564+0000] {dag.py:3954} INFO - Setting next_dagrun for consume_1_or_both_2_and_3_with_dataset_expressions to None, run_after=None
[2025-12-11T04:47:04.566+0000] {logging_mixin.py:188} INFO - [2025-12-11T04:47:04.566+0000] {dag.py:3954} INFO - Setting next_dagrun for dataset_consumes_1 to None, run_after=None
[2025-12-11T04:47:04.567+0000] {logging_mixin.py:188} INFO - [2025-12-11T04:47:04.567+0000] {dag.py:3954} INFO - Setting next_dagrun for dataset_consumes_1_and_2 to None, run_after=None
[2025-12-11T04:47:04.569+0000] {logging_mixin.py:188} INFO - [2025-12-11T04:47:04.569+0000] {dag.py:3954} INFO - Setting next_dagrun for dataset_consumes_1_never_scheduled to None, run_after=None
[2025-12-11T04:47:04.571+0000] {logging_mixin.py:188} INFO - [2025-12-11T04:47:04.571+0000] {dag.py:3954} INFO - Setting next_dagrun for dataset_consumes_unknown_never_scheduled to None, run_after=None
[2025-12-11T04:47:04.578+0000] {logging_mixin.py:188} INFO - [2025-12-11T04:47:04.578+0000] {dag.py:3954} INFO - Setting next_dagrun for dataset_produces_1 to 2025-12-10 00:00:00+00:00, run_after=2025-12-11 00:00:00+00:00
[2025-12-11T04:47:04.580+0000] {logging_mixin.py:188} INFO - [2025-12-11T04:47:04.580+0000] {dag.py:3954} INFO - Setting next_dagrun for dataset_produces_2 to None, run_after=None
[2025-12-11T04:47:04.646+0000] {processor.py:183} INFO - Processing /home/airflow/.local/lib/python3.9/site-packages/airflow/example_dags/example_datasets.py took 0.417 seconds
[2025-12-11T04:47:34.791+0000] {processor.py:161} INFO - Started process (PID=3838) to work on /home/airflow/.local/lib/python3.9/site-packages/airflow/example_dags/example_datasets.py
[2025-12-11T04:47:35.028+0000] {processor.py:830} INFO - Processing file /home/airflow/.local/lib/python3.9/site-packages/airflow/example_dags/example_datasets.py for tasks to queue
[2025-12-11T04:47:35.031+0000] {logging_mixin.py:188} INFO - [2025-12-11T04:47:35.031+0000] {dagbag.py:545} INFO - Filling up the DagBag from /home/airflow/.local/lib/python3.9/site-packages/airflow/example_dags/example_datasets.py
[2025-12-11T04:47:35.079+0000] {processor.py:840} INFO - DAG(s) 'dataset_consumes_unknown_never_scheduled', 'consume_1_and_2_with_dataset_expressions', 'dataset_produces_2', 'dataset_consumes_1_and_2', 'consume_1_or_both_2_and_3_with_dataset_expressions', 'conditional_dataset_and_time_based_timetable', 'dataset_consumes_1_never_scheduled', 'consume_1_or_2_with_dataset_expressions', 'dataset_consumes_1', 'dataset_produces_1' retrieved from /home/airflow/.local/lib/python3.9/site-packages/airflow/example_dags/example_datasets.py
[2025-12-11T04:47:35.181+0000] {logging_mixin.py:188} INFO - [2025-12-11T04:47:35.180+0000] {dag.py:3096} INFO - Sync 10 DAGs
[2025-12-11T04:47:35.242+0000] {logging_mixin.py:188} INFO - [2025-12-11T04:47:35.241+0000] {dag.py:3954} INFO - Setting next_dagrun for conditional_dataset_and_time_based_timetable to 2025-12-10 01:00:00+00:00, run_after=2025-12-10 01:00:00+00:00
[2025-12-11T04:47:35.249+0000] {logging_mixin.py:188} INFO - [2025-12-11T04:47:35.248+0000] {dag.py:3954} INFO - Setting next_dagrun for consume_1_and_2_with_dataset_expressions to None, run_after=None
[2025-12-11T04:47:35.259+0000] {logging_mixin.py:188} INFO - [2025-12-11T04:47:35.258+0000] {dag.py:3954} INFO - Setting next_dagrun for consume_1_or_2_with_dataset_expressions to None, run_after=None
[2025-12-11T04:47:35.260+0000] {logging_mixin.py:188} INFO - [2025-12-11T04:47:35.260+0000] {dag.py:3954} INFO - Setting next_dagrun for consume_1_or_both_2_and_3_with_dataset_expressions to None, run_after=None
[2025-12-11T04:47:35.262+0000] {logging_mixin.py:188} INFO - [2025-12-11T04:47:35.261+0000] {dag.py:3954} INFO - Setting next_dagrun for dataset_consumes_1 to None, run_after=None
[2025-12-11T04:47:35.263+0000] {logging_mixin.py:188} INFO - [2025-12-11T04:47:35.263+0000] {dag.py:3954} INFO - Setting next_dagrun for dataset_consumes_1_and_2 to None, run_after=None
[2025-12-11T04:47:35.265+0000] {logging_mixin.py:188} INFO - [2025-12-11T04:47:35.264+0000] {dag.py:3954} INFO - Setting next_dagrun for dataset_consumes_1_never_scheduled to None, run_after=None
[2025-12-11T04:47:35.266+0000] {logging_mixin.py:188} INFO - [2025-12-11T04:47:35.266+0000] {dag.py:3954} INFO - Setting next_dagrun for dataset_consumes_unknown_never_scheduled to None, run_after=None
[2025-12-11T04:47:35.269+0000] {logging_mixin.py:188} INFO - [2025-12-11T04:47:35.269+0000] {dag.py:3954} INFO - Setting next_dagrun for dataset_produces_1 to 2025-12-10 00:00:00+00:00, run_after=2025-12-11 00:00:00+00:00
[2025-12-11T04:47:35.270+0000] {logging_mixin.py:188} INFO - [2025-12-11T04:47:35.270+0000] {dag.py:3954} INFO - Setting next_dagrun for dataset_produces_2 to None, run_after=None
[2025-12-11T04:47:35.323+0000] {processor.py:183} INFO - Processing /home/airflow/.local/lib/python3.9/site-packages/airflow/example_dags/example_datasets.py took 0.543 seconds
[2025-12-11T04:48:05.514+0000] {processor.py:161} INFO - Started process (PID=3905) to work on /home/airflow/.local/lib/python3.9/site-packages/airflow/example_dags/example_datasets.py
[2025-12-11T04:48:05.542+0000] {processor.py:830} INFO - Processing file /home/airflow/.local/lib/python3.9/site-packages/airflow/example_dags/example_datasets.py for tasks to queue
[2025-12-11T04:48:05.545+0000] {logging_mixin.py:188} INFO - [2025-12-11T04:48:05.545+0000] {dagbag.py:545} INFO - Filling up the DagBag from /home/airflow/.local/lib/python3.9/site-packages/airflow/example_dags/example_datasets.py
[2025-12-11T04:48:05.579+0000] {processor.py:840} INFO - DAG(s) 'consume_1_or_2_with_dataset_expressions', 'dataset_consumes_1_and_2', 'dataset_produces_2', 'consume_1_or_both_2_and_3_with_dataset_expressions', 'dataset_consumes_1_never_scheduled', 'consume_1_and_2_with_dataset_expressions', 'conditional_dataset_and_time_based_timetable', 'dataset_consumes_1', 'dataset_produces_1', 'dataset_consumes_unknown_never_scheduled' retrieved from /home/airflow/.local/lib/python3.9/site-packages/airflow/example_dags/example_datasets.py
[2025-12-11T04:48:05.803+0000] {logging_mixin.py:188} INFO - [2025-12-11T04:48:05.802+0000] {dag.py:3096} INFO - Sync 10 DAGs
[2025-12-11T04:48:05.884+0000] {logging_mixin.py:188} INFO - [2025-12-11T04:48:05.884+0000] {dag.py:3954} INFO - Setting next_dagrun for conditional_dataset_and_time_based_timetable to 2025-12-10 01:00:00+00:00, run_after=2025-12-10 01:00:00+00:00
[2025-12-11T04:48:05.890+0000] {logging_mixin.py:188} INFO - [2025-12-11T04:48:05.890+0000] {dag.py:3954} INFO - Setting next_dagrun for consume_1_and_2_with_dataset_expressions to None, run_after=None
[2025-12-11T04:48:05.892+0000] {logging_mixin.py:188} INFO - [2025-12-11T04:48:05.891+0000] {dag.py:3954} INFO - Setting next_dagrun for consume_1_or_2_with_dataset_expressions to None, run_after=None
[2025-12-11T04:48:05.893+0000] {logging_mixin.py:188} INFO - [2025-12-11T04:48:05.893+0000] {dag.py:3954} INFO - Setting next_dagrun for consume_1_or_both_2_and_3_with_dataset_expressions to None, run_after=None
[2025-12-11T04:48:05.894+0000] {logging_mixin.py:188} INFO - [2025-12-11T04:48:05.894+0000] {dag.py:3954} INFO - Setting next_dagrun for dataset_consumes_1 to None, run_after=None
[2025-12-11T04:48:05.897+0000] {logging_mixin.py:188} INFO - [2025-12-11T04:48:05.897+0000] {dag.py:3954} INFO - Setting next_dagrun for dataset_consumes_1_and_2 to None, run_after=None
[2025-12-11T04:48:05.898+0000] {logging_mixin.py:188} INFO - [2025-12-11T04:48:05.898+0000] {dag.py:3954} INFO - Setting next_dagrun for dataset_consumes_1_never_scheduled to None, run_after=None
[2025-12-11T04:48:05.900+0000] {logging_mixin.py:188} INFO - [2025-12-11T04:48:05.900+0000] {dag.py:3954} INFO - Setting next_dagrun for dataset_consumes_unknown_never_scheduled to None, run_after=None
[2025-12-11T04:48:05.902+0000] {logging_mixin.py:188} INFO - [2025-12-11T04:48:05.902+0000] {dag.py:3954} INFO - Setting next_dagrun for dataset_produces_1 to 2025-12-10 00:00:00+00:00, run_after=2025-12-11 00:00:00+00:00
[2025-12-11T04:48:05.904+0000] {logging_mixin.py:188} INFO - [2025-12-11T04:48:05.903+0000] {dag.py:3954} INFO - Setting next_dagrun for dataset_produces_2 to None, run_after=None
[2025-12-11T04:48:06.065+0000] {processor.py:183} INFO - Processing /home/airflow/.local/lib/python3.9/site-packages/airflow/example_dags/example_datasets.py took 0.564 seconds
[2025-12-11T04:48:36.187+0000] {processor.py:161} INFO - Started process (PID=3972) to work on /home/airflow/.local/lib/python3.9/site-packages/airflow/example_dags/example_datasets.py
[2025-12-11T04:48:36.286+0000] {processor.py:830} INFO - Processing file /home/airflow/.local/lib/python3.9/site-packages/airflow/example_dags/example_datasets.py for tasks to queue
[2025-12-11T04:48:36.290+0000] {logging_mixin.py:188} INFO - [2025-12-11T04:48:36.289+0000] {dagbag.py:545} INFO - Filling up the DagBag from /home/airflow/.local/lib/python3.9/site-packages/airflow/example_dags/example_datasets.py
[2025-12-11T04:48:36.310+0000] {processor.py:840} INFO - DAG(s) 'consume_1_and_2_with_dataset_expressions', 'dataset_consumes_unknown_never_scheduled', 'conditional_dataset_and_time_based_timetable', 'dataset_produces_2', 'dataset_produces_1', 'consume_1_or_both_2_and_3_with_dataset_expressions', 'dataset_consumes_1_and_2', 'dataset_consumes_1', 'dataset_consumes_1_never_scheduled', 'consume_1_or_2_with_dataset_expressions' retrieved from /home/airflow/.local/lib/python3.9/site-packages/airflow/example_dags/example_datasets.py
[2025-12-11T04:48:36.376+0000] {logging_mixin.py:188} INFO - [2025-12-11T04:48:36.375+0000] {dag.py:3096} INFO - Sync 10 DAGs
[2025-12-11T04:48:36.501+0000] {logging_mixin.py:188} INFO - [2025-12-11T04:48:36.500+0000] {dag.py:3954} INFO - Setting next_dagrun for conditional_dataset_and_time_based_timetable to 2025-12-10 01:00:00+00:00, run_after=2025-12-10 01:00:00+00:00
[2025-12-11T04:48:36.508+0000] {logging_mixin.py:188} INFO - [2025-12-11T04:48:36.508+0000] {dag.py:3954} INFO - Setting next_dagrun for consume_1_and_2_with_dataset_expressions to None, run_after=None
[2025-12-11T04:48:36.518+0000] {logging_mixin.py:188} INFO - [2025-12-11T04:48:36.517+0000] {dag.py:3954} INFO - Setting next_dagrun for consume_1_or_2_with_dataset_expressions to None, run_after=None
[2025-12-11T04:48:36.519+0000] {logging_mixin.py:188} INFO - [2025-12-11T04:48:36.519+0000] {dag.py:3954} INFO - Setting next_dagrun for consume_1_or_both_2_and_3_with_dataset_expressions to None, run_after=None
[2025-12-11T04:48:36.521+0000] {logging_mixin.py:188} INFO - [2025-12-11T04:48:36.520+0000] {dag.py:3954} INFO - Setting next_dagrun for dataset_consumes_1 to None, run_after=None
[2025-12-11T04:48:36.522+0000] {logging_mixin.py:188} INFO - [2025-12-11T04:48:36.522+0000] {dag.py:3954} INFO - Setting next_dagrun for dataset_consumes_1_and_2 to None, run_after=None
[2025-12-11T04:48:36.523+0000] {logging_mixin.py:188} INFO - [2025-12-11T04:48:36.523+0000] {dag.py:3954} INFO - Setting next_dagrun for dataset_consumes_1_never_scheduled to None, run_after=None
[2025-12-11T04:48:36.525+0000] {logging_mixin.py:188} INFO - [2025-12-11T04:48:36.524+0000] {dag.py:3954} INFO - Setting next_dagrun for dataset_consumes_unknown_never_scheduled to None, run_after=None
[2025-12-11T04:48:36.528+0000] {logging_mixin.py:188} INFO - [2025-12-11T04:48:36.527+0000] {dag.py:3954} INFO - Setting next_dagrun for dataset_produces_1 to 2025-12-10 00:00:00+00:00, run_after=2025-12-11 00:00:00+00:00
[2025-12-11T04:48:36.529+0000] {logging_mixin.py:188} INFO - [2025-12-11T04:48:36.529+0000] {dag.py:3954} INFO - Setting next_dagrun for dataset_produces_2 to None, run_after=None
[2025-12-11T04:48:36.663+0000] {processor.py:183} INFO - Processing /home/airflow/.local/lib/python3.9/site-packages/airflow/example_dags/example_datasets.py took 0.491 seconds
[2025-12-11T04:49:07.278+0000] {processor.py:161} INFO - Started process (PID=4039) to work on /home/airflow/.local/lib/python3.9/site-packages/airflow/example_dags/example_datasets.py
[2025-12-11T04:49:07.280+0000] {processor.py:830} INFO - Processing file /home/airflow/.local/lib/python3.9/site-packages/airflow/example_dags/example_datasets.py for tasks to queue
[2025-12-11T04:49:07.283+0000] {logging_mixin.py:188} INFO - [2025-12-11T04:49:07.283+0000] {dagbag.py:545} INFO - Filling up the DagBag from /home/airflow/.local/lib/python3.9/site-packages/airflow/example_dags/example_datasets.py
[2025-12-11T04:49:07.324+0000] {processor.py:840} INFO - DAG(s) 'dataset_produces_1', 'consume_1_or_2_with_dataset_expressions', 'dataset_produces_2', 'dataset_consumes_1_never_scheduled', 'consume_1_and_2_with_dataset_expressions', 'conditional_dataset_and_time_based_timetable', 'consume_1_or_both_2_and_3_with_dataset_expressions', 'dataset_consumes_1', 'dataset_consumes_1_and_2', 'dataset_consumes_unknown_never_scheduled' retrieved from /home/airflow/.local/lib/python3.9/site-packages/airflow/example_dags/example_datasets.py
[2025-12-11T04:49:07.500+0000] {logging_mixin.py:188} INFO - [2025-12-11T04:49:07.499+0000] {dag.py:3096} INFO - Sync 10 DAGs
[2025-12-11T04:49:07.605+0000] {logging_mixin.py:188} INFO - [2025-12-11T04:49:07.605+0000] {dag.py:3954} INFO - Setting next_dagrun for conditional_dataset_and_time_based_timetable to 2025-12-10 01:00:00+00:00, run_after=2025-12-10 01:00:00+00:00
[2025-12-11T04:49:07.613+0000] {logging_mixin.py:188} INFO - [2025-12-11T04:49:07.612+0000] {dag.py:3954} INFO - Setting next_dagrun for consume_1_and_2_with_dataset_expressions to None, run_after=None
[2025-12-11T04:49:07.615+0000] {logging_mixin.py:188} INFO - [2025-12-11T04:49:07.615+0000] {dag.py:3954} INFO - Setting next_dagrun for consume_1_or_2_with_dataset_expressions to None, run_after=None
[2025-12-11T04:49:07.618+0000] {logging_mixin.py:188} INFO - [2025-12-11T04:49:07.617+0000] {dag.py:3954} INFO - Setting next_dagrun for consume_1_or_both_2_and_3_with_dataset_expressions to None, run_after=None
[2025-12-11T04:49:07.619+0000] {logging_mixin.py:188} INFO - [2025-12-11T04:49:07.619+0000] {dag.py:3954} INFO - Setting next_dagrun for dataset_consumes_1 to None, run_after=None
[2025-12-11T04:49:07.621+0000] {logging_mixin.py:188} INFO - [2025-12-11T04:49:07.621+0000] {dag.py:3954} INFO - Setting next_dagrun for dataset_consumes_1_and_2 to None, run_after=None
[2025-12-11T04:49:07.623+0000] {logging_mixin.py:188} INFO - [2025-12-11T04:49:07.622+0000] {dag.py:3954} INFO - Setting next_dagrun for dataset_consumes_1_never_scheduled to None, run_after=None
[2025-12-11T04:49:07.624+0000] {logging_mixin.py:188} INFO - [2025-12-11T04:49:07.624+0000] {dag.py:3954} INFO - Setting next_dagrun for dataset_consumes_unknown_never_scheduled to None, run_after=None
[2025-12-11T04:49:07.628+0000] {logging_mixin.py:188} INFO - [2025-12-11T04:49:07.627+0000] {dag.py:3954} INFO - Setting next_dagrun for dataset_produces_1 to 2025-12-10 00:00:00+00:00, run_after=2025-12-11 00:00:00+00:00
[2025-12-11T04:49:07.629+0000] {logging_mixin.py:188} INFO - [2025-12-11T04:49:07.629+0000] {dag.py:3954} INFO - Setting next_dagrun for dataset_produces_2 to None, run_after=None
[2025-12-11T04:49:07.687+0000] {processor.py:183} INFO - Processing /home/airflow/.local/lib/python3.9/site-packages/airflow/example_dags/example_datasets.py took 0.438 seconds
[2025-12-11T04:49:37.954+0000] {processor.py:161} INFO - Started process (PID=4106) to work on /home/airflow/.local/lib/python3.9/site-packages/airflow/example_dags/example_datasets.py
[2025-12-11T04:49:38.026+0000] {processor.py:830} INFO - Processing file /home/airflow/.local/lib/python3.9/site-packages/airflow/example_dags/example_datasets.py for tasks to queue
[2025-12-11T04:49:38.030+0000] {logging_mixin.py:188} INFO - [2025-12-11T04:49:38.029+0000] {dagbag.py:545} INFO - Filling up the DagBag from /home/airflow/.local/lib/python3.9/site-packages/airflow/example_dags/example_datasets.py
[2025-12-11T04:49:38.061+0000] {processor.py:840} INFO - DAG(s) 'conditional_dataset_and_time_based_timetable', 'consume_1_or_2_with_dataset_expressions', 'dataset_consumes_unknown_never_scheduled', 'consume_1_and_2_with_dataset_expressions', 'dataset_consumes_1_never_scheduled', 'dataset_consumes_1_and_2', 'consume_1_or_both_2_and_3_with_dataset_expressions', 'dataset_produces_1', 'dataset_produces_2', 'dataset_consumes_1' retrieved from /home/airflow/.local/lib/python3.9/site-packages/airflow/example_dags/example_datasets.py
[2025-12-11T04:49:38.183+0000] {logging_mixin.py:188} INFO - [2025-12-11T04:49:38.183+0000] {dag.py:3096} INFO - Sync 10 DAGs
[2025-12-11T04:49:38.276+0000] {logging_mixin.py:188} INFO - [2025-12-11T04:49:38.276+0000] {dag.py:3954} INFO - Setting next_dagrun for conditional_dataset_and_time_based_timetable to 2025-12-10 01:00:00+00:00, run_after=2025-12-10 01:00:00+00:00
[2025-12-11T04:49:38.282+0000] {logging_mixin.py:188} INFO - [2025-12-11T04:49:38.282+0000] {dag.py:3954} INFO - Setting next_dagrun for consume_1_and_2_with_dataset_expressions to None, run_after=None
[2025-12-11T04:49:38.283+0000] {logging_mixin.py:188} INFO - [2025-12-11T04:49:38.283+0000] {dag.py:3954} INFO - Setting next_dagrun for consume_1_or_2_with_dataset_expressions to None, run_after=None
[2025-12-11T04:49:38.285+0000] {logging_mixin.py:188} INFO - [2025-12-11T04:49:38.285+0000] {dag.py:3954} INFO - Setting next_dagrun for consume_1_or_both_2_and_3_with_dataset_expressions to None, run_after=None
[2025-12-11T04:49:38.286+0000] {logging_mixin.py:188} INFO - [2025-12-11T04:49:38.286+0000] {dag.py:3954} INFO - Setting next_dagrun for dataset_consumes_1 to None, run_after=None
[2025-12-11T04:49:38.288+0000] {logging_mixin.py:188} INFO - [2025-12-11T04:49:38.288+0000] {dag.py:3954} INFO - Setting next_dagrun for dataset_consumes_1_and_2 to None, run_after=None
[2025-12-11T04:49:38.289+0000] {logging_mixin.py:188} INFO - [2025-12-11T04:49:38.289+0000] {dag.py:3954} INFO - Setting next_dagrun for dataset_consumes_1_never_scheduled to None, run_after=None
[2025-12-11T04:49:38.290+0000] {logging_mixin.py:188} INFO - [2025-12-11T04:49:38.290+0000] {dag.py:3954} INFO - Setting next_dagrun for dataset_consumes_unknown_never_scheduled to None, run_after=None
[2025-12-11T04:49:38.293+0000] {logging_mixin.py:188} INFO - [2025-12-11T04:49:38.293+0000] {dag.py:3954} INFO - Setting next_dagrun for dataset_produces_1 to 2025-12-10 00:00:00+00:00, run_after=2025-12-11 00:00:00+00:00
[2025-12-11T04:49:38.295+0000] {logging_mixin.py:188} INFO - [2025-12-11T04:49:38.294+0000] {dag.py:3954} INFO - Setting next_dagrun for dataset_produces_2 to None, run_after=None
[2025-12-11T04:49:38.357+0000] {processor.py:183} INFO - Processing /home/airflow/.local/lib/python3.9/site-packages/airflow/example_dags/example_datasets.py took 0.414 seconds
[2025-12-11T04:50:08.703+0000] {processor.py:161} INFO - Started process (PID=4172) to work on /home/airflow/.local/lib/python3.9/site-packages/airflow/example_dags/example_datasets.py
[2025-12-11T04:50:08.711+0000] {processor.py:830} INFO - Processing file /home/airflow/.local/lib/python3.9/site-packages/airflow/example_dags/example_datasets.py for tasks to queue
[2025-12-11T04:50:08.714+0000] {logging_mixin.py:188} INFO - [2025-12-11T04:50:08.713+0000] {dagbag.py:545} INFO - Filling up the DagBag from /home/airflow/.local/lib/python3.9/site-packages/airflow/example_dags/example_datasets.py
[2025-12-11T04:50:08.735+0000] {processor.py:840} INFO - DAG(s) 'dataset_produces_2', 'dataset_consumes_unknown_never_scheduled', 'consume_1_and_2_with_dataset_expressions', 'dataset_consumes_1_never_scheduled', 'consume_1_or_2_with_dataset_expressions', 'conditional_dataset_and_time_based_timetable', 'dataset_consumes_1', 'dataset_produces_1', 'consume_1_or_both_2_and_3_with_dataset_expressions', 'dataset_consumes_1_and_2' retrieved from /home/airflow/.local/lib/python3.9/site-packages/airflow/example_dags/example_datasets.py
[2025-12-11T04:50:08.812+0000] {logging_mixin.py:188} INFO - [2025-12-11T04:50:08.812+0000] {dag.py:3096} INFO - Sync 10 DAGs
[2025-12-11T04:50:08.855+0000] {logging_mixin.py:188} INFO - [2025-12-11T04:50:08.855+0000] {dag.py:3954} INFO - Setting next_dagrun for conditional_dataset_and_time_based_timetable to 2025-12-10 01:00:00+00:00, run_after=2025-12-10 01:00:00+00:00
[2025-12-11T04:50:08.861+0000] {logging_mixin.py:188} INFO - [2025-12-11T04:50:08.860+0000] {dag.py:3954} INFO - Setting next_dagrun for consume_1_and_2_with_dataset_expressions to None, run_after=None
[2025-12-11T04:50:08.862+0000] {logging_mixin.py:188} INFO - [2025-12-11T04:50:08.862+0000] {dag.py:3954} INFO - Setting next_dagrun for consume_1_or_2_with_dataset_expressions to None, run_after=None
[2025-12-11T04:50:08.864+0000] {logging_mixin.py:188} INFO - [2025-12-11T04:50:08.864+0000] {dag.py:3954} INFO - Setting next_dagrun for consume_1_or_both_2_and_3_with_dataset_expressions to None, run_after=None
[2025-12-11T04:50:08.865+0000] {logging_mixin.py:188} INFO - [2025-12-11T04:50:08.865+0000] {dag.py:3954} INFO - Setting next_dagrun for dataset_consumes_1 to None, run_after=None
[2025-12-11T04:50:08.866+0000] {logging_mixin.py:188} INFO - [2025-12-11T04:50:08.866+0000] {dag.py:3954} INFO - Setting next_dagrun for dataset_consumes_1_and_2 to None, run_after=None
[2025-12-11T04:50:08.868+0000] {logging_mixin.py:188} INFO - [2025-12-11T04:50:08.868+0000] {dag.py:3954} INFO - Setting next_dagrun for dataset_consumes_1_never_scheduled to None, run_after=None
[2025-12-11T04:50:08.869+0000] {logging_mixin.py:188} INFO - [2025-12-11T04:50:08.869+0000] {dag.py:3954} INFO - Setting next_dagrun for dataset_consumes_unknown_never_scheduled to None, run_after=None
[2025-12-11T04:50:08.872+0000] {logging_mixin.py:188} INFO - [2025-12-11T04:50:08.872+0000] {dag.py:3954} INFO - Setting next_dagrun for dataset_produces_1 to 2025-12-10 00:00:00+00:00, run_after=2025-12-11 00:00:00+00:00
[2025-12-11T04:50:08.873+0000] {logging_mixin.py:188} INFO - [2025-12-11T04:50:08.873+0000] {dag.py:3954} INFO - Setting next_dagrun for dataset_produces_2 to None, run_after=None
[2025-12-11T04:50:08.929+0000] {processor.py:183} INFO - Processing /home/airflow/.local/lib/python3.9/site-packages/airflow/example_dags/example_datasets.py took 0.240 seconds
[2025-12-11T04:50:38.974+0000] {processor.py:161} INFO - Started process (PID=4238) to work on /home/airflow/.local/lib/python3.9/site-packages/airflow/example_dags/example_datasets.py
[2025-12-11T04:50:38.975+0000] {processor.py:830} INFO - Processing file /home/airflow/.local/lib/python3.9/site-packages/airflow/example_dags/example_datasets.py for tasks to queue
[2025-12-11T04:50:38.978+0000] {logging_mixin.py:188} INFO - [2025-12-11T04:50:38.978+0000] {dagbag.py:545} INFO - Filling up the DagBag from /home/airflow/.local/lib/python3.9/site-packages/airflow/example_dags/example_datasets.py
[2025-12-11T04:50:39.006+0000] {processor.py:840} INFO - DAG(s) 'dataset_produces_2', 'dataset_consumes_1', 'conditional_dataset_and_time_based_timetable', 'dataset_consumes_1_and_2', 'dataset_consumes_unknown_never_scheduled', 'dataset_produces_1', 'dataset_consumes_1_never_scheduled', 'consume_1_and_2_with_dataset_expressions', 'consume_1_or_both_2_and_3_with_dataset_expressions', 'consume_1_or_2_with_dataset_expressions' retrieved from /home/airflow/.local/lib/python3.9/site-packages/airflow/example_dags/example_datasets.py
[2025-12-11T04:50:39.088+0000] {logging_mixin.py:188} INFO - [2025-12-11T04:50:39.088+0000] {dag.py:3096} INFO - Sync 10 DAGs
[2025-12-11T04:50:39.131+0000] {logging_mixin.py:188} INFO - [2025-12-11T04:50:39.130+0000] {dag.py:3954} INFO - Setting next_dagrun for conditional_dataset_and_time_based_timetable to 2025-12-10 01:00:00+00:00, run_after=2025-12-10 01:00:00+00:00
[2025-12-11T04:50:39.139+0000] {logging_mixin.py:188} INFO - [2025-12-11T04:50:39.138+0000] {dag.py:3954} INFO - Setting next_dagrun for consume_1_and_2_with_dataset_expressions to None, run_after=None
[2025-12-11T04:50:39.140+0000] {logging_mixin.py:188} INFO - [2025-12-11T04:50:39.140+0000] {dag.py:3954} INFO - Setting next_dagrun for consume_1_or_2_with_dataset_expressions to None, run_after=None
[2025-12-11T04:50:39.142+0000] {logging_mixin.py:188} INFO - [2025-12-11T04:50:39.141+0000] {dag.py:3954} INFO - Setting next_dagrun for consume_1_or_both_2_and_3_with_dataset_expressions to None, run_after=None
[2025-12-11T04:50:39.143+0000] {logging_mixin.py:188} INFO - [2025-12-11T04:50:39.143+0000] {dag.py:3954} INFO - Setting next_dagrun for dataset_consumes_1 to None, run_after=None
[2025-12-11T04:50:39.144+0000] {logging_mixin.py:188} INFO - [2025-12-11T04:50:39.144+0000] {dag.py:3954} INFO - Setting next_dagrun for dataset_consumes_1_and_2 to None, run_after=None
[2025-12-11T04:50:39.146+0000] {logging_mixin.py:188} INFO - [2025-12-11T04:50:39.146+0000] {dag.py:3954} INFO - Setting next_dagrun for dataset_consumes_1_never_scheduled to None, run_after=None
[2025-12-11T04:50:39.147+0000] {logging_mixin.py:188} INFO - [2025-12-11T04:50:39.147+0000] {dag.py:3954} INFO - Setting next_dagrun for dataset_consumes_unknown_never_scheduled to None, run_after=None
[2025-12-11T04:50:39.150+0000] {logging_mixin.py:188} INFO - [2025-12-11T04:50:39.150+0000] {dag.py:3954} INFO - Setting next_dagrun for dataset_produces_1 to 2025-12-10 00:00:00+00:00, run_after=2025-12-11 00:00:00+00:00
[2025-12-11T04:50:39.151+0000] {logging_mixin.py:188} INFO - [2025-12-11T04:50:39.151+0000] {dag.py:3954} INFO - Setting next_dagrun for dataset_produces_2 to None, run_after=None
[2025-12-11T04:50:39.199+0000] {processor.py:183} INFO - Processing /home/airflow/.local/lib/python3.9/site-packages/airflow/example_dags/example_datasets.py took 0.235 seconds
[2025-12-11T04:51:09.320+0000] {processor.py:161} INFO - Started process (PID=4305) to work on /home/airflow/.local/lib/python3.9/site-packages/airflow/example_dags/example_datasets.py
[2025-12-11T04:51:09.322+0000] {processor.py:830} INFO - Processing file /home/airflow/.local/lib/python3.9/site-packages/airflow/example_dags/example_datasets.py for tasks to queue
[2025-12-11T04:51:09.325+0000] {logging_mixin.py:188} INFO - [2025-12-11T04:51:09.324+0000] {dagbag.py:545} INFO - Filling up the DagBag from /home/airflow/.local/lib/python3.9/site-packages/airflow/example_dags/example_datasets.py
[2025-12-11T04:51:09.345+0000] {processor.py:840} INFO - DAG(s) 'dataset_produces_1', 'dataset_consumes_1_never_scheduled', 'dataset_produces_2', 'consume_1_or_both_2_and_3_with_dataset_expressions', 'dataset_consumes_1_and_2', 'consume_1_and_2_with_dataset_expressions', 'dataset_consumes_1', 'dataset_consumes_unknown_never_scheduled', 'consume_1_or_2_with_dataset_expressions', 'conditional_dataset_and_time_based_timetable' retrieved from /home/airflow/.local/lib/python3.9/site-packages/airflow/example_dags/example_datasets.py
[2025-12-11T04:51:09.423+0000] {logging_mixin.py:188} INFO - [2025-12-11T04:51:09.422+0000] {dag.py:3096} INFO - Sync 10 DAGs
[2025-12-11T04:51:09.463+0000] {logging_mixin.py:188} INFO - [2025-12-11T04:51:09.463+0000] {dag.py:3954} INFO - Setting next_dagrun for conditional_dataset_and_time_based_timetable to 2025-12-10 01:00:00+00:00, run_after=2025-12-10 01:00:00+00:00
[2025-12-11T04:51:09.469+0000] {logging_mixin.py:188} INFO - [2025-12-11T04:51:09.468+0000] {dag.py:3954} INFO - Setting next_dagrun for consume_1_and_2_with_dataset_expressions to None, run_after=None
[2025-12-11T04:51:09.470+0000] {logging_mixin.py:188} INFO - [2025-12-11T04:51:09.470+0000] {dag.py:3954} INFO - Setting next_dagrun for consume_1_or_2_with_dataset_expressions to None, run_after=None
[2025-12-11T04:51:09.471+0000] {logging_mixin.py:188} INFO - [2025-12-11T04:51:09.471+0000] {dag.py:3954} INFO - Setting next_dagrun for consume_1_or_both_2_and_3_with_dataset_expressions to None, run_after=None
[2025-12-11T04:51:09.473+0000] {logging_mixin.py:188} INFO - [2025-12-11T04:51:09.473+0000] {dag.py:3954} INFO - Setting next_dagrun for dataset_consumes_1 to None, run_after=None
[2025-12-11T04:51:09.474+0000] {logging_mixin.py:188} INFO - [2025-12-11T04:51:09.474+0000] {dag.py:3954} INFO - Setting next_dagrun for dataset_consumes_1_and_2 to None, run_after=None
[2025-12-11T04:51:09.477+0000] {logging_mixin.py:188} INFO - [2025-12-11T04:51:09.477+0000] {dag.py:3954} INFO - Setting next_dagrun for dataset_consumes_1_never_scheduled to None, run_after=None
[2025-12-11T04:51:09.478+0000] {logging_mixin.py:188} INFO - [2025-12-11T04:51:09.478+0000] {dag.py:3954} INFO - Setting next_dagrun for dataset_consumes_unknown_never_scheduled to None, run_after=None
[2025-12-11T04:51:09.481+0000] {logging_mixin.py:188} INFO - [2025-12-11T04:51:09.481+0000] {dag.py:3954} INFO - Setting next_dagrun for dataset_produces_1 to 2025-12-10 00:00:00+00:00, run_after=2025-12-11 00:00:00+00:00
[2025-12-11T04:51:09.482+0000] {logging_mixin.py:188} INFO - [2025-12-11T04:51:09.482+0000] {dag.py:3954} INFO - Setting next_dagrun for dataset_produces_2 to None, run_after=None
[2025-12-11T04:51:09.540+0000] {processor.py:183} INFO - Processing /home/airflow/.local/lib/python3.9/site-packages/airflow/example_dags/example_datasets.py took 0.230 seconds
[2025-12-11T04:51:40.126+0000] {processor.py:161} INFO - Started process (PID=4372) to work on /home/airflow/.local/lib/python3.9/site-packages/airflow/example_dags/example_datasets.py
[2025-12-11T04:51:40.136+0000] {processor.py:830} INFO - Processing file /home/airflow/.local/lib/python3.9/site-packages/airflow/example_dags/example_datasets.py for tasks to queue
[2025-12-11T04:51:40.139+0000] {logging_mixin.py:188} INFO - [2025-12-11T04:51:40.139+0000] {dagbag.py:545} INFO - Filling up the DagBag from /home/airflow/.local/lib/python3.9/site-packages/airflow/example_dags/example_datasets.py
[2025-12-11T04:51:40.167+0000] {processor.py:840} INFO - DAG(s) 'dataset_consumes_1', 'consume_1_and_2_with_dataset_expressions', 'dataset_consumes_1_and_2', 'consume_1_or_2_with_dataset_expressions', 'conditional_dataset_and_time_based_timetable', 'dataset_produces_2', 'dataset_consumes_1_never_scheduled', 'dataset_consumes_unknown_never_scheduled', 'dataset_produces_1', 'consume_1_or_both_2_and_3_with_dataset_expressions' retrieved from /home/airflow/.local/lib/python3.9/site-packages/airflow/example_dags/example_datasets.py
[2025-12-11T04:51:40.244+0000] {logging_mixin.py:188} INFO - [2025-12-11T04:51:40.244+0000] {dag.py:3096} INFO - Sync 10 DAGs
[2025-12-11T04:51:40.312+0000] {logging_mixin.py:188} INFO - [2025-12-11T04:51:40.311+0000] {dag.py:3954} INFO - Setting next_dagrun for conditional_dataset_and_time_based_timetable to 2025-12-10 01:00:00+00:00, run_after=2025-12-10 01:00:00+00:00
[2025-12-11T04:51:40.318+0000] {logging_mixin.py:188} INFO - [2025-12-11T04:51:40.317+0000] {dag.py:3954} INFO - Setting next_dagrun for consume_1_and_2_with_dataset_expressions to None, run_after=None
[2025-12-11T04:51:40.319+0000] {logging_mixin.py:188} INFO - [2025-12-11T04:51:40.319+0000] {dag.py:3954} INFO - Setting next_dagrun for consume_1_or_2_with_dataset_expressions to None, run_after=None
[2025-12-11T04:51:40.321+0000] {logging_mixin.py:188} INFO - [2025-12-11T04:51:40.321+0000] {dag.py:3954} INFO - Setting next_dagrun for consume_1_or_both_2_and_3_with_dataset_expressions to None, run_after=None
[2025-12-11T04:51:40.322+0000] {logging_mixin.py:188} INFO - [2025-12-11T04:51:40.322+0000] {dag.py:3954} INFO - Setting next_dagrun for dataset_consumes_1 to None, run_after=None
[2025-12-11T04:51:40.324+0000] {logging_mixin.py:188} INFO - [2025-12-11T04:51:40.324+0000] {dag.py:3954} INFO - Setting next_dagrun for dataset_consumes_1_and_2 to None, run_after=None
[2025-12-11T04:51:40.325+0000] {logging_mixin.py:188} INFO - [2025-12-11T04:51:40.325+0000] {dag.py:3954} INFO - Setting next_dagrun for dataset_consumes_1_never_scheduled to None, run_after=None
[2025-12-11T04:51:40.327+0000] {logging_mixin.py:188} INFO - [2025-12-11T04:51:40.327+0000] {dag.py:3954} INFO - Setting next_dagrun for dataset_consumes_unknown_never_scheduled to None, run_after=None
[2025-12-11T04:51:40.330+0000] {logging_mixin.py:188} INFO - [2025-12-11T04:51:40.330+0000] {dag.py:3954} INFO - Setting next_dagrun for dataset_produces_1 to 2025-12-10 00:00:00+00:00, run_after=2025-12-11 00:00:00+00:00
[2025-12-11T04:51:40.331+0000] {logging_mixin.py:188} INFO - [2025-12-11T04:51:40.331+0000] {dag.py:3954} INFO - Setting next_dagrun for dataset_produces_2 to None, run_after=None
[2025-12-11T04:51:40.378+0000] {processor.py:183} INFO - Processing /home/airflow/.local/lib/python3.9/site-packages/airflow/example_dags/example_datasets.py took 0.261 seconds
[2025-12-11T04:52:10.806+0000] {processor.py:161} INFO - Started process (PID=4439) to work on /home/airflow/.local/lib/python3.9/site-packages/airflow/example_dags/example_datasets.py
[2025-12-11T04:52:10.815+0000] {processor.py:830} INFO - Processing file /home/airflow/.local/lib/python3.9/site-packages/airflow/example_dags/example_datasets.py for tasks to queue
[2025-12-11T04:52:10.818+0000] {logging_mixin.py:188} INFO - [2025-12-11T04:52:10.817+0000] {dagbag.py:545} INFO - Filling up the DagBag from /home/airflow/.local/lib/python3.9/site-packages/airflow/example_dags/example_datasets.py
[2025-12-11T04:52:10.838+0000] {processor.py:840} INFO - DAG(s) 'consume_1_or_2_with_dataset_expressions', 'dataset_consumes_1_never_scheduled', 'dataset_consumes_1', 'dataset_consumes_1_and_2', 'dataset_produces_2', 'consume_1_and_2_with_dataset_expressions', 'dataset_produces_1', 'conditional_dataset_and_time_based_timetable', 'consume_1_or_both_2_and_3_with_dataset_expressions', 'dataset_consumes_unknown_never_scheduled' retrieved from /home/airflow/.local/lib/python3.9/site-packages/airflow/example_dags/example_datasets.py
[2025-12-11T04:52:10.909+0000] {logging_mixin.py:188} INFO - [2025-12-11T04:52:10.908+0000] {dag.py:3096} INFO - Sync 10 DAGs
[2025-12-11T04:52:10.948+0000] {logging_mixin.py:188} INFO - [2025-12-11T04:52:10.947+0000] {dag.py:3954} INFO - Setting next_dagrun for conditional_dataset_and_time_based_timetable to 2025-12-10 01:00:00+00:00, run_after=2025-12-10 01:00:00+00:00
[2025-12-11T04:52:10.953+0000] {logging_mixin.py:188} INFO - [2025-12-11T04:52:10.952+0000] {dag.py:3954} INFO - Setting next_dagrun for consume_1_and_2_with_dataset_expressions to None, run_after=None
[2025-12-11T04:52:10.955+0000] {logging_mixin.py:188} INFO - [2025-12-11T04:52:10.954+0000] {dag.py:3954} INFO - Setting next_dagrun for consume_1_or_2_with_dataset_expressions to None, run_after=None
[2025-12-11T04:52:10.958+0000] {logging_mixin.py:188} INFO - [2025-12-11T04:52:10.957+0000] {dag.py:3954} INFO - Setting next_dagrun for consume_1_or_both_2_and_3_with_dataset_expressions to None, run_after=None
[2025-12-11T04:52:10.959+0000] {logging_mixin.py:188} INFO - [2025-12-11T04:52:10.959+0000] {dag.py:3954} INFO - Setting next_dagrun for dataset_consumes_1 to None, run_after=None
[2025-12-11T04:52:10.960+0000] {logging_mixin.py:188} INFO - [2025-12-11T04:52:10.960+0000] {dag.py:3954} INFO - Setting next_dagrun for dataset_consumes_1_and_2 to None, run_after=None
[2025-12-11T04:52:10.962+0000] {logging_mixin.py:188} INFO - [2025-12-11T04:52:10.962+0000] {dag.py:3954} INFO - Setting next_dagrun for dataset_consumes_1_never_scheduled to None, run_after=None
[2025-12-11T04:52:10.964+0000] {logging_mixin.py:188} INFO - [2025-12-11T04:52:10.963+0000] {dag.py:3954} INFO - Setting next_dagrun for dataset_consumes_unknown_never_scheduled to None, run_after=None
[2025-12-11T04:52:10.966+0000] {logging_mixin.py:188} INFO - [2025-12-11T04:52:10.966+0000] {dag.py:3954} INFO - Setting next_dagrun for dataset_produces_1 to 2025-12-10 00:00:00+00:00, run_after=2025-12-11 00:00:00+00:00
[2025-12-11T04:52:10.968+0000] {logging_mixin.py:188} INFO - [2025-12-11T04:52:10.967+0000] {dag.py:3954} INFO - Setting next_dagrun for dataset_produces_2 to None, run_after=None
[2025-12-11T04:52:11.023+0000] {processor.py:183} INFO - Processing /home/airflow/.local/lib/python3.9/site-packages/airflow/example_dags/example_datasets.py took 0.227 seconds
[2025-12-11T04:52:41.583+0000] {processor.py:161} INFO - Started process (PID=4504) to work on /home/airflow/.local/lib/python3.9/site-packages/airflow/example_dags/example_datasets.py
[2025-12-11T04:52:41.590+0000] {processor.py:830} INFO - Processing file /home/airflow/.local/lib/python3.9/site-packages/airflow/example_dags/example_datasets.py for tasks to queue
[2025-12-11T04:52:41.599+0000] {logging_mixin.py:188} INFO - [2025-12-11T04:52:41.598+0000] {dagbag.py:545} INFO - Filling up the DagBag from /home/airflow/.local/lib/python3.9/site-packages/airflow/example_dags/example_datasets.py
[2025-12-11T04:52:41.642+0000] {processor.py:840} INFO - DAG(s) 'dataset_produces_1', 'dataset_consumes_1', 'consume_1_and_2_with_dataset_expressions', 'dataset_consumes_1_never_scheduled', 'dataset_consumes_unknown_never_scheduled', 'consume_1_or_2_with_dataset_expressions', 'consume_1_or_both_2_and_3_with_dataset_expressions', 'conditional_dataset_and_time_based_timetable', 'dataset_produces_2', 'dataset_consumes_1_and_2' retrieved from /home/airflow/.local/lib/python3.9/site-packages/airflow/example_dags/example_datasets.py
[2025-12-11T04:52:41.728+0000] {logging_mixin.py:188} INFO - [2025-12-11T04:52:41.727+0000] {dag.py:3096} INFO - Sync 10 DAGs
[2025-12-11T04:52:41.767+0000] {logging_mixin.py:188} INFO - [2025-12-11T04:52:41.767+0000] {dag.py:3954} INFO - Setting next_dagrun for conditional_dataset_and_time_based_timetable to 2025-12-10 01:00:00+00:00, run_after=2025-12-10 01:00:00+00:00
[2025-12-11T04:52:41.773+0000] {logging_mixin.py:188} INFO - [2025-12-11T04:52:41.772+0000] {dag.py:3954} INFO - Setting next_dagrun for consume_1_and_2_with_dataset_expressions to None, run_after=None
[2025-12-11T04:52:41.774+0000] {logging_mixin.py:188} INFO - [2025-12-11T04:52:41.774+0000] {dag.py:3954} INFO - Setting next_dagrun for consume_1_or_2_with_dataset_expressions to None, run_after=None
[2025-12-11T04:52:41.777+0000] {logging_mixin.py:188} INFO - [2025-12-11T04:52:41.777+0000] {dag.py:3954} INFO - Setting next_dagrun for consume_1_or_both_2_and_3_with_dataset_expressions to None, run_after=None
[2025-12-11T04:52:41.778+0000] {logging_mixin.py:188} INFO - [2025-12-11T04:52:41.778+0000] {dag.py:3954} INFO - Setting next_dagrun for dataset_consumes_1 to None, run_after=None
[2025-12-11T04:52:41.780+0000] {logging_mixin.py:188} INFO - [2025-12-11T04:52:41.780+0000] {dag.py:3954} INFO - Setting next_dagrun for dataset_consumes_1_and_2 to None, run_after=None
[2025-12-11T04:52:41.781+0000] {logging_mixin.py:188} INFO - [2025-12-11T04:52:41.781+0000] {dag.py:3954} INFO - Setting next_dagrun for dataset_consumes_1_never_scheduled to None, run_after=None
[2025-12-11T04:52:41.782+0000] {logging_mixin.py:188} INFO - [2025-12-11T04:52:41.782+0000] {dag.py:3954} INFO - Setting next_dagrun for dataset_consumes_unknown_never_scheduled to None, run_after=None
[2025-12-11T04:52:41.785+0000] {logging_mixin.py:188} INFO - [2025-12-11T04:52:41.785+0000] {dag.py:3954} INFO - Setting next_dagrun for dataset_produces_1 to 2025-12-10 00:00:00+00:00, run_after=2025-12-11 00:00:00+00:00
[2025-12-11T04:52:41.786+0000] {logging_mixin.py:188} INFO - [2025-12-11T04:52:41.786+0000] {dag.py:3954} INFO - Setting next_dagrun for dataset_produces_2 to None, run_after=None
[2025-12-11T04:52:41.834+0000] {processor.py:183} INFO - Processing /home/airflow/.local/lib/python3.9/site-packages/airflow/example_dags/example_datasets.py took 0.266 seconds
